frame,id,lobeDist,intensity[photon],offset[photon],UncertaintyX,UncertaintyY,UncertaintyZ,x[nm],y[nm],z[nm],Probe
1,1,5.89867031909433,3041.86930319161,38.4162763644771,17.7045111986101,18.4665017224895,27.3063494223134,23560.2486890264,32820.0441686187,60.3810536028527,0
1,2,6.10018611510357,2155.14380586561,37.2793819586661,22.7645089097374,23.9219600197789,35.1597285490841,29662.0131327289,25057.722877582,-911.494770775196,0
2,3,5.71044937523735,2648.66115119161,38.4162763644771,19.6216555555271,20.532708997616,30.2816199887109,23529.6053986223,32788.01283863,88.7798427134567,0
2,4,5.9652818888893,2044.85968560417,37.3119836529222,23.7091198448726,24.9466751772663,36.6275772048022,29667.89433286,25040.8873426116,-892.619848585763,0
3,5,5.86617685699009,1805.23883160417,37.3119836529222,26.1247653071163,27.5712694175234,40.3824717310849,29633.8524274877,25073.7411164243,-783.517123657674,0
4,6,5.46725049583766,1609.80207186561,37.2793819586661,28.594225995499,30.2602931612951,44.2227318646827,29631.3506568794,25028.2728238449,-901.21273830215,0
5,7,5.33121753353908,1988.40207783699,35.6888142498356,23.9360754459054,25.1754714812933,36.9754177193186,19828.7907999732,22907.9196334927,-542.499506672052,0
5,8,5.73370064863265,1769.55664986561,37.2793819586661,26.5311531014481,28.0130679999186,41.0142408474717,29655.0953629936,25019.6913671138,-826.219026370731,0
6,9,5.36470116287426,1525.61379183699,35.6888142498356,29.460856812298,31.1849955972122,45.5651439176857,19815.3067571886,22934.3626763335,-579.653449829011,0
6,10,5.50367864578335,1729.46250874128,37.28455784737,27.0156248775864,28.540477248005,41.7676022786202,29673.9205697861,24972.9653358595,-931.038415077715,0
7,11,5.53704494758567,2103.57603183699,35.6888142498356,22.9233954799363,24.0776991693045,35.4020159670861,19809.7754128308,22918.3712018169,-548.847306166621,0
9,12,7.61370723778275,1295.36292112008,38.2335290111152,34.3531837810913,36.5648370824074,53.1880819809509,23393.448988971,31482.0921636176,1214.72118153138,0
10,13,5.39099584680953,2450.16820911562,37.1511244175508,20.6302408017831,21.6108977865002,31.8444441202519,30944.8874700058,24815.4607663796,-330.436374866015,0
10,14,6.29770719821292,1251.54559007875,35.8520706387925,34.6174747155195,36.8203589297897,53.5900433816,21446.3623568996,22618.4215005676,-908.401773940305,0
11,15,5.50631332409389,2619.15168111562,37.1511244175508,19.6229706481571,20.5232680815485,30.280658995707,30970.5766321876,24811.5028965609,-255.499514820129,0
11,16,5.40990333146896,1699.53977561553,38.5393952521445,27.6570703993372,29.2537479432895,42.7692388820467,26251.0489886947,31061.7321515814,-253.378882207283,0
11,17,5.52881975179838,1657.02222407875,35.8520706387925,27.6286635904576,29.1906603214511,42.7161011609258,21485.1844051624,22566.7445321505,-793.09660848852,0
12,18,5.55116912066189,4482.48989961196,38.53571403476,13.4095042563455,13.867111363445,20.6490477347102,26340.8997926588,30962.9542668662,-123.527001605001,0
12,19,5.16398232538546,2443.78066911562,37.1511244175508,20.6708825904815,21.65481702198,31.9075503141112,30900.7131519236,24805.3549478969,-308.534071186409,0
13,20,5.79914167775495,5235.5083432763,38.5002930864342,12.0362555264679,12.4064996756425,18.523252071416,26463.4262436064,30844.7761896258,59.3612987323006,0
13,21,6.67755724913104,3947.55538691106,37.1083335899602,14.5534804761172,15.0791482612997,22.4186294618671,14695.7401387359,35845.6180276433,918.487771996642,0
14,22,5.91725337244051,3056.6743972763,38.5002930864342,17.6504536299686,18.4089769087813,27.2226595094238,26461.1546321641,30836.4169691654,130.42962655318,0
14,23,6.6757690288161,3386.01813985291,37.4930720456467,16.2807944449021,16.9303796840077,25.0963920721959,30187.2672603695,26768.739696945,979.136683531912,0
14,24,5.84439727333007,1579.59971849192,35.8713923393347,28.7000698412306,30.3580169983527,44.3824407072593,21520.0159536429,22599.1904688774,-845.871960785405,0
15,25,6.84333183509703,3780.22662961194,37.5138732408092,15.0434569751616,15.6053734681383,23.1785150275886,30171.2797081171,26786.1102858197,958.210472419844,0
16,26,6.67741504420735,3178.07984161194,37.5138732408092,17.0504195775229,17.7565574834144,26.2898751667655,30198.518512477,26781.9147846477,982.797951333078,0
16,27,7.19063928386928,3505.53352044517,36.9356308498201,15.8257422565392,16.4387749134847,24.3898707452296,14580.0976249767,36515.1957862787,-1440.62549942976,0
17,28,6.8098696368553,3571.82947585291,37.4930720456467,15.6652884653274,16.2707374831336,24.1422100086768,30168.6002609803,26771.5634477682,1004.59652143426,0
17,29,7.47640314514704,3474.45821567597,36.2769679476825,15.8647635645505,16.4759564216225,24.4490848704299,32571.185351096,35947.3611385609,1183.89662902335,0
18,30,7.47021024837129,3695.51115167597,36.2769679476825,15.1796814235354,15.7429121172663,23.3873657912529,32562.2576618131,35972.3522701487,1107.98539682834,0
18,31,6.41981637944987,2670.95321761194,37.5138732408092,19.3844786444003,20.269113628688,29.9113317200411,30181.3366687638,26788.3744753785,951.625756941421,0
19,32,6.0659633364086,1889.84031930254,37.1949842546266,25.183015437074,26.5459747200176,38.9180234704592,31798.4160207315,25604.2328838479,448.391313034069,0
20,33,6.30053002690119,4197.96110606189,28.470492415762,13.2421172381399,13.6271980913061,20.3728866220253,14870.564624391,42094.5635274945,755.383426793011,0
20,34,6.18630904491904,2222.1607386626,37.1010659420367,22.2091145751438,23.3184691509231,34.2964183811281,31782.0654825123,25605.3642463305,465.746889041529,0
21,35,6.46604657399988,5256.88308206189,28.470492415762,11.3826685915864,11.6630938029483,17.4981934260047,14841.705147208,42116.0851177198,756.962933050272,0
21,36,6.06266631926555,2361.0346686626,37.1010659420367,21.2087159544464,22.235795270234,32.7426050143212,31776.7448725831,25595.3192643466,468.046516035326,0
21,37,6.79565685455478,2756.41844896818,38.5132375142378,19.0571667895472,19.9244193205345,29.405595489318,25409.3697922777,32357.054186702,-1199.29781458762,0
22,38,6.42194010690447,5366.31121397073,28.2964439395638,11.2170042946859,11.487672507015,17.2419570531118,14842.8478637177,42134.0556664859,786.941759430575,0
22,39,6.17455801110938,2420.9453886626,37.1010659420367,20.8106733279701,21.805436893849,32.1244864668014,31796.6972677174,25581.4537508726,469.046055816106,0
22,40,7.41752393969368,5625.31566854398,30.7770948042647,11.0220074058767,11.2956810799473,16.9443498640927,15062.4898582926,41325.2104606893,-257.688517178047,0
22,41,6.50721294062775,2618.00706496818,38.5132375142378,19.8062389924836,20.7328202455879,30.568407065714,25401.1420692296,32302.1806486606,-1213.33266533996,0
23,42,6.47856208214286,5425.05159206189,28.470492415762,11.1475273913097,11.4155214340756,17.1348869025425,14850.9969578981,42127.6642283575,820.69999831874,0
23,43,5.85604923942636,2200.6413366626,37.1010659420367,22.3748046877355,23.497926056831,34.5538070146806,31787.361893794,25572.4622688841,500.933836223577,0
23,44,6.53209897950061,2420.23984214993,38.505276839036,21.0147138181583,22.0389196204502,32.4449047677067,25397.2910021341,32188.4855505451,-1227.6963714338,0
24,45,5.82697877590811,2360.7042786626,37.1010659420367,21.210963858558,22.2382263713573,32.7460959713249,31822.4144244606,25611.7324103478,480.755187126808,0
24,46,6.95687377589769,2418.52181414993,38.505276839036,21.0260369942305,22.0511691238718,32.4624904657436,25453.6709709827,32109.3748810204,-1282.7055790554,0
25,47,6.26616343705304,2221.6100886626,37.1010659420367,22.2133164437832,23.3230196637171,34.3029455702278,31800.1494991493,25604.5915356293,481.938507719437,0
25,48,6.43376404993518,2456.26388234669,38.5102931259987,20.7814289819855,21.7866391001757,32.0826217034975,25448.1002760107,32186.0609613098,-1160.44544311829,0
26,49,6.81732585784845,2531.59280234669,38.5102931259987,20.3124652422407,21.2796577426736,31.3543859097256,25454.1668997924,32149.1320211256,-1267.36640279185,0
26,50,6.04534212117112,2219.6497746626,37.1010659420367,22.228291116669,23.3392370425618,34.3262073074937,31798.1771601115,25586.2103067859,450.661174874512,0
27,51,6.60009878940248,2239.04347034669,38.5102931259987,22.299984439572,23.4306004700709,34.4413797072107,25455.4094604436,32140.6833673502,-1135.73785936064,0
27,52,6.31103899976214,1641.9738726626,37.1010659420367,28.1081412745309,29.728299874772,43.4660666947994,31789.4119476472,25591.4728991293,458.89232979484,0
28,53,6.75031065382793,2795.60693414993,38.505276839036,18.8567933960453,19.7082803043587,29.0945784365046,25444.1657877611,32151.6951120571,-1307.38586945964,0
29,54,7.12991420431827,2690.63101814993,38.505276839036,19.4031826338163,20.2976523706745,29.9426755970949,25445.3248848894,32151.7573323846,-1310.91786839564,0
30,55,6.42882799483623,2685.02766925783,38.381506417282,19.4179500082838,20.3125556053125,29.965313728407,25414.5632262006,32154.8362317795,-1312.85263706458,0
31,56,6.80556203951078,2879.56130125783,38.381506417282,18.4324096919206,19.249909269193,28.4356918705438,25440.4010360155,32120.5546526014,-1287.88818037379,0
32,57,6.23187901637844,2413.60193695992,38.385752138072,21.0416193071613,22.0669451255577,32.4863915516476,25454.2054667216,32142.6640216497,-1190.01581309707,0
33,58,5.39058991647828,2186.80284032561,38.3453175986283,22.681551978441,23.8425937722959,35.0337674330268,26123.3033534596,31609.5927488407,-730.110699379958,0
34,59,5.90462547309141,2998.26002422841,35.8453508502298,17.6059024433007,18.3404113871041,27.1478489841292,25745.009918758,20049.9420566913,-123.429544320844,0
34,60,5.61683042869556,2242.92508832561,38.3453175986283,22.2450014124451,23.3694434048914,34.3555218306095,26160.9668806681,31622.7244988266,-698.306670347736,0
35,61,5.77594421304573,1917.82132832561,38.3453175986283,25.1094306712293,26.4784871632349,38.8071077381127,26166.7517185437,31598.589512242,-706.162699154576,0
35,62,5.94594160346189,2455.39316404548,35.4045659772297,20.3494534831397,21.2913391749665,31.4039942152701,26233.8547449557,17393.8337694242,238.75864325387,0
36,63,6.38317196364357,3686.09591404548,35.4045659772297,15.1290272358013,15.6828644412504,23.3072526767481,26244.9808151184,17326.2185684059,224.758170917814,0
36,64,6.22926513121263,2814.26390861103,37.9818556699224,18.7013478626437,19.5364819671649,28.8521593099467,21277.1393053488,34082.036887709,-1056.70012992947,0
36,65,5.34483065961215,1971.14627432561,38.3453175986283,24.5779936701534,25.9009087452256,37.9809892574476,26182.3671878564,31586.246350166,-770.888495511833,0
37,66,5.26918619218593,1904.24820509166,38.3398311623976,25.2482164848824,26.6293166935583,39.0228489174584,26228.3164455555,31608.385572741,-723.8974587965,0
37,67,6.11438105931062,1498.91524061103,37.9818556699224,30.4465074679581,32.2900676918878,47.1068289581262,21286.9689852879,34093.4545322591,-937.391458039984,0
38,68,6.04166205096824,2376.84025311611,38.3750936009147,21.2867234079191,22.3320445641339,32.8670403605239,26058.8997707154,31966.1586726881,-938.35579783396,0
39,69,5.83095700211865,2846.32444311611,38.3750936009147,18.5910924434702,19.4208349494661,28.6819296231206,26015.633152915,31979.5329370183,-941.334486890227,0
40,70,5.98803594752421,2676.76040277678,38.2879205353936,19.4510135043309,20.3474513825636,30.0164219477817,26018.4480608811,31966.6223926527,-918.429242715898,0
41,71,5.7662838176029,2565.74936277678,38.2879205353936,20.0789968887047,21.0254724616624,30.9913473875442,26006.8423193521,31997.072237981,-955.991820439042,0
41,72,6.42725297726124,1178.69270357027,34.0451302919276,35.7650813502958,38.0483631566946,55.368677899679,17562.8060013427,17284.7759284908,701.017893455735,0
42,73,6.05046069645727,2681.07749877678,38.2879205353936,19.4275800055972,20.3221638290899,29.9800458385599,25996.1793472734,31996.2731543879,-974.787748432935,0
43,74,6.18055438260115,2658.08235477678,38.2879205353936,19.5532226754731,20.4577585268457,30.1750856581443,26048.2740629554,31938.602258944,-943.231076198933,0
44,75,5.9816692528005,2480.81803341474,38.2736789122595,20.5931227677083,21.5809264919066,31.7896154079975,26054.1877859702,31964.5496794619,-1052.38901289989,0
45,76,5.82679729359542,2645.43943077678,38.2879205353936,19.6231758768891,20.5332645273393,30.2836799755695,26018.7542474827,31996.3726649885,-883.778356054147,0
46,77,6.40077034863524,2351.88746812111,38.2810304496765,21.444530246,22.5019657703106,33.1119057008935,26499.2228588348,32274.4581964156,-1039.02116811081,0
46,78,3.6357698364201,2981.97697354126,35.3161966020014,17.6155829316524,18.3465243854035,27.161680503307,22003.0608123101,19503.763899294,732.015935160607,0
47,79,6.3763528586452,2340.76433812111,38.2810304496765,21.5220379952322,22.5858612133895,33.2322940447961,26497.8808879692,32261.0692121401,-1003.00860636171,0
48,80,5.78890007929526,2253.19371802003,38.2602445708506,22.1543100613072,23.2703698695968,34.2144038100535,26501.4989854059,32265.8568453093,-1009.32510627665,0
49,81,5.87689238288558,1925.7944981211,38.2810304496765,25.0163906290188,26.3766611709666,38.6622800224959,26518.3058894749,32270.3466975767,-1068.93664818201,0
50,82,5.96236094103769,2442.95745854098,38.1978954734575,20.8234262842211,21.8292536257829,32.1470661480398,26487.7804326843,32278.7037431379,-1083.89226154377,0
51,83,6.22478737725622,1981.59595864863,38.1839563314771,24.448386474072,25.7584114424476,37.7790604278628,26460.2411934293,32277.6554622856,-986.714304324331,0
52,84,6.1996122580378,1989.88263854098,38.1978954734575,24.3716605757565,25.6752127646946,37.6598429108738,26462.7918670804,32302.3105175701,-1115.44205750234,0
54,85,6.19191033066551,1446.91971254098,38.1978954734575,31.3815277059928,33.3141792150724,48.5625760321722,26496.7937174413,32288.3852071426,-1072.31101417541,0
55,86,5.52900362068698,1887.39075664863,38.1839563314771,25.3952413273943,26.7875015230087,39.2509530609939,26463.5325082218,32290.9919126254,-1088.66033809905,0
56,87,5.77761843975593,1749.10118257247,38.1874317645133,26.9620277523087,28.4925372621551,41.687157058335,26485.8003803565,32269.1086282886,-998.872205189746,0
57,88,6.22763945842652,2339.30310254098,38.1978954734575,21.5200467620602,22.582932805102,33.2289870127266,26471.22830855,32255.1219178254,-1035.95736359408,0
58,89,6.2746303903672,1448.38020457247,38.1874317645133,31.3532553027837,33.283151750001,48.518541051143,26503.9552266858,32288.6434604587,-1073.57061615834,0
60,90,6.71417238640718,2110.83948359488,37.8199331274199,23.2204836783676,24.421793431704,35.8697156464113,21236.7401892412,33804.3619727126,-1007.55275801632,0
61,91,6.24906900572457,1547.24902214974,37.8489336859173,29.648306836329,31.4170643796645,45.8644553186233,21228.3255592171,33874.0980688722,-961.698526383853,0
62,92,6.03032230247108,2083.58212214974,37.8489336859173,23.459231013992,24.6810811178442,36.2407919012414,21188.2774367983,33883.9720089823,-988.918467905246,0
63,93,6.04936406490186,1774.25480140588,37.8687002771156,26.595409143145,28.089748183374,41.1160337329099,21196.9792163413,33889.6221105722,-971.831432589624,0
64,94,5.56372102720509,1850.86032471722,37.8556695903266,25.7239671353791,27.1414010943546,39.7610221898969,21196.0570179004,33829.6296889487,-980.151928947304,0
65,95,5.86277333275262,1904.69950591058,37.8287159812655,25.1483853238844,26.5152747655587,38.8661196600318,21172.0222269952,33856.871753262,-995.76979695267,0
66,96,5.8528162500799,1502.38972591422,37.8609523026196,30.3602677545063,32.1943777859245,46.9722167985633,21190.1910758424,33889.7329959462,-861.916100731473,0
67,97,5.70676429036917,1560.09784591422,37.8609523026196,29.4552856593333,31.2065847015745,45.5642010536474,21176.8034919415,33944.657885503,-811.146762346893,0
68,98,5.72981069315851,2892.33129592872,34.9423372515525,17.9688324280084,18.7229847137005,27.7087197623379,22341.6933735684,17586.3260689855,-629.437028635127,0
68,99,6.18755018513038,1478.59398014974,37.8489336859173,30.750271358488,32.6201134643882,47.5790182166362,21225.3906142908,33891.8273830266,-1035.22882370715,0
69,100,5.25265162992695,2790.67632826649,34.907746271708,18.4424420292797,19.2319183828686,28.4433088209632,22379.7803659029,17539.6351992452,-659.1609094533,0
69,101,5.54275852083887,1563.27447991058,37.8287159812655,29.3998089889705,31.1456561684521,45.4777830970701,21172.6620087192,33861.4029770997,-927.81563786644,0
70,102,5.43120287596968,2880.83807935681,34.9006503301383,18.016293752637,18.77364335388,27.7822397510442,22349.0176825346,17566.7866130197,-657.142225643642,0
70,103,5.83534387530763,1528.464299743,37.9018478454764,29.9530035188379,31.7502760073661,46.3386941569552,21169.6142680831,33893.2851308042,-881.653554375561,0
71,104,5.29046537625469,2798.96743735681,34.9006503301383,18.4013885410539,19.1876987238418,28.3796042597829,22349.1864356721,17549.0308058616,-586.809585360779,0
71,105,6.49367832192266,1667.1211843319,37.8977197006958,27.9449783371634,29.5600338332948,43.2149531963669,21177.3680098689,33943.0934353382,-886.97995280869,0
72,106,5.33156618057104,2844.51798103004,34.9343332381285,18.1886807948512,18.9592461608951,28.049718285574,22337.7781348373,17564.123358545,-619.970600715567,0
72,107,6.05039693336564,1710.9969763319,37.8977197006958,27.3751549426873,28.9391669670827,42.3287118656444,21156.1455983448,33857.2471975029,-946.300542491816,0
73,108,5.88387820139433,1811.47843689322,34.6753472232642,25.5236602392272,26.8869981013638,39.4394397258354,23842.3054862911,15639.7944447132,300.941663526355,0
73,109,6.12477316787613,1464.5921143319,37.8977197006958,30.999515989655,32.892975420385,47.9670338942224,21180.2507991606,33893.8412483567,-972.067355337589,0
74,110,5.8102972087045,1537.78336089322,34.6753472232642,29.0271910323829,30.6988015124702,44.8868488941582,23838.2321901269,15639.8578337744,320.763704622349,0
74,111,7.15668022420883,1789.67943367638,37.327406454298,26.3060392968801,27.7686615852694,40.6643693392,30639.4080196857,28291.9830307213,1018.15355641035,0
74,112,6.15685926792546,1706.31849718782,37.9139751017244,27.4380106819481,29.0078274354276,42.4265192701637,21212.8566953512,33853.7781050096,-1014.28518936071,0
75,113,7.44180534767222,2030.92625995221,35.1449662571792,23.4528942519249,24.6455870323994,36.2230048730947,26560.8593909696,16245.5539593665,1033.9307993922,0
75,114,7.23861811253497,1953.70705567638,37.327406454298,24.5642185536613,25.8751293131757,37.9565723746202,30620.2891416034,28312.6046960671,942.83068258311,0
75,115,6.1413633391043,1617.81216499232,37.8850484366875,28.6179210868304,30.293486480334,44.2616428726751,21197.628638485,33849.2941100312,-1074.57060486962,0
87,116,5.60922323175911,2682.03448377185,36.0090644427753,19.1326322299829,19.9845838040272,29.5168637794573,20929.2005979661,25169.273895353,-622.421064700476,0
88,117,5.31550696330357,2941.25847777185,36.0090644427753,17.8739436204635,18.6298231128158,27.563972514255,20949.4384878098,25144.6923645472,-634.681895493364,0
89,118,5.7331122425038,2375.63079777185,36.0090644427753,20.9496338993905,21.9453010257755,32.3374055391152,20935.3579907813,25140.0739578682,-664.898248438392,0
105,119,5.96765535650346,2524.77522253517,37.7750462674193,20.2546222516244,21.2106932595507,31.2627843124894,19605.9239046506,32863.4254146172,474.286704709314,0
106,120,6.05037070061487,2724.55104253517,37.7750462674193,19.1319805598425,19.9989987296613,29.5200290202665,19614.3825373815,32868.2714762517,453.463468924465,0
107,121,6.00447297164699,3045.42581053517,37.7750462674193,17.6193837087366,18.3700471327012,27.1729389546442,19620.6075818407,32870.8838961104,465.785926888812,0
108,122,5.82764134017702,2861.92720453517,37.7750462674193,18.4455936423687,19.259270062939,28.4548133845732,19607.9382859737,32864.8209250627,475.115650100677,0
109,123,5.74748152142391,3028.13540053517,37.7750462674193,17.6932439538186,18.4494852664328,27.2875185331387,19608.3289036241,32872.4480880469,483.354863282371,0
110,124,5.92891000309674,3071.94272862321,37.7936209024136,17.5096268052188,18.2521632543252,27.0027175274757,19608.044025502,32862.9635853132,491.156988721485,0
111,125,5.92010040821159,3546.27263862322,37.7936209024136,15.7740868024036,16.3893115360104,24.3114175207037,19611.1034159443,32872.9943179476,463.892207760203,0
112,126,5.99944602322284,2963.99330262321,37.7936209024136,17.9763470460613,18.7542152910087,27.7267656403673,19609.6523662771,32871.5638227965,485.972752674328,0
113,127,5.89347690710947,2659.13143662322,37.7936209024136,19.4845225639257,20.3794292313284,30.0672822616312,19631.4502383764,32874.2806333779,464.986097669393,0
114,128,6.02734161617734,3328.28131662322,37.7936209024136,16.5147123499346,17.1834489790983,25.4596771714043,19611.924882245,32895.5509180044,464.180723713938,0
114,129,8.37053187508352,1956.40187891623,34.3979339907066,23.9973304608624,25.2273641020804,37.0665642782506,18468.3065667683,17774.4903276508,-1343.04065244846,0
115,130,5.93800541617656,3229.97927862322,37.7936209024136,16.8788979922233,17.5744018266831,26.0244338758067,19607.8406942757,32857.1515517332,489.090058094808,0
115,131,7.87163600336307,1788.36552491623,34.3979339907066,25.7223353367417,27.0994324392263,39.7473091258128,18475.5787570158,17776.4259851518,-1390.97097847463,0
116,132,6.03096816612551,2762.32324662322,37.7936209024136,18.9391560503054,19.7912549970529,29.2207991724776,19617.7021127439,32853.1445686731,446.06755643688,0
116,133,8.97333150625515,1472.59298214339,34.3880807672148,29.9708998705965,31.7235501432245,46.3536202084004,18498.3960892242,17678.8604084625,-1373.70982856249,0
117,134,8.60779817467045,1608.69944291623,34.3979339907066,27.9451000887505,29.5165760178801,43.2029943666221,18463.4194186608,17756.518698577,-1351.05233050007,0
118,135,8.14901607000112,1863.92064318604,34.4292338276256,24.91629518108,26.2246038442916,38.4946589956686,18451.3640489371,17757.8485663027,-1381.83917671667,0
118,136,8.10483453079044,2507.47926058699,37.8738198476617,20.373185130396,21.3396652361943,31.4471162357015,19944.4052713075,33130.3529878879,-1440.12425916759,0
119,137,8.4775141211211,2508.49245658699,37.8738198476617,20.3669850858321,21.3329660359611,31.4374894032763,19933.7664188804,33091.4674895098,-1422.73334387169,0
119,138,8.97442662981291,1840.67727491623,34.3979339907066,25.1532073547765,26.4813933823292,38.8627439327208,18420.6381616648,17767.0296764685,-1318.77980506368,0
120,139,7.8964006123214,2536.09656894773,37.8099797864882,20.1912690055394,21.1425662026046,31.1645059504287,19988.678435886,33101.9142904029,-1430.2966248735,0
120,140,8.38719351354056,1966.80341344407,34.3445037061549,23.8898258282506,25.1102030377815,36.8993613233193,18448.2375081281,17746.214142287,-1369.99734730865,0
121,141,8.49127170617825,2531.75228307094,37.7779706558205,20.2130067297952,21.1657643094727,31.1981780248166,19940.1044755503,33130.7737579369,-1420.37798362287,0
121,142,8.80872250921492,1980.55820880969,34.3748371326849,23.7679985126218,24.9784929307815,36.7101763472378,18494.6043054595,17735.1845738963,-1381.22176397859,0
122,143,8.30193450925767,2470.92163494773,37.8099797864882,20.5912415939561,21.5747421867585,31.7855455243582,19961.9696664574,33100.6146607657,-1407.38056632751,0
122,144,8.70234823329854,1790.83769944407,34.3445037061549,25.6836537106113,27.0567613337577,39.687003422514,18435.9869197491,17725.3066074264,-1274.55131039756,0
123,145,8.77875872126218,2773.07430294773,37.8099797864882,18.8865170925723,19.734647514022,29.1391415903812,19945.4349365702,33139.3744745257,-1365.54759406902,0
123,146,8.58525559998914,1647.18412744407,34.3445037061549,27.4178089971353,28.9420247393272,42.3829022357664,18398.1071321473,17718.6160882501,-1340.20936649073,0
124,147,8.32158136808797,2867.38963494773,37.8099797864882,18.4236652359757,19.235932677941,28.4208638907182,19924.0317128381,33077.4814953671,-1359.90763319701,0
124,148,8.91959487913331,2023.41023344407,34.3445037061549,23.3759307316187,24.5532926773184,36.1009692188385,18450.0477181497,17735.3668145888,-1366.35507924547,0
125,149,8.20920946641891,3293.6945140008,37.7619464158775,16.637380010685,17.3148723258852,25.6498307796636,19923.1583579084,33006.8953507747,-1478.18341334737,0
125,150,5.91300670691585,1689.4973667645,38.1182753822977,27.6979253643243,29.2933925339979,42.8314223028311,24682.9060275584,30976.7908970778,438.383097384345,0
126,151,6.05033518541136,3502.3514698332,38.1462475919977,15.949275965302,16.5794474801517,24.5836600415148,24673.4218285542,30962.2795449001,505.439131349152,0
126,152,8.09090931158705,3571.2000880008,37.7619464158775,15.6918424327365,16.3009908465409,24.1838697931385,19906.4703935921,32975.6682778673,-1478.55541443575,0
126,153,5.50036991428728,2894.38388075634,36.8692088227669,18.1869225923053,18.973462564233,28.0514363923973,20716.7768278791,28016.9821114163,-330.751126144302,0
127,154,6.09263947890523,3088.5049558332,38.1462475919977,17.4785907936764,18.2214574286995,26.9553092231168,24663.1795691082,30950.6157628627,501.169472556171,0
127,155,5.66029461005661,4075.85852075634,36.8692088227669,14.2088537588572,14.7097928086394,21.8843729965983,20678.7110928699,28073.8317554734,-250.189857701908,0
127,156,8.08005995513917,3456.0041080008,37.7619464158775,16.067285094858,16.7033239554459,24.7658873108871,19908.5723265718,32989.1524657099,-1416.58571023006,0
127,157,6.09103878013827,2487.31151662099,35.2271038022288,20.1286983630485,21.0514378975412,31.0608488705653,18808.5292759772,21197.3634372102,138.799861331827,0
128,158,6.36297257815601,4427.68322777318,37.075180869994,13.4213266970211,13.8715756920598,20.6651151585822,20313.2131148206,28915.0744421642,775.205380105054,0
128,159,6.06448090882246,4061.98288855272,38.144550282509,14.3439294114383,14.8616933573962,22.0957382913472,24650.7995641252,30965.5351134693,499.493387038869,0
128,160,7.96852234901337,3770.49006953892,37.7943840727053,15.0952778651026,15.6626043582844,23.2593164109701,19925.2612437047,32974.2871557598,-1437.99181412976,0
128,161,6.04810818603602,2457.01423301418,35.2025181077237,20.3104855811782,21.247359446668,31.3429706004579,18766.917077403,21179.3967272502,177.379600349753,0
128,162,5.20820670519118,2810.32942606043,34.7777858713414,18.3315377619577,19.1115117540193,28.2709517458693,22848.2436273076,16572.4099800929,-462.89234430252,0
129,163,6.6614422488245,4295.02062977318,37.075180869994,13.7103028872095,14.1794100548337,21.1125821760093,20298.8266049235,28898.59109924,776.467992159291,0
129,164,5.54715413821503,3313.17699783679,35.2339311231819,16.3118482743688,16.9472322571099,25.1400044264589,18653.6241530598,21315.1671304306,-136.829645920429,0
129,165,8.03490074542757,3757.95727553892,37.7943840727053,15.1312518185296,15.7010884988458,23.3150654207958,19926.1786310433,32993.77665727,-1447.88126354335,0
129,166,6.40703126219472,2838.6860638332,38.1462475919977,18.6012394305562,19.4299344648726,28.6971697299527,24673.9673288393,30938.4837415194,499.345731844892,0
129,167,5.3959324618457,2674.40698006043,34.7777858713414,19.0132859750106,19.8450996183276,29.3286485516967,22839.029430137,16538.8766187416,-489.045588527583,0
129,168,5.51352083078191,3125.93084943455,37.465308227912,17.2525904719355,17.9733928795421,26.6033361124695,30188.7125524436,29320.1075918592,-300.674415052174,0
130,169,6.40117934548419,4257.44770460469,37.1068185432804,13.7975091203839,14.2725392394086,21.2476811288831,20294.1656470668,28899.6605002554,779.295215040341,0
130,170,6.29548072749288,1983.55540829969,38.3083278368626,24.4516775363521,25.7632873243525,37.7845373748174,24678.6818271614,30950.7873558963,497.325041331566,0
130,171,5.30207008423158,2850.35086265381,34.7294032501818,18.1364922555031,18.9013865571274,27.9682808426738,22825.8928909987,16550.5366504752,-469.108713840937,0
130,172,5.34363441668651,2870.95126421179,37.4332185553652,18.3626177976315,19.1671560648543,28.3252992673431,30171.8544233077,29308.5279570844,-310.124641889641,0
131,173,6.25787469519,2172.78077429969,38.3083278368626,22.7880497156611,23.9576973155354,35.1991380800784,24656.5688302776,30955.2349052706,470.832106237208,0
131,174,6.86563491237544,3903.60118745,37.2351833545369,14.6800894669951,15.2151861030569,22.6149994981113,20062.6580779433,29622.792008371,1084.25876296962,0
131,175,5.24846987837595,2336.59441265381,34.7294032501818,21.0194094416986,22.0081269490854,32.4422695400049,22884.2008034669,16563.3338266743,-558.591864090103,0
131,176,7.90892893947039,3740.63301018677,37.0400263436923,15.1158086556562,15.6796717122221,23.2897840745522,20669.6753433414,28314.2746455555,-302.188633008778,0
132,177,7.13945510756646,4287.9026949925,37.1981417675,13.7354461397077,14.2069210604941,21.1517156272252,20036.3835339018,29636.5948675326,1056.31151587477,0
132,178,6.37398873786524,2294.09998229969,38.3083278368626,21.8590470810917,22.9510043634112,33.7558513491317,24690.1458987524,30923.7655617004,453.060821914139,0
132,179,7.56230572423907,2611.64577779467,35.5340985221273,19.451498622473,20.3239961793312,30.0105482374354,22847.5398902354,20463.6758555258,1256.25553452479,0
132,180,5.58589641402452,2698.52770674578,34.9551138057736,18.9105369071403,19.7360644900089,29.1696600930327,23786.1021090579,17058.5672729952,-716.363953525461,0
133,181,7.70223443464034,3963.14987603011,35.5872070509828,14.3877555607892,14.8926401808749,22.1592657377902,22854.1743156437,20815.3841183348,1258.2880340665,0
133,182,7.13931763133601,3013.9849329925,37.1981417675,17.6902659216742,18.4418116841116,27.2816649180762,20004.8558363876,29644.5619804845,1102.35535504221,0
133,183,6.15036763366697,2536.58421629969,38.3083278368626,20.2552824163627,21.2161021206996,31.2651083997682,24659.757895815,30960.5650774185,449.617905468935,0
133,184,6.0996718897078,2199.55753050676,37.1965899045241,22.3984576548691,23.5244979125902,34.5908146915021,28596.2993449582,26711.2606611872,323.605746036534,0
133,185,5.29558697085233,1969.84154874578,34.9551138057736,23.974715371909,25.2091890669149,37.033186060309,23779.2973295154,17090.776233037,-621.874101392303,0
134,186,7.68030139089235,3533.67825372491,35.560825558176,15.6061300892298,16.194073151858,24.0468453438709,22864.8550202738,20786.4064485237,1264.2998814007,0
134,187,6.06970927710704,2530.39491029969,38.3083278368626,20.2926046529992,21.256430314339,31.3230591161677,24656.3978971507,30974.7266981255,498.283406800596,0
134,188,6.70203749111212,3073.91366316492,37.4580894684973,17.4650332121544,18.201662300092,26.9328386514336,20950.7651274391,29696.6926075511,-1507.72131638252,0
134,189,6.41897131051607,2804.9382273897,37.1240655588097,18.6442730549238,19.467956214449,28.7616463003326,28333.6664434414,26422.3684123321,557.807723276622,0
135,190,7.70877176405047,3036.59873262819,37.498524501648,17.6266142955676,18.3756970890343,27.1835688833391,20898.9383421153,29843.020194308,1225.23791508488,0
135,191,6.144201612121,2293.70351429969,38.3083278368626,21.8619312211455,22.954127819504,33.7603315790844,24672.0944366685,30978.7801976303,475.554001268036,0
135,192,7.6187638926402,3016.71468203011,35.5872070509828,17.4980200809765,18.2224379792869,26.9799550460417,22836.4832232614,20822.6977888836,1257.85253844847,0
136,193,6.1730604276284,2518.98544229969,38.3083278368626,20.3618577323474,21.3312671007315,31.430590961837,24660.5535164941,30970.8078071917,493.008881366211,0
136,194,7.47040057983189,3191.99216262819,37.498524501648,16.9945744928172,17.6964621766633,26.2032337688123,20910.0964046213,29866.5284093239,1258.72544712303,0
136,195,7.13336920168042,2920.81347803011,35.5872070509828,17.916305884085,18.6719051332786,27.6287290467693,22907.0234489147,20793.1955186505,1156.41299031039,0
137,196,5.98193234072408,3268.27460467174,38.3069373786924,16.7862700195797,17.478638931444,25.8818051275451,24645.7768933082,30965.807437057,510.212408237935,0
137,197,5.43121566824862,2699.95443159556,38.056833671842,19.2970667692654,20.1794119733698,29.7769200126649,25918.5338556293,35747.7206693771,-529.439441925602,0
138,198,5.34812588523095,3407.31942159556,38.056833671842,16.2613467259583,16.9134717993671,25.0673281363292,25923.072243804,35736.355493269,-478.971215317762,0
138,199,6.07367354915629,2178.19917029969,38.3083278368626,22.7444661126088,23.9104424070816,35.131419607008,24672.7157136525,30949.8537347829,490.611056981955,0
139,200,5.91329880403587,3872.43909029969,38.3083278368626,14.8532821354723,15.4070250731121,22.8852044390917,24669.2867139674,30955.214544377,500.781620070305,0
139,201,5.81896895740623,3760.70739760428,38.0785212219201,15.1477507017017,15.7205652280145,23.3411371297496,25906.0633327407,35725.7256704165,-432.339543293501,0
140,202,5.81374165911735,4770.06828252262,38.2010639612049,12.8176045594056,13.2351853165842,19.7321313281434,25416.3624982206,35567.3577171705,210.480658660678,0
140,203,6.00608059599093,3555.93785493885,38.4415846258245,15.8024143561781,16.4240167439339,24.3565300521133,24658.4370367787,30966.314865261,488.031636810926,0
140,204,6.15084672966316,3172.00595071642,37.193466142313,17.0406554100473,17.7436792890102,26.2740724815238,21516.4920437558,28368.8582841926,-966.474737012299,0
141,205,5.7762871835074,4252.21499652262,38.2010639612049,13.8914666512682,14.3790835081794,21.3949482827639,25387.5593814361,35570.5493126484,188.668839405885,0
141,206,6.03875399259418,3005.08962093885,38.4415846258245,17.8666878806563,18.641210546566,27.5580134159176,24690.7739247601,30974.7102796669,513.471300379622,0
142,207,5.91171112267532,4028.76122652262,38.2010639612049,14.4322088717084,14.9563236222014,22.2325977844081,25409.6736948261,35570.9047510033,204.815151209074,0
142,208,6.09652006783592,3596.73000693885,38.4415846258245,15.6729696652683,16.2853009327636,24.1558627588014,24688.6494445603,30980.4311851072,503.208623518222,0
142,209,5.23211115654723,2993.13911100212,35.4031026635121,17.5775359225782,18.3063618227299,27.1028672759634,19152.2332494048,22042.9339492353,-603.473459927381,0
142,210,6.42744056308216,2517.39867706184,37.223892531074,20.2242080262678,21.1729228987846,31.2142026166682,21747.4894105392,28436.3520441295,-1202.53232523001,0
143,211,6.20865303233949,3404.00250693885,38.4415846258245,16.3097318502663,16.9680470590138,25.1430869547702,24641.9618933934,30932.9563769218,455.828728244778,0
143,212,5.30837309568188,2516.52395623961,35.3742378672219,19.974482121714,20.8864514091522,30.8218529672663,19162.7190114863,22015.2102611034,-675.309561650194,0
143,213,5.30124061852373,2277.34875128463,38.0668129881198,21.9450964954439,23.0419078220459,33.8888871740638,25267.6883902907,36551.2818551104,-515.886894951438,0
143,214,6.40631813019138,1856.213563469,37.2800356191512,25.5549171845361,26.9511776817183,39.496426261103,21740.718820883,28445.5935099667,-1028.28938193003,0
144,215,5.97621199985389,2827.27372293885,38.4415846258245,18.6919187185668,19.5300311012678,28.8385512506682,24681.6265278392,30966.4897161958,518.856364685149,0
144,216,5.27491922646847,2969.53269823961,35.3742378672219,17.6761538678809,18.4120697879372,27.2557544844787,19114.7640381402,22038.1091340774,-660.882742537553,0
144,217,6.12290255485079,2145.88613506184,37.223892531074,22.8307151796787,23.9931578204544,35.2624346941604,21728.9324670362,28411.6552720619,-1058.27414826035,0
145,218,6.03407928483463,3471.97474293885,38.4415846258245,16.0776906431477,16.7191400075712,24.7833043126397,24684.6148282017,30956.8059314655,492.614352958982,0
145,219,5.32308956068452,2895.85026900212,35.4031026635121,18.007603223152,18.7685233209635,27.7699243918037,19147.6516200256,22062.2989091111,-674.495657786136,0
145,220,5.42876112720164,2707.40640128463,38.0668129881198,19.2586445175001,20.1380480759617,29.7173039250587,25285.9758014022,36578.5449211953,-594.869071231252,0
145,221,6.48929043596529,2505.63679306183,37.223892531074,20.2955185731503,21.2499410912379,31.3249173314151,21738.9814147452,28407.3306537032,-1061.23611377257,0
146,222,6.0657615466058,2810.25860903804,38.4423549659016,18.7760896002452,19.6207667130348,28.9691840503486,24651.5182791065,30975.303799932,508.959459742894,0
146,223,5.32639820001909,3845.43836612179,38.0486315914522,14.9059571406509,15.4617303391352,22.9663818086315,25281.8226384507,36599.5756376356,-550.680339811926,0
146,224,5.26468992912085,3206.74725900212,35.4031026635121,16.7186180004628,17.3845076619886,25.7709639371005,19129.7244146886,22052.1590145578,-630.573217983953,0
146,225,6.20223147390332,2539.01589985027,37.2537695655004,20.0988073930176,21.0377723601351,31.0195886830502,21737.3974575531,28397.1655844744,-1031.71202352369,0
147,226,5.18981781216881,5521.94791009571,37.872963825906,11.5696020229716,11.9087162394777,17.800471707159,21774.6201105543,37453.964291026,-340.3151818858,0
147,227,6.16880968763995,3130.08717093885,38.4415846258245,17.3391409702697,18.0737165247991,26.739598665548,24670.7855880802,30986.113991708,521.932890598991,0
147,228,5.44662665180514,3516.23777012179,38.0486315914522,15.8947285184029,16.5203166431342,24.498913152829,25306.1352545554,36586.6208146711,-560.822071463853,0
147,229,5.12326899809303,3195.95451900212,35.4031026635121,16.7594594142464,17.4283054502292,25.8342856473685,19131.5962159454,22061.2741223329,-652.472094593243,0
147,230,6.39978497521738,2875.90356985027,37.2537695655004,18.3182093724235,19.1178916457482,28.2559933728689,21798.2835588216,28364.0990328879,-1216.55857406324,0
148,231,5.34740932152492,4535.03577728463,38.0668129881198,13.2679613386342,13.7137733711615,20.4291701146506,25265.3480033757,36586.0282065663,-561.766679824508,0
148,232,7.088789535059,5225.51570749745,38.3542167608744,12.043476437555,12.4134638447721,18.5342328101524,23890.1880871252,30867.6501920365,-775.352016207168,0
148,233,5.56393177798128,2964.92926423961,35.3742378672219,17.696203624717,18.4336111393302,27.2868514223727,19169.4882385879,22029.1113328075,-612.207708801241,0
148,234,5.51035959367259,2234.15979295692,37.89209630821,22.2414953681239,23.3612817541664,34.3488655011866,21608.8149306062,37280.4807238184,-252.875407688734,0
148,235,5.13668030694883,4291.37916814881,38.5229146915902,13.8257266730602,14.3107958141118,21.2936326889641,24542.6680160707,30930.7668800107,414.108194444938,0
149,236,5.88628135459658,4851.09734875115,38.1042248530224,12.6623131829514,13.069551524048,19.4916119864881,25343.7399681924,36277.6395402852,-57.2799372712843,0
149,237,5.78556231271365,3873.5218082045,38.4146207179499,14.8591147050653,15.4139231549775,22.8944246357632,24604.8388129255,30922.9089827737,464.900515523779,0
149,238,5.32565584453176,2255.79673500212,35.4031026635121,21.6908199522758,22.7405675293596,33.4867026675506,19163.6315311126,22056.0333867245,-595.236895580169,0
150,239,5.74795200776856,4718.68339880339,38.1126235107686,12.9086759663091,13.3315992050645,19.872985986308,25367.2777846798,36285.2150521298,-39.0091210805833,0
150,240,6.2518283076972,2212.35113817792,38.5916459127072,22.5187386481178,23.6684762363611,34.7814633257633,24665.5330226084,30951.1162632623,495.415811657582,0
150,241,5.41719412012,2682.53434961536,35.4004267568708,19.0515046579397,19.8918200901762,29.3894881604075,19161.2868033826,22087.5806796247,-590.58015290517,0
151,242,5.68803170485152,4567.25464880339,38.1126235107686,13.2056333092319,13.6476537076533,20.3327338468073,25341.3225111744,36287.8103255727,-40.5701493736274,0
151,243,6.16149880012937,1986.12209217792,38.5916459127072,24.4772088606807,25.7939730537012,37.8250421497217,24665.4325582886,30968.221722552,480.36056023633,0
151,244,5.19064315578037,3272.72101961536,35.4004267568708,16.4741106654563,17.1223589802049,25.3918887841547,19172.5017527345,22062.7823069508,-649.699515155575,0
152,245,5.71173246022665,4574.03865680339,38.1126235107686,13.1919471467431,13.6330816395375,20.3115434143109,25340.9515636207,36288.7977524861,-50.7467578490538,0
152,246,6.16256977137388,2389.26397017792,38.5916459127072,21.2335923892169,22.2765251761711,32.7850663542948,24653.900415515,30959.3184811831,455.43932110633,0
152,247,9.4442187172813,3415.55904164507,35.1210848929205,15.9478000060655,16.5565439508458,24.575495335484,16491.0303629787,23134.0462506116,-1125.36183423068,0
153,248,5.83891060769111,4743.24238880339,38.1126235107686,12.8621418299053,13.2820964387724,19.8009486638818,25353.8529768462,36293.4895806591,-63.5102617389072,0
153,249,6.27496027147552,2124.01281004161,38.5659824460461,23.232038873503,24.4417902139861,35.8897423245171,24652.4819149712,30964.3711666043,431.537970909856,0
153,250,9.05529511215388,2782.97232164507,35.1210848929205,18.506540207532,19.3027239638801,28.5432597836578,16502.0537027122,23136.4676452371,-1215.07955007444,0
154,251,5.54565711882062,5270.91927080339,38.1126235107686,11.9579175197342,12.321522228873,18.4015282085086,25349.1907173035,36291.6890061454,5.91514468374395,0
154,252,6.16846513124329,2212.79165817792,38.5916459127072,22.5152970624888,23.6647455176139,34.776116146289,24673.4590302707,30942.0060778781,510.548067642114,0
155,253,5.50748375483784,5141.47246880339,38.1126235107686,12.1641556582277,12.5403845675454,18.720649430036,25343.1196601083,36285.4916852241,-42.5707467538634,0
155,254,6.12298310298957,2419.41756417792,38.5916459127072,21.0323182582154,22.0587433022504,32.4724614469737,24679.1687884691,30978.486100326,496.528140600449,0
156,255,5.91624134506478,3947.42098280339,38.1126235107686,14.635765877831,15.1732801878144,22.5478291610886,25363.7298375346,36282.3098480391,-70.7417553452023,0
156,256,6.37592564123103,2184.33406617792,38.5916459127072,22.7403287070756,23.9087162458135,35.1257566432308,24661.6737961518,30975.3738778121,412.54209504168,0
157,257,5.70616714606389,3545.18614585904,38.3177201099073,15.8256600996672,16.4481030915553,24.3923387720484,25258.6732608042,35118.3405425712,-824.725012566423,0
157,258,6.23347656501055,2334.24302217792,38.5916459127072,21.6135095071295,22.6877675939807,33.375174078504,24703.9854870174,30967.4926068931,500.995809607355,0
158,259,6.08971631631301,1898.23835217792,38.5916459127072,25.3576176528509,26.7509745349922,39.1936806875248,24645.804984792,30912.1962204113,454.976301018194,0
159,260,6.08521292968442,1630.04977617792,38.5916459127072,28.6033952119446,30.2860673779126,44.2413974716338,24656.0840021968,30967.8017712121,462.503344142203,0
160,261,6.14360418786985,1908.16728426107,38.6268799201114,25.2607847962625,26.6460501689933,39.0432414386407,24645.5112682465,30972.8549726434,449.038174473149,0
163,262,5.98216973117965,906.861501564005,38.6537014072514,46.4967801194474,49.8992860705072,72.1049811862546,24655.223443526,30969.9072424443,433.771181634569,0
164,263,6.46581620665957,1260.56623385317,38.6526809000885,35.2550246495413,37.5580555168892,54.5937311299548,24660.2026700817,30946.2867257572,463.938973467,0
166,264,7.18815508270773,3326.79799018081,35.2250455610949,16.262837087549,16.8946613412341,25.064012886652,27311.6673891251,40387.2148999827,84.6916113795473,0
167,265,6.31514996663429,1174.90711985317,38.6526809000885,37.3699617612062,39.8757153851676,57.8869419514982,24664.4723306457,30951.4774799569,405.936571087076,0
168,266,5.8410027626789,1250.55902826107,38.6268799201114,35.4798475161221,37.803962145812,54.9436748518347,24653.2485484267,30937.3336560568,498.654776145422,0
169,267,6.33589435769565,1392.58267626107,38.6268799201114,32.4850982344782,34.5260931969859,50.2816468285766,24637.2312056518,30929.675093608,418.571441126812,0
169,268,8.77299834254231,2106.65408888216,35.0550672497502,22.7897680591111,23.9262045639847,35.1925597250201,26792.2700520055,40032.3826520058,1040.81734540351,0
171,269,5.72565415758565,1043.37330996933,38.6480488620617,41.2733061143981,44.1586490525273,63.9665253507917,24678.539193017,30965.7802953063,465.688303561066,0
172,270,5.92997998432464,967.956285969335,38.6480488620617,43.9792802759307,47.1313541105327,68.1822286322773,24665.1658060777,30951.7149503599,533.209188695709,0
173,271,6.07983088588599,1063.52709996933,38.6480488620617,40.613833740786,43.4345832455492,62.9392395282559,24683.9798157149,30980.0381268808,447.764436328958,0
174,272,6.14294554105238,1011.45763596933,38.6480488620617,42.3702153123804,45.3633653153555,65.6753328436898,24694.0715509423,30965.5573686318,477.196819827116,0
175,273,5.79670724398526,1027.5771978465,38.6214077091748,41.7979447755887,44.734390782483,64.7836970771156,24633.3917890712,30920.1421978471,421.715983316015,0
176,274,6.18664787541371,996.744832490195,38.6206089782794,42.8884501789464,45.9322650042205,66.482585495335,24641.8888904796,30941.8420190349,395.526886094648,0
177,275,5.41075387422872,927.671296490195,38.6206089782794,45.5897276817367,48.9012850858284,70.6914109652837,24658.2772288662,30940.9929997491,444.830914905969,0
178,276,6.01417564032339,1110.5531744902,38.6206089782794,39.1567308707911,41.8349873349751,60.6695265018326,24632.3335526249,30912.5003756379,428.49615114585,0
180,277,6.21027826732309,1234.19798708694,38.4740222210077,35.821426621122,38.1760456119475,55.4749242845837,24661.843589325,30920.2783859439,426.45915023637,0
181,278,6.2267400394066,878.087560942522,38.5046558583317,47.7340981782146,51.2579069409298,74.0324684000546,24627.8323013665,30937.3264135971,512.028912374686,0
182,279,6.09510325598557,1481.79819494252,38.5046558583317,30.8589430437698,32.7470955051055,47.7504359899634,24661.4838814894,30928.0499927226,487.003113603249,0
183,280,6.64821861392243,769.124938942523,38.5046558583317,53.5278619431708,57.636032063352,83.062680746549,24685.5214451053,30949.4524471347,481.333905856847,0
185,281,6.68742221926851,1468.46652308694,38.4740222210077,31.0775646517513,32.985557309754,48.0905345213513,24647.2364943172,30900.5595504334,473.068231877552,0
186,282,8.34565504167278,4705.74475813457,38.1048967483279,12.9328551544322,13.3572826815446,19.9104061315459,21957.9776072964,34777.1416710427,-1354.44136675037,0
186,283,6.23403797168093,1621.77342494252,38.5046558583317,28.7005625364084,30.3910175261721,44.3922648754468,24643.903372176,30938.1666162962,494.570517798047,0
187,284,8.82110890701587,6582.18036862459,38.110982150048,10.2862366195037,10.5528669358442,15.816331516087,21947.4318706793,34758.7975596301,-1236.37211420007,0
187,285,3.27503416716159,4992.12785999383,37.8552806427338,12.3980358039861,12.7874543257183,19.0822318648726,21101.6283258981,34566.3045843695,-818.315501256442,0
187,286,5.91504826256639,1265.74516094252,38.5046558583317,35.0924639733854,37.377989748749,54.340065861977,24687.3019097556,30962.795956752,483.214146494537,0
188,287,8.68794251408665,6179.76534862459,38.110982150048,10.7313665434936,11.0228460952403,16.50444299061,21964.4635597701,34780.9814571065,-1308.11344393506,0
188,288,2.97268589101185,4857.58083735274,38.2101763188039,12.657391162485,13.0648628036802,19.4841431822204,22765.568784179,34947.3904304374,-812.623146962665,0
188,289,5.20874641408391,1746.57053681148,36.2893607243639,26.5996752873626,28.0760332788787,41.1175563219408,29563.0581025918,20901.7349968978,-220.422976140306,0
188,290,6.01695238935213,1255.50307094252,38.5046558583317,35.3281920318246,37.6361663717415,54.7070795874614,24681.2170314603,30960.7431590087,513.456819705946,0
189,291,6.13279204786877,5224.97277314247,38.2055579033224,12.0355581979467,12.4043466780087,18.521783815743,22657.7054271186,35306.1903784593,-117.423960517573,0
189,292,5.10315175598878,1982.18265881148,36.2893607243639,24.1029663955815,25.3631232326643,37.2365874067208,29559.2726209431,20893.9955282253,-274.545367599399,0
189,293,6.61576392728918,1218.47736494252,38.5046558583317,36.2124902947168,38.6049466144014,56.0839554832641,24681.2841400819,30923.00316297,438.55622153936,0
190,294,6.15741527594476,1583.51745176022,38.2657364314552,29.1991759945307,30.9320864680409,45.1671436815324,24675.7056484715,30955.7987261186,485.229264554698,0
190,295,5.29112143408318,2063.27397802996,36.2701403099623,23.3663843201087,24.5639658646266,36.0919663423364,29587.9367173355,20889.2731899553,-230.210247645162,0
191,296,5.93126011123307,2185.27880769567,38.2310735431084,22.6755546260989,23.8349771538838,35.0241399770275,24675.5233923272,30949.3277193208,543.139682374534,0
191,297,5.3503407601757,1857.50708602996,36.2701403099623,25.3450856546779,26.7117041854476,39.1670668566089,29582.5463539127,20893.5169028776,-265.76150612203,0
192,298,5.23556479178492,1893.46227398763,36.2891102533315,24.973454004539,26.3081810878192,38.5894712731817,29562.6184226708,20903.4570318726,-223.165836002766,0
192,299,6.0911319174138,1092.56894769567,38.2310735431084,39.5601210996967,42.2718657772346,61.2962019310078,24634.4594504307,30925.3391191582,507.662340078945,0
193,300,6.14992813132626,2265.54172280846,38.2593447772997,22.0617728950207,23.1701148646913,34.0706452222966,24630.7663686821,30957.5367894162,492.074245536652,0
193,301,8.90348316117633,3701.5714602744,35.7205244267025,15.1123435027369,15.6671834922884,23.2819948128909,24298.9023623399,21137.9150356214,-1187.45273360785,0
193,302,5.30052346736675,2031.93098002996,36.2701403099623,23.6431469304436,24.8640804580504,36.5220001030981,29573.6905617816,20908.3238647897,-199.607278354219,0
193,303,4.02524640469067,2786.68050847049,35.5032149669745,18.5357835406233,19.3374862403135,28.589538917441,23427.950095678,20911.8142535047,-663.074577822193,0
194,304,6.20004010540065,2093.35327376022,38.2657364314552,23.4443959030977,24.6692057471167,36.218910052752,24658.9498052493,30934.6005452395,479.881458464287,0
194,305,5.36189463923557,2199.26250202996,36.2701403099623,22.2524523813685,23.3570809789619,34.3614333373707,29551.7356193581,20881.7636868734,-259.93718365517,0
195,306,6.1080577007628,1151.69772176022,38.2657364314552,37.8687080459245,40.4170293071872,58.6620795779999,24666.5505823227,30933.5562254523,492.742389701773,0
195,307,5.17851509183541,1817.06735002996,36.2701403099623,25.7840540132709,27.188795405849,39.8494457345657,29560.5125662847,20889.9879653592,-212.761314690936,0
196,308,6.14669688270486,2054.18022680846,38.2593447772997,23.788302148195,25.0423897851378,36.7533463533818,24619.5061910733,30963.1057134493,470.049858045745,0
196,309,5.78618074958164,1626.91689202996,36.2701403099623,28.1269175576762,29.7385321792381,43.4924182982464,29550.5915653426,20898.076507142,-277.347934290494,0
197,310,6.14374956236534,2565.09515169567,38.2310735431084,20.0753249364053,21.0210127365397,30.9855098003756,24679.3406521982,30943.0758531037,458.08468494185,0
197,311,5.09945471710413,1588.75458998763,36.2891102533315,28.6661806741112,30.3264015238133,44.3312138346922,29527.9218358535,20906.3869428703,-282.848232296173,0
198,312,6.27960855809286,1741.86236576022,38.2657364314552,27.0666801134763,28.6074033255391,41.8501552787187,24660.7640345975,30962.3207613243,474.173237512529,0
198,313,5.4295469414982,1785.04154602996,36.2701403099623,26.145157311132,27.5814174091579,40.4108282583317,29571.4650753598,20896.4180932152,-268.959890525128,0
199,314,6.15182801956313,1961.99020976022,38.2657364314552,24.6529885620158,25.9815583586587,38.0973304943816,24650.398204616,30951.2115218417,464.555606171382,0
199,315,5.4620901347286,1727.42153002996,36.2701403099623,26.8270440969878,28.3231978707404,41.4710186756355,29566.866060375,20899.7574272903,-237.929946250669,0
200,316,6.28270865439955,1853.0030802846,37.9428457915225,25.7174299650386,27.1352529629241,39.7511262843014,24660.6041774818,30929.2666493135,421.572802962535,0
200,317,5.24864094041239,1976.69588270072,36.2274924183351,24.1434063838614,25.4063305831496,37.2992442990994,29565.9750999886,20899.3225911045,-219.166290797617,0
201,318,5.55521096604011,1937.97417470072,36.2274924183351,24.515764135677,25.8104852078476,37.8779218546411,29571.2960043224,20884.5347200291,-267.526703267781,0
201,319,6.00342577475944,1691.7287082846,37.9428457915225,27.6315309507701,29.2189990442041,42.7275876008798,24661.2205734638,30940.5369964633,474.511699319332,0
202,320,6.00792745807999,2220.2646042846,37.9428457915225,22.355873988348,23.4856962109484,34.5266929902026,24691.5289387173,30943.9909757955,508.80925739865,0
203,321,5.88031024315475,2631.1155822846,37.9428457915225,19.6587629859721,20.5687376730462,30.3381123160332,24670.0387265634,30971.4988942405,495.272463299229,0
213,322,5.77157074142676,1277.56418462367,36.2542317833201,34.1609261722723,36.3267185648429,52.8810232233327,29731.247425137,20602.2920959296,-66.5401440639976,0
219,323,6.16785342915706,3216.14283221845,37.6198772736891,16.9139480108454,17.6107692122176,26.0784401363883,21108.1062207681,34615.8268840668,-1006.20133852885,0
220,324,6.1962697332668,4048.79703422562,37.5975913870971,14.3337888686229,14.8475683902278,22.0791208130738,21203.5033661916,34731.9649196333,-990.98774911868,0
251,325,6.05362834517276,2425.43962715497,36.3293630715407,20.6710611592305,21.647363772866,31.9057120945138,25113.9459793285,22142.1370495042,-1064.73984334062,0
254,326,7.93636444475777,2316.60180291327,36.693951000164,21.455138397965,22.498432761095,33.1242242311767,28139.7071867279,22685.3058428895,-1437.82473941984,0
254,327,7.53537708013883,1655.0344196524,36.5556638569898,27.8114135184448,29.398365925722,43.0027217457254,28104.6436889259,22709.1208295082,-1386.07601684565,0
255,328,8.17263109864063,2482.76594691327,36.693951000164,20.3622882297928,21.317234514731,31.427248679269,28041.1816911052,22698.7492932443,-1431.45780465153,0
255,329,3.63423495098457,1962.0988856524,36.5556638569898,24.3421673538927,25.6256460029071,37.6091311758053,27177.1172956185,22551.1136655028,-721.434550376648,0
256,330,8.32584945646482,2457.70035891327,36.693951000164,20.518218709257,21.4856543819647,31.6693443686739,28029.2561889508,22693.6509390715,-1446.71623286867,0
257,331,8.63522231636034,2440.21171491327,36.693951000164,20.6287985146195,21.6051151506249,31.8410359394189,28072.6636452683,22698.244172657,-1373.56665715949,0
258,332,8.50964543351764,2222.08823691327,36.693951000164,22.1453650543902,23.245397978564,34.1962725110154,28065.3380358143,22690.2379007595,-1426.24848422015,0
258,333,2.54924404069851,1827.2116616524,36.5556638569898,25.7288357286085,27.1320592565765,39.7645199667842,27300.6448790662,22629.555736198,-615.089773600067,0
259,334,8.58238506711586,2494.96835091327,36.693951000164,20.2874454570648,21.2364113241946,31.3110527358422,28036.2298957155,22718.8216479475,-1417.44986953397,0
259,335,2.76359287018395,1792.7629976524,36.5556638569898,26.1148490494623,27.5517900499041,40.3646354254862,27468.1537293541,22745.8307238002,-986.356929487813,0
260,336,7.25860682827416,1754.96080120854,36.5500950411937,26.5539443089578,28.0293660382955,41.0473116300122,28580.7500002099,21826.4754876457,1182.05051044032,0
261,337,7.55051319439224,1788.88084120854,36.5500950411937,26.1581109361896,27.5987759197706,40.4318773257919,28622.5789983707,21804.9520177689,1034.72136075497,0
262,338,6.92130468679131,1741.04036920853,36.5500950411937,26.7206593112097,28.2107682460847,41.3065309371146,28593.6460953684,21831.3124008608,1066.71630613047,0
263,339,7.02716537292706,1456.24418920854,36.5500950411937,30.7996226879853,32.6571247173031,47.6510889730706,28612.3667593503,21820.9516916863,1042.91501511485,0
264,340,7.448455691203,1381.99454320853,36.5500950411937,32.1282300377191,34.1083354082391,49.7185006098978,28617.8755164087,21830.8688954146,1049.19638025833,0
264,341,6.28422972804567,1901.15627133227,36.0406072451186,24.8476646304701,26.1687629385875,38.393180428666,22480.7371523346,22054.9660458264,-1011.76933743415,0
265,342,7.44846668677244,1503.44590720854,36.5500950411937,30.0209450370008,31.8072109970571,46.4395889467728,28589.1690749604,21829.5641985428,1093.54212764592,0
265,343,5.95060800247685,1773.49357533227,36.0406072451186,26.2311928479106,27.6722739984727,40.5438340215479,22442.9663316692,22027.8573360731,-1048.7839152082,0
266,344,5.93679251056452,2103.40960994795,36.7204369641816,23.0994404679134,24.2792908440166,35.678518749614,23217.3191332339,28265.6789115468,313.299510784562,0
266,345,7.4133561905336,1545.8220093269,36.5737068821798,29.3666114755772,31.09369566905,45.4217423774435,28576.5729512397,21871.0876596876,1044.33140882753,0
266,346,5.9542689699683,1886.92747533227,36.0406072451186,24.9930166234641,26.326618435315,38.6190966597041,22436.3846184763,22046.1811440345,-970.23096051168,0
267,347,7.26053888571603,1641.70310920853,36.5500950411937,27.988849844543,29.5915849597986,43.278655367971,28625.6041348191,21830.6139666494,1069.08982387268,0
267,348,6.20888000282328,2124.19154733227,36.0406072451186,22.8122284015203,23.9609668005193,35.2303427912756,22454.8440012592,22109.0325831905,-917.422561123855,0
268,349,7.41116630746975,1590.11821720854,36.5500950411937,28.7072873522515,30.3744977477261,44.3960693719242,28588.002175409,21843.3136001567,1093.00601479667,0
268,350,6.19246262613665,1966.94331845586,36.0651401919549,24.2061858296655,25.4726732348327,37.3963100396311,22461.1792854595,22051.3356992467,-1064.86301811698,0
269,351,7.28667353055081,1635.49177720853,36.5500950411937,28.0730510321302,29.6833183392719,43.4096097471861,28625.5269753067,21818.2728829536,1035.56584001852,0
269,352,6.1894161614346,2110.97133245586,36.0651401919549,22.9256158278947,24.0840718572873,35.406565140359,22464.8012059248,22084.0729055005,-906.157897343455,0
270,353,7.05060443335652,1439.93888222729,36.5477748351091,31.0794415076703,32.9626258690973,48.0864676727868,28602.82577058,21844.113960808,1028.60175280733,0
270,354,6.19323424087297,1909.3327614265,36.1117558082675,24.7785420002803,26.0945037905875,38.2859701551484,22461.7669454034,22062.1502215284,-984.736916418559,0
271,355,7.25931128497271,1957.88027222729,36.5477748351091,24.3813295111762,25.6680727854591,37.6699706602952,28539.7893532253,21763.5068498036,1156.9359724431,0
271,356,5.73525998435039,1642.92843295445,36.1333235331674,27.8789257269381,29.4666909979302,43.1062637983142,22451.2134927882,22026.7408894897,-952.901616363692,0
272,357,7.1084376058904,1803.34585622729,36.5477748351091,25.9931770224419,27.4193816014652,40.1754476894336,28529.819819241,21792.6730939794,1058.07253238917,0
272,358,6.15424985045409,1479.34240121534,36.1338211546024,30.3074976290276,32.1144336006376,46.8838701064568,22512.5343636324,22091.5111366047,-975.760236946948,0
273,359,7.19960650312197,1794.05088422729,36.5477748351091,26.0985670104473,27.5339909462336,40.339296140168,28539.1489359738,21785.221135616,1125.38293177856,0
273,360,6.10963586259243,1414.92081017681,36.155130895696,31.4175618496021,33.326577569069,48.6111055527169,22639.174200806,22067.3125603538,-1073.17799877369,0
274,361,7.12843702899735,1885.52486222729,36.5477748351091,25.1046407836513,26.4536003149649,38.7941903171149,28546.5788153315,21818.6283359445,1123.68020681164,0
274,362,6.20407356502874,1629.47607617681,36.155130895696,28.0658658386543,29.6705880170528,43.3970683946796,22612.9606834989,22090.5859597972,-942.439955777546,0
275,363,7.53945870809898,1545.33329222729,36.5477748351091,29.3678100450424,31.0946713357831,45.4235143254622,28527.1632518391,21802.3280096351,1120.74608118448,0
275,364,6.1087486408142,1892.13059695445,36.1333235331674,24.9573552579303,26.2889371374888,38.5639603495718,22616.8699984421,22068.00352766,-993.482924113212,0
276,365,7.23036741106361,3092.07340640625,36.663135382975,17.3038075723919,18.0222979265151,26.6810842889796,33052.2400843767,25306.2713923785,1045.63635213215,0
276,366,7.47488219794776,1493.61624422729,36.5477748351091,30.1786122073339,31.9792331487954,46.6848746012246,28518.4852651098,21767.020574669,1118.61043702181,0
276,367,6.27951584214701,1805.72259895445,36.1333235331674,25.8830038115117,27.2947737571,40.0028288089501,22617.0980613059,22054.3787518828,-1050.70859185371,0
277,368,7.11478952079822,5032.80629240625,36.663135382975,12.254593046059,12.6291320268309,18.8585965754275,33044.4103933275,25348.1737077949,1040.72119428257,0
277,369,7.00114621130049,1882.63945622729,36.5477748351091,25.1345833669522,26.4861315723792,38.8407328772329,28549.4606230146,21788.1638808444,1124.75325431976,0
277,370,5.78627608895948,1607.76479370836,36.1539530478103,28.3655681366204,29.9970940381644,43.8631805077842,22608.4863653908,22056.9752696566,-968.576120060954,0
278,371,7.23552365641467,5398.37181440625,36.663135382975,11.6803544675477,12.0203557795791,17.9702203945715,33050.7224633822,25340.5612727181,1042.39854620576,0
278,372,7.15780226471026,1893.30004022729,36.5477748351091,25.024389184116,26.3664156640647,38.6694491943579,28502.4482762009,21783.5736165791,1038.64806259926,0
278,373,5.88751327760874,1767.38086217681,36.155130895696,26.3258923071528,27.776620812837,40.6914413672668,22604.7514909399,22075.7471666407,-1018.1271763661,0
279,374,7.30812539211076,1716.95988422729,36.5477748351091,27.0146690325918,28.5307204737793,41.7636883587136,28511.5340507647,21760.1420718816,1022.41997061038,0
279,375,7.13003269728703,3116.32403240625,36.663135382975,17.2054281302093,17.9166239813229,26.528505733801,33067.681846725,25341.4922622867,1123.85318750525,0
279,376,6.2212145062193,2016.34687419439,36.1096100034133,23.755272326596,24.9839609223865,36.6957474682037,22596.4613246442,22092.3356832552,-922.375429098742,0
279,377,5.57875497453794,1857.17608742431,37.1349846475911,25.5165352786614,26.9078274499005,39.4363065441322,30690.8165816321,27777.4753382543,-564.059047992016,0
280,378,5.50684566260486,4618.15662466586,37.103466512919,13.0348879303169,13.460451838557,20.0668784843451,30680.9016589619,27770.3549544358,-495.643369824542,0
280,379,6.15632435758364,1668.58494106098,36.2235998089584,27.5595322087619,29.1199775013733,42.6098751717196,22647.5082149348,22012.6004401121,-1063.48024519017,0
281,380,5.62960601900883,4382.82131987067,37.1288414747246,13.5211724292981,13.9782167499685,20.8197989056046,30676.6410974371,27779.6498213703,-466.70058711438,0
282,381,5.48175079347376,4592.13439787067,37.1288414747246,13.0879843071684,13.5170749606641,20.1491129212255,30661.9098181561,27803.0614935049,-491.337418293384,0
282,382,8.21696745095523,1905.38349404731,36.5676523817631,24.9046634136814,26.2365820491462,38.483415920051,28247.2316802353,21976.2976482605,-1521.57619010515,0
282,383,6.43589583875807,1392.73828197506,36.242240041635,31.8443325034981,33.7939275911742,49.2755272601484,22669.3576845159,22054.0616396073,-1036.45446238989,0
283,384,5.6030475561613,3811.07041187067,37.1288414747246,14.9237060148576,15.4748558290997,22.9922722994674,30661.3157056931,27784.3907562585,-500.143310483283,0
283,385,8.36653095964635,1797.10787620162,36.5887127935697,26.0720540977084,27.5056324611548,40.2982086434732,28222.8379766264,22012.4009827533,-1419.41473372736,0
283,386,6.00236228471154,1683.81187197506,36.242240041635,27.3667115359255,28.9102620035339,42.3100895192405,22604.7985215344,22075.7565968116,-903.126444847596,0
284,387,6.26443643087151,2728.9543889558,37.1158103422386,19.0270346658323,19.8803119428753,29.3556183209958,30272.6844713232,27381.9750378392,-1015.64631047534,0
284,388,6.00945499460988,1693.62850306098,36.2235998089584,27.2375147749977,28.7693855093497,42.1091224179785,22616.3737531389,22052.5491556766,-1037.53369530421,0
285,389,6.14286142070624,2480.9416289558,37.1158103422386,20.4322956269271,21.3967065804691,31.5370082732071,30266.9231295807,27335.5597793703,-1068.94425440681,0
285,390,6.40724491974607,1715.73220708159,36.2630497559894,26.9692090016846,28.4778245870935,41.6920486787246,22648.1474813686,22087.8278129294,-1037.88380740733,0
286,391,6.17456410613128,1985.64921106098,36.2235998089584,24.0585730149597,25.3142342962428,37.1674005776148,22613.9917322111,22043.654714721,-917.831776279167,0
286,392,6.09591327077428,2275.2848669558,37.1158103422386,21.8150579150341,22.8919718114329,33.6843617322099,30270.0005833189,27337.159754747,-1127.1822893107,0
287,393,7.45664958290637,3065.0813402938,36.4712078898038,17.3939272078439,18.1176229042449,26.8204452289562,28033.5973046915,21366.6429657217,1057.34012409332,0
287,394,6.32131373478326,1961.46466306098,36.2235998089584,24.2874907217563,25.5626558707201,37.5231467464274,22675.2918396206,22016.7352501778,-1108.94840367093,0
287,395,6.10191377547247,2683.50048464685,37.1971961084181,19.276655356084,20.150118969537,29.743226921912,30048.3499466389,28331.3987679744,-1011.70400304443,0
288,396,7.20019746506284,3210.8934602938,36.4712078898038,16.8149866802679,17.4959977308732,25.9226227200745,28019.1047635471,21379.9169391539,1076.3288032196,0
288,397,6.0598066036543,2010.29501943583,36.2250178989871,23.8309340741754,25.067280350483,36.8136643310033,22585.2759783485,22060.8706668096,-979.865832166134,0
288,398,5.8742831485836,2558.16854862051,37.207612925103,19.9796207376031,20.908678814092,30.8344415597658,30038.9579232378,28349.0693922853,-935.553089914352,0
289,399,6.15202017703924,2401.96015662051,37.207612925103,20.9501435118553,21.9571955401002,32.3413360906779,30043.5675823584,28365.7055634414,-906.3127697067,0
289,400,6.18055116611635,1653.92258997506,36.242240041635,27.7565522082496,29.3347597091791,42.9163291694608,22620.9516809117,22064.8955028456,-869.883421765696,0
289,401,6.48017165028484,2597.96573848559,36.4059819499327,19.6438990704989,20.5392731797485,30.3113279292898,27596.1264394207,21014.1769350703,757.134262795255,0
290,402,6.08354765832068,2280.76723243232,36.2885277609975,21.6480639689273,22.7031708877386,33.4227519355507,26695.8198108566,20357.6400087605,-939.87012046781,0
290,403,5.72984839030559,1513.37170348447,36.3507934678932,29.8141842207661,31.5790293765896,46.1172028154746,22568.6789251411,22059.1258642568,-1091.48328509347,0
290,404,5.57589175227608,2632.82016968758,37.2013153200613,19.5533311593072,20.4485725442079,30.1726822838333,30139.8580119466,28357.9698299171,-1021.99825811817,0
291,405,6.36903042871095,1837.92302181964,36.3236911345565,25.5659299146833,26.9523168830994,39.510534050665,26648.8919195318,20448.3718870662,-1069.60095037895,0
292,406,5.19360669177482,2636.21358356094,36.3841438911892,19.4282027030763,20.3064678545127,29.9764886294266,26495.2390432856,20915.0092140869,-578.076788400636,0
292,407,9.06169440801925,2180.59396001675,36.0466146502519,22.361237020972,23.4725848517636,34.5297801385988,20089.5035452345,24510.0691695879,-1296.82992959347,0
293,408,6.5884988512096,3366.9963912533,36.4950154569881,16.2492320221071,16.8894125147441,25.0454939613555,25751.3282617575,21572.3182107101,777.150349933652,0
293,409,5.98784465932621,2972.21988596684,36.3315985520476,17.7741617344994,18.5251569684264,27.4099123502827,21597.2254021705,24323.8353156745,447.886938689851,0
294,410,6.59307478594973,3374.03994714804,36.4699589581323,16.2222713350431,16.8603349100686,25.003647795895,25767.6192719517,21547.1021385098,799.197805300133,0
294,411,6.21908889926546,2783.14870196683,36.3315985520476,18.6553297218187,19.4732333728946,28.7769719886653,21599.7150322294,24314.5720377488,469.980625447591,0
295,412,6.58298319045885,3478.39913514804,36.4699589581323,15.8702448898999,16.4831868492681,24.4579559548569,25779.9361104044,21553.6700602383,778.399155552238,0
295,413,6.00453767771071,2646.56547596683,36.3315985520476,19.3647650226085,20.2376092588296,29.8779028304915,21602.5534593494,24310.0259041711,484.141528839997,0
296,414,6.64107671244483,3446.68169514804,36.4699589581323,15.9751518964683,16.5955499965315,24.6205685496233,25771.7039927432,21541.1778182775,761.367673791183,0
296,415,6.08314421982646,2657.22605996683,36.3315985520476,19.3069384038801,20.1752700377553,29.7881554669665,21616.0863130079,24330.0227549969,488.620388228678,0
297,416,6.39444607033589,2891.20800114804,36.4699589581323,18.1548249932244,18.9356718898657,28.0007408614061,25768.2507470055,21536.3902993197,788.405929063363,0
297,417,6.89288165510998,2138.54110969105,36.1805709041757,22.7183745739537,23.8607488842275,35.08494443899,21588.2984228151,21913.1580333294,717.99497434914,0
298,418,6.62271874401007,2969.6914032533,36.4950154569881,17.8038903720194,18.5584288519084,27.4563886302592,25766.8275589815,21562.623282301,772.975184065887,0
298,419,6.65476259185634,3065.56041041487,36.1548599765314,17.3571118031118,18.0755979615252,26.7626634516919,21575.2278419537,21877.2385429931,798.919244456376,0
298,420,5.82974346033671,1683.57770996786,34.7210150246354,27.0353186111233,28.5307249021824,41.7895421188003,23774.9565038087,15904.6492830062,-89.8052248211912,0
299,421,6.75238456748327,2698.94304714804,36.4699589581323,19.1023615815098,19.9559748489448,29.4709950991343,25761.5373532364,21532.6036464283,771.393021567601,0
299,422,7.02800544637535,3094.23813461985,36.1847972578075,17.2429151171937,17.9531853875062,26.585623029881,21707.3200397497,21862.8810813225,764.504863890958,0
299,423,5.5760176852579,1749.63368396786,34.7210150246354,26.2332188002723,27.6585339080479,40.5425495097763,23784.9823602415,15875.1375793605,-42.7560849292843,0
300,424,6.96234402848653,2973.65004916127,36.2628586669919,17.7600589577954,18.5094442378285,27.3878843433949,21809.8935036685,21879.3430037963,725.758734263991,0
300,425,5.60046497294975,1773.3174864084,34.8142293186987,25.9790029383021,27.3833840372126,40.1476874700601,23783.0637047926,15859.7538130748,-78.573841553984,0
300,426,6.78860607635558,2137.16806080317,36.3699919077445,22.7610046111336,23.9088916899273,35.1517137741946,21828.1295079312,21882.9142815814,707.887956807084,0
300,427,6.32400009119409,728.041005553412,36.624878205003,55.1163490497059,59.3521835892171,85.5292748744801,25776.7840066099,21572.3171137996,784.090612386135,0
301,428,6.79640360183483,3135.91559116126,36.2628586669919,17.0840985966034,17.78326314758,26.3394964394469,21779.5711527097,21840.2634219436,768.727802068411,0
301,429,5.61226674965731,1668.2314404084,34.8142293186987,27.2512082423212,28.766778673196,42.12553960751,23788.9696305012,15864.6717819962,-58.8701069861659,0
302,430,7.04365695230103,3237.14708716127,36.2628586669919,16.6943449942695,17.3649952809611,25.7351273226006,21809.226951609,21874.4334597816,781.435530762599,0
302,431,5.98839741485683,1194.9367524084,34.8142293186987,35.619292234873,37.9009462621009,55.1451328256719,23799.4886093982,15919.5697434276,-157.353157973233,0
303,432,6.6167804647284,3130.83431805791,36.3179733949756,17.1102034572734,17.8117140183721,26.3800961184725,21842.0183697153,21888.6689986891,772.884379437327,0
303,433,8.88749929251422,4078.04450070539,36.1429235222961,14.1457389402487,14.6380084136043,21.7853889570332,20788.6588356865,22518.6427564966,813.453476175638,0
303,434,5.33898781968032,1469.46740088026,35.140125193043,30.2161305114825,32.0013673975339,46.737991993948,25703.4009667913,16087.1290203651,-111.204798554318,0
304,435,6.75995364089234,2749.80177063785,36.2947489439738,18.8178616054161,19.6479553563222,29.0290857018732,21843.917973473,21862.0953643761,750.032325910072,0
304,436,8.36133068657125,3693.05204670539,36.1429235222961,15.1749285137474,15.736930162929,23.3797529471088,20809.0863508289,22466.442159994,859.248314830076,0
305,437,6.91771347153917,2666.60956863785,36.2947489439738,19.2516426506865,20.1153424053344,29.7022485355839,21838.7114884982,21887.461276338,716.678611103023,0
305,438,5.43060105169405,2346.98368192248,35.789620718483,21.1093597723158,22.1157872008677,32.5848318593439,22556.4007912,19406.7990840429,-691.515018847118,0
306,439,6.45365997914451,2699.62458316126,36.2628586669919,19.0724429894745,19.921941414481,29.4240695460579,21821.0175738779,21867.2866785935,749.112218518621,0
306,440,5.79294783983891,2277.20531392248,35.789620718483,21.5964667105,22.6424119957321,33.3412498448099,22541.7899555351,19387.8026132373,-696.886818664778,0
307,441,7.00958266217155,2297.04008805791,36.3179733949756,21.5361902105188,22.5824439194572,33.2490868689689,21835.6279375237,21876.1965180185,685.795317674494,0
307,442,5.56578382974752,1964.96473792248,35.789620718483,24.1744661076727,25.4352059531264,37.3461712126961,22532.1930681329,19408.0627669938,-677.8618808908,0
308,443,6.48199698536831,2619.42987663785,36.2947489439738,19.5090941784426,20.3929004885943,30.1018197748784,21838.2953728501,21854.903448338,744.265834732068,0
309,444,6.23263511510751,3310.78673805791,36.3179733949756,16.4302836726255,17.0822113555444,25.3258270144713,21932.2289188504,21867.3457804296,711.964050051369,0
309,445,5.63222528849495,3279.1726643927,35.9697338858361,16.5091468126145,17.1641880701756,25.4473832618114,22267.5617952175,20120.7454932114,-657.513378929363,0
310,446,6.60788160803049,2521.97668003553,36.3462315689309,20.0765002401164,21.0055004653744,30.9826935609854,21945.6100108904,21895.6537932277,707.622530941191,0
311,447,6.58549149597475,1972.45000603553,36.3462315689309,24.2051708949434,25.4746584400187,37.3955897234038,21930.2075987041,21867.7973358259,755.939491346021,0
311,448,5.16000216000479,1384.64717844051,35.8000688536096,31.873928950928,33.8201459783888,49.3198725719636,26757.8376716322,17667.8808711154,-389.279288422083,0
312,449,6.1444117181756,1443.13059011134,36.0253170168028,30.8883296341626,32.7469449993003,47.787146225794,21388.3513914652,20823.1268770861,575.520572820314,0
312,450,5.43193938776005,1324.52570203522,35.809294313733,33.0429127707394,35.0976879451595,51.1390960637245,26787.9793444194,17640.8641420767,-411.039834430616,0
313,451,6.68928688414974,1757.19932411134,36.0253170168028,26.4183947210713,27.8756888265462,40.8348291139639,21366.3680242428,20831.4638281301,586.347217587748,0
313,452,6.20405610369077,3869.36161383705,37.5509798642022,14.7987063589102,15.343932648173,22.7993309192614,23691.1752463578,33713.4953536389,-1209.4567053602,0
313,453,5.04656033421193,1485.57981403522,35.809294313733,30.1236329893544,31.9094931798916,46.5966178337185,26775.4538594971,17649.2877231875,-391.588415430394,0
314,454,6.58920379712894,5784.67553967177,37.5613492974069,11.1928550770833,11.5084309310544,17.2173821947852,23694.5927626716,33805.2208172138,-1167.63558358959,0
314,455,6.73096597451629,1433.94574811134,36.0253170168028,31.0473280855004,32.920530650284,48.0345348665449,21379.6069440297,20835.4462411978,639.187158846859,0
314,456,5.41890282502354,1423.64270203522,35.809294313733,31.1708279254444,33.0524259440807,48.225870242557,26779.9834281003,17640.5015946089,-376.15627860158,0
315,457,6.42364393230597,1575.72711011134,36.0253170168028,28.7923987497467,30.4606169065857,44.5265972317852,21353.1575276784,20817.7726312546,618.330676493461,0
316,458,5.32018969677108,4336.73443520431,37.2750035780637,13.6324217448359,14.0975743064486,20.992297251456,28168.7388461444,35606.2270615409,-458.351640125962,0
316,459,6.33413784264336,1610.21982611134,36.0253170168028,28.3016942366861,29.9258773417571,43.7633860356833,21389.8764736322,20828.0873540188,585.436400841222,0
316,460,5.18026831293549,1466.06477803522,35.809294313733,30.4443757494835,32.2594678148265,47.0956110166306,26780.1429219107,17655.0533255894,-366.65366973982,0
317,461,6.21681020593548,1913.31961211134,36.0253170168028,24.7221566308647,26.0323064228891,38.1980650514396,21363.9469581741,20819.1893018032,611.254232025359,0
317,462,5.44691503480339,2810.64099920431,37.2750035780637,18.6344367981757,19.4586075019725,28.74672703133,28185.0139997255,35600.1706402673,-472.380689809972,0
317,463,5.22156782713735,1596.52477603522,35.809294313733,28.4438647871995,30.0780374287204,43.983737106729,26783.0154100557,17641.2088136208,-387.901958542,0
318,464,6.2876830914339,1752.22144811134,36.0253170168028,26.4772219423338,27.9396753991786,40.9262908331341,21363.6697876672,20851.1072624849,626.986166867041,0
318,465,5.16448305016732,1832.24702803522,35.809294313733,25.5256406068405,26.9025827779685,39.4462511817236,26820.0025568521,17660.7665614821,-451.562227784362,0
319,466,6.37259070217257,1835.72201411134,36.0253170168028,25.5308291262842,26.9107291434138,39.4550137213783,21388.8724767074,20839.0560199695,570.869026791936,0
319,467,5.20215146710366,1445.82288403522,35.809294313733,30.7858775922712,32.632182982718,47.626925952313,26834.0979713263,17629.0379872715,-418.001238563647,0
320,468,6.59615328306208,1617.01430819328,35.9764985932074,28.1962285095753,29.8103611025528,43.5991881071171,21364.6305981987,20815.8811390768,603.127464100337,0
320,469,5.06193656011168,1379.18766866375,35.9995464108436,32.0305578306906,33.9940262703495,49.5643816719967,26764.9848438512,17635.3852786771,-360.54619947796,0
321,470,6.30139396366571,1687.03496219328,35.9764985932074,27.2675555255011,28.7990695476546,42.1549954721388,21369.2448799415,20811.0311377134,615.583898187635,0
322,471,6.21277774319967,1641.35303819328,35.9764985932074,27.8648124715373,29.4493668753375,43.0837711836271,21382.0418408637,20778.208170969,631.993159223813,0
323,472,6.16177268359804,1928.13155819328,35.9764985932074,24.5657067673228,25.8619038854979,37.9547628240942,21387.1070653686,20814.3336866669,600.901288705918,0
324,473,6.28906110352161,2079.31161686402,35.9329583461928,23.1699351518223,24.347434728601,35.7857516458449,21345.6319109737,20795.1347913607,644.651188619762,0
326,474,5.63620600831731,2217.58338231527,36.4747953982698,22.1448499908514,23.2426491991709,34.1948653573363,22677.7031959487,22183.3194152598,-331.645875783221,0
327,475,5.53548443161675,2222.03263431527,36.4747953982698,22.11106533007,23.206074413902,34.1423879335831,22662.891659667,22159.0950756722,-315.947318147699,0
328,476,5.44929160766912,2095.66947231527,36.4747953982698,23.1233295923202,24.3026302889932,35.7149261159067,22658.2300184504,22182.0644376431,-312.925956141843,0
329,477,5.44234531070029,1949.58839065443,36.4626461688952,24.44595457843,25.7372963879483,37.7701484526922,22686.2009346558,22167.2420519368,-331.672621465672,0
330,478,5.53452611853985,1938.08738279812,36.341280660117,24.5357878110494,25.8334854889207,37.9093922966983,22677.2389228225,22167.7998462836,-325.603917041539,0
333,479,6.13940612825681,1017.78828977377,36.3694022310515,41.2796608360983,44.1300681798599,63.9663939969494,22960.6837314825,22071.6016797887,-786.836712341214,0
334,480,6.18279296123904,1042.07876191196,36.3842746088621,40.4771462110885,43.2496090206503,62.7164777064297,22951.4954550993,22077.0651216277,-1028.19893303237,0
335,481,5.50340663219505,1158.86858141429,35.8396052827707,36.8717303416293,39.2881592173174,57.0994481385188,19594.2146772977,23940.1173124382,-61.5551059380613,0
335,482,5.93770994862733,953.186031773766,36.3694022310515,43.6245400940426,46.7048289606615,67.6191654369887,22937.9619202327,22087.1327257891,-931.033438629072,0
336,483,5.43222093251182,1592.56450999723,35.8044560718389,28.498820625888,30.1378551267723,44.0691924528998,19590.2787905088,23938.0825852845,28.1439783799595,0
336,484,5.22629518678823,1503.57171977377,36.3694022310515,29.9742023651857,31.7538532728742,46.3662116399991,22807.5826208779,22123.6868622207,-724.156273698115,0
337,485,5.76423226110156,1659.05701541429,35.8396052827707,27.5991380854957,29.1583577605791,42.6701437900577,19609.79673941,23952.3678501787,-0.487920740176151,0
337,486,6.01086284183211,1431.42330479812,36.341280660117,31.1742782220071,33.0634182806559,48.2332586406981,22778.0788076137,22012.7753553491,-921.421051924127,0
338,487,5.96278684496756,1977.83212042402,35.8254622827523,24.0595450251378,25.3109181591882,37.167697876235,19625.3411276265,23943.2877117326,-15.4938670357646,0
338,488,5.42365193679742,1258.29900571455,35.8624960950576,34.4687145411884,36.657750443793,53.3585245177258,25810.2351946132,17253.9229424126,-578.298145210115,0
338,489,6.49117220955002,1635.7527472374,36.3278427802696,28.019500712025,29.6222292905309,43.3255591918742,22676.5476963744,21918.5651184821,-1104.32325426659,0
339,490,5.93369032707815,2315.06136199723,35.8044560718389,21.3310264897512,22.3555382369773,32.9290810739323,19603.3705165953,23957.2659337426,11.8119818985244,0
339,491,6.38123552109276,1791.8730352374,36.3278427802696,26.0788121898342,27.5099456612887,40.3078707441113,22714.961528739,21893.6234916248,-1026.64760234805,0
339,492,5.07382446878025,1450.92578385642,35.9111936600068,30.7253468325266,32.5674912460931,47.5331342383012,25808.0777493105,17276.701616718,-585.736840209979,0
340,493,5.32285894632596,1459.34172217614,35.9170606915385,30.5845518258411,32.4138972984307,47.3141021285636,25853.047059204,17260.306125007,-638.979563543286,0
340,494,5.56604762372292,987.155944447986,35.7826835416862,42.1194993307536,45.0422949669367,65.2718560909216,19603.8562888364,23917.7577317945,18.7254858489523,0
340,495,6.39969073023331,1666.50235754007,36.2268288099432,27.5874411453273,29.1504073673814,42.6532873384476,22651.0956049479,21922.7942977969,-1029.08082246659,0
341,496,5.63038027344548,1367.32635996165,35.8715338790895,32.2196044591856,34.1987866441035,49.8580684110533,25845.386939408,17238.3522108982,-626.119729381008,0
341,497,6.07848781468664,1760.02475354007,36.2268288099432,26.4269830624166,27.8874257550159,40.8488483826412,22666.4207637516,21905.1735569139,-1165.89267812049,0
342,498,5.21630974947832,1265.84331217614,35.9170606915385,34.3173356395788,36.4929354345457,53.1231141312572,25829.136802431,17258.0609043323,-561.522700349198,0
342,499,6.09733804782811,1760.52453287834,36.2396242743321,26.4237517770195,27.8840625150194,40.843866676155,22696.6792917555,21881.6947095179,-1038.34246053944,0
343,500,6.63279485325994,1396.29188328833,36.0498628482262,31.7268795389617,33.6629786618317,49.0920182035846,22495.4307604256,21076.6047360624,900.880218949572,0
343,501,5.37740526212478,1474.39474596165,35.8715338790895,30.3223190754495,32.1271113337221,46.9059523541732,25836.1620716584,17277.5839601876,-522.440284432846,0
344,502,7.53722697382169,2646.93474146453,36.4042649915605,19.3722055281812,20.24626981508,29.8896272295687,25370.3129520075,20024.7937920412,1269.96091942688,0
344,503,5.38470210742393,1332.28299396165,35.8715338790895,32.9044749825841,34.9472461474764,50.9238911568661,25807.3417432731,17251.4010614339,-667.723888018664,0
345,504,7.7446887086832,2446.85055746453,36.4042649915605,20.5455127468367,21.5124457920273,31.7109769931981,25386.660023708,20017.5371785976,1220.57603551005,0
345,505,5.59798821150747,1510.64954196165,35.8715338790895,29.7387360478005,31.4904490565693,45.9980784868265,25841.2580472311,17253.1028749543,-607.047332017604,0
346,506,5.41923344530042,1916.62350817614,35.9170606915385,24.6686855864648,25.9730326835908,38.1146226145158,25838.7107316282,17276.0260819578,-578.47064031737,0
347,507,5.39698817104569,1498.54800217614,35.9170606915385,29.941884435134,31.7126461904227,46.3142735186567,25811.4662312266,17271.6283795367,-538.699672713091,0
347,508,6.50550721823978,2391.89668520838,36.4775443152961,20.9106765412087,21.9076748120239,32.2781524496748,26241.5076225293,20479.8343533261,-403.697746163957,0
348,509,5.15862481556279,1504.09855417614,35.9170606915385,29.8535092614996,31.616241087396,46.1767915700867,25779.739487799,17271.6806531481,-557.310899492805,0
349,510,6.22062270794632,2684.19966501343,37.4694714687837,19.307438375702,20.185639820778,29.7916479115142,24642.9433229113,30957.6300986385,473.232253285245,0
349,511,2.59714660387433,2616.11740053764,36.4101830613655,19.5427136787434,20.4301791294547,30.1542837316671,25244.3539004804,21070.5446164617,1156.27415127899,0
349,512,5.73513251892683,1609.88943217614,35.9170606915385,28.281382184359,29.9023795482622,43.7314140300089,25823.6891805328,17309.0105004867,-601.702923781475,0
350,513,6.17247092982428,2453.75125592659,37.5951555237683,20.6698757117422,21.657790185322,31.9071107163194,24651.8905169602,30988.4058596031,501.581232612443,0
350,514,4.95163999755058,1656.43122436039,35.8432365853301,27.6344739341669,29.1968768332969,42.7251060513053,25778.9104949355,17301.1241918029,-559.313327504772,0
351,515,5.91598272136654,2101.65283787371,37.5813978716943,23.2588200681913,24.4609543656343,35.9286140293249,24648.2592408824,30940.2399159352,471.193197011071,0
351,516,5.50547143260509,1489.67237836039,35.8432365853301,30.0659418865315,31.8470050182306,46.5069940939501,25833.6714668939,17277.1395833431,-664.748107124225,0
352,517,5.60068008901372,1288.57499836039,35.8432365853301,33.800753297115,35.9268062460506,52.3187385045512,25815.3954169064,17262.5197486891,-557.853460827357,0
353,518,5.98993090625191,2441.06427992659,37.5951555237683,20.7509417991154,21.7454172512666,32.0329920710046,24691.7621219825,30945.3453295995,453.042176153143,0
353,519,5.16217085671822,1673.16810460911,35.800938785238,27.4068451079216,28.9485309386,42.3709878980811,25866.6640010395,17277.29802915,-621.780838271289,0
354,520,6.14121808053935,2374.15850987371,37.5813978716943,21.1899500109316,22.2200068431714,32.7147096093104,24644.1186062675,30967.4848240874,514.499450391328,0
354,521,5.47916219888893,1112.34024321065,35.8201785988457,38.1363006366605,40.6735108652815,59.0684128018267,25893.9343918996,17238.1619379113,-605.414613523287,0
354,522,5.2537401219422,2103.32947271612,36.4095180440149,23.0476619369587,24.219932744277,35.5971749872933,26208.6554757294,21316.5202939193,-517.777579918848,0
355,523,5.92279853968796,2712.25760987371,37.5813978716943,19.1723895314324,20.0409477581383,29.5822982950758,24639.2177634245,30972.3298163195,490.230199738442,0
355,524,5.39299848434001,2180.88301871612,36.4095180440149,22.4179206175558,23.5376682471076,34.618856823234,26218.8993367305,21344.6762682324,-458.635349301425,0
355,525,5.43196269513352,1617.08990860911,35.800938785238,28.1549483501276,29.7631757062404,43.5343702456035,25828.4773621908,17297.6906277657,-604.564370240866,0
356,526,5.21177300687302,1201.67954860911,35.800938785238,35.774179129,38.0856081838512,55.3904969412654,25825.1173627653,17272.7865728686,-624.849085080735,0
357,527,7.32331478368155,2323.80466322539,36.470192810538,21.3710268906185,22.405294184305,32.992999026953,25433.394386527,23520.3748469773,1183.41919091342,0
357,528,9.43135514796782,2783.53614537095,37.3272824132874,18.7751386036792,19.6106234325941,28.9651892008828,23806.5629267086,30124.6186293617,-1258.65677229292,0
357,529,5.76483063626655,1164.60979060911,35.800938785238,36.7088373105534,39.1091350044217,56.845659816303,25854.6128175514,17234.5702602608,-676.194042085432,0
358,530,7.08249506679568,2427.56914922539,36.470192810538,20.6776210077008,21.6557734147084,31.916263225134,25422.6217778072,23535.6785672757,1164.60828179641,0
358,531,5.24144626013998,1127.34467836039,35.8432365853301,37.7232120509178,40.2211413395373,58.425272228414,25819.6676924081,17292.2858720129,-586.773214967942,0
359,532,7.25269538298041,2225.21628722539,36.470192810538,22.086240406709,23.1791543135449,34.1038151337115,25455.720976384,23528.631161538,1183.53349832927,0
359,533,5.09358855897458,1051.88360236039,35.8432365853301,39.9598735241253,42.6734148376716,61.9083825397215,25808.4907869919,17272.0710451572,-636.027984555206,0
360,534,7.30072834424922,2309.17820606965,36.4604103590366,21.4720039099379,22.5144097194581,33.1497895173819,25444.5749026841,23524.4357999762,1143.42297365394,0
360,535,6.84278400449826,1697.16829276029,36.3721312613227,27.2248208433473,28.7573683501329,42.0898849540105,30433.5517024589,20936.0000136604,1103.69130303859,0
361,536,8.97144997787079,4781.5710052156,36.0508752718042,12.6542191584689,13.0501416235293,19.476107291619,26644.9746447587,18166.0633174739,-1265.82402135745,0
361,537,7.64971186947577,2318.95775006965,36.4604103590366,21.4033676627558,22.4401754310243,33.0431973417184,25430.7631240575,23540.8258403616,1148.11266509344,0
361,538,2.79850487055362,3398.31288385163,36.165549939789,16.1088010322497,16.7365485467635,24.8271408876621,27420.0328957111,18392.4017710471,-582.757900544966,0
361,539,7.27793111201717,1295.25987076029,36.3721312613227,33.8142293385309,35.9491527149942,52.3418458514184,30459.1539785347,20956.1837614705,1042.53575166196,0
362,540,8.98653847020427,5909.5665172156,36.0508752718042,10.9532854829679,11.2484325402638,16.8450953812251,26639.4072577433,18162.6969631423,-1224.87081117644,0
362,541,3.50106666912097,4533.68970832555,35.8197909483449,13.1129083487676,13.5362848121005,20.185684851531,25779.0422380059,17920.4808272323,-593.143587239811,0
362,542,7.36358147376522,2580.71473406965,36.4604103590366,19.7491149230301,20.6532578440757,30.4747783460664,25458.9345830295,23495.4139161043,1138.26135329242,0
362,543,6.75369727270436,1902.76788914492,36.557066194433,24.9292688519446,26.2631910649174,38.5216280440302,25507.7145490633,23499.6549336037,1098.81566881927,0
363,544,8.63882530008349,6056.4358852156,36.0508752718042,10.7740251126161,11.0591267441698,16.5679722857492,26660.4565695415,18149.6386836321,-1207.49583108362,0
363,545,3.30663360094894,4642.34396632555,35.8197909483449,12.8994343658485,13.3093730641081,19.8552654613266,25835.3716693852,17949.7963896874,-855.735636470332,0
363,546,7.58289926641825,2878.62528406558,36.4768818070594,18.2140344501506,18.9994348522046,28.0926153731798,25516.1731122131,23503.9909186816,1141.55681403016,0
363,547,8.54397631152739,1869.95669817274,37.0192648276508,25.3580062445219,26.7342088321608,39.1895044245325,19358.0939299833,32586.2167033226,-1372.9311023318,0
364,548,8.80001409380357,6282.6208792156,36.0508752718042,10.5126418015961,10.783304556513,16.1639503894128,26638.3994539387,18169.9827336753,-1253.11410529926,0
364,549,7.30446969345761,2806.85982702362,36.4926712267985,18.5583423550043,19.370159558922,28.6268566465019,25771.2879172835,23531.0882482977,1165.22148070141,0
364,550,8.47865646247024,2165.30333217274,37.0192648276508,22.6403688867458,23.7848110541651,34.9661376195023,19362.524562092,32594.4496591074,-1349.62243906772,0
365,551,8.60255907419403,5949.1912912156,36.0508752718042,10.9041429173313,11.1965246623355,16.7691215222393,26621.5112060115,18131.7347751006,-1244.58776464991,0
365,552,7.39839892832087,2303.05912902362,36.4926712267985,21.5201414197286,22.5667922774169,33.2246354544595,25769.0961586218,23532.1497284314,1158.51545215749,0
365,553,3.136035968768,5160.59372032555,35.8197909483449,11.9939763515821,12.348481885721,18.4542085971867,25845.4945328378,17940.6574593061,-480.848374688329,0
365,554,7.68277339968028,4241.99678785163,36.165549939789,13.7613222848363,14.2284104707409,21.1901103845038,26697.0999866307,18151.9705186617,-1269.31372417711,0
365,555,8.16817740331789,2078.69710017274,37.0192648276508,23.3610994349369,24.5660998247343,36.0859365703613,19362.8666265834,32588.7742435148,-1409.55725505987,0
366,556,8.6084732574637,5933.0242072156,36.0508752718042,10.9241224272006,11.2176274045222,16.8000093373236,26644.6595575574,18162.4358606669,-1225.5862112241,0
366,557,3.58600208381332,5081.96090032555,35.8197909483449,12.1206018831066,12.4827031746351,18.6500991787078,25823.6570315763,17927.1780707396,-525.821504212918,0
366,558,8.29873616275036,2059.46840217274,37.0192648276508,23.5289182236046,24.7481175305893,36.3467045578381,19341.5660263213,32624.670393343,-1411.52892188846,0
367,559,8.58780619396682,5439.8180152156,36.0508752718042,11.5844196047177,11.9158331107027,17.8210276387728,26652.9124625495,18144.3905940281,-1246.42510639615,0
367,560,8.31728681544764,2405.38673217274,37.0192648276508,20.9004613206168,21.9017299656551,32.2637005764023,19347.8527112982,32602.2829279574,-1301.09779526892,0
368,561,8.55567567057608,5160.6164392156,36.0508752718042,12.0081104949935,12.3646291561625,18.4763952847843,26642.6604140934,18168.7560488554,-1245.89711151037,0
368,562,3.07918739736526,3246.23949493228,36.1133898394475,16.6450030189043,17.3109486277799,25.6583136869522,27433.7612999847,18411.7161781866,-668.043670984157,0
368,563,6.10781588825552,1944.55359134362,37.4234870900877,24.671609325757,25.9928125637062,38.1237797725441,19816.1546592021,35640.8374747627,-274.981921618512,0
368,564,9.06872174493335,1717.09625817274,37.0192648276508,27.1130075333886,28.6433808555131,41.9181678598894,19326.8222940663,32620.1134868169,-1391.2477559629,0
369,565,8.64809913993789,5644.9461532156,36.0508752718042,11.2972404222471,11.6119808792605,17.376911248577,26643.7021519066,18167.1958746184,-1226.24055536528,0
369,566,3.60931045690173,3997.92079693228,36.1133898394475,14.3425361820656,14.8477374083747,22.090145505516,27368.7079363604,18546.1827077336,-244.972842500368,0
369,567,5.63607320572105,1215.01395783385,37.4009093386884,35.955124589063,38.307338746395,55.6788311262933,19776.2280362225,35655.7889834454,-113.135499694589,0
370,568,8.59393915227843,4087.12902447228,35.9548304149862,14.1086181107103,14.5972634737586,21.727577985376,26693.0772816205,18175.3319236411,-1238.85508162874,0
370,569,3.71850794228412,3076.54362160803,35.7235148022532,17.2644086950103,17.9726478506223,26.6179580526395,25817.5437254899,17958.7896020456,-824.698379754023,0
371,570,8.81762327121709,2467.94818547511,35.9652084887049,20.3514161200584,21.2987432265988,31.4085024946818,26808.5418070276,18156.9336783198,-1212.77259853956,0
371,571,6.34465666041917,1895.5814640407,36.1099371492614,24.9175987211271,26.2454941621035,38.5020939034677,27912.5979859369,18066.4523720978,784.524772234883,0
372,572,6.95146386401777,3446.11513600255,35.6120992325094,15.8941208902674,16.5026466335779,24.4932805519816,14879.6780306945,27663.1617623334,1051.5735864534,0
372,573,8.81750363416554,2405.04192947511,35.9652084887049,20.7499971538784,21.7291867535192,32.0273168269372,26877.2020040653,18194.2571837248,-1191.85276888845,0
372,574,3.11067895091083,1452.98347751351,35.7469179593317,30.6478583267912,32.4806935537747,47.4119539546327,26040.6606051982,18031.4317851505,-1266.45633312095,0
373,575,8.99389035687203,2432.28809147511,35.9652084887049,20.5749817903871,21.5401488027397,31.7555888964691,26826.1929066751,18133.8989797913,-1242.55639840468,0
373,576,3.22558148189711,1645.07222351351,35.7469179593317,27.7633849145941,29.3360410490318,42.9252386967426,26223.578176489,18130.8452855095,-663.158280768773,0
374,577,5.84298914018063,3539.85111279577,37.6815565693842,15.7843641598652,16.3995636680249,24.3271398066425,24218.0423130047,36363.8764507658,-926.017152457234,0
374,578,8.84945422435737,2489.73189947511,35.9652084887049,20.2178103719093,21.1545155601523,31.2010902673413,26828.1709768787,18185.7420162438,-1171.19014667726,0
375,579,6.17564584945857,3470.12287239725,37.6686792355439,16.0112342897405,16.6425950443208,24.6788134480073,24243.9567630822,36395.5039553296,-965.84205204667,0
375,580,8.95466773119144,2268.23844347511,35.9652084887049,21.6884760795786,22.7436812338958,33.4846265753731,26850.8401871405,18197.7808709349,-1152.86387014653,0
376,581,5.94425949655657,3546.39283479577,37.6815565693842,15.7633912054136,16.3770946153802,24.2946288622503,24222.5794889633,36358.2545214952,-1006.88030231832,0
376,582,8.0666346875902,2018.18036525842,35.9967635136892,23.7185888971334,24.9429520893458,36.638407338591,26846.4983173027,18212.6677084477,-1304.29535563183,0
377,583,5.98297056162866,3838.17733239725,37.6686792355439,14.8941551432096,15.4467123458151,22.9474330401841,24221.9603190148,36420.5009355551,-970.25143176493,0
377,584,5.0676209437624,2378.09441916974,37.5095867085638,21.1529300950825,22.1792954775901,32.657031541147,30005.1707096695,29316.196070854,-454.812536448663,0
377,585,7.63015000459482,1758.1849987317,35.4866688757435,26.2944023534182,27.7343867021265,40.6402617190239,26851.6084989593,16318.7611388509,877.509615916273,0
378,586,5.16421443157808,2447.93886516974,37.5095867085638,20.6948905732676,21.6840486450369,31.9457382640697,29985.3385501937,29313.0596299589,-502.666818086852,0
378,587,7.37152169528161,1793.05140318514,35.5458365497445,25.9061405390888,27.3130020810664,40.0368713558299,26978.3409165238,16310.3648083475,934.159625785922,0
378,588,5.86897159265791,2115.11678334743,36.8859643906476,23.0289328414269,24.2045685133344,35.5694452223727,20356.3064834881,30728.1817584657,-1082.79527374435,0
378,589,5.98611200380454,1857.28497279577,37.6815565693842,25.6207634041624,27.0272383315602,39.6000354331225,24223.9486027228,36382.1523348152,-991.031948516435,0
379,590,5.42790889149443,4113.0352392979,37.4593783756183,14.164317578296,14.6658424011581,21.8163725354219,30224.3058484937,28867.4911992482,-551.292909831189,0
379,591,7.00339941641415,1592.19630918514,35.5458365497445,28.4435899378355,30.0743639470561,43.9823690245793,26977.1847118707,16317.6077984473,943.212822887921,0
379,592,5.99865592984202,2047.28927022173,36.9115474211309,23.6180928850394,24.8437200193161,36.4849601504423,20357.7102439317,30693.0189202509,-1091.99171829637,0
380,593,5.2718988240614,3824.77622136834,37.5720988631978,14.9231810836259,15.4771324913499,22.9922407626878,30217.3650012834,28862.4092018846,-489.056110352928,0
380,594,7.08613874614089,1308.65684104705,35.5274722853553,33.2857470759677,35.3590968714894,51.5158931098566,27003.0629313075,16370.190299973,947.381373400064,0
380,595,6.0025385429011,1960.69101502835,37.6602081568462,24.5565196247207,25.8703355881959,37.9455973952635,27788.3920387284,33466.0316712064,-944.678248069151,0
381,596,5.55478753163857,3813.15022062965,37.5463601197927,14.9534275345159,15.5093083595099,23.0390639098205,30253.1944316855,28845.7724425161,-563.122562016293,0
381,597,5.49684044860557,2247.9633482677,35.3088631412709,21.7331252164418,22.7853627224494,33.5521368543829,20515.1785013123,21176.4755356732,-431.773140670556,0
381,598,6.48865164802017,2336.46399603987,37.7238117617394,21.4699529770906,22.5242806565853,33.149952152198,26347.0018784122,34783.1886004213,-1099.62929042518,0
381,599,6.10586958274548,918.159014196154,35.5719801622001,44.6845906050954,47.8557698295838,69.2668022992281,26978.8721756016,16531.4456465086,608.129132616504,0
382,600,5.64259507308518,4422.25722462965,37.5463601197927,13.466742015245,13.9226042956481,20.736168547626,30257.2088567208,28852.3310347851,-580.638151969368,0
382,601,6.42952357009502,1359.16358619615,35.5719801622001,32.2922967262654,34.2739909060412,49.9700091402325,26995.0308312274,16571.5504529761,613.199040937128,0
382,602,6.10391585479434,2147.85535803987,37.7238117617394,22.8962822357771,24.0692604037806,35.3657003069038,26306.0794655601,34805.8427545197,-982.106060860317,0
382,603,5.66134048853413,1337.18730236469,35.3079905512955,32.645754822565,34.6564270511036,50.5189993469048,20513.8976532364,21206.0999814271,-341.851127321817,0
383,604,5.42128264574881,5076.60563262965,37.5463601197927,12.2363769303939,12.6142534679266,18.8316365887314,30245.829905932,28845.4609685186,-556.431125308577,0
383,605,6.34399177113045,2468.11339803987,37.7238117617394,20.5969492670687,21.5801341362968,31.7941933290142,26292.4885009822,34810.6019321057,-1036.27740403832,0
383,606,6.08913663291773,1278.61450419615,35.5719801622001,33.9338962655585,36.0684626665255,52.5248637018676,26999.2592588619,16553.9132565505,619.10020823916,0
384,607,5.30535668868126,3646.08301062965,37.5463601197927,15.4403208745334,16.0302161725035,23.7936159912982,30238.3065718996,28851.1420635424,-546.746614720852,0
384,608,6.07903903581291,2500.99821603987,37.7238117617394,20.3924311303918,21.3591227460867,31.4766293953584,26294.4624200097,34827.608121647,-958.759731644511,0
384,609,6.19513266730625,1060.46900019615,35.5719801622001,39.5893082488378,42.262587997415,61.3300281438118,26967.0084164429,16545.3792774231,601.645501458431,0
385,610,5.35813679666989,3692.71205262965,37.5463601197927,15.3003484376508,15.8804048496692,23.5766801004158,30197.5589894659,28867.0467882692,-524.131694365733,0
385,611,5.85325032801227,2800.10285893667,37.7234529774354,18.740480556125,19.5765442182177,28.9123066901263,26317.982055604,34801.4006016089,-991.50905393948,0
385,612,5.29076093871378,2044.87859880799,36.0626698207789,23.4915533708487,24.6974647238878,36.2858349030274,20142.8099591266,25752.2934563942,-507.553976838172,0
385,613,6.68449810059606,1237.38183219615,35.5719801622001,34.8542105802021,37.0752375021991,53.9573886549011,26989.9130841883,16548.1705345149,553.597903705318,0
386,614,5.38264410701657,3753.12937062965,37.5463601197927,15.1237558312974,15.6914684506871,23.3030077172875,30234.0513137785,28850.6479314593,-515.869072835444,0
386,615,5.41703402469599,2240.64568680799,36.0626698207789,21.9062275327313,22.9802415587543,33.8230857493689,20155.0894213328,25761.5269244499,-524.123283593279,0
386,616,6.50460032024707,1381.38782019615,35.5719801622001,31.8719858449561,33.8148357177418,49.3159572947048,27001.3456558873,16557.2114505476,588.348488688259,0
386,617,6.13947530385187,2152.50284403987,37.7238117617394,22.8582931901128,24.0280745944411,35.3066753684274,26296.7765063092,34843.6378457987,-986.800897928701,0
387,618,5.4023347097599,4011.00977862965,37.5463601197927,14.425208725423,14.9448713118917,22.2206577487533,30237.3813467819,28845.2442898914,-597.227762365311,0
387,619,5.9261756041978,2441.89648768466,37.7346486811254,20.7652392241753,21.7621446480162,32.0555457389303,24643.3188682039,30939.0292867402,488.811143374678,0
387,620,5.49431434812335,1931.51077680799,36.0626698207789,24.5485286880772,25.844219454302,37.9283332657165,20135.98705458,25745.3347071495,-507.315505832689,0
387,621,5.87044971220194,1939.63885028538,37.7084566308405,24.7724315222422,26.1054120816522,38.281347717511,26317.580742982,34782.2302879043,-1076.80080492775,0
388,622,5.26164508624932,3702.60172662965,37.5463601197927,15.2710789988602,15.8490841206347,23.5313186348171,30227.6902100609,28839.374947723,-542.34677621253,0
388,623,6.10944287168076,2489.44579376572,37.7643033879665,20.4692708795697,21.4425144216179,31.5960399571864,24674.2834228306,30956.8342103051,470.573068246276,0
388,624,5.0354671282544,2074.69973944509,36.0884886929204,23.2362212702414,24.4209321647092,35.8891955907566,20148.0634050944,25741.0593500022,-511.680412259779,0
388,625,5.96715793531438,2103.03244803987,37.7238117617394,23.2708467184343,24.4754466877358,35.9477036749711,26314.7769716903,34794.8396530097,-981.552147666987,0
389,626,5.26707477083458,3468.81776262965,37.5463601197927,16.0040289511598,16.6340272803154,24.6674103038932,30242.5468053335,28840.0317960614,-557.779150875966,0
389,627,6.05395124569515,2788.32711122573,37.7497938010856,18.8024022430038,19.6434913271321,29.0084629126198,24650.719237231,30963.601830378,486.727495569452,0
389,628,5.57876321999707,1788.40785480799,36.0626698207789,26.0643408406423,27.4911001469861,40.284507736094,20164.777797909,25762.6656313966,-561.682556026421,0
389,629,6.18764364097754,1919.23515037597,37.738283171312,24.9828973155281,26.33443204363,38.6085943440433,26280.2156437272,34802.8271143539,-1053.35695159491,0
390,630,6.16498181167845,3176.52265416157,37.8502463891086,17.0916116042865,17.8033020031905,26.3544498302703,24652.726961728,30967.8256797594,488.721563738092,0
390,631,5.39302649317189,3307.36493887651,37.5915821987212,16.5703895315919,17.2417511296689,25.54561326769,30248.641461051,28815.0351931123,-610.777239549729,0
390,632,6.18100938010867,2541.42913116555,37.7586786480802,20.1525056802906,21.1002433511011,31.1041967037868,26313.9324646883,34836.1021933716,-1029.07724288763,0
390,633,5.34208063328055,1693.46071911595,36.0456271283252,27.201036188511,28.727509221876,42.051794778787,20089.8553378119,25790.8623485627,-484.66569439297,0
391,634,6.05856078456369,2052.99842016157,37.8502463891086,23.7289644598541,24.9737909838866,36.6599656452083,24654.1807524858,30947.7765548338,493.881414761979,0
392,635,6.26507958061332,1911.9903987013,37.8642318436648,25.0801022464672,26.4414392337132,38.7600781778908,24677.0301539531,30964.2534475409,442.245836141756,0
393,636,5.9180784100821,2065.4235147013,37.8642318436648,23.6209343883546,24.8566963739676,36.4921218572866,24648.9447733584,30961.0651384717,422.781515729708,0
394,637,6.29043565893587,2671.87141873086,37.8366983237602,19.4205209186079,20.3107420031396,29.9680363261097,24639.1044988043,30921.9168919378,440.002683793626,0
394,638,6.34161419761603,2491.34984271037,37.1590070270125,20.3740206505932,21.3341483089518,31.4466375435362,22820.6937444238,28491.4745619145,-1089.19038059433,0
395,639,6.05845308252809,2485.5694647013,37.8642318436648,20.5071015563309,21.4842924150877,31.6550293094463,24651.6754537241,30974.654326611,497.148429028473,0
395,640,6.30198332344992,2237.34601071037,37.1590070270125,22.1030713292136,23.2042049993062,34.1318508323811,22822.309441508,28496.3567740097,-1044.98258189413,0
396,641,6.28103274693361,2357.4882747013,37.8642318436648,21.3449170491668,22.3902943620789,32.9561163541286,24643.5999609463,30955.584820783,482.864929244626,0
396,642,6.56895680855494,2177.28790999583,37.1906799659814,22.5725764112243,23.7130787274901,34.8612956311758,22851.0513458834,28511.3944309571,-1090.6723005116,0
397,643,6.50325395157913,2634.49329673086,37.8366983237602,19.6262093624237,20.532693150338,30.2873258458633,24652.3203251782,30950.6258937023,429.204985637026,0
397,644,6.25683014201046,1945.83870199583,37.1906799659814,24.6163267517455,25.9302474839526,38.0371535011087,22877.150046961,28528.0523454107,-1024.13940350007,0
397,645,6.58321216164048,1653.59126956166,37.6248833543258,28.0667003389053,29.6894505090514,43.4033717764111,29684.7727006617,27782.7260679993,-1357.42945530909,0
398,646,6.12733272433056,2550.05916216157,37.8502463891086,20.1134744891701,21.0588926010714,31.0438205028219,24636.5125832979,30973.6500456176,464.037686082882,0
398,647,5.31339507961547,1650.99951982584,36.6779180683821,27.8923687027767,29.4880474121527,43.1290413980455,30101.9669287314,22827.751034949,-507.215764491433,0
399,648,5.56268819336264,3229.80041319371,36.5313987236414,16.7497076570304,17.4264012842996,25.8215246040945,22022.0895623608,39556.5147903526,39.1005829135691,0
399,649,6.40556753931293,2017.6050687013,37.8642318436648,24.0530013267791,25.3256798208583,37.1635988368532,24647.7457011901,30978.4682295848,451.179108577628,0
399,650,6.22552645386849,1073.08717596553,33.3889547221824,38.3930105962154,40.9148901571187,59.4569141653655,21350.512006217,12300.1218447599,704.898492130993,0
399,651,5.7022276526257,1874.89380982584,36.6779180683821,25.2404168051168,26.6025889431118,39.0056495294446,30145.1813935706,22990.5936021699,-529.711695174216,0
400,652,5.9937136810288,2088.35336216957,37.9149026575244,23.4289419067566,24.648889949457,36.1939099690774,24640.608713813,30948.3833211465,462.824024517527,0
400,653,5.34893126831283,1615.84990046182,36.6458085737962,28.3652071979933,30.0028490662174,43.8643335269796,30100.8545955919,22998.5701787662,-546.681678358528,0
400,654,6.54915333828799,902.822934069107,33.3672263476955,44.3358747308248,47.4329640350253,68.7123161053861,21348.4762556599,12325.9161361889,660.999683100149,0
400,655,5.16315932693242,1130.07602579204,35.1081342158941,37.3936889428793,39.8485101090299,57.9089274957107,24245.7858030635,16976.164221852,-482.142904959872,0
401,656,5.67405791350399,1823.18166606377,36.6781169828662,25.79757704289,27.2081987378145,39.871776165423,30146.6047589936,23007.4473030422,-594.022513379797,0
402,657,5.88847159777566,2158.98068999423,36.6099332098408,22.6242614680653,23.7632081265099,34.9399632784379,30245.4341835932,22696.1935821013,-191.739044639188,0
403,658,5.48725153909825,2717.17449166153,36.6142844770104,19.0253261730519,19.8742001024118,29.3517871290319,30223.9516397931,22684.9107904794,-207.708160815268,0
404,659,5.32979308777727,2444.09530157316,36.5835579251925,20.5884327365296,21.5604793610838,31.7780776387919,30253.0083553946,22674.278619761,-171.417752284934,0
404,660,6.71265030754374,2311.67131195093,37.4341681929094,21.6014075781442,22.6637971737277,33.3533651510277,28797.585029688,26135.276170747,-1235.89652640516,0
404,661,5.51473871367803,1185.07494779204,35.1081342158941,35.9588661061264,38.2772035419394,55.6750444550447,24221.0621256886,17015.9316631078,-555.676916104477,0
405,662,6.70223354555287,2052.05084995093,37.4341681929094,23.6659867276713,24.9011457452238,36.5609018041985,28800.0318795718,26113.4833068229,-1214.74289723429,0
406,663,6.41763614272696,2594.78743308829,37.3945828561658,19.7926893246224,20.7085438832126,30.5447039706309,28870.3435817305,26022.4274246622,-1112.04904030471,0
407,664,6.00394037115637,2460.92942448904,37.4333999423648,20.6017528712078,21.5826929638168,31.8009237299631,28858.8642024226,26068.5773908201,-1101.24044325474,0
408,665,6.86287945757303,2449.63008648904,37.4333999423648,20.6733975708989,21.660122726451,31.9121715414967,28883.9376180294,26036.6888015611,-1211.48696434121,0
409,666,6.33470896680264,2620.43398305624,37.3971070528237,19.6478696132257,20.5522754589283,30.3199010807877,28885.4253619366,26044.0633714838,-1121.77189066642,0
410,667,6.69318184445923,2815.8767938669,37.4376916221798,18.628294412456,19.4533283272282,28.737564813681,28872.3192882418,26011.1993542525,-1211.71085794283,0
411,668,6.93624793875207,2611.2993058669,37.4376916221798,19.7045680839992,20.6138137957683,30.4080126575066,28926.4517572962,26008.3801568148,-1217.15788078707,0
412,669,6.34298664465966,2504.42915386691,37.4376916221798,20.3322152539924,21.2915038171124,31.3824251369896,28847.6854939601,26026.1810523686,-1089.68830833324,0
412,670,8.39592215960111,1964.68508541617,37.2951622090431,24.4517304697294,25.7526157745586,37.7816385582322,27841.8260121049,25495.1941507497,-695.143483486769,0
413,671,6.45430150341517,2225.42581186691,37.4376916221798,22.2371272437913,23.3521221405804,34.3408523549987,28914.1621760204,25993.6309388278,-1165.34957106561,0
414,672,6.39841872880992,2991.55083689471,37.4321639756244,17.8138179904228,18.5765194453264,27.473835223128,28899.4701485533,26037.2115378098,-1096.29039295733,0
415,673,6.506378938379,2512.88755610075,37.4747061699419,20.2857645789402,21.2416585577959,31.3103965333,28911.691625243,25999.3802726812,-1185.86289696526,0
415,674,5.72043525675831,1852.16820163395,35.4187204959661,25.2347377954075,26.5819996482748,38.9928148537886,19468.7520871089,23114.1413523409,16.4081668989166,0
416,675,5.87227340920691,3305.48773363395,35.4187204959661,16.3580325729797,16.9980997348886,25.2119791580625,19465.0841567023,23108.9182150646,11.1497807085276,0
416,676,6.59951379863639,2709.1387978669,37.4376916221798,19.1708323009469,20.0380558101354,29.5795462172584,28897.1796759453,26023.506418034,-1116.83249025472,0
417,677,5.97907755926938,2859.28502563394,35.4187204959661,18.178150447235,18.9520327597532,28.0345173321982,19475.005084111,23092.7443465557,38.8532871633056,0
417,678,6.43198768690945,2401.17126586691,37.4376916221798,20.988475187658,22.000778129031,32.401453223152,28903.8973953166,26021.5350548105,-1158.18859844958,0
417,679,6.4637905261363,1716.9902441515,37.4214709600161,27.1993008930436,28.7420783552592,42.0536807113602,23390.1458826423,28696.4328699627,-1106.92258873921,0
418,680,5.60456281262928,3229.96057963395,35.4187204959661,16.6332666783436,17.2931091885147,25.6386689597331,19479.3765538946,23101.6840723736,62.2187964377656,0
418,681,6.50146351616284,2228.81781586691,37.4376916221798,22.2112670252829,23.3241120607206,34.3006798754937,28882.4053726864,26028.7017225113,-1174.01885692931,0
418,682,6.77410529223249,1399.2431681515,37.4214709600161,32.0402879347946,34.0239771548699,49.5849302862685,23397.5077436976,28689.2935744589,-1211.64237350486,0
419,683,5.884976203333,2082.38395363395,35.4187204959661,23.0551902207493,24.2176021295876,35.605962714532,19473.4635061036,23107.4438955411,54.1243282841851,0
419,684,6.36645995832271,2820.81103610075,37.4747061699419,18.6085743338785,19.4323881703359,28.7070472195811,28901.5383529363,26039.9936276329,-1157.09216637548,0
419,685,6.97829658493994,1539.7470221515,37.4214709600161,29.6622891538786,31.4269908896775,45.8847193468605,23417.5113900681,28664.273868258,-1158.66117250202,0
420,686,7.042441728838,2480.36334881695,37.5454320287014,20.4954893313489,21.4688770684163,31.6362053181763,28901.1432088617,26071.071985997,-1011.98069755467,0
420,687,6.43751791408984,975.409779720132,37.5009732859733,43.2381318202443,46.2988615197857,67.0224044300906,23401.0474612002,28665.4723246362,-1112.92103690377,0
421,688,6.28465669458841,2626.30440772024,37.5064658303965,19.6292184503208,20.5330968266055,30.2912107821659,28888.9687038355,26020.1633266923,-1100.368859862,0
421,689,5.84803063946865,1243.60601588099,37.9657532062741,35.4441820410093,37.7557275942704,54.8855693534811,27701.3136623063,29051.6539766167,-763.259817640554,0
422,690,6.44343843625339,2975.08933481695,37.5454320287014,17.8990184163665,18.6690635859746,27.6062579451994,28883.3169486467,26051.6961063153,-1137.43330906401,0
422,691,6.65711437203367,2844.23172948702,37.0700223336729,18.4469055990012,19.2549574358765,28.4552680742027,26870.4194341517,24873.2274792924,1018.24993801209,0
423,692,6.33763929790527,2573.53011172024,37.5064658303965,19.9299225089886,20.85766426566,30.7580175979269,28900.2160057026,26034.2158092861,-1103.51078243975,0
423,693,6.8440860033001,2204.60333622423,36.3277044230166,22.2205916515055,23.3231689544282,34.3121050075475,26042.1331447738,22479.0936802903,-936.855251878024,0
424,694,6.27087265398035,2759.34144772024,37.5064658303965,18.9192018801164,19.7673634185536,29.1891725467906,28926.7538425235,26013.7107811879,-1170.87698014321,0
424,695,6.17887945121126,1585.20738653615,37.9340255150545,29.0981571679897,30.8178513663458,45.008864926181,27280.9055763107,28508.7151401861,347.958644224838,0
425,696,6.09906764421642,1399.35199853615,37.9340255150545,32.1742908505213,34.177223400694,49.7953756596435,27316.0568417124,28525.7886491248,446.89630296622,0
425,697,6.53041903837944,2571.30857022063,37.5827390770877,19.9529711401545,20.883218519808,30.7939849362356,28863.5545245435,26206.6301032992,-1191.68082227369,0
426,698,6.20173428558412,1723.71619534896,37.9193932904557,27.2197059081397,28.7700970210478,42.0870285458999,27275.3990876344,28499.0748708104,502.845968343929,0
426,699,7.15373428718364,1597.18669422063,37.5827390770877,28.8434477977594,30.5357518346075,44.6114380063199,28853.0163714427,26213.6433674686,-1274.25891051663,0
427,700,6.46361247842737,1604.11501534896,37.9193932904557,28.8204909073369,30.5148101090321,44.576869571133,27312.6453215427,28515.9562911336,433.400436252942,0
428,701,5.78964520725824,1354.49435734896,37.9193932904557,33.0347086956251,35.1178874192275,51.1344988284496,27322.5584669195,28487.3349074749,385.607320773234,0
429,702,6.01361380469951,1372.40149534896,37.9193932904557,32.6831227073402,34.7333732571464,50.587263829402,27317.4410390144,28505.9392619177,494.006023568891,0
430,703,5.78597270646014,2346.00340871923,37.7433354655591,21.4064638863188,22.4557614176211,33.0513943149645,22437.8716724545,32664.8223216209,-875.665757750856,0
430,704,5.93467128544943,1385.29429458538,37.9001842635437,32.4302958225393,34.4566642187819,50.1936886031655,27321.2476652957,28497.8145789752,378.13828034052,0
431,705,6.12874438873165,1538.48512458538,37.9001842635437,29.7958804025853,31.5787564461955,46.0942290424561,27312.4304859508,28493.9049002887,457.635801110116,0
431,706,6.75996163413285,2383.39673536214,37.877586212926,21.1705187479168,22.2017363545703,32.6852930477508,23341.0333872578,33075.7645610454,-1290.48983370019,0
432,707,5.96672555063883,2038.21101258538,37.9001842635437,23.8706564484701,25.1280986472694,36.8803111019459,27320.2909419507,28497.3155419538,422.870350523257,0
432,708,6.66932873091225,2492.83060647199,37.8945576777467,20.466200688832,21.440362094498,31.59159522266,23383.0535061507,33094.2689648826,-1271.38893700392,0
433,709,6.26024834230987,1877.86173258538,37.9001842635437,25.4423546685409,26.835643288749,39.3233391646868,27305.4838335632,28504.8292207503,418.252854083964,0
433,710,6.45707609662313,2423.96862736214,37.877586212926,20.9015148101287,21.9107909514645,32.2675292537153,23349.55709566,33097.1960629414,-1273.7378346079,0
434,711,6.39264154421265,1758.59094258538,37.9001842635437,26.7884341095499,28.3002408479605,41.4162912888126,27292.4169175534,28487.678354309,416.124800898419,0
435,712,6.10644210055934,1424.32436658538,37.9001842635437,31.7071297179624,33.6661568350816,49.0682114132924,27312.5551331979,28500.1937080285,424.844893852643,0
438,713,6.3512309881233,1192.89718458538,37.9001842635437,36.6634336397292,39.0905402294657,56.7837178420313,27304.8621297447,28487.0960516023,398.215067929175,0
445,714,6.59950898135154,1811.9012942783,37.4634391866195,26.0794161282344,27.5236533208688,40.3124409479764,29920.9104968897,26430.4146553358,215.136274497036,0
451,715,5.32754772323894,1163.58725573663,34.8102860836737,36.4036239053938,38.7594722414904,56.3661423607833,19064.9443949969,20791.178718886,-521.558917601002,0
452,716,6.09837823329399,1780.42648532905,36.8999643226294,26.3266867392362,27.7862069439163,40.6951036142964,26411.4481975964,24448.8212670869,-1093.07932507579,0
453,717,6.18781941762919,1726.50477407312,36.948100653926,26.9814306743494,28.4992962031717,41.7133277495712,26383.6077152213,24482.4292985021,-1063.46876027555,0
454,718,5.19448455397712,2510.20017854159,34.5546168950065,19.8971781288847,20.7953665809343,30.699735195875,21499.5866666501,17806.8695308176,-358.910749861499,0
454,719,6.01241213311971,1548.28192429136,36.9277599540806,29.4138870740495,31.149763570418,45.4965425100004,26348.2714629485,24457.2485126743,-976.567395677592,0
455,720,5.41828762680615,2059.30593254159,34.5546168950065,23.1010452121963,24.2578678919504,35.6745900917052,21485.2748991343,17800.1838139382,-331.710748750889,0
455,721,6.02765051970819,1729.89884132905,36.8999643226294,26.9295866381024,28.4422927754317,41.6325521755933,26421.7712085168,24411.8681119728,-1004.79764408243,0
456,722,6.14045789861779,1699.65508007312,36.948100653926,27.3171883760617,28.8648545463864,42.2354492533116,26381.3443949266,24459.2252245047,-1245.32687992756,0
456,723,6.12412593351867,2132.09673949198,35.3861601257241,22.6378802838915,23.7652574016208,34.9575990222723,23672.4655586806,19866.9945664078,-1025.17421638281,0
457,724,6.17472528272228,2940.36283549198,35.3861601257241,17.8055758806324,18.5512329122193,27.4565176778553,23668.2477218526,19867.3366632059,-981.867565400512,0
457,725,6.31070621418285,1425.96000407312,36.948100653926,31.4297204328808,33.3505321700145,48.6330105987273,26407.8942284578,24465.606027052,-952.373362787058,0
458,726,5.94203358176911,2650.74296149198,35.3861601257241,19.2186652761928,20.0717612398824,29.648849180257,23663.9514844755,19880.2107334938,-1025.09132731638,0
458,727,5.81623278095839,1799.72126132905,36.8999643226294,26.1050148235227,27.5450741915147,40.350453254539,26405.6205623076,24422.4632802535,-985.466754702965,0
459,728,5.97247769127636,2683.91411749198,35.3861601257241,19.0424090081122,19.8818970483981,29.3753392046777,23688.2627674189,19864.209476956,-989.97266977685,0
459,729,6.37143897191587,1585.16599532905,36.8999643226294,28.8599652128991,30.5453276397341,44.6347774648951,26390.8953799461,24432.9518783558,-1050.53112861046,0
460,730,6.27956138924276,2477.9829284378,35.3562005700609,20.2035996274974,21.1334740080295,31.1774530890945,23652.9293210495,19888.5652518135,-1000.33126274276,0
460,731,5.94882560879593,2465.28744102439,36.8016052494813,20.4858317488811,21.451662510409,31.6193343868642,26388.1623272084,24426.8912241709,-1145.94961582575,0
461,732,5.75314576922847,2115.6992804378,35.3562005700609,22.7665672109682,23.9042962922992,35.1574111897489,23669.5165363319,19871.8065190563,-951.536038271806,0
461,733,6.22954374015538,1750.65718605683,37.0633294857149,26.7117008257517,28.2070539124065,41.294281464446,26866.8924264239,25080.4753094957,-1035.67754055141,0
462,734,6.01737838841375,2643.54296677634,35.57693635392,19.2825393170005,20.1422906906896,29.7484435548391,23844.3747158918,20714.3087244228,-1152.85294282421,0
462,735,6.29999893325963,1647.11628086962,36.9085166524204,27.9957379737881,29.6034787165326,43.2905918183395,27092.62301861,24612.6955064338,-1118.75594812716,0
463,736,5.62426372641021,3968.23323724931,37.735521116731,14.5506446057619,15.0800087519726,22.4153074712183,24184.1388317028,33514.7550291264,-917.654345862782,0
463,737,5.85601341796234,2710.19364277634,35.57693635392,18.9300065688949,19.7625231998469,29.2013873752675,23839.8958497404,20729.5884598137,-1071.42469499504,0
463,738,5.78280641880088,2602.71601934924,37.336292447355,19.7398769805586,20.6510353228296,30.4625795424973,28599.3810721028,26164.4542261653,-69.754509761947,0
464,739,5.6717205536349,3213.86613401249,37.3259764914698,16.8923636041084,17.585425732801,26.0443691086628,28717.4824012936,26174.5598977613,-30.6569674918712,0
464,740,6.523215287665,3737.63607094591,37.5735661683442,15.1709021107497,15.7420793412767,23.3761187080261,23011.3461991602,37278.5773199505,-1238.89939780144,0
464,741,6.06971308075017,2094.06066976298,35.5560755770076,22.9803338294922,24.1379730176437,35.4900792188988,23814.3165826914,20781.3011229199,-1085.5553873999,0
464,742,5.92915295976411,2170.38405445806,37.74022413524,22.7162120445714,23.8742174136844,35.0859688679286,24222.9757432465,33513.3422893763,-983.603889000648,0
465,743,5.9497112719498,4164.13257185959,37.4324864879781,14.0393678420516,14.5323667144517,21.6227908096406,23058.2880339945,37898.9705399286,547.037115359241,0
465,744,5.82934955237358,3436.98951401249,37.3259764914698,16.0898491160033,16.7244812431898,24.8000331564705,28710.4115168578,26166.1236128946,-68.0607402554705,0
466,745,6.02213504555712,4218.95528585959,37.4324864879781,13.9105883387404,14.3950111070014,21.4233339057987,23042.3898541739,37879.3945321049,547.552632888589,0
466,746,6.09445672148636,2371.06327001249,37.3259764914698,21.173653460907,22.1999921409754,32.6887396054947,28740.696671776,26157.1389026421,-43.1942722901169,0
467,747,6.14782252415856,4166.53340585959,37.4324864879781,14.0336633917751,14.5262814066071,21.6139553477094,23053.3374017967,37872.4485418665,517.442493216569,0
468,748,5.9977088558899,4565.09387585959,37.4324864879781,13.162997866297,13.5985605222887,20.2657024212794,23048.0939430604,37900.7502688937,521.248579508874,0
469,749,6.08684549541838,3934.2472098596,37.4324864879781,14.6150107397644,15.1468949812648,22.5145128217926,23061.7648716699,37888.9948100132,512.00576054307,0
470,750,6.03918123074466,4631.65480668891,37.4247450988867,13.0304149664015,13.4574401375425,20.0604351677998,23065.4269879033,37920.0365667836,528.850772490797,0
471,751,6.05453556428457,4196.48712468891,37.4247450988867,13.9624040710176,14.4502263554043,21.5035733073833,23045.4833156862,37895.3892255464,537.453200143732,0
472,752,6.04491859100215,4351.41800868891,37.4247450988867,13.611124358126,14.0757389571517,20.9595538063736,23066.3263623154,37904.6544333133,516.905295509736,0
480,753,6.73257372190797,1340.94170344486,37.3012205908415,33.1345593032417,35.2187388126552,51.2875737236303,23368.3662477917,28666.0046217321,-1209.44700379695,0
482,754,6.35166336992414,2327.95346898413,37.1324151399166,21.4414665915561,22.487854584266,33.1041572763373,27564.695818373,26494.9689571411,-1272.20216765088,0
483,755,6.58653939565075,2230.42844329048,37.1664627121163,22.1565236138844,23.2621609322829,34.2149026481632,27573.1424728052,26533.6756823246,-1222.87264856619,0
484,756,6.53648653600395,2082.95827098413,37.1324151399166,23.3435148121586,24.5482020806623,36.0589383586748,27533.6581119977,26502.0882662773,-1279.9422383595,0
485,757,6.92507794335188,2289.98674729048,37.1664627121163,21.7161486132092,22.7854079987282,33.5308692883676,27554.9492577822,26538.0137268589,-1232.00703706363,0
486,758,6.6992735979648,2275.16324929048,37.1664627121163,21.8237148001594,22.9018338865223,33.6979442016611,27554.9191553967,26542.9439476106,-1231.19781051717,0
487,759,6.46302311232483,2158.79989129048,37.1664627121163,22.7165668692205,23.8688649811726,35.0849292106488,27539.5958937929,26542.3492774172,-1275.60924949783,0
488,760,6.78565851877948,2116.02539929048,37.1664627121163,23.0681286837351,24.2499372011795,35.6311424923293,27542.0876068083,26497.2560648925,-1313.94646170706,0
489,761,6.98758647608703,2233.13764129048,37.1664627121163,22.1360094520847,23.2399459607233,34.1830362939623,27577.5215805957,26502.316956322,-1261.57837561248,0
489,762,7.22503899054001,1405.41941897182,37.3271877183898,31.9011413602138,33.8706511024677,49.3680320780108,23401.2189216385,28696.7178881677,-1184.69089875702,0
490,763,7.13243326993267,2505.96396160604,37.1011525943175,20.2766674826566,21.2284729741175,31.2953431394776,27591.709250083,26504.1886885227,-1397.97965079471,0
490,764,6.69947846751104,1380.70083704211,37.3274061303552,32.36357546552,34.3760926217572,50.0877111606019,23450.8078146667,28666.4650516246,-1162.59568676943,0
491,765,6.92897419185707,2357.74997714023,37.1333816197727,21.2358511225833,22.2654480692985,32.7848302479463,27574.7690555995,26500.3075211632,-1327.07428426764,0
492,766,6.40783632913014,2099.93564714023,37.1333816197727,23.1983259420946,24.3907650131298,35.8333444332504,27548.2260310886,26555.5089258483,-1249.40836035747,0
493,767,6.67545539380547,2202.70999360604,37.1011525943175,22.3587575362903,23.4805447591946,34.5288785854402,27572.501825558,26573.0279842407,-1168.74316924981,0
501,768,6.09254022155695,762.252481726627,37.3672155506113,53.3527183389194,57.4231850112245,82.7840037533435,23418.7259581078,28666.5226874661,-1174.3588934884,0
504,769,7.01396642219868,1002.21439286369,37.3461270380649,42.1987793068223,45.1548066903311,65.4025391250761,23371.275667219,28653.382029431,-1205.55624060291,0
526,770,7.82322706379178,3809.77961564396,35.4793315432061,14.7853780294907,15.3162966288151,22.7749906886993,31824.5736903724,15747.1338057317,1251.86176283057,0
527,771,7.88807431790114,5144.31292964396,35.4793315432061,11.9988929728968,12.3519618020533,18.4613375198316,31840.4766671171,15759.7088758982,1267.81325945939,0
535,772,6.34008109110285,5243.45369103613,35.7094978808391,11.8575963760407,12.2034289674907,18.2430921624174,18283.7531720324,25825.0168820874,639.669555217997,0
536,773,6.17554707742373,4970.77181103613,35.7094978808391,12.2987407714,12.6710382164913,18.9255462792075,18284.7359827426,25805.7659898597,672.534484968747,0
536,774,5.5223222769444,2718.48060517921,36.5625171849164,19.0120232723154,19.8594212490684,29.331020005774,18108.8270624084,31338.5301781671,-122.032411344386,0
537,775,6.07826569097198,3844.82471703613,35.7094978808391,14.7096030439458,15.2369090531505,22.6580233682482,18325.2524111161,25822.7150165991,677.530177034457,0
537,776,5.24288946067509,2422.69345117921,36.5625171849164,20.7222116014974,21.7048161705508,31.9857377396609,18116.5429513067,31329.6868104084,-105.299072815921,0
538,777,8.41890678069786,3216.30688679174,36.9302657716602,16.8421051526409,17.5285358435711,25.9656212551164,22518.6050926138,27486.9973140295,-1408.13668790548,0
538,778,9.16446054506786,2554.01384292805,37.1938155445594,20.0021322928042,20.9328592583748,30.8693555455496,23524.6293713088,28219.4546740692,-388.261207033921,0
539,779,8.05428538603906,2013.97362479174,36.9302657716602,23.9223786660614,25.1740630199897,36.9578670800399,22487.6119898917,27508.0274557019,-1400.67212261309,0
540,780,7.13959920711014,3728.26638624568,35.5677591942426,15.0217626108076,15.5693616727762,23.1413677600239,17397.1313244429,25771.6356538813,922.836347011196,0
540,781,3.77095434935027,3146.27671479478,35.3769719380061,16.9479708671058,17.6303064976869,26.1265163296187,16827.3905119772,26216.2528307047,126.0600728918,0
541,782,6.93072053805765,2373.33699624568,35.5677591942426,20.8995220080224,21.8868901754302,32.2584167789996,17415.2623487095,25746.3893534571,941.946121649895,0
542,783,7.83782497075239,1777.41612081302,36.8633101118847,26.3542178266745,27.8157334593732,40.7377910163213,22504.2463684028,27464.6645546455,-1362.04669454911,0
543,784,8.027291591457,1654.53306681302,36.8633101118847,27.8862185977236,29.483608255374,43.1201066866827,22557.7309345198,27460.1768653201,-1265.26355706135,0
544,785,7.73622187081061,2034.96613881302,36.8633101118847,23.7199061881237,24.9536623632559,36.6430299319016,22521.2820316457,27516.0543970713,-1338.11399422449,0
544,786,7.1000426811351,2015.01382578624,35.7999353349977,23.712180945592,24.9338624674645,36.6278566237797,17914.0315319166,26482.6233852963,919.319267393074,0
548,787,7.53151961700914,2273.39758881302,36.8633101118847,21.7900175059399,22.8624105053782,33.6447872439035,22508.0309900022,27515.2207917271,-1318.27988192357,0
549,788,8.09957730446976,2564.03065881302,36.8633101118847,19.8992386784191,20.8188488429659,30.7088095267864,22493.3069145426,27487.0919342864,-1310.68253540845,0
550,789,8.60203290534544,2024.40281607874,36.834479962044,23.8102995267985,25.0514287458653,36.7834130056241,22478.3389570642,27448.5817462182,-1343.46544555339,0
551,790,8.36855205568405,1890.96930807874,36.834479962044,25.1029234889689,26.4549413839961,38.7924122573932,22488.9044683458,27470.5244032408,-1344.55659723547,0
553,791,8.13337718274096,1673.02203807874,36.834479962044,27.6356364967002,29.2102975907215,42.7303006086135,22494.4762058873,27540.9464213573,-1391.02274818404,0
554,792,8.5453855327857,1678.55056407874,36.834479962044,27.5636175432745,29.1318580733092,42.6182990264742,22471.0939071494,27470.7053760841,-1370.4122007056,0
555,793,8.44137157202487,1293.52798675661,36.7953564409138,33.9752732035911,36.1313309048833,52.5942036332483,22513.6010476732,27475.2278154536,-1471.00881177874,0
583,794,7.89169091273874,2812.66525604318,37.1665014592757,18.6114425891263,19.4329445296208,28.7107984514014,21709.7148892861,30559.0645854612,1086.81975579769,0
583,795,6.64343502992095,2561.66927014738,37.3483904647498,19.9779851689997,20.9081603859178,30.832247343457,22833.7264319163,30486.3866813411,-1141.01504168758,0
584,796,7.00663776851628,2063.27465804318,37.1665014592757,23.5207233018758,24.7407641323236,36.3343966869336,21690.3001348609,30535.0259784465,1060.24874778994,0
590,797,5.47543383939029,3688.45739316495,37.3454265951513,15.2952535303667,15.8736313945003,23.5684199308893,26025.5117882464,36931.2204418091,-362.292502977644,0
591,798,5.18707524830841,6049.40230716495,37.3454265951513,10.8483212240728,11.1431992423957,16.6843760939036,26021.4614768994,36933.55094254,-335.816932405004,0
592,799,5.141632540573,2864.99335716495,37.3454265951513,18.3805110098109,19.1857121223822,28.3528670378386,26053.150975548,36909.4582517726,-346.342441246315,0
593,800,5.959897327518,3942.1328093676,34.4661375097021,14.3477760939114,14.842743663659,22.0953463685193,17105.3527311687,20556.2590280837,462.102561067875,0
594,801,5.98201899085935,5117.9467673676,34.4661375097021,11.9777244022874,12.3243087603164,18.4271526616148,17091.5402361666,20553.2608059877,455.845638879337,0
594,802,5.11239520996944,1848.99843411062,34.8233485668987,25.1502989147723,26.4833054799424,38.8596317780697,24921.9123106996,17228.8385029785,-502.080328767673,0
595,803,6.17793470826933,4673.53420314981,37.6441572908321,12.9638881047645,13.387847933055,19.9577726957043,24918.4549978269,33694.3152871819,464.349823091512,0
595,804,6.02357922817143,4219.8366173676,34.4661375097021,13.6803285705436,14.1318447342276,21.0618619915319,17109.8278115809,20564.0758154432,434.408454989153,0
595,805,5.44322438663211,1979.83287411062,34.8233485668987,23.8573791289238,25.0804725096406,36.850458472426,24916.8288436211,17224.2685406687,-483.812870220538,0
596,806,6.10972231335198,4713.59949714981,37.6441572908321,12.8871708118221,13.3062456836637,19.839012769434,24913.3696406688,33694.7339608848,478.262982010295,0
596,807,6.08383703903499,3038.3179253676,34.4661375097021,17.2808513691568,17.9801979770503,26.6406707151843,17098.8068178262,20548.3718572162,458.391709764802,0
596,808,5.28902705845214,1871.85782089282,34.8422585956658,24.9157217532951,26.2288583795625,38.4951220376729,24960.1671400517,17206.0061066671,-519.061168726639,0
597,809,5.99211227578852,4961.28186714981,37.6441572908321,12.4379528037463,12.828785008068,19.1437135011417,24898.6086605054,33686.6214795323,442.561416595066,0
597,810,5.40239675369038,1742.14670689282,34.8422585956658,26.3470264098317,27.7837424819358,40.7198861900356,24951.4551218358,17182.954611746,-510.844265486111,0
598,811,6.06169070472259,3258.23154714981,37.6441572908321,16.7569990047417,17.4424266894521,25.835092344357,24910.248115497,33674.7573120925,405.581276056124,0
599,812,6.51786407563193,1511.29545364323,36.7326994751546,29.940861670995,31.7221925130327,46.3156599712249,23776.048949901,26658.3524022829,-1085.48557711978,0
601,813,5.78197895129112,2802.11917119353,36.5113342019026,18.583811389245,19.3977386245761,28.6664184649663,22771.8775608122,26297.3336953592,-921.177926605071,0
602,814,5.85377016629083,2467.21384119353,36.5113342019026,20.4330123377777,21.3919326971556,31.5365863832979,22789.804388184,26277.4522023635,-995.174936963087,0
603,815,6.14144451758925,3005.85967119353,36.5113342019026,17.6484433545568,18.3914462476412,27.2152997571494,22812.037073177,26254.8110480157,-1026.50918345519,0
604,816,5.84045096224639,3762.57508126903,36.5418727726483,15.0096101551638,15.5628616835897,23.1243258713649,22804.4398013888,26282.6357677341,-929.210654779426,0
605,817,5.99394060038154,3813.02446719353,36.5113342019026,14.8654542862749,15.4086049983037,22.9009154867824,22801.3065467505,26289.9189092958,-988.671358071404,0
606,818,5.9195258931865,4284.09452919353,36.5113342019026,13.6925557078235,14.1572016074772,21.0841916765552,22793.6510598631,26280.4205089961,-959.328974873931,0
606,819,8.75470507168385,4902.06636850322,36.3181602939448,12.4563691664283,12.8414929107369,19.1703269250925,21753.1034206701,25792.1378374664,-867.150563214605,0
607,820,5.97849193186684,2642.23531765206,36.248682238843,19.3775639968414,20.2506769800744,29.897565230122,20950.9573094426,25919.2077492245,245.113929672675,0
607,821,6.41652971245983,3036.20411336233,37.054336946385,17.5793200594204,18.3214059170202,27.1092560839813,25779.3045629186,28122.7602643809,-1062.48019306951,0
608,822,5.9978758040054,2375.98502965206,36.248682238843,20.9826098889324,21.9832371902062,32.389245409006,20974.5190070579,25876.9464679042,318.762481238498,0
609,823,7.53162148576643,1933.90924266165,36.2234349514903,24.5549205787355,25.8529499971761,37.9387647588298,20886.1128267049,25707.2408960049,16.8810437067866,0
609,824,4.62515434821276,1893.79986703525,35.9757361908596,24.9101491170585,26.2358843257356,38.4900930944855,21117.4719541217,25299.0933682773,-605.987687647528,0
610,825,6.93397212758259,4930.45979117639,37.3637046745248,12.473806253067,12.8654350066202,19.1988059555202,29542.8701739065,32651.623642831,1005.66475238496,0
610,826,5.47114907205702,1714.10744704799,36.1638189016106,26.968113220707,28.4754351674736,41.6900115830149,21163.2146210002,25318.9007011333,-615.667892377781,0
611,827,6.99601191779491,5173.78101317639,37.3637046745248,12.0668474534754,12.4334501930268,18.5690692669892,29543.7426157212,32649.1153491548,1031.18096454804,0
611,828,5.58813377462587,1646.72991304799,36.1638189016106,27.834840567378,29.4190542657549,43.0378094859561,21148.0102466562,25309.9308306639,-670.731138935124,0
612,829,6.96000049402208,4606.23707117639,37.3637046745248,13.0762386539519,13.5058617676622,20.1312830611382,29546.1676074563,32634.5248536398,1008.11885082453,0
612,830,5.5463790444407,1766.46324904799,36.1638189016106,26.3384050700118,27.7903329810054,40.7109239762116,21181.3303823853,25285.053970785,-632.0372399601,0
613,831,7.07633335683973,4765.66125917639,37.3637046745248,12.7707219259605,13.1809380376476,19.658349812847,29546.9044607981,32631.6588899653,1033.81180066458,0
613,832,5.46160455686161,1807.42180234429,36.1480986345099,25.8669628520241,27.2775074519109,39.9779396572997,21156.7061935118,25308.1238080381,-602.666371722717,0
614,833,6.97891069026004,5234.49140585487,37.387966340539,11.9720920782657,12.3330623299308,18.4224963037535,29422.1367215826,32606.3867746723,1021.05103390848,0
614,834,5.49865663057401,1383.24509434429,36.1480986345099,31.9951907942971,33.9574442286113,49.5099210265525,21134.7920916398,25336.048260213,-600.13697341195,0
615,835,6.95944593000277,4558.05091985487,37.387966340539,13.1740828958926,13.6101137305465,20.282796813096,29422.1486277018,32596.5731182082,1053.63922685317,0
615,836,5.30734740800702,1658.20545904799,36.1638189016106,27.6824528264494,29.2530948047722,42.800824904815,21204.0159668966,25295.2788127666,-620.356700860116,0
616,837,5.43290074262916,1739.94394504799,36.1638189016106,26.6528329642568,28.1323694898842,41.1997905109524,21167.6845092474,25282.9817862626,-649.854375292284,0
617,838,5.98849826416711,3679.06787576101,35.2321086091474,15.1339774636063,15.6869732258024,23.314597095691,20926.0500442259,40509.0806712175,356.913790938412,0
617,839,5.81205148373763,2419.19573657113,35.5469811558202,20.5979803934454,21.5610035250562,31.7901937961077,19007.8492184729,23260.2250611162,37.1066027128969,0
617,840,5.45895106096672,1915.96593034429,36.1480986345099,24.7188291270315,26.0300721719076,38.1932763921425,21174.6472017701,25292.1303709174,-639.785462737786,0
618,841,5.58853407219918,4953.47020976101,35.2321086091474,12.2974015669966,12.6671019642224,18.9227811609678,21006.6026566954,40539.4716494792,206.041747126584,0
618,842,5.71644625715625,2479.67913257113,35.5469811558202,20.2202390074615,21.1532277642967,31.2037796335168,19038.6140586597,23200.734122122,-7.90108967116963,0
618,843,5.24899471383779,1719.52584304799,36.1638189016106,26.9012415101456,28.402661684873,41.5860320793769,21180.1311059969,25293.7755131154,-599.176515133014,0
619,844,5.90383962647505,2672.75904857113,35.5469811558202,19.1220994181796,19.9691622954553,29.4993935401778,19006.2550687613,23170.2621816119,13.2615602986079,0
619,845,5.42447010900513,2303.71163434429,36.1480986345099,21.4629930483765,22.5016107617664,33.1349503537771,21156.3095870136,25277.2046658935,-681.067669742391,0
620,846,5.95491476886301,1728.23988277374,36.2224594767982,26.8069602410528,28.3007714454019,41.4396314023704,21140.0142537628,25291.7322705243,-635.928995135069,0
621,847,5.81554813707913,1637.6337550893,36.2402634308331,27.9743027531014,29.5719068193614,43.2549634684223,21183.0482926625,25324.8234243412,-585.699359426894,0
622,848,5.49074444480473,1665.79617277374,36.2224594767982,27.5957134152476,29.1593615460842,42.666136608367,21155.6995624631,25289.2654683561,-750.416562496188,0
623,849,5.2802683208223,1513.26612277374,36.2224594767982,29.7842559975756,31.54470712096,46.0701769714675,21129.5205800499,25322.6619622214,-577.499539832377,0
623,850,6.45671777643645,1662.6858429489,37.2821728791136,27.8697785380434,29.4707574932229,43.0959487625909,23007.8721338666,31336.6862744224,-1150.44805930405,0
624,851,5.53413099696419,1746.5302990893,36.2402634308331,26.5898875895417,28.0648003922834,41.1021755489305,21165.5829301829,25327.2241703905,-678.037507492716,0
625,852,6.1486315609367,1573.08804953093,35.1852402012648,28.6315457007713,30.2744650286293,44.2733870011797,20500.0865968974,20649.8333858512,458.869345806505,0
626,853,5.75023846058173,3713.35289615755,37.525661814447,15.237611746929,15.8131387745014,23.4794149072868,22143.2105178767,35569.8237373621,-890.279648854491,0
627,854,6.19538142277737,2204.86494201899,35.4689037239717,22.0803700367717,23.1626424047801,34.0918833415132,19888.3554862397,22166.0794056204,344.792141920581,0
627,855,5.82999419424988,3414.01955615755,37.525661814447,16.1872162431128,16.8302629901697,24.9513706101328,22166.746167404,35564.975848368,-875.442936257219,0
628,856,6.47985672538748,2006.63094201899,35.4689037239717,23.7289177532803,24.9483836119666,36.6528557945187,19874.9314719405,22161.4052352691,343.928548099334,0
628,857,5.69893892270359,2625.97266921644,37.524247400347,19.6333808996693,20.5377423311985,30.2977146999799,22116.5911322885,35578.9566550133,-958.169565874978,0
629,858,6.14832327321399,1574.78990651762,35.678128543445,28.7239812533747,30.3815892463759,44.4189380744626,22942.1750051878,21836.4163458337,-1048.34121018639,0
629,859,5.77028482275999,1656.61407675676,35.419025749042,27.5372327738508,29.0857043548762,42.5724144140127,18994.1525199131,22606.7311074612,4.33381051502286,0
630,860,5.91403148946188,2048.71975032051,35.7259346799234,23.398758807849,24.5932391400463,36.1406519037922,22940.5663735225,21816.2793717325,-1067.90638776658,0
631,861,6.70640658459787,2164.66461432051,35.7259346799234,22.4339219719326,23.5479760747937,34.6417677259359,22971.6324485254,21849.184128453,-1098.21533812982,0
632,862,6.44298918882703,2021.83865502748,34.3671688789651,23.3939203327205,24.5730368424097,36.1289869458246,24204.3405067695,15537.8406852527,773.779933000817,0
632,863,5.77907383334747,1462.2929541922,33.7883669334741,29.9821040902833,31.7273450738664,46.3686987505055,16732.6655233424,17757.1782456442,206.246536739592,0
632,864,6.16720241091737,1804.98003432051,35.7259346799234,25.8089795843623,27.2095281995795,39.8864249162236,22967.5679937417,21841.7796610674,-1090.28149427101,0
633,865,5.78945192421811,2264.60625427579,33.7169286724465,21.3600662067015,22.3657143456507,32.9683047952929,16704.0537054466,17751.8871120892,270.333200182118,0
633,866,6.83587900369856,1963.20544302748,34.3671688789651,23.9276692257702,25.1514877427634,36.9582311677452,24223.7987398881,15526.5385150046,793.453910677004,0
633,867,6.36845335812526,2039.27059632051,35.7259346799234,23.4819687638579,24.6834438044562,36.2699360879971,22953.9951730961,21844.424840529,-1075.71022597616,0
634,868,5.95391163576045,2477.0177791314,33.7591206519255,19.9812902987854,20.8783767948991,30.8281599326329,16699.0173471137,17759.0807827633,251.360237575114,0
635,869,6.11804289082847,2252.7490471314,33.7591206519255,21.4513636152981,22.4647796566306,33.1101780305392,16706.4319947942,17765.5854089181,269.753182517321,0
635,870,5.65776928357101,1606.54435806838,35.5069302985475,28.2331750890565,29.8446454738394,43.6549862227695,18991.5700472852,22881.1768049315,-529.497559519542,0
636,871,5.91381146711244,2073.57475627579,33.7169286724465,22.8323465378362,23.9576357338865,35.2546337880535,16721.1789903789,17759.0554992518,241.697793220854,0
636,872,5.45059892800369,1745.88083406838,35.5069302985475,26.4436059208251,27.8968779748541,40.8722920316428,18953.0001349042,22854.4056609256,-481.132719429862,0
637,873,5.47974255464384,2203.63631823744,35.6846161507799,22.1245717506655,23.2126900695645,34.1611494581442,19604.2906934329,23167.5662461787,-355.299200858677,0
638,874,5.5290899445393,2277.76143403454,35.6521664725245,21.5711197964539,22.613627357497,33.3015066908573,19713.4245561402,23006.8103131746,-197.855543765775,0
638,875,5.26689244068824,2308.75095916284,34.8965392681232,21.2356712001264,22.2434364797941,32.7785125900546,20646.1448395444,19551.3485699112,-675.848579046568,0
639,876,5.11839595115906,2145.3952643575,35.4132339993242,22.5353326388557,23.6545080257967,34.7983865714853,19551.943721945,22207.8543386603,-435.533581117945,0
640,877,5.29892769341902,2065.18385505295,35.5168548524519,23.2191440115541,24.3963096679769,35.8609682321063,19652.6204349563,22195.0704731221,-573.243071827102,0
641,878,5.3866272087345,1956.18571700883,35.4787408147281,24.2007026441221,25.4602032214945,37.3859792254991,19603.8485707504,22182.4542078084,-619.601925928331,0
642,879,5.34079428669212,1711.87332500883,35.4787408147281,26.848553857854,28.3369973611925,41.5017898173103,19633.5781290735,22193.6201847947,-606.65597609082,0
643,880,5.40999917893842,1628.74720100883,35.4787408147281,27.9219425114483,29.5053183107422,43.1708704014641,19642.0483299189,22195.4332964685,-673.336637650912,0
644,881,5.54702375052957,1664.64104505295,35.5168548524519,27.4543413830666,28.9966994713056,42.4438602981559,19610.0822133993,22202.5215379251,-530.154215963765,0
645,882,5.46060475537128,1894.57899500883,35.4787408147281,24.8069442826401,26.1181538925676,38.3281163409968,19655.010972324,22158.0525890146,-679.533269355448,0
645,883,7.08989268014017,1601.11484918309,37.2518352038127,28.7114330500822,30.3877414676291,44.4049518103357,27343.7315195748,28664.8283524392,-1169.49023448767,0
646,884,5.18729119198793,1877.34612705295,35.5168548524519,24.9906962532064,26.3181055456655,38.6138252746709,19632.0407900351,22204.2224636368,-662.358282145199,0
647,885,5.41529934588552,2012.63835500883,35.4787408147281,23.6762070767331,24.8913380388622,36.5709852088817,19607.4801342912,22193.9596400367,-618.196665721022,0
648,886,5.4665365108157,1923.40249305295,35.5168548524519,24.5259033098186,25.8135187134743,37.8914654856094,19631.6244534494,22191.8094359371,-679.511115679185,0
648,887,6.32230249623121,3023.26694809026,37.0876615272396,17.6381370006005,18.3848987369623,27.2005634417486,30108.9155384447,28504.1284034916,557.742347861127,0
648,888,8.43338682169588,3611.05213694493,37.2399294462289,15.5199538086942,16.1134155838907,23.9164751947391,29140.2406236783,28957.0547068825,1269.54652159758,0
649,889,5.17704398107961,1765.27783905295,35.5168548524519,26.2180182785094,27.6516980729174,40.5216134818942,19599.0865849903,22198.740711179,-627.689388554541,0
649,890,8.06059726560444,2544.40339982282,37.0906107300136,20.0448370683166,20.9780438607541,30.9353982127232,30958.0537226763,30386.8614496948,-1486.54851304111,0
650,891,5.51717556044795,1633.0541394097,35.497871422666,27.8681107379488,29.4469412420747,43.0872237788576,19611.6343831114,22168.6339869978,-573.680270524185,0
651,892,5.33122093142841,1897.4101914097,35.497871422666,24.7819320217013,26.0912186012344,38.2893040941988,19624.5268847411,22181.5284899639,-655.166618686524,0
652,893,5.27265321978701,2121.1062474097,35.497871422666,22.7461994331481,23.8837401407265,35.1261880061248,19621.2093103637,22194.2450735069,-650.657525633723,0
653,894,5.37316262244874,2144.91635340971,35.497871422666,22.5532866812547,23.6748361726739,34.826521429531,19630.6413307167,22177.4090758339,-609.668007968228,0
654,895,5.45012042924265,2220.7738974097,35.497871422666,21.964808103842,23.0379024536102,33.9124837089944,19607.4969438757,22199.2714333186,-614.565583041596,0
655,896,5.29220447534146,2328.98763540971,35.497871422666,21.1881290891551,22.1980540606549,32.7063503866174,19583.42228832,22161.8750707175,-603.558824351222,0
660,897,5.91783956228671,1383.146875965,35.6446425331474,31.8592229405432,33.801912992622,49.2963819808269,28405.1574355781,19084.8342454969,-99.9767881967795,0
661,898,6.56264397247113,2910.35958428904,37.4168479994536,18.1767670357016,18.9669431063375,28.0368975571582,23306.125940172,36893.6788073815,883.849010091031,0
661,899,5.8352733774179,1942.95205591849,35.6587719283204,24.3614232320274,25.6366145469057,37.6362989223144,28585.0289216787,19058.0452634166,43.9221572230496,0
662,900,6.32191554792043,4770.67554428904,37.4168479994536,12.7649214396474,13.175052470616,19.6494488382856,23276.7262461182,36867.544803502,809.430480657034,0
662,901,5.72243084075986,1688.66188591849,35.6587719283204,27.1774917538595,28.697134443295,42.0138619636855,28587.3102040762,19052.3614555548,60.7468111442278,0
663,902,6.01690893910586,3829.83492000676,37.2236105103842,14.8796432954342,15.4283641976559,22.9241660310203,22465.0655156791,37855.0862822804,131.657860577164,0
663,903,5.82338695046946,1831.52252191849,35.6587719283204,25.5035255021606,26.8767965986721,39.4113866199872,28594.4339410012,19046.7172410122,73.461822868183,0
663,904,8.80240435225177,3319.6203167019,37.462865208503,16.51315754431,17.1794150327229,25.45661397886,22820.7679175755,36548.6669635263,-1480.18116771358,0
664,905,6.55564648702742,2102.16735668548,37.2429985847155,23.1977776042233,24.3912963044454,35.8328047795983,19905.8922032295,36795.0992528082,1093.93998047571,0
664,906,5.74575488306735,1753.17603991849,35.6587719283204,26.3892589401997,27.8396097630378,40.7883094033906,28559.9723212197,19036.2382900137,93.6931019842424,0
665,907,8.03829732013536,2158.12343574201,36.8563795883894,22.671443850536,23.8168336043215,35.013957492372,22507.3264063622,27510.6615872973,-1398.0727071329,0
666,908,8.39431997663871,2274.24450774201,36.8563795883894,21.7827804414785,22.8545104516949,33.6335278982099,22521.8584183935,27490.6668672638,-1385.39039642285,0
667,909,8.06570375269803,2847.58128774201,36.8563795883894,18.4054481177712,19.2085684483417,28.3904576217232,22506.6363190127,27538.536787869,-1334.12860364873,0
667,910,6.55530044093537,1888.07768884335,36.2220523235475,25.0159600272995,26.3535942164985,38.6553289486568,22148.6857344311,23239.4453632425,619.302890643007,0
668,911,7.2086915186561,3624.08214129091,36.6650644285616,15.4279105714984,16.0110279694319,23.7727545831498,24693.2569019692,24194.861664485,1071.14724588834,0
668,912,8.12396166315166,2986.23495774201,36.8563795883894,17.7723520558813,18.5273935404215,27.4082592537149,22489.2010782323,27501.3084816415,-1393.27572289384,0
669,913,6.95546859688035,3607.58466729091,36.6650644285616,15.478379523034,16.0650320601442,23.8509703084947,24670.6545643163,24187.8989480107,1043.96353988663,0
669,914,8.52045672552435,3039.67003374201,36.8563795883894,17.5427613740743,18.2805654460612,27.0521229375376,22476.0075540852,27524.6942096623,-1381.11216129757,0
670,915,7.03822848317592,3291.5286532575,36.67231861388,16.5356715419989,17.1978289783014,25.4899405196238,24711.755538489,24187.7229788245,1048.49564006772,0
670,916,8.32005953426077,2980.78690600417,36.8348676559468,17.7937583024537,18.550241871211,27.4414186451789,22483.6797848684,27497.441688056,-1335.01659883783,0
670,917,3.3662814300638,2250.27278597411,36.5795905255688,21.9159509728072,22.9959176227863,33.8396154061722,21704.0227449912,27345.9378441848,-626.419886408611,0
671,918,6.95170042259106,3782.77452905547,36.6819367768328,14.9646349540813,15.5157074514284,23.0548919123224,24831.1113589402,24207.3721658698,1068.48935642853,0
671,919,8.75879678288742,2196.90359200417,36.8348676559468,22.3613307502669,23.4806733480413,34.5321390823542,22478.3919771415,27464.6429504648,-1417.25080177086,0
672,920,7.1260279014785,2720.52662705547,36.6819367768328,19.0164269282166,19.8651893295154,29.3381364778457,24826.524583434,24201.6621800201,1061.58025701361,0
674,921,7.19481260925325,1897.7233732575,36.67231861388,25.0026298584987,26.3441691783975,38.6360140590547,24829.1309691216,24205.7741736197,1056.61760972427,0
675,922,6.86915285083852,3223.09386905547,36.6819367768328,16.7906104351598,17.471417116393,25.8852592544719,24841.4124426029,24213.6638601075,1085.12972842367,0
676,923,7.00273880108247,3002.5695592575,36.67231861388,17.6807046379833,18.4274003680542,27.26569339425,24838.1029604196,24226.0957343891,1083.12904081778,0
677,924,7.05782453136062,2936.82194705547,36.6819367768328,17.9715023231168,18.740181454439,27.7168145729678,24845.9831791437,24221.86553204,1056.61777180324,0
678,925,7.0720715698308,2878.69533305547,36.6819367768328,18.2378949982407,19.026790966961,28.1300978665644,24847.5604115464,24241.7610504153,1065.59535999346,0
679,926,6.96955394013183,2292.0768772575,36.67231861388,21.6257672584497,22.6828115454862,33.3891651530411,24813.716359685,24232.9453448621,1036.38720905337,0
680,927,8.11686690616538,1264.56763137222,36.665233407614,34.5713871955125,36.7817523270508,53.5216175802695,24782.6584170117,24193.094982052,1142.57308075631,0
681,928,7.46836261891221,1833.27413325598,36.6769841639774,25.6862655294755,27.0871679116026,39.6987268875728,24847.6868655491,24226.3170348503,1102.83478231901,0
682,929,7.04540009686879,3699.93358125598,36.6769841639774,15.2022605342423,15.7697282419318,23.4230900179732,24852.2404855428,24200.7749243615,1059.68239623661,0
683,930,7.00817541565938,5086.75661925598,36.6769841639774,12.1660280057604,12.5352402394195,18.7215820493554,24838.9982192265,24209.9799606129,1077.22229161229,0
684,931,7.16053644976826,3865.04047725598,36.6769841639774,14.7370982382299,15.2725432254133,22.7023462759985,24855.4456547745,24217.7675971132,1095.34777982725,0
685,932,6.88631418347252,4451.53159737222,36.665233407614,13.341634374092,13.7844086998855,20.5410887420131,24819.3764510582,24207.0152805565,1047.34219643615,0
686,933,7.00093129120203,5154.15617925598,36.6769841639774,12.0566792594256,12.4192623509311,18.5523996363944,24841.326159075,24197.1525885631,1064.08016078395,0
687,934,6.93975434991263,4314.23872125598,36.6769841639774,13.6378433815676,14.099887780591,20.9997389009187,24842.6908743826,24201.6225961122,1088.48562272247,0
688,935,7.05294387051343,3750.15286125598,36.6769841639774,15.0567954204947,15.6141898854222,23.1976833536817,24834.9093111881,24217.9949268683,1055.16028553672,0
688,936,5.16870675686076,1538.71507651431,36.7730926077234,29.5228615875733,31.2666699511508,45.6655200894173,18716.3211469345,31906.9299778962,-466.075094165703,0
689,937,6.89589332434779,5270.34332925598,36.6769841639774,11.8741115374914,12.2257133399045,18.2699579240732,24831.2530785946,24225.8424537721,1091.10443618918,0
689,938,5.31433478539322,1234.29373051431,36.7730926077234,35.2985319621327,37.5792405417182,54.6540380113846,18718.0956927733,31935.7862316947,-475.291691541158,0
690,939,6.91701340489063,5255.17717253598,36.6837525585331,11.8979328525538,12.2509945046148,18.3068181825765,24810.9006900128,24235.23133021,1116.29803051728,0
690,940,5.36708840886244,1505.98518879812,36.7911616733495,30.0398315485058,31.8309454312274,46.469844874135,18703.7600108629,31942.305183945,-500.388930939301,0
691,941,6.90652983249923,6469.44852653598,36.6837525585331,10.3390466761769,10.6028584930728,15.8963783945025,24822.4186832015,24220.4047189268,1066.37203869024,0
691,942,5.24247225322639,1672.86563535699,36.8121250635974,27.632796754182,29.2069344415387,42.7258090204855,18756.8056301546,31912.1830321593,-634.261826012018,0
692,943,6.79991708584058,6227.09644853598,36.6837525585331,10.6065271939859,10.8850372022864,16.3098035662344,24809.720348673,24231.0096258634,1065.49816810931,0
692,944,5.69529120693772,1577.63576679812,36.7911616733495,28.9442964519521,30.6359152094795,44.7655755834696,18722.7954492059,31937.47575955,-540.574845468414,0
693,945,6.92527558243791,6129.15974219195,36.6990922151381,10.7207277464528,11.005659066296,16.4863551329228,24830.4172492998,24223.546359065,1078.07487208764,0
693,946,5.41291045493224,1623.89036679812,36.7911616733495,28.2865352324191,29.9189112138611,43.7424723056831,18773.9925976794,31920.1241195577,-511.331783260398,0
694,947,6.89878969464589,5440.67103419195,36.6990922151381,11.6204712963416,11.957104747096,17.877642447991,24833.3983567231,24221.0039518429,1081.71035093255,0
694,948,5.50071340767897,4497.93261072187,37.3252369891836,13.2922761433541,13.735576680617,20.4656917680319,24124.5590247859,29436.4605243732,-736.382899184521,0
694,949,5.23805869841001,1498.04527335699,36.8121250635974,30.1726347256652,31.9761481983628,46.676535441192,18720.6496893706,31919.3191235032,-516.762822947536,0
695,950,6.78025876684224,5805.09120419195,36.6990922151381,11.1203964836381,11.4279440789344,17.1042731766358,24824.8183574061,24235.1631598759,1092.73979445809,0
695,951,5.80792398349064,4049.90174472187,37.3252369891836,14.3094051870629,14.8198822141587,22.0408923445977,24126.5892370306,29458.5246479313,-703.10548788159,0
695,952,5.79521638076529,1620.45431079812,36.7911616733495,28.3341561622151,29.9708082778153,43.8165397113235,18744.519523054,31938.3510377827,-541.555665426529,0
696,953,6.98926698882776,6556.36312253598,36.6837525585331,10.2474223467168,10.5062607909119,15.7547781533351,24818.0107346606,24232.7760713857,1089.11398842818,0
696,954,5.53050100353651,4069.22471773399,37.3461271233762,14.2629767373816,14.7704517159734,21.969007536076,24120.9965366163,29474.4604412608,-770.680342367591,0
696,955,5.27290509967585,1986.37224879812,36.7911616733495,24.1540772629111,25.4240342793851,37.3175273997029,18721.1327971809,31933.1120864441,-503.529745244583,0
697,956,6.95206992600676,7258.21250219195,36.6990922151381,9.5801703083096,9.80382047410861,14.7238598213781,24830.6547350257,24224.6142874941,1099.7696587307,0
697,957,5.57582163095506,4576.9365161341,37.304174986514,13.1303704061437,13.5631351362988,20.2149960430357,24031.2150821725,29192.0785487785,-413.451936675,0
697,958,5.56775024101002,4198.6197326547,37.058512996872,13.9294432055387,14.4129099678922,21.4519276248876,24030.8710826413,29190.5515213261,-413.635004234688,0
698,959,7.01716489673546,6557.96191019195,36.6990922151381,10.2464704512272,10.5053191826703,15.753324143581,24823.7367143594,24221.7717246338,1081.38282179754,0
698,960,5.48105306125384,5550.98725849086,37.2607154622101,11.4942622326713,11.8260911952484,17.6831582743287,23997.7644890845,29134.1980173471,-325.247817822215,0
699,961,7.01600315627049,6467.42213453598,36.6837525585331,10.3412090149632,10.6051385852149,15.8997202717562,24825.851058388,24230.2077790512,1105.01823870445,0
699,962,5.36773201245173,5613.89351449086,37.2607154622101,11.4064943079642,11.7331680586654,17.5474107475743,24004.6405312577,29147.4530924441,-325.517045672007,0
700,963,6.92350239644261,5746.03288369665,36.8362155279837,11.2049569728394,11.5179831685765,17.2352011147101,24826.1028449031,24226.5092857562,1065.64788034496,0
700,964,5.60735771150226,2409.03994463464,37.2585171897266,20.9109034149813,21.9152454095148,32.2805320171781,24005.8827385639,29136.1785928448,-321.927309178649,0
701,965,6.81745046557635,6307.96827829153,36.8154233605075,10.5216248483386,10.7959895406162,16.1787196873101,24823.4447689285,24225.6992169952,1071.5870130363,0
701,966,5.59789708907147,2064.18970740211,36.0228755625669,23.3156229576094,24.5063044476335,36.0123675376821,20499.2306266523,24988.9693214109,-135.488747541199,0
702,967,6.83762543316511,6123.67673629153,36.8154233605075,10.7330114272822,11.0191271293194,16.5054815587631,24824.2660152584,24231.3393050826,1077.14367501824,0
702,968,5.64069493413377,3182.93429940211,36.0228755625669,16.8748520333195,17.5568406003236,26.01451440504,20446.9770381339,24960.6041055798,-129.614477793047,0
703,969,5.7264065849227,3332.26250014116,35.9598939770489,16.3177692779186,16.9589683193621,25.1506692118425,20342.3917395389,24879.5813810718,83.4885309301953,0
704,970,6.03885271690311,3720.71303614116,35.9598939770489,15.0782680554657,15.6323789319652,23.2296421555606,20334.5263343173,24879.3385898744,74.4406477410926,0
704,971,8.16240641445898,3840.17512854229,37.7162828042679,14.8926347432759,15.445388318978,22.9451602024446,26327.7683940325,32024.6030568207,-1519.3354977221,0
705,972,5.92291401135898,3562.10381014116,35.9598939770489,15.5542726999553,16.1413887368605,23.9672508592915,20343.3527572551,24884.4260696846,46.3015521843128,0
705,973,8.3463052360206,3289.43868037148,37.7191942677288,16.6487446071547,17.3267629661115,25.6673690124943,25827.4751647951,31979.3124017265,-1434.28963239673,0
705,974,5.3928576844465,2395.4722590232,37.6931657409769,21.0630465487741,22.083785052097,32.5179140863513,26769.0285192446,31781.2900252267,609.460160926698,0
706,975,5.72109282244086,3716.26378414116,35.9598939770489,15.0911110781533,15.6461050311303,23.2495414279715,20352.8323694045,24897.5731601491,65.1722741303468,0
706,976,8.1437721838335,3333.29244637148,37.7191942677288,16.4893358242147,17.1556885161903,25.4201817913834,25828.7436898147,31976.1167579249,-1520.03714773178,0
707,977,6.06598746931603,3308.54786377451,35.9891509002372,16.4050712757429,17.0527575622658,25.2860708837929,20365.6017264376,24919.3363376288,63.8686979822117,0
707,978,8.15016235706558,3677.07425437148,37.7191942677288,15.3622033735198,15.9477389351526,23.6728575275695,25841.1451224127,32011.0649804683,-1487.79542547811,0
708,979,7.84372608663519,3988.41176437148,37.7191942677288,14.4970357499454,15.0226420017218,22.3322249414036,25819.7156152234,32012.7938712001,-1525.7720250757,0
708,980,5.96821145700387,2280.84711389804,36.0512953877164,21.6108564731292,22.6605775224583,33.3643175927661,20447.0181365715,25145.8139634388,97.7425586534307,0
708,981,6.26565779613684,2631.98502142007,37.6777646173534,19.6196833016173,20.5242850346474,30.2768177880219,25958.427377328,31984.3718736698,-1417.13701937613,0
709,982,5.99844840778998,2319.76827435344,36.0791066344925,21.3400068605954,22.3679435527168,32.9437728360438,20540.0994618367,25333.9948944493,154.328820285217,0
709,983,9.75401587635113,3858.65497754764,37.7262756303447,14.8426010258946,15.3919594827072,22.8676492394279,26152.7489212267,32171.9882610914,-1299.91653085786,0
709,984,6.35993738216103,1917.5967017143,36.4595005374021,24.7610534817027,26.0794015863415,38.259869122521,31113.926295505,22984.8725146825,729.906746373709,0
709,985,7.89858751069026,2669.73983310682,37.6548599903463,19.4089978374523,20.296765215525,29.9497226995641,25181.5185999277,31523.4991945018,-218.483299990301,0
710,986,8.77467048680179,3271.83616024071,37.7312760940629,16.7150620715724,17.3980375611185,25.7702329020453,26406.1401317057,32338.4781223245,-1347.96897133212,0
710,987,5.86503639207771,1326.48293809159,33.6330147484091,32.3709997735539,34.331589304111,50.0845427146465,18888.6025355846,16088.7752442437,-32.8765208744573,0
712,988,5.81304378515407,1509.72729889225,36.3838724066309,29.8799079928313,31.6511630088633,46.2195692344815,28699.1283867062,21081.7680136895,-856.026055737232,0
715,989,5.64851849436757,4036.37563523661,37.7149638426529,14.3743420734496,14.8915806831323,22.1421395793716,26714.2032492777,32044.4375770318,-831.856232352388,0
716,990,5.93190310355642,4631.05773112333,37.7064242360618,13.0507765411879,13.4806261974741,20.092376142496,26816.7874494329,32048.054784914,-929.923794574233,0
718,991,5.53369679746315,2920.04794095888,37.3872498847658,18.1288514522485,18.9151336452713,27.9624898438517,29194.4588657289,31315.8232074069,-494.434265445865,0
719,992,5.53496520697008,1307.18887899966,36.0115715708891,33.4575633283823,35.5539287145657,51.7852596843083,17631.1812441277,27962.5069395931,-318.157029705224,0
719,993,5.77181602415371,1215.29058534865,36.7407306137076,35.7416190163918,38.063924986859,55.3437270672488,18515.1816456231,31822.6972437256,-667.16117182705,0
721,994,5.64955254380598,1215.20412713441,36.0201150602374,35.5164355467611,37.806723860349,54.9901634287309,17674.7590405633,27975.6909897678,-321.895060990689,0
722,995,5.16556545729092,1171.30630913441,36.0201150602374,36.6081481235672,39.0021963830368,56.6898309833097,17649.8574098024,27936.8367512128,-343.401228079789,0
723,996,5.31348096476682,942.764533134406,36.0201150602374,43.885369196734,46.9854634250245,68.0238494228146,17648.1224649437,27978.575635781,-275.657359509057,0
724,997,5.47320374883241,870.321019134406,36.0201150602374,46.9698737464264,50.3753168378395,72.8296633155961,17669.4306340665,27942.5196350978,-282.150444217484,0
733,998,6.5361677686447,2481.7261806129,35.9299197039454,20.261695450644,21.201557506673,31.2691264999496,16706.2161671788,28395.3858003871,773.498990272188,0
734,999,7.85351723553561,1967.01305307602,36.7152541945633,24.324116845488,25.6077901345398,37.5815611392783,27245.3797327763,22755.7978186976,-1432.9813212343,0
735,1000,8.02414975800962,2466.03797504349,36.7190774951919,20.4695508958464,21.4333159159691,31.593846226932,27193.0158580927,22799.792193519,-1395.66786513077,0
736,1001,7.61634070542669,2271.41237307602,36.7152541945633,21.7816680146186,22.851925627189,33.6314175936757,27247.3757555916,22785.5087545855,-1380.71830316767,0
736,1002,6.09947270434652,2330.03920734607,36.7095203377201,21.3636394314645,22.3996153275205,32.9821661360865,21666.3526569601,28719.9574583673,-1150.31639301976,0
737,1003,7.83582793252234,2193.99484904349,36.7190774951919,22.3653933296867,23.4839109917596,34.5381278483233,27215.961547151,22808.9019145709,-1343.26592142131,0
738,1004,7.15517847937053,6201.33801241208,37.5276296551756,10.6776485058356,10.9636695379559,16.4207239628407,25964.8834011336,35918.5468339464,-298.490604785147,0
738,1005,3.81721634110415,6462.44407114154,37.657185529033,10.3923132645377,10.6629843694383,15.9797932702214,25839.7715580841,35446.1290099764,-688.847021626543,0
738,1006,7.54610405823852,1915.16384907602,36.7152541945633,24.8334747041419,26.1608964191515,38.3732213979345,27232.1610458274,22779.1753645935,-1446.68094669132,0
739,1007,5.52495221656524,6492.53691628168,37.4939582149685,10.3524373827981,10.6202583028039,15.9179782832989,26112.8136661603,36020.7826181401,-126.54477433956,0
739,1008,7.72561527041463,2534.64896504349,36.7190774951919,20.0521760962267,20.9826299745082,30.9458689029512,27230.1684760886,22790.1248057931,-1411.17542968214,0
740,1009,5.59729866488663,6792.365924089,37.5412785669395,10.0473547989652,10.2987769763161,15.4465348363904,26123.2560271393,36013.4877236683,-123.728350603712,0
740,1010,7.08942389724985,3042.93764671777,36.7995719721781,17.522690014567,18.2585492700272,27.0208678635695,25127.4611065785,25373.6009786803,1035.48382804701,0
740,1011,7.72848871698054,2671.3847867866,36.6380964295149,19.2702066172065,20.1383468437283,29.7318865367019,27232.1912904404,22785.0441692849,-1421.1711330784,0
741,1012,5.48234510779182,6778.55073621625,37.5302539844683,10.0604914831922,10.3125781081557,15.4668234438255,26126.7597353724,36021.647765401,-120.911031321962,0
741,1013,6.96531251957689,3782.10818071777,36.7995719721781,14.9766720680874,15.5293409811254,23.0737542844852,25126.4362902602,25386.6930334128,1031.78632567423,0
741,1014,7.97510156395881,3052.95065396045,36.6094738753111,17.4596625261928,18.1893317503705,26.9226987647513,27222.4273711912,22796.2656409164,-1386.99902694319,0
741,1015,5.91070847001627,3218.32878898538,36.913702712693,16.8326951988189,17.5183121446025,25.9509952015693,25797.6821881159,24780.4108021665,265.721924667545,0
742,1016,7.04086154868659,5421.04211599014,37.5038602306425,11.6952521731561,12.0401333114359,17.9943656338307,26483.566581618,35933.6004814115,-668.335252812536,0
742,1017,8.05595769395316,2944.78096796045,36.6094738753111,17.9274661251129,18.692234644765,27.6483396462008,27203.9949771392,22784.1555178887,-1356.30218617731,0
742,1018,5.4162036836,3966.04535605222,37.1024019318483,14.5048700546976,15.0271990620006,22.343312410572,27037.9579065288,36680.7337192537,-287.336281050999,0
743,1019,7.76831656123683,3067.17944996045,36.6094738753111,17.4004140891458,18.1256700074449,26.8308035874767,27259.0256430959,22780.345481371,-1404.7233423824,0
743,1020,6.84701972323186,2116.33521692679,36.6069412723501,22.9720943025617,24.140081988826,35.4803386885735,24250.6619512315,24730.6910657305,938.040949535088,0
744,1021,8.72474970883918,3016.73075413964,36.6106153834789,17.612953083539,18.3540834191588,27.1604665348381,27341.7108184155,22781.0009148771,-1295.43871489957,0
745,1022,8.16916417605535,2961.57765013964,36.6106153834789,17.8528701150358,18.6120210481814,27.5326230764004,27282.5158533882,22779.0866419072,-1439.91532804622,0
746,1023,7.89168689921139,3501.03201988008,36.6371919624195,15.812254015251,16.4222543544461,24.3683916027127,27216.5737770841,22880.3388500716,-1411.54744159879,0
746,1024,5.55309341268752,2099.09125788026,36.0452529189409,23.021545524938,24.1878105283138,35.5555411002812,27375.5314809903,20189.548184068,-788.187885917705,0
747,1025,8.23977894514962,4583.43431807482,36.7461966161157,13.0787283648907,13.505122155357,20.1342040678763,30069.3639663355,36294.679710946,-1405.71898433415,0
747,1026,8.45285315617309,3124.63180783512,36.707929338686,17.1768596890509,17.8862840607588,26.4842940549011,26884.9924061907,23413.4902835336,-1415.93600834248,0
747,1027,5.67126971465849,2389.83445788026,36.0452529189409,20.8610532396386,21.8499333766612,32.1999613168668,27412.1312879832,20161.3873544588,-876.594143055093,0
748,1028,8.2027847959062,4514.9892251243,36.6986665952282,13.2130281722662,13.6477324820396,20.3420365121762,30098.7885665243,36336.6257682734,-1483.73978683947,0
748,1029,8.48956155344103,3466.93787383512,36.707929338686,15.9306689534182,16.5495785489201,24.552078243978,26877.5364306708,23407.155805058,-1416.604886893,0
748,1030,5.70663469551123,2101.01539344606,36.0038508063401,22.9983611850222,24.1622514404686,35.5194013466522,27358.3704238108,20160.7882903088,-754.301981571407,0
749,1031,8.13691860506871,3724.15600607482,36.7461966161157,15.1377329452407,15.7011834262865,23.323225069011,30093.871429874,36333.2694235817,-1425.02445835409,0
749,1032,8.3140952060553,3456.18918583512,36.707929338686,15.9663189094039,16.5877688020382,24.6073397739114,26862.0697234366,23414.5368255052,-1407.00048287094,0
749,1033,5.61039476360572,2679.05786388026,36.0452529189409,19.1530623653015,20.0069152807062,29.5486562757216,27372.216583078,20173.5564673361,-828.943979220622,0
750,1034,8.23337625506936,4155.21837875137,36.7488357679558,14.0077018182908,14.4945069248804,21.5726205300578,30083.4715967064,36333.3041553672,-1446.22135364195,0
750,1035,8.64991574692078,3270.27926602821,36.5827881738597,16.6043375748949,17.2708237978254,25.5962254359914,26875.0112907607,23414.5289233933,-1324.27043206549,0
751,1036,8.19629055652378,4046.98291165664,36.6501137586831,14.2628267672825,14.7660353367725,21.9676028306962,30113.8328164234,36342.1768440843,-1434.58172772786,0
751,1037,8.51965743892242,3309.37541602821,36.5827881738597,16.4620398965308,17.1182044844061,25.3755971052595,26860.1044821869,23437.9285813614,-1308.99289346717,0
751,1038,3.59557502150652,2209.81715340822,36.6817146249372,22.2371221149736,23.3446273906178,34.3387688550932,27622.2013457866,23802.8089889912,-314.411860879942,0
751,1039,6.05551320768391,2039.18679731672,35.9945271581915,23.5299822416137,24.73840015089,36.3453415123022,26819.8859184784,20412.0400099735,-1094.8914222687,0
752,1040,8.22301262831606,3567.38849075137,36.7488357679558,15.6108800717575,16.2074178804919,24.0564834252482,30093.2057126327,36323.2045052344,-1417.16824838882,0
752,1041,8.22535533625101,3343.31748202821,36.5827881738597,16.3410013968993,16.988422320717,25.1879404920173,26887.0083462556,23437.8987434082,-1307.60234616042,0
753,1042,8.49565452086833,3265.65380602821,36.5827881738597,16.6213814293422,17.2891069746834,25.6226522719989,26864.1901235865,23419.0429686405,-1390.48240103998,0
753,1043,8.48316511070093,2946.84999275137,36.7488357679558,17.9342088783344,18.7006057302228,27.6591085572439,30052.2621649539,36334.55340509,-1517.6096309138,0
754,1044,11.1643844003526,2053.23263602821,36.5827881738597,23.5084674052438,24.7213464162011,36.3136530672055,26661.9710642383,23138.5637743329,-1038.5532507946,0
755,1045,6.39821859267295,1348.70322647231,36.0082910577083,32.6177825940556,34.6358237764344,50.4782573573134,26831.578457356,20420.5787313946,-1048.60007723144,0
756,1046,6.75965635482353,1514.11848647231,36.0082910577083,29.7180702840618,31.4697073357262,45.9664325509326,26826.5549582144,20421.3182985008,-918.053937259443,0
757,1047,5.42696174589217,3713.13164442438,36.4722462978745,15.1455941846414,15.7077719047202,23.3349058689981,25326.8073490719,23678.5890770724,-985.785044407617,0
758,1048,6.21808184805318,3832.59369906351,36.5139797976115,14.811714593163,15.3512054944657,22.8176597221323,25785.2929899032,23594.7783700246,-1216.703057067,0
760,1049,5.75700141450308,1832.88042978163,36.1616371573126,25.588713343456,26.9752123578399,39.5454320538095,24955.4197419092,22516.3082577148,-900.968881672379,0
761,1050,6.15626326963422,1595.88948060865,36.1631610725734,28.5350919579885,30.1819402357306,44.1268777734502,24986.6019258478,22475.0386023823,-1008.66165137041,0
762,1051,5.29231733054528,1915.87440051047,35.2977099801315,24.5588176245214,25.8467467613836,37.9419240177236,19401.9216915583,22921.9625004742,-572.228876649086,0
762,1052,5.84762863755963,1729.65337860865,36.1631610725734,26.7771880085527,28.2676638900031,41.3931412682034,24995.8021800569,22473.3496132298,-868.710894794249,0
763,1053,7.89876319174924,2111.13233656125,36.0257386454419,22.9176237957554,24.0749991260887,35.3940345078429,25553.8622203649,21340.7304292227,1166.79784279109,0
763,1054,5.48714590198703,2180.32069890316,35.2756382931887,22.2374011703051,23.3305712106192,34.3352244464363,19360.2109285887,22925.4724241481,-550.793237256503,0
764,1055,7.34921819547348,2386.12694656125,36.0257386454419,20.8826018661715,21.8730295431201,32.2333681257317,25553.9392732192,21376.9639136972,1234.24804662706,0
764,1056,5.51916240428787,1737.57607290316,35.2756382931887,26.493470460979,27.9482898765136,40.9490327500362,19383.8486519069,22953.5963970561,-608.690872967935,0
765,1057,6.66742477592594,4867.40405184302,36.810672480448,12.5494652023323,12.9429258824709,19.3151051906879,15363.7197053121,34770.1220428129,853.220992271749,0
765,1058,7.22888383748895,3358.1260451419,37.1337578655163,16.3432997043709,16.9948563884151,25.1925981560556,19044.3711895528,33746.536967355,1066.92995101371,0
765,1059,7.32614779453276,2859.79607656125,36.0257386454419,18.2485256994693,19.0328149683962,28.1450960940405,25549.3632505895,21369.4741294363,1194.72125851832,0
765,1060,5.61706208137949,2059.92658290316,35.2756382931887,23.2223828729833,24.3972096699154,35.8652764929028,19394.6923737912,22907.3213571388,-676.478689493684,0
766,1061,7.84313662066509,2647.26720256125,36.0257386454419,19.3210965285369,20.1878366629713,29.8093840360858,25523.8209981128,21371.5906267935,1201.81267851742,0
766,1062,5.43679365014749,1715.70425490316,35.2756382931887,26.7577488065535,28.2357184043127,41.3599119200947,19405.6164811518,22918.9576583837,-643.709294971901,0
767,1063,7.35050063188995,2545.72734256125,36.0257386454419,19.8925014225492,20.8040222265452,30.6962623098445,25533.3924481719,21351.5329816077,1211.06941726576,0
767,1064,5.63614066343127,1773.67454451047,35.2977099801315,26.0755081378036,27.4941314011264,40.2993349490604,19389.4402065441,22938.1085165931,-557.076839705043,0
768,1065,7.43612902893312,2304.32238256125,36.0257386454419,21.4399953094592,22.4755380210414,33.0989028555024,25542.6909337792,21359.0766975145,1228.21321141629,0
768,1066,5.47758826562718,1738.54521690316,35.2756382931887,26.4819073656993,27.9357155461825,40.9310558377954,19383.3341836172,22918.6937483047,-539.223255830352,0
769,1067,7.51870595687707,2410.04718256125,36.0257386454419,20.7263596386981,21.704228822931,31.990775968539,25556.5627802731,21368.9578296669,1241.25941574965,0
769,1068,5.54669213245522,1748.98554090316,35.2756382931887,26.3581181301888,27.8011093230903,40.7386057319125,19390.9056543837,22928.1158355956,-636.943482177985,0
770,1069,5.1850013968789,1679.47843689045,35.3069778508687,27.2168618478571,28.7356108391819,42.0738627417255,19357.7254124044,22930.2167015854,-630.866741477438,0
771,1070,5.41826262458757,1927.29544847186,35.3288326040229,24.4521380378617,25.7313297925606,37.776237821247,19407.6328774327,22947.7466319634,-611.506436645498,0
772,1071,5.74153687488332,1980.55183089045,35.3069778508687,23.9394344721869,25.1748777101529,36.9794615055935,19395.6147594465,22935.9715523846,-632.225473299266,0
773,1072,5.13319962947311,1433.75638089045,35.3069778508687,30.8614224083914,32.7077631895797,47.7425406287418,19346.0556910185,22966.3201875351,-467.756838177503,0
774,1073,5.9374579041578,2262.83521413248,35.506797523379,21.6559976314289,22.7039565859357,33.4329146872164,19450.3366840906,23843.8463361571,-4.89080946008253,0
775,1074,5.60993811324802,2072.20018413248,35.506797523379,23.1571461896595,24.3290183806537,35.7646190524933,19568.3996216368,23929.2018644916,-18.0019849798187,0
776,1075,5.8932418537547,2136.25179213248,35.506797523379,22.6245122186913,23.7520537343497,34.937185983264,19535.6859084135,23933.5545328853,-11.8942556747894,0
777,1076,5.92453469123788,2009.26006255114,35.5342587210753,23.7167793729945,24.9359406998468,36.6341948287064,19545.7686929041,23970.3416900824,9.79111132586171,0
800,1077,5.58455225985602,4190.38991711861,37.1105027237833,13.9526710001998,14.4379868167759,21.4879866436368,18942.8210808375,34255.7403903479,-84.8955930283952,0
801,1078,9.34983269890611,8910.67802360941,37.2591353202091,8.39987905132136,8.56732376881872,12.9019427489722,19869.706674741,34904.7984861056,-1200.17159015011,0
801,1079,6.30242581895735,6939.50848369995,37.104405841777,9.88627518325498,10.1274295084684,15.1971744147344,19026.6666836479,34328.1192211217,-147.554579690437,0
802,1080,8.75370467558355,9618.01318547988,37.2811760690361,7.99792107496656,8.14697777648187,12.2816788161796,19954.89217838,34968.5858342689,-1255.66222961548,0
802,1081,6.02794854575715,8391.82208994018,37.141365799735,8.72854596903491,8.9112377875328,13.4091681063459,19109.2724588094,34468.5978425224,-228.560290951992,0
803,1082,8.85087688313148,9629.53278347988,37.2811760690361,7.99179198919017,8.14057302420082,12.2722222751337,19956.0335045099,34957.9068936889,-1286.54094002089,0
803,1083,5.86014445467455,8385.47860194018,37.141365799735,8.73283437091981,8.91573291658245,13.4157884593287,19107.825630839,34484.4074628564,-219.298255777383,0
803,1084,5.57003957483809,3241.39863657312,37.3640743883306,16.7917021495309,17.4776363219086,25.888344099108,27892.5341664359,29637.024303806,-451.980878126043,0
804,1085,8.79721859923283,8858.13821147988,37.2811760690361,8.43274876921742,8.6018016716677,12.9526930435826,19967.1777905428,34958.2662105674,-1252.10408052614,0
804,1086,5.83583636939256,7907.09590794018,37.141365799735,9.07358526972218,9.273162048475,13.9419021941723,19122.8850243474,34475.1953761305,-234.953751225157,0
805,1087,5.8497419891488,7172.28946543925,37.1744616910411,9.67564674569123,9.90599619533261,14.8718325285081,19129.9400522018,34465.1330728126,-197.59642056915,0
806,1088,5.94692122349962,3083.49338529176,36.8801702017169,17.3625885819585,18.0871249635414,26.7727144705582,18863.7963478125,32622.622877561,-658.495016675148,0
806,1089,5.5651690173209,1710.95950665702,37.3574248834461,27.2614749564262,28.809033376839,42.1501594505391,28119.3451937072,29567.7484266241,-568.82239884891,0
807,1090,5.61760696748842,1879.94297865702,37.3574248834461,25.3173107791471,26.6937339130323,39.1272870865132,28135.40316427,29607.2893885941,-551.061797755966,0
807,1091,5.34883951758036,2106.59623329176,36.8801702017169,23.0994493603891,24.2809524974344,35.678990773274,18819.4630478478,32593.409733241,-653.363014850617,0
808,1092,5.29203979207327,1427.00031465702,37.3574248834461,31.5180059225805,33.4523972764006,48.771909456073,28128.591019383,29595.223116248,-548.323200006002,0
809,1093,5.53742636598527,2942.00772508311,35.3211780357597,17.7907221344669,18.5347349537701,27.4333309299632,19011.0231076967,23569.8981932156,-487.110403207526,0
809,1094,5.59496573736394,1977.69436665702,37.3574248834461,24.3380363223806,25.6298207322738,37.6051159773676,28093.0595692527,29597.7605731854,-462.972841612573,0
810,1095,5.49064029175134,3195.93052092925,35.2968902742358,16.7482877498257,17.4155065844785,25.8167391122209,18997.729508155,23584.9365124301,-475.911535316265,0
810,1096,5.51988814705448,2200.39216204851,37.3434482380936,22.4153338885311,23.5442371733803,34.6174357769493,28085.1359129231,29632.2794669959,-565.568868160724,0
811,1097,5.32625894746059,2886.94979292925,35.2968902742358,18.0356502755023,18.7977874673064,27.8131851900373,18993.4130848905,23573.4678693455,-454.488717295896,0
811,1098,5.49189880349797,2024.99912404851,37.3434482380936,23.8940951450389,25.1477374247979,36.9151260851485,28075.4940594,29640.7928679606,-568.924394049961,0
812,1099,8.44160402324406,4593.54311039538,37.4517386041675,13.1074551843462,13.5395574267238,20.1797422321639,24438.0910570668,32151.3591527359,-1292.32183745053,0
812,1100,5.2173180761137,2959.17304692925,35.2968902742358,17.7124026781508,18.4503811094885,27.3118010079844,18996.0793671491,23577.8115304435,-442.681833276568,0
812,1101,3.55273337472579,3780.84640380531,37.2767861137896,15.0213432679929,15.5801962955649,23.1438264164788,23641.2372489092,31926.2557557353,-441.985284603327,0
812,1102,5.63588261746733,2189.22498004851,37.3434482380936,22.5027751177305,23.6389730284832,34.7532782783801,28124.8957652296,29597.0871992211,-626.103690958596,0
813,1103,8.32699798276075,5142.03456239538,37.4517386041675,12.1233061901193,12.4937843960225,18.6565459090754,24465.8993666025,32147.445382034,-1322.4277587458,0
813,1104,5.33336095852177,2650.01611092925,35.2968902742358,19.2108583939813,20.0625503536758,29.6365133447618,19014.7689398302,23574.2731020578,-482.782082277821,0
813,1105,5.62993866250056,2089.97582404851,37.3434482380936,23.3187903798613,24.5235631779981,36.0211240753579,28129.2942286986,29598.2403974926,-464.117409837548,0
814,1106,8.49948414422532,4867.19413439538,37.4517386041675,12.5913157953271,12.9907248972621,19.380795261792,24472.247449277,32166.0988378581,-1266.46528795795,0
814,1107,5.6060714289963,3010.16323692925,35.2968902742358,17.4928839700476,18.2145780397606,26.9713430785855,18997.0523529804,23582.2976164105,-491.191104307162,0
814,1108,5.02076565710737,3532.24002397661,37.5390558525962,15.7956691278246,16.410706474537,24.3443970830813,25419.9360229969,32065.1987993467,671.72600307634,0
814,1109,5.55332957033435,2206.71362404851,37.3434482380936,22.3662073885631,23.4910170499096,34.5411176510168,28085.1600210687,29600.1964299579,-568.565148922998,0
815,1110,5.57120025506616,3578.47841088874,37.2765232572992,15.6245706499428,16.2256693186901,24.0786934244375,23567.9555604671,31269.3589327848,165.771330446364,0
815,1111,5.56213702030372,880.44727092925,35.2968902742358,46.1786240504586,49.492682882289,71.5931599247322,18988.3313247093,23611.2299963738,-480.759421351908,0
816,1112,5.7746833255748,3356.91617104479,37.2540443647546,16.3594038916876,17.0129869809839,25.2178038437304,23582.6952555885,31254.4039359543,129.248222364686,0
817,1113,6.61903382388183,1310.87028551552,36.43272454912,33.5032035519531,35.6098339684769,51.8579759487564,28012.1184738944,24507.9144623549,-1159.79824919962,0
818,1114,6.44410371921911,2547.55281556625,36.70988210668,19.9747971988206,20.899024676127,30.825723768461,27740.6012378965,25938.3292710091,-1056.37728196861,0
819,1115,6.20609267085858,2690.58965956625,36.70988210668,19.1769552701409,20.0384431886359,29.5873323394254,27733.1064309812,25978.0701440786,-1020.67416981841,0
820,1116,6.02354761902615,2573.57644718953,36.6938728257287,19.8213095074416,20.7332383023685,30.5874200886264,27736.1332521557,25952.0460286756,-1201.64303504851,0
821,1117,5.7400506092797,1730.08999333093,34.1425223679945,26.3398200771871,27.7671915322566,40.7062595295555,22013.8894726229,16265.1053947786,191.706899371579,0
822,1118,5.78554884902519,3319.99275133093,34.1425223679945,16.1761242308046,16.7936286351986,24.9273544679028,22019.3749542486,16293.1114777459,201.431301125525,0
823,1119,5.76436943156075,3530.64941533093,34.1425223679945,15.4806743381551,16.0497751161948,23.8496465576552,22033.0203747172,16269.2391350936,201.273544676598,0
824,1120,6.18281559478266,3397.89871333093,34.1425223679945,15.9096873928524,16.5085108642614,24.5144311990077,22050.2110415659,16281.7780770357,193.324447443565,0
825,1121,6.53569435050382,3636.72663133093,34.1425223679945,15.1585962077985,15.7056803687762,23.3506470949088,22120.3209415428,16204.9971690009,678.028412925818,0
826,1122,6.44234418290417,1301.84679148261,34.1117785038136,33.0074295212054,35.0339838341732,51.0768983744463,22071.1287210717,16124.5934838744,667.14424969345,0
827,1123,7.85794096510173,1388.83082385822,33.4846348925175,31.1572868070593,33.0046021738445,48.1955700502394,23700.6834721539,10931.9818190486,-1372.42959910283,0
828,1124,5.65545785638353,2770.24462765085,37.4940157662555,18.862328300624,19.7059628406922,29.1008798515928,26011.3292247169,31082.011862486,-9.52920153123082,0
829,1125,5.90620100497083,3347.01746365085,37.4940157662555,16.4180886151226,17.0776449505885,25.30926604296,26039.4057330138,31080.784425137,65.2423810773211,0
830,1126,5.79850840846779,2984.17223111357,37.5151880583864,17.8555165749753,18.6220254056601,27.5387040718538,26000.8080712176,31109.1239591882,84.0623806056896,0
831,1127,5.23781773026559,3599.79692119515,37.5298897368712,15.5810734518912,16.1808003239761,24.0117439360302,26098.8039776073,31248.987813767,-196.170606193265,0
832,1128,5.21998038257852,4648.29604143134,37.5411403564625,13.0058429323123,13.4319273762154,20.0225689998405,26158.7310775196,31300.1179987366,-398.373126820735,0
833,1129,5.49500451882636,5278.43787543134,37.5411403564625,11.9127057622118,12.2708255016372,18.3308214058001,26147.9102854561,31321.1057463473,-410.033053111945,0
834,1130,5.48229986098265,4683.93410943134,37.5411403564625,12.9369317927621,13.3586225020651,19.915891552577,26155.7755519038,31319.719337836,-412.176974162212,0
835,1131,5.37899710843616,4912.54196343134,37.5411403564625,12.5165374844347,12.9117370979159,19.2651889244563,26160.6505561457,31311.2162770157,-382.449692688877,0
836,1132,5.32095720111803,4984.91939943134,37.5411403564625,12.3907423547128,12.778121372522,19.0705075778248,26169.1370832258,31304.1870745613,-402.038682510167,0
837,1133,5.38764468719982,5065.16011743134,37.5411403564625,12.2550893936772,12.6340909268094,18.8605855630235,26162.3580379146,31307.7820762895,-393.892175333968,0
838,1134,5.30300720557234,2822.49976206644,37.5410061095152,18.6082498918344,19.4325809189175,28.7066935191365,26114.5615937163,31309.3161181037,-393.936294668441,0
839,1135,5.23527982983654,2318.95285483074,37.5262448453105,21.5636034949381,22.6237609039488,33.2948909661215,23758.8600269093,32350.6734200454,-479.586567368241,0
840,1136,5.40725850854356,2455.5582178178,37.6974978264314,20.6727139830944,21.6617873653292,31.9117751980063,23753.7928874222,32383.4634226407,-500.062199048616,0
841,1137,5.58219364212616,1749.9553078178,37.6974978264314,26.851039296648,28.3660783137298,41.5129983144416,23777.2154096503,32383.2943932384,-470.306465364878,0
861,1138,7.77802108143095,1203.83816664806,37.5725535375273,36.2844680065149,38.6705935775233,56.1923148986171,23295.2834784726,31993.8183904965,-1459.63719337867,0
868,1139,7.43737407079185,1618.17459455189,37.3746841728698,28.497918395088,30.1564641697793,44.0732533726424,22933.2642231615,31250.9874301013,1212.11524767073,0
871,1140,5.53167000849498,5837.824399061,37.3654051057448,11.1134001927058,11.4235142442182,17.0942729516983,20894.4469565888,35319.2474909039,-532.987082830783,0
872,1141,5.35744374965711,5494.30161183276,37.3881489379343,11.5820769203214,11.9196850969536,17.8191492818707,20996.6954105851,35315.5672471706,-635.76852443697,0
872,1142,7.90343350585755,2880.96629533164,37.1374001600536,18.2808004093897,19.0766777130443,28.1976900808885,21926.4168668315,31255.17494684,-1517.81965811965,0
873,1143,5.67496749885719,5224.72539783276,37.3881489379343,11.9874444113581,12.3493454770783,18.4462491847083,21078.9696807716,35285.1331127129,-723.344264362237,0
875,1144,7.84513252686184,1819.02733730898,37.1077534833479,25.928907802867,27.3559122121503,40.0773157472021,21874.4583647764,31171.632757242,-1489.36560459412,0
876,1145,8.21217188994859,1833.54247130898,37.1077534833479,25.7680440835308,27.1809764075047,39.8272230125297,21907.2513808397,31190.5897675949,-1466.39987249998,0
879,1146,8.06579815374157,1818.45466130898,37.1077534833479,25.935304810833,27.3628693941677,40.0872612573139,21877.6955422031,31160.5053188039,-1495.36747654623,0
879,1147,5.81722728746245,2226.09277226333,37.615220324644,22.2598496522198,23.3784722695819,34.3766323624235,25115.7898897341,35110.1986903497,-1031.35927431799,0
880,1148,5.97086940495882,2476.68759214311,37.6167097728864,20.5282944765012,21.5049699917697,31.6873209421114,25117.6164639162,35071.6871773073,-1065.23046951077,0
880,1149,8.57286960938331,1970.98110956215,37.0865670329638,24.35342870636,25.6436299073935,37.6282323225685,21906.1512358827,31180.271421933,-1481.72154518975,0
882,1150,8.77428208964036,4728.19953965106,37.6673135318505,12.8610481381502,13.2785864000081,19.7986092490302,24303.1188893386,34386.7666808864,-1341.4939413182,0
882,1151,8.63367970864963,3461.72216786778,37.6052410021403,16.0332781970305,16.6657855855642,24.7128671490013,24291.257299183,34392.3460505831,-1326.57874049441,0
883,1152,8.51716321128139,4609.56750365106,37.6673135318505,13.0904659454701,13.5226496492406,20.1537629377386,24320.1254206702,34406.6884563723,-1395.68868253597,0
884,1153,8.44066360427186,5154.99734165106,37.6673135318505,12.1153670008902,12.486421552558,18.6445539081205,24315.093951175,34407.4441791981,-1411.09573344871,0
885,1154,8.63591629302839,4622.89323365106,37.6673135318505,13.0641625954716,13.4946591589141,20.1130414389548,24312.5699457904,34379.2889501458,-1382.52537716983,0
885,1155,2.99861098934676,3448.19820386778,37.6052410021403,16.0786714155667,16.7144452651204,24.7832407146498,23500.4918773337,34260.0204136912,-669.742939032901,0
886,1156,8.60740545934215,5097.22314365106,37.6673135318505,12.2096785863168,12.5865153867299,18.7904888620361,24308.5721506885,34390.458746143,-1437.8080974422,0
887,1157,8.45574494412503,5164.66675565106,37.6673135318505,12.0997688484456,12.4698698383367,18.6204185473363,24298.1386201629,34404.5900225042,-1371.5745342649,0
888,1158,8.35936812512376,5277.24164165106,37.6673135318505,11.9219738832063,12.2812615783836,18.345327857354,24308.2324132142,34390.6863407741,-1365.90589458633,0
888,1159,6.68323388921276,2841.06138893956,36.5520547657097,18.4002426542043,19.2004532420586,28.3816875324698,21688.9662330578,28909.2282861167,902.575048099181,0
889,1160,8.42956858603804,5408.56065365106,37.6673135318505,11.7230330141211,12.0703444253636,18.0375532503094,24303.8101358879,34379.45071842,-1383.70507782461,0
890,1161,8.51432025488071,5242.64079733671,37.593112522993,11.9714932785766,12.3334232387372,18.4218442535524,24315.9109342779,34390.2966021083,-1387.55559885905,0
891,1162,8.32640177386898,4996.96279333671,37.593112522993,12.3733809231725,12.7599472544058,19.0437123676409,24303.6024616645,34390.5078747491,-1439.41601914529,0
892,1163,8.51246871648922,3681.07445961581,37.4544403787981,15.3268508851429,15.9081613736627,23.6175870733428,24519.3238215276,36767.0235864084,-1391.04071538429,0
893,1164,8.30581049095532,4345.02620361581,37.4544403787981,13.6273410648849,14.0931893223258,20.9847129740435,24524.6843397808,36776.9570483556,-1388.76898724237,0
894,1165,8.28833223597201,3989.33575115672,37.3599102435601,14.4656700593128,14.9869339391694,22.2830241549277,24521.3879765536,37133.9620447701,-1392.21579815656,0
894,1166,3.60547019992216,3448.39962063205,37.474411371206,16.0655430497573,16.6994629191062,24.7626370213159,23827.6442541478,37077.2066652248,-244.426757250032,0
895,1167,3.93734940472104,3241.35379741528,37.1488955965685,16.7698415512419,17.4525889767956,25.8540082975318,25308.2165825002,37476.5187108353,-515.655302425986,0
905,1168,6.82572544312072,3876.8685698042,35.5559479550015,14.6104247177461,15.1300332471292,22.5041124652085,27899.2241185793,39475.1590416119,955.259595440754,0
905,1169,5.9874296294573,1381.73759898624,34.0787972230884,31.4517330664971,33.3346268490876,48.6560951953567,20608.6747157168,17275.1657554845,487.77556486476,0
906,1170,6.83221254462077,3838.4111738042,35.5559479550015,14.7138112350181,15.2403935933682,22.6642645888307,27913.6956388069,39480.6868210311,975.316641191583,0
906,1171,7.18917946034903,2396.7560361827,34.1698266310346,20.5390174643278,21.4839223336371,31.6949450169381,22077.3718918504,16738.080007226,1113.30479679578,0
907,1172,7.12821494456611,3418.0229378042,35.5559479550015,15.9822882348142,16.5966368248386,24.6298232924706,27903.4249019186,39478.5155331616,982.426000767889,0
907,1173,7.58761947602293,2415.5882661827,34.1698266310346,20.4192192798233,21.3546652745591,31.5089863158029,22075.7916334702,16718.4282557229,1095.78022102221,0
908,1174,6.74712187340748,5295.724383933,33.5419089793327,11.6467762961405,11.9693201709399,17.9140184657471,28904.8710043751,40599.6625512475,885.650894934737,0
908,1175,7.37253119612975,2597.3468181827,34.1698266310346,19.34695420212,20.1988336917652,29.8448532422417,22059.693230861,16750.7823365213,1131.37950172728,0
909,1176,6.87371952064653,3612.100995933,33.5419089793327,15.1754923392017,15.7194370113762,23.3756414852946,28904.7404360373,40605.0268009593,906.167326023609,0
909,1177,7.12199242567209,1807.3182501827,34.1698266310346,25.4656895160609,26.8179081508228,39.3476338807642,22030.5997729604,16736.3553924428,1044.4974204332,0
932,1178,5.80565705608139,1015.80839146863,34.5720926701916,40.6467762242708,43.4057715444647,62.9722404937765,16803.2887769536,21956.1807085785,-68.4965407164532,0
933,1179,5.7878316336119,1349.83268146863,34.5720926701916,32.1889856456534,34.1467636864862,49.8052260952783,16809.9979799048,21984.1661012561,42.6456893181292,0
934,1180,5.51971683317529,2202.32698546863,34.5720926701916,21.9538866362516,23.0164953236301,33.8928659660851,16793.2877699899,21970.3345804829,-3.98509520311204,0
935,1181,5.27505366623113,1277.93981746863,34.5720926701916,33.6465554684358,35.7394133890035,52.0734805920582,16747.131223605,21964.9937880601,-31.6053377603879,0
936,1182,6.03845782977078,1300.80280546863,34.5720926701916,33.1661381448022,35.2143134064013,51.3258136617711,16835.3886692116,21960.8890081414,-24.8451843573872,0
937,1183,5.55801119642215,1163.80108546863,34.5720926701916,36.3178425301925,38.6617850876848,56.2315377332363,16813.0042954568,21943.1215072548,-37.752018284109,0
938,1184,5.82976972658297,1056.62256946863,34.5720926701916,39.3350540313589,41.9673336761059,60.9294417738605,16792.168145102,21934.9951884105,2.72544780851607,0
939,1185,5.59856344987809,993.165663468628,34.5720926701916,41.4198124405151,44.2538350008781,64.1762248839438,16779.6673816663,21965.7286719489,56.1144529708751,0
940,1186,5.98292019234385,1847.21301626781,34.5942639919323,25.1234821752379,26.4514693994681,38.8171980063576,16824.1714504602,21947.081740155,-13.2918013394538,0
963,1187,5.5057536979459,2332.69648248333,35.3788150652489,21.1446642579831,22.1499066229456,32.638534909374,24884.7892238124,20050.8311526242,-759.946421528151,0
964,1188,5.48714787947003,2251.90511448333,35.3788150652489,21.7153654741263,22.766866689696,33.5247531345772,24887.1245490055,20063.1973697492,-778.397628726138,0
965,1189,5.46938960912579,2521.28309448333,35.3788150652489,19.9469714118285,20.8568189975192,30.7791629988047,24867.7585144086,20067.6325065521,-762.175998067152,0
966,1190,5.44500911403858,2430.64610448333,35.3788150652489,20.5007904174128,21.4544562178509,31.6388631258722,24863.1720339256,20060.0341154439,-784.799756717975,0
967,1191,5.60975865911931,2850.50571648333,35.3788150652489,18.2144372948692,18.9907200844027,28.0907153968068,24868.9455941198,20087.3781049432,-722.606877871267,0
968,1192,5.29964400680092,2595.81907848333,35.3788150652489,19.5187747233954,20.3951035366987,30.1145692612597,24839.6648335176,20055.2733315319,-738.3040326537,0
969,1193,5.19430015796464,2648.87971248333,35.3788150652489,19.2277241668903,20.0814552431691,29.6628887869827,24875.9063137472,20025.6353277796,-692.502412580121,0
970,1194,5.80667238450448,1711.65284173656,35.4055849381161,26.8354820486707,28.3218771652475,41.4812153630091,24914.701386112,20061.2664867828,-789.287039464401,0
975,1195,6.66650405077614,2117.58937798249,35.5123056975756,22.7774837600648,23.9177754642235,35.1748281634451,20926.5331660633,23358.7779719977,759.368827587844,0
979,1196,6.30644547234731,2545.16694458484,36.0138488760211,19.8941509198968,20.805693316532,30.698792737228,21471.8372223873,26590.4635235131,-944.192480270299,0
980,1197,6.04978889087138,3212.14648162949,36.0277779477703,16.7638969268995,17.4378356371309,25.8424812439642,21500.411382804,26575.7706972087,-930.950435527689,0
980,1198,7.42517126629533,3217.18512473442,35.5517932197837,16.6949891654918,17.3603074984838,25.7346431469535,20592.6564263931,23909.4942857285,1125.64383314885,0
981,1199,6.9494552341722,2273.15076473443,35.5517932197837,21.5885864674643,22.6315096311152,33.3283531144732,20625.5778240992,23829.5952600264,1103.41242548032,0
987,1200,5.86394727221543,2332.65884369697,35.8075812935785,21.2098293327627,22.2245536813073,32.7408891438706,27710.1289272012,39211.6524141648,-56.1185099263954,0
989,1201,6.74307428807031,1046.85597832662,35.0620113642219,39.8257065951337,42.5134783933772,61.6958320935772,21554.2671876878,19681.1050276555,700.659764133972,0
994,1202,5.67821114997997,3860.18225386364,37.264714775305,14.7997521924869,15.3432383518969,22.8004521472543,26535.0479021606,36360.52648671,-660.099318938531,0
995,1203,8.44400645887144,6993.47419413653,33.8570035195907,9.69328224150748,9.911813053777,14.8955600459934,23878.0830404469,41703.7574275214,-1297.12955918953,0
995,1204,5.59169772132599,2767.4548909502,37.2440126106802,18.8458452633926,19.6861190911299,29.0747250360856,26544.047905017,36342.7927066231,-688.121229453509,0
995,1205,5.48610412235751,5316.87086043394,33.6207666872704,11.6202440923437,11.9416719689934,17.873103944196,24880.9398854174,41592.8840163377,744.536966044467,0
996,1206,8.68589051835082,7415.13993813653,33.8570035195907,9.32927158598118,9.52971201555123,14.3334586930037,23891.4000653174,41682.9882073563,-1282.82347813127,0
996,1207,3.29984452297724,5258.96936166365,34.7089418380649,11.7732062992904,12.1090336504129,18.1111778357798,23063.3961976869,41538.3523175009,-918.439449406701,0
996,1208,5.1602138546837,5738.56592439987,33.5711215342157,11.0356889297115,11.3239653471881,16.9693171023122,24879.4773312106,41584.9624851574,714.924328339628,0
996,1209,6.01688473730773,2440.92700953212,36.2799756606198,20.565265885445,21.5326191359539,31.7413240649211,28984.8904284175,24164.8468573048,-917.860595523049,0
997,1210,8.57653791559939,7241.33277213653,33.8570035195907,9.47478637798134,9.68239477434704,14.5581436238025,23886.0737848338,41686.7234705656,-1300.77512265738,0
997,1211,3.45143914945486,5307.11819766365,34.7089418380649,11.7005799169946,12.0321719716438,17.9988575678863,23160.9058619494,41589.8817234106,-816.645469389964,0
997,1212,5.04366302142288,5587.07109639987,33.5711215342157,11.235568545823,11.5349609616704,17.2782927600642,24884.6705454193,41624.4363861819,813.695935982333,0
998,1213,9.12375048167271,7486.17378813654,33.8570035195907,9.27151532562518,9.4691345419308,14.2442855450049,23864.8715596539,41680.9077443808,-1307.45930215732,0
998,1214,3.22081422666074,5722.59463566365,34.7089418380649,11.1196579857394,11.4180160592559,17.1006095006876,23300.9248286722,41626.6270837746,-1149.03257028942,0
998,1215,5.33477376621285,5636.40933639987,33.5711215342157,11.1694195038722,11.4651176973241,17.176034763733,24899.1464976625,41554.8300796983,691.257611224328,0
998,1216,9.36972032719485,2607.41707187345,36.5838096750974,19.6142573488352,20.5088805869763,30.2657554423379,29704.4042913802,26214.9587750099,-211.126816726815,0
999,1217,9.03156383947746,7297.78541013653,33.8570035195907,9.42685414324557,9.63209197908171,14.4841303418678,23875.6913401332,41681.7726504352,-1311.6888029114,0
999,1218,5.00744908472953,5606.52005439987,33.5711215342157,11.2093686682407,11.5072960819686,17.2377905872138,24870.0302952972,41567.8823344471,675.886791551585,0
999,1219,3.64053534485211,5197.93531566365,34.7089418380649,11.8670035264023,12.2083266867684,18.2562469569666,23012.6374259303,41494.6662367421,-674.234114517139,0
999,1220,7.53227033441309,2571.86500438372,36.3882860597661,19.7901743228019,20.6969077424716,30.538333393122,27964.217764987,25067.1419414292,-1512.17755250866,0
1000,1221,8.66730448313033,6663.71609939667,33.8597645115375,10.0062366536436,10.2407503379879,15.3789385968302,23864.477867107,41690.309484716,-1300.89610268406,0
1000,1222,5.97102006114976,2167.15107174512,34.4558011271359,22.2041147156791,23.2859188795413,34.281134628959,19735.0354334857,18498.3048987503,267.984920130636,0
1000,1223,6.21274605880531,5165.89072843381,33.2510143659096,11.825844807263,12.1571776498829,18.1905011257784,24860.1260613514,41446.3535621718,544.542132296872,0
1001,1224,5.72201672836815,2755.84918113299,34.4878442511664,18.5606029934388,19.3553422432734,28.6256019677654,19743.698145551,18510.1002341271,158.268665424034,0
1002,1225,7.03795306602163,5743.2192705611,37.2129367626444,11.228929049882,11.5450394749256,17.2727399074172,18266.3142201498,35424.4020250007,1016.27734799425,0
1002,1226,5.62268530110012,2599.41132174512,34.4558011271359,19.3743564461025,20.2310074852967,29.8881088163011,19706.8986695864,18508.8790818175,207.837396022883,0
1003,1227,7.11949696263986,6496.48644456109,37.2129367626444,10.3351110577436,10.6008525817997,15.8908873141572,18273.3479962093,35434.6499529427,1024.38425319859,0
1003,1228,6.0626190448525,2728.09611316909,35.2438487690565,18.7958010029771,19.615099054309,28.9923419434623,15577.3287680881,26064.981535174,466.333074970141,0
1004,1229,6.93364615170036,7408.4950005611,37.2129367626444,9.47258989050379,9.69257110440071,14.558198848068,18264.4250919253,35439.8346123533,1020.08107345277,0
1004,1230,6.0073805619421,2951.04328516909,35.2438487690565,17.7418905041024,18.4816270888085,27.3574161192579,15578.4290555489,26080.2823762876,489.987146367968,0
1005,1231,7.11413005546051,7240.74498456109,37.2129367626444,9.61672560860397,9.84415015067839,14.7808483715246,18258.6682282403,35437.390143632,1033.44492342135,0
1005,1232,5.93000315482951,3197.16180916909,35.2438487690565,16.7379936487783,17.4040586602991,25.8006661755169,15585.4614863889,26076.2715317255,478.910799433331,0
1005,1233,7.84684317561099,4087.7642960792,34.8395053117596,14.017630878537,14.4933203456161,21.5847552036939,22402.0897711641,18056.1011034427,-1490.74395272681,0
1006,1234,7.05317456685967,7314.84044856109,37.2129367626444,9.5523392583107,9.77642848536987,14.681386572344,18264.0040610385,35448.9958777879,1020.33093090777,0
1006,1235,5.96983784892543,3097.27389916909,35.2438487690565,17.127581604486,17.821980801524,26.4047316810954,15578.1012042992,26072.8830525126,483.12379744731,0
1007,1236,7.07099754397106,6904.6502505611,37.2129367626444,9.92409422315621,10.1676678555943,15.2557228456516,18273.6894404138,35428.1711849868,1034.14038680181,0
1007,1237,6.14235228033765,3304.78084516909,35.2438487690565,16.3426997627699,16.9803600572327,25.1878492687395,15576.3238537971,26087.7613631133,457.846515137793,0
1007,1238,8.05953019065771,4100.8036880792,34.8395053117596,13.9863997121926,14.460050385406,21.5363949151685,22417.9957506919,18073.6426893384,-1468.67173045062,0
1008,1239,7.16565988911767,4513.8380805611,37.2129367626444,13.2516637312258,13.6917198836583,20.4026415970301,18261.3574284606,35435.6885817479,1011.27252286913,0
1008,1240,8.29353151478339,2521.91261718307,34.8021593588222,19.8629774473744,20.760834573298,30.647301357184,22349.2078785155,18042.2683124016,-1457.11489837342,0
1008,1241,5.13334341358813,2831.73790110579,37.4445572228624,18.5517622052119,19.370944774708,28.6188199327103,20841.0757234981,36703.0521456365,-344.774860526797,0
1008,1242,6.71263295563336,2450.91345269364,34.6391680100309,20.2671483874815,21.1951895275408,31.2742039420342,20591.5526060924,18517.3021505819,788.196331514876,0
1009,1243,5.24636120686934,5807.69258811998,37.4353141736862,11.1561058789102,11.4689942972748,17.1603976941826,20864.5996067057,36700.5684475293,-314.826690060138,0
1009,1244,6.32299357315113,2261.53390469364,34.6391680100309,21.5286437142099,22.5574333635616,33.2327033945293,20575.803739136,18526.8973991952,736.008814182748,0
1010,1245,5.25170935564635,5787.16106623766,37.4545983473768,11.183932357931,11.4985165783334,17.2034528694769,20862.3531553831,36693.5240207144,-340.770403224845,0
1010,1246,6.59340951421634,2419.54533206109,34.6665710433628,20.4672742192517,21.4113932655941,31.5849290744044,20581.2851460262,18531.3808245849,701.325017759901,0
1011,1247,5.42779154817541,5967.92844823766,37.4545983473768,10.9536077722632,11.2549453907608,16.8472952953523,20872.088112305,36697.5315383222,-333.23663374271,0
1012,1248,5.26120121499789,5320.80456823766,37.4545983473768,11.8426018328803,12.1960788453986,18.2222496331991,20860.17214295,36702.5666119211,-318.212713250264,0
1013,1249,5.31257301700403,6004.55768623766,37.4545983473768,10.908453037415,11.2072157318777,16.7774772625171,20864.6729660021,36689.3293150977,-323.010690857752,0
1013,1250,6.04955082278477,1558.33557046683,35.1201521503463,28.8306553730522,30.4905585724682,44.5828230330021,20429.3059737215,20970.7078070439,211.086094972054,0
1014,1251,5.89364802251143,2597.21388646683,35.1201521503463,19.4762161269271,20.3468730484783,30.0478686100444,20402.1036536087,20930.975263746,251.776841184108,0
1015,1252,5.74204520639015,2038.06750043965,35.1177681579591,23.3850365278329,24.5717456458959,36.1174962530871,20369.5430076858,21108.0639889076,199.62799949364,0
1015,1253,5.23109514063599,1446.52395128222,34.4832862660071,30.4262784830107,32.2215104226797,47.0623707402199,20412.3329453449,17726.6551169451,-195.886653732873,0
1016,1254,5.89432829037042,2271.98362043965,35.1177681579591,21.5290936216327,22.5628050686427,33.2347540771892,20322.029054127,21086.0785142554,223.3370855345,0
1017,1255,6.16615675237769,2203.53798883595,35.0928480740341,22.0295293644117,23.1037497668598,34.0118460773811,20349.0230341704,21089.3458165823,159.077539078158,0
1018,1256,6.09412053127132,2329.00893443965,35.1177681579591,21.1301718340841,22.1316581231098,32.6153160528186,20344.6190116508,21103.972953148,189.253788644942,0
1019,1257,6.17730388867023,1996.04189243965,35.1177681579591,23.7620071238929,24.9803707323899,36.7031897585315,20314.3101882267,21117.3944945781,140.639301590649,0
1020,1258,6.50849199012518,3183.67768900369,34.7969246181405,16.7415007253778,17.404348158612,25.8051466361156,20535.9606682464,19347.4086282419,655.4057706042,0
1021,1259,6.46226843395666,4052.84567500369,34.7969246181405,14.0986985339185,14.5794217908859,21.7102142648658,20530.3527956218,19356.1530857841,674.884463160232,0
1022,1260,6.58936744523485,4415.08527100369,34.7969246181405,13.2815254825401,13.709643092975,20.4450562416594,20534.7429336504,19348.9192329203,669.518379469754,0
1046,1261,5.51702440573318,1920.2118052287,36.8065150449363,24.7997820856883,26.1253083403203,38.3211325809737,14719.9100886415,34286.2422444107,628.541741851202,0
1047,1262,5.8186525888153,1711.50853043681,37.0367393904786,27.1865513862485,28.7236612550109,42.0325908108766,19162.6535432636,32913.3904260039,-756.595239517514,0
1048,1263,5.97778737522565,1922.31937643681,37.0367393904786,24.8215392217589,26.1514736938626,38.3556539405606,19131.653851677,32887.5705062279,-874.770555754546,0
1049,1264,5.76573753195317,1744.31040527739,37.0229061336911,26.7797929109015,28.2806921630051,41.4000296174343,19118.9983226572,32884.2073465042,-880.968957522623,0
1050,1265,5.93873307927506,1771.38855597832,37.0199760454096,26.4566407909397,27.9289870497811,40.8975478720572,19151.6107143031,32886.6201227303,-876.839987743024,0
1055,1266,7.85327074422133,1878.21235598607,37.0487932325405,25.2766482656885,26.6461129853624,39.0631240927819,19660.6071508274,32741.4640495184,-1522.0353022102,0
1056,1267,5.32899198865182,1656.61403282182,37.0025661572366,27.8891922470814,29.4885378277812,43.1252025562958,18830.7169014452,32904.3160228469,-719.299017857442,0
1061,1268,6.30572051347968,1781.68794776038,36.7511421970503,26.2817937840633,27.735643627741,40.6248238417851,19465.2978614921,31675.5536819636,-946.022499362048,0
1062,1269,5.90053282587321,1529.51227376038,36.7511421970503,29.6595201560618,31.4154694237883,45.8780376499535,19459.0633680348,31712.0388377625,-788.471333629782,0
1063,1270,5.82504945466487,1562.02264976038,36.7511421970503,29.1653160931265,30.8764207524344,45.1092401761096,19446.3795845428,31679.4498757273,-920.036805010823,0
1064,1271,5.79075108670297,1522.40371027474,36.7799856440931,29.7773057763144,31.5443434254312,46.0613803387028,19455.6080881774,31698.3743996199,-823.306944842909,0
1066,1272,5.83074430368661,1393.03917776038,36.7511421970503,31.9761135817304,33.9448494779661,49.4825419469433,19448.9959779026,31684.3120179346,-854.632692857883,0
1077,1273,5.94748544676938,5701.96147463644,33.3039729931258,11.0680647197705,11.3568433225226,17.0190058438167,24112.199403844,41813.6723308976,390.259563028127,0
1078,1274,5.97249454293224,4563.52563863644,33.3039729931258,12.8735754284256,13.2675151027377,19.8112816925041,24128.5730654739,41829.8153109709,379.239787454698,0
1080,1275,5.98873235502641,2800.27771957568,36.4598959365299,18.5865766437901,19.4002845313808,28.670589994093,14535.6281304285,32505.6747019768,225.749580204909,0
1097,1276,5.94860303411938,1645.86959397545,33.0827212287799,27.145102752646,28.6288164269664,41.9542973654684,15496.2487901215,16677.807261384,671.43083555554,0
1098,1277,6.29305900370665,1289.00434197545,33.0827212287799,32.960688156852,34.9671307528448,50.9997458315073,15502.6250898934,16677.5444706961,623.327913778452,0
1099,1278,6.08710677189812,1241.91275397545,33.0827212287799,33.9675384773467,36.0671660913371,52.5665591823835,15501.010617259,16657.918464068,664.522146958679,0
1100,1279,6.31839132888728,1184.49771078593,33.080918096813,35.2991193838373,37.5229739020512,54.6389914076459,15506.4175689394,16689.2980516005,678.599003819606,0
1103,1280,5.50095735957137,2411.92857153613,37.0379180046576,20.8603194720713,21.8585124640503,32.2014152782729,30677.6028903761,26752.806539326,-205.081443465132,0
1104,1281,5.8179814855427,2199.86224353613,37.0379180046576,22.3707887493901,23.4929470171677,34.5473940547413,30689.1218798894,26747.8578683399,-181.729384710638,0
1105,1282,6.74397046643405,2189.64663855489,37.2413482068906,22.4831215183617,23.6166634313603,34.722464048191,29572.8047741999,29348.8048315564,691.09355583392,0
1106,1283,6.33117960110029,2682.43433655489,37.2413482068906,19.2879724844823,20.1627006062884,29.7608965938495,29561.4645870651,29343.6915680492,729.325090420335,0
1107,1284,6.59303240992261,2610.06380861968,37.2419180668815,19.6859204792016,20.5919838612468,30.378593859993,29557.6077528065,29354.0842126966,774.654260401562,0
1108,1285,6.60015403767979,2832.21804461968,37.2419180668815,18.5252652008669,19.3407484910824,28.5772459225873,29567.5441140997,29352.414393271,749.932904295072,0
1109,1286,6.97317956536035,2073.48842261968,37.2419180668815,23.4442365543299,24.6585794923521,36.2157610927138,29542.0143171855,29368.6845973915,704.372486333377,0
1113,1287,6.34372524418884,2144.82021311879,36.9570987048794,22.7956260024441,23.9524227756411,35.207168651802,27746.6639729099,26093.2257685296,-1193.40623902981,0
1114,1288,6.16899499496658,1973.23767311879,36.9570987048794,24.3084485351743,25.5933989864633,37.5579374179487,27771.0620744133,26047.0383423914,-1134.15351364547,0
1115,1289,6.30148909616375,1610.44742711879,36.9570987048794,28.511791809521,30.1664660773102,44.0934039663443,27747.9239633044,26077.7114189342,-1210.60477753797,0
1116,1290,6.44205891776403,1695.96652345984,36.9841360123633,27.3718498816986,28.9248083077394,42.3205737549487,27817.4083519128,26019.1622944055,-1269.57324401467,0
1118,1291,6.73197547989239,1897.9243874092,37.1172885228559,25.0847009873047,26.4382773209653,38.764958386557,28736.0312186893,26180.9179003597,-1287.25480831727,0
1119,1292,8.40875028801049,1902.92570163943,36.826159592364,24.9784880535694,26.3196529339012,38.5989641878699,30335.8500191907,24760.3876768457,-1465.42653236983,0
1120,1293,6.91848191638224,2328.80347167412,36.8857742841699,21.3986414482322,22.4391675228703,33.0369937277393,30432.3533387425,24734.8624288824,-1311.51198096607,0
1121,1294,6.92407099988854,2439.35196567412,36.8857742841699,20.6615417688696,21.6422734545951,31.8923686834512,30418.3369475335,24686.5311274932,-1443.06809929541,0
1122,1295,7.2174428097533,2370.44648918961,36.9320900884885,21.1201644659197,22.1384391204978,32.6046465055372,30392.0100751094,24726.7241433467,-1312.65005532348,0
1123,1296,7.01511904133723,2122.44187767412,36.8857742841699,22.9678775124662,24.1383845971999,35.4745840054127,30435.0820531376,24727.0210666154,-1378.60393688407,0
1124,1297,7.29811242171192,2318.69353767412,36.8857742841699,21.4693570718371,22.5156636847901,33.1468188283391,30445.9049954916,24696.8971846029,-1242.234246806,0
1125,1298,6.33642721253599,2274.44330367412,36.8857742841699,21.7858550195602,22.8581249236179,33.6383828210641,30343.4679331956,24724.7899021087,-1253.08785860422,0
1126,1299,6.79631390968433,1877.62288767412,36.8857742841699,25.2516576647563,26.6171346146337,39.023770809881,30389.8424456235,24718.8386640258,-1269.75811914654,0
1126,1300,5.89633596895422,1213.04742207875,35.2289243325543,35.3162946629298,37.575723494597,54.6752475633932,16762.6169987339,25722.7463193777,-354.497069714447,0
1127,1301,7.36456052204372,2248.65085767412,36.8857742841699,21.9757615829161,23.0636809565629,33.9333533985812,30435.54133654,24731.8518900847,-1337.44141496544,0
1129,1302,5.96009414726834,2017.6796486224,36.9570693409784,23.8931477784499,25.1426276419635,36.9125206549322,30735.2684089947,25184.6988716699,63.3140731317159,0
1130,1303,5.9484633475498,2131.74308785404,36.9419725106729,22.9002700708501,24.0656809018676,35.369704453746,30738.5347707758,25160.7000096701,61.7442723166506,0
1131,1304,6.56413313715554,3330.79781591917,37.0920261286972,16.4361368890465,17.0941225848113,25.3364553609667,30479.4494431694,25718.2484934403,910.647802189194,0
1132,1305,6.99172808828108,4343.4063414068,37.1421434756015,13.6079688833424,14.0707561503897,20.9542211112897,30437.9596129121,26092.0611556625,852.542293499114,0
1132,1306,5.00646963078806,3546.77694422365,37.2137043889912,15.7190009525714,16.3263649836352,24.2249434595117,30011.4621124662,26710.6019303261,-132.123898825978,0
1132,1307,6.79119134358093,2532.92817111569,35.7458166557359,19.9291099515527,20.8409506210724,30.7523779371012,32139.0215173237,36543.7338532462,890.924967091953,0
1133,1308,5.96809444875954,4596.64329182159,37.05440659391,13.0739095496057,13.5016933001374,20.1272117938752,27949.0555270356,36191.0719842076,242.985858565236,0
1133,1309,6.80774059742231,4341.1596894068,37.1421434756015,13.6129038563054,14.0760139782173,20.9618629234744,30451.8847713405,26122.7568684591,841.676930092515,0
1134,1310,5.86872370191849,4455.20102397347,37.0836609868176,13.3639579076575,13.81053945607,20.5763031249889,27937.7397718135,36175.5135857245,266.860502270214,0
1134,1311,6.69140955823207,3861.9620334068,37.1421434756015,14.7846081768306,15.3262752563532,22.7767733910855,30425.4000942564,26129.6392203238,881.845259857949,0
1135,1312,6.55357583440562,3854.4731934068,37.1421434756015,14.8050303041892,15.3480990750766,22.8084152044576,30438.710379064,26120.2057256459,878.253099984667,0
1135,1313,5.62236038546023,2485.05472382159,37.05440659391,20.398323655327,21.359449982287,31.4841078837792,27977.4916545034,36198.0710182289,292.017431386215,0
1135,1314,6.31184921251501,2182.48106550412,37.2169207230546,22.5356685992649,23.6733516604906,34.8040302524331,29014.4916480779,33553.4952531964,-792.955002337352,0
1136,1315,6.82491074796023,3381.5088954068,37.1421434756015,16.2622878041519,16.90804762209,25.0670135370642,30433.3032136217,26121.023811605,867.630121852698,0
1136,1316,5.97753064528233,3712.91362350412,37.2169207230546,15.2118402569463,15.783544397067,23.4389188396279,29043.5897298511,33540.6715421125,-879.456802003612,0
1137,1317,6.79904714435309,3284.4403134068,37.1421434756015,16.60906515884,17.2799998678091,25.6046874482032,30441.8889930137,26110.4075701414,900.567649671804,0
1137,1318,5.60513379145781,3489.37174950412,37.2169207230546,15.904978711114,16.5256048757591,24.5132330907512,29014.832525806,33537.7444079743,-802.577037426988,0
1138,1319,6.81461228054091,3857.69264633548,37.1580835532411,14.7975827087437,15.3402417016094,22.7969039173912,30429.4085067087,26128.1354944673,880.702732018115,0
1138,1320,5.75768389012965,3508.82070750412,37.2169207230546,15.8414417598401,16.4575353646931,24.4147420884946,29029.6161973517,33526.9711945771,-830.101730626869,0
1139,1321,6.78825340977272,3882.00935033548,37.1580835532411,14.7316263969067,15.2697630321015,22.6947132293712,30433.9284688409,26142.8819577221,874.177344931097,0
1139,1322,5.79173326080167,4052.26820550412,37.2169207230546,14.2948873580775,14.8037255960079,22.0182216646543,29024.0956421732,33541.5240649107,-855.516406734085,0
1140,1323,6.81341690971663,4055.88115951957,37.1578364432522,14.2811898909564,14.7887455422717,21.9969046524665,30432.1639769721,26136.0278097803,874.969549295296,0
1140,1324,5.73428367184429,3462.19110291102,37.294949620206,16.0022902450283,16.6304201288123,24.6642342220534,29044.8428958622,33494.906395441,-814.528517394875,0
1141,1325,6.78822027265277,3306.63027922473,37.1410840543956,16.5280235227453,17.193042985371,25.4790245605523,30441.1354403945,26137.095330812,861.130336440606,0
1141,1326,5.55348904008413,3177.70328691102,37.294949620206,17.0290029671376,17.7319238540387,26.256210394776,29039.1065263957,33508.3041481619,-785.934568333677,0
1142,1327,6.82703169370773,3265.39760722473,37.1410840543956,16.6792260884701,17.3552792474952,25.7134780600457,30441.129070542,26110.4766144206,892.622717223569,0
1143,1328,5.66780210774893,3496.72291832606,36.4431898292513,15.8079044422041,16.4162404692109,24.361276010437,30718.6866054281,36080.1931096417,476.602207829056,0
1143,1329,7.00745273815703,2486.14087666002,37.1643154051795,20.4068621176477,21.3696726800432,31.497641318796,30441.7087850801,26159.7695543008,848.809975070188,0
1144,1330,5.7886989739776,3319.98629432607,36.4431898292513,16.4099449106727,17.0613227263501,25.2945475035427,30708.011241917,36097.4743379099,441.618284458246,0
1145,1331,7.03064066064209,2533.48952230953,37.3197602300387,20.1406520988976,21.0835464877493,31.0847159923337,30069.4218285357,27272.082535136,1100.01879564148,0
1146,1332,7.12293546844664,2793.90943171243,37.3318643030011,18.7239656804125,19.5555257787453,28.8857875216889,30042.720168736,27280.9715925461,1033.48792712304,0
1147,1333,6.91346462093673,2460.02353959603,37.3044969610661,20.589426833554,21.5681979402069,31.7814594612285,30090.0801436472,27269.9838050489,1092.57467834865,0
1148,1334,7.08816712598447,2570.58130630953,37.3197602300387,19.9222154506089,20.8477000816195,30.7455982943686,30056.4652727987,27248.8049122561,1062.70826044713,0
1149,1335,7.24383035892431,2718.19028559603,37.3044969610661,19.1066346939004,19.967713733967,29.4795974604191,30075.4079687641,27242.2740358054,1086.06885989843,0
1150,1336,7.27114472248529,2480.34883595903,37.3636720983761,20.4703908315732,21.4401141561949,31.5967799940408,30075.6299555892,27261.2657746298,1020.42368994542,0
1151,1337,6.8524965772415,2135.02520795903,37.3636720983761,22.94280596229,24.1160763325164,35.4369810085687,30048.851109914,27251.3359293647,1011.41880103657,0
1152,1338,7.30694013750291,2493.98292995903,37.3636720983761,20.3860784448767,21.3490249211337,31.4658709420015,30056.9883355417,27267.5735473233,1017.54606391713,0
1152,1339,6.73713700905178,1913.07924827362,37.4005435420158,24.9826995284901,26.3305486642405,38.6072671120497,30010.8350466694,27257.9455058686,979.071166550467,0
1153,1340,7.03189834005508,2488.54250795903,37.3636720983761,20.4196173811879,21.3852582588563,31.5179453470641,30065.4116403078,27256.5207357187,1034.67703989375,0
1154,1341,7.12390227296274,2917.59199161335,37.36153910092,18.137141101671,18.9238503907895,27.9752947010851,30063.5356722117,27265.759503181,1022.08025458856,0
1155,1342,7.04358756695869,2619.92135467873,37.3471956282065,19.6442412679277,20.5479266307928,30.3141489436156,30076.2807962699,27247.5321352422,1071.92475430005,0
1156,1343,7.33961936862282,2647.32794195903,37.3636720983761,19.4941905869718,20.386175572722,30.0812710015237,30058.8006461242,27256.9566419593,1071.50735900922,0
1157,1344,7.05989163805241,3021.04811361335,37.36153910092,17.6780225781005,18.4299182938321,27.2630235291914,30067.9365267788,27275.2139889438,1074.71974328205,0
1158,1345,7.16072751131469,3007.00627867873,37.3471956282065,17.7370115320969,18.4932447003933,27.3545008280637,30061.9622816254,27256.5418857158,1080.18622727131,0
1158,1346,5.46905142711003,2059.67158284279,35.1850601042669,23.2087230193719,24.3814240620697,35.8437820725343,26417.7191048238,18455.1545942408,-732.277147741312,0
1158,1347,6.18555081422896,2022.5114661375,37.0170529751654,23.8595817597044,25.1068398667686,36.8605350309232,28388.9566082308,25440.602438094,-1007.82138623366,0
1159,1348,5.51400405979707,2961.23981484279,35.1850601042669,17.6904216263379,18.4258460971147,27.2774552247912,26448.3884911054,18444.4585851137,-766.043052705996,0
1159,1349,6.6813669419883,1953.36650122099,36.9977434986371,24.5073851692819,25.8098422440852,37.8672476129792,28417.4289858673,25404.1544724776,-1121.06094205391,0
1160,1350,7.1971717235813,3022.45030075629,37.4300878208766,17.6795897916785,18.4321356776158,27.2656015142673,29599.8622319692,28266.7635203928,996.130619339162,0
1160,1351,5.22541618841029,2620.75798948052,35.1625002278251,19.351834810454,20.2132258656199,29.8549497499274,26432.3274550995,18417.0742473919,-790.552449158779,0
1160,1352,6.09918136829828,2093.0401147261,36.9266562973042,23.2221796829159,24.4144960576119,35.8698159800132,28339.4308474088,25473.2486897257,-1015.99830157976,0
1161,1353,5.44728728378723,2977.55716348052,35.1625002278251,17.6169882040038,18.3467768575114,27.1635132294376,26436.732984855,18415.2004094685,-764.612149449823,0
1162,1354,5.82891529334636,2715.0674088691,35.1731288527994,18.8533311913257,19.6764106372659,29.0814333702079,26397.3585644215,18608.7273497254,-915.275176855355,0
1162,1355,6.28128580443275,1553.89071753601,36.9442630405746,29.3329399581196,31.0616774654325,45.3706764961804,28405.3207116952,25424.2604645839,-1042.62110885999,0
1163,1356,6.51630763849125,1436.82252753601,36.9442630405746,31.2367866399684,33.1397374773312,48.3327752794362,28401.5082572668,25419.4356940556,-1065.59799978494,0
1163,1357,5.94094868065589,2225.27990560368,35.1925645489534,21.8821530562181,22.9453570405416,33.7832482607618,26387.4672516637,18721.1902786119,-1031.05261445102,0
1164,1358,6.12581509271559,1474.77027248446,36.9646709669481,30.5928698481406,32.4368471499069,47.3309199264645,28410.812784387,25466.5359583381,-921.733586077216,0
1165,1359,5.80754745005269,1599.03730045509,36.9822070917673,28.6793197343606,30.3494008090066,44.3540711608634,28384.9416622244,25470.6909390267,-984.50911455338,0
1166,1360,5.9315993517304,1713.37793048446,36.9646709669481,27.1478408551441,28.6806591106146,41.9721554176557,28385.4920195376,25446.3063605098,-955.810056308907,0
1167,1361,5.94523316233245,1459.1979127261,36.9266562973042,30.8456487204976,32.7123469997228,47.7240921647375,28377.1480636037,25406.223909034,-967.722400168287,0
1169,1362,6.04036797840115,1906.56431245509,36.9822070917673,24.9707412544527,26.3129635062028,38.5874026136129,28399.9315112639,25448.3324631053,-999.56747922012,0
1169,1363,6.02281785560832,1814.18146415532,36.7012096065117,25.9022444614752,27.3222708709378,40.0345702423767,28397.874640114,25448.9804299874,-996.208656747776,0
1182,1364,5.77453783650341,2661.67190864702,37.4694206793062,19.429234139298,20.3170114463379,29.9806959312672,29127.4788647732,32662.1817716907,-850.483795437977,0
1183,1365,5.70303382855696,3757.30469452033,37.4561508080901,15.1039539128481,15.6697035488335,23.2721604410001,29124.3430267077,32664.2868935401,-849.347256093725,0
1184,1366,5.64873239581383,3407.26750252033,37.4561508080901,16.2037013697527,16.8474508365947,24.9767943753653,29131.8824589892,32669.6741650395,-872.814240427762,0
1185,1367,5.6363401653567,3252.88726852033,37.4561508080901,16.7579172318154,17.442042715863,25.8361385331946,29136.3556763901,32654.5516074851,-907.992545119286,0
1186,1368,5.74804755281259,2969.00068664702,37.4694206793062,17.9174554935738,18.6883034268896,27.6346967109627,29112.7273540507,32689.4779115785,-879.392056404161,0
1187,1369,5.49412605702855,2635.69654529469,37.4461998879118,19.5690975419396,20.4677034923378,30.1977418295465,29122.466162453,32668.5327812098,-886.277902834499,0
1187,1370,5.80747102489291,1822.05945819894,37.5200160412118,25.9764274213847,27.4122589243367,40.1524934093254,28131.0875910135,30486.4779219415,-36.2254493310307,0
1187,1371,10.485504997046,2904.5065031412,37.5742666594684,18.2220069603905,19.0169000589775,28.1074375864047,28440.5583586028,31727.6241179653,-277.205039420627,0
1188,1372,5.86715653604812,3959.37439419894,37.5200160412118,14.556238797488,15.0846547338891,22.4236080620125,28062.409650949,30457.9720249562,-77.7219661292507,0
1189,1373,5.70192793423594,3080.10561039049,37.5160432506796,17.4455756551611,18.1811885479083,26.9027791901466,28026.6183991733,30443.0061371472,-133.483888955852,0
1190,1374,5.70850188709885,3402.62166554008,37.4313320084309,16.2172990847182,16.8618561949428,24.9978279616934,28039.0039357114,30442.6676086183,-146.945116746343,0
1191,1375,5.47662958483874,3358.06306754007,37.4313320084309,16.3727789805735,17.0285963434414,25.2388900451651,28055.1317308714,30459.966522038,-138.918410810062,0
1192,1376,5.54560431322425,3280.31128754007,37.4313320084309,16.6534359770305,17.3297172687723,25.6740699842399,28036.3992055536,30453.7657825877,-120.720069475233,0
1193,1377,5.82716311126514,3107.36244957151,37.4289183561975,17.3240413726035,18.0498989718864,26.7140838359161,28030.9919717045,30444.5748888931,-158.883490965283,0
1194,1378,5.79899369447757,3796.68814557151,37.4289183561975,14.989625559868,15.5472613840505,23.094947764834,28018.9641636436,30456.7252555948,-136.133337699506,0
1195,1379,6.16382781800133,4107.28206711317,37.4404418088598,14.1768488858175,14.6791014129879,21.8357519169013,28582.3168418509,31712.1513120723,-887.280375428105,0
1195,1380,8.20549098664029,3920.26480325737,37.4684531431808,14.6549780236897,15.1898195958082,22.5764966602592,27984.8782976798,30891.3099446197,-167.936518027953,0
1196,1381,5.78003998020585,4244.08007293257,37.437870671205,13.8529919519477,14.3336253973681,21.3341399526918,28734.4529563548,31726.6562782399,-863.969042789653,0
1197,1382,5.72832281990209,4086.97301673876,37.4221235449173,14.225148258838,14.7305368713754,21.9105370541488,28795.8355702493,31714.8002677982,-818.2453351982,0
1198,1383,5.80060063423979,3048.46474093257,37.437870671205,17.5695941564573,18.3139184019893,27.0949886102736,28700.4887435428,31794.1821055099,-873.849319756941,0
1199,1384,6.15749703598956,3125.62181893257,37.437870671205,17.2509157224811,17.9713863155867,26.6006814266599,28739.0020808727,31775.4507768207,-908.798877058485,0
1200,1385,5.99531318847094,2755.4654893241,37.3689374833193,18.9220696603669,19.769307446917,29.1933063386181,28692.7208803604,31792.6893731903,-818.037324291964,0
1201,1386,5.99604106214205,2900.7710113241,37.3689374833193,18.2155320581997,19.0082865483843,28.096937579699,28722.7094328333,31760.5282528985,-917.922757284757,0
1202,1387,5.60485043427573,3019.0506313241,37.3689374833193,17.687429449342,18.4400917101392,27.2776319203028,28708.3857835519,31768.6744093945,-820.044308763723,0
1203,1388,5.50242525158266,2862.424217057,37.145845272104,18.3691648083503,19.1718743644018,28.334814229888,20446.2544160223,35624.0158158612,-640.100787275494,0
1203,1389,6.02892409600363,2634.9612433241,37.3689374833193,19.5631807323802,20.4606518130865,30.1883727967929,28706.7801454886,31761.922241692,-893.642953124159,0
1204,1390,5.46371886163911,4784.919575057,37.145845272104,12.7207173623348,13.1266349935737,19.5806347521244,20439.4420957322,35616.7021763928,-592.815557623355,0
1204,1391,6.1374425871382,2865.6175153241,37.3689374833193,18.3803182482172,19.1856950845343,28.3526205468015,28701.8787367525,31805.052940102,-880.558068299234,0
1205,1392,6.15306154234416,3258.5613553241,37.3689374833193,16.7278252247011,17.4091045591816,25.7892987462868,28720.1619173003,31798.9397393716,-852.710638485642,0
1205,1393,5.64142358493091,2158.076789057,37.145845272104,22.7190417093849,23.8713391064357,35.0887165057469,20442.8863749143,35594.046976667,-549.575696626579,0
1206,1394,5.72447255940769,2958.6333133241,37.3689374833193,17.9522647983767,18.7249633873169,27.6884817374022,28731.2815204785,31767.0648263878,-862.713511599786,0
1207,1395,6.38736930162952,1801.6736113241,37.3689374833193,26.1767072652035,27.6284239567101,40.4634115328811,28721.1304906986,31782.3849762305,-886.767912262975,0
1249,1396,6.0502570452489,2910.59219025863,36.5017671904374,18.0694999115632,18.8441377807792,27.8684405389895,30274.1804185333,36061.5780612744,239.521176727275,0
1250,1397,5.78400936288852,3741.30784793593,36.5259071003101,15.068926664991,15.6261625998773,23.2162062995275,30269.9204359721,36089.4833611603,331.135417175177,0
1251,1398,7.34303864164543,3034.26437042389,36.389146169331,17.5137592942017,18.2457325400133,27.0061275935286,28569.4230244423,38043.0573736203,1178.43502311759,0
1251,1399,5.91185833721656,2900.93939727867,36.009044545787,18.0559142598654,18.8254926657636,27.8462518768299,29150.6566296632,38400.2760090397,-52.0112451696661,0
1274,1400,8.275748355261,3112.49229236481,35.9764972923161,17.1465790041703,17.8481249943173,26.4357775086201,25098.1760992079,22908.2361580627,-1315.46709862683,0
1274,1401,6.63329032705672,2356.04745526531,35.7901410410864,21.0481627920487,22.049656463186,32.489809105823,24743.8017910419,22446.7900124627,481.146519257266,0
1275,1402,8.44014887243372,3410.08557836481,35.9764972923161,16.0502509776401,16.6724637872775,24.7360060124625,25101.3725565914,22888.7774089269,-1355.59440592647,0
1275,1403,6.60334531118506,2014.97728596732,37.0777205936346,23.9391840243932,25.1938668346856,36.9844181351931,26006.5600722559,30824.2853858607,-974.424513816099,0
1276,1404,6.75348232190487,3691.61384211082,35.9522381434578,15.162094475706,15.7219250084188,23.3595125598077,24959.3341685635,22728.0387612075,928.350983005745,0
1277,1405,6.59014326805143,3201.14249164292,35.9394070933026,16.7963736511687,17.4720049715366,25.8926526264648,24956.0566963898,22702.1371288661,907.471040059491,0
1278,1406,7.11306639783369,3517.19356564292,35.9394070933026,15.6942798496524,16.2910655651519,24.1841932050199,24946.856854775,22715.5841698871,913.451750001079,0
1279,1407,7.44435645910682,3553.29417964292,35.9394070933026,15.5799415292864,16.1687103742233,24.0069918646573,24889.7020850377,22779.9124857588,1109.67945765599,0
1280,1408,7.27835395377205,4079.39995975795,35.946415834106,14.1267405375361,14.6165336084476,21.7556301538964,24881.7503322595,22778.5380189337,1089.4894349289,0
1280,1409,5.93917493342088,2141.85298166716,35.2263595356008,22.5324689646955,23.6494383867416,34.7933927721375,16475.0857566098,25910.7870119267,213.428990357371,0
1281,1410,5.26231002588704,5019.58583482188,37.2054671553461,12.3107290177102,12.6914659648976,18.9462190074424,22925.76922338,37635.4181729819,-300.769364713177,0
1281,1411,7.19615463052666,3868.96355575795,35.946415834106,14.6647237592512,15.1905378906453,22.5889255119784,24891.3617382665,22765.3229031229,1140.87328773276,0
1281,1412,5.91684167530308,3291.72031166716,35.2263595356008,16.3876021512858,17.0283394003058,25.2574193475336,16457.5714048579,25921.2655870982,243.53973874864,0
1281,1413,6.54561909828282,2688.189163005,35.2104896238091,18.9972978887972,19.8317546568025,29.3049093619908,23496.5170164879,19969.6791453815,485.348933551394,0
1282,1414,5.22790471186905,3917.03035282188,37.2054671553461,14.6418735997181,15.1741721491881,22.5557400397727,22924.5562915344,37631.3162454847,-326.966805408074,0
1282,1415,6.99210780099889,3328.39265687441,35.451409582468,16.2801536964312,16.9148997938515,25.0913208485258,22865.79968161,21554.7868961082,1130.41238039315,0
1282,1416,5.90637311922981,2641.66697366716,35.2263595356008,19.2465576123757,20.1003758096548,29.6917365121697,16464.143841599,25884.4935683471,263.564979285511,0
1283,1417,5.27927886269887,3960.79601482188,37.2054671553461,14.5269046281376,15.0513714600757,22.3776248078561,22905.8263263075,37634.7707846674,-332.541046867588,0
1283,1418,7.1527681361811,3422.53178087441,35.451409582468,15.956926871031,16.5687237795103,24.5903051146401,22870.9297060484,21525.2615143555,1150.19003158452,0
1283,1419,5.97097117875593,2746.95125366716,35.2263595356008,18.6982991034919,19.5099932929731,28.8410202679741,16426.0549171362,25897.4860995384,283.671654126546,0
1284,1420,7.39735880351298,3559.26918887441,35.451409582468,15.5155903492764,16.096452047772,23.9063250578074,22860.6638472926,21527.5418700017,1140.80523621652,0
1284,1421,5.3049981883551,3769.19184082188,37.2054671553461,15.0483116089768,15.6085716734507,23.18548856294,22941.7038336066,37632.7565180697,-343.298993983833,0
1285,1422,7.2727169617077,3738.73703687441,35.451409582468,14.9815616936577,15.5256301766189,23.0788684355664,22873.885750919,21541.9383255649,1163.05965249001,0
1285,1423,5.59664400073627,3570.594550974,37.1886663422042,15.6412845413653,16.2429702882066,24.1044354336857,21359.6613052567,37440.8886745698,74.9076166817656,0
1285,1424,7.0133568546725,2874.46529313588,37.2982087502157,18.3301935271669,19.1311535307743,28.274687373126,24350.2269881492,33863.4360915712,-1256.16637009925,0
1286,1425,5.37703497729391,5257.79841907299,37.1838132531702,11.923596618134,12.2806437931625,18.3471941391147,21671.7793107714,37446.2757673651,-298.349957761986,0
1286,1426,7.16427474245984,3585.12771287441,35.451409582468,15.4356182610516,16.0109248978025,23.782398911851,22855.5579249174,21550.058717023,1129.44192173721,0
1287,1427,5.24067488498206,5317.88632670352,37.2121245960236,11.8328793972734,12.184607886992,18.2068878910715,21703.0136705318,37436.1334439216,-348.821721723136,0
1287,1428,7.31644381882932,3914.90098487441,35.451409582468,14.5012178023783,15.0128137504244,22.3347662286984,22878.6061699538,21524.2918923761,1162.96168924564,0
1288,1429,7.54268263620493,3573.47595887441,35.451409582468,15.471521612327,16.0493202428656,23.8380348345683,22870.0154610667,21523.4740314223,1160.80411977069,0
1289,1430,7.26949658799756,3497.06776487441,35.451409582468,15.7124115967198,16.3070114608837,24.2113411153278,22865.7724861655,21545.3191990169,1155.41751399417,0
1289,1431,7.02138824381692,2754.07604445138,36.3848491976344,18.8074406884759,19.6374998600714,29.0131274349586,26770.3806921095,39027.4298094664,1126.92805949983,0
1290,1432,7.28836723133763,3804.02874606833,35.4714244422149,14.8005189490764,15.3324108998153,22.7984317030844,22855.2674852951,21529.9088427227,1155.13707364055,0
1290,1433,6.99728121912993,2813.86481060659,36.385038097152,18.5111513515081,19.3184519490979,28.5533858703085,26779.2134411887,39027.1799023226,1144.6653531338,0
1291,1434,7.44547662971139,4184.57194806833,35.4714244422149,13.8394778579406,14.3074704155521,21.3099752047847,22806.0553531294,21559.6065957943,1140.69568807749,0
1291,1435,7.41504125365549,2903.26669170613,36.4239718644497,18.0939286803198,18.8697828351614,27.9061634797272,26751.466874135,39041.9061827969,1116.01833989407,0
1291,1436,5.57412875139787,2048.45622754611,34.930290779686,23.2610070514943,24.4352883221589,35.9242357301298,18782.3896548729,22979.8372899194,-11.0664666311703,0
1292,1437,7.26044800497568,4143.31725006833,35.4714244422149,13.9358557031479,14.4101428164609,21.4592134892632,22799.1486926569,21564.1794774112,1093.8550221781,0
1292,1438,7.21247403523116,3061.21679060659,36.385038097152,17.400475509802,18.1239843443714,26.8304156317373,26751.8015909375,39026.3488707043,1154.10148209083,0
1293,1439,7.21452235625719,4250.29667158921,35.5015712937822,13.6917713030985,14.1503495249812,21.0813199664304,22781.9536650677,21564.8709024477,1089.3725638912,0
1293,1440,7.2258384030681,3073.46324660659,36.385038097152,17.3498181281386,18.0695650644154,26.7518485066941,26775.1632928429,39043.0161453689,1089.97468032158,0
1294,1441,7.41874841616246,3878.54184358921,35.5015712937822,14.6013477084492,15.1199905661443,22.4899542738308,22796.0641086767,21573.7466481264,1090.48049220043,0
1294,1442,7.62343592024652,3420.17285970613,36.4239718644497,16.0597432705362,16.6858442935567,24.7516053934366,26753.6161365582,39030.9380799829,1145.23300457448,0
1295,1443,7.35255691061683,3332.31279860659,36.385038097152,16.3602257190084,17.0075930200954,25.2173480188228,26752.9482470606,39049.0449562919,1121.50999293473,0
1295,1444,7.07210960231874,2736.91272599405,36.053594393206,18.8532016431457,19.6839489680222,29.0833524469539,24471.139428726,23345.3308233066,1116.38552891372,0
1296,1445,7.31858820397467,2853.18797999405,36.053594393206,18.2829606392171,19.07009533595,28.1985827500217,24445.4030150802,23330.1346460321,1045.22877170685,0
1296,1446,7.14367047859751,3259.27458260659,36.385038097152,16.6246883063612,17.2911876326252,25.6273752615354,26763.4234956676,39045.055244276,1124.46883286954,0
1297,1447,7.04822797976567,2867.65906199405,36.053594393206,18.2150142642794,18.9969941051761,28.0931707786479,24439.4493318664,23331.2525772685,1090.133419419,0
1297,1448,7.30272948700661,2951.65946660659,36.385038097152,17.8710183278978,18.6297240226597,27.5602753465798,26768.4190572955,39044.7013501148,1092.22617950724,0
1298,1449,7.17459055469521,3100.86359060659,36.385038097152,17.2378238647708,17.9492730883948,26.5781562177196,26787.3494248969,39040.1431125362,1103.91564418582,0
1298,1450,6.97737990496375,2548.21598399405,36.053594393206,19.8817823486346,20.7927117645679,30.6796939288992,24466.7368498752,23343.0226407235,1125.34557869179,0
1299,1451,6.01265285524828,3392.96633577959,37.1510047565603,16.2234312944892,16.8664501054906,25.0067890630025,25174.4437732391,37763.7190446529,705.512849561333,0
1299,1452,6.40493983747698,1725.37636775363,36.0550371498041,26.8063821891353,28.2981287673904,41.4381720558465,23822.3699776006,24173.0787947727,630.877566190507,0
1300,1453,6.74653124607281,4578.70868422083,34.9462497160287,12.9616978533325,13.3706077690241,19.950275211266,28002.0363719328,40062.030503359,960.641321279622,0
1301,1454,7.00428377451906,6171.10038022083,34.9462497160287,10.5837021277874,10.8534890316308,16.2724645755527,27984.8358941353,40041.355153162,948.913969168655,0
1301,1455,7.44463052722937,1805.65331131693,36.2728137215181,25.9118861544135,27.3278003245957,40.0481816314801,24944.9634204695,24404.4487510534,1011.38271364583,0
1302,1456,7.05959256159257,4950.49905790136,34.8636162497139,12.2785585033432,12.6451626581932,18.8930891817366,28003.8695960082,40072.578016795,977.130554735505,0
1302,1457,4.9044700023955,4170.16220375884,35.4260490174691,13.8693880229951,14.3390527737199,21.3562127525065,27425.7054670414,40621.3906649882,75.1518099962177,0
1302,1458,6.87905566525953,1834.61151456333,36.3169603127347,25.6006014319256,26.9899235501242,39.5644100217063,25011.6392795249,24438.3002583255,1111.58544349104,0
1303,1459,7.02919297420348,1500.8121555403,36.2963411426459,30.0001786780914,31.7812394766242,46.4063566591353,25002.3278489748,24409.4149676277,1081.74325580311,0
1304,1460,7.45006197075095,2108.9940675403,36.2963411426459,22.98110451811,24.1466188903104,35.4934420699384,24993.0082918071,24390.9043508553,1045.2828937122,0
1305,1461,6.82130419924198,1631.27908047663,36.4808634584563,28.1148970772746,29.7280538789322,43.474453040415,25332.4371402211,25479.2665623915,1088.02994314742,0
1306,1462,7.22635968748299,1486.00715773712,36.4991202462436,30.2902924583929,32.100477097591,46.8584488589842,25339.7797142906,25645.1957484394,1011.55553902927,0
1307,1463,6.96092970145394,1346.91283349455,36.5170244319574,32.7959002863479,34.8376319940324,50.7574542910743,25348.9447092935,25680.5129089543,1013.42550239533,0
1309,1464,7.06780903239549,1299.09452173712,36.4991202462436,33.7699266225509,35.9025001098442,52.2733939827946,25386.7455772704,25636.0056475585,1066.70589987661,0
1310,1465,7.40489351644064,1548.33633288068,36.4876367469174,29.3079419200619,31.0286098813847,45.330169542382,25353.0119001986,25675.7169517239,1027.90932101717,0
1311,1466,6.7739034396053,1946.91308231593,36.5344476553574,24.4852135564915,25.7807079801654,37.8313827614631,25661.8292533451,25660.2610263236,1079.05687072843,0
1312,1467,7.13246728787109,1473.39813431593,36.5344476553574,30.5071123878125,32.3375927877382,47.1959151646583,25734.3762945304,25663.6637352557,1195.87224678992,0
1314,1468,7.20538945284295,1836.23711559904,36.3895835017031,25.5972483286112,26.9871134508019,39.5594295488747,25865.4761229199,24394.8845930449,1171.7942682612,0
1315,1469,7.7186337438535,1827.99939159904,36.3895835017031,25.6872614856557,27.084955919693,39.6993589612143,25838.4956836548,24371.3335959305,1146.80760519261,0
1316,1470,7.13121981945343,1660.97623359904,36.3895835017031,27.6959553540315,29.2705773309587,42.8225971475681,25916.0282984143,24394.5267409129,1172.35280239896,0
1322,1471,4.30776502922925,1407.64481591383,36.8029757884427,31.7212659446999,33.6670947465861,49.0861498403954,29700.1474544988,26537.4747202998,-385.379181371086,0
1327,1472,7.46451162315464,2465.38499519107,36.7534133172192,20.4784528259436,21.4432479583106,31.607754971327,29328.6054823565,25913.306556794,1208.04634691234,0
1329,1473,5.76065801627048,2568.04503103788,36.6917964366014,19.8529534195231,20.7673662290202,30.6365358870162,27178.3141618714,25565.6495626998,-271.527213698766,0
1329,1474,7.41512617895981,2905.88318574643,36.7616570439576,18.1213468781834,18.9020274368221,27.9494580824881,29297.3743464136,25928.202391681,1239.19073913918,0
1330,1475,5.60289623082912,3211.14506597398,36.6424434631872,16.8318707456386,17.5154020443515,25.9491582475019,27171.1807611369,25606.5153778452,-251.350831000054,0
1331,1476,8.3920020093373,3533.74091903369,36.7303751360422,15.7156915757509,16.3195014657834,24.2188990379346,27987.6212860802,25871.0488695693,-1388.16296708175,0
1332,1477,7.31597147185388,3294.29737073068,36.6628377642142,16.524644961533,17.1859326389079,25.4728248494232,26896.1045603943,25875.765810595,1087.45742416637,0
1332,1478,8.12859475044982,4139.89998463253,36.7107573825472,14.0411938564515,14.5299920884299,21.6244284728868,28092.8314289869,25813.6209323058,-1203.58803980169,0
1333,1479,7.24671899392715,3769.11185273068,36.6628377642142,15.0015783619336,15.555070452035,23.1120996491282,26836.1578389453,25859.3888703325,1054.51949969757,0
1333,1480,8.48320331629101,4124.98838263253,36.7107573825472,14.0769125314262,14.5680843086067,21.6797490259844,28049.5476783545,25833.6530841167,-1116.60819077417,0
1333,1481,7.70733180085837,3109.77231318016,36.7136183871831,17.2373144564701,17.9512603073537,26.578065240991,29307.5107514322,25944.0856610399,1189.24234994129,0
1334,1482,7.15264276036778,3250.37680542465,36.6404383942823,16.6839141587631,17.3566201611644,25.7197300512679,26862.2451787024,25865.0079025951,1109.8708478792,0
1334,1483,8.33548717134892,3848.54005663253,36.7107573825472,14.7847971065659,15.3237175539114,22.7763058851445,28069.1261840695,25826.9479214642,-1179.13698707197,0
1334,1484,5.37853025506227,2154.66009502097,35.1151696918318,22.4118968986481,23.5177457613659,34.6057870759183,27183.9453067748,17463.1849381524,-206.680053964853,0
1334,1485,6.7825705039755,1845.25522171473,36.5147682084788,25.5241349677926,26.9090778971687,39.4461712541217,26831.6320541137,25864.3962196124,1094.90495042017,0
1335,1486,7.11771113945268,3340.99249073068,36.6628377642142,16.3571875743924,17.006356638011,25.2131949222397,26830.3149264348,25876.8411578819,1051.58535226398,0
1335,1487,5.1566164888451,1876.95628702097,35.1151696918318,24.9165877956979,26.2329878648869,38.4973536989733,27203.7813464597,17464.5525301655,-212.692318708962,0
1336,1488,5.38871140401014,2051.18194702097,35.1151696918318,23.2699431669866,24.4469966310558,35.9386801520495,27194.6908393567,17452.4773609259,-210.896505342533,0
1336,1489,7.72632029268993,3058.91427918017,36.7136183871831,17.446222507095,18.1757017012773,26.9020768651702,29338.4643270343,25973.9801895264,1264.56056645304,0
1336,1490,7.26810362851325,2865.69271542465,36.6404383942823,18.2939481952289,19.0867751470818,28.2169700629837,26870.8097078888,25842.0237977327,1044.77354127623,0
1336,1491,8.36488969935324,3508.85508463253,36.7107573825472,15.7938365480612,16.4030434480795,24.3399854393591,28071.3441995749,25819.6355915571,-1099.05799567379,0
1337,1492,7.02733844243719,3282.77705142465,36.6404383942823,16.5643629842557,17.2283695011846,25.534361771342,26855.1388245596,25845.1506465065,1122.43842601987,0
1337,1493,8.20246661553699,3843.95864863253,36.7107573825472,14.7973128955067,15.337089458788,22.7956969004051,28037.1798631771,25798.6381637686,-1204.01298977523,0
1338,1494,7.41485636927878,2292.05688469723,36.4231170194759,21.5877870678355,22.6392871706239,33.3295043354935,25880.5297292154,24958.5743472714,1187.57068837554,0
1339,1495,7.64460264800331,1928.36919121204,36.3925031659508,24.6411448909798,25.9484460457828,38.0732955215669,25978.7895982367,24680.0029082511,1218.89914172906,0
1340,1496,7.21150497260327,1672.99558573317,36.8685058001263,27.6434129976522,29.2191786389115,42.7425089907404,29752.3966086144,27780.7916939242,1060.32927129894,0
1340,1497,5.52317832351088,1356.18760509651,36.3753717332769,32.5742827072869,34.5934114098846,50.4119961840374,26360.2518838139,24337.700393458,-433.397717239081,0
1341,1498,5.46165660933569,1349.02915509651,36.3753717332769,32.7144490875596,34.7466217371967,50.6301373539282,26348.1432869181,24331.5735553651,-480.86922101762,0
1343,1499,8.74235037231919,2566.54249339039,34.4667214453868,19.5595045535053,20.430578884957,30.1754526314608,23832.2134719505,16494.7744588538,-1189.60254848885,0
1344,1500,8.39053976019986,2481.6890861018,34.501963886386,20.059710200132,20.9701197215803,30.9518586499258,23787.1119001461,16468.6449211733,-1222.93323567371,0
1345,1501,8.86513803549895,2230.84422739039,34.4667214453868,21.7242549680522,22.7670982523746,33.5359612136889,23821.8883258814,16467.2759096248,-1217.73096847903,0
1346,1502,8.86039135287213,2371.9555541018,34.501963886386,20.749478660603,21.7143763488013,32.0225705014144,23802.7364450031,16507.9335730583,-1204.66372734894,0
1347,1503,8.99553499414395,2689.9449161018,34.501963886386,18.8962555915025,19.7166314003584,29.1463808226649,23781.9670812801,16497.9061542001,-1167.74207006558,0
1348,1504,7.23541507362835,2230.41507979629,34.276834994714,21.696778244556,22.7354122054212,33.4927451711961,21569.2559951065,17130.4660951971,1149.00149472051,0
1348,1505,9.58605373382971,2139.72266539039,34.4667214453868,22.4216916159612,23.5214415919778,34.61908772216,23808.6592825621,16496.7098806753,-1191.86023177097,0
1349,1506,7.43082066398709,3532.19573179629,34.276834994714,15.4887197719951,16.0593469781649,23.8623804589965,21567.9917558657,17128.8048755147,1174.90637614101,0
1350,1507,7.53778519669925,4459.50033427185,34.2412996819058,13.1488924682069,13.5653885307915,20.2388627434127,21557.3148766075,17130.381683542,1144.1980989382,0
1350,1508,5.57913679911941,2421.85960808306,37.034966858066,20.7952951309795,21.7882019412176,32.1004374435276,22233.771499771,32928.4025176161,-33.8193947014641,0
1351,1509,7.35370667383344,4116.20309827185,34.2412996819058,13.9017153733829,14.3660840691101,21.4042305282017,21538.2017873464,17138.4950520774,1164.08661113701,0
1351,1510,5.53762101649892,2390.60471408306,37.034966858066,21.000313924042,22.0098237470686,32.4187983665441,22226.5605937835,32938.1179440681,-5.54992934009054,0
1352,1511,7.52085584076345,4637.29420627185,34.2412996819058,12.7989293315625,13.193738225392,19.6972767293945,21551.2644322276,17137.8072445125,1151.33085117404,0
1352,1512,5.87730496268867,2552.36365808306,37.034966858066,19.9904520956466,20.9188350649537,30.8508315891341,22220.1378913661,32911.0028645379,5.19525386228791,0
1353,1513,7.56905192885359,4158.55909627185,34.2412996819058,13.8027345836283,14.2607164116149,21.2509830590157,21556.0171876096,17138.4725873529,1137.37814533973,0
1353,1514,5.72157853011554,2436.61702808306,37.034966858066,20.7002164729779,21.6854460916504,31.9528020846424,22225.1320394755,32920.0148945841,3.77575221153662,0
1354,1515,7.36162090170289,4154.06579227185,34.2412996819058,13.8131477689299,14.2718002253956,21.2671049648229,21559.9163152191,17118.7310858683,1180.36524856829,0
1354,1516,5.64530951523627,2421.00059408306,37.034966858066,20.8008631955091,21.7942200482161,32.1090834970177,22200.086653373,32910.3443212784,-4.05899364503477,0
1355,1517,7.99392224209674,3330.3803655624,37.1964498798442,16.4480071630839,17.1076069842928,25.355067512809,22588.4457895457,34183.5202223065,-1433.80174254857,0
1357,1518,9.27989988445838,3407.81086722576,37.2099646971158,16.1780406202046,16.8182047907844,24.9365329065836,23305.9342897722,33723.0771978832,-1233.84614696198,0
1357,1519,2.93463636750591,2633.46266124822,37.0746899825175,19.5333279095603,20.4258925191663,30.1413286104889,22517.3107172181,33573.4320240457,-649.132576289916,0
1358,1520,9.11231895613029,3273.29808522576,37.2099646971158,16.6569604400041,17.3318887534003,25.6790909743065,23355.8734789779,33719.1309288242,-1241.20628120399,0
1359,1521,8.68130790796012,3454.46193522576,37.2099646971158,16.020017931716,16.6488262928408,24.6915530091355,23308.3354851624,33756.9126519895,-1221.39186766812,0
1359,1522,3.34246526096926,2392.68412440226,37.0581001088804,20.9898704494421,21.9987496748324,32.4026408840831,22491.2095784085,33552.072298989,-632.986271303567,0
1359,1523,5.49282445686453,2530.74248353221,37.2682850935119,20.1500863850386,21.0932746387472,31.0992358191614,24346.0304066333,33701.9682599935,798.225409035168,0
1365,1524,8.51134091761775,3150.15545643052,31.9900019273525,16.5611841114783,17.1885655314915,25.519401672718,31245.6336799362,40235.968909351,-1348.38309173448,0
1366,1525,5.53839999964605,3125.26123028936,37.0422508614568,17.2101464608081,17.9245879914982,26.5366222762232,21316.6771114604,37148.1854765675,-555.33520159033,0
1367,1526,5.4107126943249,3091.29933986526,37.0294224879674,17.346706977579,18.0712080298549,26.7483984866569,21269.37929984,37154.6646713272,-472.484489765556,0
1368,1527,5.48719682294331,2438.07425786526,37.0294224879674,20.6900999456774,21.6744623190038,31.9370795018871,21288.98432964,37183.6903080431,-472.535263010971,0
1369,1528,6.67438198452014,1317.14592261911,35.5192526377711,33.1090704244675,35.1658403856567,51.2408920119373,28584.0593739444,19389.7882086081,898.054523401393,0
1370,1529,6.5869048323745,1560.27107957138,35.5047172068594,28.8946141811494,30.565298436749,44.6837064432886,28618.1727119894,19389.392045636,881.457271971921,0
1371,1530,7.09094082741084,1435.76638971824,35.5161100912699,30.8818906959844,32.7329827145711,47.7751904122252,28641.2501074302,19399.663729488,873.095094138054,0
1372,1531,6.48465455851927,1721.36924357138,35.5047172068594,26.7378246862069,28.2168584862333,41.329717247782,28623.4450831068,19415.1727051087,893.469176673005,0
1373,1532,6.65145301328361,1603.57238369248,35.4795302160823,28.2682230428345,29.8824714066764,43.7093951312533,28629.738591281,19358.6272133865,868.985127819138,0
1376,1533,5.59056759147263,2811.48328076273,37.0153449210534,18.5990122976357,19.4183069308878,28.6911649032581,24398.9936337237,37583.2693242445,-254.752264939191,0
1376,1534,5.87165596776744,1803.33725878534,36.3364830533358,25.9507390140907,27.3707843970164,40.1087893094066,23518.5744152193,27461.0520846917,-769.469581770039,0
1377,1535,5.53158857007351,3660.32126876273,37.0153449210534,15.349886619401,15.9298988453823,23.6524850169675,24384.8391269016,37604.7718562478,-246.599486252507,0
1377,1536,5.75819336137851,1654.63973278534,36.3364830533358,27.7679982954578,29.3483873661281,42.9344533150855,23460.256809746,27459.3511650998,-731.244547394918,0
1378,1537,6.32403075414178,2889.36459649547,36.0854696134301,18.1180530425035,18.8929554932486,27.9428221719262,22567.7251768865,26915.7944008212,579.834957457497,0
1379,1538,6.31813146637252,2812.73614249547,36.0854696134301,18.4802317359096,19.2826523150348,28.5047174543181,22554.6766821708,26916.1605972195,592.673307873894,0
1380,1539,6.38071265461085,3020.13030400439,36.1303177353414,17.5446767121575,18.2769046358219,27.0535158730019,22566.3961123462,26922.2594145076,565.658139243069,0
1381,1540,5.56908830026568,2417.3136252716,36.0417729503372,20.6817936301052,21.6562400301661,31.9216239173433,23256.5430636208,25602.6911031631,-811.25449661906,0
1382,1541,5.56539042761076,2335.5531132716,36.0417729503372,21.2252678033693,22.2435297176697,32.7654956126761,23305.1735911789,25609.4605901296,-724.083562097852,0
1383,1542,5.72025074695928,2228.2204152716,36.0417729503372,21.9956820500901,23.0768338739072,33.9619652265266,23299.4486564146,25605.9560215547,-758.965072285489,0
1384,1543,5.85931609651637,2303.0867892716,36.0417729503372,21.4511523510482,22.4877608284966,33.1162728685846,23319.868892939,25632.5844652933,-825.574539965121,0
1386,1544,5.80712555447229,2652.84290930152,35.9581557971616,19.2821078376573,20.1452161318195,29.748710524794,24802.9381196047,23911.9017486675,325.865688626447,0
1387,1545,6.86559482985988,2912.35641571431,35.8847853124493,17.9893536416655,18.7528928751541,27.7427168353952,24978.9753425368,23276.5825607106,1027.31227019688,0
1388,1546,7.13392651876254,2983.11521131603,35.865486027758,17.6735126725224,18.4132238301881,27.252759244468,24983.3648213402,23271.2526144262,1052.33568527393,0
1389,1547,7.2600907549585,2996.31952771431,35.8847853124493,17.6187127550961,18.3544931052567,27.1678054671509,25004.4701033993,23266.7485542263,1074.36203587339,0
1390,1548,7.08063764405783,2867.69751064661,35.788085511065,18.1831726963295,18.9605317930149,28.0431632111993,24957.2916328718,23237.5456126187,1028.4733993309,0
1390,1549,6.67500751675533,2199.67582796601,35.6371419925028,22.1471760041912,23.2366662629222,34.1961233343518,24925.5152204907,23240.7348168584,1019.06594217403,0
1391,1550,6.80516994801082,3066.21784864661,35.788085511065,17.3138856783767,18.0262844758669,26.6948282402853,24990.9391781091,23258.2605325084,1065.06946548192,0
1392,1551,6.92322424838967,2837.12542264661,35.788085511065,18.3270856837533,19.1153456654217,28.2664249092258,24958.9633936288,23250.6090385202,1040.27260105973,0
1394,1552,5.66590615103664,1962.91374942439,35.691403774245,24.1758893956822,25.435658280891,37.3480798773753,23707.3225077485,23388.9113928148,-882.142758761138,0
1395,1553,5.79187591162545,1693.78809261017,35.6643207171831,27.113968173675,28.6280716040216,41.9151071495273,23716.7186213206,23377.6803228164,-812.332110250059,0
1396,1554,5.76107116835988,1651.67438061017,35.6643207171831,27.6572073468706,29.2193954142537,42.7598358368487,23684.2758402655,23404.386706681,-752.384762107173,0
1397,1555,5.55519012587498,1439.52203480438,35.6307989474397,30.8472946504412,32.6967911574702,47.7218029408671,23705.7322701934,23376.0502408758,-926.348538676204,0
1398,1556,5.80467201727451,1464.72475578152,35.6852091648743,30.4348296385409,32.2473784141533,47.080292310642,23720.1163891101,23396.5593524249,-830.69859303113,0
1399,1557,5.77377282039702,1620.50759061017,35.6643207171831,28.076649586503,29.6761593160813,43.4121182828149,23674.982961426,23393.4791444303,-741.240588779816,0
1418,1558,6.20439381004188,2292.13485801129,37.0787948128331,21.687333996505,22.7533765977556,33.4858799832631,25421.9822465347,29339.9901209176,-1094.72029573238,0
1418,1559,6.86578220588385,2036.80541288847,36.8162392308347,23.6951654950337,24.9263238244117,36.6044461102775,22602.0520269356,30996.8349109011,-1175.63287562728,0
1419,1560,6.68494879144263,3651.65640175054,37.0756933577495,15.3813524316363,15.9639710153297,23.7013609297801,25421.0779870776,29359.9718027401,-1127.5861427326,0
1419,1561,6.45185655512029,2565.25320488847,36.8162392308347,19.8858237790095,20.8039507440027,30.6878687847749,22617.4650980143,31042.3210700979,-1103.72190129684,0
1420,1562,6.59088864155878,3023.26043336832,36.7736888405136,17.6032601891349,18.344947623925,27.1457856294336,22646.6033133602,31036.9369669643,-1133.62449134374,0
1421,1563,6.79370379162632,3152.99357336832,36.7736888405136,17.0710807584609,17.7731882483446,26.3203847241824,22627.2051016359,31011.5416527414,-1231.7238614283,0
1421,1564,7.04945913502106,3054.88108893112,37.1702565237597,17.513228288609,18.2512576244511,27.0069857899195,24921.4169200804,32582.0498545949,-1262.05279487969,0
1422,1565,7.19734637091415,1619.49940136832,36.7736888405136,28.3434625733147,29.9807348188935,43.8309543687846,22572.8783919853,31035.2825431513,-1217.78002632548,0
1423,1566,5.96869478874779,2047.78407818093,36.9648234968224,23.6229257750747,24.849523021811,36.4926255735956,27304.7469011335,27285.2948669735,-246.022033513134,0
1423,1567,6.98540478558152,1908.23823536832,36.7736888405136,24.9145030645415,26.2495607149743,38.4993464696945,22643.1447205862,31008.8321340224,-1257.25948915324,0
1424,1568,6.90423544072164,1920.588492569,36.7468449062968,24.7848589485884,26.1084408339506,38.2977544172019,22568.1519062026,30970.7445143253,-1249.3713495333,0
1425,1569,7.0441973752068,4343.80847294771,37.2714990870554,13.616594411583,14.0806896751162,20.9677825878176,27322.2876052079,30546.1086553117,1019.6555576012,0
1425,1570,6.86947047129308,2153.54179736832,36.7736888405136,22.6948190825602,23.8413204918814,35.0500391755256,22617.0053693039,31032.0523576233,-1230.22688805406,0
1426,1571,7.10496378889768,6254.82828494771,37.2714990870554,10.603716571677,10.8845334218429,16.3061381183807,27304.9452228986,30547.5260158447,1006.09809887531,0
1427,1572,6.97784669448539,6551.67268694771,37.2714990870554,10.2795897385166,10.5425331911127,15.8051417579603,27320.2427066652,30550.7521498987,1031.28100056609,0
1427,1573,6.8696273235815,5142.60131407277,37.2214136369135,12.1084105259591,12.4768407117159,18.633184180286,27311.23241248,30549.8791758167,1026.31703388555,0
1428,1574,6.97205148606836,5485.54820894771,37.2714990870554,11.5880913865126,11.9255110205005,17.8283023389929,27316.3034107849,30574.2537562243,982.668584797065,0
1428,1575,6.25150498613705,4501.86497407277,37.2214136369135,13.2768440064864,13.7185704447789,20.4416396062196,26825.7861170331,31249.7236766998,-72.1096040358167,0
1429,1576,6.32694583945663,3241.20953999913,37.242851659737,16.7800094096798,17.4641943626186,25.869966323851,27586.6726984615,29581.164567096,594.397179250755,0
1430,1577,6.41735296476446,3385.90161541351,37.2587924472334,16.2584014509465,16.9047090569051,25.061216595867,27576.8116148315,29584.11744121,613.041314834527,0
1431,1578,6.04604743245279,3431.27517541351,37.2587924472334,16.1027494264128,16.7378384690385,24.8199026952006,27589.083729329,29586.8137501334,606.333056811193,0
1432,1579,6.42431570337894,3100.79707141351,37.2587924472334,17.3325736773203,18.0577747688293,26.7269610996857,27595.078186503,29582.4829705753,625.516338683323,0
1433,1580,8.86584393907394,2289.47200786552,37.1113922838081,21.7114746092861,22.7798174150204,33.5234622416349,26653.0243373117,28473.3512161262,-1237.83574020058,0
1433,1581,5.5036552585728,1912.55116991842,37.2166316561088,24.9537425338866,26.2970732564427,38.5616964464144,27627.3875164363,28913.4117601622,-588.529589726649,0
1434,1582,8.49174255260563,2252.13793786552,37.1113922838081,21.9849055513148,23.0757942733827,33.9481701064684,26625.8358220721,28478.4925420758,-1250.96685679186,0
1435,1583,8.65725959666674,2224.56138586552,37.1113922838081,22.1924445085466,23.3005181247118,34.2705514029913,26632.7554464591,28483.7384753145,-1299.54919916126,0
1436,1584,8.08993420202093,1918.62024586552,37.1113922838081,24.8726685682725,26.2078363187108,38.4353549309951,26640.9239094422,28457.0466082714,-1359.13638679497,0
1437,1585,8.16442129759411,2170.13513986552,37.1113922838081,22.6166921076262,23.7600840129759,34.9296114702156,26677.5660792562,28483.6229681015,-1309.16741536878,0
1438,1586,8.19503370945267,2115.66484186552,37.1113922838081,23.0619719145952,24.2426988741034,35.6214202026344,26669.6144014721,28484.6578913342,-1464.33321841538,0
1439,1587,6.54040686220711,2147.37017465713,37.1576322974345,22.8077597229939,23.9676073074203,35.2265840674989,26963.3259048671,28655.2149381205,681.942910806548,0
1440,1588,7.15503187773337,3249.86031071506,37.2018910988373,16.7433362335165,17.424529791623,25.8130142133205,28022.2052377771,29029.2448727153,1052.37369165587,0
1441,1589,7.13849103962488,3078.66438012627,37.1917919317084,17.4163947577271,18.1473427905131,26.8568318040155,28002.6195370444,29007.5345370717,1011.06326526851,0
1442,1590,6.89636054689354,3737.44987271506,37.2018910988373,15.1391125225983,15.7056535736409,23.3261880032113,28008.2767160517,29025.1326750067,1028.94067197559,0
1443,1591,6.91329818426315,3215.04338573372,37.1895548473843,16.8737624257456,17.5644450365744,26.0152443327141,28046.7659152578,29005.1983024652,1044.10941594438,0
1444,1592,7.73333863042566,2592.65882881874,37.191712176146,19.7780856672397,20.6910035962109,30.5215420680906,27829.4351269904,29005.1352150599,1078.72052176129,0
1444,1593,5.54184558972066,1574.11231262984,34.8266826339701,28.5312745976854,30.1605228508112,44.1161293723537,20814.7959445066,21512.717972712,-697.22788170872,0
1445,1594,7.46496101841035,1854.4032847277,36.813666849286,25.4840147301202,26.8688622919985,39.3847463715289,26816.5697570806,26931.1466275061,1166.99287252379,0
1445,1595,5.66798027631805,1741.37775662984,34.8266826339701,26.3528008683713,27.7898280221038,40.7288096803098,20815.9919786003,21546.8311943986,-765.30808848483,0
1446,1596,7.5288222263102,2113.3409407277,36.813666849286,23.031689996754,24.2068126520836,35.5735224779067,26772.8499784322,26883.0002702003,1090.87403622999,0
1447,1597,7.56310332898641,1758.8324707277,36.813666849286,26.5624882674401,28.0417576010706,41.0614578122877,26805.0245609511,26936.3932203264,1137.86733846138,0
1447,1598,7.08816896181156,1656.5041662669,34.3541993907998,27.2987848014702,28.81265421526,42.1978746257711,21404.9440818937,18611.2800729864,1102.69679927955,0
1448,1599,7.18924331839471,2208.3170527277,36.813666849286,22.2696639179148,23.3811857746406,34.3896841347008,26794.7789991718,26911.7417665345,1119.16973505392,0
1449,1600,7.66325087690432,1782.9949927277,36.813666849286,26.2793862456644,27.7337502789473,40.6212825669096,26806.639330891,26878.4166120783,1197.0066324215,0
1449,1601,6.42092660948975,1834.24357599377,34.8086458450023,25.3041544025599,26.6501987334483,39.098709766254,21246.5823493088,20985.2693352633,685.889126216649,0
1450,1602,7.43622492820889,2214.95801642228,36.7890799349295,22.2147976187251,23.3215262541552,34.3043880528128,26819.2183756776,26908.5549753875,1125.4357094122,0
1451,1603,7.45066383625251,2268.28296242228,36.7890799349295,21.8159145658869,22.8897118149347,33.6848094272759,26825.0325810096,26905.9428608394,1147.81929693515,0
1452,1604,7.17385656540842,2608.27629842228,36.7890799349295,19.6364985955335,20.5346866227519,30.300779662597,26819.8473052099,26891.6739588152,1164.61610838774,0
1453,1605,7.68204122443329,3197.46530732365,36.4074469956075,16.8595691658063,17.5433604992556,25.9916215471982,28436.4577151433,24804.7611498612,-1430.46395929272,0
1453,1606,7.3083243445025,2729.19903842228,36.7890799349295,18.9849646849744,19.8321990995389,29.2895630238551,26816.4301352411,26902.9972129668,1179.99954241949,0
1454,1607,7.41509854736752,2905.15826132365,36.4074469956075,18.0833309391668,18.8582476519976,27.8896853280227,28494.2316829415,24849.1274053273,-1500.84100082081,0
1454,1608,7.66488553855864,2375.26324442228,36.7890799349295,21.0668194088656,22.0794085844482,32.5214322650164,26825.1849305785,26891.4376388073,1098.05280262932,0
1455,1609,7.19277152446582,3749.00283842228,36.7890799349295,15.0698661584173,15.6289006544473,23.2181396928521,26800.2472844165,26889.954759333,1174.19813988151,0
1455,1610,4.55325024404108,3154.26169058976,36.4983607739324,17.0368278879948,17.7343171060494,26.2666880721145,27614.6463529096,25343.6735311362,537.50829234903,0
1456,1611,7.16424044466325,4214.0514892781,36.694871003255,13.8657928298279,14.3428920962641,21.3527580432327,27282.8709795475,26243.9153362017,40.6523109420414,0
1457,1612,6.6654338293006,3463.92032042228,36.7890799349295,15.9483996405089,16.5691423559704,24.5797198643768,26822.9660161704,26864.478302059,1103.83369363421,0
1458,1613,7.77804443757508,2758.20728042228,36.7890799349295,18.8366359627581,19.6723776680163,29.0593788167035,26793.3742572342,26899.0910110798,1127.61305973548,0
1458,1614,5.42776990691558,2052.98851869385,35.9220532727904,23.3956708319887,24.5920021848607,36.1364394764877,28334.3057832202,22562.5166938319,-632.70858214798,0
1459,1615,5.72308763564643,2070.80776488266,35.9663546939836,23.248645369123,24.4331003879766,35.9081384275438,28058.1531417177,22864.7939621422,54.8492128045923,0
1459,1616,7.59067997297289,2036.28310442228,36.7890799349295,23.695109568865,24.9259756064168,36.6042794000891,26816.7788482836,26880.7054323035,1145.29151784783,0
1460,1617,7.26887154949339,2018.76568878731,36.8018336242206,23.8558570658681,25.1005122975363,36.8541122804514,26822.0407565086,26942.6360564736,1131.96417011167,0
1460,1618,5.52128103760315,2225.58693593304,35.37839322886,21.9096375848018,22.9769938303192,33.8264608160633,27447.9154350172,19788.3916691481,-739.161945427825,0
1461,1619,7.4044475199841,1875.66276678731,36.8018336242206,25.2561359640059,26.6210616263641,39.030470973677,26793.4446483449,26933.2208658559,1152.54161224966,0
1461,1620,5.5098360303079,1668.65525062815,35.3517952351075,27.3656260439701,28.8980709537238,42.3053355444518,27406.3154302804,19734.4840417149,-838.467212543472,0
1462,1621,7.54898299442695,1777.38275478731,36.8018336242206,26.3420725509959,27.8018066120087,40.7187087283647,26817.6843098827,26874.6275408188,1133.22300643996,0
1463,1622,7.44101258899273,2325.34558278731,36.8018336242206,21.4101675295629,22.4508288591361,33.0546709128519,26830.0018611211,26830.274706965,1205.3918089849,0
1464,1623,5.61978990724274,1700.586297582,36.8529900499395,27.2849954119131,28.8286645558946,42.1850698922051,27060.1251182012,27112.9741015715,-788.041725457735,0
1466,1624,5.57981715815032,3947.29136288953,37.0099863310217,14.546103253052,15.0706545732074,22.4070312111406,30020.1576806178,30805.8435133294,-65.4645532429334,0
1467,1625,5.8275402046983,4635.14131688953,37.0099863310217,12.9952636073511,13.4177961067895,20.0053992152597,30037.8394135431,30811.4959831623,-109.435719871049,0
1468,1626,5.67997934815187,4382.74538288953,37.0099863310217,13.5126756690991,13.9684873919273,20.8064552743633,30019.4395959793,30806.05402707,-84.802978908275,0
1469,1627,5.60992582783939,4010.46193088953,37.0099863310217,14.3834835175324,14.8970249559059,22.1551119615741,30020.3383854893,30817.9811448671,-80.1049053399769,0
1470,1628,5.65210287963019,3982.92289159902,37.0104983372419,14.4538375734563,14.9721367698371,22.2640980947782,30025.7695228786,30806.6537178983,-75.8250144513093,0
1471,1629,5.66837577259874,4328.73109159902,37.0104983372419,13.630561392915,14.0940671427629,20.988996439361,30027.1540988727,30824.1264742487,-70.6321824345722,0
1472,1630,5.81567928266286,4242.39029431011,37.0167834096217,13.8250900198392,14.3014104756023,21.2902486050999,30037.3841333807,30792.3567049051,-74.5846376419933,0
1473,1631,5.62488721750561,4512.31780159902,37.0104983372419,13.2405105445109,13.6787218018803,20.3850637081818,30031.4373115805,30805.7185204579,-89.0227020823948,0
1474,1632,5.74657039343679,3033.24987559902,37.0104983372419,17.5870172044454,18.3293390654925,27.1211013973539,30026.578634154,30817.2178048233,-70.8820998136086,0
1503,1633,5.57541161744004,3576.18759600911,37.0964015841038,15.6152550457406,16.2144732327139,24.063917875336,20399.6867120665,36245.3235285917,-323.053157928885,0
1503,1634,6.36295097529178,2418.42436940236,35.8470186098254,20.6464553089829,21.6162191575346,31.8662457768078,23843.8211743084,24276.1176701781,835.866609564422,0
1504,1635,6.65861960800033,1965.1990596741,35.8541732028845,24.184095724386,25.4463705703979,37.3613343118209,23956.2867863908,24223.6383862242,806.993641906897,0
1504,1636,6.63714753452402,1575.86202796674,35.9834665596092,28.7805730236458,30.447191782428,44.508054106572,23956.2256216502,24219.6686197607,813.88185664412,0
1505,1637,6.56429481003179,2149.89367341871,35.9093298120629,22.5817571801974,23.7099605333274,34.8719367703812,24075.4487839441,24355.7439509149,867.061930259772,0
1506,1638,7.01251134527982,2087.51604141871,35.9093298120629,23.096051320492,24.2671130975825,35.6708947696298,24082.0052628051,24402.5300727075,845.183253486497,0
1508,1639,7.74215226084244,3620.70303674334,36.8709768984058,15.4568947975575,16.0434356018635,23.8180576261471,19246.1883622607,33779.8352464039,1258.51188860602,0
1509,1640,7.32718482808263,3524.40536474334,36.8709768984058,15.7587244353402,16.366552432247,24.2858671674003,19210.2469410078,33784.4636213157,1191.29118707828,0
1509,1641,6.75856836903442,2424.02425229947,36.2849887707004,20.673760906643,21.6498624868325,31.9097882574736,29564.2350668854,23581.7276640661,897.67949216946,0
1510,1642,7.67678240016167,3657.21212699639,36.8896908714624,15.3479734326895,15.9270120538335,23.649288654124,19222.6584870664,33791.9608834068,1204.91374495099,0
1510,1643,7.11824694879888,3103.26387087109,36.1921763234951,17.2071547432547,17.9148416536176,26.5301804127,29585.9045868134,23560.3255156703,928.709705816833,0
1511,1644,7.04908001915909,3539.46677487109,36.1921763234951,15.6471789207791,16.2424250473796,24.1116820422741,29587.6206530209,23569.1759347831,930.424861331546,0
1511,1645,7.51201618528081,3126.56173499638,36.8896908714624,17.1886006602863,17.9002826156183,26.5028859399899,19215.9097249897,33797.8638826805,1197.32937292665,0
1512,1646,6.89021271009326,3649.93449862263,36.1912880819988,15.3069301280134,15.8784012638232,23.5843876635413,29564.1977810498,23566.3099849438,914.076903821544,0
1513,1647,6.9172031093642,1854.39700462263,36.1912880819988,25.3627876397565,26.7300373967166,39.1943327887427,29556.6329968691,23559.4771109273,927.954588014018,0
1514,1648,5.37359227323433,1803.0397614439,35.9333742203329,25.8726751847035,27.2812044395691,39.9861211140478,28912.7198610538,21632.7567972029,-546.276074405871,0
1515,1649,5.43038467346712,1587.8457414439,35.9333742203329,28.5961669655418,30.2455779789605,44.2210563327433,28910.4325906961,21676.532685798,-578.110716211295,0
1516,1650,8.12968126831054,2442.69183455398,36.8101766794821,20.6295285314452,21.6069827372252,31.8424679002477,19371.5862359902,33107.0648797401,-1499.86211664858,0
1516,1651,5.19121664186551,1843.5676014439,35.9333742203329,25.4279862049931,26.7979123980366,39.2948542575521,28933.5630505578,21619.3972339021,-607.080810789733,0
1517,1652,5.49445351622148,5975.68620076973,36.283214493819,10.8836642670531,11.1759228359022,16.7377455202969,18501.4661996815,30690.4709201216,446.96860545024,0
1517,1653,5.74499308620448,6218.7481465709,36.5906113221722,10.6114729361375,10.8898635437491,16.3173399616685,19915.5785673099,31841.6342807536,-206.037894876427,0
1517,1654,10.348910502804,858.455582782774,36.8972287433218,47.932130578554,51.448786945876,74.3334356023341,18924.9043003536,33895.1795408834,68.5318946562148,0
1518,1655,5.29672015966104,2230.90142862305,36.6220385356842,22.0673329882087,23.1602015008884,34.0748664351568,19892.7262820076,31867.4787480566,-183.19968719796,0
1519,1656,5.19957931681566,2075.33179062305,36.6220385356842,23.3223799658693,24.5199668582103,36.0246238612683,19881.7617053742,31854.6143356629,-165.63668875886,0
1519,1657,5.65726435693517,2036.7850324362,35.9167925435989,23.5376277786573,24.7458521650281,36.3569885015262,25293.1524038051,23661.0056894704,-771.187752834417,0
1520,1658,5.5147219487864,2317.12506135775,36.6482020238984,21.4445611677941,22.4865492583405,33.1076749528365,19888.1903129439,31878.6703557087,-204.827606794099,0
1520,1659,6.30233843601874,1649.64163733525,36.1930816345269,27.8025193673244,29.3842150058016,42.9876458619297,31569.5884733293,24125.4465078167,587.239490055299,0
1520,1660,5.39361419972833,1918.83709929429,35.8706146024683,24.6378743444504,25.9390592997529,38.0665916111495,25300.6033966186,23672.4767632691,-878.869449106409,0
1521,1661,5.59000760063726,2271.50035226965,36.6176571828551,21.7659595319371,22.8339688282247,33.6067543797071,19897.8234762861,31870.0595287694,-247.610189850388,0
1521,1662,5.66021815924145,2137.57730529429,35.8706146024683,22.6745947471922,23.8101040576169,35.0160407692834,25283.3862401343,23666.4220879003,-826.663964243442,0
1522,1663,5.41591268322426,2539.88716226965,36.6176571828551,20.0073976279199,20.9333802471412,30.876101974257,19891.009698352,31865.861342847,-198.141764365619,0
1523,1664,5.77112614505696,3591.59610923866,35.8710831205318,15.4546367765183,16.0341837832149,23.8126746768793,25125.7900928325,23964.2300914543,25.670603671766,0
1523,1665,5.60712426532585,2429.51487626965,36.6176571828551,20.6862626757838,21.6664901838348,31.9300627882774,19904.0531580623,31844.7803084316,-209.456284163852,0
1524,1666,5.61445276303693,2354.93484026965,36.6176571828551,21.1788271104082,22.1988784835533,32.6949169627568,19879.6459522088,31846.2530207738,-192.025893090667,0
1525,1667,7.43517527000083,2641.12507818815,35.7223235383967,19.3147338363334,20.1782831484019,29.7987647711193,25675.0290959063,22345.2946188495,1201.17348822483,0
1525,1668,5.19111361607621,1796.74046031389,36.661147980503,26.0908462881164,27.5269088915567,40.3276584194393,19908.382101525,31952.2997195424,-350.373819655377,0
1526,1669,7.30672946431665,2736.8479463436,35.6388869105036,18.8013382666133,19.6245106002917,29.0018861987853,25092.8459560556,22300.8626329738,1151.30928073873,0
1526,1670,5.66216375230543,1238.18697894238,36.6566438961392,35.1715048772439,37.4384851470799,54.4558077168317,20150.0461684476,31920.7708382165,-808.347799135963,0
1527,1671,7.86786809087404,2725.41784578754,35.8357442537098,18.8845197072159,19.715794051312,29.1314288077219,26589.616639501,22475.4327469536,-1384.30123305364,0
1528,1672,8.31624736818406,3094.63968378754,35.8357442537098,17.2031484139642,17.9077582588945,26.5232001882803,26595.0346838379,22452.3705675971,-1415.25209843402,0
1529,1673,8.07099701358678,3050.30134578754,35.8357442537098,17.3850009797261,18.1030339027693,26.8052218872846,26589.3445670993,22440.3654599248,-1435.65752657429,0
1529,1674,5.53339079893657,2183.25608990591,36.6859989075503,22.4440289334,23.5687460433068,34.6601904292388,26466.1902586029,28307.4921651298,-808.745064626293,0
1529,1675,3.16944607914553,2346.66263069579,35.9972886754333,21.1426676575089,22.1538085307172,32.6371114774419,27231.7279797877,22657.3993224466,-176.449460938148,0
1530,1676,6.12583104131465,1659.61471251164,35.7862132617927,27.5799291486887,29.1367794206148,42.6400877477262,28851.0049456203,20877.0323140471,360.900074970549,0
1531,1677,5.65126202804355,4229.28134883674,36.9641607470005,13.8511909137637,14.3289234574173,21.3305844932309,26950.541148845,30235.416438157,-798.395359154056,0
1531,1678,6.03234954323785,2139.84759051164,35.7862132617927,22.6421537407049,23.7740876277693,34.9654019337066,28839.1742753177,20895.7730108224,340.498953793803,0
1532,1679,5.80308281585517,3717.24292683674,36.9641607470005,15.1769893322869,15.7446033825664,23.3844532975479,26961.108774093,30224.1631312611,-823.993585153979,0
1533,1680,5.64874923702043,4352.16440283674,36.9641607470005,13.5757010061085,14.0353558216319,20.9039729329331,26969.3670550015,30224.5770898178,-820.172894644287,0
1534,1681,5.66940814587081,4190.29532883674,36.9641607470005,13.9416703429762,14.4253866735769,21.4707097802725,26993.0759897105,30208.1793562783,-798.997331668754,0
1534,1682,7.49749455765355,1908.41599772358,35.7387137245301,24.7170115761031,26.0234826809902,38.1891694532714,28493.3297106562,20643.1508911086,-1285.00369792739,0
1535,1683,5.91109800109175,3676.05430683674,36.9641607470005,15.2983067948353,15.8743727188531,23.572455843433,26964.4019828829,30252.8902757749,-769.459931835341,0
1535,1684,8.22842504869831,1679.85219572358,35.7387137245301,27.3072002066862,28.8392950320484,42.2158268702132,28558.9256658755,20625.3503504519,-1419.85814883191,0
1536,1685,8.31027107433674,1506.07657367879,35.7260797057112,29.7746758456506,31.5277255045941,46.0534501598165,28537.0683612785,20669.9252421248,-1263.2164247361,0
1538,1686,8.0565509821746,1170.98551772357,35.7387137245301,36.5233951429827,38.9050699159012,56.5566674234347,28531.2386898751,20643.4938589546,-1241.96491391392,0
1540,1687,6.58938538178711,1408.60215999001,35.722849716465,31.415310920516,33.3181892959786,48.6059449273001,28690.2732799609,20447.9696720934,573.648072438645,0
1542,1688,6.59095920367289,2108.59989788223,35.6365560871791,22.8727426873073,24.0222728791311,35.3231735419404,23141.027178174,24173.0870797837,781.425312999833,0
1543,1689,6.47147633311834,3008.27389388223,35.6365560871791,17.53943057007,18.2673170565942,27.04428919231,23136.6059036392,24169.4506211526,785.221454619188,0
1544,1690,6.40916481198505,2568.17238788223,35.6365560871791,19.7098779535671,20.6034888669066,30.4118176306193,23126.4656836741,24152.6083435135,750.160893560002,0
1545,1691,7.2942901356532,2830.57426888365,35.9789259453995,18.3814075041856,19.1754002425942,28.3511446209521,24801.4617854794,24947.8573604741,1063.63454016621,0
1546,1692,7.02766043972475,2876.93899888365,35.9789259453995,18.1629143259132,18.9403289923598,28.0121739248544,24802.1100234635,24936.9224430481,1039.36205698261,0
1547,1693,6.90121315625393,2745.78791504142,36.0005928638158,18.8014529715638,19.627761373986,29.0029277194041,24836.2488763299,24920.9241086878,1051.92369213512,0
1548,1694,6.43344302717439,2578.36748826859,36.2707772017607,19.7371302483525,20.6386282474262,30.4557054437876,25735.1002843273,26234.9576898091,654.067634195281,0
1548,1695,7.28084382431473,2329.21017704142,36.0005928638158,21.2627142317858,22.2836101958905,32.823533573789,24828.9665560984,24934.9434291274,1103.69961923706,0
1627,1696,5.35539212102612,3674.88971330126,36.8634354568974,15.2928007243939,15.8678113296167,23.5637381409764,19189.632100941,34669.064782688,-375.300726881968,0
1628,1697,5.79713840194954,3483.28884464269,36.7755750309212,15.8832418450226,16.4992496081231,24.4786924326706,18744.7814701914,34212.8006842817,141.854278459377,0
1629,1698,5.72048936643816,3445.97680064269,36.7755750309212,16.0068733932987,16.6316939831551,24.6703364483135,18749.2312835423,34205.5635996281,126.162826694069,0
1656,1699,5.57954487620596,2179.25074677446,35.2901936393678,22.2480895284366,23.3422900051991,34.3518674758202,27635.4216320644,20063.5069996054,66.8450449761935,0
1657,1700,5.31974826237239,1917.42768477446,35.2901936393678,24.5420079218431,25.8284177543077,37.9157769533505,27641.9648223082,20049.7104371704,92.1121113807291,0
1661,1701,5.89721185799736,2146.60673098795,36.3324551058829,22.6782025496224,23.81879990867,35.0229724641107,21447.9494737882,28577.5662104978,596.672610343427,0
1662,1702,6.0745111450419,5979.37301698795,36.3324551058829,10.8816985921585,11.1740634481162,16.7347664112205,21456.4750101937,28562.6449309325,547.750348315297,0
1663,1703,6.15401913433221,5720.34725698795,36.3324551058829,11.2116718452762,11.5227924885468,17.2449528196757,21453.7071197061,28565.0133114059,559.65851904711,0
1664,1704,6.08943164063966,5902.87671898795,36.3324551058829,10.9764487334294,11.2741597780306,16.8812530403448,21459.6451692832,28569.1444037435,560.637686743369,0
1665,1705,5.97406889693519,6748.36675498795,36.3324551058829,10.0366254640594,10.2827609404213,15.4286552528052,21456.6327060709,28563.3239716353,569.619654445826,0
1666,1706,6.16707665609179,5604.57860098795,36.3324551058829,11.3679585739525,11.6880956231429,17.486631163539,21458.9203462972,28566.6687385055,557.303406952552,0
1667,1707,5.93298437393759,3099.20920498795,36.3324551058829,17.2388183943324,17.9499335798784,26.5795861760614,21450.5670802243,28553.2875772541,543.324892627095,0
1668,1708,6.08968933489644,2848.86168898795,36.3324551058829,18.3368120287278,19.1303622811937,28.2827709942701,21450.3250174515,28568.4689024599,550.627897852039,0
1669,1709,6.02983278904842,2528.05299898795,36.3324551058829,20.0384706524577,20.964329598135,30.9236231275229,21459.1495312462,28578.2297516736,527.476842621683,0
1671,1710,6.64163258838185,1903.24298595209,36.7401205823212,24.9590145566996,26.2975421605749,38.5684296825961,21677.4875985079,30531.8749694707,1047.50427512638,0
1672,1711,7.01201561501759,2021.47855395209,36.7401205823212,23.8202650519233,25.0612371163468,36.7986204693741,21690.4653316379,30568.2353210449,1038.85989090982,0
1673,1712,7.58685828592244,1543.49232795209,36.7401205823212,29.4419064453408,31.1779435975176,45.5394652598136,21675.8692471859,30561.196000746,1072.92687744984,0
1675,1713,7.44255992305045,2059.45482057192,37.082828641641,23.539970416644,24.7607703755501,36.3640628964086,23232.3591996229,31692.4563084504,1197.43860577625,0
1680,1714,5.9470480146916,2104.40845584227,35.5844804275193,22.8987044781932,24.0498441929411,35.3633517134873,21198.884728104,24971.3308022479,386.497959034358,0
1681,1715,5.8941641014147,2282.59879584227,35.5844804275193,21.5260123912062,22.5641734323546,33.2312701107058,21194.3282595907,24988.6198534163,410.026038097183,0
1682,1716,6.23403347889393,1990.15959384227,35.5844804275193,23.9008649700473,25.1361287003867,36.9203853340428,21208.690235333,24970.873429263,451.926874196472,0
1682,1717,5.88948465456837,2053.58345767107,36.6686467870112,23.5202527689747,24.7350352691607,36.3322174234761,18551.6538458397,33175.6715625206,509.931444942704,0
1683,1718,6.00670119148438,2662.04389700825,36.6460942703058,19.3215367805077,20.1937560541304,29.8115716512279,18554.8783896661,33160.481026369,517.146873392871,0
1683,1719,6.16951750496432,2123.98956984227,35.5844804275193,22.7372182442192,23.8749280185786,35.1124899961589,21213.7614442278,24988.0335611925,421.888345887108,0
1684,1720,5.90556570051928,3197.21742967107,36.6686467870112,16.8878726859504,17.5757052587126,26.0360536529866,18564.0352791136,33162.2836004989,481.727249275565,0
1684,1721,5.61834499120797,2455.19250265892,37.0657223541419,20.586399159589,21.5627401214743,31.7761534426925,26394.0894466537,28690.0346045818,-154.084716227146,0
1684,1722,6.34820004424801,1999.10214984227,35.5844804275193,23.8185046775094,25.0468055751591,36.7924100213158,21213.7932644734,25008.2138262992,418.010232899369,0
1685,1723,5.57865133480163,3215.86041265892,37.0657223541419,16.8578337848053,17.5464265290548,25.9902896880218,26413.7144161862,28693.3046593679,-145.886675310399,0
1685,1724,6.29197301816654,2853.20495100204,35.8984642967825,18.2642847007971,19.0487070944418,28.169251342831,21581.188789947,26216.8447308764,539.89687321175,0
1685,1725,5.75847209651376,2771.01432967107,36.6686467870112,18.757260265897,19.5858548124627,28.9359242094723,18493.3785643616,33253.0058740582,164.238361688542,0
1686,1726,6.16957420182278,2986.48427700204,35.8984642967825,17.6626837819943,18.4018529490738,27.2360364844049,21592.744769465,26214.8922633217,547.178730811667,0
1686,1727,5.61192240258749,2830.14110065892,37.0657223541419,18.5142546853458,19.3274440514411,28.5597613840041,26389.9691601843,28691.1450118943,-149.474956690762,0
1686,1728,5.77474534732067,2685.72965767107,36.6686467870112,19.1974966796598,20.0602296785109,29.6191138761286,18504.8268346271,33271.502578683,-28.6844026900106,0
1687,1729,6.37527922654818,3216.36984356086,35.9124955962933,16.735876083465,17.4069036692195,25.7987934929287,21859.798310838,26147.718939543,560.431280192479,0
1687,1730,5.30481488369877,2860.29469465892,37.0657223541419,18.3697963515324,19.1719011994154,28.3356138135164,26414.6545452903,28711.266249823,-140.336599377498,0
1688,1731,6.33019654841324,3304.84828556086,35.9124955962933,16.4105559429761,17.0580689297275,25.2944172497247,21854.1930511427,26131.8154231742,536.623330765545,0
1688,1732,5.61748381616164,2763.73271065892,37.0657223541419,18.8427772804474,19.6813218161411,29.0695519684361,26395.154861035,28690.8375244049,-143.46331702927,0
1689,1733,5.62935638407841,3308.96431465892,37.0657223541419,16.5120211479181,17.175329818272,25.4540616808111,26393.5688865332,28707.4425162086,-168.276017320457,0
1689,1734,6.34836955639404,2738.27348756086,35.9124955962933,18.8285435543929,19.6561758172095,29.044754170074,21849.0153370611,26121.0074314135,498.388139885869,0
1690,1735,5.54171859008574,3112.73756659988,37.0925727965976,17.2660951061717,17.9850772964905,26.6235023343283,26407.5251696835,28707.8610774449,-159.612168425709,0
1690,1736,6.0186758742976,3040.53918988689,35.821304964297,17.4240889395144,18.1449013162667,26.8658113727204,22378.5315091872,25289.4792944329,509.743811882272,0
1691,1737,6.55496642557505,1864.77760935259,36.2206718197493,25.2584890200525,26.6170488225622,39.0323025371735,23419.6504705426,26441.3104893667,688.4702061628,0
1692,1738,5.54508086118792,1948.7140888621,36.6467524709601,24.4883402325564,25.7853350411922,37.8365844753311,25650.3011229533,26792.5264326072,-572.525136627268,0
1693,1739,5.29495819285598,3554.23621041224,36.6840953678407,15.6462995318114,16.2448898270727,24.1112577069176,25649.5255904945,26821.8825624148,-587.922611091481,0
1694,1740,5.59870373932523,2393.62019241224,36.6840953678407,20.9293820716727,21.9298454743017,32.3077387876936,25659.2855972996,26836.8080257215,-598.682087847013,0
1695,1741,5.60491700712045,2471.5452508621,36.6467524709601,20.4251054333875,21.3846436213331,31.5246562842614,25688.4838350203,26787.484105602,-595.930192626049,0
1696,1742,6.35282523558946,2078.37758101498,36.8265480056428,23.331020856091,24.5314754531631,36.0386433757215,25645.6035818125,27426.0448944376,779.041038047205,0
1697,1743,6.46848555221677,2677.5673729982,36.7733879111565,19.2544037438344,20.1224820225769,29.7076839689847,25617.412047205,27428.7537013563,842.301453270302,0
1698,1744,6.78938376051088,2798.9967109982,36.7733879111565,18.6310278164925,19.4507754518018,28.7402882475911,25620.2619015368,27442.9314502443,854.144840650963,0
1699,1745,6.61169272340345,2413.0130869982,36.7733879111565,20.8152105492389,21.8072873481846,32.1306868541165,25615.651403762,27430.7375950773,829.901851942714,0
1700,1746,7.04190350964016,2155.57086508239,36.8330165801845,22.688173682115,23.8347234664749,35.0398824588762,25603.1527766437,27444.3459859532,810.680950401062,0
1701,1747,5.37101223858746,1959.20988594968,37.3545607486774,24.5155465418335,25.822559333589,37.8810031722303,26201.9031096464,31131.9983659537,-336.120903403536,0
1702,1748,5.56922630817833,3498.98146794968,37.3545607486774,15.8864187995583,16.5066697198503,24.4847241840082,26218.4631923563,31145.4619686895,-306.141945217785,0
1703,1749,5.55171808195408,3979.98525594968,37.3545607486774,14.4893175857328,15.0121544978539,22.3196495639512,26232.9208345167,31146.1718773314,-296.671448881311,0
1704,1750,5.46015944628989,3653.64803994968,37.3545607486774,15.4002806302005,15.9860852294173,23.7312080446348,26236.0051464442,31132.3913804038,-323.859898106275,0
1705,1751,5.50339175937941,3561.42517794968,37.3545607486774,15.6854616161231,16.2914044699509,24.1732206329788,26233.668018858,31142.5111936154,-307.113229625535,0
1706,1752,5.52693218844999,3922.07890194968,37.3545607486774,14.6407837280645,15.1739424459508,22.5543089714811,26233.7064848371,31158.8054367353,-326.339861829585,0
1707,1753,5.51554149869694,3485.74384194968,37.3545607486774,15.9298738844266,16.5532313590094,24.5520873626449,26227.3331934069,31153.0972783767,-320.002153041495,0
1708,1754,5.43485787032436,3556.95389994968,37.3545607486774,15.6996345739214,16.3065833831152,24.195189246962,26226.3779277049,31140.2365133997,-326.877282718186,0
1709,1755,5.2279111353497,3058.39538994968,37.3545607486774,17.5186400897528,18.2584960411805,27.0157723601419,26245.6144388368,31140.4893390547,-287.007097756533,0
1712,1756,5.51705875686743,3283.53318679963,37.2345854049156,16.6217275597245,17.2942600208637,25.6245074485061,26640.3063961121,29343.5613836701,-794.072254520402,0
1713,1757,5.44014266693925,2837.77801180565,37.2518098869459,18.4995810024887,19.3131688489809,28.5374140337487,26677.1801890839,29336.6266922722,-755.883563473297,0
1714,1758,5.54472362495148,2638.06826980565,37.2518098869459,19.530810039608,20.4247142468392,30.1378454204971,26666.2629554617,29331.9420378844,-771.615888635611,0
1715,1759,5.83864099246618,2734.55716279963,37.2345854049156,19.0128238801582,19.8659974628096,29.3338408075135,26655.515729466,29324.0068930218,-760.323379895892,0
1716,1760,5.67383072982295,2949.78022180565,37.2518098869459,17.9785793907551,18.7523485977853,27.7290506482318,26643.7806507505,29338.8646624563,-768.468650362546,0
1748,1761,6.56750908132465,1682.01574247881,36.3849529442745,27.4209044182751,28.9710039089099,42.3948468300598,32195.8188417786,34413.7672178041,851.551165197257,0
1749,1762,6.72940038656989,1909.96281647881,36.3849529442745,24.823810615895,26.1467263072248,38.3571798047963,32159.3479331773,34422.057400419,820.560085866899,0
1750,1763,7.28085784410251,1625.80023257953,36.3628950575056,28.1632631183531,29.7792849318177,43.5492671785527,32201.580378932,34369.6130997758,766.620383470365,0
1751,1764,7.3814831982107,1714.6476041456,36.3235584647531,26.9955547527055,28.507226418016,41.7332174966349,32229.6416961978,34393.6059677833,824.380430096286,0
1761,1765,6.85974308883375,1510.27041024669,36.2760883322369,29.8447272423532,31.6113759392254,46.1644461572575,32222.6282424063,34419.1279657217,963.077636483448,0
1763,1766,6.32081224715615,1829.3134928275,36.3064900475851,25.6563781239021,27.0504285706362,39.6510830912248,32174.8017423712,34422.1641638935,848.644092463875,0
1764,1767,6.75519567101647,1968.29755282751,36.3064900475851,24.2374002193218,25.5092018568811,37.4455553500492,32207.7730662344,34405.2861344314,774.877137558257,0
1767,1768,5.67596302874851,2104.67660446379,35.3240750577244,22.8520843485688,23.9965728791671,35.2901605001246,27311.9280431394,19480.7706112703,-904.838233321843,0
1768,1769,5.4638845564358,1955.3520528105,35.2945322177495,24.1744899305305,25.429695537411,37.3446716205337,27326.1086935454,19454.9712079564,-771.604386648355,0
1769,1770,5.86581907219316,1999.7124168105,35.2945322177495,23.7605064147874,24.9807084129779,36.7014030602839,27314.2641379517,19444.6148891744,-908.302864297515,0
1772,1771,6.53576745001697,1696.2527880375,34.2020733118384,26.7624846901616,28.2274140818075,41.3635316130188,20282.8134012492,18157.6344708214,743.113510501722,0
1773,1772,6.49892865943788,3059.3317980375,34.2020733118384,17.1648841134158,17.8536221220885,26.4602610795468,20279.3626835685,18219.9451948369,728.31033360622,0
1774,1773,6.47047264396433,2985.5446980375,34.2020733118384,17.4717786198846,18.1829219621196,26.9361321474174,20281.9322425551,18204.8583500482,744.282885095478,0
1775,1774,6.55881331850215,2560.68433375831,34.2371333161469,19.5610500360838,20.4300881534377,30.1772554804739,20278.5672967164,18213.3530616749,711.924783970025,0
1776,1775,6.89053703137743,2899.5111420375,34.2020733118384,17.8478654516568,18.5867355355144,27.5193681181787,20281.506980907,18196.0620574173,786.520873295741,0
1777,1776,6.46138324571289,2818.7638260375,34.2020733118384,18.2202057900636,18.9868112308924,28.0968734542662,20279.3250547209,18210.3075815566,747.340442975675,0
1778,1777,6.34988182177184,2901.8899500375,34.2020733118384,17.8371885985887,18.575267511171,27.5028093171427,20278.5572177233,18195.4984645341,759.014131038452,0
1785,1778,6.10161580563035,2832.68456470931,35.2415833483756,18.2818705795029,19.0620793747887,28.19500287358,28563.0458580976,18509.0723912515,512.139187541089,0
1786,1779,5.42928798723403,2064.04504633834,35.0737409861279,23.1516024121393,24.3183246442983,35.7547070723647,27470.2372867076,18185.8905677017,-344.253099797724,0
1787,1780,6.96404403638834,3443.99416870931,35.2415833483756,15.8650790953557,16.4688812791094,24.4475310749362,28496.0195797098,18482.3659596847,982.215850046101,0
1787,1781,6.18366117672381,1250.12784954591,34.4682368779851,34.2215368125194,36.3664842832533,52.9679295713856,20719.1450149675,19346.5448459941,706.705681519044,0
1788,1782,7.17948314096951,3585.81958270931,35.2415833483756,15.4139665146011,15.9863043863732,23.7484434221685,28502.9582953562,18502.0160332495,973.214812072355,0
1801,1783,5.25634824061161,1373.07922644085,34.9594249254426,31.8574209868812,33.7902532481197,49.2908677088155,22716.9166722248,20519.6387874513,-455.950986903355,0
1802,1784,4.88698144399033,1118.14558855657,34.9861648231445,37.6801857727373,40.1604363280038,58.3544652582555,22672.7664272558,20479.0940713913,-464.83167126882,0
1852,1785,5.71781476231623,1954.74045801176,36.236935527388,24.3545496063707,25.6355875122752,37.6274029437583,19911.6957147083,29457.6240412202,-677.473628961347,0
1853,1786,5.50851312206063,1725.51716273503,36.2177384144895,26.8392097548049,28.3358075158432,41.4897598729815,19871.756486389,29446.4040386218,-700.283109099746,0
1854,1787,5.4224268603139,1913.24347401176,36.236935527388,24.7628648609987,26.0788846265291,38.2619943889852,19889.6130622911,29432.9692589366,-725.489651398372,0
1855,1788,5.53556197717127,1764.65607801176,36.236935527388,26.3746683671457,27.8306409895518,40.7675448758102,19894.0258706696,29451.9146121994,-713.083527860148,0
1856,1789,5.59429183839581,1660.53917601176,36.236935527388,27.6679181128169,29.238167898586,42.778472764764,19879.0074377697,29450.953595006,-672.155855079581,0
1857,1790,5.52251999265666,1914.36680001176,36.236935527388,24.7515897982646,26.0666409221369,38.2444702595795,19908.5435750167,29405.8851917805,-684.711058696036,0
1858,1791,5.39214542615738,1814.92069673503,36.2177384144895,25.7973846723957,27.2026790202997,39.8700001702458,19862.7869613286,29483.6575194202,-674.898014851178,0
1859,1792,5.58691735017147,1580.98255073503,36.2177384144895,28.7614477186263,30.4293347130061,44.4791401936659,19892.0551621742,29446.4274495926,-712.848297165844,0
1861,1793,5.48448273904567,1450.63497291173,36.2285180814523,30.8124316002221,32.6668219070293,47.6698203934355,19877.3730234444,29454.9089282804,-608.228568061023,0
1862,1794,7.6008591065839,1356.50449553115,35.6260968817937,32.3586666746434,34.347272932315,50.0735062912999,19308.7697696267,26324.7342908516,1224.77326523047,0
1865,1795,5.39804040714658,1856.85474424259,36.1852680486908,25.3354613084652,26.7002764094336,39.1518368271704,21456.4853975913,28089.8159085085,-496.944217009866,0
1866,1796,5.65384224513408,3669.06676057575,36.1570365395543,15.2468533689622,15.813925790883,23.4912295106695,21437.6014289156,28054.4482981378,-625.410979021779,0
1867,1797,5.5405783247992,3350.04655398803,36.1731001663742,16.2765218450982,16.9163243411203,25.0871561277732,21476.0514756303,28027.5592146084,-623.134314403187,0
1868,1798,5.43910555879795,3597.04611798803,36.1731001663742,15.4657182967972,16.0481216001523,23.8304217165395,21490.9886196661,28043.3964059619,-590.493395192785,0
1869,1799,5.41122315559765,2885.49181057575,36.1570365395543,18.1443842885203,18.9218693848451,27.9838338893033,21461.2908977996,28023.4051166076,-618.198215884813,0
1870,1800,5.62342042382307,2662.51832019427,35.8488472019012,19.2158526736307,20.0728478239331,29.6456216574978,22291.396476216,25882.2645552616,-724.334190439137,0
1871,1801,5.79503717998893,2319.4522064792,35.7892440482435,21.2981921265161,22.3198920999883,32.8780523400412,21981.430571304,25787.024559697,-820.906504878458,0
1872,1802,5.73336890173734,2250.7751384792,35.7892440482435,21.7883435683277,22.8499504396111,33.6392382344772,21946.6911410263,25791.8004579593,-708.150233441168,0
1873,1803,5.59693151036707,2253.5724404792,35.7892440482435,21.7678285294887,22.8277578753173,33.6073771377308,22031.94105772,25828.0180692303,-689.267613244433,0
1874,1804,5.47125950273191,3277.28600619427,35.8488472019012,16.5036305990605,17.1573713931258,25.4385823381433,22376.0750752423,25938.2042560407,-698.684340499789,0
1875,1805,5.54070404376537,2648.00318619427,35.8488472019012,19.2940103762763,20.1570751682227,29.766914729923,22343.559207112,25954.4655072497,-719.770294450512,0
1909,1806,5.80167188588355,2396.87518609374,36.964946453509,20.9486437793294,21.9533074012547,32.3383798125184,28728.0261619982,31940.4651995476,-858.790844885396,0
1910,1807,5.65891184599896,2216.03000208216,36.9265376179922,22.2283872487474,23.3376106723659,34.3258770706193,29017.3039135057,32087.979124211,-772.839194128438,0
1911,1808,5.63084610191984,2490.82021121608,36.923468133807,20.3446640059399,21.3002987996405,31.400466419577,29037.7132931663,32046.5194607055,-827.135062241672,0
1912,1809,5.48059540011559,2626.99111008216,36.9265376179922,19.5499329997565,20.4425120653503,30.1667457390922,29039.4914723279,32075.6318677609,-777.711897180056,0
1913,1810,5.98696526098135,2241.08942321608,36.923468133807,22.0381145327004,23.1315553897039,34.0303087796003,29017.9483082825,32031.9646576489,-940.29355065868,0
1966,1811,6.38083013851004,1101.84789415039,35.1637439241013,38.2039969711252,40.7372661028372,59.1708913586501,17533.565761593,25257.3552593975,621.364233715983,0
1968,1812,7.20952475550658,3548.10024216435,35.2035891906156,15.5271187522257,16.1070333871292,23.9237080942796,17502.8568081955,25699.4435937368,1109.81774108164,0
1992,1813,7.5098974619387,4492.78663038984,37.1060442336676,13.2873965966044,13.7291597532749,20.457800273421,26422.3897771668,36767.4606501385,1157.74921529731,0
1993,1814,7.40435074578464,4837.42745238984,37.1060442336676,12.6223992770893,13.0219497298369,19.4284068969921,26427.2921611675,36777.3574934178,1159.47105254742,0
1994,1815,6.97115544222543,2650.28309727262,37.0861542130952,19.4422160460566,20.3277135292852,29.9999338936563,26473.3231558343,36828.8913249945,1147.03055954351,0
2003,1816,8.15558304584448,3978.51784627871,34.6782402679041,14.2731897744197,14.7646197483544,21.9802189654976,24242.2189558916,18098.2885389094,-1403.36808131252,0
2004,1817,7.9039313196816,4632.99841027871,34.6782402679041,12.8378281409669,13.2375235849578,19.7581567162731,24239.9826782631,18120.3644269607,-1470.98207417466,0
2005,1818,8.31364251874905,4155.12231427871,34.6782402679041,13.8454407798886,14.3089184216071,21.3178578305958,24231.7087182335,18080.9582728646,-1445.01144887904,0
2006,1819,8.23688405562838,4257.54321427871,34.6782402679041,13.6122191247576,14.0606715883409,20.9567778567026,24242.288169531,18082.3256229295,-1429.99093291304,0
2007,1820,7.38326005918961,3469.65629923674,34.6572454948266,15.7242583015355,16.3139581348638,24.2281220809071,24238.5598617657,18133.7731534461,-1437.26613190281,0
2008,1821,6.81694812414788,2649.90954550436,35.0186231238103,19.1748424662066,20.021249713406,29.5799331616993,24596.6222065159,19838.4258059675,958.458340740018,0
2009,1822,6.78381278727224,1787.54759350436,35.0186231238103,25.8599312723241,27.256467322469,39.9632838531306,24597.7950311092,19882.8998575065,947.685116094324,0
2011,1823,6.54523740662447,3014.73567418121,36.9050134174268,17.6543789362421,18.4009315769567,27.2253634126537,28445.0131579484,29781.350671564,529.210135869975,0
2012,1824,6.33765002338852,4637.9417441812,36.9050134174268,12.9826265361177,13.403784103136,19.9856797007202,28458.461184181,29775.2292454345,571.835005567554,0
2013,1825,6.16895789200773,4500.14708818121,36.9050134174268,13.2580021154892,13.6967480759454,20.4119815215856,28448.0948590901,29783.0789009779,566.072833217664,0
2014,1826,6.53172139250279,4371.57271778008,36.9119414408694,13.5296615529391,13.986016527565,20.8326014970562,28269.4157668989,29806.0032300162,646.43094696757,0
2015,1827,6.77772598501346,4753.30958772373,36.9216764504277,12.7643576772847,13.1718248507387,19.6478522745464,27936.2971781854,29681.0283183496,1010.89498333144,0
2015,1828,5.53715881756919,2385.04786791383,36.0615461400495,20.8949809531398,21.88674858809,32.2526841748326,20069.4395030686,28596.7296970593,-353.963578398362,0
2016,1829,7.16654479454981,4635.00794172373,36.9216764504277,12.9894761260377,13.4111593981532,19.9963076729182,27954.4988076275,29710.7199385461,1011.66403496984,0
2016,1830,8.57389023028799,4183.06684485035,35.8594539870504,13.8731971688233,14.3457586644964,21.3628404228956,20986.3517227914,26961.1965785672,-1281.32875046504,0
2016,1831,4.42566097089331,2969.89263240545,36.0784310994226,17.7554431231456,18.5029977558088,27.3803148648483,21775.9946901136,27388.113564922,-330.311530126074,0
2017,1832,6.76007248098233,4067.90451972373,36.9216764504277,14.2326221652252,14.7354739309649,21.9212769584068,27953.4943472817,29723.1676569915,1023.85034086977,0
2017,1833,8.60853429511486,4619.15205460938,35.9028957304171,12.9500126842726,13.3635862208667,19.933675855977,21028.8440178487,26989.7692980875,-1199.23151337104,0
2018,1834,6.11330557886017,3889.04791240132,36.7128353754228,14.6754869378309,15.2069607766741,22.606957416063,27769.3326779393,28172.5298939829,525.798740188168,0
2018,1835,8.92117856337564,4173.05981001519,35.8887385028068,13.8987958563354,14.3732128396044,21.4025298153248,21016.0089191497,27024.771025162,-1202.69306403001,0
2018,1836,3.49287380957655,2975.58152828047,35.6989393189405,17.6871688873308,18.426550636167,27.2735687171133,20129.7675132201,26837.1693314466,-1026.13025941512,0
2018,1837,3.73555540894439,3132.9297405117,36.1240224300346,17.0810183934802,17.7788865538437,26.3344247556933,21739.5428756301,27459.0693455935,-154.046915182082,0
2019,1838,6.18540619050895,3289.30195840132,36.7128353754228,16.5478821219968,17.2112234064807,25.5089548670463,27759.563906313,28184.4410958186,496.775817589492,0
2019,1839,8.9533082917876,3822.25137460938,35.9028957304171,14.7877385628699,15.3216115075066,22.7794172623961,21029.4075858226,26985.5367798682,-1212.11218976567,0
2019,1840,3.02087359428899,2796.33177615957,35.670297118791,18.5091982385492,19.310306554436,28.548687165558,20222.1426648862,26810.7498279827,-909.097450302835,0
2020,1841,6.07391357095098,3364.27045785842,36.2950226997005,16.23894065933,16.8769345280444,25.0291405496982,22362.1029393455,28509.8159460092,624.624407512184,0
2020,1842,6.43652904112125,2177.81309733929,36.7355934946327,22.4949069364568,23.6243566173386,34.7393661102125,27780.0126145755,28158.8660296838,505.951328812328,0
2021,1843,6.08772797021602,3898.44500985842,36.2950226997005,14.6154330181153,15.1401582156571,22.5131870005095,22373.9062538544,28535.094162539,669.984926063115,0
2022,1844,6.42162452141046,3918.40056585842,36.2950226997005,14.5626976535799,15.0838549134481,22.4314936881935,22371.5997090782,28544.844884922,622.739589924526,0
2022,1845,5.72311613722393,2968.88870154907,36.9626596379035,17.8606001911278,18.6231403625719,27.5453889971835,27541.2605052593,36584.564897556,228.709289047824,0
2023,1846,5.69906713782015,4819.07270154907,36.9626596379035,12.6462444552484,13.0465308057109,19.4651042081146,27569.5891365895,36614.863889507,202.359429209432,0
2023,1847,6.21737765024649,2800.31675385842,36.2950226997005,18.5662766847178,19.3770420510347,28.6387093555405,22388.0554534096,28519.0190554555,726.015104434216,0
2024,1848,5.6465240593629,4546.90621221255,36.9837530014886,13.1683675876437,13.6018007849601,20.2733341744656,27717.5330160678,36343.1410057563,-27.1236192975009,0
2025,1849,5.71356642906676,4448.04379002453,37.0146660944716,13.374029974468,13.820873783719,20.5917904799241,27707.7191908587,36343.1943285044,-84.6797231361631,0
2026,1850,5.43455329592287,3633.12584202453,37.0146660944716,15.4319953933285,16.0177566736179,23.7797348408908,27714.2787063516,36349.0003863743,-76.1131129330599,0
2027,1851,6.25773854116152,4682.40483384715,37.3813969152228,12.9291085010012,13.3494454605263,19.9035452774826,24453.8230706091,34644.4182088298,-1140.93139347062,0
2028,1852,6.49963228112467,5077.44114384715,37.3813969152228,12.2248478104393,12.6011925128806,18.813569508553,24442.3312539486,34634.1497715251,-1165.1836344507,0
2029,1853,6.48481350234492,5175.85331184715,37.3813969152228,12.0645957603348,12.4311484970018,18.565609319462,24450.9120104838,34611.6837173964,-1213.87196699381,0
2032,1854,9.58482558462306,4525.87602627114,33.0543724418315,12.9288561086185,13.3246940191159,19.8964106354431,29025.2952055828,40818.9570340474,-1108.45955991587,0
2032,1855,5.86925931784985,4314.44003065512,30.0437381121831,13.1252871724643,13.5141089699369,20.1951114711782,29911.6104559385,41467.0160458191,-295.181129354066,0
2032,1856,5.81918106531769,1403.80714557539,36.1791375811429,31.6244672736774,33.5528881734551,48.9331528293733,19275.5770175853,29892.6387104033,-196.839644225773,0
2033,1857,8.89988770467499,4941.33834727023,32.7512397594136,12.1549578930264,12.5027231228702,18.6987300152985,29055.2071415391,40834.7043110345,-1163.32448657719,0
2033,1858,7.00578528465262,2099.68471053144,36.3659022107156,23.0709561546041,24.244724292831,35.6332396342274,18063.195679983,31856.6684810325,843.005060781219,0
2033,1859,9.11289352095073,4362.51093846699,29.8717162183989,13.0126649693453,13.3936368745135,20.0205826123838,30148.3321531376,41610.4848587414,-463.244302818977,0
2033,1860,4.35621135677676,3985.61148096687,34.3250724140513,14.2259211957121,14.7119468501048,21.9063867345685,28246.3358365426,40487.4628912529,-327.535121658466,0
2034,1861,6.57273373390262,2384.81128053144,36.3659022107156,20.9411915721866,21.9395932408709,32.3252418241505,18084.75668192,31829.0957001545,866.98217037369,0
2034,1862,9.28698256521261,4796.05485127023,32.7512397594136,12.4044495697959,12.7669219666192,19.0846243952245,29034.674068512,40820.4119187891,-1113.41155506602,0
2034,1863,4.26082234140208,3459.12099597501,34.5529160416351,15.7482738416749,16.3388837808559,24.2651281145536,28138.7315580076,40456.5181364183,-512.31103436479,0
2035,1864,6.81464412477367,2531.21810253144,36.3659022107156,20.024290625243,20.9493303622806,30.9016949782015,18098.4469030117,31838.3504157583,870.912862313481,0
2035,1865,9.19897730940098,4944.75237727023,32.7512397594136,12.1492537237029,12.4966850279129,18.68990788638,29000.3955096585,40840.2607454244,-1133.16212746634,0
2035,1866,4.14479531031232,4494.90133546207,30.279024764722,12.7815849120263,13.1515047397657,19.6638740904773,29627.4226793748,41306.0519426885,163.956982956485,0
2035,1867,4.33588271293499,3719.91184296687,34.3250724140513,14.9343207337075,15.4674936741165,23.0035656865442,28153.3790370866,40605.5097973698,-620.963431939834,0
2036,1868,6.41474028581305,2150.19032853144,36.3659022107156,22.6548121495212,23.7938055198132,34.9867310909102,18083.421170905,31837.7274596452,901.392295760481,0
2037,1869,7.05622229561153,1842.53116053144,36.3659022107156,25.5243368412222,26.9075954987329,39.4460119109381,18071.7782882407,31862.6527699577,837.986843351423,0
2038,1870,7.31448569588782,2349.15366907606,36.7047814762267,21.2311846012942,22.2563256462454,32.7764549298777,19173.2429168721,33009.2672371592,1223.96364330513,0
2039,1871,7.38559108943602,2541.30849307606,36.7047814762267,20.0108525184881,20.937895330446,30.881682600755,19177.8157244857,32998.7651121169,1218.55662497134,0
2040,1872,7.20320394575444,1883.49797631778,36.7113261052594,25.1569392748776,26.5122569589959,38.8759932667375,19187.6425572492,33015.9437637057,1256.40629348846,0
2058,1873,5.69235899750068,1899.15571885607,37.2805514161511,25.102782967989,26.4597256562226,38.7935661621443,22092.6423913578,37724.5394347192,290.577401961693,0
2059,1874,5.93344843027225,5977.30529966142,37.2409704051769,10.9310543031115,11.2301807351631,16.8121682103811,22059.7393053183,37849.895888471,355.643829773432,0
2060,1875,5.93135695692012,5531.85429389496,37.2555796826182,11.5210252206956,11.8544075300397,17.7245464954366,22062.6273214124,37849.6049840753,357.398509997143,0
2061,1876,5.99768718610396,5539.34313389496,37.2555796826182,11.5104178663014,11.8431747995139,17.7081398380149,22050.5502186287,37851.363315308,362.539361152514,0
2062,1877,5.99098973563846,6481.15286789496,37.2555796826182,10.3534456054616,10.6203630171071,15.9192721435092,22054.1628988496,37843.9265879988,350.930485933845,0
2063,1878,6.02653311768036,5935.12832789496,37.2555796826182,10.9841866307426,11.2864057611848,16.8943384875075,22041.5879852188,37849.0959091606,353.010045161935,0
2064,1879,6.08407986274395,6015.91969589496,37.2555796826182,10.884422412439,11.1809617590537,16.7400860597586,22051.4185823373,37847.0594715909,352.293711493497,0
2065,1880,5.98330310785489,5494.52022389496,37.2555796826182,11.5742937877144,11.9108224135356,17.8069398877004,22048.3419441938,37847.5620129629,350.59394220375,0
2066,1881,5.90146750923456,6223.49271989496,37.2555796826182,10.6387584978749,10.9214644046759,16.3602897465211,22055.3050510769,37845.0493695291,379.535505943998,0
2067,1882,6.08546886773383,6270.65038589496,37.2555796826182,10.5849767960734,10.8646835466553,16.2771512849096,22031.5437530881,37835.3506259636,354.894037772111,0
2068,1883,5.9966289234396,5954.55525989496,37.2555796826182,10.95997622662,11.2608137466834,16.8569041967609,22044.4630115779,37832.1402832567,362.197740015462,0
2069,1884,6.02940590038594,3637.50816389496,37.2555796826182,15.4403414608779,16.0283026298614,23.7931145130599,22051.7297718706,37843.8025253534,356.746670266955,0
2090,1885,5.59224454592017,4480.52289382151,35.9295387489196,13.228679923202,13.6600292572822,20.3650671809928,24611.0145513919,39974.9777138676,-111.068747783217,0
2091,1886,5.56073596285571,4379.35747582151,35.9295387489196,13.4407111697463,13.885626372276,20.6933136911689,24623.7780115814,39982.2211403185,-113.045025933652,0
2092,1887,6.10658524703148,3692.42114018269,37.0980626385961,15.2616516039894,15.8360472072447,23.5158956291264,23993.5220294444,38068.7032401882,260.026745966561,0
2093,1888,5.85662914110429,4822.24481018269,37.0980626385961,12.64935273331,13.0505460812103,19.4701112022178,23995.9529773023,38088.1554923595,259.949331108314,0
2094,1889,5.62474975833092,3709.09482218269,37.0980626385961,15.2125818107596,15.7835555420279,23.4398525189908,24008.3243313938,38101.1176028708,272.190003747032,0
2095,1890,4.80898576108617,1804.68767092429,34.9418371249068,25.6527653813455,27.0304484215855,39.641004377445,26660.1417301468,18467.9329923878,-611.771617254161,0
2096,1891,5.16975034184201,1838.49761012166,34.9689427899402,25.2907722610115,26.6375699316533,39.0784393974215,26667.763381996,18543.7838921941,-625.959798537311,0
2097,1892,5.45096877343653,1744.79897692429,34.9418371249068,26.3368713331725,27.7739277754876,40.7044399671182,26689.3271662369,18520.504984244,-633.814377231586,0
2098,1893,5.4743894727912,1623.94231492429,34.9418371249068,27.8638957540204,29.4352493654593,43.0786906273562,26659.627444871,18495.3299021966,-598.114280827816,0
2099,1894,5.16439240995708,2036.20295692429,34.9418371249068,23.3701706505784,24.5536997523107,36.093863771679,26645.229025117,18490.9357806738,-619.390614343824,0
2100,1895,5.33391822755113,1907.75192670804,34.9660611895878,24.5761992505595,25.8618004521644,37.9678782425511,26642.1914857627,18512.6918268595,-571.240212695458,0
2111,1896,6.68713555242525,2280.32666390555,36.3563962459253,21.6617033995268,22.7185952438117,33.4441202261269,18618.4419767909,30913.1998706997,802.484083413316,0
2112,1897,6.58384276885705,2595.49669790555,36.3563962459253,19.6512470104912,20.5467564188669,30.32261092623,18621.5161534476,30936.0852431316,788.173093131328,0
2113,1898,6.62902837555969,2550.38744990555,36.3563962459253,19.9102872417762,20.8262169790894,30.7247011997818,18635.3003449503,30895.3262485628,772.978504519386,0
2114,1899,6.30768503858393,3503.94131200026,36.3795800113417,15.7784981048999,16.3843084758752,24.3155742629528,18712.6311760845,30794.5817048812,835.756089630004,0
2115,1900,5.79832771130173,2676.24828400026,36.3795800113417,19.2109910403871,20.0722668766448,29.6393637130868,18692.8146457821,30798.1565650315,826.624034364643,0
2116,1901,5.7290908290239,2416.01864810438,36.2391655952658,20.7186832711893,21.6979602408324,31.9794172673905,19118.877991875,29935.0136330618,-119.535740156704,0
2117,1902,5.68500999205294,2256.90282410438,36.2391655952658,21.8138920674133,22.882093546575,33.6801643027322,19181.6760495055,29879.70364906,-108.51706051652,0
2118,1903,5.62556687075724,2444.67447410438,36.2391655952658,20.5357444009365,21.5003512003627,31.6953837496543,19170.1876424548,29874.9873107912,-61.4212555458457,0
2119,1904,5.73165322501843,2045.32106810438,36.2391655952658,23.5185136883599,24.7285881340268,36.3282496892761,19188.4100837874,29870.8507020603,-85.4765540606451,0
2120,1905,5.64622288730662,2088.15103069535,36.2407262179672,23.1473159737699,24.3261749495639,35.7515122910451,19167.6374298491,29889.3634508571,-126.362417713657,0
2121,1906,5.68534084400546,2680.23193669535,36.2407262179672,19.1719545913254,20.028983793488,29.5784472812739,19143.6283941996,29881.9859505909,-98.7567082916439,0
2122,1907,5.68061946559218,2572.32656269535,36.2407262179672,19.7676841215859,20.6713172971232,30.503056529986,19165.9228231436,29882.7861790723,-68.7114531025803,0
2123,1908,5.66640344657595,2671.04709469535,36.2407262179672,19.2209055983158,20.081740360045,29.654415577392,19140.4628259388,29870.1087996703,-68.9347821732288,0
2124,1909,5.65509751412493,2378.65194469535,36.2407262179672,20.9636905563009,21.962714055031,32.3598469513299,19170.6291627255,29892.4761523999,-103.149435830455,0
2125,1910,5.61258665594143,2685.98072269535,36.2407262179672,19.1414756850288,19.9961375858467,29.5311469182429,19153.6629052577,29878.296487431,-129.304097015818,0
2126,1911,5.62593577626617,2100.02304469535,36.2407262179672,23.046894657069,24.2173356019262,35.5954933141544,19154.8628496317,29897.3840615898,-87.0113452315376,0
2128,1912,6.06265847249679,3522.65427978492,36.9785462537147,15.7744059590043,16.3840887329633,24.3103785387585,21565.9224447609,32300.418431315,100.409338266763,0
2129,1913,6.63434802757207,2833.98850764311,37.0751874675934,18.4967939550516,19.3087192083957,28.5326894757817,21148.4821987993,33076.4115432915,945.508814921605,0
2130,1914,6.88062190106187,2686.00067579235,37.0697654597498,19.2471086439257,20.1171678670087,29.6970665700507,21185.4349064637,33075.9299952964,945.581629724449,0
2131,1915,6.80273326575445,3422.48403779235,37.0697654597498,16.1143994668057,16.7489963014677,24.8375970951039,21170.2561589221,33082.1539521746,949.404510827425,0
2132,1916,6.68718370243781,3041.78665379235,37.0697654597498,17.557372229098,18.2979320109117,27.0752446619201,21164.2206449195,33077.2946465995,961.119953561437,0
2133,1917,6.74240713343216,3368.52033779235,37.0697654597498,16.3005132154166,16.9485179947839,25.1261353862751,21170.0328569561,33078.7331147595,913.761411851697,0
2134,1918,8.23226502880572,2738.63655803538,36.8696279848102,18.9464163341168,19.791343542274,29.2299293937964,21312.4053976676,31842.4380429436,-1224.67726309803,0
2134,1919,2.8575284955638,2067.28775593451,36.6690137203506,23.4002150008263,24.6048600645085,36.145700086736,20633.732279908,31731.4264347108,-1058.24436533729,0
2135,1920,8.48004390757585,2682.84470003538,36.8696279848102,19.2384857816039,20.106151150169,29.6832082941393,21330.2245848705,31855.2284520894,-1314.49723476861,0
2136,1921,8.31248924921646,2815.81566203538,36.8696279848102,18.5602680711337,19.3753744750903,28.6307121056744,21322.2626591299,31862.6756792709,-1360.75832263245,0
2136,1922,3.86622662535355,2289.5728969493,37.0642349736308,21.7035619741359,22.770797943375,33.5110460537378,22076.2959371073,32226.8828677178,-310.531797370514,0
2136,1923,9.0272819691007,1593.38223724312,35.6897824059677,28.4604533085395,30.0945839895673,44.0091111126236,29754.3724858378,21794.2631031811,-975.399409895232,0
2136,1924,7.72982536723361,1872.83988382968,34.7346856713995,24.8845154358282,26.1937209280934,38.4462729428453,21353.9633373976,19716.2298340968,-967.516676778542,0
2137,1925,7.85889356466141,2999.42439803538,36.8696279848102,17.7164613181669,18.4674011710238,27.3215887635984,21342.463442688,31876.56094417,-1372.02197472739,0
2137,1926,5.81308751610311,1964.59523872566,34.9796874579855,24.0285217063663,25.2678173108817,37.1168686107527,22376.711520374,20062.9877251385,-730.405897033681,0
2138,1927,8.31477585042545,3650.86696333895,36.910928935087,15.3689583422412,15.9496067566976,23.6818491697789,21377.5277403945,31954.6166502211,-1393.02025193254,0
2138,1928,5.58416544264373,1616.9967987486,35.0020581498136,27.9722184529906,29.5539640396889,43.2473549506988,22419.0370077922,20118.3006289338,-788.8732862709,0
2139,1929,8.67592498015887,3492.52204933895,36.910928935087,15.8658075975207,16.4815183797581,24.4519278916601,21371.1944013485,31947.9279974211,-1438.56817091282,0
2139,1930,5.53403911811966,1930.76330272566,34.9796874579855,24.3523315203812,25.6190531356205,37.6200340591109,22370.5363820027,20063.3242297769,-799.973264245749,0
2140,1931,8.05198817038423,3352.35690484235,36.8994630192016,16.3405113163789,16.9901850028923,25.1878114799062,21360.5368978699,31953.7108218138,-1352.00875020556,0
2140,1932,5.21568812982911,1838.95922746807,35.1176720917428,25.31553934818,26.6662271657719,39.1174230139057,22351.4452462064,20090.4050887192,-754.104176989136,0
2141,1933,8.80306851573598,3307.18818632499,36.886667954017,16.5004827818861,17.1616519379685,25.4358126406121,21359.6673451638,31941.270511454,-1410.85063385612,0
2141,1934,5.45325989675068,1834.03899589455,35.1429617242069,25.3733467052332,26.7293128054269,39.2073562061064,22369.0407145249,20111.9017916557,-702.300971215516,0
2142,1935,5.50383083119464,1297.86851146807,35.1176720917428,33.3891482979014,35.4661493297562,51.6751445771237,22334.2473580911,20068.5126204447,-731.299226301406,0
2142,1936,8.21673179143776,2132.18258284235,36.8994630192016,22.8896128765489,24.0536956361295,35.3530264152417,21352.9458279732,31898.2772664164,-1324.45983735379,0
2142,1937,9.78252754430545,2118.8165651418,36.6572531774257,22.9598745238252,24.1273579722475,35.4614977350166,20260.5515049316,31223.2593241433,-439.363610643109,0
2143,1938,7.12630824413505,2507.62682808942,36.4175764913243,20.1723711696027,21.1096386502,31.1317038997227,19247.8071108229,30733.6942068536,1063.93910413022,0
2143,1939,5.51390794819127,1470.32365789455,35.1429617242069,30.2027920051456,31.9868558445759,46.7172526459608,22373.9141956158,20104.8175670935,-732.982395949629,0
2143,1940,6.7717296233337,720.846037275171,36.5838098312379,55.5722314453268,59.8536180625245,86.2397010624437,30526.2442772044,27065.5375096374,-1051.47766450248,0
2144,1941,7.14623348701268,2485.4713885872,36.4372656813096,20.3098381447363,21.2582350474879,31.3451659279844,19264.7270414438,30748.8704043772,1059.22300956535,0
2144,1942,5.86361991949324,1374.12252346807,35.1176720917428,31.8819546406201,33.8193040365944,49.329673897245,22378.3741892769,20042.4704565929,-687.419579229541,0
2145,1943,6.05619275574452,1549.70536189455,35.1429617242069,28.963555920424,30.6356851126466,44.7896118150121,22411.7541667345,20116.6372531669,-907.900348812288,0
2146,1944,5.55192656888835,1407.02093389455,35.1429617242069,31.2873335794709,33.1703877957231,48.4045629597069,22365.9992818311,20073.3526074634,-798.628180582746,0
2147,1945,6.10148996281977,1679.55706546807,35.1176720917428,27.1740197543627,28.6866218614726,42.0065885668911,22376.614440321,20120.5660586229,-792.591622271831,0
2148,1946,5.55973087098064,1484.37624589455,35.1429617242069,29.974130775404,31.7374435552159,46.3615403237008,22361.6534536668,20108.4036280533,-775.17823935222,0
2149,1947,5.48316685472395,1780.85463946807,35.1176720917428,25.9561693530359,27.3622487792682,40.1132159828783,22373.6803537275,20077.1746920926,-810.867043972004,0
2150,1948,6.1023687299718,1268.46254337396,35.1322474378564,34.0215867360638,36.1578595766508,52.659528672831,22376.1003511777,20100.2783605492,-771.264238972695,0
2150,1949,6.21011691522648,1025.55868210558,36.5987897918609,41.1045911161402,43.9416117040939,63.694742396059,30517.7915458148,27146.5803059823,-918.427913451415,0
2151,1950,6.3264316341765,1456.933486558,36.5800614469603,30.7955819312569,32.6531102847217,47.644912864701,30525.8255058617,27101.188989787,-933.35465434519,0
2151,1951,5.34546648619938,1337.00745537396,35.1322474378564,32.5989692204017,34.6027693978714,50.4454823482373,22360.4576085795,20108.9173734156,-704.813823809288,0
2152,1952,6.44177107286951,1657.98258360196,36.5671203221135,27.7748060116817,29.3586318764991,42.9458290836518,30517.9904499361,27182.0514301773,-1002.42249410413,0
2152,1953,5.73135475287042,1517.75661901666,35.1061754460933,29.4381854783577,31.1525388491622,45.527719494701,22330.4993960486,20094.4394739869,-720.619766304219,0
2153,1954,6.09326691147327,1591.50811560196,36.5671203221135,28.6912903641063,30.3572738196917,44.3712467929452,30543.0758890674,27131.9388873603,-991.097493758863,0
2153,1955,5.93295590340938,1234.45820701666,35.1061754460933,34.7758534514868,36.9824954553629,53.8334514446934,22342.9103608938,20096.5179388137,-726.644416255208,0
2154,1956,6.10501187284622,1643.427628558,36.5800614469603,27.9722778933898,29.5738999061534,43.2529847047887,30506.0912501504,27126.9694586286,-916.387075758479,0
2154,1957,5.55080891748711,1123.73350501666,35.1061754460933,37.5672466235218,40.0386194344782,58.1791532081585,22379.5570705745,20087.8333006634,-781.33247760213,0
2155,1958,6.429135755062,1424.99155560196,36.5671203221135,31.3470264940084,33.2551146319292,48.5029082646122,30516.4597195438,27150.0784241487,-987.248769888217,0
2155,1959,5.7429006492226,1240.82372101666,35.1061754460933,34.6300915489449,36.8230322781411,53.6065620489516,22359.4096161529,20113.4239883657,-786.913922915012,0
2156,1960,5.81179882797979,1464.56382901666,35.1061754460933,30.2882248070164,32.0795489735821,46.8500170313882,22375.6788519867,20107.0943035543,-714.495097066681,0
2156,1961,5.90050295082017,1582.437634558,36.5800614469603,28.8250964593941,30.503301118086,44.5794205580225,30540.7026274609,27167.8038735658,-870.030866726988,0
2157,1962,5.82476379364706,1442.49377701666,35.1061754460933,30.658613531984,32.4836610739926,47.4262369514419,22386.1807618307,20112.1343835342,-751.669092351936,0
2157,1963,6.18756392438961,1571.975284558,36.5800614469603,28.9777774493424,30.6697610923169,44.816913480971,30541.1148949363,27120.952741481,-974.496120874134,0
2158,1964,6.20099248813167,1666.576954558,36.5800614469603,27.664289227938,29.2384180989376,42.7740002678112,30533.4394256718,27106.8303394471,-976.676620376485,0
2158,1965,6.02455840189681,1510.88069937396,35.1322474378564,29.5513296201969,31.2762434548017,45.7038109881873,22390.0163531493,20094.6252808049,-778.999436407512,0
2159,1966,5.92046541252707,1202.69177410558,36.5987897918609,36.0045088620324,38.3497331369441,55.7524351492095,30500.8934143744,27134.2733125866,-1032.4805115643,0
2159,1967,4.74104352686834,1091.75175301666,35.1061754460933,38.4758220695803,41.0342525681937,59.593904762926,22080.0945722856,19486.1127734498,98.0082622338272,0
2160,1968,6.5612046378755,1555.78625923234,36.6160773360447,29.2264858503221,30.9414160119913,45.2039159275819,30489.1717736405,27148.068639348,-1072.27335157508,0
2160,1969,2.57932696125659,1029.38023565309,35.1429710403533,40.4199397746509,43.1665769649057,62.6216687268792,22038.3805032507,19858.2214296939,1021.98887455053,0
2161,1970,5.81529570263424,1433.58601123234,36.6160773360447,31.2081898510007,33.1041388393011,48.2870564434839,30523.014955842,27172.5880296453,-917.421046698831,0
2161,1971,5.68370534809347,1287.74521565309,35.1429710403533,33.6097787638502,35.7077259212437,52.0186286034279,22332.1659314578,20098.197001549,-774.324074315812,0
2162,1972,6.43234793636756,1501.42762889487,36.6333954425428,30.0739011059554,31.8660801193893,46.5222785534575,30552.676132352,27203.2737457408,-884.906534377634,0
2162,1973,5.60819439992441,1344.18846175769,35.1164659928966,32.4535601943946,34.4436694368475,50.2191383228134,22379.3971489746,20076.2537478263,-771.143534388167,0
2163,1974,5.47267572646975,1236.6355037577,35.1164659928966,34.729056403192,36.9314539255759,53.7606515594433,22321.2155599432,20059.7559340901,-803.548032413195,0
2163,1975,6.39514281909302,1588.89133723234,36.6160773360447,28.7402413079048,30.4112490816497,44.4475583804227,30510.8730067299,27141.3069835638,-986.547258473014,0
2164,1976,6.17026687760243,1725.28779635091,36.6038976401684,26.9237977238857,28.432481923998,41.6225732085965,30545.2794699306,27098.685183953,-1076.0143872814,0
2164,1977,5.98044404679213,1451.43305575769,35.1164659928966,30.5099716506791,32.3216141515986,47.1950280707707,22350.6269464433,20092.1273547213,-789.866606944245,0
2165,1978,5.75856217215518,1249.74097375769,35.1164659928966,34.4315049115136,36.6059546427179,53.2974964633923,22394.6452775186,20054.0613815938,-786.396143858318,0
2165,1979,5.8302694435351,1744.92505889487,36.6333954425428,26.6912636048672,28.1797657206138,41.2610981831388,30531.5596255725,27143.1913148529,-886.925837799004,0
2166,1980,6.36265735118222,1613.16552689487,36.6333954425428,28.3998564280694,30.0404559380033,43.9181824903457,30492.2512448012,27150.5401093087,-920.403311604446,0
2166,1981,5.53245701415178,1289.16751375769,35.1164659928966,33.5717192410322,35.6657235486975,51.9592840806923,22401.4252418609,20108.6012184613,-786.069863379684,0
2167,1982,6.40659839582662,1484.75240923234,36.6160773360447,30.3401673525692,32.1564435431308,46.9364734587779,30489.6874543722,27143.519114681,-913.116997258125,0
2168,1983,5.41351573445736,1165.24923775769,35.1164659928966,36.4637008766837,38.8300630032203,56.4610236848524,22390.0434641714,20083.7709439267,-753.587762956263,0
2169,1984,6.32662638481245,1730.93701123234,36.6160773360447,26.8571656411638,28.3601059579758,41.5190043048463,30539.5097659728,27137.5871840756,-951.069059662341,0
2169,1985,5.44173463229221,1608.37769765309,35.1429710403533,28.1232903386346,29.7202885081586,43.4827939456262,22300.5622326569,20156.5330091128,-583.520294958127,0
2170,1986,6.35308223006194,1539.85825896917,36.6403577902284,29.4734386540816,31.2110641429984,45.5881622706144,30536.8849892623,27141.4916788316,-1002.71238749682,0
2170,1987,5.94478215128792,1240.99216333376,35.1311723566469,34.6340536088601,36.8277440853639,53.6128350680468,22433.9500403499,20049.1045096499,-747.325581241074,0
2171,1988,5.40191697875528,1234.62664933376,35.1311723566469,34.7798225987671,36.9872164588156,53.8397359178938,22353.8983266096,20116.0215975257,-658.41191098805,0
2171,1989,5.95022395975585,1618.97701161735,36.6526381481714,28.3232466560973,29.957206139624,43.7990938715456,30524.2924570632,27127.5819069748,-1019.9602696718,0
2172,1990,6.84549095149478,1440.3376452759,36.669517233883,31.1041082687685,32.9911856835735,48.1253029843232,30531.4421022914,27159.550550429,-1034.98040789544,0
2172,1991,5.56373328657982,1171.94065333376,35.1311723566469,36.2972881690529,38.6480757522249,56.2020068158576,22329.9363850014,20120.6908041251,-779.756533882625,0
2173,1992,5.85103603917785,1222.33427506271,35.1572406785204,35.0737531971179,37.3092143900198,54.2973845626728,22346.806242667,20102.9157120723,-752.405296473909,0
2174,1993,5.77118580524227,1438.27904533376,35.1311723566469,30.7371894674011,32.5697514363703,47.5485796119712,22380.6331379709,20080.0810944591,-798.556348231458,0
2175,1994,5.5322723446416,1219.16439733376,35.1311723566469,35.1400506492337,37.3813634254088,54.4004751201648,22390.9266154864,20048.0083996898,-770.308446312141,0
2176,1995,5.65210810028055,1410.35007733376,35.1311723566469,31.2247783788447,33.1019330086576,48.3071873566536,22354.9339852042,20064.9331773782,-753.557487335577,0
2177,1996,5.66903071864021,1339.40433133376,35.1311723566469,32.5514658130944,34.550850511085,50.3715544161679,22379.4323858432,20087.278369449,-761.797971888827,0
2178,1997,5.46531340382747,1864.50417133376,35.1311723566469,25.0486039550741,26.3765068832991,38.7025828202624,22321.2936014947,20089.5476875141,-705.4964654469,0
2179,1998,5.13159018165993,1112.20614133376,35.1311723566469,37.8976951121776,40.4010840143465,58.6937963886422,22369.9799054379,20107.1386202201,-798.985739090915,0
2180,1999,5.58212390376097,1120.29649867784,35.165968047868,37.6834078533516,40.1668424780631,58.3602904648252,22371.5921045136,20099.509817323,-784.862066640971,0
2181,2000,5.40835438391675,1516.72044667784,35.165968047868,29.4690495815126,31.1869881179099,45.5759512573821,22333.8942608955,20097.960032992,-665.205006056821,0
2182,2001,5.89338804728573,1741.19610126447,35.1521281223734,26.4241426697155,27.8713922080546,40.840831076597,22358.3533743128,20093.4253476728,-738.488999581807,0
2183,2002,5.46925385379089,1690.61061221091,35.1396630808867,27.0391778722687,28.5401847133129,41.7970067832217,22371.5684744631,20091.3335199575,-711.477548187689,0
2184,2003,7.97154564469901,2796.43787242409,35.2793744717881,18.4604912821765,19.254546491543,28.4721962789608,17449.100155491,25720.3914453223,1131.90058013899,0
2184,2004,5.94565427997463,1500.52623221091,35.1396630808867,29.7156046557749,31.4554636836166,45.9593719279464,22389.30146345,20089.330521497,-740.876444656306,0
2185,2005,7.19361804581085,1554.56794042409,35.2793744717881,28.9245289254103,30.5949508999267,44.7294122053528,17466.7202304383,25736.8335369074,1041.32614904881,0
2185,2006,5.90021493784736,1220.68590221091,35.1396630808867,35.1069098877705,37.3452282680561,54.3489227863335,22402.5791633789,20093.0245309245,-793.797495013424,0
2186,2007,7.64211559026868,1956.71864842409,35.2793744717881,24.1586576949407,25.4123499981931,37.3200221949363,17474.8157982218,25721.5161158092,1081.0312482575,0
2186,2008,5.08172605011152,1332.90837221091,35.1396630808867,32.6821960616773,34.6938162307095,50.5750289905735,22385.4036370551,20074.9741792322,-763.564408168327,0
2187,2009,7.61548078365469,2290.65483442409,35.2793744717881,21.4214950499848,22.4481168723403,33.0681203898156,17480.762796004,25719.611747597,1044.93966434256,0
2187,2010,6.065493528534,1490.70774067784,35.165968047868,29.8782899112859,31.6332292977894,46.2125379974065,22383.8040500724,20129.4081743256,-677.986843862982,0
2188,2011,7.70897610345151,2583.33632242409,35.2793744717881,19.5754350801693,20.4552713371989,30.2022539896735,17480.1004112782,25733.5905213557,1087.8413990373,0
2188,2012,5.33646759661052,1175.51057621091,35.1396630808867,36.2094686050823,38.5520540374659,56.0653228518952,22355.6043198973,20098.5128606756,-804.525639789087,0
2189,2013,7.64865873098515,2082.68534242409,35.2793744717881,23.02857200337,24.1872661684556,35.5641955119117,17469.4900095706,25734.6132581184,1060.3569052745,0
2189,2014,5.62131618287806,1025.49149021091,35.1396630808867,40.546625821635,43.3054917509671,62.8189600657872,22385.6538075566,20079.5267182493,-722.982637276062,0
2190,2015,8.2197122587934,2324.78215603086,35.3224100793368,21.1903244484633,22.1986902377621,32.7092787877566,17484.2648388135,25719.0741475923,1127.06057284783,0
2190,2016,4.00496624283692,1735.59930598104,35.2989028696011,26.5220433675959,27.9796466969714,40.9935337967217,18247.6940510632,25347.5386020521,468.223350397728,0
2190,2017,6.16384203993531,934.182222222464,35.1026278407893,43.8338893362238,46.9131151702731,67.939188128483,22420.7600702884,20085.0190737232,-750.61822939346,0
2191,2018,7.4155516627134,2839.75003603085,35.3224100793368,18.2582548684801,19.0373675750187,28.1585574618385,17478.1066745937,25728.3031106536,1121.26861105805,0
2191,2019,5.44941389354131,989.023104679919,35.1073817567487,41.7813902062398,44.6597857699727,64.7419901479294,22354.6781210909,20107.4243564574,-681.421727534251,0
2192,2020,7.59003759296579,1901.90498203085,35.3224100793368,24.7029665492,26.0034857620392,38.1660223847207,17476.3161291361,25743.2169284557,1093.95837050978,0
2203,2021,6.38554742897976,668.987541105424,36.6762616500843,59.3802436659767,64.0517790544999,92.1767032912724,30536.8618962404,27175.3760621259,-890.680377421352,0
2204,2022,5.95513274241916,1303.7932465101,35.5925431483741,33.4057023023345,35.4911847303358,51.702851472163,25546.3427188155,21970.6292258589,-831.045686807288,0
2204,2023,6.63333083893384,728.945872784098,36.6749641724308,55.0846733335332,59.3182210696945,85.480162608146,30515.7920388873,27155.4979174297,-895.94295758165,0
2206,2024,6.67418206257336,1484.37252153397,35.8552121596711,30.1548469542072,31.9441610674044,46.6453488043908,28117.9001301693,22443.2496909314,-1104.65037797104,0
2208,2025,6.35565150411979,1358.18556753397,35.8552121596711,32.3903902632869,34.385169803883,50.1237790144577,28127.974758127,22373.1514012454,-1223.09140868154,0
2209,2026,6.14343663947037,1195.30512969001,35.6900345147637,35.8950196422951,38.2162304989726,55.5781529365143,31770.4285803873,20822.7200719606,429.560002642024,0
2212,2027,5.83349209266343,1387.72815882097,35.8435429625312,31.8286559403908,33.7712974566517,49.2495928448731,28160.8762659708,22435.4227973928,-990.030008127836,0
2220,2028,5.56600474188548,1634.76411556959,36.0756007267115,27.9760003333306,29.5717055620612,43.257032101871,28404.5417812355,23997.8716392251,-346.828625266459,0
2221,2029,9.14030142780748,1406.59404376699,35.9749691497788,31.5191692724209,33.4350815742818,48.7685206352755,29495.6007128703,23345.0878125411,-1102.49876373049,0
2222,2030,10.012058964646,2119.79482597006,36.0015356635727,22.8418486493938,23.9926478928046,35.2762449942549,29539.5225740286,23391.4948264555,-1009.21404136779,0
2223,2031,6.36231797548601,2446.690679077,37.1919654913478,20.6581068362455,21.6413860735088,31.8878166508689,25759.2743998454,34626.9449907821,-1084.58239304062,0
2223,2032,8.62196129698047,1822.64315776699,35.9749691497788,25.6635337396621,27.0543649715525,39.6611386812072,29559.7799482401,23261.0342027135,-1199.63935927968,0
2224,2033,5.98013154008528,2334.60205796833,37.1819693989257,21.4025049580849,22.4461764417109,33.0437774683063,25774.0502023014,34663.2602868326,-1016.06268799373,0
2225,2034,6.19338135052001,1926.70256396833,37.1819693989257,24.8045572229386,26.1346144764813,38.3296993622994,25775.3375345866,34682.8658364749,-1079.75640352168,0
2233,2035,6.49668849824906,2105.31897863101,37.1167098097712,23.1499068696058,24.3380928822909,35.758064387308,20784.1425859229,35951.5137491288,771.277690202126,0
2233,2036,5.37468166585337,2760.25638127884,36.5908446440854,18.8017669275364,19.633138219128,29.0048063892822,29645.7400588146,27357.9635080221,-439.64647695974,0
2234,2037,6.32023941838279,1955.98269863101,37.1167098097712,24.5036478574722,25.807072746944,37.8617969896693,20771.3733238534,35980.7007861464,778.887842959242,0
2244,2038,6.42092128693879,1469.00754244496,35.8830916513328,30.414357477837,32.2277011182612,47.0491860894258,25390.2365332497,25227.9443679672,-147.434257476211,0
2245,2039,5.64380648730574,2689.26996844496,35.8830916513328,19.0782722590367,19.9249103746802,29.4322008989033,25331.4558990465,25149.0744643035,-152.70181077566,0
2246,2040,5.58196467666064,3722.02505644496,35.8830916513328,15.0676750065827,15.6205425974983,23.2130871885874,25335.5546662313,25137.4150895506,-181.17131790432,0
2256,2041,8.59127282651172,2367.18925772548,34.3971798379481,20.7650151814198,21.7301050894749,32.0464013116494,19145.1082486137,20961.5130135458,-1259.92812294601,0
2258,2042,6.53918146198574,2312.42106124194,37.076962296329,21.5423566624785,22.5964792692158,33.2607030796851,22000.7922717612,33455.0815752831,-1076.77675350276,0
2259,2043,6.29778875819922,3448.35799078094,37.3574483161041,16.0545391936502,16.6868535362864,24.745353330955,23242.3399664409,34486.8329774627,-997.411216364984,0
2260,2044,6.16694803709267,4662.26668357761,37.3913186057134,12.9685735730528,13.3914743015139,19.9646520134378,23285.7442238099,34496.0515661564,-923.687002201642,0
2260,2045,6.45346526238018,3248.77000079866,36.9757394994354,16.724290003481,17.4024245637345,25.7830209811667,22583.1616119524,32389.915030336,-1150.04020338228,0
2261,2046,5.72133162717032,4726.86511789248,37.4029842081427,12.8459661991897,13.2611448957814,19.7748767051005,23266.7314463335,34497.4461704138,-1024.33992280823,0
2261,2047,6.82314610142583,2987.89405679866,36.9757394994354,17.7785586926223,18.5350113031995,27.4181476897243,22603.6999953078,32372.0642818871,-1103.37823014252,0
2262,2048,6.25347181902668,2942.71873079866,36.9757394994354,17.9787411966641,18.7503245102924,27.7286949378367,22597.4359684327,32350.3836423915,-1235.82030321945,0
2262,2049,5.12872445094813,1799.52636006897,37.1571917238772,26.158840706439,27.606572940906,40.4349606474441,27810.3599078785,34540.1197140623,-654.771745763427,0
2263,2050,5.29118942532607,3011.46295806897,37.1571917238772,17.6965772453562,18.4482784141165,27.2913670410802,27814.0948042149,34478.56502259,-669.899342027066,0
2264,2051,5.56376907088891,2920.27531806897,37.1571917238772,18.10129425015,18.8836373437278,27.9192273055844,27844.057553581,34485.6870006054,-658.430252953027,0
2265,2052,5.998060418078,1928.64198812896,34.4131033570341,24.2654626716548,25.5182946446451,37.483236542558,24134.1752984939,17662.3518013302,-834.201705381723,0
2267,2053,5.69791755244399,1994.92550595203,33.8406634102986,23.5384771457817,24.7236687289696,36.3519011791656,20897.3688946072,17209.949363927,-95.3813513073551,0
2268,2054,5.5185293653807,2034.26394195203,33.8406634102986,23.1899457672518,24.3461680349896,35.8104776955468,20920.9240693783,17214.4883514186,-94.6312729990645,0
2269,2055,5.83794387402718,2075.07811995203,33.8406634102986,22.8415746030941,23.9690060757153,35.269349974844,20911.9911670964,17203.5786394099,-96.4408361884917,0
2270,2056,5.52910908345549,2063.66735436236,33.8385007365551,22.9372752752491,24.0725749198711,35.4179911506435,20917.9493955205,17200.3324567962,-90.1625825181435,0
2274,2057,8.33536732592933,4783.33015704286,36.796267294815,12.7005424902123,13.1033415794049,19.5488984883174,24483.3219129352,39729.0642979044,-1442.02390635892,0
2274,2058,2.57056644672764,3803.57384682121,37.1346019908862,14.9451439591302,15.4978098644245,23.0255003260704,23785.764697623,39729.3468171381,-663.321508336968,0
2275,2059,8.09942445711163,6553.25141304286,36.796267294815,10.2558986543012,10.5156491498036,15.7680024887123,24457.9657330817,39758.6854263533,-1428.26803048507,0
2276,2060,8.06910866143892,6388.40882904286,36.796267294815,10.4318597389972,10.7012053147081,16.0399524543582,24481.667635769,39738.9285117035,-1398.93243010237,0
2276,2061,7.86372308835994,5061.58296544964,36.0708697099251,12.1697293630678,12.5360822819721,18.7264591628964,24499.0497446516,39743.2792836252,-1416.66568937575,0
2277,2062,8.26874393516545,6189.07352904286,36.796267294815,10.6557644430532,10.9374859145352,16.3860454336002,24486.5552046541,39734.9830203705,-1442.93698580217,0
2278,2063,8.43019862508887,6965.51205504286,36.796267294815,9.84843347414868,10.0864174558898,15.1383839992742,24469.1675642407,39740.2985558256,-1494.16300492387,0
2279,2064,8.31379129386715,6602.54560104286,36.796267294815,10.204801214265,10.4617872411145,15.6890367645495,24485.9924538538,39721.088704211,-1461.00255635569,0
2279,2065,8.04872832285154,4743.0928768212,37.1346019908862,12.7975948875103,13.2082889253789,19.6996100367073,24466.0346569708,39723.3243232328,-1452.77958306402,0
2280,2066,8.47277100101469,6978.55549020354,36.7930952359101,9.83610364345266,10.0734269304617,15.1193312585198,24487.7581694355,39743.5049299787,-1425.38108282707,0
2281,2067,8.53808469756012,7154.65336020354,36.7930952359101,9.67536452706379,9.90428690294734,14.8710066948379,24478.2964734448,39728.9323360413,-1450.95140078751,0
2282,2068,8.46712472876492,6657.52654020354,36.7930952359101,10.1484589370567,10.4023956499625,15.601965370273,24491.6286749622,39722.3609424037,-1460.38651583871,0
2283,2069,8.47298929403164,7186.19459220354,36.7930952359101,9.6473121838789,9.87477891239646,14.8276717267852,24486.3889642266,39725.6176689716,-1448.73803296366,0
2284,2070,8.30570628666897,7350.50855220354,36.7930952359101,9.50462661780658,9.72473804794132,14.6072658813999,24496.0067837476,39738.7724811752,-1442.11843072269,0
2285,2071,8.09733429186777,7280.04737820354,36.7930952359101,9.56511505120926,9.78833462571272,14.7006994019167,24505.7044410692,39737.3713783425,-1429.62379052149,0
2286,2072,8.15477229293397,7398.12876420354,36.7930952359101,9.46432387488335,9.68237257714788,14.5450144508531,24488.5164991687,39734.7614059065,-1457.40260909617,0
2287,2073,8.24860605000141,7607.88236220354,36.7930952359101,9.29212113315243,9.50143075745664,14.2790512575253,24480.8021180595,39743.6895526463,-1466.23014507034,0
2287,2074,7.44890380826066,3038.2104305141,36.9513231937352,17.5594315181278,18.299224221457,27.0781846737713,29742.1609473225,27530.3916928881,1163.37260891731,0
2288,2075,8.39482205681892,7190.22535020354,36.7930952359101,9.64374299007392,9.87102473644826,14.8221581348277,24477.8774301919,39743.6329464292,-1421.2645144192,0
2288,2076,7.27183589428545,3131.5260117989,37.0263277432913,17.183304477931,17.89563314745,26.4949587032181,29698.1014669518,28077.2910404818,1060.29915637438,0
2289,2077,8.14996521623092,7215.66538020354,36.7930952359101,9.6212975908967,9.84741721455556,14.7874854212198,24486.9378622656,39736.4728267681,-1450.08141329685,0
2289,2078,5.85283532519946,2108.74153027807,36.7550342754668,23.0604018530678,24.2373306060995,35.6179639027833,29856.7211188923,26435.2397823343,-155.784260207833,0
2290,2079,8.3298154122403,7558.81263755555,36.8166538609536,9.33258294675769,9.54401845160943,14.3415636477026,24483.0457763516,39728.7508457224,-1452.38963712058,0
2290,2080,3.04486047459171,5599.04171190817,37.1591329264496,11.421446330115,11.7485294776566,17.5704073065989,23671.2970288116,39644.8373948659,-802.78860078399,0
2290,2081,5.75996787687159,2657.64948185589,36.712984624091,19.35394971265,20.2292860618678,29.8620391846901,29837.8134542308,26410.1099665815,-70.1013963084758,0
2291,2082,8.30188942444228,7339.67596355555,36.8166538609536,9.51482386016162,9.73554385419765,14.6230404181319,24498.5299237093,39730.3774228419,-1437.16178019071,0
2291,2083,5.74168752325299,2345.45295785589,36.712984624091,21.2577536480346,22.2851352971136,32.8177370384446,29874.5500002755,26428.148642436,-49.9511318993803,0
2292,2084,8.49269712237883,7383.97024955555,36.8166538609536,9.47721695779136,9.69600998293618,14.5649523637752,24512.9250536231,39731.0154175322,-1452.18766863327,0
2292,2085,5.72504407411766,2760.35671985589,36.712984624091,18.8163620219961,19.6498937165242,29.027740146098,29856.6604137269,26421.147590384,-100.811202815791,0
2293,2086,8.35968727001503,7717.53199355555,36.8166538609536,9.20630984195927,9.41139190526124,14.1465527187462,24505.9777780871,39739.4719055683,-1438.74763850916,0
2293,2087,6.03449856139493,2629.91874785589,36.712984624091,19.505832553813,20.3930741520052,30.0977773758186,29828.3930497387,26408.4618005967,-126.629513689816,0
2294,2088,8.27566527622738,7724.27194955555,36.8166538609536,9.20104913184954,9.40586793093532,14.1384286881059,24489.8702642682,39728.7878318551,-1456.72290096144,0
2294,2089,5.66975652079195,2461.77226385589,36.712984624091,20.495364463785,21.461142878668,31.6339090737872,29853.4425420208,26422.7746258236,-80.4063705554244,0
2295,2090,8.2706884249202,8388.00343355555,36.8166538609536,8.71969176257883,8.90091443557046,13.3952110855039,24483.9366185873,39732.4709612928,-1448.44569283103,0
2295,2091,5.91857796950158,2526.35249585588,36.712984624091,20.1006791105801,21.0349340259955,31.0211507284428,29850.2975201598,26410.5777876298,-139.096653130881,0
2296,2092,8.56610864656973,7784.33685155555,36.8166538609536,9.15452193375306,9.35701735211888,14.0665788482488,24484.4498630573,39732.7149534212,-1421.80467987464,0
2296,2093,5.80431918084727,2349.70397585589,36.712984624091,21.2286395789037,22.2536520190717,32.7725243708223,29829.508854628,26424.2043159385,-109.8889910506,0
2297,2094,8.30761799054455,7920.06106355555,36.8166538609536,9.05168238234705,9.24907444339883,13.9077771683319,24498.1371068467,39730.480713737,-1406.37386053616,0
2297,2095,8.00435456950335,5728.09204590817,37.1591329264496,11.2461279943199,11.5629930701301,17.2992704861351,24473.2304689797,39732.6801612791,-1399.28009877766,0
2297,2096,6.07712224541159,2580.97697585589,36.712984624091,19.7813507052673,20.6902919965286,30.525439673786,29846.4640966916,26415.9676215714,-124.150613263466,0
2298,2097,8.32360405859171,7966.69010555555,36.8166538609536,9.01706430727623,9.21274844388886,13.8543237311896,24488.3928779072,39734.7500577049,-1441.14364390904,0
2298,2098,8.25318464869084,5851.28346390817,37.1591329264496,11.0852577714631,11.3928407975334,17.0505039950846,24482.6769132065,39731.5568123453,-1448.25021552538,0
2298,2099,5.595549319912,1985.12962385589,36.712984624091,24.1517123072395,25.4206239614361,37.3136178598105,29836.5593370643,26431.4436910556,-138.355570046557,0
2299,2100,8.31571334237714,7631.25615155555,36.8166538609536,9.27437374816541,9.48287228921034,14.2516655486876,24502.2748851203,39737.5689224595,-1419.70145988408,0
2299,2101,5.68271527941857,2131.84480985589,36.712984624091,22.8614865962597,24.02130242096,35.3087987842591,29843.8857410086,26411.2105000042,-61.9310785432688,0
2300,2102,8.24764452470814,7924.29071679774,36.8664088869608,9.05039702644541,9.24789427947006,13.9058390403441,24492.9087752557,39733.8418062309,-1455.40149243424,0
2300,2103,5.50398015817608,2181.81460476681,36.7194103388151,22.4607555817305,23.5872007627404,34.6862679418654,29825.8967932789,26422.4374365161,-53.8103315345484,0
2300,2104,7.3787261576479,1483.00332441669,35.3716045890044,30.0544847952522,31.8281835953989,46.4874051476921,17493.6961649603,25760.8661430597,1184.58684598817,0
2301,2105,8.16490569123839,7869.24774279774,36.8664088869608,9.09170221645112,9.29124473813921,13.9696200210579,24498.5807157335,39736.6860238886,-1455.02806365085,0
2301,2106,5.88535091666818,2246.92346076681,36.7194103388151,21.9626578124264,23.0478555008064,33.9125452261368,29861.2438002685,26409.2800034664,-113.664976406001,0
2302,2107,8.27515033568729,5889.68301879774,36.8664088869608,11.0210456095919,11.323659188399,16.9508589817726,24476.3872094056,39727.2810072537,-1438.8568839044,0
2302,2108,5.82393593201881,2352.20774076681,36.7194103388151,21.2124912587962,22.2362515474055,32.7474640028792,29844.9850044605,26419.6949787748,-100.051816225021,0
2303,2109,8.14879570871669,8153.75758479774,36.8664088869608,8.88350438415516,9.07281108751223,13.6481535712944,24483.1055608737,39720.9956748044,-1431.90352146935,0
2303,2110,5.50538941244372,2713.56812265782,36.6053630044276,19.042969556857,19.8931365046799,29.379146612743,30140.215024429,25882.7737920178,-480.578621165756,0
2304,2111,8.19592853381599,8772.84236679774,36.8664088869608,8.47177391029135,8.64138643718684,13.0125740425277,24484.6676391066,39736.905437219,-1441.63979165667,0
2304,2112,5.28730718119132,2739.18436065782,36.6053630044276,18.910670044874,19.7505817099369,29.1738360923821,30125.755336645,25877.6479502963,-533.247346786728,0
2305,2113,8.16638085226421,9732.29492679774,36.8664088869608,7.92531180483462,8.06995135386198,12.1693316604087,24476.7973327927,39730.2275089984,-1450.27661550896,0
2305,2114,7.91358371414102,7291.54164875562,37.2336631138835,9.57331149097587,9.79856054537631,14.7138040246033,24458.0256776278,39735.2797924802,-1436.12900946822,0
2305,2115,5.49761675579581,3233.00728065782,36.6053630044276,16.7452942568012,17.422217700041,25.8148333962104,30143.9698554837,25876.3353386991,-572.034649329574,0
2305,2116,5.72123719464174,2726.76726664547,37.1585423352638,19.0437092299449,19.8986464720424,29.3815964706645,28141.4519419644,29019.3909583386,-883.280054827861,0
2306,2117,8.15408507264974,10095.0851727977,36.8664088869608,7.74246108466081,7.87905226597877,11.8872602353767,24481.3010529326,39740.7813035368,-1442.11914986516,0
2306,2118,5.58160893108567,3376.92516465782,36.6053630044276,16.2255950093404,16.8648725987333,25.0090692412321,30134.9887495192,25902.3897050601,-500.945073185935,0
2307,2119,8.14284099884136,8166.33443079774,36.8664088869608,8.87459599765923,9.06346883224765,13.6343997609398,24487.9535799543,39736.085494048,-1407.19195144558,0
2307,2120,5.26605273023203,2978.58495465782,36.6053630044276,17.7774102729201,18.5308388267396,27.4155555665491,30114.4406968468,25864.0618702618,-496.915193461713,0
2307,2121,5.5290341750429,2132.3348951234,36.955135290882,22.8975729949803,24.0628921207654,35.3655514241975,29189.582087863,34143.4750991254,-378.775339740555,0
2308,2122,5.79935712201503,2266.05443956854,37.1756873202863,21.891893524658,22.9757266646784,33.8038687158404,28136.7551958994,29027.7555221264,-868.674664552037,0
2309,2123,5.95705515555984,2357.6773914411,37.1580430558769,21.2399783731352,22.270145057555,32.7913044133154,28167.0076502738,29022.7036601966,-820.741479877722,0
2310,2124,5.967546635752,2373.82323142954,37.1995537175245,21.1365506774147,22.1586793858948,32.6307912155351,28146.1074975019,29034.0502663789,-893.870454161748,0
2311,2125,5.35008274108931,4453.44587787039,37.3940104577119,13.3898085479138,13.8398092624092,20.6168088010783,26004.3874787651,31581.3504211959,-532.918183290718,0
2311,2126,5.85723247430612,2376.59850742954,37.1995537175245,21.117863699687,22.1384710473511,32.6017710992969,28137.1242088704,29038.3934493235,-878.870235038049,0
2312,2127,5.38831941533184,4461.72765387039,37.3940104577119,13.3724275503881,13.8213003541151,20.5898968340496,25971.8557045138,31587.3394685414,-534.879335661227,0
2312,2128,5.55878197687197,2410.61964421161,37.1820415950631,20.889573544942,21.8914762179297,32.2472131265404,28136.3777030809,29022.3913934583,-807.913706851788,0
2313,2129,5.48794252029854,4729.71799587039,37.3940104577119,12.8399891032418,13.2547417205448,19.7656115091492,25987.1950342917,31600.3508148459,-535.332393658182,0
2313,2130,5.91793104743697,2193.75824668622,37.1810298323512,22.4412371779108,23.5706863451004,34.6572295709709,28184.9061929482,29045.5297135427,-985.019499445948,0
2314,2131,5.46264132526574,4318.40447187039,37.3940104577119,13.6817769543025,14.1508545074647,21.0689155821811,26013.7537593359,31587.1527842748,-555.057693675037,0
2314,2132,6.64702221938579,2001.24854418591,37.1778700714822,24.0838780444211,25.351976378598,37.2095798853242,28313.5782743542,29052.2406516747,-1119.42149046719,0
2315,2133,5.33644106167425,4575.82233387039,37.3940104577119,13.138815509663,13.5726141581967,20.2282058946913,25972.004606429,31578.011525269,-524.724239480225,0
2315,2134,6.21037088310769,1994.85876266049,37.19748535981,24.1470714320429,25.420782743639,37.3078483471589,28291.8969449831,29058.10310097,-1048.24828084018,0
2316,2135,5.39495192382728,4801.57810244965,37.3815396286396,12.7056061963419,13.1118163364059,19.5575879555599,25998.4023765585,31572.1351172249,-507.506128082507,0
2316,2136,6.19456867787705,2018.88912866049,37.19748535981,23.924377212823,25.1790648603081,36.9617594152444,28280.8943466665,29088.330001547,-995.404197676012,0
2316,2137,5.65378388702163,1548.89799425307,37.6464999730566,29.5751576092817,31.334727991221,45.7499498237017,25807.898238739,36510.0820445457,-465.491011839688,0
2317,2138,5.28016870178625,4798.69269644965,37.3815396286396,12.7108987594152,13.1174416793494,19.5657797892321,25987.0473933159,31581.8083985499,-501.307928577636,0
2317,2139,5.28047072230525,2791.06645828923,37.6769552433096,18.7798919832779,19.6186334392858,28.9733635871838,25782.04754351,36573.1441799564,-416.609695718384,0
2317,2140,6.26165195028036,2662.7420223265,37.1425455078894,19.3815652282783,20.2627863707282,29.9059294122607,28344.9200586839,28759.0804264872,-1139.52674754031,0
2318,2141,5.24428384517456,3930.53790644965,37.3815396286396,14.6206191633039,15.1525687465958,22.5231144051746,25976.094663928,31574.7167626061,-519.05206613758,0
2318,2142,5.14438740651883,1877.33139827812,37.6465345817049,25.3998292330822,26.7866262425168,39.2564546342537,25774.1237048553,36559.7929933695,-489.758076647734,0
2318,2143,6.39285198891059,2504.2649523265,37.1425455078894,20.292697014851,21.2461594300621,31.3203335598522,28361.8455249916,28719.8071563436,-1056.56506624946,0
2319,2144,5.4670407769924,4135.56664587039,37.3940104577119,14.1047223335689,14.6018611474809,21.7239549911854,25984.2341298898,31598.4785035217,-538.638620384998,0
2319,2145,6.25813327338249,2480.86808007068,37.1609590282218,20.4390259070224,21.4043880596458,31.547571639128,28342.2869638636,28733.4543552687,-1187.67629491433,0
2320,2146,5.51540664515051,3160.63520215657,37.3313781358099,17.0998743689096,17.8083166611315,26.3661997052934,24106.5715291649,32360.4189775319,103.27122936299,0
2320,2147,6.25116453021887,2603.07754169853,37.1641476640859,19.7152023537436,20.6229009135652,30.4238600446286,28310.6225020776,28761.8561528201,-1107.60866907671,0
2321,2148,5.90496438760277,3800.45617257825,37.3510957191338,14.9723820558734,15.5283239060019,23.0680902255671,24175.5730716077,32427.3894535666,183.703123953698,0
2321,2149,6.53181295139789,2560.96149865537,37.144457745453,19.9548216117727,20.8813466929853,30.7957876592735,28336.2079365169,28743.4633180112,-1089.84225574669,0
2321,2150,7.31936623182185,1879.71161364547,36.5268283447155,25.1610377361367,26.5146380852821,38.8817880831295,22865.7834832555,28902.3700715126,-1140.90912682512,0
2322,2151,5.87271360312754,2799.81499257825,37.3510957191338,18.6969995130234,19.526632135438,28.8439847542416,24161.3785155885,32433.3474219243,174.461314300994,0
2322,2152,6.59438469550966,2340.34908265537,37.144457745453,21.3570572728072,22.3966551763196,32.9730955227943,28337.0414232894,28708.5154804238,-1092.95581097538,0
2322,2153,6.43710868532268,1844.22772764547,36.5268283447155,25.5375963498927,26.923846749227,39.4671355381178,22857.0831325738,28876.4209142099,-1135.22052469525,0
2323,2154,6.53227024259669,2625.82806865537,37.144457745453,19.5848112446741,20.4820400726592,30.2214100604048,28341.8091644586,28733.2456864366,-1066.67020382921,0
2323,2155,5.83885500968548,1348.47863061933,36.5033221538387,32.7611361275987,34.7994376979458,50.7032961218095,22761.7284444722,28821.9767549517,-1087.15577173658,0
2324,2156,6.20476820161913,2284.09467865537,37.144457745453,21.7553863440177,22.8276626913382,33.5917549370064,28360.8157430255,28771.0688122576,-1056.90988950026,0
2324,2157,6.69055238248323,1528.23281661933,36.5033221538387,29.6192604932214,31.3683659343086,45.8145176707922,22808.0446062835,28879.6500641338,-1043.32254097483,0
2325,2158,6.67200292382273,2321.72817145528,37.1621287571734,21.4895379294314,22.5401470179782,33.1788953978456,28353.0313558782,28762.0674631673,-1087.62438681013,0
2326,2159,6.39036840692166,2595.45654569853,37.1641476640859,19.758492139045,20.669616214919,30.4910594349486,28328.8244952106,28740.3124890577,-1091.41115691962,0
2327,2160,6.79830317467572,2609.47583545528,37.1621287571734,19.6787764844703,20.5835775082287,30.3673114368141,28358.1913903455,28736.5785984626,-1236.03413826691,0
2332,2161,6.01048521212971,3557.80461165516,35.4309863220129,15.5182361117368,16.0991382275636,23.9103854771556,15443.9446005748,38336.720727373,90.9090044460928,0
2336,2162,5.5079413262749,1325.92435975753,36.078873387982,33.091987617797,35.1551746842196,51.2165481694958,29353.3911420494,23322.6513282044,-227.239699819418,0
2337,2163,5.49465926276169,3113.18482050503,37.4262810311814,17.3000497500046,18.0240965639198,26.6768659356435,20731.8670151913,36586.147112078,-286.733327533016,0
2338,2164,5.37363983880106,5082.88189650503,37.4262810311814,12.2185998808125,12.5947854068214,18.8039633225929,20728.0368101799,36589.9774430854,-306.637673915106,0
2339,2165,5.52529687011528,5329.11055050502,37.4262810311814,11.8283163183699,12.1807987878969,18.2001119301052,20755.0316260857,36605.5259488716,-348.847235491317,0
2339,2166,4.61095913051224,2571.6745561934,37.7028779542658,19.9667888055461,20.8991910414129,30.8157278938387,23138.8109414921,37196.2198273987,483.109251852176,0
2340,2167,5.56827044264037,5102.10388421644,37.3600908048839,12.1828591728502,12.5565241513578,18.7485684986139,22859.5434216741,38041.9540271454,-80.6537886362269,0
2340,2168,5.38885402470688,4458.8595608949,37.3461783952837,13.3750320826717,13.8238059270266,20.5938557691673,20715.2331350465,36593.5338674505,-318.146201645986,0
2341,2169,5.43793359348295,5015.82804221644,37.3600908048839,12.3267367057267,12.7092422967649,18.9712056787735,22876.2948931574,38054.1294437428,-107.59095971953,0
2341,2170,5.38497821009484,3621.63196524098,37.3233145685426,15.4949481973334,16.0872067483679,23.8778731040092,20714.5849075083,36595.1606635648,-293.253987896383,0
2342,2171,5.43576455326131,4818.16671821644,37.3600908048839,12.6738897461157,13.0779951606218,19.5084667707789,22870.1889079041,38049.8528279233,-75.2127842439946,0
2342,2172,5.34853146558024,3881.3818928949,37.3461783952837,14.7490152271006,15.2895333451414,22.7219825602304,20725.6419218899,36589.6781743501,-297.333590772218,0
2343,2173,5.2725066047896,2880.1239848949,37.3461783952837,18.3091995272871,19.1089386950196,28.242219918716,20739.2939261645,36599.7523052494,-300.198272084369,0
2344,2174,5.32993268906818,2892.9210908949,37.3461783952837,18.2493558639993,19.0445139014998,28.1493670139668,20725.0172933807,36599.8553728033,-325.269775987347,0
2345,2175,5.25396682451672,3070.6929368949,37.3461783952837,17.4662885774881,18.2021548083064,26.934549452707,20721.4677459788,36599.7052003922,-300.685325494904,0
2345,2176,5.45350361725618,2233.34198330949,36.2112972149159,21.9841575459981,23.0660668549375,33.9445377771866,14154.5968171464,35121.2547305953,159.415923484815,0
2346,2177,5.38513005282013,3420.8843108949,37.3461783952837,16.1464687980858,16.785317378835,24.8878504078212,20732.2438291391,36582.3924988108,-273.105626785874,0
2347,2178,5.48612116893252,3346.3923788949,37.3461783952837,16.4057383505719,17.063341654242,25.2898258307641,20721.4819751056,36587.4219646149,-250.696227299838,0
2348,2179,5.20305803101589,3217.5402788949,37.3461783952837,16.8803985653449,17.5727282335438,26.0258549862925,20742.628057367,36583.5176857634,-301.856073083191,0
2349,2180,5.4587477095119,3126.6169508949,37.3461783952837,17.2371341617041,17.9558858100091,26.5791150171779,20724.9234127649,36582.9607632177,-260.784077205181,0
2349,2181,7.89843642681546,3075.00332169747,36.842424401328,17.3935063495804,18.1200548068119,26.8205881126878,21650.0946565499,31279.1152072544,-1420.85094538584,0
2350,2182,5.34371741104058,2858.65116379903,37.3248970816653,18.4082260567834,19.2153882147412,28.3958251441293,20739.9907985584,36596.5158186126,-298.321510755054,0
2350,2183,8.39177914249796,3007.16756906327,36.855615166232,17.6814219569549,18.4296176247965,27.2672051098769,21652.05159165,31271.2979217415,-1475.03171159039,0
2351,2184,5.31120459819195,3199.56203765586,37.3082149042422,16.9454999622051,17.6423494234467,26.1267371638843,20706.6203211484,36583.9860578444,-247.965896589791,0
2351,2185,8.21233561510217,3094.22542537195,36.8242831127184,17.3124998584151,18.0328784188156,26.6949084100611,21640.8489327929,31265.6465229492,-1430.67512729875,0
2352,2186,5.53681983113955,3161.44258579903,37.3248970816653,17.096004934361,17.8041117773701,26.36018513501,20724.050007137,36580.0768577021,-293.667085527669,0
2352,2187,8.56181476970262,1701.99903500249,36.8777166483885,27.2724084715594,28.8152545270482,42.1655784293672,21702.2111411402,31294.1321963123,-1402.45084336048,0
2353,2188,5.22996558843384,3283.13623579903,37.3248970816653,16.6322969074671,17.30625853293,25.6410776117322,20735.4629131312,36579.3838645303,-284.750515500742,0
2353,2189,7.7051561252436,1604.97450500249,36.8777166483885,28.5709427680283,30.2299615486384,44.185135067773,21652.8140951038,31286.6316919019,-1501.54395051728,0
2354,2190,5.36690171186014,3260.53000565586,37.3082149042422,16.7143111835379,17.3941558764592,25.7682202901899,20714.1399703126,36579.7037385659,-262.253658607768,0
2355,2191,5.33090056747079,1541.03381779903,37.3248970816653,29.6194069271556,31.3789870698735,45.8176667412562,20711.3580734914,36564.1412307794,-267.007591589653,0
2356,2192,5.26788687330256,738.26372844034,35.9818305624946,54.0968209035784,58.2172287857488,83.9366399331408,29413.5167913289,23327.590955236,-206.250207416679,0
2358,2193,6.89926690335435,1537.53566516612,36.7032067463779,29.5241451269133,31.2671777177466,45.6672676881647,21379.4564977087,30743.4752393108,1055.18154767417,0
2359,2194,7.29373596787846,1555.44280316612,36.7032067463779,29.2523465393205,30.9707256133892,45.2444531404848,21379.6639587003,30706.1527266564,1148.78215095067,0
2361,2195,5.78479604771806,1186.52528317695,36.5980392038243,36.4081666741347,38.7918401875744,56.3809075837365,20935.2250112633,30521.3190898957,-68.6075233027664,0
2363,2196,5.58255618836109,734.926205176949,36.5980392038243,54.6517378658084,58.8399116163368,84.8048953060123,20972.6198597625,30568.8384394204,145.171941870128,0
2365,2197,5.8907551776095,967.454687176949,36.5980392038243,43.1733924245396,46.2130778857764,66.9174044791649,20920.5038131173,30496.5138926252,27.863042110011,0
2395,2198,5.38320834312985,1940.24832799012,37.1392085746879,24.6619530610492,25.979245317165,38.1079153971612,19313.7081054848,34786.2291708903,-419.336553116876,0
2396,2199,5.32869145339679,3758.80299199012,37.1392085746879,15.0722375702168,15.6337257209516,23.2224451070822,19314.4386959626,34815.8728924916,-392.263512546259,0
2397,2200,5.20628986843856,3760.03644799012,37.1392085746879,15.0687097899466,15.6299533309401,23.2169785185898,19303.1956864933,34817.8718872165,-367.00800312087,0
2398,2201,5.50480466925747,4133.94737372809,37.1539943596823,14.0899747951179,14.5846902402114,21.7007166509972,19549.135703722,34739.5636950668,-610.115159806895,0
2399,2202,5.44014674659603,3677.12843175058,37.1816824352541,15.3144443762957,15.8930829791443,23.5978629444655,19579.5669431074,34710.1249918766,-652.720423991386,0
2403,2203,5.5563801400316,6886.69876312739,37.132244719986,9.93772409051735,10.1817138526374,15.2766977514698,20959.2139559711,37202.6462136142,69.3551681509312,0
2404,2204,5.69986807672778,6792.73584712739,37.132244719986,10.0288262955217,10.2776746586981,15.417467420366,20973.0340244818,37200.5399685459,80.8922187576541,0
2405,2205,5.33738621774215,2163.41006151197,37.251181377104,22.6932178054231,23.8444138962221,35.0488902497522,23777.366023393,37166.2821030851,-790.109814691411,0
2406,2206,5.49042140674418,3414.94940751197,37.251181377104,16.1575792387666,16.7965601626575,24.9048911235064,23767.0619236892,37192.7273540848,-798.696703810731,0
2408,2207,5.52256870195912,2790.56871282119,37.349046731907,18.7426703763256,19.5758205892805,28.9148533375784,23144.8900547542,36626.3057430902,-855.030593105942,0
2408,2208,6.296685963826,1048.46749049018,33.824676286408,39.3042581568816,41.9209201616885,60.8779259991815,19782.576363518,18112.302200103,696.222245058863,0
2409,2209,5.56498173475732,2612.20216482119,37.349046731907,19.6878842780677,20.5950375474109,30.3819006336546,23153.326845096,36580.1824242085,-795.75820016673,0
2410,2210,5.62286908912978,3403.6691881123,37.2794584307896,16.1989945831001,16.8411597809148,24.9691540144176,23146.8670171284,36604.721998079,-811.824939610947,0
2411,2211,5.66899335635089,3834.2334361123,37.2794584307896,14.8722140659094,15.4207801402162,22.9127530903298,23128.7605413401,36593.5899893802,-853.092558770501,0
2412,2212,5.57602293362351,3275.05893562527,37.2632624468331,16.6558497248622,17.331085499213,25.6774758419029,23161.5650872461,36607.0072318617,-880.530342503233,0
2413,2213,5.30814480305235,3120.17210362527,37.2632624468331,17.2542925543555,17.9736939022691,26.6055545715874,23125.7591641249,36613.5178733547,-851.117568857364,0
2421,2214,6.62099460334136,2026.63216731779,36.4209318387187,23.7173373605666,24.9461663228269,36.6377311935784,23218.2851683895,28966.6443815617,-1093.58659910543,0
2422,2215,6.41519678614766,1775.24914651296,36.4378370160436,26.2924534948784,27.7435818997944,40.6403796068764,23258.5557838818,28951.2979188805,-1237.31381470949,0
2423,2216,6.85137606362483,1578.02335798616,36.7646972892511,28.9324493550231,30.6226654775212,44.7470545431709,22383.4643580269,31049.1937219774,-1118.35337570151,0
2424,2217,6.44992669311099,1496.49351195462,36.7827064613334,30.1904359130589,31.9951947949995,46.7041242386025,22393.8031209556,31042.5901708713,-1243.0750471017,0
2426,2218,5.97094155301546,2822.07387484714,36.726974100478,18.5126482530833,19.3229146286484,28.556495689078,22882.7572843489,30498.6208039593,-930.265882064339,0
2427,2219,6.096581425494,2698.84622488632,36.7125945351865,19.1336684213345,19.9918080063366,29.520159027527,22918.5933305371,30518.6803447991,-1037.2194568724,0
2428,2220,5.99001585930832,3096.57918808338,36.7576279015437,17.2956649044947,18.0142792634165,26.6686564214812,22871.5868069259,30528.2795607495,-938.912775976326,0
2429,2221,5.82661403593134,2940.60360088632,36.7125945351865,17.9580370154023,18.725944425438,27.6959934691085,22863.4318519811,30499.525676188,-986.267545837574,0
2430,2222,6.34613825626912,2911.84736741462,36.7555872298401,18.0933079473789,18.8718102411645,27.9059444017137,22880.0518643856,30549.4327943677,-1024.42448014298,0
2431,2223,5.80136188392013,2648.28398497702,36.691841408361,19.402172398406,20.2810996608201,29.9368336331977,22889.1933295632,30500.201150636,-967.966461905522,0
2432,2224,6.11923262721995,2832.71010757061,36.724063902513,18.4609169320133,19.2671937471884,28.4762216726452,22876.7181247168,30504.4658956152,-937.650964741292,0
2433,2225,5.4697971050053,2288.69620975888,37.0256708359946,21.7040014664359,22.770900200618,33.5116252504516,22729.9351598231,32260.3191046155,-723.797327840964,0
2434,2226,5.43367817523307,2185.41897242372,37.0401138328474,22.4840807694118,23.6156926949943,34.7233970668565,22740.3404026358,32319.9863328711,-704.158807744676,0
2436,2227,5.46049566271211,3778.2317002123,37.0404421319238,15.0084050239007,15.5648313556087,23.1233561155895,24772.1557748625,37676.1493945495,-275.506414931567,0
2437,2228,5.31044933045581,4017.5882422123,37.0404421319238,14.3678822176822,14.8805588808003,22.1309962548113,24782.9813570135,37680.4041506995,-247.778596327303,0
2438,2229,5.56180385229856,2853.4700902123,37.0404421319238,18.3992436511305,19.2033980890128,28.3812474883059,24760.0365136425,37660.7975120512,-316.963708743447,0
2439,2230,9.69875161398838,2397.14474480866,34.3337247319307,20.5609135396216,21.5091758180427,31.7293837949492,33379.1866422128,11650.1292367174,-1078.57475150043,0
2462,2231,6.447747192869,2814.77102476075,36.2562487471441,18.4911260873796,19.2958151647964,28.5220170699423,22191.7648849783,28590.5395379007,290.526221083647,0
2464,2232,5.6844648274376,2865.18063859104,36.784471310792,18.3134169328217,19.10891081623,28.2475023815786,26342.0150093856,29392.2506733265,-451.193682651433,0
2464,2233,8.17483061822786,1720.14501671555,33.5945584069649,26.3390569436463,27.7594022823057,40.7031384385832,25520.6839379159,12117.9152681598,-1453.05328427924,0
2465,2234,5.50969965878982,2499.35080459104,36.784471310792,20.2732561916235,21.2219151844483,31.2892521273267,26342.0514466981,29371.1763647615,-368.854135003649,0
2466,2235,5.3178924140983,2425.36547059104,36.784471310792,20.7368074164106,21.7226624982151,32.0089749541118,26354.560591407,29400.2685071171,-400.175621014505,0
2466,2236,7.95649887230529,1353.76453271555,33.5945584069649,31.8341822158586,33.744926970599,49.249131862573,25531.7854156835,12136.2910599156,-1419.86013426035,0
2468,2237,6.24137632496169,1290.98651328989,36.4801800013423,33.9373236612191,36.085343407019,52.533878950044,24936.8650430864,28431.0440917631,-948.701873691297,0
2470,2238,6.48209586901266,2058.097136502,36.7435966001852,23.4934723817562,24.7067802325,36.2908238244868,25426.4059841846,29388.4514856514,-997.42836301181,0
2472,2239,7.7169843284553,1444.75426137239,37.1322914756666,31.1468282771401,33.0439615509644,48.1934880983408,26515.6218650495,32339.0811648337,-1418.23641121942,0
2478,2240,5.45790541081475,1256.24560401238,34.8451874479917,34.202454830841,36.3513482226755,52.9398352140571,20902.384202399,20610.3727736343,-121.288728399449,0
2479,2241,5.36937778851016,1200.43502507605,34.8229470149791,35.4884388830385,37.7578736132206,54.941471654785,20902.4153803386,20581.329725254,-158.810730058453,0
2480,2242,5.39229432314025,1112.57769274586,34.8651170647526,37.7931792503664,40.2822872839806,58.5298547606942,20890.1526760287,20593.9050772458,-93.2524310176303,0
2481,2243,5.86891479573632,2027.11901822265,34.5414726838891,23.3786228470293,24.5584149691484,36.1057629400956,19686.0184330998,19652.2959636574,480.892952317769,0
2482,2244,6.29518617028372,3082.56669091001,34.5920507279584,17.1145822945399,17.8028254615338,26.3831391548795,20009.4307074423,19744.7237505042,514.324173351373,0
2483,2245,6.19572873299456,3115.52375120416,34.615772194321,16.9858187785217,17.6648979853206,26.1835436231333,20107.7316993859,19781.4344550269,552.547844269068,0
2484,2246,6.3317335032904,3222.54808520417,34.615772194321,16.5762830520509,17.2258508904715,25.5486247069386,20104.606864954,19773.7442900984,571.8863309883,0
2485,2247,6.16989289570144,3448.42471520417,34.615772194321,15.7893282089532,16.3832604817279,24.3288763590977,20126.309656893,19783.3955120266,574.625724742023,0
2486,2248,6.07749488978173,3234.81656720417,34.615772194321,16.5309391867111,17.1772625596945,25.4783327785574,20117.7838419665,19786.8999390271,535.495204311113,0
2487,2249,5.95585995187756,3254.35362920417,34.615772194321,16.4593830850039,17.1005959169091,25.3674093487822,20112.1455223894,19767.3421108237,549.705763158342,0
2488,2250,6.12838733290334,3353.58075920417,34.615772194321,16.1078557610699,16.7241330614144,24.8225329851802,20111.5291759498,19780.1448956548,544.233829693893,0
2489,2251,6.30013645216099,3266.53400720417,34.615772194321,16.4151716277044,17.0532326967744,25.2988761184728,20103.1835306809,19775.5167510073,581.321402811061,0
2490,2252,6.27870494201901,3445.30308020728,34.6261700071696,15.8005750265606,16.3953684676562,24.3463266550645,20108.2404146247,19770.0908021353,532.078292236726,0
2491,2253,6.34639846539982,2690.56016420728,34.6261700071696,18.9092181499434,19.7317017286015,29.1668013617512,20107.5638669883,19801.1059556293,564.876946559094,0
2492,2254,6.44145826350898,2933.51534321415,34.6537178578182,17.7500725851536,18.485512715423,27.3687533055032,20122.9462333331,19818.3860517509,545.729530625265,0
2493,2255,6.43678891425857,2989.68164321415,34.6537178578182,17.5063639639464,18.2237941810076,26.9907977532353,20095.8193319208,19812.2608244794,554.247276372711,0
2494,2256,6.09769030687586,2802.57584407362,34.5448690206548,18.3398858411774,19.1184661544394,28.2833435560493,19860.9229053371,19596.4625852864,482.331194930652,0
2495,2257,6.13968507870611,2646.65379007363,34.5448690206548,19.1296845089942,19.9683190813793,29.5086746060783,19854.5778707212,19588.7792275589,502.733691087352,0
2496,2258,6.22076390806996,2879.05011607363,34.5448690206548,17.9817271428966,18.7334728512127,27.7277907062266,19863.80052809,19582.5433165543,490.191480912768,0
2497,2259,6.16216815209035,2781.73924807363,34.5448690206548,18.4406466912994,19.2268220593186,28.4396500964592,19841.0539191679,19589.2878186983,516.657399478521,0
2498,2260,6.09328616825931,2819.28510734629,34.5141568897046,18.2562985660844,19.0283270406262,28.1536084568085,19877.048218992,19487.238809009,547.215429944923,0
2499,2261,6.64370189009518,3297.30760542019,34.5093000615875,16.2938289928388,16.9224514722158,25.1105628169097,19948.9358189245,19201.954879989,726.25075585934,0
2500,2262,6.51761388236469,3468.58539346602,34.5270722543175,15.7150477444469,16.3031563506607,24.2135870896507,19928.3660251581,19190.5311371539,743.711835997381,0
2500,2263,6.47025325602377,1960.02918994043,35.1308841929293,24.0996717192984,25.3466926649985,37.2278994269983,22552.6687953871,21163.2558332871,-1212.4964926542,0
2501,2264,6.56744818756137,3183.26058946602,34.5270722543175,16.7141347873177,17.3728987855638,25.7621381322801,19947.2472603841,19180.5458838871,735.787825295821,0
2502,2265,6.59916261813297,2921.72386546602,34.5270722543175,17.7873522976067,18.5244926655447,27.4262776465847,19952.3512895954,19185.3827215813,729.893343573843,0
2503,2266,6.58939079460674,3103.15202746602,34.5270722543175,17.0250386322846,17.7062527340502,26.2441571086861,19943.6813044396,19189.5493153035,727.661040558213,0
2504,2267,6.53124647350024,3001.10556946602,34.5270722543175,17.4432931232615,18.1550401260774,26.8927024513971,19974.5756934522,19222.1064857076,730.209709502061,0
2505,2268,6.74202645924392,3117.31940476107,34.5854385921341,16.9753983864336,17.6534800517834,26.1673204797078,20082.3262942095,19435.8751374289,913.952687014184,0
2506,2269,7.10377965912641,3530.36282445796,34.5583937117997,15.5213747962449,16.0962856935439,23.9135384812759,20079.630189102,19426.2465553186,906.964481389817,0
2507,2270,6.25712089458015,3847.14248437706,34.4988910994763,14.5990281772258,15.1108867155186,22.4845355613366,19823.7523738109,19289.6426545667,511.564637410059,0
2508,2271,6.09104219661644,3972.47042437705,34.4988910994763,14.2734674739614,14.7637502732135,21.9803280135802,19819.2080244582,19302.015876875,535.097089050132,0
2509,2272,6.29886170574714,4015.59733237705,34.4988910994763,14.1657356125309,14.6489417081917,21.813497175296,19820.4926396905,19303.4788535956,510.336784430423,0
2510,2273,6.31956171477849,3780.71837408024,34.501627224801,14.7798024446395,15.3037814001033,22.7645457927154,19812.108250376,19271.2126136263,533.10849104585,0
2511,2274,6.35337624838099,3160.84065608024,34.501627224801,16.796921555992,17.4614415928006,25.8904278222678,19812.50506966,19285.005469002,531.525281282762,0
2512,2275,5.12447114357546,1611.19305846905,34.5787132240661,27.953217055367,29.5277805166668,43.2162759444709,23757.6652306397,17077.6918255113,-638.177278221003,0
2513,2276,5.35140644548073,2626.19233275393,34.617524357743,19.2495253602253,20.0980410580552,29.6948140617343,23744.2260507936,17092.9837714409,-665.472100491051,0
2514,2277,5.05605771536987,2192.36396934685,34.5587409086071,22.0272214173757,23.0956680022344,34.0067152630752,23612.6065095807,17132.4313609234,-666.431449699937,0
2515,2278,5.34978445213381,2804.95627163092,34.6539966698848,18.3419909248799,19.1216792933438,28.2868710835049,22436.1215230707,18083.4738244021,-613.691250356531,0
2516,2279,5.3401519866833,2911.50708952048,34.6177515358781,17.8436756631116,18.5857622677684,27.5138430658474,22438.2027422325,18080.7547954708,-649.870920894932,0
2517,2280,5.22098362483839,2295.42640000416,34.8337483818447,21.3187700553134,22.332597797244,32.9073668530691,22940.3315247992,18674.2215268107,-676.717799383693,0
2518,2281,5.80285015002379,6290.12717370788,37.0750304580191,10.5542205812446,10.8314683534109,16.2294016435783,29826.4696507186,31315.8871150495,374.972817112816,0
2518,2282,5.60463322118,2139.15193000416,34.8337483818447,22.4881608007845,23.5973073320605,34.7234158197142,22932.1668163488,18687.1987974047,-662.407952506418,0
2519,2283,6.01137817623577,6487.98673170788,37.0750304580191,10.33769853908,10.6030251902335,15.8947329487577,29823.9432492785,31325.792611799,349.66796437324,0
2520,2284,5.89563359675194,6582.78762092947,37.0926827052373,10.2388890436327,10.4989042308815,15.7420427992895,29842.4102778494,31336.5300329573,379.488416109248,0
2520,2285,5.50243932742584,2063.85019656424,34.8078403807859,23.1066806740007,24.2667563113672,35.6841162512346,24933.6687653454,17476.3388396645,-327.924621108618,0
2521,2286,5.79024855755581,10263.2441169295,37.0926827052373,7.66789637508484,7.80185749143276,11.7724146694872,29834.4463126507,31336.3482260931,401.334362318646,0
2521,2287,5.05864999664546,1887.64219656424,34.8078403807859,24.7476735104838,26.0460535956057,38.2338470452385,24978.0593886105,17472.0256564479,-311.92717163998,0
2522,2288,5.66500708885559,10050.2747229295,37.0926827052373,7.77093872767103,7.90939111815282,11.9313589875441,29834.2524277062,31340.114650703,399.235361803557,0
2522,2289,6.69638642535229,1611.86191194831,36.6531807562414,28.422616015103,30.0655059569038,43.9536505222373,32278.5415675242,29404.0815750616,-15.4903868795769,0
2522,2290,5.48382391669544,2068.54173456424,34.8078403807859,23.0666197606528,24.2233628981619,35.6218831542322,24935.7050789781,17469.2935711165,-297.752430940281,0
2523,2291,5.81040982515558,9715.50154892947,37.0926827052373,7.94082861269446,8.08679569455473,12.1934467099666,29824.8758536807,31329.836916014,402.335934246496,0
2524,2292,5.80098401903842,9450.94726292947,37.0926827052373,8.08247358110104,8.23480905107236,12.4119895010699,29832.1161107882,31335.7784978041,421.518627389722,0
2524,2293,5.35468254888758,1693.48300656424,34.8078403807859,26.9303286445058,28.4176154474359,41.6266116363009,24930.1397285652,17498.0642941806,-301.111069954866,0
2525,2294,5.70044676228623,9323.02025492947,37.0926827052373,8.15347678691429,8.30903940104609,12.5215492808248,29827.5271792223,31326.868800804,419.011706240769,0
2525,2295,5.16832250029023,1741.89615456424,34.8078403807859,26.3426609866294,27.7785722945038,40.7129817331844,24903.8133850813,17492.5463008099,-297.367332741219,0
2526,2296,5.75809837320995,9810.94020692947,37.0926827052373,7.89136748130892,8.03513276669246,12.1171395909661,29825.7149332709,31334.0675470974,411.153018420883,0
2527,2297,5.7417811845954,9419.07564092947,37.0926827052373,8.10000573250298,8.25313589952342,12.4390414734599,29832.3065676486,31331.5080787571,411.048511729608,0
2527,2298,5.29833959294058,1806.89488056424,34.8078403807859,25.6010361302781,26.9726414147884,39.5601506259449,24943.1487511821,17479.1729082504,-227.810704399221,0
2528,2299,5.80835426239899,9393.34927292947,37.0926827052373,8.11423317406147,8.26800928048221,12.4609945891125,29827.1326698519,31330.3722542502,408.191890063439,0
2528,2300,5.46113090475651,1620.92936256424,34.8078403807859,27.8738006025135,29.4443024650941,43.0936110968843,24936.4957036154,17495.3186969944,-301.484127569205,0
2529,2301,5.79835009141868,10068.4681989295,37.0926827052373,7.761988106097,7.90004836349964,11.9175519740479,29828.8489590676,31333.1190495075,407.601642458822,0
2529,2302,5.05632377122356,2086.18456056424,34.8078403807859,22.9174960898313,24.0618534812804,35.390230693175,24937.5165635038,17533.0668792947,-307.994705742561,0
2530,2303,5.78785367983303,7172.26681642419,37.1145471523172,9.67315828767083,9.90315695681691,14.8679272054068,29757.5259415181,31314.0132189465,407.234947240036,0
2530,2304,5.13706335023831,2003.26557858051,34.7880043051408,23.6363675973822,24.8404856352778,36.5069604474575,24944.7658290973,17494.8048528822,-261.671872512972,0
2531,2305,5.72916495967246,8414.92968442419,37.1145471523172,8.71203290436972,8.89384371201414,13.3836520648015,29754.1121545284,31308.8672137278,431.743771339745,0
2531,2306,5.12405513336688,2016.19484058051,34.7880043051408,23.5200361314146,24.7144018636981,36.3262225996747,24960.5525368549,17503.3071784629,-296.035307693095,0
2532,2307,5.78238203374281,8143.61341642419,37.1145471523172,8.89973760363381,9.09065516702156,13.6734429483638,29762.0705571136,31323.9468060799,413.389641192123,0
2532,2308,4.79221134883891,1769.74592658051,34.7880043051408,26.0143859355235,27.4215160875603,40.2026004867717,24930.8476710487,17501.2343874682,-325.71879297911,0
2533,2309,6.02296501536264,5592.60614842419,37.1145471523172,11.4279121555064,11.7551687174934,17.5803508981243,29747.2205172411,31309.6281183976,405.817449321718,0
2533,2310,5.68297008019583,4957.38738796176,37.171402419732,12.414822871073,12.8018087164087,19.1072540534665,28579.4968510256,32593.0450271939,140.452927080914,0
2533,2311,5.25319278802954,1883.84060658051,34.7880043051408,24.7824234266911,26.0835366788553,38.2877864946825,24952.444027692,17472.2313194668,-293.757724538522,0
2534,2312,5.95293787829019,3992.80276996176,37.171402419732,14.4415347205464,14.9599981837807,22.2453140592582,28563.0561803393,32591.7626950958,89.8972699316185,0
2534,2313,5.39599757221297,2003.70609858051,34.7880043051408,23.6323805732221,24.836164078017,36.5007659424433,24901.2304144955,17504.3975856962,-245.034831956498,0
2535,2314,5.04683742634715,2028.79371258051,34.7880043051408,23.4080305023999,24.593023377756,36.1522103469435,24921.9039095399,17484.4861429123,-276.41158137535,0
2535,2315,5.83013638879539,2405.63123596176,37.171402419732,20.9207647782341,21.9250967991938,32.2956213266134,28547.9087902582,32568.9908698638,109.066223359171,0
2536,2316,5.42298431965539,2449.68724138579,36.9976434340533,20.6116410452811,21.5893878807668,31.8151733289721,28327.5290366217,34662.8264715979,-406.935393637214,0
2536,2317,5.50381643036593,2120.04743058051,34.7880043051408,22.6344856628807,23.755208305416,34.9505600641665,24976.2081512877,17569.7919641747,-325.720297693547,0
2538,2318,4.94855610001882,2510.02189932091,34.8360040012837,19.9377754641558,20.8418084055931,30.7634821788376,25037.0651299727,17717.1663514638,-380.316944545908,0
2539,2319,5.13483793396471,2432.0939113209,34.8360040012837,20.4128977748068,21.3543584118071,31.5009742906753,25084.7267404349,17711.1943680841,-398.246411885776,0
2539,2320,5.3304099793232,889.991264117632,35.9225991453353,46.0398395730074,49.3511952004281,71.3800471391874,26190.8892376668,24675.6655002851,392.525074914188,0
2540,2321,5.2837808809626,2298.62574632311,34.818998324531,21.2941098061698,22.3058005075451,32.8690348085338,25067.1905404743,17717.0520298566,-404.00565548072,0
2541,2322,5.11721808034624,2749.60809632311,34.818998324531,18.6335431019878,19.4367346627617,28.7395667885342,25066.0291568511,17721.7493106607,-399.045337465068,0
2542,2323,5.27239135687738,2415.62785832311,34.818998324531,20.5144760516842,21.4638221644437,31.6586137200046,25043.5639116812,17729.8191033729,-449.482644791256,0
2542,2324,5.83660927286462,1568.68106516088,35.9489087274842,28.8770773440006,30.5519350987961,44.6580336613742,26210.1014712435,24722.7953194955,350.185059284553,0
2543,2325,4.96880966104286,2493.02722232311,34.818998324531,20.0366090934502,20.9482344044064,30.9168396907696,25048.2757702073,17740.2946961139,-420.162879000761,0
2552,2326,8.27857095622973,1982.7764953816,36.429720859392,24.1227696971282,25.3861425401356,37.2677868377988,33148.0109766121,32834.4430204523,1097.306337417,0
2553,2327,7.82380163741273,2615.9358913816,36.429720859392,19.5462985666894,20.4342184055024,30.1598957733158,33204.5396018066,32798.1310166344,1148.31945066598,0
2561,2328,5.38422521993858,2835.75641747963,34.910965808167,18.2270416985058,19.0002924203882,28.1091692055816,19156.3156151324,24462.7655330071,-379.943376976939,0
2562,2329,5.54803128219577,2147.28973547963,34.910965808167,22.436245713558,23.5419389848213,34.6430077144337,19167.0258352994,24447.2900032308,-458.554674993492,0
2563,2330,5.38767288972016,2245.87811147963,34.910965808167,21.6851991048889,22.7294694267036,33.4765841771745,19177.2959812303,24442.3029781909,-439.290589601553,0
2564,2331,5.47488666405843,2173.63283147963,34.910965808167,22.2292663457093,23.3179500286035,34.3215322228278,19174.0834123404,24453.915317509,-393.218213684769,0
2564,2332,7.65960331006768,1705.39993170194,36.4581649117166,27.1396593400848,28.6657002180294,41.9577472984414,33176.2204158269,32791.9509917067,1182.57613332435,0
2565,2333,8.11435773273146,5112.27148170194,36.4581649117166,12.1108542564835,12.4756152596911,18.6359134104226,33150.4162674791,32832.2017281779,1121.90457863867,0
2565,2334,5.41586135211265,2130.70415747963,34.910965808167,22.5690404830509,23.6856790342829,34.849270553077,19181.7893995124,24424.7560425289,-446.638423560037,0
2565,2335,4.57433846764236,4673.65859018158,36.4112156215849,12.8800548669716,13.2920359495091,19.8261680526303,32424.9780348503,33237.9088716756,205.222431732203,0
2566,2336,8.26396890381716,4915.53524970194,36.4581649117166,12.4418832325765,12.8268486631878,19.1481128677367,33157.1166252396,32833.0304810905,1153.75713041459,0
2566,2337,5.35140399279515,2302.79329547963,34.910965808167,21.2792941305934,22.2907193384557,32.8462870184158,19207.6766836882,24433.4503481299,-393.619914206978,0
2566,2338,7.82596798839959,4410.03394755909,36.4582568855216,13.4140811984409,13.8603423238708,20.6529276898845,32611.8264490001,33557.1306246246,-148.460952773278,0
2567,2339,7.83513633350413,4322.92571970194,36.4581649117166,13.6023722234397,14.0608280367529,20.9444625275555,33159.2631998494,32822.1318457027,1149.01516040438,0
2567,2340,5.6152520481484,2086.36581947963,34.910965808167,22.9338398480235,24.0806733066817,35.4159294971261,19212.6412122512,24457.9704394966,-403.787926063566,0
2567,2341,7.66432093356852,3899.69955914133,36.376008527143,14.6188873048929,15.1443650233015,22.518681013216,32598.4272190464,33537.4038561011,-95.8569667322118,0
2568,2342,8.05127065095734,5296.27668570194,36.4581649117166,11.8214011945564,12.1687852136424,18.1881236993447,33145.5150843192,32805.5222993798,1171.12559823442,0
2568,2343,8.14351154661454,4801.34786355909,36.4582568855216,12.6452382338157,13.0427873831088,19.4628102358356,32668.6922383284,33534.1460287034,-206.967955600506,0
2569,2344,7.72353675927153,3416.46771570194,36.4581649117166,16.075611056537,16.7030891839814,24.7762702102232,33191.5773885739,32809.7234795804,1181.83690229788,0
2569,2345,8.64368470597695,3047.99539948971,36.423979687165,17.4599018795291,18.188136465222,26.9226693026401,32708.192069801,33578.3137210635,-156.364829764968,0
2570,2346,8.09048077081514,2673.86400224497,36.4606160600284,19.2341345751775,20.0979185375474,29.6754766071105,33155.2945275293,32836.2561812009,1171.24936690963,0
2570,2347,6.01858544208657,2575.96621941115,35.3417721409997,19.6255365818919,20.5098531457777,30.2801695429809,29623.9487122864,38492.6281587365,190.441475192004,0
2571,2348,8.20016015486681,3040.48677224497,36.4606160600284,17.4954790667534,18.2266520555349,26.9779295752667,33154.3326328228,32850.5768399892,1063.11762337156,0
2572,2349,7.84309745873714,3592.26009824497,36.4606160600284,15.5068891468707,16.0941450102875,23.8947699035816,33167.2815431756,32844.3626828219,1112.09774692977,0
2572,2350,7.77110236545598,3322.13210910378,36.4066565688019,16.3986137132212,17.0489065374714,25.2769063031054,32612.7508803512,33582.8973121616,-97.5337827357122,0
2573,2351,7.57154368184981,2803.83942824497,36.4606160600284,18.5692133922177,19.3815955585197,28.6436502709074,33176.9595318788,32778.5401920185,1193.34923582133,0
2574,2352,8.0973566124447,2179.99703024496,36.4606160600284,22.4331613044635,23.5546930059285,34.64267570284,33131.2129024167,32790.550939295,1190.25979928858,0
2575,2353,8.25577842371062,5161.17207824497,36.4606160600284,12.0322653695702,12.3922935969462,18.5143307797303,33149.8076138991,32839.5654722972,1099.87565408831,0
2575,2354,4.33387528651937,4719.24128910378,36.4066565688019,12.7934720081466,13.1999947711925,19.692151095995,32395.3527249606,33196.1168082884,313.837181160825,0
2575,2355,4.33348940246374,3149.66718194465,36.7943833346982,17.0864157530444,17.7898124901375,26.3442100269976,32395.3125923392,33195.9515860585,314.086584320282,0
2576,2356,8.12843422785598,4518.36529424497,36.4606160600284,13.1893094309255,13.6211605791956,20.3049495543309,33151.7010490449,32819.6371662298,1149.6597801824,0
2576,2357,4.87632843541658,3955.66286082687,36.371187635488,14.4718108417375,14.9873179699351,22.2908367494751,32366.9465700387,33244.0172576935,290.64048633971,0
2576,2358,4.87431432677695,2733.94845794465,36.7943833346982,18.9611397417661,19.8065705155337,29.2526019267054,32365.849398496,33242.7833978401,293.385146602048,0
2577,2359,8.00516850556374,4226.45471624497,36.4606160600284,13.8193334312976,14.2919814007162,21.2804267380456,33146.8141486749,32831.7621017559,1145.39229122597,0
2577,2360,8.28110108069109,3758.10617290636,36.4521820852432,15.0144939887118,15.5674913067101,23.1317304453679,32648.1820942659,33586.3986991229,-172.683746275086,0
2577,2361,4.61895031018009,2448.99809594465,36.7943833346982,20.5872760290153,21.5611861144604,31.7768228957051,32385.5711261623,33236.6369034595,274.912967812721,0
2583,2362,3.48842744236964,3045.03288416202,35.4483611603742,17.3636666048975,18.0770366935077,26.7712842275702,14423.1105794654,32605.6228758758,-366.519063583388,0
2584,2363,5.1371263594611,2552.63303389536,35.4031596183453,19.7673479086608,20.6633203119403,30.5004247900998,14721.7528793232,32252.7531463386,728.001040679545,0
2585,2364,5.41021854681783,3078.6538874325,35.3973797780104,17.2197839390371,17.9221584825495,26.5480438693045,14923.9867040961,32532.3306953851,-283.092762821432,0
2585,2365,5.64797768013657,4581.96142858309,36.9967213599564,13.0990477407829,13.5281191673751,20.1660400152848,29250.3805478075,32630.4279001537,-807.955518776393,0
2586,2366,5.68940379226509,4635.68284258309,36.9967213599564,12.9933007680754,13.4156362450704,20.0023408582359,29254.2105657245,32642.6645309665,-805.987336945844,0
2586,2367,5.51677348209283,2974.10477373894,35.4148516337638,17.6609692456247,18.3960877899476,27.2322949783392,14946.8859806315,32540.3488672229,-319.607388600777,0
2587,2368,5.40378066166297,2758.40415573894,35.4148516337638,18.6646567483363,19.475423374081,28.7892760324618,14938.2511830943,32516.9006390046,-276.772050337992,0
2621,2369,5.78434309047203,1847.44430437684,35.2257522979644,25.2466433938684,26.5926724312228,39.0106923072009,23264.3975862361,23228.4283933335,-771.645154641971,0
2622,2370,5.70064032007001,1928.91847837684,35.2257522979644,24.4167965753238,25.6918067571413,37.7209910406428,23247.5138254296,23233.7453969399,-899.020598826906,0
2623,2371,5.61514893094498,1766.36659837684,35.2257522979644,26.1447303350978,27.5685102024392,40.406703590618,23303.1257243596,23181.2032296172,-873.367911109563,0
2624,2372,5.78792033246925,1825.33020037684,35.2257522979644,25.4840476944085,26.8505419158341,39.3796950072223,23281.6806907395,23212.4188867323,-843.10168559429,0
2625,2373,5.80109766924029,1662.00741037684,35.2257522979644,27.4236106570292,28.9595963288749,42.3950574589537,23299.420715308,23253.9340251053,-845.047634581232,0
2626,2374,5.9630310663414,1784.89046437684,35.2257522979644,25.9326842277698,27.3380258837857,40.0770701597861,23286.2447764451,23223.951096525,-781.863057677713,0
2627,2375,5.69266784731312,1773.67923037684,35.2257522979644,26.0605160579222,27.4769673297927,40.2757877407432,23245.4579750268,23193.1583472298,-832.320861695696,0
2628,2376,5.94863880754902,1714.38523837684,35.2257522979644,26.7631260432563,28.2409519575153,41.3681009781664,23289.5870961049,23223.71811803,-841.945276348134,0
2629,2377,5.70268752458811,1496.66109169759,35.2313678871501,29.7999062598836,31.5486299495807,46.0908527115517,23279.1424543379,23195.6482717536,-843.343226032882,0
2630,2378,5.85342989333653,1708.33603746271,35.212080318596,26.834462550038,28.3183795602369,41.478965546778,23266.0678176355,23231.2712618388,-700.88096249813,0
2631,2379,5.33468564547761,1748.48943546271,35.212080318596,26.3505545529162,27.792111376311,40.7266318190693,23261.8022092702,23219.961835873,-896.329071682836,0
2632,2380,6.09579391369087,1747.74055146271,35.212080318596,26.3593851429562,27.8017127729982,40.7403601411184,23263.2411688836,23230.8409181159,-897.497673315848,0
2633,2381,6.19939265408796,2869.8979462671,35.0008578785121,18.078626484177,18.8414937946556,27.8791601327686,22214.4631394963,23090.4567835306,729.119246046193,0
2634,2382,6.33568328347989,3457.5516262671,35.0008578785121,15.7970832453748,16.3943681531387,24.3416690685956,22213.4656819896,23106.4461273304,679.30951096646,0
2635,2383,6.53740448672411,3666.5343142671,35.0008578785121,15.149698682004,15.7021778383389,23.3385157948065,22201.1611898829,23101.6417066224,713.383817581044,0
2636,2384,6.24680595129342,3129.8928502671,35.0008578785121,16.9713799355053,17.6524673625635,26.1619990732461,22191.7010747341,23098.5677329146,705.668472456183,0
2637,2385,6.55792709367488,2728.8654682671,35.0008578785121,18.7609776660806,19.5754763663636,28.9377213312825,22197.643721671,23105.5009327844,662.806913367836,0
2639,2386,5.86642990896997,1385.17674166243,35.8414126698253,31.8753970429712,33.8223250332635,49.3223180099299,29490.8713442687,22950.2181885405,210.258094008573,0
2645,2387,5.92703249541143,1933.39592113361,35.849921676496,24.4902386183711,25.7785641844179,37.8370821562132,27967.9621453154,23343.098149761,-72.8320123026875,0
2647,2388,8.74375015671195,2327.14022466965,35.7794991934411,21.2435456654262,22.2607234787335,32.7931684749737,29446.9085666648,22416.0085386103,-1083.5046810971,0
2658,2389,5.54244457780993,1913.00708501397,35.7331993364575,24.6700007792294,25.9723838219627,38.1160898896279,19984.0065289263,34467.1716567828,-757.155903134269,0
2660,2390,5.88950730763924,2962.54203547622,36.0229174036366,17.7813354081001,18.5303809174316,27.4203534117817,22173.6802445483,35284.4736052006,-911.788503002345,0
2661,2391,5.72414413159704,2925.72180848624,36.0283997987028,17.9457639658066,18.7072003974809,27.6754242332958,22179.7517386652,35300.4651192206,-937.767498800917,0
2662,2392,8.32830381337184,2834.50019927625,36.1185665911602,18.3795009506252,19.1745196018101,28.3485099245342,23138.3096193618,35443.728328345,-1386.42563248023,0
2662,2393,5.26224048696213,1908.67440036452,35.912601220483,24.7474324166582,26.0584794797113,38.2369956965539,24918.9124680556,27103.9073005778,-716.27512700862,0
2663,2394,8.95098661545658,3795.81349679545,36.1363672990634,14.8809483173258,15.4227070515304,22.9242453311908,23179.2884758315,35429.4039849619,-1215.59269100464,0
2663,2395,4.74620248288023,2568.05361665796,36.2715374505521,19.7963920726731,20.7025647767859,30.5476943086366,24164.7796631121,35410.3119806923,768.496710681615,0
2663,2396,3.37518668291931,2791.56517881111,35.9896702782399,18.5717970111843,19.3804022055586,28.646561550068,22322.5287032829,35214.012387377,-774.062011671363,0
2664,2397,8.58052294197842,3902.15405231129,36.133454543835,14.5920523878056,15.1141594702712,22.4766821967562,23149.6671924249,35417.3090889406,-1235.23716298687,0
2664,2398,5.49889984263697,2366.33947153962,35.8958047721368,20.9948173229453,21.9930341399748,32.4072610078612,24982.1248382841,27126.5997458166,-740.078168601762,0
2665,2399,8.76929337747134,4024.57553279545,36.1363672990634,14.2773403488464,14.7783290849202,21.9892041655814,23151.6310933896,35441.7579654068,-1222.91390217205,0
2665,2400,5.21079440356144,2629.10968865796,36.2715374505521,19.4525225746995,20.3316951506147,30.0139596084011,24178.9229388005,35413.5537861734,831.143178959976,0
2666,2401,5.89107595087365,4026.69074108856,29.1183577257305,13.6814252220881,14.0974604831554,21.053767110663,16730.0785819999,42221.8157576098,226.119617187869,0
2666,2402,8.5847984566496,2940.14647631129,36.133454543835,17.8932965620567,18.6516422633195,27.5942719896384,23179.4085340136,35407.6233051708,-1260.68640540618,0
2666,2403,6.60379409292194,1465.67880298021,34.8022823989032,30.1911596277628,31.9694913610679,46.697851386989,27160.6065969789,16724.3240210884,688.677600289306,0
2666,2404,4.38966106518404,2313.48327255925,36.2488752427992,21.40964147364,22.4449008944156,33.0523702644065,23949.9083777826,35873.2918463991,-264.733200757192,0
2667,2405,5.97927946351961,4637.98011142874,28.6852873696999,12.3935168932295,12.7308532485759,19.0609643110053,16729.2492216292,42231.8545059652,193.539126756266,0
2667,2406,6.64504790820211,1232.02699498021,34.8022823989032,34.7361434558695,36.934427903989,53.7703432880663,27123.6642665559,16751.2018374399,688.538694707099,0
2667,2407,9.79083689810393,3915.54055435124,33.269834751699,14.3138268044573,14.7986063112068,22.0405815014446,29392.4603969264,40334.530443571,-1144.40978411689,0
2668,2408,6.44036986292061,1072.05364826811,34.8338821015726,38.9612880958023,41.5619354773158,60.3486213051103,27119.0054245854,16777.188957733,815.39895368199,0
2668,2409,9.15914781455006,3034.44073331137,35.3855680353282,17.400751379198,18.1163541727318,26.8286570763349,32273.8325213145,17594.3219612082,-1077.94755165764,0
2669,2410,5.83789402305955,997.009574980208,34.8022823989032,41.3785407244811,44.212503721817,64.1130570640254,27166.9786569351,16793.4901764732,662.707823396634,0
2670,2411,6.54737747600541,1406.57107153918,34.8265794337634,31.2096135373705,33.0810918689514,48.2823946695725,27131.8843417626,16731.3551187606,711.68937236004,0
2671,2412,6.67796413442241,1150.27653553918,34.8265794337634,36.7553207918998,39.1448349207366,56.9137598409282,27123.55864291,16749.0040471498,678.152987289929,0
2672,2413,7.31204403447922,1295.64813553918,34.8265794337634,33.3489738323538,35.417930686015,51.611415403981,27127.7508849399,16738.5344807303,712.053678783336,0
2673,2414,6.33394659815409,1378.02561066263,34.8025960478967,31.7217031594138,33.6398072986839,49.0790649037894,27068.6835973221,16779.4473273704,663.610355787365,0
2674,2415,6.64795019431031,1056.71032266263,34.8025960478967,39.4189799637415,42.0631871465414,61.0612176109801,27091.0239484358,16774.9612112929,725.410428702995,0
2674,2416,6.12229358126393,1887.72118877167,36.6459668605451,25.1006418006462,26.4503568666397,38.7882803936104,28785.8236229226,27968.8560415288,-1083.50437486518,0
2675,2417,6.52129777549914,1203.82174153918,34.8265794337634,35.4078507465505,37.6697377314374,54.8160374586819,27121.5964537391,16753.5019341208,720.459789518067,0
2675,2418,6.30492022948992,2196.30965205927,36.6393386237065,22.3346030777407,23.4497632991631,34.490075773966,28804.7370418602,27966.6675892529,-1194.51684617971,0
2676,2419,6.58991725184374,2216.08479677167,36.6459668605451,22.1834672935007,23.2861731189552,34.2553251464495,28794.4724229435,27966.9170288137,-1214.04850268668,0
2676,2420,6.45042827203085,1267.69714153918,34.8265794337634,33.9450752221493,36.0696167907036,52.5391614464406,27102.0674115358,16756.4813239649,683.432573428564,0
2677,2421,6.40804587354155,2281.21988205927,36.6393386237065,21.6988088170305,22.7615192342397,33.5025183237468,28827.7347480974,28006.6111669331,-1012.01104568928,0
2677,2422,6.95881470961518,977.39124477977,34.8587293179967,42.0966096253704,45.0014878441549,65.2317795029736,27119.5893861806,16774.2900966175,701.06465183843,0
2678,2423,5.99824062677544,2914.83951328234,36.6566223680863,18.0681409966361,18.8439329526034,27.8666793143013,28938.5767569582,28083.9815812861,-967.033323472813,0
2678,2424,6.78126445025558,1364.76572353918,34.8265794337634,31.976460905077,33.9183476331102,49.4755625690883,27100.0778009075,16727.7617650255,681.094062107137,0
2679,2425,5.88475234860199,2757.46185077167,36.6459668605451,18.8227068210254,19.6561618462968,29.0374293773657,28929.4971350675,28075.3666234233,-974.984852051658,0
2679,2426,6.65153219964293,1216.26643153918,34.8265794337634,35.1111822171493,37.3451092003321,54.3542288972672,27137.4998814032,16739.2174052903,591.374041394245,0
2680,2427,5.85448188437776,2782.92847397369,36.6399624915431,18.6942573128401,19.5177545448677,28.8380934831307,28927.6127824259,28100.0307645364,-884.766533331597,0
2680,2428,6.75339319539809,1221.60347767202,34.871201584741,34.9999627810158,37.224105968439,54.1812953013539,27127.3383334607,16791.531691355,687.744365077302,0
2681,2429,7.62548760867765,2388.78593135821,35.9258630068843,20.8504298550324,21.8373111631344,32.1831499714347,27255.8515916917,38252.2517926386,1242.19037854977,0
2681,2430,6.10983104887871,2658.1291579737,36.6399624915431,19.3419258651056,20.2156856895878,29.843201715876,28933.5501843179,28089.9373450327,-908.826431044145,0
2681,2431,6.46969119637071,1106.47838613869,34.8392152360327,37.95612226032,40.4604013523899,58.7834504156565,27087.7629406157,16769.572399857,674.974758850242,0
2682,2432,5.70586916001012,2797.1602825882,36.6367923807406,18.6234509024177,19.4414737382185,28.7282158391262,28955.5668713742,28094.4078220173,-910.956036681145,0
2682,2433,6.6075201342013,1014.36565413869,34.8392152360327,40.8001431723319,43.5785488459798,63.2123799704488,27125.0851419422,16757.2177222835,708.701256937761,0
2683,2434,7.58968540333257,2675.40297695139,35.9450298356306,19.1595555917889,20.0130323125944,29.5584899168895,27200.3115846328,38243.0974134105,1248.2878180101,0
2683,2435,5.74880701130866,2564.75220640668,36.6460163810838,19.8658640827954,20.7808885333963,30.6564639657785,28977.0345399862,28096.5616188867,-874.723708826519,0
2683,2436,6.31493593832669,1352.06828613869,34.8392152360327,32.2220193060495,34.1867263177631,49.8577142242099,27134.874726978,16717.3819845969,659.21353113515,0
2683,2437,5.69623933784105,1980.2960479235,36.5171426164017,24.1619336667834,25.4295961575301,37.3289135920217,28972.8230017991,28095.8547831686,-871.573717395931,0
2684,2438,6.08950528835213,2663.04095597369,36.6399624915431,19.315361702321,20.1870450052748,29.8019729334667,28918.4308898868,28099.8417778395,-904.142479016151,0
2684,2439,6.71141071265316,1470.72234813869,34.8392152360327,30.117982478726,31.8901865516243,46.5841581027396,27122.0310679883,16735.0792498118,697.861291339772,0
2685,2440,7.59047292559423,2754.98291495139,35.9450298356306,18.7480924630923,19.569823242872,28.9199978838168,27221.9346998812,38252.6263675052,1255.77082177692,0
2685,2441,5.77640922234416,2604.8482639737,36.6399624915431,19.6361108328867,20.5329507480504,30.2998136022439,28933.7258185693,28095.201676303,-922.503481016976,0
2685,2442,6.46840937456895,1436.11950213869,34.8392152360327,30.6969438912113,32.5217767574753,47.484833450194,27119.8545816861,16742.7162096058,709.201463347578,0
2686,2443,7.02594029420408,1426.80250413869,34.8392152360327,30.857452574227,32.6969233342772,47.7345463876185,27107.8816653008,16751.77309045,679.01140815913,0
2686,2444,6.50703146380582,2479.45450553264,36.6197680311292,20.3723535803784,21.3274231472641,31.4426871259355,28832.8051527324,27804.2211109554,-1150.20379264719,0
2687,2445,6.51089895324539,2412.51749153265,36.6197680311292,20.7963007222321,21.7854113905954,32.1009259883968,28823.1951616171,27782.5625916448,-1191.91377662998,0
2688,2446,7.70261470970196,2245.133054531,35.1474986606219,21.7282598841552,22.7784553334613,33.5441255255404,27932.3188256659,17767.6191132104,1211.81090367475,0
2688,2447,6.42081308830328,3316.18241397503,36.6076020340737,16.4400737051194,17.0948302267967,25.3415902621602,28892.0368253727,27742.5777413376,-1321.76980492269,0
2689,2448,7.56799856521107,2229.16420453099,35.1474986606219,21.8460342719291,22.905827218046,33.7270269453058,27918.0543196018,17795.3410283216,1166.65254184753,0
2689,2449,6.47567403805498,3476.71813288209,36.5535794387862,15.8837247203614,16.4982114256624,24.4790122462688,28751.2474429781,27170.8006849664,-1145.15116276579,0
2690,2450,7.46021796755153,2247.79498964871,35.1433410252387,21.7081214517773,22.7566354250367,33.5128397500343,27921.8857275075,17783.0753726441,1264.09459144854,0
2690,2451,7.56613757581279,2187.98882664175,35.9717623277093,22.2914736526022,23.3962879491176,34.4212033371736,27221.2538091295,38234.1341633084,1218.27425692752,0
2691,2452,7.1544983840448,1775.78511495036,35.9517105615305,26.1863925411964,27.6225029043826,40.4738910065843,27218.448946303,38243.3893205291,1199.99037560767,0
2692,2453,7.82590309107535,2750.72837443302,35.0981388763081,18.6632023586769,19.4710995627013,28.786257999279,27863.1787388074,17695.9860384423,1169.04495614743,0
2693,2454,7.40882319299457,3048.0602090494,35.071235933744,17.3088612942641,18.01516942695,26.6854587923388,27840.9326784933,17527.8231267366,1163.30409953495,0
2694,2455,7.35461109053351,3024.4923890494,35.071235933744,17.4069144565611,18.1204346902101,26.8375150870927,27848.4103334131,17542.1926476387,1163.9143539333,0
2695,2456,7.6818421936971,3159.8421590494,35.071235933744,16.8623013721016,17.5360242213283,25.9930269311433,27828.0691634938,17534.5203582845,1138.26911295847,0
2696,2457,7.26518645842797,3128.0366150494,35.071235933744,16.9863507140326,17.6690820508062,26.1853646796753,27836.6391328127,17535.3390799913,1179.5718183157,0
2697,2458,6.82915246504215,2236.82837317654,35.1360084968307,21.7874779549587,22.8423787432324,33.6360567405832,28096.8101295996,17697.2979023643,876.399718552951,0
2698,2459,6.75572939315898,2029.89410317654,35.1360084968307,23.4604430177762,24.6536700266207,36.2347056353149,28090.7066069481,17703.7996872257,915.05674159211,0
2699,2460,6.96307350741621,2430.70122517654,35.1360084968307,20.4652508673749,21.4137595689725,31.5830461026085,28090.2847124378,17666.2371814294,894.561889814879,0
2699,2461,7.80627885796419,1533.47708895036,35.9517105615305,29.4044420023455,31.126922925738,45.478349599419,27227.1439541462,38233.5686761558,1241.66735225294,0
2700,2462,6.71748988208217,1687.51204464306,35.1415233295972,27.0785734015837,28.5830698831591,41.8582667550293,28086.3683948929,17673.3710512086,898.333880856271,0
2701,2463,7.49647026038537,1569.73257801324,36.0120829754003,28.8766581925138,30.5522895249372,44.6576080079427,27213.7434288319,38206.303338342,1235.97064635083,0
2702,2464,7.18712366670902,1517.09043801324,36.0120829754003,29.6724893855084,31.4200407708797,45.8955397229016,27227.7182652771,38249.9013579552,1265.96738020586,0
2707,2465,7.59711572628719,1388.43657201324,36.0120829754003,31.8614641831301,33.8094720249904,49.3012991582776,27222.5109528542,38267.7581550417,1270.52640541563,0
2710,2466,7.15536776711054,1592.60594284852,35.9856654690954,28.5404879957705,30.1855689188977,44.1346425766135,27235.1507565316,38234.2341093151,1265.89628476453,0
2711,2467,7.51366558588576,1762.99330581573,36.0079938415582,26.3467295503091,27.7975371897148,40.7233516412886,27192.3477837206,38266.3798368539,1177.11087642037,0
2712,2468,7.65144843905362,1773.32927284852,35.9856654690954,26.2217738482439,27.6613800490914,40.529009326329,27248.111623849,38239.0600134795,1257.4838076912,0
2725,2469,8.34256438492724,1573.74243688165,31.9386865049496,27.8357010303429,29.3639843527256,43.0235539499465,14419.1633047196,14055.2177028828,-1332.4758615229,0
2726,2470,8.36731613658936,1753.62877888165,31.9386865049496,25.5893466865542,26.923840668136,39.5319544217112,14335.9405836266,14042.3730767492,-1292.55772037057,0
2732,2471,6.02449541517563,3141.6975137569,35.9953612480966,17.0325167369916,17.7258306644881,26.2589385195683,26246.3982428752,38599.5402917885,378.072053627528,0
2733,2472,5.99841846389014,4500.16401509385,35.9326730036033,13.1887438329904,13.6175706462515,20.3032509211591,26250.5190264524,38618.6109256646,386.108818225641,0
2734,2473,5.87798361957318,1592.93024909385,35.9326730036033,28.5235295655052,30.1664147852544,44.1080785952242,26244.0672576083,38623.4643878165,357.539878183728,0
2743,2474,5.39110316543328,1296.99329912671,34.7634130451291,33.3021019451832,35.365760092033,51.5382063533507,26919.89228378,17331.0637818643,-208.165540099679,0
2744,2475,5.2170444844527,1225.03435712671,34.7634130451291,34.8856069947478,37.0973402396472,54.0028261815999,26911.1818464513,17351.5914355978,-208.41702211068,0
2745,2476,6.80880827031147,3445.10013368879,36.004198756732,15.9354835469507,16.549747985038,24.5581666329568,23581.1846720505,33751.8415324325,-1159.86266535357,0
2746,2477,6.08027951364182,2805.20078168879,36.004198756732,18.5069179685825,19.3106895258643,28.545932541562,23532.8829063117,33772.0758997328,-970.236817609351,0
2746,2478,7.38250292119191,2452.37979742698,36.2477499670568,20.4884596072152,21.449363638765,31.6219933856411,29046.5551214863,34455.5507653276,1195.87354078028,0
2747,2479,7.69243814363249,4319.99278958828,36.2404096983208,13.5925868230463,14.0491312885132,20.9289597104861,29037.407224427,34482.6954648119,1213.32107242333,0
2747,2480,6.69924374791044,2728.50624968879,36.004198756732,18.8899599392783,19.7231128717186,29.1402736142279,23569.1473974162,33778.9115501532,-1150.50539608823,0
2748,2481,6.54242481854868,3678.57364358828,36.2404096983208,15.2262148796001,15.7924205812526,23.4594039366962,29041.4728875114,34449.2842026579,1083.4218800061,0
2748,2482,6.38056366725691,3165.03954368879,36.004198756732,16.9420875937247,17.6288465079073,26.1187318399167,23578.0661664051,33792.7248258428,-1097.38428315414,0
2748,2483,4.79851489941136,2915.90832176733,36.140009622368,18.0031080999473,18.7697773781977,27.7646312777925,29622.5302703075,34006.9346060875,316.052809598422,0
2748,2484,9.26712397207862,3101.55188491797,36.1905410568658,17.213897306718,17.9220692227834,26.5406334578027,24111.6726581894,35962.9386537415,-1106.85192517822,0
2749,2485,6.35259525757862,3201.92423038855,36.2442947478477,16.8254186879158,17.5054808307224,25.9383269372801,29395.3768532946,33988.3975947589,636.7153140355,0
2749,2486,6.06143763600828,3461.99407568879,36.004198756732,15.8795866240092,16.4898937593206,24.4715271166056,23545.1814111387,33783.6727028417,-1131.277272032,0
2750,2487,6.20619024618266,2568.52182424909,36.0401080184327,19.7624825643397,20.6638938562643,30.4944817425582,23550.8066478215,33793.0677204078,-1091.86044726003,0
2750,2488,6.09831765738437,1419.35987427289,36.287680887953,31.373456468837,33.2802102533146,48.5429800032423,29363.004913453,33974.9065619479,674.341626520499,0
2752,2489,5.91015426805269,1568.34236408639,36.0859519733717,28.9145159462123,30.594503789818,44.7167572880686,22640.1455479859,35205.2022378318,-1072.20593470545,0
2754,2490,7.39589394759497,949.259191760005,35.2710702046125,43.3169975894021,46.3483971916624,67.1347947296638,23877.0852553885,26168.7814626169,919.822658370853,0
2759,2491,5.5036779953817,1662.49653582198,34.1965590627184,27.1859297450484,28.6878518638589,42.0218425487025,22869.4165795387,17993.5749405937,-579.722431941702,0
2759,2492,5.63570425016375,1363.34692886213,35.3342356202984,32.1457197346042,34.1104848068482,49.740972077526,24868.669773451,24584.2546166076,-131.319230976794,0
2760,2493,5.58896384847812,1474.41372249356,35.242778535929,30.1613986313301,31.9430621260869,46.6532384510613,24797.9440915922,24534.8296602483,-127.774616667057,0
2760,2494,5.64785568706876,1844.95421645897,34.1575975643498,25.0598462407616,26.3771606874618,38.716847179067,22837.6417269893,17977.1606166746,-634.287100528141,0
2761,2495,5.41264801489515,1868.03064980332,35.2691531610523,25.0389517550842,26.3676354639328,38.688028220256,24849.6690451234,24534.2886344575,-196.709454165489,0
2761,2496,5.57488239615112,1599.34229045897,34.1575975643498,28.0172194845892,29.591909854293,43.3142563587638,22901.4286737671,17932.4162524768,-701.099520925407,0
2762,2497,5.70801487531537,2389.92441249356,35.242778535929,20.7423541091349,21.7139705285493,32.0135248885338,24831.9948186669,24541.8230161133,-159.175570065367,0
2763,2498,5.52778900808026,1910.70473049356,35.242778535929,24.599710082114,25.890498710642,38.0052989618039,24851.6794983189,24557.8517469736,-179.081913036003,0
2763,2499,6.14095948586413,1552.58327881583,34.5648870646204,28.7806713630983,30.4287257797941,44.5030283237456,23931.5482513609,19415.4114129268,-832.183429720165,0
2764,2500,5.47728533582024,1601.85615849356,35.242778535929,28.2370548615957,29.8454770511038,43.6600740284691,24838.1538907517,24545.8132338537,-165.648789299312,0
2764,2501,3.48806520401862,1283.45348852511,35.2821157456992,33.7428670322618,35.8552972229149,52.2263422119809,23493.6207857583,27709.0912993239,-388.494266025794,0
2764,2502,3.48168140835348,1239.32286232869,35.5050642375639,34.7887357948176,37.0025947454309,53.8551878399808,23494.24536457,27709.9312102975,-387.684167147842,0
2765,2503,5.89130942963022,1531.81347849356,35.242778535929,29.2565865473628,30.9563927013038,45.2457590965437,24781.5303493859,24534.9776664424,-180.451343710958,0
2765,2504,6.04495417230428,1327.0297865069,34.9975513714425,32.7582309926055,34.7748348348315,50.6927764659675,20965.6905684508,27677.4904963143,-571.229883430372,0
2766,2505,5.63257813315633,1571.37217449356,35.242778535929,28.6700470348259,30.317165637504,44.3334769791079,24835.5945290297,24532.468567543,-203.566280486248,0
2766,2506,5.38797321773522,1746.5149565069,34.9975513714425,26.3284534673739,27.7654598918075,40.6915437284403,20975.1255757057,27638.7870749741,-493.303453796574,0
2767,2507,5.64004521976724,1635.18149649356,35.242778535929,27.7814406394399,29.349332895948,42.9515428215469,24804.0286166897,24556.1282141632,-145.552466458232,0
2767,2508,5.74249561634165,2281.70288571619,34.3119553464722,21.3335461739206,22.3432407426086,32.9288371040969,21182.6968669268,20772.758367978,-811.151932843003,0
2767,2509,5.47400589302029,1515.9027365069,34.9975513714425,29.4398209081185,31.1528638112266,45.5298566027042,20938.8067080106,27619.9714556392,-541.3147775125,0
2768,2510,5.75201332699003,1378.9010165069,34.9975513714425,31.759592970233,33.6839667021056,49.1387994324758,20946.5992977053,27650.5042806552,-506.377392663575,0
2769,2511,5.55733640864463,1856.9533205069,34.9975513714425,25.1011888027448,26.4320372107582,38.7838754667286,20931.3396240766,27648.2954882289,-545.703987215014,0
2769,2512,5.86917633851988,1311.62621091477,34.9169143952462,33.0458045533931,35.0879123211577,51.1399747372416,23331.7405655753,23380.4480493987,-742.547410816908,0
2770,2513,6.00480213714948,2090.85225192806,35.0032465029715,22.9121911969739,24.0582261602139,35.3825769685408,21019.156261324,27599.6681260819,-578.007194499195,0
2770,2514,5.86445676104229,1300.88465665117,34.8627311065195,33.2507784454773,35.3111366052276,51.4587448218624,23283.4023785421,23388.3500521848,-776.471329371423,0
2771,2515,8.06727822747786,2693.12802174383,35.1429031725069,18.9628043898435,19.7940105551743,29.2512210520209,22076.8323946558,27728.6718372483,1165.16922537597,0
2771,2516,5.8696504280703,2023.10952656046,35.3124673940256,23.5523107354831,24.755189022933,36.3779763069574,23116.0685069826,27785.9755854695,-887.394317305239,0
2772,2517,7.94739854176059,2871.53862174383,35.1429031725069,18.0881165310716,18.852897313662,27.894212281362,22056.1630667991,27766.6714187043,1080.99971333816,0
2772,2518,3.853404239193,2488.01230856046,35.3124673940256,20.1365084689245,21.0606694717274,31.0731946993738,22444.8205548591,27747.4638325355,737.040317241039,0
2773,2519,5.73888318779638,2097.32031328253,35.290556489069,22.9075523813519,24.056293277734,35.3762276711494,23097.580731523,27763.4805321385,-807.624310198432,0
2774,2520,8.17233495491838,2970.96398574383,35.1429031725069,17.6432541740156,18.3748300427576,27.2042054024689,22085.9212031599,27718.1180016261,1101.66517354555,0
2774,2521,5.69544426472166,2366.73715256046,35.3124673940256,20.9053084017663,21.890651061697,32.2667121332943,23083.741034061,27750.9286609089,-822.045186254611,0
2775,2522,5.83068384718874,1862.78732283709,35.3104176316879,25.1017077774076,26.4362620212202,38.7856990997147,23135.8907470937,27751.1407416492,-960.152782659558,0
2775,2523,5.46346676494771,1939.53363192806,35.0032465029715,24.2717880516562,25.5319443574877,37.4949493246356,21195.7853911679,27559.2897202772,-485.736548659706,0
2776,2524,5.62237617509183,2268.15382683709,35.3104176316879,21.5867898419079,22.627135109135,33.3248899131558,23098.0885891841,27783.8537179994,-884.511504368979,0
2776,2525,11.5626127048127,2516.16399426728,35.1013212622547,19.9385801200247,20.8451744821347,30.7654215082892,21811.1834512212,27408.8070973046,-1218.88790192926,0
2777,2526,5.75616440845641,1338.05560223775,34.4649059882084,32.3864823424402,34.360903075731,50.112102963975,22149.2535078586,20900.0261156991,-980.092502591127,0
2778,2527,5.89867473879465,1398.45721683709,35.3104176316879,31.4868955303656,33.3906169162602,48.7157244794306,23112.5301784831,27798.4884084538,-893.031800148555,0
2780,2528,6.19678919904233,1271.77026707326,35.3539991435288,34.016739083861,36.155852103931,52.6529064468738,23143.6707627999,27772.0120945618,-920.577959904134,0
2781,2529,6.57371173578209,1527.11804678671,35.3342624975677,29.3506593577968,31.060159799373,45.3924238284173,23132.2344805403,27779.41233104,-898.142598731037,0
2782,2530,5.99661078956005,1584.93302267323,35.4354467208446,28.520886736791,30.1571543960789,44.1021892292141,18064.0486014183,31857.003312097,231.640058852749,0
2783,2531,5.93035852838192,1547.84123867323,35.4354467208446,29.0621428181085,30.746985668414,44.9440262570852,18058.8445936381,31834.6328421144,219.942303387979,0
2783,2532,5.80013247422063,1633.70306457719,34.0943504790601,27.5378398388299,29.0693654729384,42.5686252358237,20175.159665817,21134.9678835709,213.66940550221,0
2784,2533,5.85305739009863,1724.77609667323,35.4354467208446,26.6815727415588,28.1548223089337,41.2420226782926,18056.7070294174,31820.9723688516,227.743821629625,0
2784,2534,5.61479534494497,2127.72596970347,33.9017341706929,22.4213358312863,23.5149313283809,34.6168388231574,20708.7032773269,19322.5638299095,-468.829683077343,0
2785,2535,5.4849881691004,2351.10089892965,33.9555950039137,20.8042651735926,21.7680345482955,32.1061058237621,20679.2658657583,19382.2367963446,-557.678453474915,0
2785,2536,6.12158254698581,786.476042067368,32.6875119998727,49.4838567753071,53.0763688236643,76.7291057586576,14387.4141852246,18261.7909148633,284.026395553092,0
2786,2537,5.73170835241095,2195.85504769975,33.9271693805298,21.8968207227265,22.947964462619,33.8023574010089,20676.4924058285,19357.0502571782,-541.111556725818,0
2786,2538,5.63263806734483,994.864028067368,32.6875119998727,40.5936146572753,43.314250598612,62.8800975208926,14377.7773488193,18212.616802361,406.913361301524,0
2787,2539,5.35012976205174,2716.63779169975,33.9271693805298,18.6850175693593,19.4841542063248,28.8172271380454,20663.5221356396,19365.9386467385,-515.473398957512,0
2788,2540,5.67800630306006,1677.50178676051,33.6443996469555,26.8712759509864,28.3385156133617,41.5306633594713,21587.6295248696,16857.9715923272,149.234515976873,0
2788,2541,6.29917044314817,948.455246067368,32.6875119998727,42.2426476868071,45.1227891533159,65.4482647133249,14429.7709739855,18279.245186893,403.595728214566,0
2789,2542,5.69239840176994,2256.12480676051,33.6443996469555,21.4088054271959,22.4175996522654,33.0437671123064,21615.6959723212,16831.4746021271,87.2933609853194,0
2789,2543,5.47607146821192,2038.684264331,36.3819938708299,23.602432227362,24.8211203370757,36.4590677061739,26839.7826393888,35676.9222923314,-335.25707859625,0
2790,2544,5.42544448961919,3123.74821770623,36.3786683597236,17.145000022934,17.8495429707924,26.4341874888252,26829.9211395245,35665.9770583136,-431.676307480556,0
2790,2545,5.68283265648677,1790.50815889279,33.6122729208076,25.534923904962,26.8862052010464,39.4533280586391,21648.5170281005,16772.088314628,77.6710351907381,0
2791,2546,5.34846522722406,3154.45246170623,36.3786683597236,17.0233372240538,17.7189207803034,26.2455154746069,26833.0588606211,35663.8793010621,-367.279931969215,0
2791,2547,5.93518011186562,2135.77646897131,33.6398579452338,22.3125284738645,23.3943676147501,34.4470628151737,21671.602041868,16782.6445971276,42.1541192045706,0
2792,2548,5.31630928657629,3039.82915770623,36.3786683597236,17.4891471458877,18.2192036404042,26.9679307761217,26821.5842132954,35646.5730872169,-383.317088083167,0
2792,2549,5.60335038728429,1919.07050638219,33.5659789747029,24.1957310012612,25.4327388300801,37.372129836435,20847.1250959038,17182.3110101421,128.725531156596,0
2793,2550,5.4844771642313,3127.26161168533,36.3742335469086,17.1304891663103,17.8339277312973,26.4116744940808,26818.5793386754,35689.8047212458,-409.88061654473,0
2793,2551,6.15072400874188,1665.72745438219,33.5659789747029,27.0019135889027,28.4795267294982,41.7334704466878,20771.3794317303,17184.5067621839,77.0955626144618,0
2794,2552,5.66132475766786,1901.11931638219,33.5659789747029,24.3710995738906,25.6228713409471,37.6446081762266,20771.9818756205,17195.6312772911,121.586071249684,0
2794,2553,5.23054625555199,2404.16566812851,36.3815283286796,20.8162253456831,21.8046960830234,32.131242135281,26775.746979963,35533.3268056247,-526.512019314421,0
2795,2554,5.75503770459518,2812.99025412851,36.3815283286796,18.5149749660097,19.322538819757,28.5593104264389,26804.1575620939,35463.0124651087,-501.519566429712,0
2795,2555,5.5249297516483,1585.37660638219,33.5659789747029,28.070014580802,29.6414465056162,43.3941432248859,20767.4791444059,17185.1233183124,95.6372504990555,0
2796,2556,5.5438455792458,3927.41482557373,36.315955501751,14.5407772977462,15.0605869090089,22.3975737721212,28757.0003531126,35224.7257006749,8.67416864290276,0
2796,2557,5.80188158786261,1650.92598238219,33.5659789747029,27.191193698078,28.6853489082431,42.0277372300402,20786.1196330397,17175.7529288957,58.1870523848326,0
2796,2558,5.40557612622877,3516.30246012851,36.3815283286796,15.7388478922369,16.3418710674308,24.2541224349311,26817.5843672733,35461.1970971247,-586.046608630131,0
2797,2559,5.43793068913172,3631.69374957373,36.315955501751,15.3731156375831,15.9500374226137,23.6871849853619,28768.4956010829,35238.6972508833,16.9652675644228,0
2797,2560,5.38143982897116,3657.33493812851,36.3815283286796,15.3019645578594,15.8743789345058,23.5770478492511,26804.2908937675,35467.2117848189,-596.210391813688,0
2797,2561,5.78761085812057,1791.60604438219,33.5659789747029,25.5131273626483,26.8619639606113,39.4192921767063,20782.430975636,17183.0683642375,84.9048104965422,0
2798,2562,5.65118958895142,4024.92392757373,36.315955501751,14.29100078506,14.7940232388954,22.0106713876397,28784.9357398891,35196.4720314484,-18.4912879977446,0
2798,2563,5.96601604588307,2287.98398038219,33.5659789747029,21.1719986846513,22.1610296672448,32.6758839338778,20785.0502377534,17170.9498025564,60.2595469209604,0
2798,2564,5.26019684311641,3377.51663412851,36.3815283286796,16.2015092274667,16.8374453890106,24.9712855086894,26781.0740197607,35467.4505586217,-562.053830919898,0
2799,2565,6.12518146782073,3391.5215011131,36.2941807313552,16.144665656837,16.7759022606309,24.8829924898507,29461.4957864525,34092.1585711198,530.38095482874,0
2799,2566,5.40008077005466,2456.98947838219,33.5659789747029,20.074201685293,20.976632583793,30.9718324689768,20793.5669268531,17188.6157114418,111.350335919433,0
2800,2567,6.16854362440611,3106.01283626376,36.2400670316375,17.2012570262706,17.9088803642701,26.5211366143717,29387.4131102196,34082.0218409478,610.824664584011,0
2801,2568,6.24364813471281,3159.07347026376,36.2400670316375,16.9904690355474,17.682579207749,26.1942538464831,29407.8216224046,34111.2022678199,676.927257677924,0
2802,2569,6.23773926286539,3382.29134113675,36.2158638314995,16.1686963872539,16.8010859491047,24.9200887091899,29696.9478943792,33123.1847266403,593.682463858913,0
2816,2570,6.44119550461009,3204.3569558204,36.2558928358783,16.817361038219,17.4969226299456,25.9258569197062,28782.9583520506,35119.1145875051,796.659130927621,0
2817,2571,6.43486841402154,3527.3462198204,36.2558928358783,15.6916827032185,16.2905036489557,24.180779170651,28778.4601184649,35123.6609225356,771.979521376468,0
2818,2572,6.55747886590169,3368.2524218204,36.2558928358783,16.2212168038781,16.8576561840183,25.0015861568311,28776.4775292105,35115.6768881298,800.439815577053,0
2819,2573,6.50491858339372,3283.9148678204,36.2558928358783,16.5211037662348,17.1791356466772,25.4665075248157,28756.5708147315,35116.4280193153,806.137449588953,0
2819,2574,6.45980276447203,2836.55080529645,36.1608240618215,18.3747990197714,19.1698130294663,28.3413125387318,28758.9485891289,35112.8427354984,810.176055776465,0
2819,2575,5.47063410022678,1403.63324776719,35.3361078416499,31.4003741277523,33.2965062473477,48.5812015483783,19836.9508307757,29563.9705759894,-380.599359227691,0
2820,2576,5.57194270988463,1064.34542789527,35.1656028243946,39.3187397327526,41.9592676959404,60.9067992088253,24117.154941393,26481.2317751332,-397.952689274334,0
2821,2577,5.66291706507544,2342.03452951202,35.655120382775,21.1227649143437,22.1289597423805,32.6052830912288,25952.1242501488,28520.3224277144,87.347166058937,0
2821,2578,5.55874452168883,1697.19842958212,35.1416994336822,26.9571875464345,28.4510105268425,41.6695339659366,24130.8993139803,26498.6728135451,-452.498658150852,0
2822,2579,5.56643008244317,1654.20170789527,35.1656028243946,27.5119385063491,29.0549741932699,42.5321919108328,24129.5649349455,26485.3530522731,-362.680288032782,0
2823,2580,6.12512472715716,1449.94984625359,35.6915710581218,30.6849177700358,32.5203898260737,47.4694020728444,26239.2188667179,28588.1858565764,-953.739255699922,0
2824,2581,6.988868224309,1495.61380933928,34.9123676004928,29.7359820744613,31.4746067681854,45.9902110785514,24420.7773218302,24391.9406660365,1080.3684788876,0
2825,2582,5.88140149227891,1721.94077540341,35.6708512033962,26.7664166609292,28.2499903657658,41.3747362826986,26241.1927710933,28548.1941915722,-935.300933399145,0
2826,2583,7.11405433963563,1508.63117533928,34.9123676004928,29.531410358853,31.251564408754,45.6720004215621,24518.5758985979,24393.9647356785,999.682900290099,0
2827,2584,7.29873558347525,1296.19264976078,34.9336398908114,33.3694853342505,35.4419385129275,51.6437819805829,24557.4938663524,24401.243006887,1058.4600990992,0
2830,2585,6.69606563693111,1459.78890450542,34.8939424791958,30.3122996932671,32.1028933834526,46.886654704538,24746.183337869,24416.3641793908,1125.90578230697,0
2831,2586,6.19380391234125,1662.17582461477,34.1507816472311,27.1796940273255,28.6804773638424,42.0119828540172,22470.6772676252,20014.8476370205,290.315721447862,0
2832,2587,5.88906977761694,2824.6972750412,34.1107889129656,18.1808938396824,18.9437614927417,28.0356766647565,22443.1634965016,19949.5913803617,360.076829198312,0
2833,2588,5.87924428526159,2693.2461070412,34.1107889129656,18.8282271219452,19.639884212861,29.0398593151245,22429.1562165511,19966.333423378,371.136898883582,0
2834,2589,5.86645252359466,2360.2570390412,34.1107889129656,20.7673553119404,21.7297610633923,32.0492405503097,22426.4943720934,19976.8579278904,349.272342539177,0
2835,2590,5.62751541661656,2869.4320810412,34.1107889129656,17.9732096306983,18.7205990191745,27.7135531679924,22425.791926109,19952.9550648379,344.426125790273,0
2836,2591,8.46447553142643,2346.71640838887,34.0305858215712,20.8448403962198,21.8125923518051,32.1693048419775,21429.6683004353,20581.062261048,922.296288748376,0
2836,2592,6.19845012925364,2052.9282610412,34.1107889129656,23.0771129285688,24.2270219214706,35.6360479512494,22360.582341135,19941.7753040574,541.125771805079,0
2837,2593,6.44574625552024,2198.17306438887,34.0305858215712,21.8964053192808,22.9486174145223,33.8020173544297,21210.1280658428,20481.769995444,731.760306838924,0
2838,2594,6.61911763725576,1430.85330238887,34.0305858215712,30.5711972593404,32.3731758021088,47.2860227220305,21173.0311244079,20491.5664590518,660.973069858951,0
2839,2595,5.93116839277596,1046.52752536699,35.9981751580964,40.188684213626,42.9269177093879,62.2654490521988,20139.0945372625,32284.0497484444,-1006.98487791169,0
2840,2596,5.45326389928111,1162.42877680966,36.006668285804,36.8341894976856,39.249596510295,57.0417166290321,20126.8040786222,32354.5577216185,-856.658365197495,0
2841,2597,5.28353219341858,1106.94870237935,35.9668984378462,38.3419822381136,40.901269955758,59.3893489126937,20060.0940733698,32075.5268915826,-396.978710040789,0
2842,2598,5.28736798662702,1107.12491037935,35.9668984378462,38.3369164879637,40.8957168857137,59.381460415645,20084.3123862688,32099.6532869901,-409.495852541272,0
2843,2599,5.34870632912993,1084.48218237935,35.9668984378462,39.0010007448293,41.6237888004525,60.4156174688494,20035.0018314412,32064.2191490471,-479.209992813808,0
2844,2600,5.37127915621153,1893.01769992632,35.9713855804796,24.917305815768,26.2436070526543,38.5012027527401,20100.8371947388,32111.9942597584,-478.480237775854,0
2845,2601,5.43851214254491,1895.39650792632,35.9713855804796,24.8930287837617,26.2172427642185,38.4634700089097,20099.8734838554,32139.6234560828,-520.730440617963,0
2846,2602,5.54265313746325,2468.55707992632,35.9713855804796,20.3485248327829,21.295679535668,31.4040298901061,20136.2689238574,32104.768414054,-607.036115376693,0
2847,2603,5.41717025201575,2576.85892192632,35.9713855804796,19.705509701509,20.6018216941459,30.4058787103303,20080.4049647169,32115.5129716172,-508.118734159164,0
2848,2604,5.66604699504729,2324.41219281065,35.9357153746491,21.2860537114706,22.3082077003612,32.8596010711236,20116.0176343939,32040.3477033933,-338.460117989327,0
2850,2605,5.76933881207464,1056.4377351702,36.0241178579013,39.8831778194952,42.5921999795151,61.7897547063808,20079.3034251655,32075.4927542496,-413.76348472045,0
2851,2606,5.54527345053742,1310.2433331702,36.0241178579013,33.3977374845257,35.4886903950832,51.6921957422696,20077.1551849934,32076.0069763114,-459.088710670912,0
2852,2607,5.39915584402073,1121.24468157922,36.0196921293398,37.9543407562184,40.477196333802,58.7859470306636,20051.4079085549,32069.6895046125,-374.620155184035,0
2853,2608,5.57233972438835,924.816813579222,36.0196921293398,44.6052259889127,47.7762967689646,69.1453377808927,20053.1696401659,32072.5465692344,-399.952195258972,0
2853,2609,6.39988927599401,1380.91312294212,34.992415381962,31.7208944100833,33.6416354105381,49.078564496544,26002.3628309487,23786.9114239888,-1064.87563381266,0
2854,2610,6.77773898910459,1236.68085568709,34.9755637548448,34.6838449614123,36.8798574135939,53.689677934744,25972.4685502377,23802.7527761727,-1109.46930058348,0
2854,2611,5.50815443890447,1037.45777757922,36.0196921293398,40.4903743828361,43.258253731958,62.7354270109643,20040.6427609856,32105.9917237701,-408.908242288373,0
2861,2612,5.31423027370458,1901.42869736211,36.4850674265367,24.9292832525177,26.2624023617665,38.5214269253758,19682.2120474813,34076.7285785809,-796.67715751634,0
2862,2613,5.38948669410591,1513.19243651966,36.4565989971273,29.8430268993911,31.6118715823769,46.1624573525227,19672.8900854481,34053.679222816,-699.366550636202,0
2864,2614,5.64481616412556,1784.81242301048,36.474220251398,26.1893836553374,27.6319036777506,40.4802516300016,18830.7172177174,34371.5899615225,91.5397689478756,0
2865,2615,5.92502475161994,2520.56892701048,36.474220251398,20.1024895864887,21.0347202339794,31.0233618211603,18867.0539526177,34360.6133854839,5.01983349209056,0
2866,2616,5.92782699892192,2340.17598701048,36.474220251398,21.2583777910074,22.2835167303956,32.8180714105496,18857.0548744762,34368.6137879841,60.0721890900232,0
2867,2617,5.59809020046715,2338.25972501048,36.474220251398,21.2715570776023,22.2977675424038,32.838537899732,18852.6243440281,34367.6363497725,54.106707797423,0
2868,2618,5.41470103610128,3223.88556943319,36.8043520426594,16.8002888859061,17.4827165130091,25.9005188209973,21635.7056989611,36339.3474972852,-608.090811201158,0
2869,2619,5.1917752906886,3637.28197302353,36.8110321001446,15.4010118409363,15.983232322123,23.7313395241264,22418.6235460314,37168.2564010497,-389.673682878103,0
2869,2620,5.39450710454293,1289.12530245788,35.1937408800418,33.5956975019913,35.6930799975151,51.9969227412288,28601.0692559366,22793.2601214132,-711.292605032239,0
2870,2621,5.35108626020557,3668.04970024782,36.9795421507603,15.3235468329627,15.9014783124872,23.6115992107367,22399.0579839288,37184.6797019189,-394.616315156056,0
2870,2622,5.63352410973873,1598.1933861329,36.2593593419038,28.5246992035544,30.1718293094794,44.1110521949137,18545.5611052181,32742.9357735439,-567.427445000882,0
2871,2623,5.24466539077253,3437.70179224782,36.9795421507603,16.0542330408222,16.6838782192414,24.7441490177703,22389.3240097399,37193.5595562248,-384.829101600218,0
2872,2624,5.3684644959132,3489.50694424782,36.9795421507603,15.8821510188503,16.4995025189867,24.4773933031214,22392.6440748957,37205.5342922828,-385.004496273234,0
2873,2625,5.52442287034851,3109.22805424782,36.9795421507603,17.2681752021075,17.9864494243268,26.6264905470745,22389.9875035134,37211.4945416587,-384.138173118199,0
2873,2626,5.69470184179642,1373.58585874396,35.9716215713725,32.1284348875028,34.100573246452,49.7165846060779,19067.7098373251,31532.907431849,120.678376119533,0
2874,2627,5.19266861653053,4978.22225824782,36.9795421507603,12.3668654280168,12.7499081369709,19.0327698880314,22385.5389623303,37178.9683190622,-378.685073901257,0
2874,2628,5.64524342642268,980.031068455459,35.9787305851504,42.4560968274323,45.4151072888352,65.7971024714865,19088.9467451103,31500.4579327045,66.6012299271314,0
2875,2629,5.1962703019297,4331.53889824782,36.9795421507603,13.622081758116,14.0848540031388,20.9758164807076,22384.1583111067,37185.3953425202,-348.470008120578,0
2875,2630,5.4377692876457,1365.50809445546,35.9787305851504,32.2840666912465,34.2707210905259,49.9588030662105,19076.8246999412,31510.2821203243,85.3290821884365,0
2876,2631,5.28581472086367,5105.15809624782,36.9795421507603,12.1545228015678,12.5245566148098,18.7041998991492,22393.4080352051,37172.2058653454,-367.580051818321,0
2876,2632,5.68539580889833,1381.38884045546,35.9787305851504,31.9835996655172,33.9424355388038,49.4912274349733,19094.1462919165,31514.8547263544,88.8968635443476,0
2877,2633,5.68575734302154,1309.26993874396,35.9716215713725,33.4026607916586,35.4933224722667,51.6996479858986,19078.3993639337,31501.2192960718,108.236319289971,0
2877,2634,5.63074972896107,1637.56086424782,36.9795421507603,28.1411157460748,29.7627525146916,43.5169401854733,22435.9735916651,37165.846133238,-465.779154529313,0
2878,2635,5.89927527581927,4110.62171643226,35.656601326215,14.0282212931274,14.5097145125433,21.6025621593588,30759.2557506107,36853.2932899325,314.486713182804,0
2878,2636,5.81474415298781,1687.01583874396,35.9716215713725,27.2667348300063,28.798116414038,42.153702651297,19039.6886713359,31543.2272099875,104.995948112021,0
2879,2637,5.95493160311386,4675.01594043226,35.656601326215,12.8257975297349,13.2302311849273,19.7410492706203,30778.8478412331,36857.6730771329,302.579725891843,0
2879,2638,5.73714180497494,1232.70756274396,35.9716215713725,35.0871014809291,37.3360494252278,54.3215932404513,19068.2199015809,31514.244512849,151.523499995798,0
2880,2639,5.73168104957401,5185.3331346585,35.6649347851446,11.9453895801026,12.2962135467013,18.3788331543545,30767.9148088499,36853.0212590276,335.891978820801,0
2880,2640,5.04714068132196,1127.19451024963,36.0181046120045,37.7876892517408,40.2945241150769,58.5264372303304,19054.6591008462,31494.3325376485,78.9525989842319,0
2881,2641,5.95354599692518,5025.5785566585,35.6649347851446,12.2037899252063,12.5701067385788,18.7785782216747,30775.734955487,36851.2853119928,335.632568332861,0
2882,2642,5.87909580776754,4977.1433826585,35.6649347851446,12.2850827476799,12.6563181080643,18.9043503417727,30775.4747066453,36850.4728046135,328.162230195393,0
2908,2643,5.59477448656703,2327.11399707847,34.5037062550502,21.0491721831311,22.0380053140527,32.4878513885987,15833.999042297,25506.2089061619,245.911480127887,0
2912,2644,5.64802001509537,1890.45628239954,34.5159329255207,24.6624868121007,25.9501919333766,38.1005152966531,16893.6556252082,25245.3043811194,-53.1216990137389,0
2912,2645,5.47019357819411,1878.04205392711,37.1627010398353,25.3001882679976,26.6729647656824,39.1000695461187,21113.5127016364,36505.140834134,-454.991121701871,0
2913,2646,5.29318662396641,4943.23419960098,37.1737577172004,12.4394806787132,12.8280047627665,19.1454160935277,21125.5816881674,36471.4702344683,-473.185263046841,0
2914,2647,5.43913726256387,4606.87477290047,37.1624747960294,13.0611446695757,13.4887053891577,20.1076139413133,21127.7306883589,36464.0071405944,-493.912251346631,0
2915,2648,5.48071984250357,5398.37908290047,37.1624747960294,11.7091596082776,12.0532547951492,18.0154341111327,21119.8246594597,36461.5756307708,-519.880204555406,0
2916,2649,5.44420418940284,4706.36659560098,37.1737577172004,12.8694105897684,13.2848484394961,19.8108293058259,21129.3533422433,36467.7806069955,-491.552626487876,0
2917,2650,5.50267783387466,3616.52011560098,37.1737577172004,15.4971340318389,16.0885431041161,23.8809843813426,21129.6932282724,36468.4620681806,-538.375797411631,0
2918,2651,6.07743783883873,2378.82060943989,36.324347675917,20.9748633726327,21.9755883864148,32.37741697072,29725.6509954651,35566.5541052882,69.0357094447831,0
2920,2652,8.15275863148418,6142.70603155108,36.7777856757069,10.7087794027998,10.9933793203684,16.4679771304352,26695.6055856288,37440.8489162514,-1317.9454564099,0
2921,2653,5.55297447985032,1763.57488953036,33.3444548477687,25.7799311208333,27.1488684301088,39.8331849964856,20544.7792693338,17961.2958430104,589.784647561019,0
2921,2654,8.53300652525438,1955.45330155107,36.7777856757069,24.446892269957,25.7417644716585,37.7725639948546,26745.4397781675,37442.9406018197,-1282.84880412495,0
2945,2655,7.40401755532002,2865.13391438966,32.2555310465224,17.7649654144106,18.4807113021294,27.3861149060002,25820.8674257187,42001.5544458185,863.73776477495,0
2957,2656,5.38865596865305,3009.30848286139,37.0100386864624,17.6894547435386,18.4394675888589,27.2800004254096,21316.5205424495,35062.6765094329,-46.9824226254926,0
2958,2657,6.44114340525299,2451.75181270361,36.790010561997,20.5692473733484,21.5416681417808,31.7488192753255,20837.3074755205,34174.5689002673,-511.084345698444,0
2961,2658,5.8551055823854,1628.49354942793,36.7018923111003,28.2029178618369,29.8266911390978,43.6121126264382,21270.8451479261,33377.2904037938,-328.785842546129,0
2964,2659,5.58875496096081,4791.71219031098,36.9574213453479,12.6958094389681,13.0991679440463,19.541808729394,27488.2339376572,33760.9239219965,-861.870422252942,0
2965,2660,5.64216471297462,4776.8613545877,36.9692146718569,12.7238963439128,13.1290773936544,19.5852972386235,27502.1565855095,33761.2150784362,-838.876744996987,0
2966,2661,5.67905666699653,4509.42166258769,36.9692146718569,13.2435236514634,13.6816981375507,20.3896650876286,27491.2678605935,33778.6609712963,-812.90501900103,0
2967,2662,5.56543759589476,4947.91527058769,36.9692146718569,12.418361908419,12.804527883853,19.1124446383541,27492.4674415563,33755.0612294024,-897.946374578474,0
2968,2663,5.48845965698478,6369.12760471462,36.8740613256812,10.4567029862016,10.7277335486865,16.0784390677425,27853.5381193485,33259.179631694,-272.111937183818,0
2969,2664,5.39058089022324,7201.71040471462,36.8740613256812,9.63697796029169,9.86420846092306,14.8117903422009,27860.7866743945,33224.1535391505,-292.530818952945,0
2969,2665,9.45609186567989,907.39975981015,36.2443968737048,45.4293255294387,48.6857413129996,70.4303889432712,28056.3027640652,30139.0647962547,312.564792932643,0
2970,2666,5.41483256976435,7135.88136098561,36.8869145652446,9.69612740249508,9.92647876640548,14.9031780126759,27860.0409850804,33215.6516447743,-262.661754638256,0
2971,2667,5.34972732153519,7349.40140498561,36.8869145652446,9.50940379451496,9.73010060183323,14.6147387969412,27847.7286106824,33215.3625803433,-277.444428647955,0
2972,2668,6.03846795402412,3692.67626831702,37.1479195494952,15.265305597564,15.840285943649,23.5216491068779,25608.6049855972,35156.0838884597,-1047.61823850867,0
2973,2669,6.08694808713947,4568.98067831702,37.1479195494952,13.1354498134196,13.5676815829688,20.2226231942631,25613.605131417,35135.3936550718,-1001.01730369194,0
2974,2670,6.15959316296757,4504.77612268131,37.1474175714909,13.2656344642908,13.7062260219105,20.4241710232152,25601.9331066486,35123.6443519576,-987.79384481656,0
2975,2671,6.1361563779431,4582.62378840424,37.1544811599164,13.108660772164,13.5392139562592,20.1811607090685,25599.2288949401,35123.0656730316,-1011.50148524547,0
2976,2672,5.97841857217452,2892.78941090361,36.9467116277815,18.203371673804,18.9917932128515,28.0771304265993,26521.7204889343,33018.0805713701,-1107.60279126912,0
2977,2673,6.26757986092813,4011.15956090361,36.9467116277815,14.3766127426954,14.8892996929009,22.1443609946218,26519.7694071967,33003.612795473,-1131.07322291454,0
2978,2674,6.40117119284674,3013.92407549211,36.9533060387673,17.6632522641483,18.4108502954045,27.2392321700813,26488.2350810046,33025.7581716628,-1103.46725062642,0
2999,2675,5.98944066666638,2301.79644690381,35.1660867544351,21.3256746375843,22.3434079115939,32.9190145143937,29699.0076712913,22942.4900469684,413.328870565097,0
3000,2676,6.13043872506534,1789.5368077973,35.2520274370561,25.8855551946935,27.2871205844677,40.0038958699697,29728.6792309591,22904.8821349361,356.718279246173,0
3001,2677,5.81205524964467,2364.76987579717,35.2608922499108,20.9106793521914,21.8959474152099,32.2749113702179,30024.9943468599,22901.5639741997,211.623641276782,0
3002,2678,5.93356498812548,1789.89127579717,35.2608922499108,25.8833786032591,27.2848613261983,40.0005419170452,30038.5821016582,22937.3930121386,150.568540156853,0
3004,2679,5.64740074203934,2028.83983496786,34.6586340737848,23.3844545684592,24.5660396243359,36.1151848868964,26068.0233972092,21455.0628678311,-353.990471162447,0
3005,2680,5.54605440724438,2294.31921296786,34.6586340737848,21.2992758354996,22.3097568491346,32.8766063498562,26087.5196456095,21425.4721122934,-416.228425322628,0
3006,2681,5.6249192894702,2062.53961496786,34.6586340737848,23.0916819768703,24.2488724021868,35.6603624703261,26104.6448487441,21423.8556416423,-455.523150889019,0
3007,2682,8.24391871561093,2048.21335583341,34.9934136562696,23.2742732769911,24.450355230562,35.9450376033721,27787.3786777553,22148.7156741935,-1461.14432419756,0
3008,2683,8.60646928201867,2836.67807783341,34.9934136562696,18.2327496628596,19.0071358138065,28.1182183533971,27837.4583484689,22133.6732907569,-1386.97171108567,0
3008,2684,4.13172470824546,2120.39944932824,34.776138496544,22.6296043561407,23.7497965211368,34.9429426908848,26912.3217451746,22292.6147885296,743.759794281174,0
3009,2685,8.51489739459016,3319.09152983341,34.9934136562696,16.2664206051754,16.896763824881,25.0690891813115,27824.61420564,22164.8874817839,-1279.9626099611,0
3009,2686,6.41390768730246,2760.64890410535,35.1646165555665,18.6220985138287,19.427445289858,28.7226462623529,28552.2320990744,22802.8693886788,-114.674084818059,0
3009,2687,7.39225578274494,2788.04584752142,35.3270491199973,18.5072898225396,19.3053096517003,28.5449138498728,28148.1664822841,23603.4553447439,737.31422973755,0
3010,2688,8.35391448293614,3370.75921218087,35.0775721811326,16.0952773908095,16.7141106233239,24.8039864515317,27849.5935804149,22158.6146523304,-1410.01137638439,0
3010,2689,6.69032807115404,2743.40609089165,35.2632063915092,18.7207733655954,19.5345053392855,28.8759787295088,28576.2792935288,22780.3318838561,-122.076079771508,0
3011,2690,6.13251797899775,2426.4309073799,35.1552812979586,20.4950320109067,21.446092076768,31.6293297279902,28333.748038263,22286.9143259753,621.367586966034,0
3011,2691,8.59496886355469,1753.75113361085,35.433802371246,26.3353101898559,27.7782287573796,40.7036813272394,28597.690094488,22648.2904159797,85.8119006619645,0
3012,2692,6.30706381247389,2305.66429506772,35.1682267427831,21.2990078119442,22.3146084441937,32.8776127402253,28365.4066319,22248.3231279369,535.896871491888,0
3012,2693,6.75284988830966,2168.4227817395,35.4046372065416,22.3514077822234,23.4553075986367,34.5126738585371,28138.3200101045,23593.8349668374,748.351329805385,0
3013,2694,6.36646000566253,2632.9246573799,35.1552812979586,19.2845122515144,20.1406248184286,29.7504579307882,28353.9525715179,22260.4578923061,575.153791667381,0
3013,2695,6.06509404602946,2355.45701658424,35.438383174699,20.9994893303544,21.9936290501649,32.4132831476261,28129.3081739157,23584.0326322858,718.026026164415,0
3014,2696,6.41075545670024,2563.21431306772,35.1682267427831,19.6744865259815,20.5610281041648,30.3556995827807,28355.1469305183,22269.7157618995,561.661326774959,0
3015,2697,5.90731552049423,2535.76991706772,35.1682267427831,19.8328207280226,20.7317461210128,30.6014433451695,28372.9078972581,22277.5165087201,606.084120712305,0
3016,2698,6.14700765980398,2507.1121453799,35.1552812979586,19.9998081065079,20.9117196440228,30.8605969742315,28347.946099027,22260.2004509871,596.586819941937,0
3016,2699,5.57119189825085,1691.43369045431,34.5884564566081,26.9075577049079,28.390081474658,41.590438871413,19576.3782116446,24246.0578692021,-592.199921989116,0
3017,2700,6.304909579014,1594.3987573799,35.1552812979586,28.3209889027057,29.9357655412378,43.7902911562397,28319.6590228855,22232.9500925209,565.244666687556,0
3017,2701,5.63996057917925,1770.57607185955,34.5939885824961,25.9642803918664,27.3646930151297,40.1240534750086,19630.3286094787,24231.8603223004,-544.029960492891,0
3018,2702,5.80607636042879,2267.46761357801,35.4485758079811,21.613379942635,22.6572821657138,33.3665686201291,17892.6907875915,28747.9676296194,-33.7386632099708,0
3018,2703,5.54496059217355,1737.26247889255,34.6216550191067,26.3577521681209,27.7926734628273,40.7358013143462,19582.2225947161,24293.1740305557,-445.496101179831,0
3019,2704,5.75505658122368,2549.11407557801,35.4485758079811,19.7939035535084,20.6923763217681,30.5417576891915,17911.4018740338,28754.416474656,8.98736970140898,0
3019,2705,5.54868185887605,1758.72608385955,34.5939885824961,26.1005301871241,27.5127542964102,40.3358484664891,19634.6631693462,24250.0052846896,-645.295924071788,0
3019,2706,7.10523446903607,1895.08168915066,36.263148598959,24.9519219306967,26.2845012247884,38.5559224731711,27972.5110688278,27599.4910139374,-1348.48083474796,0
3020,2707,5.64503761443756,2748.37672160419,35.4572903826008,18.7202193772833,19.5356001749023,28.8755860919373,17898.1930665864,28762.0937207577,35.8822780384532,0
3020,2708,5.55654161555622,1961.69235061794,34.621933325864,23.9893665469044,25.2212942417323,37.0549017733658,19620.8247427095,24248.0137037441,-496.140326540133,0
3021,2709,5.68969268367029,2445.56327360419,35.4572903826008,20.418269386107,21.366121435156,31.5109623285978,17875.1145813262,28749.8586399958,13.3318822290909,0
3021,2710,5.27323747447116,1652.71162261794,34.621933325864,27.4086841747096,28.9356729086618,42.3697100333693,19570.1275288007,24237.6464079345,-525.127123140905,0
3021,2711,7.6580123444798,2127.51813236144,36.3694137913772,22.839890139481,23.9943567297137,35.274264396465,28063.6652265139,27595.8593302998,-1380.86680239632,0
3022,2712,5.60967158983908,2731.68101360419,35.4572903826008,18.8046445210378,19.6264886108972,29.0065795215835,17904.0497799413,28759.3165587157,-1.90981853483425,0
3022,2713,6.65376069199261,2079.39217013567,36.3994325025791,23.2492936039831,24.4383887020269,35.9104174071255,27998.6661082628,27573.8663367502,-1301.09623268881,0
3022,2714,3.82101646760766,1613.4217436887,34.6556508210044,27.9406780798404,29.5151336025897,43.1970570773584,19279.7924843216,23703.9728782363,-129.209976177555,0
3023,2715,5.44114727336789,2141.26773800173,35.4270738790137,22.5707523574376,23.6930033382335,34.8534454320987,17894.2902683246,28748.0019364863,20.8898434945545,0
3023,2716,7.0975598955987,2405.86069436144,36.3694137913772,20.8034157870473,21.7907401357291,32.1113208335734,28026.6031520161,27562.6281300445,-1456.12811003813,0
3023,2717,5.68621690439571,1886.39786072803,34.3332402027826,24.6677969563555,25.9538024121872,38.1081700578093,19336.6904050932,22974.2036871958,-592.298662590134,0
3024,2718,5.51952280922763,2162.95631672803,34.3332402027826,22.2162994230013,23.2977914985147,34.299695912445,19352.892817091,22938.3421193624,-627.333462373493,0
3024,2719,6.84147433009943,2257.11911636144,36.3694137913772,21.832631084081,22.9036644456313,33.7096270903986,27997.4734687968,27559.7923579678,-1448.75645148247,0
3025,2720,6.96693688743486,2061.81031537899,36.3630513735747,23.3952053719745,24.5961998210677,36.1370206254106,27982.3520341143,27571.3853129869,-1363.36819149173,0
3025,2721,5.42888716894194,1957.07929472803,34.3332402027826,23.9788305864432,25.2065631551499,37.0376138956516,19309.5218161127,22958.9082331117,-657.591961592935,0
3026,2722,5.56917873320013,1811.37730472803,34.3332402027826,25.4548850770145,26.8081660555801,39.3313941665697,19324.9599123341,22953.7886447475,-586.607468881773,0
3026,2723,7.32597623062819,2133.75149036144,36.3694137913772,22.7887947320849,23.9389948330253,35.1948850682269,28031.3915978539,27549.7701383552,-1434.06665697503,0
3027,2724,5.51202273323075,1792.01645072803,34.3332402027826,25.6681901271106,27.0398271278478,39.6629298048354,19329.1366312652,22949.14713286,-547.991918397468,0
3027,2725,7.1925669606188,1704.68585813567,36.3994325025791,27.1360115425983,28.6610218492062,41.9518779396246,28032.8016910354,27601.9819299573,-1413.67835176044,0
3028,2726,5.48145641098266,1764.66015872803,34.3332402027826,25.9771854807597,27.3755040153022,40.1432208972858,19323.8597468315,22962.5123157283,-668.486721522105,0
3029,2727,7.25400844689293,2190.47227520897,36.3938058540473,22.3404568095859,23.453622333219,34.4984816009741,28001.2722714634,27613.6850534599,-1275.5386762163,0
3030,2728,7.39855109972559,2089.46346269144,36.4634600591844,23.1741022046252,24.3575488569373,35.7937781859268,28048.0037453338,27583.6153405717,-1415.73163287,0
3030,2729,7.19538757701037,2013.84305982758,36.2858044880386,23.8093721846706,25.0445474487698,36.7803413146242,28028.4851296082,27593.7521429701,-1393.06877414335,0
3031,2730,7.43165016474291,2133.08251347011,36.434549634272,22.8050964161523,23.9573304530463,35.2203970767319,28047.124287443,27527.7415261955,-1391.96335049895,0
3032,2731,7.39576442488735,2157.23746469144,36.4634600591844,22.6142297970263,23.7508444438767,34.9239643393393,28066.5735756245,27630.6570651363,-1422.12924223353,0
3033,2732,7.10844794595389,1890.5762534701,36.434549634272,25.0308433256201,26.37215655262,38.6791281934845,27996.1936630688,27564.3656648146,-1348.75478287936,0
3034,2733,7.14529151868156,1648.29025347011,36.434549634272,27.8744640847038,29.4655572331354,43.1003634858857,28040.7839574719,27527.3988349939,-1426.90797603353,0
3037,2734,7.07205623934244,1684.35194653458,36.430043133205,27.4006962613123,28.9495490013095,42.3635743716557,28887.110767405,27543.3705045665,-1261.90180249972,0
3038,2735,6.15208325155379,1719.61557253458,36.430043133205,26.9567954270793,28.4663201079401,41.673304843949,28871.8743076407,27507.6630390133,-1135.20138815688,0
3039,2736,6.43707742163644,2107.58153653458,36.430043133205,23.015456890106,24.1852423949549,35.5471992542222,28891.2046286155,27490.9453207407,-1202.52772950847,0
3040,2737,6.80741567908953,1381.28926161525,36.0663982691583,32.0094648224046,33.971908962756,49.5318173334963,27568.5387870938,25691.9071900019,-1217.59479590271,0
3041,2738,6.61579053666409,1681.41779246771,36.0262975265261,27.3502229704553,28.8896693809513,42.2837134422435,27551.1693558063,25687.4368255629,-1238.25971494058,0
3042,2739,6.5814549160069,1474.43947046771,36.0262975265261,30.3609564592955,32.1713412278969,46.9666407610352,27552.167138405,25653.2974797929,-1298.78867873923,0
3043,2740,6.69335603611868,1363.78055969244,36.0500311877269,32.3369669935629,34.3295223263337,50.0414053865163,27523.4372364824,25728.7087566077,-1343.36586283862,0
3044,2741,6.91941920264729,1298.62765169244,36.0500311877269,33.6483022265822,35.7630640519569,52.0822891038466,27531.7571849532,25738.083859042,-1150.19160602084,0
3046,2742,6.41249501403405,1733.55436226519,35.5620841015781,26.60252572525,28.0703873888029,41.1195540470313,28436.74525738,23660.6645062997,-1014.82647558306,0
3047,2743,5.97915856319019,1665.2662204926,35.6014453714696,27.4650321712051,29.0093933108665,42.4607786151534,28408.1058970375,23662.0351831239,-1136.7227719748,0
3048,2744,6.08729470087311,1279.76705218117,35.5698014325498,33.9083439662449,36.0404853603534,52.4850832407856,28472.3260566731,23624.1019208065,-1104.68328773989,0
3049,2745,6.14563836026677,1465.97485618117,35.5698014325498,30.3843802526273,32.1907691928029,47.0013697498801,28492.4207786451,23638.2157108112,-1098.96409543568,0
3050,2746,6.1781966605384,1654.87175871653,35.6241341423128,27.6060407831025,29.163184802092,42.6801290251498,28520.5798308519,23649.4747854022,-1193.39943023373,0
3051,2747,6.5993423530523,1407.85826888817,35.5834810682643,31.3911988723915,33.2899315597913,48.5678879098621,28478.0517601717,23607.6790473817,-1154.942018538,0
3052,2748,6.06134301633918,1514.02358888817,35.5834810682643,29.6145236013255,31.3511720598802,45.8037915128802,28491.6496437466,23581.4584605154,-1169.75700891432,0
3053,2749,6.32688951957174,1560.58655288817,35.5834810682643,28.9088366841687,30.581825218272,44.7061139527012,28431.6035686457,23649.5373303491,-1223.46508861572,0
3055,2750,7.23081463795316,3335.72054287726,36.2079676013662,16.3304343293144,16.974363346098,25.1708052719542,29525.2950410156,26058.1343959459,1108.26225047107,0
3056,2751,7.08340218111881,3679.78868887727,36.2079676013662,15.2197234027153,15.7852609470308,23.449284778953,29529.7224726724,26057.2197999547,1099.27868606513,0
3057,2752,7.16521623337917,3877.58216887726,36.2079676013662,14.6637516593944,15.1911917398419,22.5878856204203,29545.5489167481,26081.0414429957,1115.25420262784,0
3058,2753,7.16111638574457,3452.76670687726,36.2079676013662,15.929694827512,16.5450019561883,24.5495944991142,29521.4584439144,26065.0408255124,1170.22758669979,0
3059,2754,7.2251951759416,3429.26496487726,36.2079676013662,16.0081314333342,16.6290112719141,24.6711756964969,29545.1491218305,26056.2545927747,1106.73358828989,0
3060,2755,7.19020732437609,3846.45844163155,36.1971854751767,14.7468358529971,15.2798486730303,22.7165795081566,29514.7778519817,26096.4653809572,1132.7366948683,0
3061,2756,7.45067497861534,3722.65029563155,36.1971854751767,15.0936913793898,15.6504516855295,23.2539771545858,29531.2105226087,26061.2272812512,1117.58273687005,0
3061,2757,3.2258906318424,2702.81480962122,36.2207703069542,19.0503850817421,19.8978090062315,29.3897380013023,28761.3983514278,26029.9007115566,-763.280137280243,0
3062,2758,7.21948427810045,3110.15128763155,36.1971854751767,17.1799280264719,17.8856449700969,26.4879674678145,29529.9362343158,26081.2987669407,1132.81453309766,0
3063,2759,5.98436026228352,2262.95427417288,36.1193033002403,21.7509100067079,22.8127571693378,33.5820157863561,30296.9307461205,26137.3664778028,-944.592964140314,0
3064,2760,5.60586530694417,1566.64937192296,36.6019542572345,29.0614190570173,30.7612370338611,44.9470965901297,25773.8526927727,28961.2911086101,-302.973702058286,0
3064,2761,5.88627277770051,1800.74523974435,36.1533083407479,25.9429466674008,27.360175928319,40.09608099739,30297.4232374048,26145.7415996545,-1014.98820278483,0
3065,2762,5.48477196348842,1745.32428392296,36.6019542572345,26.6799045202967,28.1670336734357,41.2433327033691,25730.7639671041,28984.600703378,-364.83466498914,0
3065,2763,6.00073851593994,1958.59900617288,36.1193033002403,24.295811357664,25.570536374889,37.5357582819718,30231.8571946008,26145.0958832971,-1008.77125435364,0
3066,2764,5.14182258267748,1792.45992392296,36.6019542572345,26.1276785532877,27.5662806775947,40.3847312090531,25757.0803413004,28959.440272845,-285.858082637764,0
3067,2765,5.60656884890044,1767.43838792296,36.6019542572345,26.417313595965,27.8813279506267,40.835044708101,25742.1535329055,28962.8276553632,-374.364132097186,0
3068,2766,5.32695983954716,1418.52452192296,36.6019542572345,31.4714811164757,33.3915189357342,48.696698924571,25762.6271363875,28952.3074655024,-308.302518094843,0
3069,2767,5.43162083152134,1116.06348992296,36.6019542572345,38.3026946437418,40.8680627648423,59.3309431769536,25778.4863734873,28969.4509677049,-341.696021184704,0
3070,2768,6.026501946202,1241.07773986482,36.6041294520514,35.0881166747732,37.3464385141852,54.3257768275545,25741.4701594874,28932.6626082423,-341.671794742707,0
3070,2769,6.08501013433738,2003.16817572879,34.3880563710231,23.5644743883672,24.7580705249406,36.3940174777688,24429.5051114421,20520.8854979926,-1068.15480255096,0
3071,2770,6.19812331311716,2508.48866772879,34.3880563710231,19.8838044328622,20.7793617923978,30.6785404926806,24431.8220823597,20543.9902481726,-1082.63463530569,0
3071,2771,5.68693805885347,1414.31222986482,36.6041294520514,31.5477062269319,33.474811441399,48.8153202317122,25765.3282412746,28962.657823159,-345.668139327316,0
3071,2772,5.5793342403722,1144.78018809082,34.0141797389587,36.6207807415272,38.9844653544284,56.7006356266869,20341.4516706826,20109.8192831731,-694.888239006534,0
3072,2773,5.48255723594061,1745.36300986482,36.6041294520514,26.6798928849047,28.1670467138074,41.2433217665565,25756.0989035742,28925.1874194423,-374.13945481893,0
3072,2774,5.83654913123758,1871.36459172879,34.3880563710231,24.8315122838629,26.1321013063221,38.3627655954965,24450.8014543924,20538.6139915861,-1101.47616498983,0
3073,2775,5.53331869281204,1608.73573186482,36.6041294520514,28.4552635901009,30.1004768704637,44.0042594452596,25770.0596349213,28982.5045391738,-313.125809779562,0
3073,2776,5.6709568601988,1817.36615317029,34.0514032076176,25.3322387461647,26.6715651056579,39.139823286834,20298.0814657165,20139.7217449947,-679.417169885312,0
3074,2777,5.49412132951009,1604.77105186482,36.6041294520514,28.5111084527908,30.1613413912173,44.0911194379427,25738.6225751439,28968.013323694,-295.245667722932,0
3074,2778,5.79736507736249,1814.97257394389,34.3458467184425,25.4183260536442,26.7686190646008,39.2746151991253,23738.0950214734,20546.9027946808,-1079.13203095441,0
3074,2779,5.44040926346456,1666.86249517029,34.0514032076176,27.0973499033372,28.5896294626647,41.8836015425456,20313.2053501464,20137.4866403157,-653.707219157389,0
3075,2780,5.84202270732941,1653.18419986482,36.6041294520514,27.8468046556612,29.4375100309087,43.0579275725033,25762.4194748611,28943.2339779948,-287.788957844306,0
3075,2781,5.46886804832879,1468.71659917029,34.0514032076176,29.9463546762484,31.6920832386414,46.3141272496626,20283.3893677262,20134.6074761524,-682.036163787467,0
3075,2782,5.82580692626323,1715.80919844502,34.3781198252457,26.5620935690478,28.0117706962166,41.0526200301721,23719.2737279498,20624.5097292641,-1103.25046597158,0
3076,2783,5.78965259459617,2122.27192186482,36.6041294520514,22.9223397230618,24.0861298718787,35.4030303817792,25744.0828261867,28970.2485029209,-365.265248338112,0
3076,2784,5.45044477767878,1613.79579323377,34.0278481073086,27.789037276111,29.3418346247637,42.958964565895,20338.817970267,20073.1781423098,-656.699890907025,0
3076,2785,6.45140679641389,1085.16308994389,34.3458467184425,38.3922365678128,40.9301871186212,59.4602464867867,23723.8377904639,20576.7701794531,-1076.70421285867,0
3077,2786,5.06094143566514,1216.58497717029,34.0514032076176,34.8545088809746,37.0522606469104,53.9513199722992,20223.4332732559,20178.6011880417,-628.421192629782,0
3078,2787,5.3823508843391,1481.20531209082,34.0141797389587,29.7356077280943,31.4618171016563,45.9861743778845,20276.1074134735,20141.2811279626,-618.805611217719,0
3079,2788,5.80580178849743,960.995244090821,34.0141797389587,42.3449037967583,45.2591885922295,65.6143511337159,20271.1973929633,20160.1742578854,-697.216004624692,0
3081,2789,5.5010678358163,1029.00084281821,34.0485088755799,40.0080773902502,42.6963510920611,61.975028140045,20301.8367104287,20162.4702721392,-592.741172700329,0
3093,2790,6.08470067152092,2721.15212186622,33.9484061666045,18.664972761335,19.4627857696133,28.7861840504267,22668.4024044381,41344.2035125245,619.304505289541,0
3098,2791,5.35724003290516,1174.87145099144,33.3998179678801,35.6428327480014,37.9041728785648,55.1754579334485,24417.4802489767,15980.1085706278,-121.192204181458,0
3099,2792,5.23016379541122,1708.49535299144,33.3998179678801,26.4359458476024,27.8621768009486,40.853049680019,24437.7830809414,15969.9413771791,-182.499927748913,0
3100,2793,5.50585940114802,1876.75589952869,33.4039326020252,24.5820686221048,25.8496944974089,37.9718718922125,24427.7551834292,15972.8977724006,-141.442466559987,0
3101,2794,5.49257813944399,1616.78302152869,33.4039326020252,27.6023514817353,29.130396331095,42.6663814556048,24428.8437267039,15975.060465009,-119.016292995509,0
3102,2795,7.13780168913023,3111.75829626725,33.3291854437292,16.8580177882242,17.5174868488379,25.9825416996666,21971.1193777107,16469.1756337306,1030.88536874425,0
3103,2796,7.21136936024395,3302.66557448,33.2906145321739,16.148408567787,16.7573907854788,24.8825879200414,21962.3421127148,16449.7461245706,1037.29200485675,0
3104,2797,7.35344367798795,3051.43127723498,33.2751780392534,17.0917180044403,17.7675128397995,26.3447140328915,21956.560587981,16451.0205288951,1022.96912122116,0
3120,2798,5.60813845161372,2470.57412554046,35.0443126700558,20.2045042490913,21.131491900069,31.178039570158,21342.9476881267,24010.7998967388,-547.353519658725,0
3121,2799,5.55764885042708,2413.79109754046,35.0443126700558,20.559192418492,21.5142799147898,31.7286368030886,21339.0395751742,24009.5868887908,-518.884453040709,0
3122,2800,5.43778331972806,2851.40366554046,35.0443126700558,18.1697843222845,18.9398664627194,28.0206646094528,21346.1378719902,24011.1368443155,-555.933816734316,0
3126,2801,6.45101614250047,6530.31478181991,36.8907560646126,10.2843157153574,10.5459890937283,15.8120243912276,22914.3584408118,38225.9770931231,698.580311978715,0
3127,2802,6.47890463183805,5782.77436781991,36.8907560646126,11.1596425988329,11.4703044302506,17.1651968394878,22912.3233789813,38232.2753489538,674.496440644327,0
3128,2803,6.47967428731247,6102.28352381991,36.8907560646126,10.7620783825936,11.050145500802,16.5505058307093,22925.0339802694,38245.9374571818,704.851424183128,0
3129,2804,6.45287684917018,5815.52702981991,36.8907560646126,11.1170917441189,11.425308518807,17.0993998131048,22911.7530098358,38237.4685424835,703.930249225881,0
3130,2805,6.46812794820703,4148.92330251066,36.8923504413787,14.0338096618096,14.5232116033938,21.6132933788894,22940.1900584295,38240.4136426861,678.539893854648,0
3130,2806,5.45219737749226,1619.19788656064,35.0675977267285,27.9573294833972,29.5385968089677,43.2244366854886,19823.6416678827,24774.1741779775,-499.538327369847,0
3131,2807,7.53181121754347,6149.0169182262,36.9209122112926,10.7085375925027,10.9937333583765,16.4677713447594,24726.213816711,37545.6998570013,1243.94334347094,0
3132,2808,7.8936166061828,6169.5892022262,36.9209122112926,10.6845373679625,10.9683915413306,16.4306697103449,24724.6964772619,37552.8400664294,1205.03959307765,0
3132,2809,5.7027334243843,1541.1166034314,35.0387415738537,29.0662739280864,30.7462480295624,44.948990230049,19785.5147166972,24799.3868272007,-465.361697578272,0
3133,2810,7.69539184380404,6137.2550342262,36.9209122112926,10.7223239159038,11.0082912733935,16.4890837019842,24719.3365912046,37575.5260604016,1246.48878341434,0
3133,2811,5.72699098582225,1228.9884703999,35.0401528612478,34.8814344571224,37.0970054078342,53.9975172389335,19811.4068641318,24763.8359999723,-558.465332819925,0
3134,2812,7.56084912849245,6003.4911362262,36.9209122112926,10.8825025551142,11.1774851819735,16.7367185926648,24743.1176302101,37550.0362773405,1234.901006374,0
3134,2813,5.55447205144572,1338.80690656064,35.0675977267285,32.5450084798357,34.542875896796,50.36124848533,19774.7287697973,24769.9170606091,-474.539896974538,0
3135,2814,7.61136195470103,6315.1590362262,36.9209122112926,10.5187077194487,10.7933497524213,16.174331588899,24718.902565576,37559.3545740578,1253.27263399268,0
3135,2815,5.54397511024708,1477.83501856064,35.0675977267285,30.060758243373,31.8309009639546,46.4960126203764,19812.9214510385,24769.5977306029,-438.606379010321,0
3136,2816,5.56785350655123,1757.4362623999,35.0401528612478,26.2094945829717,27.6366583503528,40.506757024357,19771.9696013019,24710.5829709905,-488.022630618157,0
3137,2817,5.3859163415145,1858.09131622932,35.1353006422886,25.1164418188286,26.450216229855,38.8080310485077,19947.6232674559,25181.9429774395,-631.862905101654,0
3138,2818,5.54208386229401,2087.00753422932,35.1353006422886,22.9672358811539,24.1192710726678,35.4684806740202,19959.4528051547,25155.2931263073,-767.244696547474,0
3139,2819,5.28596169095972,2175.99257422932,35.1353006422886,22.2479336483396,23.3405040559432,34.351177418435,19917.2177182337,25187.3466346581,-782.96517753886,0
3140,2820,5.34045570533584,2161.21900314977,35.129127253025,22.3624492962161,23.4643729178473,34.5290244962287,19928.3449781667,25171.8785130657,-695.45986622862,0
3141,2821,5.54606283116204,1991.62469795599,35.1557221853384,23.8094184951348,25.0321998526367,36.7769732938147,19920.9531720631,25188.1848892392,-725.050389223613,0
3152,2822,6.47479583083144,2168.66735717569,36.6988373361518,22.5614216302258,23.6960368282077,34.8425922900208,23526.3482566621,31844.2682528781,-1234.01989956543,0
3153,2823,6.36198655312573,2356.96763117569,36.6988373361518,21.1770289170304,22.1977096861097,32.6923391859851,23558.8006707639,31780.196095455,-1137.44824906169,0
3153,2824,6.29090570561467,2035.81364240431,36.5015058971563,23.6490079262837,24.8729114336083,36.5317938249987,23553.5786625301,31777.4214992004,-1141.16914610339,0
3154,2825,6.39609449194906,2415.01879738456,36.6747888329214,20.7879833144461,21.7769394867595,32.0881540457095,23549.635078901,31844.7519291785,-1140.25238767403,0
3155,2826,6.83205486438221,2251.30890917569,36.6988373361518,21.9268812892885,23.0089269812496,33.8569192205378,23562.1260806302,31811.3913627678,-1381.48181291001,0
3156,2827,6.271622597444,2136.81776117569,36.6988373361518,22.81836418693,23.9744264454023,35.2417634875016,23558.5023878884,31785.3546830129,-1131.91478929189,0
3157,2828,6.21470672462923,2278.28138938456,36.6747888329214,21.7255175941169,22.7907667417512,33.5440969649733,23544.3680637903,31707.9126728084,-1099.14911829357,0
3158,2829,6.53106416217544,2233.32632338456,36.6747888329214,22.0573868735672,23.1499587404246,34.0595626074108,23532.8009279903,31705.6900408162,-1087.72270640975,0
3159,2830,6.47300548983553,2205.94800538456,36.6747888329214,22.2657634471224,23.3755722735177,34.3832401123924,23544.0256261103,31661.6696858697,-1121.95514590525,0
3160,2831,6.07248810977094,1804.81254608143,36.7085942380313,26.0089269036583,27.4383667778317,40.2004505659615,23623.4474471363,31746.8739652368,-996.781189565924,0
3163,2832,7.64181837400113,3903.71210214354,37.0628461169309,14.6654902665218,15.1985029015099,22.5920816049479,21422.3257088166,36006.4157593231,1248.8613939756,0
3166,2833,7.6815297463737,4181.17362414354,37.0628461169309,13.9706507610633,14.4568767215358,21.5157550320492,21437.3900992507,36002.3788229071,1251.81696678452,0
3166,2834,8.76329991387662,3025.23523953528,37.1333639290448,17.6347883578871,18.3816547774011,27.1954673577885,22130.553655212,36613.6497503259,-128.969250999015,0
3167,2835,5.29151113878691,4543.63797115212,37.0102083947975,13.1768166075123,13.6109378530504,20.2864547581325,22342.9511621407,37673.3174095621,-271.238535744457,0
3168,2836,5.24349920827562,4760.66014915212,37.0102083947975,12.7565877780245,13.1640388281947,19.6359561433786,22365.583384802,37672.899994039,-284.246618672658,0
3169,2837,5.08150051005275,4127.25846715212,37.0102083947975,14.094861552775,14.5890383670902,21.7080473841819,22357.3237049434,37684.4605692168,-243.448987680611,0
3195,2838,7.15806037315885,1990.9339071764,35.6509683645059,23.90576106407,25.1421732663727,36.9281969446582,27334.9064227677,23663.4284201406,-1436.16601645393,0
3196,2839,7.14182452552599,2183.4613694381,35.6261144547484,22.2703759346534,23.3698955554958,34.3874483113806,27327.6087974467,23627.4363436246,-1288.80686086709,0
3198,2840,7.02983263898917,2414.9784591764,35.6509683645059,20.6401123926554,21.6074969148679,31.8558802731965,27319.9890695141,23664.0426765758,-1396.31776224233,0
3199,2841,6.58684960892476,2623.5206271764,35.6509683645059,19.4015133518798,20.2711725189544,29.9332642297461,27291.581108086,23646.7502463582,-1330.77947176156,0
3200,2842,6.60901463705333,2945.20615000174,35.6491442873313,17.8146998470897,18.5631996727819,27.471265902557,27278.205068339,23625.2045610079,-1255.61212824196,0
3201,2843,6.53914197319612,1854.26626336867,35.5813026098891,25.2445610770272,26.5945616406733,39.0086090681197,26677.6486064663,23361.3902640061,-1450.33187771815,0
3217,2844,5.48462832345904,1869.31946990855,34.2544784803241,24.8261343237391,26.1246778050706,38.3539673827508,23474.420021537,18741.8379252066,196.315163068139,0
3219,2845,9.14562762589589,1791.85527909035,34.6818804440636,25.7420840885269,27.1243467938029,39.7789674675063,26270.5067948447,19502.1511514396,-1148.44956799331,0
3223,2846,6.41323149545418,2395.22052427698,34.5147360372836,20.6001811903639,21.5533441144082,31.7908354125517,25214.9692497086,18965.3067812885,-1084.87580274969,0
3224,2847,5.59750468598573,2416.59615340487,34.2772602582139,20.428700521093,21.3659538654789,31.5239963793204,24156.7751215897,18481.8973733029,-763.982119767247,0
3225,2848,5.36117127027452,2303.03009740487,34.2772602582139,21.1793016482933,22.1762587591514,32.6892528739408,24148.984662406,18511.6854798686,-739.321023004907,0
3226,2849,5.37767824445178,2519.87606740487,34.2772602582139,19.8013721372455,20.6894468398477,30.5503148877519,24163.4177100976,18507.394785396,-701.843381461251,0
3227,2850,5.64900758636216,2583.04692597479,34.2954134631857,19.4433539955187,20.3038391761372,29.9947651557611,24175.8543511197,18501.1165264522,-704.654577070032,0
3228,2851,5.57002096602727,2377.97076661822,34.3167166491149,20.6823497843034,21.6400694030286,31.9178492098572,24142.2806787904,18509.5881938107,-748.129510342222,0
3229,2852,4.97945994931582,2321.05558261822,34.3167166491149,21.061644932204,22.0495840913039,32.5066928299854,24129.3338902958,18513.424382448,-698.506005526337,0
3235,2853,6.40528283179755,2639.62313281757,36.7230363198155,19.4536476982005,20.3368821586438,30.0168039848239,23516.5623900881,31640.8055745873,-1230.45245478961,0
3236,2854,6.42730346783307,2295.83814634694,36.737032377416,21.6087364552645,22.6650152387975,33.3628889346195,23631.3704588185,31657.1240092084,-995.963445110361,0
3237,2855,5.83973211300174,2088.15048306815,36.7118921227445,23.2275392003466,24.418075883687,35.8775244609062,23662.4833744637,31672.1616973464,-804.290861756692,0
3240,2856,5.58871340173497,2194.62191809598,35.4465463930133,22.1550022747245,23.2431728954616,34.2077352552145,21020.8460472423,26368.0042668397,-624.549207254409,0
3241,2857,5.46185361185621,2027.33444809598,35.4465463930133,23.5384944012386,24.7416817242693,36.3569175670479,21022.6832626349,26350.6620758691,-555.581492872085,0
3247,2858,5.95894834630941,2552.82663754348,35.3944245906551,19.7650353741027,20.6607460529928,30.4968132594532,16957.443883601,28433.3443632684,460.589109725212,0
3248,2859,5.99211955803472,2661.81128554348,35.3944245906551,19.1604752022953,20.0091460559057,29.5585699184869,16952.6412871593,28434.5738069634,505.904645463161,0
3267,2860,5.2994795643526,4451.30618857881,37.0119548646903,13.366989203194,13.8133624221298,20.5808850904657,25235.7893786812,37227.433531763,-392.558543695305,0
3268,2861,5.46551037405221,3571.43356657881,37.0119548646903,15.6224156133959,16.2215650792811,24.0748580188346,25230.0619500601,37215.4733227271,-363.842164465789,0
3268,2862,5.87235200959118,3206.59694265572,37.1623440365676,16.9032863352917,17.5959405178698,26.060973488306,25207.0167086525,35608.2591491092,-374.81840280504,0
3269,2863,5.53851279210803,3869.10779569217,37.1701059211868,14.7675333700201,15.3082069611779,22.7503670420598,25257.889083561,35566.693352882,-496.557632116293,0
3270,2864,5.61259279643152,4659.90303932276,37.191265547594,12.9595745852709,13.3808231893166,19.9504241746162,25150.1263981924,35685.8460384401,228.603933412952,0
3271,2865,5.86299834285852,4772.49984601533,37.1850201890069,12.7462288382476,13.1539569544168,19.620178289085,25176.4820546035,35691.2459104281,360.695087279175,0
3272,2866,5.95599106382522,5767.43629201533,37.1850201890069,11.1954636533468,11.5095117175375,17.2209534702512,25184.1292615099,35695.7670039364,345.009737020622,0
3273,2867,5.92646541240324,4380.61968166686,37.1789290289851,13.5295776143778,13.9874557491697,20.8328925476617,25194.7525129716,35672.2347396717,304.777817491998,0
3273,2868,8.11065112269965,4329.40208535303,37.076140659068,13.6339321013957,14.0980377832739,20.9943204866765,24725.1047650307,36925.1240141336,-1451.26717906273,0
3273,2869,6.28803141273997,3540.41220804188,36.9938592891458,15.7189219960128,16.3247752014993,24.2244062381363,25184.4891596282,36557.8543926447,-260.88603094735,0
3274,2870,3.75928465003475,3429.79528697516,37.0437449168711,16.0870975072948,16.7195509730282,24.7952213311146,25589.9951938563,36879.8380360226,779.466793208828,0
3274,2871,8.1217021525208,2962.05480689626,37.1596555559617,17.9132614738491,18.6813470374622,27.627515479042,24755.1425910437,36929.27150393,-1428.29917635909,0
3287,2872,6.18351224448411,953.63477066442,34.66272560933,42.893539043338,45.8728601489434,66.4721653201587,18784.4657563792,23495.5311309722,193.081746425749,0
3288,2873,6.13099319822507,912.358369096976,34.713438927983,44.5464658684975,47.6888867312666,69.047337080815,18776.462035386,23473.6942713454,234.759790490691,0
3289,2874,6.30839506174671,1331.60125309698,34.713438927983,32.5851319044954,34.5815538589349,50.4222432551617,18785.389802584,23479.3649041949,220.400978608275,0
3321,2875,5.96829910386497,2791.02242868572,36.1848498399136,18.5984269774528,19.4107249801147,28.6883371040618,28648.1161303066,25798.1420959433,-1035.69725624601,0
3322,2876,5.81608576927592,2921.59255668572,36.1848498399136,17.9826044640411,18.7480937860499,27.7329256314174,28633.5415094266,25784.1170330748,-1041.59820564215,0
3323,2877,5.94131130236775,2950.16027868572,36.1848498399136,17.854652354718,18.6105098679872,27.5344418960645,28669.8703732606,25825.334363959,-1067.23028712918,0
3324,2878,6.15028481080702,2690.60589468572,36.1848498399136,19.1098985357884,19.9616232519377,29.4820083381053,28664.0418325048,25806.3463676569,-1025.72131072844,0
3325,2879,6.69093983626549,5882.94220664024,35.6167576925515,10.9636335815846,11.257412009518,16.860555523637,22876.9227777767,40267.2749225132,900.813489550936,0
3326,2880,6.76497929622027,8306.66122064024,35.6167576925515,8.73197480816763,8.9098616343067,13.4130877305483,22891.1206151322,40274.6156931793,937.895693061213,0
3326,2881,5.84838634614119,7675.15771333791,33.4647809010625,9.10663099005302,9.29482855865596,13.9893331604301,22473.2902610035,40926.1164271891,-143.787833502602,0
3326,2882,6.14832835118796,1791.43709737363,35.9590963943788,26.0087632931377,27.429452904303,40.1977661995685,27263.1519029617,25155.9555734486,-1121.05254006829,0
3327,2883,6.92335729230359,1954.58367937363,35.9590963943788,24.3048619782562,25.5785848549793,37.549330945858,27293.7222293869,25142.3792145084,-1161.62154935005,0
3328,2884,6.09687635963559,1856.4529773975,35.9747194983034,25.2985778538116,26.6577874756129,39.0938337110591,27285.2711125864,25152.1357522385,-1003.83599398624,0
3329,2885,6.18871765334142,1448.97684937363,35.9590963943788,30.7709613808934,32.6179283476637,47.6042848534609,27271.0462706918,25162.2936867395,-1050.38413061797,0
3330,2886,6.04285465250679,1843.93419189889,35.9776908848792,25.4327890073635,26.8036432333875,39.3024622458678,27267.1370888168,25161.387771928,-1105.37258901607,0
3331,2887,5.95705907536798,1845.45398589889,35.9776908848792,25.4164739763322,26.7859157236823,39.2771017021882,27307.0052308661,25177.3921107622,-1003.29726116474,0
3334,2888,5.36140820125556,3064.30941573216,36.9963362954024,17.4547300827215,18.1870376229433,26.9158777225989,24394.5582576323,31393.3214615644,-530.752447474062,0
3335,2889,6.46095381069295,3344.58596721578,37.2723564324844,16.4048687767836,17.0618807197899,25.2883319272215,25490.2113771475,32490.8772667675,-1098.24889625169,0
3336,2890,6.26540385888744,3045.84732921578,37.2723564324844,17.5624982479288,18.3050123994613,27.0836291118616,25517.0853440562,32428.4561955939,-1207.70399413193,0
3337,2891,5.85568355689388,2419.39451764631,37.173115150007,20.831046402774,21.8281262984843,32.1563069757917,25068.7896691713,31983.5338806836,-980.821938279458,0
3338,2892,6.31344287475464,2540.70853891182,37.209765559713,20.0828104669284,21.020106896389,30.9946449923591,25150.4089300865,32218.2518307316,-1077.16363193658,0
3339,2893,6.00416963254377,2154.17426491182,37.209765559713,22.7610119718855,23.9174686020774,35.1541010675868,25179.455582073,32188.2552251845,-1038.7031787691,0
3340,2894,6.11951561707205,2602.0467953218,37.2270944247225,19.7293238288782,20.6386912580357,30.445933469679,25150.1780873746,32217.4287455399,-1150.81888429491,0
3340,2895,5.46240356596525,1123.13878262725,37.3529940328407,38.3594842393927,40.9417353305048,59.4225909821789,24524.2937025245,36682.1133525868,-345.308135487527,0
3341,2896,5.64394474170714,1430.46439792935,36.4777059245192,31.2268684178371,33.1226838917592,48.3156023172471,29986.1332433867,27265.015338374,256.318913733765,0
3341,2897,6.05973429715315,2687.09982016872,37.1995522227434,19.2577141266415,20.1297143932658,29.7138340413218,25120.7417893544,32233.047146257,-1068.90551880779,0
3341,2898,6.16360875763023,2263.62364453768,36.0812724337662,21.7401013332412,22.8006849968097,33.5651241199754,31311.1719578085,35879.3831455311,571.133101306782,0
3342,2899,5.93205638394341,3459.63167392935,36.4777059245192,15.9328470040688,16.5502899475959,24.5550074696215,29987.3305304056,27227.6568979209,255.366290147561,0
3342,2900,6.01188385246746,2573.6112293218,37.2270944247225,19.892299339149,20.8145883656352,30.6989299668517,25144.5032603111,32227.5506561003,-1093.36843598406,0
3343,2901,6.11076996027182,3199.5240713218,37.2270944247225,16.9372189035985,17.6328548856248,26.1137285828218,25157.6150817127,32203.4576073933,-1117.27235761438,0
3343,2902,7.34280543319454,2033.22366372136,36.4060982311505,23.6554668578596,24.8788985607172,36.5415475786261,30659.5782681207,27141.4667433801,-786.355393529467,0
3343,2903,5.47881495945745,1969.73133862146,36.7971370952335,24.312977751711,25.596586340123,37.5644961585894,29841.042496176,30731.7816671663,-174.301117413403,0
3344,2904,5.62712968857445,4608.31398262146,36.7971370952335,13.0331284671125,13.4569024903602,20.0636926662939,29833.0722915004,30726.609544932,-142.39749552473,0
3344,2905,5.89721280169116,3059.50847686257,37.1849091212428,17.4954234689989,18.2322319651056,26.9793993178999,22933.1107290497,33226.308943156,-1056.63660997744,0
3344,2906,5.78594743200884,2329.91074071607,37.4138873559243,21.4697639968271,22.5211489407831,33.1488479137687,26347.4051306696,34900.4793314122,-917.68295418359,0
3345,2907,5.72611670500372,4190.45873662146,36.7971370952335,13.9284600692491,14.4103062778882,21.449976597835,29843.8787177958,30722.7463662141,-150.646286069624,0
3345,2908,6.16767390524425,3721.71165471607,37.4138873559243,15.2033594424237,15.7757624658618,23.4261317049385,26359.6228557527,34926.8346137052,-940.61244748767,0
3345,2909,5.90981914961659,3295.37768093939,37.1626469660881,16.5711082254328,17.2394232005417,25.5458731178577,22983.511185142,33215.8466733093,-1127.83451993869,0
3346,2910,6.27243397122157,6786.40424252017,36.8853978175422,10.0240353695732,10.2716688961564,15.4097998661772,29769.9572172744,32337.2252943995,607.524580157016,0
3346,2911,6.25346622897432,6208.3139620975,36.6514730848819,10.6264372157953,10.9059152672175,16.3405422644805,29770.8304055793,32336.2231755276,607.674734464573,0
3346,2912,6.05947823205961,3693.45229671607,37.4138873559243,15.2864843431673,15.8646990323283,23.5549539204448,26366.7192982071,34910.0223356239,-988.604282526112,0
3346,2913,6.2571442492574,3038.01110086257,37.1849091212428,17.586065387944,18.3296720091256,27.1199991845974,23028.0857596258,33183.8373323521,-1144.96513698485,0
3347,2914,6.14560571353736,7065.20016847246,36.8539792013753,9.75872951606338,9.9922251041864,14.9998562957608,29790.9255800231,32329.9744779916,589.820648749473,0
3347,2915,5.58368184912893,3696.94234166468,37.4251105753031,15.2771431308599,15.8547776226752,23.5404975280323,26356.8804758565,34884.3176485551,-951.8980701523,0
3348,2916,6.26459947993818,6625.58323447246,36.8539792013753,10.1838021064065,10.4398847813636,15.6566490512003,29785.6716024318,32320.6417302226,597.683176117387,0
3348,2917,6.04174042069247,3526.45116471607,37.4138873559243,15.8027183478579,16.4174040621489,24.3550888223887,26386.8243775277,34915.8622691529,-960.684226420202,0
3349,2918,5.79387644670062,3983.25390391019,37.4146680152926,14.4857527894767,15.0087185535868,22.3142292060356,26151.8593012936,35428.2250470463,-872.450756811861,0
3349,2919,6.65063420192724,1969.94761447246,36.8539792013753,24.3212175625062,25.6061473475257,37.5774730946244,29789.1548136417,32325.0372592461,654.229764287962,0
3350,2920,5.77651439328515,4161.48747766499,37.358126446758,14.0399329998411,14.5325277453665,21.6235444601376,26163.0445250289,35419.0273761808,-903.947988247287,0
3351,2921,5.5524494673701,3140.57065789606,37.3401613952815,17.1805031355093,17.8949969197965,26.4912685970033,25716.6717725415,36037.8519994874,-793.840078634995,0
3352,2922,5.70932548498598,3222.08888389606,37.3401613952815,16.862423954711,17.553385184879,25.9979680046687,25727.8393320201,36029.1223282635,-751.017191014731,0
3353,2923,5.32879169253789,3165.65827189606,37.3401613952815,17.0809924082612,17.7881007577846,26.336933543617,25704.4584366286,36054.7166707822,-722.024755150255,0
3354,2924,5.48114560776357,3131.82633589606,37.3401613952815,17.2155358203361,17.9326346427531,26.5456035441317,25706.4254863977,36062.0990086856,-711.883664675359,0
3355,2925,5.42005642686186,2909.87033389606,37.3401613952815,18.1701563146781,18.9592140117294,28.0264713793564,25693.4487035769,36066.9436721695,-791.641642583477,0
3356,2926,5.68341862490349,1922.26854589606,37.3401613952815,24.8784294159489,26.2165948771676,38.4450042646142,25722.5171583518,36028.9243400582,-773.307657074566,0
3357,2927,5.53902264788572,2036.56145989606,37.3401613952815,23.7885986761395,25.0332137883887,36.7511700471472,25728.2810389939,36036.8065815701,-725.928929639272,0
3358,2928,5.56179084588771,2062.86050389606,37.3401613952815,23.5541175896972,24.7787953782875,36.3867897570834,25694.2249527736,36079.675673857,-779.965097638235,0
3359,2929,5.63375775192674,1817.31228347758,37.3589025529724,25.9978065042863,27.4336969370573,40.1852272225908,25749.3770162148,36019.5970123621,-844.053941719561,0
3360,2930,5.4049397730251,2175.36244016195,37.3304729524349,22.6104141352035,23.7554765625541,34.9204668271983,25696.6473549288,36060.8672162844,-775.780115057439,0
3360,2931,6.17899950587816,2182.8768066255,34.8171706604433,22.142325473989,23.2228980922142,34.186230244847,15032.6065570963,38773.6773525459,225.109855460067,0
3361,2932,5.77738238650137,3853.1083866255,34.8171706604433,14.610594679174,15.1253494257904,22.5030356215267,15077.2063032038,38777.8789240674,273.57017402718,0
3361,2933,5.61556016887323,2536.87517816195,37.3304729524349,20.1219134120715,21.0634066494241,31.0556501520407,25715.2055485693,36054.1872141082,-785.440508213546,0
3362,2934,5.81656603940754,2830.19542016195,37.3304729524349,18.5456377849525,19.3634154539454,28.6090588116704,25702.9185462541,36050.9879862567,-772.564129130109,0
3363,2935,5.37864012668488,2534.78270816195,37.3304729524349,20.1343854275081,21.0768747877584,31.0750132462358,25685.7135008696,36079.9064748166,-730.577855698093,0
3364,2936,5.42306507485604,2555.42107016195,37.3304729524349,20.0122117393926,20.9449544631175,30.8853389121035,25686.1174774972,36081.8605140586,-799.93733742685,0
3365,2937,5.42156739999955,2400.49018616195,37.3304729524349,20.9775461971707,21.987965829556,32.3842059330412,25678.7712020102,36063.5944487619,-692.629895444355,0
3366,2938,5.52856802865704,2366.96661416195,37.3304729524349,21.2020686783146,22.2307671659191,32.7328801659347,25684.9056493152,36077.0907178077,-769.444019443974,0
3367,2939,5.67511119583656,1902.70258616195,37.3304729524349,25.0756760224929,26.4308165139576,38.7515817245212,25672.8426059009,36076.9410771734,-714.271683164043,0
3368,2940,5.64136410891395,2532.37270187188,37.0460259586543,20.1101775287627,21.0481904511807,31.0367266498214,20636.5079137351,35582.8965331965,-556.728145670307,0
3369,2941,5.51963873773541,2423.82857387188,37.0460259586543,20.7841262033235,21.7762330475553,32.0831228470284,20647.7695916447,35563.2641039418,-513.584809373499,0
3370,2942,5.40841168235494,2847.30131659227,37.0986119157046,18.4356027415037,19.2430213516732,28.4377947185624,20653.8128400416,35519.577042181,-516.891811414507,0
3371,2943,5.6065379520854,2472.13245859227,37.0986119157046,20.4846715638319,21.4531321574286,31.6182863128215,20649.6871684096,35531.8942946129,-557.765299409332,0
3372,2944,5.33262784538916,2492.45980997097,37.1221002155558,20.3620938788037,21.3209305572514,31.4280273234142,20667.982357111,35504.0542373002,-565.508980877954,0
3373,2945,5.57105173423668,2715.65373434289,37.103563284796,19.0947400343143,19.9531882598892,29.4606664438351,20654.2962845953,35557.3228289266,-544.570704938107,0
3374,2946,5.48425227237613,2848.35856459227,37.0986119157046,18.4305448837555,19.2375754032627,28.4299467376342,20626.59111662,35541.4929388321,-527.662699762482,0
3376,2947,6.94129476181797,2192.69683806243,35.4648417276703,22.1727612899032,23.2625804371072,34.2353705142087,28535.9154521548,20793.4942205858,871.857681740504,0
3376,2948,5.28045877151804,1504.24411940748,36.0788785606664,29.8914232233475,31.6597331052485,46.2363684933002,30252.2628847915,23987.1499528848,-489.270762447359,0
3377,2949,7.00135778964908,2089.70112820399,35.4517300903516,22.9990816640513,24.1571689168372,35.5188951660441,28527.0589339069,20802.779611459,854.905793306059,0
3377,2950,5.34250621144862,1567.83318140748,36.0788785606664,28.9203108314961,30.6007300675316,44.7257455869429,30272.7868002471,23981.2365261424,-462.590595087314,0
3378,2951,6.93575167467458,2174.96590806243,35.4648417276703,22.3101083745403,23.4112313257994,34.4486994842615,28546.7973822906,20773.33251207,886.792166938493,0
3378,2952,5.46048063244822,1614.80538527377,36.0871818274598,28.2521528547128,29.8726812175473,43.686553093579,30249.3155153721,23968.7837061497,-447.640875652359,0
3379,2953,6.82628322226023,2235.64621754497,35.4213335055861,21.8416843004929,22.9039248397746,33.7210473407306,28532.795637154,20783.6042431421,895.472852297113,0
3379,2954,5.35609439989758,1691.02459940748,36.0788785606664,27.2391315698008,28.7693821200485,42.1111454428873,30284.1742640498,23991.1230417114,-481.289400774312,0
3380,2955,5.40067558557244,1962.63388289755,35.9891380928213,24.2332999538474,25.5012575176762,37.4382131487045,30262.0541949014,23996.4668714413,-454.633157613775,0
3381,2956,5.44393108686059,1764.15759689755,35.9891380928213,26.3291957050252,27.7782433993126,40.6960290747075,30278.7647845734,23974.0146178901,-458.91336218147,0
3382,2957,5.3675227959082,1469.71402889755,35.9891380928213,30.4297194657933,32.2458856710183,47.0734827920937,30262.0974926478,23988.841130579,-420.820176765667,0
3383,2958,5.30603942334648,1831.75539089755,35.9891380928213,25.5667355987939,26.9493304056727,39.510712757628,30299.3165114977,23972.8045305609,-520.746964131974,0
3384,2959,5.63668054725415,1878.75887489755,35.9891380928213,25.0674790410118,26.406909389589,38.7346711404056,30279.6295308133,23988.2095968559,-445.054914019009,0
3385,2960,5.61218634217622,2367.49054984066,35.995264862305,21.001873784767,22.0016205512655,32.4184837493489,30267.5130508896,23988.3347461037,-398.583220209745,0
3385,2961,6.81119326803352,2555.40845683038,36.5993501799048,19.9138848820014,20.8322909796028,30.730891761234,29249.2731753132,27373.8492758778,-1317.81300532314,0
3386,2962,5.65515882018135,1973.07096784066,35.995264862305,24.1353428918393,25.3950300985178,37.286005481909,30268.0774612965,24008.1881867159,-441.245681003147,0
3387,2963,5.47655007753952,1898.40606689755,35.9891380928213,24.8657836285271,26.1878570058144,38.4211801167755,30268.1553791623,23992.6420544831,-449.249652938064,0
3388,2964,5.30686294932267,2029.98939089755,35.9891380928213,23.6109798103504,24.826171228825,36.4711786803724,30269.898964239,24023.0429431873,-443.404174404466,0
3389,2965,5.46856210923549,2297.89162889755,35.9891380928213,21.4797850294911,22.5182056003672,33.1605945829003,30275.0180214495,24002.9687513546,-467.549603449787,0
3390,2966,5.58564978121324,2155.24752386934,35.9644960078084,22.5480384143406,23.6740160465735,34.8197165220341,30279.1648065023,23978.2339546468,-482.603645823904,0
3390,2967,5.34200426138389,2224.90925975447,37.3882456223923,22.2333121643637,23.3475048265535,34.3347913851364,24896.0807097077,36751.9824270442,-731.989051565572,0
3391,2968,5.46348844098902,2139.65311586934,35.9644960078084,22.6734232793031,23.8098134941292,35.0144921012782,30256.6504365052,23976.6811118507,-470.781500777715,0
3393,2969,5.30167548945236,1716.7719042187,35.4777248767132,26.7881891556362,28.2713155844605,41.4079312364108,29088.9598430541,21019.4341948987,-378.130043871742,0
3394,2970,5.27129300437578,1725.8906682187,35.4777248767132,26.6770975354623,28.1504714903777,41.2352086706549,29143.4593419143,20985.5933540682,-289.687572010069,0
3395,2971,5.2122101457934,1921.10614748972,35.4850131729873,24.5425545260291,25.8312296710728,37.9172424164967,29136.0151968536,20990.8188296834,-337.097237008524,0
3395,2972,9.21481223653291,3015.4850884792,36.4243542977709,17.5974291255827,18.3359263001588,27.1359811747422,25733.431256226,27785.7295421881,-1266.38868218636,0
3395,2973,8.68470371590281,2200.47490289432,36.1154984671185,22.2182375659928,23.3184701719804,34.3078526697271,24442.5286896195,27297.2160258545,-721.247857054913,0
3396,2974,5.60361756889596,2067.7341882187,35.4777248767132,23.1903944585499,24.3647333703294,35.8161861428737,29141.5376940116,20992.6598431961,-345.40107153629,0
3396,2975,6.30066162787864,1533.11373907466,36.325465400615,29.5007889752138,31.2368472532137,45.6295788596319,26649.0561626431,26772.302524937,865.782335305758,0
3397,2976,5.09053792603858,2344.4908782187,35.4777248767132,21.0793655521243,22.0803203650667,32.5374135957779,29112.5458913832,21002.255724934,-354.903876338282,0
3397,2977,8.37879348404998,2962.21758632614,36.3492573793457,17.8201684824399,18.5747611140631,27.4813166020622,26334.2943187434,27011.4446856211,-1247.12498694404,0
3398,2978,5.16940307569664,1921.31797191078,35.4699565067849,24.5376146660744,25.8256972456175,37.9095180255661,28905.2178751196,20932.8132080037,-349.124794613837,0
3398,2979,8.44672312414181,3619.69368632614,36.3492573793457,15.4125588814702,15.9924576382332,23.7483722824284,26319.7436056525,27109.4418776994,-1197.06645170159,0
3398,2980,5.30726737374104,2956.47866266235,36.0774737038519,17.8143221325171,18.566282202316,27.4716425652267,25406.6589924575,26708.8142278593,-462.793353951073,0
3399,2981,5.43920327691275,2108.36276391078,35.4699565067849,22.8463954573747,23.9919654671546,35.2817539383679,28931.9144565315,20963.3722827139,-358.329647865447,0
3400,2982,5.03801835335941,1806.70594092086,35.4624821646109,25.736365475736,27.1274962642555,39.7726808196308,28953.8156419826,20968.4826208043,-389.589815996279,0
3404,2983,9.81547502603907,4406.46247135812,36.3098269690773,13.410843429877,13.8560417617,20.6476796211257,29419.4033523011,26147.2748488384,-1202.86193982649,0
3404,2984,2.82552186536415,2983.39222517472,36.2120071924863,17.7117696186264,18.4571283115243,27.3128682781612,28717.4523284711,26016.9240670984,-998.874589109753,0
3405,2985,8.68186591431285,2340.64393135812,36.3098269690773,21.2305701429798,22.2518632229305,32.7744494054865,29427.2360381317,26212.5603671801,-1115.23206293974,0
3406,2986,5.57896988816596,1516.00567992558,36.4719745710291,29.8024779155813,31.5678327488852,46.0994310792462,26048.0973483881,28240.6194557229,-980.28121183168,0
3407,2987,6.01986303784433,1800.58159992558,36.4719745710291,26.0091348739729,27.4358557355935,40.2000124372042,26107.3088811838,28253.891592288,-1012.29892553129,0
3408,2988,6.00788390746651,1570.87244592558,36.4719745710291,28.9685451462378,30.6583263961483,44.8021707331526,26121.1649201556,28227.7200651847,-1031.94900456644,0
3409,2989,5.93717870963546,1606.92900792558,36.4719745710291,28.4503706876533,30.0934952777322,43.996189284933,26083.6248977641,28224.7156680817,-972.072802712374,0
3410,2990,6.09446913452963,1615.70974396019,36.4292693951603,28.3178061067989,29.9485007117548,43.7898577353128,26097.5705969103,28219.3013351281,-977.983373291074,0
3412,2991,5.44004329243928,1894.17810520289,36.3119482018849,24.9704726653497,26.3051999633685,38.5849087830357,26226.6226123044,27315.2668615887,-720.195345540253,0
3413,2992,5.55972214575668,1692.42234632633,36.2628952167744,27.2613351116923,28.7957939114714,42.1462962755346,26254.2081029248,27286.7002051483,-925.281630361767,0
3414,2993,5.66778912923011,3017.42575844329,36.3399931295968,17.5796944888366,18.3161985240481,27.1082890504226,26282.3094731701,27520.6694807798,67.1824520313779,0
3414,2994,7.52361338126405,2540.93334268328,35.041798996818,19.7853390610997,20.6793696976796,30.5274226991969,24200.4228301176,20389.4796762662,1251.49080822394,0
3414,2995,5.57400018619962,1502.40425674601,36.8915310118223,30.121997242781,31.9219104403967,46.5980399172831,20637.8124735267,34790.4585021135,-892.994968569756,0
3415,2996,7.46145439572474,3262.69702195995,35.0799921097165,16.4774012141485,17.1234561897411,25.396320294683,24684.0031877641,20182.1405359031,1185.58497933213,0
3415,2997,5.83480072650981,2700.38351444329,36.3399931295968,19.0782778941741,19.9288973522972,29.4333092345279,26280.0929369305,27521.6462058137,81.4066132206349,0
3416,2998,5.91978917720186,2473.36266584445,36.9095442082335,20.4506005977502,21.4145965772208,31.5649079780521,20707.9811257767,34784.5861784653,-915.10801604696,0
3417,2999,5.64963361670856,3151.91764784445,36.9095442082335,17.0897434000755,17.7942588360543,26.3496114402888,20688.2615636762,34799.1436401118,-911.260759159159,0
3418,3000,8.43271721190561,4230.07789743679,36.9911347269626,13.8514059084295,14.3293118808282,21.3309613064318,26081.2116211664,36718.2981024231,-1506.95615929108,0
3418,3001,5.95927385159508,2847.36414584445,36.9095442082335,18.412815291279,19.2169366922987,28.40200915016,20686.8530906993,34791.8253617027,-889.004537000919,0
3419,3002,5.91208858985852,3029.71739984445,36.9095442082335,17.5908515327942,18.3326730272589,27.1268316302105,20686.4856142385,34833.6613231218,-806.945755835329,0
3420,3003,6.67611456281331,3899.04180255996,36.9064588420417,14.6649418505231,15.1969277592145,22.5909594254175,25035.2171926036,37268.0234542534,499.134294168717,0
3421,3004,5.89445409985758,3536.41368126242,36.9165199938329,15.72449802455,16.3302146776781,24.2329025844141,24697.0170161942,37279.1509440716,512.441646602147,0
3422,3005,6.05325948988873,4186.0834262973,36.925281073162,13.9485498365545,14.4324903884861,21.4813004806996,24672.0058989991,37287.5215281624,495.141732182937,0
3423,3006,5.99394456389821,4490.32134068458,36.8865722709176,13.2769148825858,13.7167735352551,20.4412336441722,24693.8396388694,37291.0783225834,518.581725705683,0
3423,3007,5.40997646675271,4083.6184608981,34.9050097449941,14.0328871288468,14.5099873679747,21.608493190473,24249.494279811,18758.4792494548,566.161584347039,0
3424,3008,6.2467717336569,3396.6929140621,36.9442272513004,16.1904507776634,16.8296253158573,24.9552535132351,25416.8925512839,36670.2549182874,663.050131899326,0
3425,3009,6.56119918814368,4806.0044980621,36.9442272513004,12.6688071158676,13.0704062459158,19.4999975511854,25393.9385596073,36691.319048216,677.58779579977,0
3426,3010,6.28521623876167,4368.8765020621,36.9442272513004,13.5378678237074,13.994942386132,20.8453592432923,25421.8805325197,36672.9415373706,684.416220250405,0
3427,3011,6.35283358963761,3490.21313835087,36.9634676741949,15.8783205515612,16.4952874712834,24.471424870461,25406.0421642826,36666.6729767134,683.254170876765,0
3428,3012,4.69564672599324,5812.69661012248,34.8733786349292,11.0124503905413,11.3055651932755,16.9350853803495,24203.5046884463,18800.9760355206,589.608107808491,0
3431,3013,4.71665209479513,3789.87308790259,34.9074372402598,14.7902872393031,15.3177167019714,22.781543027986,24199.1085570703,18797.4669784478,566.484292150786,0
3433,3014,4.84637443627635,4934.4787046406,34.9278346679762,12.3100251072201,12.6788677709216,18.9418649212426,24218.8906409762,18803.7563256606,585.14258887657,0
3436,3015,4.58649172136135,4336.03466615155,34.940321281377,13.4600671925521,13.9003756268144,20.7216689097321,24210.4903157537,18853.5064822964,621.381692121695,0
3445,3016,4.80271251423387,3398.96587280437,34.8857666298594,15.9802539223221,16.5895520620203,24.6253180334392,24210.2418462648,18827.1655750097,602.189766013059,0
3446,3017,2.69171888061494,3309.45676020996,34.4981170808885,16.2496790816322,16.8750884480206,25.042106911921,22615.5615778449,18981.1183405653,-544.561413978832,0
3450,3018,5.47217825100526,1749.84909045389,35.4712822222044,26.3891417648628,27.8372184325761,40.7874974363446,18585.4391131703,28398.2990834821,-316.551588468311,0
3451,3019,5.15249824238927,1882.97855257458,35.4432523240556,24.9184519967103,26.238811778179,38.5013063988624,18608.5846596316,28407.5138204005,-339.789547090595,0
3453,3020,6.43843360933966,1353.77495085155,35.9296694464054,32.4966845407931,34.502372673413,50.2894891980223,20875.7068873453,29589.4286575588,-825.629211241061,0
3466,3021,9.28914744306598,1992.16178807611,35.5157417616709,23.8699007868831,25.1017861714469,36.8720606745731,26094.3069291918,22974.2711089856,-1176.0875710919,0
3468,3022,9.55696365761034,2870.47771558318,35.626982443132,18.1509953897754,18.9245778646988,27.9928748339549,26908.0278167379,23463.1958572021,-973.917920666351,0
3469,3023,8.72681714556041,2859.7430229928,35.6361994121119,18.2021329374631,18.9796542037915,28.0722258609769,26934.0165408298,23470.7754501847,-1062.24569684554,0
3470,3024,7.05692931474487,2289.22879224162,34.0001903133429,21.231786144971,22.2301022797649,32.7699527564074,14271.7613879564,22965.5194364183,1047.87236232822,0
3471,3025,10.4670025285078,4060.94808710941,35.5562654837251,14.1404651044597,14.6287333849919,21.7762153825911,26813.589936122,23292.841598156,-977.376448039231,0
3475,3026,5.77313326120787,2203.2992610178,36.3002325538416,22.2262067680331,23.3289704802417,34.3207500861268,30245.7354220234,27492.7111216981,-465.179631754089,0
3476,3027,5.82958495215193,1167.85462686311,36.2881622970451,36.7859973911108,39.2010837132463,56.967883765627,30238.2092781172,27521.4879550565,-446.703832185524,0
3478,3028,5.97438735221157,1270.80415086311,36.2881622970451,34.3194959056924,36.5006928996658,53.1279891159172,30272.0820816822,27462.526551169,-560.545650264904,0
3481,3029,5.44546879987866,1328.97710981983,36.2609689682045,33.0822303772031,35.1470818392885,51.2020833963562,30259.1680810058,27469.6344665949,-502.526596435631,0
3482,3030,5.73949027964223,1894.24881997953,36.2802536408705,24.9637069674039,26.2974943219166,38.5742935967476,30260.0621874412,27530.105446671,-540.91194193531,0
3486,3031,5.51796806888419,4629.25826526888,37.0160276913632,13.0071530951439,13.4304743811569,20.0238131224193,25813.4544361944,35964.8922200932,-747.120213435415,0
3487,3032,8.14951303769694,7898.50715159498,36.8924152559641,9.07066270268624,9.26925091106475,13.937156241713,25919.1687828561,36775.1820334895,302.523458465196,0
3487,3033,5.52817195499847,6418.29758967869,37.0277286471102,10.4103578399928,10.6794723877529,16.0069806898801,25832.190554519,35949.3435236739,-807.3639285106,0
3488,3034,6.29601626790855,7844.26586931063,36.6795500996018,9.10351098476658,9.30299989697253,13.9876780763777,25587.8408953822,37790.0930898788,372.258895332879,0
3488,3035,4.40012232289938,7792.94594923261,36.6516103908646,9.14157951241583,9.34286152743553,14.046435802742,26039.0154725901,37398.8658526298,-926.506426551828,0
3488,3036,4.66280109426158,7301.89439835836,36.965019859436,9.5533250019631,9.77656485343719,14.6826607396686,25922.0642855296,37094.9967691589,239.443381469003,0
3489,3037,7.12808520340183,8819.77538331063,36.6795500996018,8.4363988393461,8.60377836083862,12.9578166540888,25796.4280631381,37861.9948990209,714.563668885391,0
3489,3038,4.48219815896931,7960.49554018758,36.6219689523864,9.01435500897973,9.20924745457456,13.8499585376392,26040.5392656721,37397.6984917427,-970.624107976825,0
3489,3039,5.15765213823994,7536.50870079099,36.9534156922666,9.35613573723971,9.56924843953937,14.3780734772249,26133.8815429866,37183.1799895204,-269.713710045623,0
3490,3040,6.30018780128983,6231.04895782098,36.7051353727392,10.6030690609847,10.881477517234,16.3044829835534,25606.4539244864,37816.7668071229,425.90204220193,0
3490,3041,4.44452938385488,5974.75763478288,36.6686136053253,10.9047381495656,11.1998778459226,16.7707929060962,26059.2909558108,37397.6877743504,-1151.31275896298,0
3490,3042,4.85984280940399,6878.19607610283,36.9922621850608,9.93972966364039,10.1832892762999,15.2796485226557,25973.6204607566,37104.6717705656,327.193613349326,0
3492,3043,8.69942231235822,5922.72908412833,37.0829498334058,10.9907594847298,11.2925988301679,16.904293384377,25217.2999648016,35582.0565083532,-1450.18764867672,0
3492,3044,3.38442869608154,4698.67072655943,37.090083870398,12.8784043149323,13.2939617025832,19.8246269663592,24416.0653557799,35441.1138396653,-326.190825331409,0
3492,3045,3.70766696354721,3962.67288192193,36.9887791381438,14.5043361503151,15.0259206671455,22.3422901986091,26008.5588491688,35530.1437208525,542.049407425775,0
3493,3046,8.17337139720107,6562.38615012833,37.0829498334058,10.2596643196162,10.5207692850265,15.7741393603375,25332.0265616663,35565.8942693809,-1490.29383800419,0
3504,3047,6.40537201282171,2383.47353585612,36.7968762838259,21.0130921395797,22.0213978646504,32.4380211898029,24168.9637747572,31862.8143140279,-1069.10138504087,0
3505,3048,5.7860520392552,2430.89776630042,36.7816328652166,20.7008215189302,21.6837501750522,31.9530914048894,24171.4237467536,31838.4639346416,-1046.87885032037,0
3506,3049,6.13056603461384,2441.35786385612,36.7968762838259,20.6361297846388,21.6139918049584,31.8526834814623,24185.5628112598,31850.664032735,-1032.24553521868,0
3507,3050,6.30569470125027,2506.11430385612,36.7968762838259,20.2338754326436,21.1795034672648,31.2281442094269,24168.8896549281,31838.8212968858,-1211.59990990521,0
3508,3051,6.30622352490482,2549.96806985612,36.7968762838259,19.9723898664568,20.8972077895035,30.8222027455543,24166.9314116557,31825.2382330405,-1157.9637590863,0
3509,3052,10.6889377939769,3267.77526169282,36.8113207907508,16.6368685391148,17.3074080678382,25.647130737278,24567.9852867459,31891.2986115364,-1214.70687047417,0
3509,3053,5.8194395228325,2749.24825416403,36.9615717350396,18.9035119197434,19.7458886089184,29.1635618205622,25706.6635173941,32398.4852250927,-591.494453758746,0
3510,3054,6.37515751615838,4219.63870349163,36.9860112334752,13.8750910811716,14.3545312979364,21.3676336222867,26343.6430851379,32434.5947004323,-1222.79772821986,0
3511,3055,6.24330877706859,3740.83751549163,36.9860112334752,15.1105078944172,15.673649239023,23.2814725243622,26367.3119701997,32436.0895712329,-1169.24487811978,0
3512,3056,6.34197133976819,4019.84085749163,36.9860112334752,14.3578111001395,14.869473073333,22.1153030947971,26376.7393375153,32409.0435597248,-1200.92533706079,0
3518,3057,6.13125197321453,1096.7656702568,37.0896964267357,39.0343975242631,41.677905882488,60.4725523055391,25893.225360581,34493.3102725148,432.779854050505,0
3539,3058,8.63790802645879,6451.69998109653,31.6457443192882,10.1127463560917,10.3431600747631,15.5408159386706,25426.7796085348,42294.8441293215,-1275.52673628836,0
3539,3059,3.92326463087634,4799.58213987187,32.974866446367,12.4136174839124,12.7779073102037,19.099156479925,24622.762872594,42097.594352493,-557.163871696573,0
3540,3060,8.82802994057408,6881.16410422835,31.6249235723472,9.69410447455692,9.90351933074345,14.8943004503381,25442.0932308078,42298.1078304355,-1265.41680250323,0
3540,3061,3.62336014800932,4982.1211003236,32.9529057649837,12.1005841696319,12.4462815288186,18.6149423720003,24589.1009690896,42105.0151940354,-682.460983870063,0
3541,3062,9.01697884875231,5427.58026022835,31.6249235723472,11.3397317560926,11.6350645104358,17.4365922183982,25461.4926544821,42318.0735448097,-1196.47971973737,0
3541,3063,5.0782155756782,4115.2217923236,32.9529057649837,13.799479567932,14.2490139573832,21.2436746501547,24398.4603406922,42300.7589894602,1151.8033940197,0
3544,3064,6.28329436962455,965.865386895333,36.2786062289313,43.1030105285519,46.1304852895954,66.8062663256013,27016.7046811103,27345.6882481611,649.218238883509,0
3546,3065,5.5742948795535,966.664885704274,36.2471578493303,43.0600673735019,46.0827993294499,66.7392204129165,18361.6193130712,32530.9451087056,-120.467412995872,0
3547,3066,5.80377169182451,1402.93176213716,36.2466205479449,31.6585094602181,33.5909953244246,48.9863833340867,18379.4065520369,32497.1357590497,-118.180905608966,0
3547,3067,6.47318396351524,1126.19264089533,36.2786062289313,37.9052802867098,40.4274366539696,58.7106797039843,27072.3040473962,27404.3214255433,728.93524990091,0
3548,3068,6.19079674240054,933.79151693421,36.2325632383096,44.332329916529,47.4800877394035,68.7211991921763,18298.3569093539,32486.6692308731,-197.535571617522,0
3551,3069,6.15614592664912,1019.70408924746,36.2728467840313,41.1774280172623,44.0162972216768,63.8067126530607,27028.1830766652,27341.1963803673,542.738834122538,0
3555,3070,6.04596282560447,1068.18331524746,36.2728467840313,39.6079097233143,42.2942289869187,61.3621624520494,27035.6238675616,27376.4744936743,610.72300220478,0
3556,3071,6.19347597198515,1120.78140324746,36.2728467840313,38.0550338453095,40.591493194103,58.9438500205321,27025.4690970838,27369.5462159635,560.876719165576,0
3557,3072,6.15427982302595,1286.9111617223,36.2849032557234,33.9673227221693,36.115367332305,52.5797912478917,27062.333800494,27377.9246404576,657.702940490776,0
3558,3073,6.59919466671761,1047.83129124746,36.2728467840313,40.2495398027021,42.9980963997842,62.3614743813035,26981.3215763857,27392.3473292069,654.98306248175,0
3560,3074,6.62127239690831,1175.12791308665,36.2866128297039,36.5974571098869,38.9945228353515,56.6743194096961,27037.3609458859,27359.531401318,614.199026825939,0
3562,3075,6.51414511723,893.635633086646,36.2866128297039,46.0427276187149,49.3606873123114,71.3863338345967,27045.7111827053,27390.3454661605,549.208941617091,0
3564,3076,6.56636495211152,795.884245086647,36.2866128297039,50.8477002630157,54.6458464313246,78.874074303899,27056.6568314751,27352.54284656,530.042079152387,0
3565,3077,6.2718461201601,961.960285086647,36.2866128297039,43.2539945470083,46.2964427799943,67.0415130078232,27022.0745873161,27417.9439931003,626.796334189768,0
3566,3078,7.28989912986726,1414.2887888758,35.272246138231,31.1928105095156,33.0690063644435,48.2579996992249,29832.7033842476,20711.3098045443,1166.25430219216,0
3566,3079,5.87214191223712,946.564111086647,36.2866128297039,43.8479744191966,46.9488838415537,67.9668625453961,27062.7490446398,27403.9217086809,570.898437682513,0
3567,3080,6.06755993845121,945.462811086647,36.2866128297039,43.8911879713871,46.9963554386465,68.0341855273897,27007.4267818028,27365.5599364444,660.042908464993,0
3568,3081,6.13659303144909,858.944683086647,36.2866128297039,47.6249924222784,51.1003671961045,73.8518148741787,27022.9815464827,27370.5721349953,562.457415495513,0
3569,3082,5.90469216043437,988.868175801549,36.2995352139857,42.2645228047305,45.2100810353246,65.5001788633557,27033.4236281495,27381.3062912046,621.307010112852,0
3570,3083,5.91506094270159,919.701907886742,36.298586310233,44.936087923339,48.1446124206709,69.6621647721099,27025.5947698044,27367.7076503406,591.091306390198,0
3571,3084,5.88505347510561,1326.72036188674,36.298586310233,33.1387171308127,35.2093715421314,51.2901470165202,27018.5659313445,27324.7840148851,556.247649454577,0
3581,3085,6.81624977862495,1561.72718977782,34.858297463558,28.7179525356529,30.3643032629889,44.4065735664838,23120.8056651882,21023.2401486351,-1101.38546062507,0
3582,3086,5.79928639172077,2014.32225140268,34.9329019595412,23.5629225540654,24.7624959687933,36.3933000283665,23213.1880405621,21469.7192587393,-918.134831294172,0
3592,3087,5.93646672239998,1297.37083087574,36.9606776618606,33.9412314776967,36.0964149212284,52.541867124029,25883.7965693466,34488.8488052952,430.08612595908,0
3593,3088,6.07459940399967,879.251272875737,36.9606776618606,46.9890088293958,50.4126379423858,72.8640880684489,25880.5519984043,34484.8116834029,539.904513382742,0
3599,3089,5.69180735094965,1326.20286487574,36.9606776618606,33.3379044494719,35.4364455366269,51.6027632655669,25911.8219593567,34503.6210790494,478.022801018191,0
3600,3090,6.23682180851257,1146.17951716847,36.9902491357874,37.5960428657825,40.0993117235588,58.2321833740306,25903.6020604116,34456.4845359064,392.623636409561,0
3602,3091,6.39920655034865,1056.02122886382,36.9813915409001,40.2495864962673,43.0093571867596,62.3647056892148,25931.1565659828,34595.3978676316,385.917632520708,0
3612,3092,6.17957042714186,2530.83556941382,33.8484997629228,19.6775322358647,20.5518939627363,30.3569961533632,17077.3568454514,40613.8254078934,574.126915089337,0
3618,3093,10.1101833430917,1920.32950050958,36.5145833789989,24.7440135805022,26.0615082730825,38.2335546514406,16702.6021921696,34974.6064871943,-1171.31943049938,0
3621,3094,5.63511883041655,1613.91018101535,35.0451581266251,28.0244339645396,29.6113756971045,43.3287094436584,21888.3253999529,21045.5724486245,-1089.87287030842,0
3621,3095,8.03730444889305,1710.28735240827,33.4867412090581,26.433535497604,27.8606801025261,40.8496149414116,18703.2687978683,16736.284281615,-1413.67898183476,0
3622,3096,7.85163362190021,1770.66061840827,33.4867412090581,25.7300589980582,27.0965105116282,39.7561715210516,18668.9951937857,16719.4551276606,-1485.23975837578,0
3622,3097,6.20738366191345,1678.99899874016,35.0180486488844,27.1590584186851,28.6690911455642,41.9829774009684,21852.3759209672,21007.7957960008,-1074.43388028306,0
3623,3098,5.64423261377737,1646.15823274016,35.0180486488844,27.5843822455503,29.1319517439655,42.6443176829401,21839.7681690423,21046.8163410957,-1095.90659764458,0
3624,3099,6.04823459873256,2030.97447874016,35.0180486488844,23.4298489580823,24.6192127881707,36.1868132714873,21811.429677096,21028.5651429658,-943.546016769523,0
3624,3100,8.15276540131105,1660.61482167694,33.4568948172459,27.0420658906435,28.5217514844106,41.7954941147629,18628.6863593324,16714.9199674443,-1443.86505609865,0
3625,3101,7.40850182006414,1548.44030440827,33.4867412090581,28.5770093194687,30.1922731672478,44.1822218030894,18637.9588895591,16750.8777409763,-1526.3645421307,0
3626,3102,5.79657718095665,2599.68579874016,35.0180486488844,19.4487279406197,20.3163156475916,30.0049514975023,21853.4099617442,21003.0852474272,-1007.16138380072,0
3626,3103,7.74858174285462,2771.656976041,34.8898213345161,18.5332009600382,19.329396212448,28.584066139292,22929.2011811487,19592.5123551974,-1502.14509322579,0
3627,3104,8.11172913568308,2694.125456041,34.8898213345161,18.9249108930447,19.7509569079837,29.1918019749639,22897.7059352144,19630.1181772898,-1475.21324762953,0
3627,3105,5.77172231184283,3004.72191274016,35.0180486488844,17.4842006903965,18.2029862133167,26.9572513739084,21893.6871442233,20973.8408323348,-980.706187188172,0
3628,3106,8.27231850450036,2840.39522017185,34.9248473607338,18.2068885003416,18.9787419511539,28.077939928627,22890.3751809442,19650.3691693515,-1477.823951664,0
3628,3107,5.69266024259341,2772.89826274016,35.0180486488844,18.5431410558051,19.3412083881107,28.5997957799033,21843.8391282298,20981.8170627297,-1111.94843071383,0
3629,3108,7.9531119388957,3956.03414617185,34.9248473607338,14.3507945944978,14.8489540088323,22.1008452682055,22890.0992099706,19632.1395965311,-1463.36637194873,0
3629,3109,6.05295104201481,3456.34301674016,35.0180486488844,15.8027101135085,16.4005138418271,24.3504238268207,21834.6057137422,20991.4212576643,-911.04238582875,0
3629,3110,8.04997310956317,1199.61064167694,33.4568948172459,35.060849778321,37.2684839447129,54.2698384744819,18650.5977584234,16719.8978263912,-1419.99579151291,0
3630,3111,7.89363841845164,4738.68913120138,34.9923729655928,12.6614204500332,13.0520057692311,19.4856585248338,22870.5094134156,19647.3581626517,-1522.69302612179,0
3630,3112,5.90832644193804,4599.38462307313,35.0772937560054,12.9306463937063,13.3383669136279,19.9024239018665,21873.2579093824,20999.0174860382,-898.731427553629,0
3630,3113,8.35467369853581,3504.01867120474,34.6925502888379,15.6173983013556,16.1999256560697,24.0625989081635,21845.2116534151,20233.762848245,479.18337079992,0
3631,3114,7.33012254717138,2922.9905148098,35.2488710608511,17.8668461545341,18.6159423256474,27.5512384726073,24178.9563650025,20266.2944057305,1199.0689145702,0
3631,3115,6.04770754748974,2824.41941307313,35.0772937560054,18.3010809779513,19.0813365308554,28.2244165338926,21872.6034152884,21010.5926391631,-1028.21685699157,0
3631,3116,7.51824435726472,1668.01086511628,33.4967503457159,26.9573034968678,28.4301165871684,41.6638661377463,18647.6839382271,16699.2369605539,-1443.39513771878,0
3632,3117,7.32278914615111,3254.7901788098,35.2488710608511,16.5238361188088,17.1745067975758,25.4686600276257,24193.2995506554,20252.3180078377,1173.9665064633,0
3632,3118,6.26231407219827,2601.14185107313,35.0772937560054,19.4486117360395,20.3167327386584,30.004920967763,21862.8875982031,21029.7541663303,-986.513903316933,0
3633,3119,7.46642597176741,3013.5834528098,35.2488710608511,17.4729587837675,18.1927908942772,26.9403346663425,24182.1183954963,20231.545791171,1166.20127796251,0
3633,3120,7.91457847791171,1663.14149712671,33.4667330980592,27.0121701497664,28.4893758909598,41.7490533005606,18634.2994087827,16713.4796973944,-1437.03897804879,0
3633,3121,6.14168754784104,2600.85551307313,35.0772937560054,19.4502013731021,20.3184457793342,30.0073879153673,21829.3913781338,21056.0172821948,-1063.66298790182,0
3634,3122,7.68006337262416,3470.83765266665,35.2620805166982,15.7790754681051,16.3769888440772,24.3142817387338,24311.8051020168,20297.799501846,1194.61110241627,0
3634,3123,6.28547037702194,2864.48356197051,35.1072745974092,18.1164851852989,18.8830954726483,27.9381342668036,21862.88071214,21021.660001882,-1087.36459261847,0
3635,3124,7.71625103755012,3432.78874929286,35.3059848746827,15.9084838154172,16.5158076119797,24.5149314532175,24396.4169648397,20330.4193470417,1175.27889529329,0
3635,3125,6.0774845443798,2385.04476507313,35.0772937560054,20.7496915747064,21.7202796030821,32.0244699733232,21810.7961763223,21038.7263929755,-1031.88724148514,0
3636,3126,7.67478287123911,3562.19274446001,35.2941575983743,15.4917551717868,16.069853951687,23.8690845695323,24345.6160064602,20338.8541259093,1208.15771255572,0
3637,3127,7.70162612930553,3958.63747329286,35.3059848746827,14.3759430537251,14.8782355310663,22.1404729297394,24380.0717182055,20343.6891724204,1210.33851360317,0
3637,3128,6.06263499722305,3224.29693766461,34.6909520762484,16.5777498148968,17.2280056805456,25.5510591992203,22610.1069411931,18579.725573971,-836.688820640634,0
3637,3129,11.0400669205583,4533.00880352715,35.0589118836916,13.0600013293958,13.4757017673273,20.1025973242888,23373.5453781616,19636.4112807727,-327.916291782718,0
3638,3130,7.71217291244354,4233.74221329286,35.3059848746827,13.7140930728144,14.1729327956462,21.1155550676672,24368.4955927355,20349.4217523996,1198.23355549014,0
3638,3131,5.71053362881661,3250.61730585666,34.6668871874165,16.4783624447314,17.1213234163975,25.3969386171573,22586.5588153347,18608.2118575404,-780.107748267265,0
3639,3132,7.58352194467555,3387.85570929286,35.3059848746827,16.0596298546217,16.6776258047924,24.7491979916736,24376.8792330663,20349.8553380834,1154.05573819645,0
3641,3133,5.64592857912527,2248.82706255483,35.1584612276846,21.7029784934435,22.7512283651848,33.5048957439633,22100.0995590561,21389.7209817172,-790.646772644851,0
3642,3134,5.61951996831487,3055.23826768733,35.1826612520088,17.2917404560975,17.9976866133351,26.6591560576455,22093.4442058251,21402.2953309035,-742.240260719694,0
3643,3135,5.80020054832234,2059.93208655483,35.1584612276846,23.2018159284403,24.3736506922265,35.8329712818426,22105.530751776,21361.5076634433,-706.045939047752,0
3644,3136,6.01658310502408,2202.23499961653,35.8689692370198,22.1650204632195,23.2583533056161,34.2244971326005,22846.081684841,25972.8091083793,-969.833546966015,0
3645,3137,6.04220029611855,2261.55711972795,35.8463071460719,21.7184621539375,22.7749293727863,33.5308672796899,22822.0664227365,25955.8552705933,-1067.98560761083,0
3646,3138,6.12172559421226,1941.47528772795,35.8463071460719,24.4106875767256,25.6921802262618,37.7134416155334,22827.860603464,25952.8351629083,-1094.1918564465,0
3647,3139,5.98262892112846,2265.87421572795,35.8463071460719,21.6870858816183,22.7409901555159,33.4821387969055,22820.6468798834,25969.9526246588,-1009.02994611698,0
3649,3140,6.88893486689503,2511.0020447552,36.0659000552832,20.1034126307213,21.0319756560163,31.0237604405101,23763.7773889353,26480.6883954292,835.857965978321,0
3650,3141,6.61762725952288,2402.20071060175,36.0303702181441,20.7779634300668,21.7600202958667,32.070910476054,23746.776783002,26467.8438650822,846.75351335359,0
3651,3142,6.84523588014058,2822.9884081912,36.0506001659902,18.4264858197241,19.2245136576072,28.4212489622617,23754.093806586,26486.4338525752,804.478488905755,0
3652,3143,6.85171615800605,2844.76912860175,36.0303702181441,18.3199948967605,19.1097489502725,28.2559851617352,23736.2461203343,26477.922545394,863.736759179765,0
3652,3144,5.8305483409051,2567.2611930553,36.9846542550939,19.8967436609081,20.8172368171146,30.7052351842963,27717.6058963863,32776.1822078296,81.3803993914319,0
3653,3145,5.53306501886979,6057.2148150553,36.9846542550939,10.8206409866496,11.1124054297133,16.6411537865873,27681.9747985094,32780.6303781466,-10.3663665425898,0
3654,3146,5.64625857316074,5935.07690641822,37.000566675958,10.9710494723712,11.2714045949271,16.8737185407912,27663.3342543679,32774.2929481556,-0.291014151638176,0
3654,3147,5.50460148033018,1918.67555142516,36.0744418914458,24.6778925393089,25.9847977761618,38.1294232117528,23783.921806187,26613.3343296591,-525.983484971059,0
3655,3148,5.53739211722127,1603.28525742516,36.0744418914458,28.4100693331909,30.0445805585841,43.9321137595554,23798.3686787622,26575.8919909038,-568.890673626186,0
3656,3149,5.7192381709183,1743.81113742516,36.0744418914458,26.5876575658226,28.0603946794085,41.0981573287855,23777.953315514,26573.4168073826,-539.379839789904,0
3657,3150,5.84309012727579,1842.8169800446,36.0942214328079,25.4677779440614,26.8430078270149,39.3572243304644,23876.5585670013,26520.6971190518,-670.828833283525,0
3658,3151,5.30897261506528,1217.12542542516,36.0744418914458,35.4875638830975,37.7759263097752,54.9454433914154,23801.948438812,26561.6960887296,-578.792497340366,0
3659,3152,5.48092320845448,1666.00686786135,35.9614965220012,27.5352608368724,29.0903208361858,42.5712317577772,23572.4661892944,25865.784162439,-708.969748997983,0
3660,3153,5.48466103867712,1431.70680324573,35.9326183719362,31.0620068209295,32.9352976747089,48.0570220368932,23584.2499680125,25869.0706033564,-705.629545803722,0
3661,3154,5.50127916962021,1728.48512724573,35.9326183719362,26.7425122080834,28.227159091828,41.3384529294959,23575.900738464,25876.8166284301,-757.525201154977,0
3662,3155,5.40981972359887,1888.82308493123,35.9120710719637,24.9488731016534,26.277215010794,38.5500793576288,23537.1734934572,25877.3058703315,-692.44936877689,0
3663,3156,5.41193789942134,1899.20865324573,35.9326183719362,24.8468519606426,26.1666586746692,38.3915779473718,23582.4634293682,25877.3504627821,-718.657227274578,0
3663,3157,6.24721975633689,2161.77943182244,35.4094926695228,22.4044812870842,23.5128087916135,34.5951247897884,25641.5697929264,20499.4523017083,-1024.08728590605,0
3664,3158,6.15682528874398,1899.40571982244,35.4094926695228,24.7448248174415,26.0499224604109,38.2313527589248,25668.1800595632,20532.5768381262,-1079.78282368124,0
3665,3159,5.98725059749273,3238.76084870187,36.3537829022649,16.6977196855828,17.3692962566586,25.7405475890038,22828.5864337142,29308.981168904,434.541973593152,0
3665,3160,6.35442745735464,1501.81439382244,35.4094926695228,29.7629727224689,31.5107440188623,46.0340675321508,25644.0694144581,20532.915655576,-1043.65226858887,0
3666,3161,5.95484472431585,2846.38874994351,36.3798911002958,18.3542339274358,19.1495055531292,28.3099096638525,22807.7243065983,29352.1897151486,462.102356595984,0
3667,3162,7.03137874520155,1710.06857449477,36.5132940104069,27.0930410092085,28.6156161254035,41.885440468679,26046.9732815023,27941.1994767229,932.382541082851,0
3668,3163,5.76399073464968,1752.11549128349,35.5153385268743,26.3716727629252,27.8187551524087,40.7604871288885,24974.0575864023,21411.379943629,-1115.75405510636,0
3669,3164,5.90171377845196,1722.42444328349,35.5153385268743,26.7272477151391,28.2054827411344,41.3133085357315,24950.2764063741,21430.902528953,-963.490581895576,0
3670,3165,6.31684313455371,2514.17639511904,37.0150533438203,20.2150914741019,21.1611967130174,31.199528571322,23170.3458588772,37886.8622785274,751.783142498584,0
3670,3166,5.61072610351885,1790.6859571623,35.5296977520561,25.9295447899868,27.3382492338977,40.0732006806992,24942.6076251339,21417.7728711386,-1158.71695702797,0
3671,3167,6.59517998833829,3560.16910911904,37.0150533438203,15.6581723740488,16.2598702304344,24.1302852014853,23163.6487601469,37894.2145798423,709.218305748695,0
3671,3168,6.71677537200972,1906.25611217864,35.507547345598,24.6946676197536,25.9965960673029,38.1537132174317,25015.1329583417,21398.4881327852,-1088.47459743879,0
3672,3169,6.49089508778122,3373.27849911904,37.0150533438203,16.2785172509556,16.9245426373858,25.0919254767328,23155.0436482083,37882.8158336598,762.980954686481,0
3674,3170,6.06113572563295,1633.12996628955,36.515670706447,28.0974778334194,29.7095061283596,43.4474814507449,25486.5260693117,28466.6220839539,382.95796620621,0
3675,3171,5.87360972133667,1023.08014605035,36.4756910055759,41.1410998242305,43.9797042835179,63.75105157734,25485.0460864738,28406.1076237231,392.009912719014,0
3675,3172,6.14455243893684,1508.62073417864,35.507547345598,29.6802192303742,31.4218057426189,45.905703714437,24967.2194889841,21356.2713713121,-999.835855800315,0
3677,3173,7.8580541309519,4919.40800171715,37.0811873351283,12.4751099854589,12.8653649467775,19.2004228711639,23968.4349071735,37569.0401059642,-1501.70430846557,0
3677,3174,6.34774072353511,1495.31703017864,35.507547345598,29.8908371188871,31.6515114475344,46.2333397970514,24943.4342081308,21404.5916789355,-1226.29390002623,0
3679,3175,5.84128997157565,1805.49930581839,35.6343508472242,25.7846347944601,27.1819878702354,39.848280161683,25679.8696532014,22167.2112376357,-883.411658083162,0
3680,3176,5.56524612792997,1622.24665846669,35.5826723242596,28.0341430516259,29.6288278810355,43.3457249458974,25677.9011449824,22152.2333869954,-806.327763489113,0
3685,3177,7.53787201544223,1970.33194736661,36.2945667233146,24.2158748202271,25.4857097124472,37.4120672428015,29536.8179689203,26562.4153103664,-565.776280650509,0
3686,3178,5.86830446594068,2319.04033766201,36.2759270138714,21.374892605434,22.4075872193918,32.9984798262503,29420.1588868761,26445.3208738573,-549.396059439424,0
3688,3179,6.09776091324248,5665.94190112727,30.939751313559,10.9789383659539,11.2511395194701,16.8780277511937,16265.1432406216,41433.9334399628,671.091581259636,0
3689,3180,6.36441553303735,6162.31983712727,30.939751313559,10.3855925360032,10.6266915791665,15.9613475698331,16259.0418087528,41440.3072776838,710.159739866035,0
3712,3181,6.10731328911346,5330.5161363402,32.7236752848011,11.545462872159,11.8580065164367,17.7562039784327,29156.6100116686,40698.3737053312,394.04759790306,0
3715,3182,6.88097284390979,4182.97231392516,36.8668745861528,13.9513531920474,14.4351309710337,21.4855461331369,25929.2650665924,37509.9606017008,923.55034347962,0
3716,3183,6.28120980906297,5036.54305118274,36.9037703833975,12.2633771179257,12.6396775303237,18.8725256719159,25890.9955962859,37409.3591964336,780.60876624769,0
3716,3184,3.41887809249382,4466.03036013305,36.8138669902967,13.3220499161452,13.7644045497275,20.5109994788038,26264.3429661696,37070.7869159926,-251.936322990073,0
3717,3185,6.57806764599361,6032.96155078572,36.9365268113691,10.8474625286247,11.1405326151191,16.6825634402883,25890.3996012209,37246.2140939562,501.229194904652,0
3717,3186,4.3426789990913,5537.10610931399,36.8421472035652,11.4904281717304,11.8200849956945,17.6766917380142,26482.8242834038,36853.0159132988,-1186.87515380282,0
3718,3187,5.93233941664048,6077.22477567354,36.7709949760425,10.7858493028933,11.0747365062028,16.5871127182154,26614.8067516227,37354.140722639,267.946646983101,0
3719,3188,5.82942346494354,5629.28201367354,36.7709949760425,11.3583591107195,11.6799718022126,17.4723461121052,26633.5749274946,37356.8486112013,261.588948575132,0
3720,3189,5.73575357245879,3669.71511680679,36.7614218207811,15.2991026773243,15.8738713629944,23.5733164866527,26605.5879301752,37339.2670315486,285.430832679057,0
3753,3190,5.58557226975722,2816.60555762902,34.4456078948412,18.2605640031596,19.0323172841891,28.160060612127,21949.3409487325,40828.1982233676,373.725901820872,0
3767,3191,5.45484006633714,2084.25506441661,35.191509186358,23.0001287235667,24.1555071128741,35.5197466941414,20159.6500603974,26036.6620592763,-558.80625304484,0
3768,3192,5.52252585705788,2511.99998441661,35.191509186358,19.9758280303489,20.886194285822,30.8234697550365,20195.0571684296,26033.1997946188,-584.887836002966,0
3776,3193,7.85995613330737,1896.87020712953,36.0054485498497,24.8845203341565,26.2083888286259,38.4503529371051,16329.3353436743,32130.6945233128,-1430.2242077433,0
3777,3194,6.58163446400508,2033.2976144256,34.5934976060008,23.3335516469084,24.5101629346606,36.035904067093,21445.4202745171,21024.0667535446,671.425582883818,0
3778,3195,6.35744466515355,1895.2826984256,34.5934976060008,24.6290190291561,25.9147859821767,38.0487587399102,21421.9925184013,21026.0030582509,715.643215046373,0
3781,3196,5.6688060625772,1571.06552408035,34.0547036822678,28.3894880745472,29.9958258980143,43.8927658844011,21172.2841290995,18005.1243113668,110.813386754649,0
3782,3197,5.94685493718212,1277.22615082096,34.027871476709,33.4960318509422,35.5666247411346,51.8369086888689,21130.4268608125,18013.199120685,146.175948565532,0
3783,3198,6.21914080031197,2387.32129198803,33.9798511644839,20.5712496072051,21.5168081741219,31.7444550897231,21452.1494969652,17473.3310529743,529.632244528238,0
3784,3199,6.77009228828967,2076.29669267327,33.8746257416384,22.8373505044418,23.964812397465,35.262893789142,21332.9666849563,17036.4519837488,1011.9638027613,0
3785,3200,7.20138498717043,2036.76585008809,33.8483417465254,23.1695922897539,24.3242146792272,35.7788852284237,21319.0044813457,17032.9277552129,914.406507768781,0
3786,3201,6.95591960102413,2038.13146208809,33.8483417465254,23.1577489006656,24.3113900545079,35.7604881022308,21326.325277543,17022.4658427085,990.026989880499,0
3787,3202,7.15829681748424,2094.20383067327,33.8746257416384,22.6886679661482,23.8038919868774,35.0319581448513,21328.1972358558,16985.5725179906,929.511277169666,0
3788,3203,6.92198888162827,1616.15152667327,33.8746257416384,27.7213159046392,29.266109478424,42.8530996267469,21331.0962330919,17033.500821925,926.670167838213,0
3789,3204,6.93137501086635,2092.46960408809,33.8483417465254,22.6983765934515,23.8141076119269,35.0469567958264,21322.7668779483,17009.2813220751,973.73461265641,0
3790,3205,7.47893900279012,1769.48804034133,33.934307700678,25.8379722709616,27.2193155075938,39.9254561367356,21361.7637088923,17047.7310603088,947.910401065019,0
3794,3206,6.88013978523081,1477.20302034133,33.934307700678,29.7789833460955,31.5079795942195,46.0533298450734,21404.3959926403,16969.1246839648,914.908737617501,0
3795,3207,7.02120033743221,2273.48697234133,33.934307700678,21.3318174907809,22.337468959843,32.9250729866145,21435.8369234376,16967.8964421918,951.800600961857,0
3797,3208,6.18727675307228,1624.21891672114,33.9167096961793,27.6228446317096,29.1595191103981,42.7001448611,19962.6879130175,18204.3558109286,509.757113189653,0
3798,3209,5.99652057432212,1409.39480356907,33.9478627834233,30.9202452973358,32.7527536901671,47.8286927735708,19955.9866132723,18254.8392165991,568.78565171058,0
3799,3210,5.84952541552748,1306.46730556907,33.9478627834233,32.864205375474,34.875033271491,50.8533284233046,19941.0630452146,18291.34161087,523.890254392754,0
3800,3211,6.07660100604672,1201.96343262519,34.0172537946594,35.188895314083,37.41749475994,54.4716534767656,19934.174535456,18227.8820987898,579.148576960635,0
3801,3212,5.87387873543831,1429.88848062519,34.0172537946594,30.5840939513808,32.387052338075,47.3060320144611,19958.4723449011,18301.6622103871,542.846994278388,0
3802,3213,6.02064046351378,1365.36939417308,35.3762964647012,32.1190111229473,34.0819063638172,49.6995778591803,24461.5825809638,22501.1008539546,-986.92828648083,0
3803,3214,6.21241304122425,1978.85957217308,35.3762964647012,23.9678860133739,25.206508198796,37.0238855155377,24537.7736784568,22460.2152769259,-1068.27761677171,0
3804,3215,6.19394100099006,1549.06770332399,35.356099717724,29.0246552226795,30.7050835630156,44.8854273269624,24528.8112410693,22374.394629206,-1119.45956341544,0
3805,3216,5.98825329812823,1590.73942617308,35.3762964647012,28.4244728966049,30.0513520352227,43.952028128541,24457.601881914,22439.7542380783,-1049.78159859609,0
3806,3217,6.31767973912702,1612.80947817308,35.3762964647012,28.1161863160254,29.7155506448953,43.4725817940777,24518.1505097616,22466.5581734592,-1148.32078317231,0
3807,3218,5.90345686954263,1584.26378217308,35.3762964647012,28.5164920504825,30.1516009128998,44.0951409189274,24503.187426156,22480.2472297051,-984.916006719124,0
3808,3219,5.62890605136505,1717.36690017308,35.3762964647012,26.7590978413234,28.2384246658259,41.3623540862128,24499.4737032741,22400.8906091301,-985.921672849012,0
3809,3220,6.14449749056754,1669.31713965227,35.335471414646,27.3534557726647,28.8846206334327,42.2863545052739,24669.8459401797,22102.4076982429,-869.652345434093,0
3810,3221,8.25817996759261,2309.63280333709,35.5926676042777,21.3365209645454,22.3593850913954,32.9370339416443,26616.4680879506,22475.0971702793,-1425.80292007999,0
3811,3222,7.71112515288037,2629.09790733709,35.5926676042777,19.3632241395015,20.2293818377398,29.8736972591703,26614.274173657,22477.0033194482,-1482.33864572027,0
3812,3223,7.81596753783575,2720.37365133709,35.5926676042777,18.8795834750272,19.708360920041,29.1231846291684,26610.843239421,22464.5168995834,-1524.39259927616,0
3814,3224,7.65955804702792,3133.7533924715,35.5044050463677,17.0108822366416,17.6988009295236,26.2243397905029,25633.9746303304,22294.0428034144,1191.26864132802,0
3815,3225,7.5387387436496,3439.36177242802,35.5229380143138,15.9078312672837,16.5166811146986,24.5143532828661,25591.3094142188,22476.1750806215,1201.6724000906,0
3817,3226,7.26751418746153,2568.42859490179,35.3267084746658,19.6663356395317,20.5537005828781,30.3434525872596,26172.9348370676,21486.6511746751,1266.41469535016,0
3821,3227,5.53321750309797,2857.75792759718,35.3997478079449,18.1829999666461,18.9570880383861,28.0419961155563,25553.4719963923,22068.6908422448,175.630502826928,0
3825,3228,8.21845967341699,1717.2172412345,35.5721902396323,26.8030303989169,28.2886179140143,41.4313283847751,26402.0999153854,21797.3344260353,-1528.45854544014,0
3826,3229,8.6441767936974,2576.3629724723,35.4652254584645,19.6400071065598,20.5265841945282,30.3029404965772,20085.1214856275,26667.2008045476,-1301.55000986775,0
3826,3230,6.49836408795693,1764.98468439813,36.153664796979,26.3535971077712,27.8067362889899,40.7345101128179,31487.3199977525,27189.3699693388,556.795359177508,0
3827,3231,8.63713442540423,3131.9688224723,35.4652254584645,17.0136731754634,17.701489559875,26.2285830282749,20050.5322300733,26674.9380445,-1184.84391027644,0
3828,3232,7.99795932628437,2719.24707268416,35.4847088796141,18.8716375311011,19.6988601680446,29.1105943954043,20123.3115503931,26662.3615938991,-1471.4454718092,0
3828,3233,8.40685233971486,2371.32080951934,35.2613328440088,20.8672871518986,21.8490813801498,32.2075416455376,18979.4653507914,26255.0266667972,-651.857792479631,0
3830,3234,7.56834628202407,3252.75854725976,35.4637281488473,16.5536156429403,17.2080589685536,25.5152767775581,20219.6512579337,26688.679065868,1257.21831356689,0
3831,3235,7.44536457033945,2655.12708925976,35.4637281488473,19.2052824682806,20.0580366062229,29.6282730382858,20224.7205305886,26706.0898768848,1208.69551188168,0
3833,3236,7.49278437581563,2825.71845925976,35.4637281488473,18.3420737326345,19.1287265437418,28.2889198996285,20198.6052709733,26671.2869935077,1214.77946751451,0
3834,3237,7.65029782016142,2604.57741925976,35.4637281488473,19.4813242903102,20.3555075217456,30.0566605667194,20212.0064611684,26667.9767489571,1227.59256392109,0
3835,3238,7.48796795874413,2171.87664925976,35.4637281488473,22.3340720766304,23.4371584503411,34.4859177401475,20181.070414883,26655.6926027383,1200.8437466162,0
3837,3239,5.62712718930859,4175.27168632338,36.931729095797,13.9744498528788,14.4601459614779,21.5214235342226,19923.1493294152,35835.3989712063,193.957062579122,0
3838,3240,5.69399772435706,6004.72922032338,36.931729095797,10.8815445698181,11.1765199641854,16.735250426608,19912.8878838613,35851.2064171365,171.019751600279,0
3839,3241,5.67705571308344,5533.06445632338,36.931729095797,11.5011645090485,11.8318698896613,17.6934124251238,19922.8952928969,35840.8221238899,183.686180363254,0
3839,3242,5.66330010625769,1485.8747891215,34.5208194421144,29.79128407019,31.5295464791354,46.0747388226881,21740.3961582082,18748.3804560468,-564.40104926748,0
3840,3243,5.64867890428099,5101.63034484027,37.1035024407556,12.1679082761004,12.5393787865945,18.7250819001945,19909.2160572062,35836.834301908,196.35018902174,0
3840,3244,5.46933451636385,2850.32508085685,34.4757574350532,18.1057401896426,18.8661541718529,27.9199797510488,21739.0286962269,18745.8316131395,-547.12343971009,0
3841,3245,5.58983781211277,5229.07278084027,37.1035024407556,11.9636404059915,12.3227114101766,18.409037934527,19918.1931840371,35840.1194800852,180.489400666909,0
3841,3246,5.45663042971285,3274.06126885685,34.4757574350532,16.3734342926132,17.0074506897319,25.2338833871871,21721.2521876619,18731.8800516813,-620.534459580082,0
3842,3247,5.73554664954921,5062.20380484027,37.1035024407556,12.2329806798967,12.6084295155774,18.8257699167668,19910.2758961975,35856.5886721976,175.476332912315,0
3842,3248,5.48883768922084,2248.31090813099,34.4433629411512,21.5929338535027,22.6249010333829,33.3319740447832,21660.0016488605,18643.5561222157,-550.782081329266,0
3843,3249,5.92205919206432,4625.89077084027,37.1035024407556,13.0197317667291,13.444330444259,20.0434163901217,19903.8651090007,35818.9755778903,163.324081245375,0
3843,3250,5.61349546239894,2205.66505640323,34.385244263888,21.8982284766391,22.9543427327745,33.8058876649704,21576.2478542441,18533.4716871882,-513.134075954542,0
3844,3251,5.73212520279134,5795.6756116714,37.4843451915474,11.1743708072626,11.4885335120611,17.1887029614217,22176.1806042304,35253.7589178601,216.241977595507,0
3844,3252,5.7058951219289,3305.26159604793,36.7178908732553,16.4904752102228,17.1496874108398,25.4199567853279,27900.2383225845,36197.7021639919,43.5847010816976,0
3845,3253,5.67849624105509,5901.0479956714,37.4843451915474,11.0388933757594,11.3452441675637,16.9792047440295,22193.0745558749,35266.6752283155,226.489399145856,0
3845,3254,5.79735431015759,3970.82123804793,36.7178908732553,14.461130039082,14.9780973996106,22.2748922097137,27898.2634312136,36206.5995426687,64.3733439041532,0
3845,3255,5.38745218757594,2013.13579040323,34.385244263888,23.4745580317681,24.6606076533195,36.2543171099102,21571.6661899249,18522.0276947161,-501.507045214094,0
3846,3256,5.75316552678229,5804.1335956714,37.4843451915474,11.1633336015347,11.4768574660802,17.1716346982294,22191.0497356722,35263.9974864824,229.101970845195,0
3846,3257,5.54579917075544,4945.97833604793,36.7178908732553,12.4056989188264,12.7897866945294,19.0924916940735,27896.8294709666,36220.0023545144,92.2209013929789,0
3846,3258,5.131899204489,1982.12318240323,34.385244263888,23.7555218046789,24.9650881199463,36.6908246435562,21611.4142765308,18515.4939027659,-553.415951904896,0
3847,3259,5.77755868669332,6176.8795936714,37.4843451915474,10.7039356470711,10.9912524268422,16.4613130102614,22188.2985877299,35260.8057019026,200.31058608089,0
3847,3260,5.80757033844162,4260.33098204793,36.7178908732553,13.7616414432739,14.2320272447061,21.1915071028242,27921.0921776125,36201.8120613955,83.2556479615652,0
3847,3261,5.28534917498803,1516.91203640323,34.385244263888,29.2714371558302,30.9610364025971,45.2656383373297,21579.6597256277,18495.6001713518,-579.214750201482,0
3848,3262,5.91564259765162,6000.3852556714,37.4843451915474,10.9150875654793,11.2143562230137,16.787770723392,22183.0466655546,35249.2346488199,213.507334521819,0
3848,3263,5.81150057667204,4198.05979196077,36.7537473460099,13.9073973617378,14.3875925172939,21.4172857452539,27907.2728409677,36184.2984519725,59.4038389769265,0
3849,3264,5.8618059109004,6167.9150116714,37.4843451915474,10.7143997768502,11.0023050611091,16.4774903493423,22192.6861470804,35269.0028347424,219.527612859756,0
3849,3265,5.7023507587972,4047.09727604793,36.7178908732553,14.2679674593979,14.7719381751112,21.975680496243,27910.4859021698,36208.7645144874,81.309976347714,0
3850,3266,5.67257070286348,3703.10561189608,37.5219242988732,15.2674467296424,15.8450374379266,23.5256453352087,22184.6182866442,35265.034127169,236.909062007955,0
3850,3267,5.68983793962024,3818.43278584201,36.7227029227939,14.8685714584266,15.4133073457291,22.9061229538154,27952.678495367,36200.8599136474,58.1394669422717,0
3852,3268,5.50185616986235,2774.91289305407,34.7639599602002,18.5014414883836,19.2941306059394,28.5344918355234,22647.301620191,19504.5237382038,-757.46228863312,0
3853,3269,5.51074421673004,2523.92662305407,34.7639599602002,19.8458444146332,20.7420017699875,30.6206105062548,22650.9382123995,19474.4633171385,-769.25587305334,0
3854,3270,5.65296720187258,2633.63812905407,34.7639599602002,19.2287166476968,20.076967243819,29.6628941032183,22641.6897271497,19475.5358802059,-793.593160699211,0
3855,3271,5.25853638721411,2578.52907705407,34.7639599602002,19.5325612664918,20.4043140090735,30.1344046870757,22643.6919377539,19476.550808424,-706.408712260123,0
3856,3272,8.78344754806604,4628.36259778807,37.3718439436898,13.0332521667584,13.4601718677127,20.0647484032333,24616.5912517674,36348.4257807951,-1380.63532964859,0
3856,3273,5.84198503295022,2552.67055305407,34.7639599602002,19.6793606766389,20.5625274871768,30.362226812747,22662.9488191567,19490.1925841707,-741.855439466077,0
3856,3274,4.31277106916683,3651.02174481589,37.3417880060191,15.4070767518881,15.9932740449439,23.7417175673309,23635.147123763,36458.0903544953,952.878000882257,0
3857,3275,8.39009092895984,4373.64495595152,37.3375519849688,13.5562453238146,14.0167692892887,20.8744357392319,24611.5308173527,36353.3080357949,-1415.34474856023,0
3857,3276,5.69085258309076,2553.51340034816,34.7316385324231,19.6700800510076,20.5522222095108,30.3477402189037,22664.5192471853,19491.6420062547,-763.366157122111,0
3857,3277,3.45820111030268,3358.90996920206,37.5034702775008,16.3768660966797,17.0334933290257,25.2453685518858,23806.485083824,36178.0080446271,-413.841321955828,0
3858,3278,8.39174609163904,3989.20315195152,37.3375519849688,14.4642037600048,14.9852302088448,22.2807146073073,24617.4028776128,36350.2715470826,-1416.42708032821,0
3858,3279,3.74110928614011,3790.97198520206,37.5034702775008,15.0121212582905,15.5717955751577,23.1299386030541,23793.8067124908,36191.8557822923,-533.077924423986,0
3858,3280,6.39304893920772,2062.13611453743,34.6366630046552,23.0912684795687,24.2481828329652,35.6596531349434,21852.9925461147,19534.0528422679,726.29371534831,0
3858,3281,7.85630236467148,3092.92424380942,37.5509360419482,17.3963396574678,18.1285292976792,26.8264807728859,24431.5469876681,34140.3519145119,-1504.30760990968,0
3859,3282,8.11628190495404,7619.04217222194,37.5423262680115,9.3125099880875,9.52547109830412,14.311263988985,24474.9280769885,34103.3717453367,-1432.62863860669,0
3859,3283,5.64082196521929,2457.05819164032,34.5001428702451,20.209238146838,21.1313741765134,31.1839435231761,21129.2010392474,19552.358425222,-562.264476524904,0
3860,3284,8.21279990139189,7731.93784079131,37.5982213520013,9.22514630180555,9.43387080160615,14.1763871609986,24473.2308920883,34120.6621393114,-1429.57569815352,0
3860,3285,5.22306561745653,5884.02319876646,37.5774015410842,11.0653318147799,11.3736094469665,17.0201992600391,23523.8171497652,34428.430671915,582.97844608326,0
3861,3286,8.22846592271854,8221.3555607913,37.5982213520013,8.86219133648741,9.05285043813111,13.6159084698701,24488.2128324446,34125.5827958802,-1437.70697682589,0
3862,3287,8.20362649758191,8253.7778327913,37.5982213520013,8.83948952717353,9.02903725051814,13.5808571908079,24488.028331498,34117.5913817363,-1442.24266661039,0
3862,3288,7.03994206057036,3095.21189766522,35.7239080081943,17.1885884949048,17.8912494423305,26.5003792031286,26448.6448393342,23341.072222176,-1413.05287126254,0
3863,3289,8.23824245677502,7918.6302167913,37.5982213520013,9.08203084873622,9.28356583375537,13.9553687175877,24477.3343005048,34111.1434737159,-1437.84680109733,0
3863,3290,6.81591751309301,3124.57255566522,35.7239080081943,17.0709761179756,17.7650036471257,26.3179962112671,26409.924938694,23353.559380092,-1473.17461782334,0
3864,3291,8.14994380985111,7505.04801479131,37.5982213520013,9.40751196811165,9.62552063040731,14.458054786987,24488.9854994884,34119.837341302,-1455.24329727133,0
3864,3292,5.3799777243023,2365.64943339548,34.3244777742997,20.7641779663317,21.7284749993973,32.0449007665057,18409.7084441329,21397.6503922428,-76.2593200990909,0
3865,3293,8.17079500165654,8105.60893079131,37.5982213520013,8.9445383101716,9.13924724449516,13.7430561210513,24469.4176374566,34127.4431061629,-1391.97869277924,0
3865,3294,5.41061422151933,1940.55733568148,34.3543548361409,24.1396013036304,25.3811231592221,37.2874814911402,18397.0533025144,21404.1238069998,-81.3157494337494,0
3866,3295,8.11059399917601,7073.53664879131,37.5982213520013,9.78274510781318,10.0202809628653,15.0377264199048,24473.1600653377,34127.649327829,-1389.23241174626,0
3866,3296,5.42559724581061,2139.39836139548,34.3244777742997,22.4002143202244,23.4966702035846,34.5853062238967,18409.6423428191,21386.0972379621,-72.9580456511748,0
3867,3297,8.25521381741088,7494.16717079131,37.5982213520013,9.41650253347424,9.63497242800712,14.4719418704249,24478.7835603439,34122.2861731211,-1424.54202072958,0
3867,3298,5.53215141266085,1900.80040568148,34.3543548361409,24.5275494908143,25.8018931085128,37.8903006002793,18405.7508729443,21412.8319315954,-107.559568974722,0
3868,3299,8.08833089561282,7445.79807479131,37.5982213520013,9.45674983023795,9.67728851754885,14.5341100959441,24465.6646774958,34125.1229427991,-1470.90721262863,0
3868,3300,5.54566602972016,2055.76563939548,34.3244777742997,23.0907102485526,24.2441269203275,35.6578294415793,18416.348032744,21403.2542960856,-110.906316987461,0
3869,3301,8.32174879756961,7786.89271079131,37.5982213520013,9.18239011613551,9.38895778264417,14.1103547669042,24478.7865153558,34115.3704585377,-1441.94117127569,0
3869,3302,5.61661114098608,2246.07027939548,34.3244777742997,21.5901667855739,22.6206757064639,33.327335705613,18417.7928569574,21384.9222214754,-131.722867450373,0
3870,3303,8.24209947092832,8064.05357465386,37.5921694127526,8.97438849242632,9.1705526413924,13.7891426659201,24479.9478994579,34133.160655629,-1418.77447717596,0
3871,3304,8.37289682085243,6853.96062071867,37.5834796319118,9.98904755510803,10.2375010044705,15.3564783285274,24468.4646106129,34098.3405492302,-1454.99099639932,0
3872,3305,8.13601126737627,4587.54500143681,37.5355672902896,13.1251706084064,13.5588665444305,20.2072943235194,24538.5685973271,35393.3859259017,-1429.85774860308,0
3872,3306,3.28141827804007,3811.22481138033,37.6430586438935,14.9670251962309,15.5244654521189,23.0603044967533,23918.0304310684,35536.1355056542,-310.683312397722,0
3872,3307,6.17788260286274,3090.37080466771,37.3431641764316,17.3844514152373,18.1141699968806,26.8076044664503,25150.5860368002,34995.9755621258,-22.1013063421411,0
3873,3308,8.54229884822449,3387.07389167098,37.5523243975974,16.2828766326777,16.9330308110464,25.0997356587149,24517.5290177838,35405.097343675,-1372.69453999188,0
3874,3309,8.46099282871563,3990.153177565,37.5682157512949,14.4803821280222,15.0039279214503,22.3061692922749,24527.131699602,35379.4498681934,-1414.84639150409,0
3875,3310,8.65426047452091,3414.08782543681,37.5355672902896,16.1879356330015,16.8311037603411,24.9525050793167,24535.5544138679,35393.3824717589,-1383.92652124272,0
3875,3311,3.15558498724824,2581.31499738033,37.6430586438935,19.9029054129321,20.8296929557634,30.7164057948512,23714.7129943534,35263.9251966097,-696.845285371198,0
3876,3312,8.38181486353768,3748.88302543681,37.5355672902896,15.1350619787058,15.7034926269832,23.3205093744919,24525.7236956469,35400.1318576799,-1353.27258479769,0
3877,3313,5.87099164996525,3065.60151310338,37.3622983948896,17.4892939833446,18.2270081980729,26.9702682737118,25725.3124460316,35401.6892207578,-1146.54878161974,0
3878,3314,6.17488879919888,3645.91576766722,37.3787124051659,15.4258412304607,16.0136034599626,23.7708674181139,25832.906283588,35266.7055738233,-999.767206545378,0
3879,3315,6.4346929540267,2773.25041510338,37.3622983948896,18.8310648669219,19.671177221083,29.0520597818898,25825.8173217694,35276.7171073015,-950.998520072071,0
3880,3316,6.33411909097629,5745.85391663356,37.4780975224318,11.2396425236405,11.557563940178,17.2896357642859,21590.9857926486,34129.0711942562,678.94772346087,0
3881,3317,6.34466293006148,5942.32583663356,37.4780975224318,10.9866759733746,11.2900059691304,16.8984545877203,21594.6042402014,34141.2840569162,694.220397855419,0
3881,3318,6.32185478747522,4753.63552763698,37.5910837322552,12.8081743044174,13.2219577119496,19.71665257321,21594.9096821587,34143.6534504796,697.212200363306,0
3882,3319,6.31149312870347,5983.69066463356,37.4780975224318,10.9353174906126,11.2357126802745,16.8190426742091,21594.9539922846,34138.8503801572,677.0892259125,0
3883,3320,6.33514056461492,5520.50591063356,37.4780975224318,11.5496133652811,11.8857172507021,17.7690499934807,21594.7785046841,34128.3444464483,685.944822939196,0
3884,3321,7.82966103170561,5890.16025894744,37.5014294121977,11.0535790138927,11.3608482433367,17.00193392258,21432.7456735603,34880.7836576045,-1449.24779372683,0
3884,3322,7.02683194710327,4291.46136904739,37.6129064630484,13.7582968279971,14.233679887106,21.1877646213069,22196.0354405711,34422.3660130716,223.041666394999,0
3885,3323,7.96946298802808,6446.66917494744,37.5014294121977,10.4020207498314,10.6725998903841,15.9946249421125,21426.605211034,34891.7761413166,-1420.3660638013,0
3886,3324,8.23194040968713,5865.49113894744,37.5014294121977,11.0850137474074,11.3940917211147,17.0505425926887,21429.077274592,34900.8006028666,-1464.30085946507,0
3887,3325,8.17317802819746,6359.75457894744,37.5014294121977,10.4970509678764,10.7728846532123,16.1415151559736,21429.9084647561,34888.3359983473,-1416.37362443187,0
3887,3326,6.05129928313457,3639.43985664029,35.6203802445363,15.2864857419872,15.8526399244797,23.5516330540956,22906.4050746691,25874.5529897574,503.756718057026,0
3888,3327,8.28875998855283,6372.94815294744,37.5014294121977,10.482476614856,10.7575022546074,16.1189866740345,21414.4413940825,34900.6159365259,-1428.14951380661,0
3888,3328,6.06897935834148,3521.57873064029,35.6203802445363,15.6501072914009,16.2415454795063,24.1151145522476,22894.2573498742,25883.51101049,492.798946199244,0
3889,3329,8.05894377827516,6287.75158494744,37.5014294121977,10.5775506057019,10.8578615874719,16.2659523181128,21423.6112396538,34882.6218119623,-1450.13518760278,0
3890,3330,8.10060436526382,6058.18700896822,37.4761322401357,10.8443096518123,11.1395190917482,16.6783278532938,21422.7332942242,34890.2626434599,-1419.53051096853,0
3890,3331,5.88210197415364,5006.60218344652,37.2790177288345,12.3373158287633,12.7200633700149,18.9874634762164,20515.8904113618,35294.8163547709,422.541825924927,0
3891,3332,8.15983723395874,4948.82549296822,37.4761322401357,12.4489463047543,12.8396059875497,19.1604913284904,21412.0079803379,34894.109372106,-1510.85245771814,0
3895,3333,5.57930020636963,2184.28167997798,34.9838528317997,22.1589083684426,23.2425879855366,34.2124693968885,21190.1252449135,23074.8050252877,376.705960322824,0
3900,3334,7.10726096556202,4144.11157446367,36.8006430350403,14.0381476836686,14.5272859535087,21.6198600187103,18904.6614253653,34153.6801260278,912.076702506822,0
3901,3335,6.87009927938435,3992.52864246367,36.8006430350403,14.4121913788647,14.926371981294,22.1992248706549,18887.1629161257,34162.470087303,909.936815850666,0
3912,3336,6.34777505884885,1880.72302590431,36.2424090209748,25.0958936611605,26.4406530129546,38.7796367605256,21891.9651494583,29340.5743500001,684.555828177851,0
3923,3337,5.72778062283144,1799.63506574993,35.6654637887525,25.8564963577816,27.2604608908621,39.9600924264478,29286.5685632951,23100.2434776152,-972.572969464489,0
3930,3338,6.44237424782503,1728.93764561525,34.0801632899523,26.3400259888824,27.7666292754173,40.7063610818008,20528.1800411636,19082.2514766917,681.491857948393,0
3931,3339,6.44717363037662,1612.35402761525,34.0801632899523,27.8208468201292,29.3771448694776,43.0086186064019,20516.3662099133,19076.2799081789,673.291635708514,0
3932,3340,6.32752716173742,1818.78169961525,34.0801632899523,25.3228358219005,26.6617073003679,39.1253069424593,20521.1154805063,19078.5807175204,705.801759756484,0
3951,3341,5.29702884005961,955.76349033483,33.7094600749814,42.4098248019233,45.3249723090089,65.7139313832573,15181.0041661758,21054.0253615073,-189.486537042185,0
3953,3342,5.22297531749113,1211.42858052463,33.6859591823731,34.8566983134888,37.0488752650533,53.9531080549652,15147.6958530822,21065.4032633114,-309.912341165312,0
3954,3343,5.28976162267672,1217.74073433483,33.7094600749814,34.7170872381717,36.8965680793842,53.735913183785,15212.1546939297,21058.9634832051,-289.813905406626,0
3955,3344,5.49691125703626,1289.29516213097,33.7437425782023,33.1558402353183,35.1905366635982,51.3062831501816,15202.4248183351,21052.2227545042,-328.244665964661,0
3963,3345,6.3530695838982,3871.65904623378,33.1066699541895,14.4130651646922,14.9032193615976,22.1939443991105,16600.6649321502,40448.7696216342,25.8574856308912,0
3965,3346,8.12433800549056,3359.36753598585,36.7205365822574,16.2981765518422,16.9435064125964,25.1218217661738,19403.0299496317,35525.323685599,-1352.91121759573,0
3966,3347,6.93926002044244,1682.59490967019,36.7899859061055,27.5015627144626,29.0637391802117,42.5216451878183,20288.855816131,35482.8949158388,877.907516080072,0
3976,3348,9.45748921897497,3594.43709122094,34.8234956196201,15.3486837695954,15.9135765496368,23.6464783534551,22993.0460980267,40844.4206759681,-1105.53772752284,0
3982,3349,5.53493251029315,2743.62723804831,35.8052774819502,18.7879066508699,19.6114899459401,28.981443202139,30300.0452119659,23184.1770748998,-230.912409532266,0
3983,3350,5.38644488759308,2655.25892604831,35.8052774819502,19.2491644435616,20.1083590357033,29.6972111977407,30304.6660635162,23177.9288977178,-259.091470954987,0
3984,3351,5.38256777693438,2010.84629767246,35.5973381669708,23.7137047086446,24.9332992569104,36.6296095735958,28975.6437335785,21980.6472012028,-465.037685733124,0
3985,3352,5.38752751862794,2336.54777668421,35.6076168153418,21.1529945951374,22.1611636137902,32.6520937030455,28967.6905081348,21992.7111997551,-423.309423034452,0
4012,3353,5.46102948785755,2722.51970849789,36.7870083884728,19.0192772941947,19.8691583963191,29.3428078491201,28232.850201804,31219.1970021017,-494.729672320597,0
4015,3354,5.53934923948617,1517.5827217195,35.0437571385265,29.4253651852041,31.1377254773162,45.5075444797831,20568.5422091145,23912.4488073279,-524.80350411167,0
4016,3355,5.15776785489737,1491.1955737195,35.0437571385265,29.8395272784136,31.589300946246,46.1517777910737,20621.5816529268,23902.702362404,-519.784672984087,0
4016,3356,5.25243243600466,856.867080370336,35.0637045361619,47.1483294363251,50.5543922622277,73.1028842639346,27350.6001180775,18250.7033527194,-286.886594328711,0
4019,3357,5.79107367424334,1302.81944308783,35.0620542890589,33.2696862679741,35.3347443758317,51.4889943244961,20705.614639293,23903.0288669013,-562.665878693214,0
4020,3358,5.49124985214984,1146.5495062575,35.0279033378875,36.9224991846547,39.3311114464185,57.174938275457,20704.1446546865,23888.6518596512,-475.131694529905,0
4021,3359,5.57407196460539,1185.30482086964,35.0462017488287,35.9327773667243,38.2476833305434,55.6341603331168,20714.1661643849,23882.721226002,-565.373275423013,0
4022,3360,5.54095856083935,2186.62361403067,33.984341852494,21.9761359383234,23.0343269183407,33.9256938728182,19693.3984819775,19041.9856931156,-456.096806176052,0
4023,3361,6.222239358942,2907.82287136707,35.3708519860736,17.949428317335,18.7057168599677,27.6796118954836,21469.0642423977,25226.0371102539,431.468251054371,0
4024,3362,5.9527061065501,2813.82360881191,35.3886580778603,18.3898970596268,19.1795343953653,28.3629353108855,21499.8721932285,25229.2766040463,431.767894110742,0
4024,3363,8.40226117989641,815.934293062362,35.258248867557,49.2594821248062,52.879528675889,76.3936015646152,28138.601538356,18725.8464792959,-1227.34748784487,0
4025,3364,5.67244099501524,2948.46181188632,33.9131369945438,17.5973493047404,18.3152803344384,27.1301860700877,22604.3220577468,16225.5007761617,-53.8224674713564,0
4025,3365,6.22681831378406,2889.95978536707,35.3708519860736,18.0306734519287,18.7930561997808,27.8056361060967,21481.6953331714,25220.0544383945,498.874159399071,0
4026,3366,5.41958616555972,2874.79654348691,33.9418444395332,17.9282200955749,18.6708116089712,27.6433747194284,22609.2500527186,16239.3986509467,-26.8788351369802,0
4026,3367,6.08386383885741,2726.16012881191,35.3886580778603,18.8240607074805,19.6467925676159,29.0365402413529,21495.0612388817,25245.6380874189,465.105117501889,0
4027,3368,5.558945042904,2928.28599588632,33.9131369945438,17.6854946276314,18.4099071101971,27.2668772185866,22580.5079543592,16234.0546944103,-29.8756825049905,0
4027,3369,5.87323793014548,2672.26557379078,35.3425600646677,19.0981715670742,19.9415705315804,29.4617612141374,21470.7248030328,25220.9149026495,454.61219334818,0
4028,3370,5.75153931949931,2513.42531536707,35.3708519860736,19.9923898660297,20.9057370823143,30.8496405836621,21485.688733729,25232.8718605368,475.851124053023,0
4028,3371,5.6253822597865,2744.55680548691,33.9418444395332,18.547077193094,19.3359322140644,28.6032773226202,22623.4483416073,16234.0583642538,-13.7175822435937,0
4029,3372,5.46152992734727,2451.73145988632,33.9131369945438,20.1568331251888,21.0691363015714,31.1010232094269,22587.7338491273,16239.7399729162,-17.580895231073,0
4029,3373,5.95656827939102,1446.93716779078,35.3425600646677,30.6450648912455,32.4721322888364,47.4060678661047,21486.7613932395,25190.8798633061,458.290613815863,0
4030,3374,5.47098854204676,2740.17504406319,33.9118214554571,18.5649996076738,19.354935952899,28.6310052898036,22593.9934196707,16241.531557865,-8.78823271854989,0
4031,3375,5.40218262352006,3299.78962606319,33.9118214554571,16.2231875054313,16.8422348548039,24.9998089244384,22607.3853116051,16246.0306944289,-46.6455586582174,0
4032,3376,5.62583119976124,2893.57648452259,33.9404027135679,17.8430888560053,18.5793639894391,27.5113419249845,22602.4752751039,16246.3630100717,-42.3213678314484,0
4033,3377,5.68387434861363,2138.04063252259,33.9404027135679,22.3458252532222,23.4336665144712,34.4996827000632,22620.6156384946,16229.8684498579,-40.1574246302719,0
4035,3378,8.28035696943667,3671.31832909437,35.7364930300673,15.2023133972215,15.7634534676611,23.4214275838082,32518.3873163458,34782.059407048,-1430.98943278752,0
4042,3379,6.00397674916686,1318.75258941092,36.8332786589586,33.4549163336378,35.5626506067376,51.7843946730061,27561.7173973938,30733.1382920567,557.30648890149,0
4047,3380,5.71863695634087,6807.77893591324,33.0841253347576,9.83044949827256,10.0527596231592,15.106533161165,23522.828723296,41881.2399592872,-9.48609358047229,0
4062,3381,7.58856410882502,1436.00617468493,35.960756887174,30.9945714890721,32.8620565238532,47.9522046292591,33224.675021373,25702.0392993534,1182.80265455843,0
4063,3382,7.32596994154236,3498.10232068493,35.960756887174,15.7576550610578,16.3590488337819,24.2824573518768,33199.7666731116,25693.6538509053,1154.57565650894,0
4064,3383,7.20637528537968,3572.41804468493,35.960756887174,15.5222178321594,16.1070996707128,23.9175759654009,33189.6437111077,25706.2798257011,1166.24623724363,0
4065,3384,7.16948631920573,3553.49771068493,35.960756887174,15.5812978796307,16.1703105626168,24.0091349180774,33209.4538163904,25676.940125991,1151.62491821729,0
4066,3385,7.26036315628985,3639.04669468493,35.960756887174,15.3186715775581,15.8893871009748,23.6021495190617,33204.8769028629,25685.5159253424,1152.28680371821,0
4067,3386,7.41602549004032,3551.95589068493,35.960756887174,15.5861378515614,16.1754893191988,24.0166357401565,33213.7376262009,25692.2364961366,1135.93290385711,0
4067,3387,5.59007620216482,2997.59970178788,36.3033575467148,17.6605896712916,18.4028484291554,27.2336839346734,30541.5325887709,26953.5375715015,-340.689805464928,0
4068,3388,5.9001993827339,4649.90260538789,36.2672989387753,12.9157435505077,13.3291802429606,19.8811898736597,30869.4421030048,26691.1910773759,2.19728409527372,0
4068,3389,7.48638813144712,3753.47176468493,35.960756887174,14.9846450301701,15.5323368511106,23.084585585288,33205.3554152489,25687.4174030502,1127.05813980623,0
4069,3390,7.3686687916271,4010.38302868493,35.960756887174,14.2986573768038,14.7999670246832,22.0219178838665,33211.0393954669,25688.2103958237,1176.68450823301,0
4069,3391,6.19162135911695,4937.01314562735,36.2569698683793,12.3916752032834,12.7725055373826,19.0701313226757,30873.3718831338,26687.0798684484,-22.6714629352793,0
4069,3392,11.3597492201693,5880.4430808932,36.0883998281792,10.9917660731643,11.2892528579525,16.9046340100433,31755.1792209108,26006.5833952924,1074.59261300642,0
4070,3393,7.30260460949325,3553.91774536085,35.9881511543273,15.5825387295119,16.1718292481631,24.0111105687293,33203.1745279425,25692.1111343585,1110.83234923133,0
4071,3394,7.17367058371117,3786.71053936085,35.9881511543273,14.8934756819656,15.4351135285892,22.9433849167839,33194.2868711099,25672.7292366225,1153.66003377929,0
4072,3395,7.40248067540349,3673.43082136085,35.9881511543273,15.2187540498798,15.782738821623,23.4473733979794,33180.9293055471,25687.8205717531,1138.17687455689,0
4073,3396,7.34856981898155,3675.25897936085,35.9881511543273,15.2133584575431,15.7769703675069,23.4390128280021,33198.6900682792,25680.1871950086,1162.50117606175,0
4099,3397,5.70122393887423,4256.6221738742,36.9818024577047,13.7899711105251,14.2637714839437,21.2358056294376,19572.037194451,35330.9495954083,-725.82961732074,0
4100,3398,5.74593791853983,4544.02120375502,36.9718024163421,13.1733536436543,13.6070399670274,20.2810349633158,19566.7055764903,35333.8852115221,-730.250440696624,0
4101,3399,5.57900877514602,4276.14099175502,36.9718024163421,13.7450064340434,14.2157904334713,21.1661571893393,19564.977371155,35330.039485541,-716.769770552597,0
4102,3400,5.77361087356421,4411.19121566148,36.961459758674,13.4481576099163,13.8995007936293,20.7064807675474,19566.1438625381,35353.0347798989,-705.566013202753,0
4103,3401,5.71787747199312,4022.64375775502,36.9718024163421,14.3495944002152,14.8606150406902,22.1025509300767,19566.4193084689,35334.1457368196,-724.917183629234,0
4104,3402,5.80776852350628,2411.79427375502,36.9718024163421,20.851695255995,21.848574295514,32.1878529280557,19589.4842928483,35331.3229082905,-690.11703227095,0
4106,3403,5.7518157421033,5079.12638217654,33.6172613002334,11.9859295544889,12.3285163246785,18.4386088176008,16184.8183972378,40339.8977778376,186.014642607318,0
4107,3404,5.77426375778606,5596.20875817654,33.6172613002334,11.2258886437509,11.5249654698208,17.2633909073942,16149.8446334469,40329.7127872656,180.235126067818,0
4108,3405,5.78356788113156,5955.95941617653,33.6172613002334,10.7672364951847,11.0410189815043,16.5544606954564,16188.7036851855,40345.7507440669,190.728780107983,0
4111,3406,4.68718125663415,4667.8476709346,31.4711386069289,12.5445229743819,12.9078028875866,19.299226233914,15163.5609914531,41155.1519455503,832.388495052014,0
4112,3407,4.4788217854655,4793.2637149346,31.4711386069289,12.3203970766154,12.6705314483693,18.9525838643511,15075.4851367734,41092.2140500723,505.864873266733,0
4113,3408,5.83722250938084,3811.34353012706,31.0732986727277,14.3896521968013,14.8640127978167,22.1537612996371,15324.7138159704,41225.8771439082,1178.95373793893,0
4115,3409,4.72799719420297,4688.13251212706,31.0732986727277,12.4789082936073,12.835944592008,19.1970838236666,15171.2603991644,41161.6071410376,758.558474819369,0
4116,3410,4.98299513830915,4997.00311012706,31.0732986727277,11.9512574259085,12.2778420045126,18.3811332197111,15149.0996782544,41057.0562998419,621.643196253556,0
4120,3411,4.84675509586792,4981.22073226721,31.452759352992,12.002310868409,12.3339591481626,18.4606651506823,15139.731482034,41059.1033413465,556.389720093982,0
4121,3412,9.94444879283927,3473.74436906574,35.6607982701971,15.8080408379469,16.4108499983167,24.3599616718082,15678.9032511616,38662.3995852489,-1089.21162781904,0
4122,3413,9.33150838532494,3680.01640690711,35.7890431325008,15.1814481234271,15.7415074934325,23.3891959703812,15688.0864320157,38582.8277355706,-1120.85243935418,0
4123,3414,9.777484508629,3614.99565490711,35.7890431325008,15.3756018830374,15.9490879479331,23.6900434985116,15660.7117095015,38569.9119671166,-1177.95900059924,0
4124,3415,9.52822262766185,3499.51333690711,35.7890431325008,15.7367608103248,16.3354696674484,24.2497393030439,15664.555677992,38591.9809463968,-1108.77057917627,0
4125,3416,9.93807709386346,3627.57395306574,35.6607982701971,15.3258106459785,15.8949621773618,23.612644810593,15628.1471371764,38590.6745431756,-1032.43835632844,0
4126,3417,10.3889449281769,3602.46286090711,35.7890431325008,15.413765369401,15.9899016373394,23.7491821024124,15593.6091858345,38490.2411069396,-1110.58849448953,0
4127,3418,10.0726745124045,3790.30204106574,35.6607982701971,14.8549869397275,15.3918341769296,22.8831589465076,15660.0780059604,38614.5585805542,-1093.08909025831,0
4128,3419,9.18910880035171,3952.78784306574,35.6607982701971,14.4204560851088,14.9279964159309,22.2100447928107,15722.3126003764,38688.2368402451,-1105.13720947715,0
4144,3420,6.62987932035706,1321.40244633894,36.2645870806447,33.2373717610573,35.3167599320444,51.443558533718,29801.1839095955,26362.6601445923,807.759646473993,0
4146,3421,6.85982369077714,2250.82096322283,36.2264297330381,21.8566543743521,22.9282378045897,33.7465450491466,29517.684285591,26115.5600249866,1065.24250521223,0
4149,3422,5.69180819211749,1083.22800905854,33.7978554271105,38.2473531498826,40.7622719892237,59.2320759009613,17158.6423918938,20286.7979894918,-327.198747424019,0
4163,3423,5.27850476466495,1590.95243156194,34.2199659970474,28.1484460668401,29.7355942335722,43.5185464363966,23681.7195573587,17075.6259045479,-551.715683367777,0
4164,3424,5.23310718734534,2116.76207064116,34.2443142823419,22.5682711202426,23.6776567101635,34.8460839538484,23721.7798120627,17106.6547864832,-619.618109112195,0
4165,3425,5.62296158681468,1758.48715464116,34.2443142823419,26.0293469934515,27.4310768241178,40.2239951831325,23739.0415652487,17082.3152184908,-689.415273177991,0
4167,3426,5.22834169565627,1526.27096776854,34.2846531535566,29.1038560946698,30.7770528731076,45.0046129532114,23565.8491180093,17539.6709411406,-721.938392739993,0
4168,3427,5.62442788464499,1590.19157030386,34.309175201694,28.1802606097401,29.7714161370891,43.5683494656727,23529.9052959741,17506.0783755255,-729.607459533677,0
4169,3428,5.59113210061283,1394.15901976854,34.2846531535566,31.2836001091289,33.1541067193388,48.3953434216896,23519.4298928361,17542.88657818,-759.357078256603,0
4170,3429,6.44192923512782,2447.73748437819,37.0650338631792,20.6335304586794,21.6136609905398,31.8493330409667,24783.8667164786,29909.8417850889,712.985422414345,0
4171,3430,5.95306622771957,4492.12393986122,37.1856578868408,13.2944021306222,13.7370619472801,20.4687690834861,25622.0112125676,29794.2269764231,-958.621450722143,0
4171,3431,5.94228097236147,1731.83108927592,34.126573407796,26.3157199066149,27.7407981510635,40.6687400207127,24981.5455214048,15824.7036634925,12.5747213890249,0
4172,3432,5.93599249007594,4840.55323386122,37.1856578868408,12.6219442184099,13.0218830896833,19.4278174275869,25661.9364703745,29757.5925175972,-989.323736694704,0
4172,3433,5.63047567490511,1410.99723045029,34.1466484074664,30.946371817834,32.7841227658845,47.8701379928132,24983.545441797,15846.1574662104,39.3266381537999,0
4173,3434,5.79888015581585,4057.13246586122,37.1856578868408,14.2802866590862,14.7879512070495,21.995552268589,25720.5321712159,29758.6098667447,-933.062880646647,0
4173,3435,5.64213750899361,1435.36112927592,34.126573407796,30.5201542087558,32.3188690854134,47.20700065615,24941.112940455,15840.3169365923,45.9441470127741,0
4174,3436,5.44397440272059,3603.34433214834,37.2148614931033,15.541487810255,16.1362994952913,23.949804490097,25946.8376819272,29796.4284420596,-662.386327342567,0
4174,3437,5.11883579400257,1233.02181843639,34.1589414169445,34.5096948529472,36.6768267247329,53.415094379023,24965.5000582744,15854.4687048771,117.037651554976,0
4175,3438,5.53132189448168,3621.14134014834,37.2148614931033,15.4866645873697,16.077612563101,23.8648340712785,25973.5194254146,29764.1813600431,-713.708430876308,0
4175,3439,6.38829319526627,2531.82265437047,34.1602024492052,19.7155347475713,20.5958206227889,30.4167934869369,24469.0294048337,16247.7240586634,636.289405768187,0
4176,3440,6.54667225941564,2566.97615037047,34.1602024492052,19.5148945835568,20.379638093792,30.1054306534915,24463.8020828557,16241.560209364,676.490599230929,0
4176,3441,5.60747948671843,3319.45121814834,37.2148614931033,16.4890753312672,17.1517936026631,25.4187809834065,25999.0257062234,29744.2585197948,-719.87477155072,0
4177,3442,6.63252603332913,2674.96962837047,34.1602024492052,18.9294155119374,19.7492226716352,29.1969736622536,24455.5325151343,16236.5566509967,620.563120981036,0
4177,3443,5.51991277408312,3025.24070659651,37.2058853372467,17.6428024524184,18.3908361960565,27.2080547438268,26134.1951349517,29635.2288681806,-681.647280228629,0
4178,3444,6.43446317354827,3227.33765637047,34.1602024492052,16.5102847489716,17.1515905103472,25.445338699239,24467.8513185329,16257.3087303008,624.892640608796,0
4178,3445,5.45801121732398,2539.43163300037,37.2256697750466,20.0925387276524,21.030752912305,31.0097872678809,26102.063291634,29674.2783007007,-660.41414372565,0
4179,3446,6.31836575957966,3084.32283837047,34.1602024492052,17.0593487723168,17.7400888640939,26.2965371297959,24471.5497110654,16247.9976187749,619.786739296282,0
4179,3447,5.54612200396508,2735.13626059651,37.2058853372467,19.0062655710054,19.8586865994015,29.3235957494814,26104.5094814309,29626.8287304664,-673.978979582381,0
4180,3448,6.48151939669785,2904.55857487111,34.1434417677295,17.8182136264974,18.5543871008286,27.4732431701317,24471.2220446708,16248.1809259348,633.939910420596,0
4180,3449,5.616284725464,2662.51719139642,37.2322819935796,19.3942859873944,20.2772788294116,29.9258874497505,26103.8208376249,29646.1304838122,-632.188459843358,0
4181,3450,6.71726901238419,2775.22190287111,34.1434417677295,18.4219487679751,19.2031786367949,28.4096688710192,24459.3712293218,16250.7776316394,638.705067446814,0
4181,3451,5.52671486020496,3178.52029339642,37.2322819935796,17.0192512095748,17.7209828644866,26.2409576315808,26112.5868002294,29622.8940126607,-676.593581039483,0
4182,3452,6.51952016798476,3047.24300287111,34.1434417677295,17.2075755274145,17.8989375542497,26.5263225570442,24457.3976993931,16257.0841297913,650.418598489202,0
4182,3453,5.48163766840413,2768.94682339642,37.2322819935796,18.8368712429087,19.6763511035869,29.0607714327798,26144.9442331589,29631.0230736663,-670.168037714355,0
4183,3454,5.34341236389079,3019.29433939642,37.2322819935796,17.6712211795653,18.4215990825958,27.2521953943372,26096.0686274285,29648.3823470615,-618.826644689825,0
4184,3455,5.47627950695767,3007.13598739642,37.2322819935796,17.7236414731859,18.4779688875828,27.3335125401983,26127.7128168934,29642.7671148789,-649.76865267685,0
4184,3456,8.71532130326509,2320.88470971672,34.1628992973219,21.0390610680464,22.0236316518288,32.4711980517547,24214.7538736323,16599.9309215127,-1226.53090163328,0
4185,3457,5.51334689067278,3025.85808739642,37.2322819935796,17.6430849277315,18.3913452619242,27.2085495892645,26125.9266321339,29634.2722662835,-670.76513046952,0
4185,3458,9.13082685149843,1922.85286371672,34.1628992973219,24.2738514436082,25.5244772484806,37.4954625190916,24109.9052502045,16613.3844220173,-1226.58728337937,0
4186,3459,5.2985182808531,2899.80328939642,37.2322819935796,18.204145378443,18.994932040062,28.0789674841167,26117.0330145988,29634.0181858106,-669.30892877459,0
4187,3460,5.69477259652236,2764.56482760845,37.3132221935568,18.8689572182813,19.7116023483631,29.1107517508634,26584.2354097698,30380.6988826292,-452.637782963568,0
4188,3461,5.52428356199473,4908.62034403179,37.3276690698832,12.5098105660596,12.9034929733702,19.2544755806758,26566.6275336082,30792.0972577467,-309.200145927255,0
4189,3462,5.48157667811636,5443.41162403179,37.3276690698832,11.6523866707116,11.9938847050801,17.927828703558,26586.361152748,30800.424878237,-309.864795917501,0
4190,3463,5.31321152286018,4868.01667323134,37.3238985345343,12.5815954989463,12.9797338176035,19.365568490175,26559.3800185871,30796.7005860989,-304.200591183794,0
4191,3464,5.27582693738154,5068.62948123134,37.3238985345343,12.2359244722977,12.6126610532779,18.8306300806798,26566.3045520157,30798.8627389691,-307.533403510292,0
4192,3465,5.42738468838629,4733.72415123134,37.3238985345343,12.8277761052206,13.2413832183237,19.7466042207634,26566.2536339893,30789.5015971462,-300.754735019065,0
4193,3466,5.32034390981709,4809.80195523134,37.3238985345343,12.6867820079248,13.0915069346624,19.5283687845167,26578.1457472159,30790.0629852081,-305.160686629534,0
4194,3467,5.30280667121998,4730.26979789802,37.3203106996257,12.8340363603744,13.2480201508179,19.7562891799455,26580.728568409,30780.0735676647,-315.980134597995,0
4195,3468,5.80006270982028,3675.60559496949,37.2216181191503,15.3225309658334,15.9020002038039,23.6104681717655,26638.520468856,29439.9874234829,-832.223261600469,0
4195,3469,5.81760784075477,1471.79489261105,36.730341178429,30.5834002219079,32.4234452567705,47.3153297225623,28798.5006256535,35014.8978011514,-45.7461323988762,0
4196,3470,5.66849058590154,3388.87112696949,37.2216181191503,16.2444780429639,16.8895163849559,25.039557284026,26639.018276705,29447.0316571729,-915.010047659919,0
4197,3471,5.73137147006457,3236.67146696949,37.2216181191503,16.7949400992222,17.4800650742425,25.8930765179305,26626.5672625979,29458.9708205407,-805.95438804148,0
4198,3472,5.713655995677,3512.61319496949,37.2216181191503,15.829567076842,16.4448469634392,24.3963439038375,26651.4128968418,29465.6457587218,-810.529254716109,0
4199,3473,5.7221795518313,3310.17222896949,37.2216181191503,16.5232541623796,17.1885092396284,25.4717901588335,26655.3845009552,29434.4241176566,-885.941583094551,0
4200,3474,5.77219798866474,3276.51583726318,37.2255748936424,16.6466583629241,17.3209472705479,25.6631476368806,26647.2618366072,29458.1313201516,-851.915534950604,0
4201,3475,5.93970226623134,2989.16464126318,37.2255748936424,17.8010984421954,18.5612192266136,27.4536562187172,26647.9466298441,29460.4867177442,-813.589871512252,0
4202,3476,5.77215888548101,2718.05898783325,37.2453290891621,19.099921283012,19.9599757249567,29.4690398501671,26643.2794195965,29467.7491564432,-806.056765392553,0
4203,3477,5.72273780134736,2758.79470726318,37.2255748936424,18.8874777618616,19.7308285821131,29.1392914407567,26651.0992716327,29442.4428815071,-872.974489841107,0
4204,3478,5.75955656082782,3274.86388726318,37.2255748936424,16.6527562817779,17.3274910526268,25.6726032665179,26631.726222633,29455.9918260751,-869.598079876551,0
4205,3479,5.66631766179888,3112.13579926318,37.2255748936424,17.2828091444583,18.0040477716411,26.649705070978,26657.3678862971,29442.4068998661,-898.58815072818,0
4206,3480,5.75559853329689,3151.54031326318,37.2255748936424,17.1247017312293,17.8341904056682,26.4044857829865,26645.3433566388,29444.2649284163,-874.472161367052,0
4207,3481,5.76433587059337,3264.00506926318,37.2255748936424,16.6929823436598,17.3706603950934,25.7349796691155,26644.0347776393,29453.9260267286,-865.956651596311,0
4210,3482,6.07340636834726,1214.35582326016,36.7795962622681,35.776481778809,38.102671118573,55.3981643109837,25463.8950008104,27775.3322460317,-887.585617848571,0
4211,3483,5.98144410525192,1408.49298726016,36.7795962622681,31.6996093554005,33.6431196606969,49.0523609753669,25462.9882272307,27749.0491847876,-912.588222297475,0
4212,3484,6.34932210046171,3939.09687843275,33.9563681806564,14.3123763100993,14.801652306948,22.0395999986199,27594.3941126055,40496.9261681597,552.167847108419,0
4212,3485,5.99309629806191,1612.15573381436,36.7585916222791,28.442547104669,30.0885364054233,43.985015686158,25490.4563503665,27670.2832980631,-956.287282881354,0
4213,3486,5.41415949838841,1690.45112773042,36.7797565449331,27.3983093812213,28.9511742388512,42.3610393888444,25476.5454018335,27744.6639835184,-922.443482210944,0
4214,3487,5.7729432945583,1642.9061726897,36.7355622822501,28.014045951204,29.6213128280647,43.3184767391612,25464.8076043181,27723.3632960965,-890.919766093857,0
4215,3488,5.66614921341143,1814.2464266897,36.7355622822501,25.908368114442,27.3293242359811,40.0442002079068,25441.3927688843,27778.96137929,-854.760636435273,0
4216,3489,5.84528120062872,1615.80169926016,36.7795962622681,28.3963182118227,30.0384122399457,43.9131847078084,25457.3332176469,27764.44798879,-906.806302364015,0
4217,3490,5.56228077500566,1399.09702895414,36.8025626295763,31.8778073536049,33.8381269520743,49.3297531112545,25431.5617305469,27795.5179315179,-673.588122987797,0
4219,3491,5.86909083138386,1198.03455726016,36.7795962622681,36.1775450664547,38.5419170939632,56.0225913694873,25435.6567527663,27795.2614302206,-830.04223121783,0
4220,3492,5.81658781920868,1392.38995717566,36.7278868711235,31.981916684005,33.9508753778326,49.4914845195385,25451.8906467744,27767.976318759,-882.204108365667,0
4221,3493,6.00855479395835,3737.76000387575,34.5068463556224,14.900151944994,15.4322709095467,22.9509806673436,17269.5057280799,39982.0674643695,505.691538040336,0
4221,3494,5.5317414715727,1691.47467341711,36.7517985190603,27.3791778014721,28.9300054088969,42.3311942086091,25456.0730944704,27726.5968365417,-873.766963312185,0
4223,3495,5.55267119705757,1724.80001141711,36.7517985190603,26.9610435012929,28.474780247893,41.680978722538,25432.7347655016,27754.9028944744,-870.873100654217,0
4238,3496,7.78265894081454,1707.00255743956,36.5616013129687,27.1417283113638,28.6691956576768,41.9613107930471,20201.6778177959,32495.7274270659,-1503.82296814827,0
4240,3497,7.37545238549639,1080.51082412196,36.5482475687676,39.3298763820265,41.9936105399166,60.9303722623862,20188.7738090341,32482.9304032746,-1428.79931090443,0
4246,3498,5.18860297665276,1261.81236766056,35.9723966849517,34.4236586039187,36.6100666096614,53.288842151607,17899.2710467317,30773.5305978842,-507.548545758163,0
4247,3499,5.75811552675662,2129.09957484095,34.391329143968,22.4938477253369,23.5987116102986,34.7309329006877,19502.112937423,21682.7661689149,-15.6017549344875,0
4248,3500,5.65549941011749,3007.73874084095,34.391329143968,17.3997413750873,18.1071734670677,26.8248579081953,19458.785310069,21670.3421864931,50.932326642752,0
4248,3501,4.82295533950452,1434.98077966056,35.9723966849517,31.0154343711527,32.8849916241612,47.9847097862946,17892.1061655838,30765.9676107916,-518.697704519327,0
4249,3502,5.4043963270203,1936.30599684095,34.391329143968,24.1873722669548,25.4333538873701,37.3618270636151,19473.9457746409,21674.5811163948,-10.1184281701032,0
4249,3503,5.23987748846767,1275.11607166056,35.9723966849517,34.1300805130152,36.2888939360319,52.8318660204836,17890.7827350719,30796.2940272354,-505.591300837597,0
4275,3504,5.89699922314979,2204.49431004941,36.6438108278839,22.2720154920233,23.3820316742438,34.3928657517084,22676.5188262181,38177.6996058294,140.403391008071,0
4276,3505,6.32920119008488,2434.93545345534,34.6035023526364,20.3612546897304,21.2963754930553,31.420185042277,15453.4562635024,25460.0385748257,270.309245905551,0
4276,3506,5.63926409510214,2169.71525604941,36.6438108278839,22.5441386196905,23.6767562074079,34.8155885808944,22663.9762780239,38194.939659757,148.610792932316,0
4277,3507,5.96407877769183,2255.99109804941,36.6438108278839,21.8836866777249,22.9616322351589,33.7896778534316,22660.7191567814,38173.7966238191,134.259122199584,0
4277,3508,5.60253831362697,1682.15285145534,34.6035023526364,27.0272090384937,28.5204146741002,41.7765192751815,15435.3547618048,25480.869708648,314.547051905616,0
4278,3509,5.89817668940483,1995.99619404941,36.6438108278839,24.0376005753479,25.2960334775546,37.1360741306517,22684.5275407697,38228.735437598,182.718886113243,0
4279,3510,5.93663266352419,2019.65211804941,36.6438108278839,23.8198929306411,25.0598055757527,36.7977569259535,22652.7931021875,38190.4891471487,180.811427696303,0
4279,3511,5.84931004282589,1531.33289281517,35.563334656304,29.3424446096084,31.0542328096136,45.3804910521567,26679.6569096655,23076.6268644292,-629.054708689099,0
4280,3512,5.29497107796798,2705.73083694746,35.568926024674,18.9520797873471,19.7862246419155,29.23561903541,26615.2392344131,23088.3685605252,-588.604827629754,0
4281,3513,5.25220474435494,2963.61124494746,35.568926024674,17.7244205410686,18.4655218998825,27.3310554656849,26594.871617017,23088.0684543456,-591.233950707642,0
4282,3514,5.22936495421448,2858.34899094746,35.568926024674,18.2005782939867,18.9774172326133,28.0696582285991,26619.5996350852,23062.2152983392,-574.523619720053,0
4283,3515,5.20127614488814,3345.91652694746,35.568926024674,16.2305240883841,16.8626001714072,25.0146280497025,26598.6010744818,23079.4692011056,-560.135723126895,0
4284,3516,5.42572576881287,3159.40035894746,35.568926024674,16.9174941136125,17.599101876385,26.0796718513405,26607.4247071647,23085.4074734881,-512.917884298625,0
4285,3517,5.55539216831473,2842.31406294746,35.568926024674,18.275992430408,19.0585329377256,28.1866501325588,26584.2077584407,23055.3559020805,-505.123006463701,0
4286,3518,5.9978710737292,2310.71580912505,35.3657386216918,21.2942011429708,22.3113858226982,32.8706948305619,25868.4416706213,22356.3493824511,-954.924722630734,0
4287,3519,8.27249284616945,4596.49862266217,36.664582539391,13.0472198099521,13.4711589226404,20.085304687075,28959.601854015,27713.114455772,-1493.51823878337,0
4287,3520,6.27884094378963,2545.19631870811,35.3575101498902,19.8041065646383,20.7025382845851,30.5573614866973,25876.400391405,22306.3668726215,-983.974485617087,0
4287,3521,5.30151683917893,3534.3883846731,36.6164396962701,15.7029907288948,16.3051151167728,24.1989961912978,29806.7197919865,27431.1883060357,405.796175021048,0
4288,3522,7.56097290828361,3631.80469004026,36.6794037882037,15.4057285886046,15.9873911316358,23.7384046647408,29305.8554387327,27838.5323743385,1260.25576348196,0
4288,3523,5.83647349219643,2670.12193251612,36.5778199158486,19.2692441423005,20.1367855255591,29.7302480625579,30279.316007407,27555.3397965352,867.805234083881,0
4289,3524,7.57904941918545,3417.16132004026,36.6794037882037,16.0947364881097,16.7251588689616,24.8063527362986,29335.4594070739,27852.4536137371,1195.755762283,0
4290,3525,7.3512157910499,4356.40142275889,36.6143943426108,13.5407218724669,13.9960798663431,20.8492545285766,29495.1652406596,27181.5164513075,1161.59168856507,0
4291,3526,7.3021939620469,4650.91106875889,36.6143943426108,12.9376063252036,13.3543257590249,19.9155546530656,29525.2242700663,27163.1850509805,1163.36634284744,0
4292,3527,7.26082341095905,4574.28261475889,36.6143943426108,13.0877305126078,13.5139671946431,20.1479384226698,29517.1325256347,27175.4759109104,1156.77534614573,0
4293,3528,7.05842555667496,4651.19740675889,36.6143943426108,12.9370537803273,13.3537383101444,19.9146993791699,29528.2456561899,27170.9172348854,1209.56549110425,0
4294,3529,7.39062717728571,4709.69846275889,36.6143943426108,12.8254439876755,13.2350971166519,19.7419458726245,29500.7939493465,27164.3080175734,1215.64025712814,0
4295,3530,4.68077860771332,3741.42253077435,36.5993462518443,15.0750304030082,15.6331727800024,23.2257976762916,29863.4162998286,27343.0300404767,487.270664182564,0
4297,3531,4.10209518047568,3254.31754077435,36.5993462518443,16.6650415452707,17.3360675457684,25.6903828364927,29823.6336676603,27388.9436246745,467.056394316004,0
4300,3532,5.91342772373297,1498.44844017256,36.4342145251937,30.0723598208397,31.8618025514738,46.5191556349093,29918.8091870998,26132.0168092036,-280.806421175623,0
4304,3533,5.67901971622123,2203.15906849414,34.7045910387634,21.9692262893361,23.0344743096051,33.9170727912428,19865.4679144404,23078.3779964317,-567.849860322567,0
4317,3534,5.19486163445853,2505.64995458534,34.1211578816912,19.8628059087498,20.7541704312461,30.6452449470608,23807.7028342272,16868.5539591087,-435.217611907812,0
4317,3535,5.4601075437385,2103.81827583269,36.9653646770649,23.1371932333758,24.3227509635432,35.7378784431319,27323.5735604444,34083.3499131921,-286.285774501886,0
4318,3536,5.41276715309602,5102.12955183269,36.9653646770649,12.1586065586788,12.528818138796,18.7104989824951,27331.5434480381,34106.4207824348,-305.109888613892,0
4319,3537,5.45704438656979,4803.69927783269,36.9653646770649,12.6744028635129,13.0764636734103,19.5086889095807,27313.741421309,34094.3148187855,-302.890659893,0
4320,3538,5.37390371653126,4564.34180426198,36.9596621620757,13.1316412571387,13.5625908063539,20.2164411061631,27313.9074117494,34098.5264305857,-307.420670123697,0
4321,3539,5.31209444688519,5038.03416171731,36.9521652217064,12.2638986892218,12.6404765477955,18.8734003576776,27318.6818773487,34103.8050103474,-288.274769895045,0
4322,3540,5.32171692039461,4813.76422826198,36.9596621620757,12.6556911661983,13.0565519350593,19.4797204494398,27320.6646905238,34103.4206801561,-316.404810698757,0
4323,3541,5.43722719679653,4929.02748771731,36.9521652217064,12.4500658606091,12.8381032996542,19.1614824636875,27312.5258731074,34110.2682203231,-309.879627369896,0
4324,3542,5.31119302947984,4729.29571971731,36.9521652217064,12.8112687065975,13.221849061129,19.7205062575442,27312.6530659732,34115.7529017257,-303.000005157887,0
4325,3543,5.4063985005121,4735.22071371731,36.9521652217064,12.8001567306976,13.2100375904387,19.7033069094522,27314.393208667,34112.3743607772,-277.690546331999,0
4326,3544,5.27573170072483,5022.43975371731,36.9521652217064,12.2900835168656,12.6682665492252,18.9139179241257,27321.6524098415,34107.199926963,-317.037426560283,0
4327,3545,5.45523410379735,5280.53922026198,36.9596621620757,11.8751750664911,12.2282198397067,18.271983209494,27326.7456988284,34101.6737587048,-302.635053978753,0
4328,3546,5.5284718408012,2400.59686971731,36.9521652217064,20.9222585684117,21.9246650424322,32.2973745355745,27331.8057826156,34110.5569426736,-305.922704942586,0
4365,3547,8.55553174989655,1957.14021765996,33.030884628242,23.7325724916749,24.9244838790459,36.6508080970045,15856.1480279735,17733.3551884683,-1261.55938101776,0
4366,3548,8.87032469155648,1836.10745389338,33.0008224765721,24.9182783171228,26.2094032749588,38.4929240965859,15795.3679284261,17746.840270393,-1122.66739559465,0
4370,3549,7.55661978741206,1694.17161543368,34.127646545494,26.7717336883694,28.236520806125,41.3776462785567,21325.8999864897,17305.1435840671,1123.37663978762,0
4370,3550,8.66831612213345,1966.18546308921,35.0801077975629,24.0321422100815,25.2728776078437,37.1228088831898,26109.6181810137,16812.293441845,-1408.03853220273,0
4371,3551,7.40586037486131,4649.53219143368,34.127646545494,12.7677474057972,13.1599932358878,19.6488473248421,21334.4848010462,17319.594772088,1130.30637070029,0
4371,3552,8.11100787935035,2504.23659108921,35.0801077975629,20.0063969546116,20.9181192134209,30.8706285183007,26099.1546731528,16877.1569742792,-1493.99799920446,0
4372,3553,7.49305514568882,4730.68164953387,34.0928688817885,12.6144334748898,12.9971246119858,19.4115711469883,21407.8616787865,17069.8213484014,1101.41791185307,0
4372,3554,8.24923836520984,2627.32085076944,35.1009207055398,19.3077860250294,20.1652071202505,29.7864387159141,26140.2813282668,16846.5338099497,-1467.83566554271,0
4373,3555,7.62860191763672,2235.41223276944,35.1009207055398,21.7923269979293,22.8472629317979,33.6434875472386,26118.9139857648,16839.186677014,-1481.17870407476,0
4373,3556,7.03589581258375,3010.64764108834,34.3971971926496,17.3881941769035,18.094828598322,26.8069653041912,21243.9969233257,18693.7384972883,1038.80090157112,0
4374,3557,6.35453464188439,3569.5196922668,34.106142196093,15.357167958311,15.9175339804732,23.6582161572594,20533.7264368553,18218.1362742629,731.384622462248,0
4374,3558,7.74651715341964,2562.38820276944,35.1009207055398,19.6700089579574,20.5555789882353,30.3485784690362,26130.0576009167,16826.8738662856,-1460.77189948731,0
4375,3559,6.71707893590287,3984.92097706354,34.1361380282353,14.2118613909822,14.6957323500404,21.8842749891911,20520.1241694885,18242.6843762132,728.200101356008,0
4375,3560,8.24541876794911,2250.08154876944,35.1009207055398,21.6847016253335,22.7308772640452,33.4763502299574,26142.3313088534,16857.6938611056,-1438.51126049619,0
4376,3561,6.70040285488467,3682.41589306354,34.1361380282353,15.0245391846532,15.562491767553,23.1429599315367,20530.0886771547,18357.699637568,739.935902292359,0
4376,3562,8.16468767695589,2166.32386044598,35.3577244452817,22.3601459049116,23.4642762447512,34.5261106485124,26636.7821557454,17830.7818213295,-1520.02773304679,0
4377,3563,6.78006302577364,3644.72940706354,34.1361380282353,15.1344052388265,15.6798011915145,23.3131582299779,20555.1673828414,18361.7697171922,756.622631917113,0
4377,3564,8.4660503376817,4112.76148044598,35.3577244452817,13.999320856698,14.4770605525976,21.5572967248108,26611.665762203,17819.0209530181,-1385.15007298345,0
4378,3565,6.53885419891719,3725.49874906354,34.1361380282353,14.9014381983443,15.4310874352582,22.952268956698,20538.3508699672,18355.8077643962,783.664459249792,0
4378,3566,6.41270864697477,3090.8641586137,34.4021144752104,17.0601555098335,17.7429122216722,26.2983278082291,20545.589856923,18348.3856412159,788.885322956271,0
4378,3567,8.33364730177174,2643.36296844598,35.3577244452817,19.2547003310528,20.1103301254904,29.7046989136477,26674.9972202951,17798.5290378163,-1408.25276566563,0
4379,3568,6.5134063090951,3608.14422106354,34.1361380282353,15.2430715476959,15.7958596893631,23.4815062695381,20549.8669219589,18354.8766301825,782.466432810496,0
4379,3569,7.87404623684096,2799.28502244598,35.3577244452817,18.4563326204652,19.2507453010652,28.4659302905076,26685.5170353978,17869.1452258258,-1352.72655326049,0
4380,3570,7.46745498528506,2978.06715284616,35.547428353788,17.6590123808919,18.3950656522127,27.2295579248068,28014.8588405108,17947.216458669,1056.57695431309,0
4380,3571,9.30947295095414,3283.03513818279,35.50729781818,16.4477303559661,17.0948897048707,25.3512142310268,26709.4647705084,17926.0316053149,-1228.12938363565,0
4380,3572,7.04687133634258,2299.62623021314,34.0661828351358,21.169916934538,22.1639596555995,32.6740840716458,21854.1233451629,16409.7791590775,649.000652624898,0
4380,3573,7.07293460316582,2312.60551811401,34.1720129260605,21.0970218477871,22.0863172613688,32.5612099608078,20584.6303010488,18336.771589571,707.686241641976,0
4381,3574,6.45833585549638,3034.89816221314,34.0661828351358,17.2494989989375,17.9432760314744,26.5911510948042,21912.7715366223,16375.6884240192,675.354956783953,0
4381,3575,7.7861460987131,3239.73603284616,35.547428353788,16.6103954035608,17.2695668120894,25.6034800845141,28042.8430308115,17938.4411307011,1129.9456605426,0
4381,3576,9.14792956730804,3405.20328416699,35.4821680866408,16.0182168423999,16.6345709641252,24.6853638822912,26710.0896160062,17911.800524044,-1287.3520233646,0
4381,3577,8.49010603738784,1958.38808949444,35.2357057778933,24.1346814618099,25.3858495635951,37.2826287631957,26659.7331675037,17868.9470949993,-1371.1066537522,0
4382,3578,6.49641678430546,2964.67927421314,34.0661828351358,17.5452335663281,18.2606291546612,27.0497253321284,21917.1508989362,16386.4975289133,673.2091231237,0
4382,3579,7.3226207201701,3542.94594884616,35.547428353788,15.5756694595009,16.1613919266822,23.9996141491973,28022.6918162567,17942.6073958735,1087.43319622137,0
4382,3580,9.01039404539457,3509.37431418279,35.50729781818,15.6782832942009,16.2708917106028,24.1585597587633,26738.637470627,17942.6797942805,-1314.39046557807,0
4383,3581,6.25991245303713,2970.58224221314,34.0661828351358,17.519873755024,18.2334082680583,27.0103996873779,21924.3088638912,16380.1779065671,656.476965432861,0
4383,3582,8.61525540553277,2865.30197216699,35.4821680866408,18.1577248800764,18.9306008636817,28.002979083164,26709.1869315536,17880.5338147025,-1425.82309467105,0
4383,3583,7.7941339336094,2269.51275884616,35.547428353788,21.6140940778425,22.6590496279613,33.3679531403099,27999.3739298182,17856.8068602051,1119.71261414863,0
4384,3584,8.52297164874525,2092.78407416699,35.4821680866408,22.9783853752686,24.1350732040509,35.4868335709852,26677.3905014191,17833.8773662586,-1318.51028708515,0
4384,3585,6.28124514558819,1626.86408621314,34.0661828351358,27.6222477342583,29.1608393792123,42.6997650760121,21926.8378415654,16429.4424854822,700.491501156911,0
4385,3586,8.54328615016432,2421.54415016699,35.4821680866408,20.5735733825437,21.5340280197374,31.7521301280429,26651.5289168244,17837.0246492283,-1366.26915262044,0
4386,3587,8.05777828795583,4210.31966216699,35.4821680866408,13.7810325570216,14.2452860328803,21.2194958586129,26663.4341320317,17836.2026952002,-1369.61032339553,0
4387,3588,8.28749339052364,3568.98862016699,35.4821680866408,15.4882803863198,16.0674589831237,23.8640639988153,26678.3736515005,17850.1327265938,-1380.97360202804,0
4388,3589,7.92374457280064,4036.75478216699,35.4821680866408,14.1939768220897,14.6853167144419,21.8589601363236,26655.7014466652,17833.7519140388,-1451.36374690194,0
4389,3590,7.97741194594133,4200.07757216699,35.4821680866408,13.8045354732146,14.2703178388468,21.2558877546733,26686.9821225107,17832.208688501,-1412.18133498785,0
4390,3591,8.04326641426407,4142.34760937506,35.5827628556237,13.9469260159702,14.4226245432264,21.4765451497194,26676.1399601156,17825.7662746069,-1419.58397599508,0
4391,3592,7.93740117593308,4207.10404937507,35.5827628556237,13.7961984314159,14.2620503956771,21.2431472276203,26656.9504534525,17846.9697147088,-1443.77495960463,0
4392,3593,8.13335175598635,3744.60210137506,35.5827628556237,14.9765214976176,15.521129932103,23.0713032581454,26653.2505022179,17826.1251840568,-1413.7303593677,0
4392,3594,2.59191490821389,2897.97517974981,35.33146724811,17.9894346575749,18.748393729269,27.7415769758683,26045.8019166518,17807.2924680263,-1147.5354640906,0
4393,3595,8.08882225138632,5848.92208937507,35.5827628556237,11.0046771696245,11.3006091136456,16.9239654293944,26646.1744324774,17804.5025841495,-1358.4796777379,0
4393,3596,6.13307892547985,5292.50974374981,35.33146724811,11.7599576729356,12.0981409141394,18.0915503588255,25632.935492133,17477.9475544863,-688.526887705401,0
4394,3597,8.40053995605219,5520.69063737506,35.5827628556237,11.442268212535,11.7631656586315,17.6005699078218,26638.1669841926,17824.7190031073,-1353.84787594518,0
4394,3598,6.18247961533561,4337.55769298421,35.3318283610885,13.4862226939162,13.9305396284785,20.7628034991564,25608.7903295094,17478.1188354785,-647.376379475836,0
4395,3599,7.90842953940387,4023.78165137506,35.5827628556237,14.2343471664504,14.7289964173732,21.9216577379756,26683.3800855127,17822.6861211268,-1410.65734413193,0
4396,3600,8.15209831885721,4515.84249137506,35.5827628556237,13.1319300487638,13.5551600489137,20.2147568815644,26664.2951338405,17833.6193434241,-1419.96885589126,0
4397,3601,8.39057542190537,5221.64363537506,35.5827628556237,11.8836584751721,12.2304006798417,18.2832302929011,26614.3563226381,17825.1394894726,-1387.79037329592,0
4397,3602,5.96181989474444,4589.40349954006,35.3665943108884,12.9704739307631,13.3823204491052,19.9645157234083,25532.7876223742,17600.5404519424,-913.068437618859,0
4397,3603,7.50612929718773,2977.92888827075,35.6700193794504,17.6736607943865,18.411800944019,27.2525525244147,26680.3389703871,17823.7012284733,-1342.88133686389,0
4398,3604,8.53157276043433,4499.12475737507,35.5827628556237,13.1657733568266,13.5911437679802,20.2671430059599,26612.9033037768,17825.656422797,-1377.43531923153,0
4398,3605,6.16259620703393,3905.34201754006,35.3665943108884,14.5191015016735,15.0313444113476,22.3623151070408,25505.2908003317,17588.6558846829,-916.330090256167,0
4398,3606,4.04763096867321,2637.27477227075,35.6700193794504,19.3287981527025,20.1929732547845,29.8204623603068,27380.5269084322,18213.8932592175,-285.539781478525,0
4398,3607,5.46920579428831,1528.93934175811,35.9323500722909,29.4693029106847,31.1974001352672,45.5791737023294,26175.1163079471,39239.9899831228,144.062358953598,0
4399,3608,5.89580018717095,2637.47736787247,35.3667684917345,19.2877550467477,20.1460262123401,29.7560170973887,25462.3114143842,17593.7378855439,-847.605257020733,0
4404,3609,7.35782278260796,1125.88715926571,35.5539911809722,37.6635055719191,40.1511820371321,58.3310287178112,26707.8638713222,17836.3460813864,-1453.70626661538,0
4410,3610,7.4463633002468,1104.22814067867,35.5695359041991,38.2798785558192,40.8269201128171,59.2908757261447,26655.52908343,17778.0212167532,-1391.22867604509,0
4411,3611,5.32639008629767,3141.54027910523,35.4523365990449,16.9746442605432,17.6595118260018,26.16803731724,18112.2157814957,28360.0853941067,-253.609967767217,0
4411,3612,7.66177854199275,1220.37123867867,35.5695359041991,35.2506757486843,37.5090698825199,54.5745464412031,26653.2252096994,17833.8211812868,-1420.2785481184,0
4412,3613,6.08868348165141,3333.72881503628,35.3170773666611,16.2478086150286,16.8792488894174,25.0409063484841,18055.5721751149,27625.4796838352,-1441.6411163716,0
4416,3614,7.93290276185915,1341.84462867867,35.5695359041991,32.6284672404567,34.6412842933007,50.4931452526248,26655.6885875163,17858.3084488293,-1360.2138898353,0
4417,3615,8.24113056111311,883.791932678667,35.5695359041991,46.1542586410249,49.470752289425,71.5565679131308,26670.7377491922,17853.6175556512,-1472.92506650351,0
4420,3616,8.56885879253817,1842.24260876272,35.5612287471404,25.3686048782487,26.7290740272754,39.2013507600158,26650.738631194,17850.3475797537,-1439.74021272794,0
4423,3617,7.85786624376295,1083.77729876272,35.5612287471404,38.875593093714,41.4798152350045,60.2184999391834,26672.8877166856,17820.7388623048,-1485.44905306382,0
4426,3618,7.83862203575249,1607.18113676272,35.5612287471404,28.2368978391173,29.8493948875713,43.6609693689496,26661.7341666134,17821.3454775623,-1480.62983577966,0
4427,3619,7.53566999435362,1004.02180951849,35.5460716190577,41.431182241022,44.2828335863812,64.198590486795,26678.0852493651,17822.8983868944,-1446.43705559664,0
4428,3620,8.58745385509026,1829.15916476272,35.5612287471404,25.5097017077635,26.8823650937586,39.42066955854,26659.8278829459,17809.9836619411,-1423.96116158882,0
4430,3621,8.138121216706,3252.75542141776,35.3688432184919,16.5437716501387,17.1967868385979,25.4998171197858,26668.1692952342,17831.5640680751,-1375.14027541641,0
4430,3622,6.18047186702553,2752.06138691797,35.4129349699093,18.6961455560242,19.5093006460809,28.8381276806428,25899.6760436331,19257.1395185449,-666.464989555532,0
4431,3623,7.72195224504523,2910.16301741776,35.3688432184919,17.9386167204077,18.6940785799808,27.6628370481105,26651.1384383513,17839.8608319955,-1479.59873641678,0
4432,3624,8.17080408768829,3409.60256741776,35.3688432184919,15.9922131519094,16.6059014738837,24.644831185275,26690.0441916118,17836.0330033288,-1413.93208804698,0
4432,3625,4.71077153324983,2646.86238951801,35.496256042499,19.2540079365926,20.1108257433139,29.7039673845344,27593.6766023607,17705.8798580375,678.233833217681,0
4433,3626,7.95308822141243,2845.47265541776,35.3688432184919,18.2368919552362,19.0147852528137,28.125525834135,26686.4696677188,17807.1413937865,-1438.20371052619,0
4434,3627,8.00357525169401,3182.60261141776,35.3688432184919,16.8066910255859,17.4786959060804,25.9074432062606,26670.4901749658,17832.9681800603,-1453.23991773284,0
4435,3628,8.22032050607772,3431.76072341776,35.3688432184919,15.918049931214,16.5265042869743,24.5298837248967,26676.1684019597,17824.5674244327,-1368.86283805747,0
4435,3629,7.89159064764059,2518.27762001603,35.0968261058298,19.9254737789558,20.8309972769226,30.7450670477596,26644.5541290838,17835.8840480135,-1342.66541102513,0
4436,3630,7.97444728420188,1924.03697141776,35.3688432184919,24.4916953280247,25.7747124581241,37.8378375817708,26657.7577548403,17862.0089788204,-1467.52068367909,0
4445,3631,8.12395050963752,1686.17499424214,35.2633409863098,27.1222452160726,28.6321084074813,41.9265934184568,24624.6081022669,22971.0045341556,-1251.12504183892,0
4447,3632,8.47829506177482,4223.83780281029,36.9863175636856,13.8654176629916,14.3442205402824,21.3526530839728,23938.9964060525,35341.5602030858,-1339.00466811981,0
4447,3633,6.02124259234949,3943.2936302665,36.9415558633904,14.550930720583,15.0753810119333,22.4143917281727,23187.0155678593,35770.8883475407,107.400534127796,0
4448,3634,8.64046058766601,5588.65175387958,36.980997686428,11.4260058473815,11.752534211732,17.5772326540733,23706.4670627552,35191.7049064521,-1228.05028642934,0
4448,3635,2.68741279755747,4686.07397316919,36.9623373928749,12.8937873957881,13.3096289753792,19.8482487730972,24493.6356956686,35423.8848874253,-682.116392809761,0
4448,3636,8.32696554069945,4186.51204882761,36.9135619152597,13.9466445568879,14.4303890085403,21.4783304714742,23687.974249419,35168.3503762848,-1262.96704550048,0
4449,3637,8.60432419292474,1410.80567867371,36.9831598777435,31.7115463460457,33.6588916697175,49.0717006805845,23712.9688605195,35231.3566153877,-1218.22038097363,0
4519,3638,6.92997684874165,2240.00427159446,35.4098058911258,21.8076334545328,22.8669756258086,33.6681327696668,30347.0813575665,21262.2201506699,809.754461086463,0
4519,3639,5.66964422058189,1062.07210226982,36.497705783989,39.8806042404813,42.5969188022819,61.7878707317634,24053.87056363,28124.1387717362,-875.667305081688,0
4521,3640,5.68094609354078,3581.27816807662,37.4592636331255,15.6324839928502,16.2353779013729,24.0912993635569,25683.5680759771,31454.696521959,52.388131282512,0
4522,3641,5.56207179046786,4081.55470607663,37.4592636331255,14.2414149725213,14.7481225775862,21.9357962785109,25690.487935167,31458.0485378919,30.3465337086926,0
4523,3642,5.77204679606484,4094.41789007662,37.4592636331255,14.2097776008332,14.7143561894571,21.886789423324,25688.5718989176,31453.7210380891,55.4733319175751,0
4523,3643,5.55619324587904,1571.80576106689,36.3128222172649,28.9173601363845,30.6005015452277,44.7219895231868,22742.9870413319,27647.1640513063,-885.032910754841,0
4524,3644,5.69895867034053,3981.02804207663,37.4592636331255,14.4951042682304,15.0189809090802,22.3287923848532,25697.0360794262,31460.6908157741,44.6078241454094,0
4525,3645,5.8142516010104,3884.86252607662,37.4592636331255,14.7490310967511,15.2902633249244,22.722203579672,25699.6455774764,31456.3513933928,37.2690410950791,0
4525,3646,5.84305713812994,1279.85832844707,36.2981940067163,34.1240035751934,36.2869584597044,52.8237279120638,22723.1521043214,27682.3752238053,-718.305807973994,0
4526,3647,5.50397467878072,3982.67999207662,37.4592636331255,14.4908406134783,15.0144272845815,22.3221870646766,25689.949959328,31461.796911761,28.1213309059631,0
4527,3648,5.70541745529186,3899.99438807662,37.4592636331255,14.708313571389,15.2467514734068,22.6591164050925,25676.127515968,31449.4040791393,15.5472571205439,0
4528,3649,5.60343278270363,3752.57437007662,37.4592636331255,15.1178212546375,15.6845562612248,23.2936556110509,25689.1518331777,31435.1854117772,49.219023668845,0
4529,3650,5.72796347010691,4253.37953207662,37.4592636331255,13.8332879696904,14.3127410630196,21.3036582502559,25700.8386495458,31464.8844125072,21.6371371390248,0
4530,3651,5.82613558341791,3671.25198859874,37.4951176510421,15.3598183229534,15.943711060807,23.6687545588166,25994.842711131,31312.8177001696,475.928635174636,0
4531,3652,6.03029810150916,3607.53077059874,37.4951176510421,15.553930801279,16.1515041303889,23.9696092563723,25991.9596655324,31322.3786755927,467.505095975032,0
4531,3653,5.72946867458651,1291.21765087691,36.4090849926712,33.9114433835629,36.0560185474672,52.4933107228006,22774.6870936148,27604.4530326509,-892.892273421711,0
4532,3654,5.92960495239724,3731.05257859874,37.4951176510421,15.1832129828078,15.7547395098363,23.3950564758531,25986.8196591303,31300.5777269103,469.948209856605,0
4532,3655,5.65089272649256,1493.04099889618,36.3941389737312,30.1496018925394,31.9455645998235,46.6391793029133,22779.3549536787,27623.5535168193,-853.887311357286,0
4533,3656,5.97353533239858,4117.45469659874,37.4951176510421,14.1563626827508,14.6575676909048,21.8041096212032,26001.3296757599,31308.3456394858,488.99860934593,0
4534,3657,6.0849634865074,3800.19219259874,37.4951176510421,14.9854128437044,15.5431815907138,23.0885369128357,25990.7171579322,31312.9663402969,459.993345403745,0
4534,3658,6.00856206095319,994.350332896181,36.3941389737312,42.1057232193543,45.0372818526666,65.2532491332379,22806.0752694245,27615.5663323641,-911.599441955737,0
4535,3659,6.63680596039586,5273.96780861695,37.5029152540322,11.9173742953793,12.2755918352105,18.3379934467389,25774.0573040869,31870.2015923914,846.876023656456,0
4536,3660,4.79599348879501,2600.15409590344,37.5229227676684,19.7789476721119,20.6948323786204,30.5236815596645,26470.371844394,31958.7216665081,-430.11737081528,0
4540,3661,5.49900255979721,816.779811491779,36.4590452939664,49.8106098578766,53.5076758033544,77.2586614921314,22691.0111578843,27687.6546638239,-718.131786490166,0
4542,3662,5.75156411106862,2867.68111512593,37.4265344628999,18.3773097774728,19.1829218606443,28.3480811783627,25323.7505834168,32757.2477551634,183.453425273644,0
4544,3663,5.51690436394166,2626.9580776586,36.4209180762597,19.4839863705637,20.3669430597352,30.0631588792019,22743.654273906,27630.2674758769,-849.232500772494,0
4545,3664,5.86937946072411,3678.0828496586,36.4209180762597,15.2438218976296,15.8124627859399,23.4870220481764,22752.0803184644,27651.7841546985,-836.794886822719,0
4546,3665,5.61106010387561,4827.6418156586,36.4209180762597,12.5951864588737,12.9894283156034,19.3852959051076,22745.7207046278,27636.4171694773,-842.607939276708,0
4547,3666,5.99944201206096,5104.83175081741,36.9837398472261,12.1553142620839,12.5254173225977,18.7054302909204,29794.4400626136,30236.1492746057,229.437644695989,0
4547,3667,6.01210854678118,4353.3119056586,36.4209180762597,13.533156364651,13.9869009196105,20.8372312698741,22740.0944507892,27699.1804861168,-731.705410577403,0
4547,3668,8.35494141466052,5644.19802749593,37.563339717399,11.3813685554159,11.7079498163467,17.5089308558521,26730.8663195938,32832.3181826752,-1373.30681050174,0
4547,3669,5.19549950912825,4484.23652794098,37.4446026844216,13.3290635739998,13.7754080201613,20.522832655052,27715.3555786419,32719.7300368942,762.92191363334,0
4548,3670,8.12046624000013,5340.28931777749,37.5554589002316,11.8188712196231,12.1714030901451,18.1856700104615,26744.7205909684,32863.2302210325,-1313.40482585225,0
4548,3671,5.29904301495427,4421.01547790258,37.4323319094469,13.4611967290346,13.9160553854112,20.7274051606302,27774.2303560416,33067.3918887567,-1075.22207842074,0
4549,3672,8.01906170620699,5995.33720373756,37.4500856451086,10.9195428397127,11.2189177998733,16.7946187147332,27572.6082719571,33197.7606870773,-1527.8413411684,0
4550,3673,8.04850394109979,5609.55083203232,37.4691989073113,11.4239671275219,11.7526203855657,17.5746980243232,27571.2842280864,33194.6330078764,-1524.3450967914,0
4551,3674,5.90714943392927,4487.71341538918,36.490912118357,13.254116435529,13.690282424541,20.4053239624185,22743.4217902478,27651.319354944,-826.350758622135,0
4551,3675,4.76396347525823,4128.27972568399,36.7878929382155,14.0750414212285,14.5665557148566,21.6769796673222,23043.3951411056,28222.6677272747,96.1142468395153,0
4552,3676,8.04755987045803,5666.83076391018,37.3471373990356,11.3386972382091,11.6617995593598,17.4426646081422,28700.3505963142,31578.2123337611,-1470.37534574053,0
4554,3677,7.82113923639056,6056.97730191018,37.3471373990356,10.8392614224873,11.1336334781973,16.6703708075076,28708.5812402086,31583.7393921859,-1495.56917683472,0
4556,3678,7.72915814156949,5768.43670191018,37.3471373990356,11.2028011173184,11.5179992165126,17.2325002620863,28714.9312825565,31582.6716498861,-1502.74462153077,0
4557,3679,8.86973642293915,10194.7376099102,37.3471373990356,7.70782682831242,7.84420596137395,11.8341955219689,28813.7908077493,31560.3335870117,1252.72553838532,0
4557,3680,3.63427801541624,7390.60714970416,36.9251882803324,9.47602349424676,9.6951471444751,14.5632170943786,29544.8195025867,31435.1049194804,707.257843389257,0
4557,3681,7.70331031941005,8376.71611810021,36.9825547824193,8.73317121744329,8.91557593157126,13.4161675134293,29634.4949644699,30225.6067628755,575.887561355801,0
4557,3682,3.83546827669028,9797.97629853131,37.2830711596762,7.90366362827534,8.0485055482822,12.1362561563727,29340.0261208959,30515.1508700003,544.530613425847,0
4558,3683,5.80482139974078,9296.32694501863,37.1772017561085,8.17115725300045,8.32777405319083,12.5488999990407,29326.7303574749,31087.2116444708,-198.340002941821,0
4559,3684,7.76657595867115,6846.54332391018,37.3471373990356,9.98585359217326,10.2332320722818,15.3512934745539,28713.6206678026,31584.2975297704,-1479.68962693628,0
4559,3685,7.34182739081093,5777.90067560066,36.608884469564,11.1509149637267,11.4598058218197,17.1513512433039,31235.6040152987,30055.1144440923,895.347503998382,0
4559,3686,6.06996013415405,3793.78268726074,37.181423993836,14.9766299145348,15.5317726209193,23.0743713129031,27577.4461572971,29286.1197447607,-965.817270692267,0
4559,3687,8.80667949358586,7601.96179771488,36.9593019702932,9.30340587951233,9.51386932618564,14.2966407829894,30023.0766884812,30183.6808441323,-1352.67124364158,0
4560,3688,7.73770704360793,5508.45125047414,37.3689789820905,11.56071231253,11.896966199092,17.7860780266452,28709.8033149485,32122.3282097617,1246.91961651559,0
4560,3689,6.19855082555576,3637.85049207248,37.2165431983507,15.43579370938,16.0231743141489,23.785994299643,27600.1500312661,29283.0676383524,-977.917381036742,0
4561,3690,6.15484926286588,3952.35974607248,37.2165431983507,14.549790226049,15.07588228579,22.4130984799749,27580.6458680695,29317.0924957659,-935.114973180677,0
4562,3691,5.8191262668743,4069.6319969621,37.25271478079,14.2545828201561,14.7609259648094,21.9558490345684,27554.5100832975,29301.709060284,-911.807330143758,0
4563,3692,6.00151351476042,3718.00310607248,37.2165431983507,15.1969218284913,15.7675834692107,23.4157992606871,27576.7734224588,29309.8598989725,-884.203841434052,0
4564,3693,6.01503551769795,3520.87040607248,37.2165431983507,15.8023672119108,16.4156754893453,24.3541717734986,27572.558245836,29328.2047292701,-922.944789804501,0
4565,3694,5.64610441089885,3815.04966207248,37.2165431983507,14.9200875233936,15.4715515867643,22.9868208486646,27548.165073872,29307.8535570423,-879.688970238,0
4566,3695,6.16841520680294,2878.07572690693,37.2254722818394,18.304680957015,19.1030983736745,28.2349395090707,27531.7090031076,29330.2679390649,-894.085408207665,0
4566,3696,6.16625898140451,3240.37573581045,37.2176968623621,16.7805726933326,17.4646139739338,25.8707887904938,28236.6814307357,29941.1791668866,-489.053111505357,0
4581,3697,6.34374379929645,1598.76134999306,33.9078741550226,27.9661380657995,29.5329858285683,43.2339006991251,19027.0069919279,19097.5576504034,35.389050624617,0
4582,3698,5.04181933727213,2915.02125383169,36.9438242876528,18.1006359486196,18.8812147288282,27.9177327766387,22677.2617367895,37713.3857669995,-372.515353960353,0
4582,3699,6.05056751263351,2027.25515399306,33.9078741550226,23.2632592413954,24.42632363844,35.9245732980994,19082.7916182572,19098.1483166435,64.8627404027,0
4583,3700,5.5815080345891,2287.38221399306,33.9078741550226,21.2301359150024,22.2273654098202,32.7671266249455,19080.1745422802,19067.2258967443,55.4577074526477,0
4583,3701,5.07060335559146,3086.56397848755,36.8942681881143,17.3514924938703,18.0753111456529,26.7555342933419,22654.8180058641,37722.6909285946,-376.221203673096,0
4584,3702,5.18200597708584,2977.02444383169,36.9438242876528,17.8225974280226,18.5821190654943,27.4863942144536,22666.2954170286,37714.4715377555,-385.09170498505,0
4584,3703,5.8505540005538,2358.26188199306,33.9078741550226,20.7496776658853,21.708633689974,32.0212322122085,19102.2691700351,19081.3437309035,76.4364087979099,0
4585,3704,5.08132265442829,2877.70920983169,36.9438242876528,18.2733325313697,19.0670672916596,28.1856693023333,22678.5597661455,37717.4251623822,-347.838111144289,0
4585,3705,5.77167932372032,2228.87511343927,33.9337838271469,21.6525527613378,22.6840066448605,33.4230743800338,19110.6901170816,19094.0863362493,77.4721071064839,0
4586,3706,5.24721089205344,2628.48255912484,36.9015256954162,19.5383911631695,20.4298433608104,30.1487701710499,22708.6155295536,37877.659568676,-160.76165294855,0
4586,3707,5.53606571695095,2214.05161543927,33.9337838271469,21.7618471640183,22.8021314368968,33.5927850390459,19127.1776081098,19082.0474445635,79.2862041631286,0
4587,3708,5.32704158935353,2870.41614312483,36.9015256954162,18.3025886191057,19.0982127902647,28.230966090746,22713.7788784137,37878.6339763972,-204.39481299683,0
4587,3709,5.82960289065783,2085.50787943927,33.9337838271469,22.770923822354,23.8935708865632,35.1598997746844,19075.2405111614,19078.9311256314,31.8190418502662,0
4588,3710,5.04152134300652,2666.89590312484,36.9015256954162,19.3281721114242,20.2031266509701,29.8224824729828,22684.1515305773,37864.3916312387,-200.088166602835,0
4588,3711,5.83552345514562,2085.90434743927,33.9337838271469,22.7676311295994,23.8900070553393,35.1547854873378,19084.4229132003,19068.2294260591,51.4668964156004,0
4589,3712,5.15187050933141,2733.96507312484,36.9015256954162,18.9744212786043,19.8217926621525,29.2734647121905,22692.2410440256,37870.7806733691,-204.053745550945,0
4589,3713,5.96818784127362,1854.70346999306,33.9078741550226,24.9080087278975,26.2093675649054,38.4800481078714,19092.7195561414,19086.4164917577,60.3173415891889,0
4590,3714,5.76023039687551,2000.8040415467,33.9664534904599,23.5086545446095,24.6928001688206,36.3059706340892,19122.4936768836,19085.4216943253,46.329822561982,0
4591,3715,5.97376503099954,1620.88935445718,33.9387842070753,27.6725759747394,29.2139233898048,42.7775515860373,19096.8501792512,19100.3536211359,29.8610482414112,0
4599,3716,5.46670926449989,2616.25503548989,35.2024484017204,19.3818721539751,20.2459548173156,29.9016638867489,17313.8009564385,26124.0373159905,60.7261316143628,0
4600,3717,6.23265654957373,2721.13444232944,35.1598279502279,18.8205836890131,19.6410389856765,29.0305902524494,17289.7399542906,25967.4975853258,529.803789169504,0
4601,3718,6.21032900660568,2851.06581632944,35.1598279502279,18.1853466535231,18.95758152521,28.0450762127732,17282.357100765,25974.2204263326,505.664871211372,0
4602,3719,6.29544123473101,2692.12620032944,35.1598279502279,18.9702068298574,19.8021318090445,29.262748631886,17278.5240620104,25973.8227423637,497.764789640414,0
4603,3720,6.18577086717406,2587.30446632944,35.1598279502279,19.5369643377816,20.4127086316399,30.1422460314906,17310.3295559812,25977.9200121147,512.129611632177,0
4604,3721,6.43244642126136,3041.34843032944,35.1598279502279,17.3466046092131,18.0564010008527,26.744185764042,17291.7076859986,25988.3797848197,490.724529024449,0
4605,3722,6.11238815722509,2990.97496832944,35.1598279502279,17.5589847958818,18.2844545906083,27.0735496546071,17296.3645141336,25964.6429888111,519.792234314068,0
4605,3723,6.83094335124484,2125.82738811199,34.1450276746465,22.4781413004882,23.5790446105397,34.7057986209302,24751.1422422632,15815.5176417751,683.477874782454,0
4606,3724,6.83820840856732,2067.89900811199,34.1450276746465,22.9556526727583,24.095888618303,35.4474837719277,24740.8467209216,15793.2939448538,712.962114062151,0
4606,3725,8.97833748003569,2019.80134767606,35.6522754561889,23.6426167833666,24.8568180157082,36.5193209503833,20612.6249067152,24944.8228487354,-1409.30887448714,0
4607,3726,8.107549273943,2420.98388299218,34.1787383837577,20.3865305871527,21.3194875826137,31.458270203225,24363.3563740128,16158.6381829688,1263.1854009119,0
4607,3727,8.35829124364677,2012.53893222536,35.6232011413509,23.7029960229129,24.921970710462,36.6130491217831,20538.4912150808,24905.5720713685,-1441.77474340015,0
4608,3728,6.16258673630012,1820.24690717459,35.170157925946,25.5281836296688,26.8978301056968,39.4481151988196,20640.6175977431,23083.1869340125,254.643635091151,0
4609,3729,5.66665044200501,2028.32902643607,34.3337897609904,23.3306341504328,24.5041011681341,36.0305674905583,25705.4264440538,16070.4865537322,1.9653191116205,0
4609,3730,5.14664999927398,1747.65441668556,34.9882358096681,26.313063738871,27.7486145308363,40.6675871442831,20521.5490135297,22341.3552760956,-394.551321342361,0
4610,3731,5.48375483247024,2260.00210643019,34.3402783129864,21.4922136743765,22.5149784088726,33.1752826732119,25698.951346856,16071.2747187661,-13.433690312183,0
4610,3732,5.00449149747598,1882.20932726633,34.9299475741657,24.8266859952239,26.1332371606911,38.3570349434745,20493.0316372078,22351.0293822617,-410.670661495283,0
4611,3733,5.51088138402661,1830.42902843019,34.3402783129864,25.2506079106829,26.5864435098128,39.0139279246243,25680.9290135407,16069.6056174636,35.5536017253043,0
4611,3734,5.47948089838106,1720.14201926633,34.9299475741657,26.6291703425312,28.0916016326649,41.1588187853704,20497.992255933,22344.6375102898,-434.371473261017,0
4612,3735,5.72492530123369,1984.12645643019,34.3402783129864,23.7288301252438,24.9356460461088,36.6492130320484,25692.2382181075,16051.8010326459,-7.87838161169565,0
4613,3736,5.38272662514238,2554.54906514924,35.5625050488672,19.7780726033964,20.6763521850447,30.5174759162894,21337.0152117399,24362.9362126346,-509.0814290526,0
4613,3737,8.83788505899722,2500.33948094094,34.7234836352723,19.97942719135,20.8856584040746,30.8278353125316,25762.6080324087,17688.8332103351,-1275.82866674209,0
4614,3738,5.43193941432543,2623.09397714924,35.5625050488672,19.3921449318834,20.2602801090252,29.9185053295712,21361.4539631045,24345.3625177349,-487.862300691244,0
4615,3739,4.93569668101197,1922.90946314924,35.5625050488672,24.5393852336721,25.8286687691084,37.9125611191277,21361.1527198367,24356.8869011489,-457.680790072055,0
4620,3740,5.23676872634875,979.588841793399,36.5744351005796,42.7119959254594,45.7059525812395,66.1985155808436,19500.2636601398,33012.1130761663,-261.122643727226,0
4621,3741,5.63920818856808,1111.30298496526,36.5544934802169,38.4225087451028,40.9986921140655,59.5173206065251,19513.0346227767,32997.7171889031,-290.853178530461,0
4622,3742,5.39069674138964,1048.59496296526,36.5544934802169,40.3298882611516,43.0907434688795,62.4878832492572,19503.8045288172,32981.061877849,-304.820374439188,0
4623,3743,6.0971974550042,1569.00302605297,36.9927655310908,29.1185295768163,30.8284394682846,45.0373093406928,22420.0841615074,33728.5220739441,710.148567148768,0
4624,3744,5.99354761127457,1922.73749145577,37.1213465946016,24.833075079865,26.1649321810642,38.3738423272654,23604.3943482173,34761.0442386647,509.450012313733,0
4624,3745,6.07185140754086,1978.44869664854,35.2114826150311,23.9415220062644,25.1760744427731,36.982409085516,24642.5224915214,20613.997901726,-1009.47431797317,0
4625,3746,6.16426889521991,2168.31555254725,35.2558625396082,22.3277048544305,23.4280977132128,34.4754271171571,24681.6718631513,20651.6782965548,-1137.15497926012,0
4626,3747,6.15557900334466,2191.90539854725,35.2558625396082,22.1448039432716,23.230162547344,34.1913487452064,24661.7148817994,20679.9192685134,-1121.896143002,0
4627,3748,6.55085328168147,2105.78323465079,35.2285495866715,22.8266076779544,23.9679592076348,35.2503014319211,24693.6587846687,20646.3580843501,-1060.88782739235,0
4628,3749,4.89171728193944,2487.94739427496,36.9062482338848,20.3599287077727,21.3166284863299,31.4241225917799,26330.2316706508,36222.4902158402,-534.723790934277,0
4628,3750,6.23201605744126,2291.80779762932,35.239013781419,21.4070992298987,22.4321499438358,33.0456538499813,24667.6575623831,20637.7689495252,-1160.75936240332,0
4629,3751,5.48836883359789,4445.87675680142,36.9179592650257,13.3716417011425,13.8177843539998,20.5879421532679,26374.9187031684,36190.9313240913,-575.25618472994,0
4629,3752,6.04259094059729,2152.28062454725,35.2558625396082,22.4541925480112,23.5650105982621,34.6718934513938,24659.3532555944,20674.2655856041,-1074.62588986273,0
4630,3753,5.27017026676849,4155.20080000308,36.8897687788222,14.018678135765,14.5070589956761,21.5898536061805,26382.6068556809,36194.8201829544,-593.590362355778,0
4630,3754,6.24210919609125,1913.55847518911,35.2487508484138,24.5724767166476,25.861010818923,37.9629955929453,24669.0672032307,20661.299312015,-1006.87861856447,0
4631,3755,5.42522532753455,3995.01879543618,36.9141849764912,14.4150435550737,14.9301222738169,22.203837465334,26387.1554179686,36211.401725453,-559.446144596542,0
4631,3756,5.96633553755216,2121.91085422469,35.2754242339798,22.7020198123186,23.8335374113318,35.0569060319286,24663.6921083721,20670.1498198741,-1064.82071852997,0
4632,3757,5.54917734741573,4002.04508943618,36.9141849764912,14.3971347860635,14.911004709203,22.1760954570759,26370.5980976828,36199.2760338282,-550.597460099045,0
4632,3758,6.326617921918,1896.38069514008,35.1932439335726,24.7338076709878,26.0354763815813,38.2135401728883,24724.6301942084,20376.2634895147,-1112.83549272236,0
4632,3759,5.88029674704536,2274.60501399557,35.6839898487796,21.5987302116897,22.6438044131678,33.3444727991829,28300.8775709282,22610.0623800673,-917.707791186198,0
4633,3760,6.16259061343961,2066.27459044731,35.2377816702319,23.1611322873568,24.3304322203221,35.7700062240178,24723.9971840106,20380.5317601789,-1047.52894466435,0
4633,3761,6.14093476718385,1964.50561522181,35.0118757708472,24.035328998125,25.2755636730244,37.1275469779062,24722.3486621836,20379.0341217357,-1050.07141907463,0
4633,3762,5.67524212320656,1731.73687819084,35.7073772321534,26.6552924738012,28.1295482058818,41.2020847387441,28438.9731245729,22639.801102152,-961.082993436262,0
4634,3763,6.10670777795534,2102.09286481564,35.2213691137701,22.8559734522087,23.9996865738183,35.2958974988751,24642.1450029646,20362.3836886914,-1086.83077762617,0
4634,3764,5.77483829801269,1865.79493407304,35.7051973231133,25.1474707754106,26.4905376514044,38.858098474874,28429.5413825801,22656.4622677906,-945.897788311052,0
4635,3765,6.01072768349416,1577.97337219084,35.7073772321534,28.6848717029694,30.3393463335716,44.3582144344534,28488.2699599721,22680.0559429432,-979.581153096602,0
4635,3766,6.18970246509282,2056.74133081564,35.2213691137701,23.2404066853937,24.4161499348828,35.8931142382346,24678.7346463306,20373.222618887,-1032.19411726971,0
4636,3767,6.00905445856051,1871.06215081564,35.2213691137701,24.9981489189973,26.3227752647752,38.6244576164535,24677.0564072687,20420.0738314208,-1036.73426785686,0
4637,3768,6.11878765834566,1894.80617881564,35.2213691137701,24.7551308315719,26.0589464801339,38.2467688496966,24646.548701437,20399.3234990617,-1070.04211333698,0
4638,3769,5.29568050637342,1151.42094642355,35.5976577610141,36.9868592388307,39.4105354209057,57.2776527315059,29680.540004575,21648.1494239352,-169.634598083067,0
4638,3770,5.99015612128895,1744.23644281564,35.2213691137701,26.4027670758102,27.8489960394478,40.8078349903287,24674.3563191158,20404.1055183448,-975.790197141286,0
4639,3771,6.42541822645545,2232.00221281564,35.2213691137701,21.8367955824249,22.8965929085315,33.7128890831987,24700.0053251534,20333.5416809717,-1218.03581036166,0
4640,3772,5.43453947220243,2513.75778499961,35.1383051247645,19.9579772729244,20.8664418031345,30.7956246022935,24687.4528296734,20160.2734340924,-21.0808264513699,0
4640,3773,5.65203252748803,1156.72398668435,35.6040381083472,36.8490562423956,39.2596864172017,57.0631235239065,29644.3156423148,21663.4647462699,-195.170375567627,0
4641,3774,5.72955528155689,2396.84377699961,35.1383051247645,20.6819746762967,21.6477538365311,31.9195037570796,24664.6537185179,20087.7266908349,63.9006477564062,0
4641,3775,5.59343694828739,1289.03416868435,35.6040381083472,33.7198996701982,35.8349053721807,52.1919182600174,29667.7573293762,21629.1175546478,-300.16956129172,0
4642,3776,5.84099559835768,2909.63108299961,35.1383051247645,17.9137934986896,18.6654764482969,27.6238033786259,24645.7333037636,20096.0000882502,22.4509897017292,0
4643,3777,5.82144316355856,2576.35567699961,35.1383051247645,19.5957272825096,20.4758499688656,30.2333892717921,24649.9919853947,20102.4371824164,6.00159053460584,0
4644,3778,6.00712994461965,2871.61420699961,35.1383051247645,18.0872156254228,18.8518899367932,27.8928040999248,24639.7275176613,20091.0911709043,7.32796557229269,0
4645,3779,5.54630212482234,2389.66330099961,35.1383051247645,20.7286072983473,21.6981078268506,31.9919011096684,24660.5644765661,20097.1629575052,31.3248302722669,0
4646,3780,5.95931561395383,3118.54769299961,35.1383051247645,17.0311448895456,17.7176674413031,26.2549662105219,24656.3614656527,20095.1280959567,2.87523633217532,0
4647,3781,5.65984981813698,3018.05855372368,35.1677132216944,17.4448733894959,18.1619740579707,26.8965975133032,24667.1516795776,20158.8649590702,0.785751469910366,0
4648,3782,5.48278906634213,3406.06827239885,35.21476365142,15.9889163094904,16.6012450235818,24.6394107626933,24824.1772306464,20383.7264581081,-154.369029847975,0
4648,3783,6.66956035090535,1593.05826843679,33.6057109519153,27.9729346762486,29.5363288564706,43.2433402134179,20249.1421997761,16773.1713114479,726.83233315339,0
4649,3784,5.35275811733348,2362.14600239885,35.21476365142,20.9212406991472,21.9069028860463,32.2911838128329,24815.1154093617,20382.9787504171,-225.991753732249,0
4649,3785,6.29446445261909,1996.9170078546,33.5750017053788,23.4715561830924,24.6481197153521,36.2470934718432,20239.7226059978,16765.432207452,722.623826658374,0
4650,3786,6.42003017732369,2323.3032591296,34.1134009921936,21.014972444755,21.9971158246133,32.4336607196368,24360.4820489689,15774.4793300625,583.531022745913,0
4650,3787,5.7875535595582,1845.85680539029,35.241119445387,25.2665544337964,26.6144778558914,39.0416898997739,25022.961590935,20392.7540844,-976.200936634993,0
4651,3788,6.57021243148083,1695.28504467814,35.2564457076028,27.0061642582545,28.5057216798963,41.746081195124,25085.1989206206,20371.9537569688,-1081.94079509572,0
4652,3789,6.06787228560959,1571.12650739029,35.241119445387,28.6732064524754,30.3205863634275,44.3383847420596,25065.8681682253,20404.1839269693,-1035.06669102745,0
4660,3790,5.71048030308539,1053.83080161906,36.8225648173553,40.2611308886944,43.0195343756732,62.3819847859281,20750.1587339876,31079.8807764221,-59.3646363508054,0
4661,3791,5.36953198005856,1363.45077851245,36.8559984338139,32.5662686399134,34.5912780019236,50.4013792353537,20728.6997050958,31081.7367583366,-91.2126484575762,0
4662,3792,5.52365001458121,1391.35772051245,36.8559984338139,32.035639500183,34.0113157794832,49.5755740777884,20707.21599468,31082.2582055806,-132.043068934683,0
4663,3793,5.37344923322734,1260.47922851245,36.8559984338139,34.7207040224568,36.9479038769936,53.754826578317,20725.7985448216,31049.0719561036,-73.7399140464039,0
4664,3794,5.80531562251615,1123.30080561906,36.8225648173553,38.1733611058496,40.7296435054716,59.1304861519964,20719.397072606,31058.2247337945,-144.582550095927,0
4665,3795,5.73339010778894,1339.88246361906,36.8225648173553,33.0216548374893,35.088691809577,51.1100005484031,20685.8359943806,31038.5647996106,-149.292953856406,0
4666,3796,7.24349214680225,2726.61284842267,36.8522189973107,19.0062356201245,19.8556591216807,29.3227218232653,21372.7648867163,29872.8329958277,1057.41630148727,0
4667,3797,7.11635918674912,3545.56155442267,36.8522189973107,15.6893773582492,16.2921661439964,24.1783443429634,21417.7796169103,29883.2290231789,1080.39903955425,0
4668,3798,7.22421714931492,3739.46683969582,36.8551971915013,15.1030354553149,15.6648001399815,23.2696568183241,21024.7734615361,30762.9082283774,1127.66171147663,0
4669,3799,7.09428680884152,4112.34499369582,36.8551971915013,14.1187264180572,14.6135581894098,21.7447525312371,21006.2073609022,30748.5066891487,1127.3469997753,0
4669,3800,5.77431100883571,3460.22414890922,36.7891552761641,15.9606718908772,16.5822902975827,24.5987435985187,23652.3285142647,38135.6999161453,-161.086165223238,0
4670,3801,5.42799762555779,3398.95869716408,36.7794332756823,16.1666084456576,16.8028958303782,24.917967581615,23662.8253177141,38136.8165071009,-127.486091845919,0
4670,3802,7.16568997032963,3651.93465770449,36.8964194939424,15.3644412428709,15.9446764358042,23.6748219865646,21019.0061309417,30746.2909856332,1083.15468692268,0
4671,3803,5.59024920849708,3656.26642916408,36.7794332756823,15.3409267840414,15.9187342894277,23.6381646875766,23664.0816896117,38123.9920577536,-122.460485607045,0
4672,3804,5.69006640561863,3099.88966916408,36.7794332756823,17.2845345151858,18.0024899844081,26.651439983649,23654.1919361518,38109.6748344259,-150.111020234773,0
4673,3805,5.34871650307719,2119.67114457499,37.1847197229206,23.0406746542177,24.2203591038893,35.5885378255828,21681.6206313606,34754.4763958225,-356.018905265562,0
4674,3806,7.59058777128359,4325.31443555048,36.882677554725,13.6286405483701,14.091280456904,20.9858181450569,21492.5717802552,30032.0503146084,1257.13556781527,0
4674,3807,5.24215297932384,3673.17012353159,37.2028636492787,15.3281350203947,15.9078722872359,23.6191189088816,21689.7787076733,34777.5920431804,-362.746737765722,0
4674,3808,5.16916796462025,2969.0873421168,36.605621156679,17.8191463394648,18.5757172670373,27.4802981622915,20770.7330351408,30466.9548103714,171.682062727215,0
4675,3809,7.60947006593524,4602.79798355048,36.882677554725,13.0498928639279,13.4752032474052,20.0897734407125,21480.1125914983,30023.4966603627,1263.7442788193,0
4675,3810,5.30805731700405,3670.10850953159,37.2028636492787,15.3372859646632,15.917664028877,23.6333007987672,21688.3489609904,34759.6401793486,-381.819932822671,0
4676,3811,7.60193802014647,5125.21065155048,36.882677554725,12.115923363301,12.4831241784508,18.6443437463894,21458.3336389279,30026.2299305511,1239.72173700024,0
4676,3812,5.47385258592621,2327.64583553159,37.2028636492787,21.4541426534152,22.5022406378344,33.1240304728531,21683.0590719362,34790.9209738224,-359.29487575284,0
4677,3813,7.68466148006894,4897.52788955048,36.882677554725,12.5007830084337,12.891599976189,19.2398697643725,21465.9831746466,30042.3898855941,1269.26447907226,0
4678,3814,7.5982717106465,4685.50561355048,36.882677554725,12.889481575592,13.3046204186908,19.8414652327642,21466.7921518867,30034.7224634528,1243.59184677609,0
4681,3815,8.20535388036881,2446.13301826559,36.6563597197248,20.5858588705716,21.5583756288908,31.7742685728011,19918.5478291744,31165.6164851921,-1378.42294270378,0
4682,3816,7.08173376562864,2926.88142609462,36.6582165026567,18.0136168691886,18.7852913276407,27.7820958940795,20168.5331706339,30462.2440494272,949.917185172416,0
4686,3817,6.78706622787019,2799.58166843345,37.2733007666664,18.6887503730456,19.5171025592674,28.8310061959859,24678.1137452999,33013.1252115118,-1291.22847658149,0
4687,3818,7.01163192990052,2881.73864843345,37.2733007666664,18.2930967522573,19.0910142764587,28.2170723808937,24680.7786948075,32966.4979989343,-1401.69968421038,0
4688,3819,6.89463535034257,2766.43253843345,37.2733007666664,18.854605216574,19.6958031540244,29.0883869712573,24727.0112995511,33008.7200759888,-1287.97927585773,0
4689,3820,6.99098354503534,2767.22547443345,37.2733007666664,18.8505945284094,19.6914812282931,29.08216284145,24687.5262521711,32981.4423402069,-1423.1751263402,0
4690,3821,6.63560175824692,2917.99586862558,37.2561833560953,18.1231401199197,18.9079396341505,27.9533395819947,24683.918072995,32979.65794011,-1407.44632735352,0
4691,3822,7.11140677629603,2978.08279662558,37.2561833560953,17.8532120705164,18.6175138292864,27.5345679570791,24701.6180280995,32965.4123256372,-1378.73436468508,0
4691,3823,6.94658824720021,2999.50766017181,36.796855572454,17.7079296271038,18.4576538694256,27.3081958925657,22676.8653589287,28943.2486666418,-1216.04464944398,0
4692,3824,7.04346565769505,2885.41941462558,37.2561833560953,18.2738636120123,19.0701711399043,28.1871924012541,24720.4711970475,32988.767058523,-1419.15485612838,0
4692,3825,6.41152683273979,2539.67085817181,36.796855572454,20.0330233492669,20.96265631329,30.9163298419588,22669.0946077039,28958.6362834015,-1088.31775672384,0
4693,3826,6.77338608568695,2949.29481462558,37.2561833560953,17.981256144284,18.7552632729755,27.7332129811619,24687.1904651499,33011.481630386,-1328.97847058832,0
4694,3827,7.09744065593934,2691.65669262558,37.2561833560953,19.2405896876161,20.1117325709464,29.6873891067335,24685.6891121423,32982.5184703661,-1357.96560204013,0
4695,3828,7.01323496477444,3076.47293862558,37.2561833560953,17.4324726545501,18.1651169839473,26.8819064571542,24688.2395151152,33028.4307340483,-1319.49292607566,0
4696,3829,6.6297154083124,2847.13822662558,37.2561833560953,18.4550941164883,19.2652971689609,28.4683942398593,24687.8672147312,32975.3997225671,-1358.1160041981,0
4697,3830,7.03967450067864,2915.33072262558,37.2561833560953,18.1353530067468,18.9210833451573,27.9722878445786,24702.8070527345,32988.2261309342,-1401.60889064014,0
4698,3831,6.56185568309785,2804.51791662558,37.2561833560953,18.6623006620343,19.4884676993645,28.7899226827196,24664.3796321152,32958.0144009895,-1372.96693240691,0
4699,3832,5.72063511168528,3731.54934197731,37.2711289074153,15.1622484018131,15.7308520091039,23.3621652683695,23499.7810430614,33211.1215976034,-876.006436744646,0
4700,3833,5.81698118293605,3293.54132657041,37.2446041766155,16.5860553680978,17.2560557537109,25.5692140124099,23473.2679652202,33242.6136499762,-888.371987164586,0
4701,3834,5.50538665833626,1254.40138005873,37.2277731530081,34.9709487512762,37.2271305602119,54.1458853330502,23143.8798135085,33093.932109167,-558.787884202053,0
4702,3835,5.69540068986443,1389.75853823977,36.4527271186394,31.956538330761,33.9193992941395,49.450942799332,22763.3747215596,27570.8761648823,-926.572906034064,0
4703,3836,5.73514331510459,1454.64496269894,36.4439041688111,30.7995740544253,32.6556609666854,47.6506190024612,22706.5475946697,27612.9039690322,-933.327396334304,0
4711,3837,6.27080699373136,842.942899375541,36.44339694636,48.4724789182444,52.035234393647,75.1732395553902,22780.0587999902,27624.1550879184,-937.579253818835,0
4712,3838,5.5632696759579,1629.79899269266,34.4489003087095,27.6715535655368,29.2195002443253,42.7778241965508,20105.1894046959,21152.4711090882,-657.77716022354,0
4713,3839,5.35821201321088,1317.25005269266,34.4489003087095,32.794357255345,34.8062344946993,50.7467362800039,20088.3966187202,21143.5692935999,-700.25552623026,0
4713,3840,5.9141747853993,957.389995375541,36.44339694636,43.4930494570576,46.5616265973753,67.4146660598701,22727.9783230955,27717.9338350571,-670.834955129445,0
4714,3841,5.26570984206462,1385.35444469266,34.4489003087095,31.4886731672904,33.3803124757306,48.7150676787385,20108.5933926959,21195.2796314024,-671.71345050942,0
4715,3842,5.83499729021498,1431.27865469266,34.4489003087095,30.675985872304,32.4934287414129,47.4506977921166,20095.7777763825,21180.3389322528,-619.972828173197,0
4716,3843,5.64901548763263,1260.84146669266,34.4489003087095,33.9788591193296,36.1008395000747,52.5901414444198,20115.8047555815,21165.8688875788,-614.469870703785,0
4717,3844,5.63908847479169,1542.20309002164,34.4840391455168,28.9142680406001,30.573188366324,44.7105028870063,20074.1100405927,21188.6677322093,-675.106081431254,0
4719,3845,5.52090079237731,1383.50426069266,34.4489003087095,31.5225040747024,33.4172430496015,48.7677046170024,20097.968436108,21124.5171995005,-699.989975285808,0
4720,3846,5.4371936597221,1432.56012479191,34.4536810797885,30.655305391941,32.4709344273692,47.4185441348636,18808.4005303423,21885.7233369363,-523.076900132153,0
4721,3847,5.50937529079461,1527.91067879191,34.4536810797885,29.1210566872203,30.7980931715194,45.0320058720273,18785.8873386421,21876.6807800409,-619.978117381706,0
4721,3848,2.73784232450745,1071.17223278985,36.2549553633462,39.5091695827137,42.1856438807295,61.2083037864602,22456.9278543725,27413.6248401388,864.508227286422,0
4722,3849,5.18480194919313,1614.9158760896,34.4196588882994,27.8653651697381,29.4300663868081,43.0790865698965,18784.5268825078,21865.7604794735,-527.179400393176,0
4723,3850,5.36072127344939,1505.7770460896,34.4196588882994,29.4519565860955,31.1582495506946,45.5465450581955,18851.6859463948,21873.1358582918,-507.396647255057,0
4724,3851,5.29099764378644,1620.70621679191,34.4536810797885,27.7948140499449,29.353717927362,42.9695052800602,18832.0002161755,21899.7696537239,-543.849079173163,0
4725,3852,5.3991211443101,1617.49042079191,34.4536810797885,27.838332059504,29.401086023032,43.0371745797937,18813.4631540248,21900.4550159044,-545.743092537905,0
4727,3853,5.36690333124435,1738.91975879191,34.4536810797885,26.3021966560501,27.7301963945506,40.6488568470244,18798.915902451,21899.0718088789,-568.635883168595,0
4729,3854,6.0889489609897,1750.31645017665,34.3040200336925,26.1366620502886,27.5484291575593,40.3910162494322,19435.1195134132,20793.2366512262,-94.2201401252563,0
4732,3855,5.74375133127216,2777.05896232262,36.2507593680102,18.6756073569469,19.4943831897549,28.8082468122948,30943.4059265998,27292.9860327346,226.697539639698,0
4733,3856,5.60444544970321,3832.14841432262,36.2507593680102,14.7904570683675,15.3267882560981,22.7842550607217,30940.4418973099,27328.1670804744,232.690162146714,0
4734,3857,5.58496585531912,4380.50771032262,36.2507593680102,13.4619043502049,13.9100528592524,20.7266400184718,30941.9539098555,27371.680657722,188.183137132384,0
4735,3858,5.87036037869054,4127.38491832262,36.2507593680102,14.0350709426449,14.5206695533451,21.6141761775375,30934.5754752556,27361.8504573167,169.779456928997,0
4736,3859,5.57814444513664,4119.54366232262,36.2507593680102,14.0538507124189,14.5406919288329,21.6432605354767,30940.5554969192,27363.8918896569,147.849018792405,0
4737,3860,5.42507274829599,2218.78796632262,36.2507593680102,22.100058251089,23.1919092250627,34.1246676526146,30937.021492896,27383.4756053939,136.768774843557,0
4795,3861,8.6979744791337,1257.42308293073,34.9044178772576,34.1946243656564,36.3436785124284,52.9278978219303,20918.9245052357,23984.4439832758,-1393.71066667227,0
4796,3862,6.40823566776053,2267.69780350111,34.8795450973514,21.522369206819,22.5531128636174,33.2236414872911,27766.2214221008,18001.4633125988,811.948259214237,0
4797,3863,6.80160157441516,2934.87960271855,35.6251128152768,17.8577812029434,18.6093078708862,27.5380354799988,32408.2058209393,20540.0646209596,720.834450287021,0
4797,3864,6.41364180407591,1696.48531239452,34.8285211977419,26.8974898805497,28.3821560173903,41.5756276928402,27764.5559791947,18016.3442668225,807.358933687967,0
4798,3865,6.49902952712248,2643.23333671855,35.6251128152768,19.2905399641877,20.1513426584546,29.7609785508057,32428.2408118465,20566.7113660896,717.724308865421,0
4799,3866,6.62350594511659,3056.17678471855,35.6251128152768,17.3372131876038,18.0500416317122,26.7306487374804,32419.3946185013,20533.7722887705,773.548162989874,0
4800,3867,5.87666203366868,5644.88808918558,36.8793125270594,11.3429975043134,11.6642149574371,17.4487265963109,21908.1739040644,36215.9697046019,292.823217229522,0
4800,3868,6.59756427398922,2805.60464345079,35.634822500093,18.4597471060126,19.2567884862736,28.4718816312708,32447.1231922736,20572.9657680689,722.46267387286,0
4801,3869,6.54131394039479,5327.76325335784,36.7263275815542,11.7894357239529,12.1362207045715,18.1390361610498,19678.0338301012,35954.3596691906,808.435592092144,0
4802,3870,6.53974817698327,4652.22583335784,36.7263275815542,12.9427256326356,13.3603802501332,19.9236472454649,19681.1060009329,35955.0543482984,781.021660489983,0
4806,3871,6.11340536107141,1142.24457866129,35.4172283995061,37.1704294194172,39.6088117575341,57.5626806933401,28986.1116258252,20945.6317203049,-82.5707265466546,0
4807,3872,5.55725565923062,1376.90619803972,35.4327654176943,31.9172321882206,33.862298492578,49.3858160713835,29055.8979812552,20938.5271654076,-79.0277073567387,0
4808,3873,5.87325124337611,1142.36002881529,35.4478632120694,37.1777909224265,39.6173561052555,57.5742774837655,29074.3947624893,20931.035048454,-26.5198038786329,0
4809,3874,5.56064780715163,1255.04504481529,35.4478632120694,34.4147094288055,36.5925393708572,53.2727430500186,29049.23708953,20929.5255864618,-23.1787394176167,0
4810,3875,5.80185935213547,1388.13821116267,35.4365983834354,31.7098423761155,33.6358453000566,49.0631231963479,29032.5044898954,20919.1633560884,-61.8175982212289,0
4812,3876,5.81703764439396,1593.26634916267,35.4365983834354,28.4028847966427,30.0286121734537,43.9186703760877,29045.1149369619,20924.7589413897,-54.1928654125635,0
4813,3877,5.79271055261729,1981.00980516459,35.4207389165131,23.9559716179518,25.1940809917207,37.0055095590624,29015.9337608173,20924.7716823567,-73.7459153297953,0
4814,3878,5.4528380489852,1222.69867716459,35.4207389165131,35.148663404432,37.3951825868898,54.415114755546,29020.4043485518,20927.6523998996,-55.1015123048823,0
4815,3879,5.68244266607351,1433.30007755335,35.452029535816,30.9076376347699,32.7602050675896,47.8150027130561,29059.522760852,20929.7274246196,-14.6543106996268,0
4816,3880,5.54289052676202,1414.25879916459,35.4207389165131,31.2331970670516,33.1151621408342,48.3214147472532,28987.6641666239,20948.5860417835,-100.542183097175,0
4817,3881,5.93658059837246,1474.65633916267,35.4365983834354,30.2070413576631,31.9954823614599,46.7249775867086,29061.4860944858,20912.0525322862,58.1147635410066,0
4931,3882,5.51257349562389,3866.67831128688,36.9010598198736,14.7515329558222,15.2893976784788,22.7251049195281,21017.3807972005,36342.9260780897,-456.476120896329,0
4932,3883,5.55919424512524,4121.4537031102,36.9204614572586,14.1018357140811,14.5959360998647,21.7187001606537,21032.7569178489,36310.3464674423,-467.451971757514,0
4932,3884,7.3702183165742,3298.12084341113,34.5294972903381,16.293026077418,16.9217456905775,25.1093607438509,26442.5645407847,40591.3143378811,1266.11321896951,0
4933,3885,6.78805737302011,5326.80354741113,34.5294972903381,11.660457941353,11.9888168690295,17.9365607254126,26286.1656997359,40460.8947882996,947.185426741496,0
4933,3886,5.12862961611534,3740.5801111102,36.9204614572586,15.1055289767399,15.6678951173028,23.2736388119538,21025.344029156,36321.1996357749,-439.317484289222,0
4933,3887,6.21674105639453,2011.53853465311,35.0269760138883,23.6049023903263,24.8090443037027,36.4588128244386,28191.1747719944,18823.1300530885,130.344295074578,0
4934,3888,5.78420332741482,2551.26363865311,35.0269760138883,19.7236359297231,20.6127065556936,30.4316188893917,28208.7408099563,18847.5595318276,109.824199307899,0
4934,3889,6.95910451844584,4171.32726775962,34.7873826658608,13.8164620165506,14.2787431354246,21.2731767887604,26228.2372189936,40417.7493553328,851.772545752057,0
4935,3890,5.76236614526178,2425.75949065311,35.0269760138883,20.4806121482136,21.4292886503661,31.6066019803794,28167.4506733001,18838.287592254,90.0863804130052,0
4936,3891,5.74681612830716,2593.48748065311,35.0269760138883,19.4844311087908,20.3548724355427,30.0603816629879,28177.5755246859,18843.4740387687,101.599443989892,0
4937,3892,5.82197433253349,2535.55910065311,35.0269760138883,19.8145075165077,20.7106816366223,30.5726557197654,28187.1673776473,18837.0235809987,76.662670834788,0
4939,3893,5.76944919665651,1883.28956503422,35.0459465764949,24.8382182522704,26.1471063686662,38.3753326006164,27598.6784769956,19293.7006514368,-694.014749597263,0
4940,3894,5.18092070260547,1898.92993313534,35.0617234118425,24.6828152040681,25.9786107715186,38.1338715785119,27560.7599559612,19324.5012966738,-554.295422424228,0
4941,3895,5.44610942112041,2017.28527966507,35.0350990970415,23.5547434370671,24.7547650486108,36.3809070280728,27561.6303077662,19291.8054860948,-656.405034133304,0
4942,3896,7.23780459161463,3130.31118685931,34.914502932213,16.9603225323371,17.6399245345854,26.1446664785214,27279.3158604739,18717.0681432775,1171.3957091765,0
4942,3897,7.14212595500914,2656.5581470909,34.6722506406599,19.0937415067013,19.9307749739067,29.4532233808064,27273.2210916572,18725.7771395447,1192.08683321084,0
4943,3898,7.77265832531731,3380.70275485931,34.914502932213,16.0449889396077,16.6590608102403,24.7257090013822,27334.6054840069,18738.6165242403,1258.63774748361,0
4944,3899,7.68104801019481,3286.78389085931,34.914502932213,16.3732123067322,17.0105631008416,25.2344626501265,27327.7881250461,18744.0238037287,1238.99319378051,0
4945,3900,7.82792851598852,3308.25924085931,34.914502932213,16.2966452439571,16.9285432970107,25.115775781846,27316.8662533226,18771.2720525107,1251.19600516704,0
4946,3901,7.34309646960816,3481.29757784076,35.0929970362179,15.7288225244813,16.3219999022798,24.2360657185035,27975.6763880002,19442.2555808413,1173.93691709231,0
4947,3902,7.78695892563349,3069.87392384076,35.0929970362179,17.2217734723961,17.9218673903991,26.5504598554791,27971.3459430613,19456.2421166672,1202.03558164514,0
4948,3903,7.11405539842008,3130.18111184076,35.0929970362179,16.9802825096582,17.6627438723594,26.1760030297866,27938.4021627101,19458.7633149897,1269.25701402086,0
4949,3904,7.53333814388624,3144.92838828869,35.2344156365053,16.9378379998234,17.6183221640424,26.110497772368,27880.8795879493,20348.7074591757,1241.66498055705,0
4950,3905,8.02519764262925,3231.98318398454,35.2271555841502,16.6056790400588,17.2620694014674,25.5954951551923,27891.2540444714,20312.479440647,1155.35270894936,0
4951,3906,7.44193775254479,2871.68214127663,35.2405205760366,18.0991628227157,18.8655968758209,27.9115744166146,27904.5525447366,20328.0625928724,1191.37353083522,0
4952,3907,7.18537381949884,3120.90633127663,35.2405205760366,17.0329607294882,17.7204216583226,26.2580040449712,27893.243621659,20321.3431429512,1164.20161555768,0
4954,3908,7.76504529013107,2336.83292177326,36.5765132480657,21.2966941353401,22.3259352742062,32.8778471668484,19316.733999192,31941.9199503851,-1429.09033925505,0
4955,3909,9.56611358217947,1732.34002249081,36.6465682334767,26.8464584305694,28.3488147242215,41.5024560443112,19172.0612298987,32461.4482703425,-1115.69401041036,0
4956,3910,9.49680053833132,1584.89797849081,36.6465682334767,28.8049560881538,30.4821808284353,44.5483262390643,19239.8863388153,32443.3096874381,-1227.69975511413,0
4958,3911,9.61740497732023,1734.52059649081,36.6465682334767,26.8198926464648,28.3199023196456,41.4611480454897,19138.6657181028,32390.4950587825,-1145.41615013912,0
4960,3912,8.99953879338631,1542.97355163811,36.6676534978486,29.4324386293972,31.1666924303156,45.5244788462084,19205.5635596065,32358.2863891453,-1193.85380003371,0
4962,3913,9.24279383083879,1467.88691763811,36.6676534978486,30.6329309557188,32.4766935883126,47.3921644650123,19217.7622170759,32328.8975651757,-1086.38417071373,0
4962,3914,6.11418421489372,1749.99550282132,35.1502752460845,26.3197779137881,27.7578956423433,40.678576125925,27060.6491533408,20122.2021194361,-912.203804930494,0
4963,3915,5.81576883853887,1880.69778682132,35.1502752460845,24.8850085604222,26.199112761067,38.4483879668631,27087.0417005615,20112.4080578743,-942.641005040611,0
4963,3916,8.53135872525651,1414.98927142823,36.6963247799088,31.5599235003409,33.4893983338276,48.8346787176399,19239.6284147715,32430.6847698209,-1233.3847194039,0
4964,3917,5.88040100548722,1460.75648988615,35.2598101930319,30.3911654566229,32.1939563100775,47.0107481884722,27242.837342773,20651.6921250959,-907.849578185852,0
4965,3918,8.67482276574761,1740.54677163811,36.6676534978486,26.7512179117638,28.2454139777628,41.3544338307654,19228.7235817725,32393.8681621684,-1270.04296340877,0
4966,3919,9.00652890165128,1351.59844342823,36.6963247799088,32.7535750951184,34.7938451196435,50.6922771504673,19208.5764882566,32435.5832678553,-1180.06939204538,0
4967,3920,8.92910646889818,1857.28457163811,36.6676534978486,25.4248099089765,26.8028614067996,39.292252126029,19212.6780218366,32367.090921163,-1194.55055533893,0
4968,3921,9.63002640127455,1472.16876742824,36.6963247799088,30.5685537629631,32.4067914315584,47.2921054048006,19216.5505618758,32415.1602277167,-1083.61739731549,0
4970,3922,6.84399968483045,1534.18590202371,36.9585285670629,29.6372126176629,31.3937798566517,45.8440731882315,20088.5862549498,32963.6713641922,-1513.60812047262,0
4972,3923,7.49474365371855,2993.12206402371,36.9585285670629,17.7538212059359,18.5082739594144,27.379736037848,20160.5459543218,32996.9374369179,-1526.54032653901,0
4976,3924,3.68538052991857,2395.79165332297,37.041108670467,20.9668299003495,21.9736810768727,32.3668177493381,20981.5060453577,32884.2373754022,770.107591274666,0
4979,3925,8.02719616260492,2414.710260924,36.8841402515615,20.8200958882942,21.8136025434294,32.1385591767314,19637.8707360524,32700.5083431957,-1483.61300052885,0
4980,3926,7.94929766081767,2311.30543308126,36.9762693552339,21.5350651527701,22.5876219667049,33.2491104092895,19655.9892701702,32697.7520849851,-1474.65321462229,0
4980,3927,7.85836686913966,1616.45443167118,36.7301466584666,28.3759671538262,30.0156206997731,43.8813606258108,19648.6136294101,32696.5711154595,-1478.38609552251,0
4982,3928,5.42152134316868,1791.31884567118,36.7301466584666,26.1666649624199,27.6101698400146,40.4457581330857,18833.994561173,33130.2617594733,345.587214184656,0
4982,3929,6.12156711093718,1382.62084565008,36.2683190176747,32.039685622695,34.0077163473982,49.5796260714593,25345.9470068417,27642.5936270086,-797.640683144708,0
4984,3930,6.32769316689435,3136.63671110886,37.1816326822139,17.1793948205223,17.8926100444138,26.4892196604641,21854.7746178014,33463.9104084487,628.764903681133,0
4985,3931,6.14862045718949,3720.50191910886,37.1816326822139,15.1865692105905,15.7562804344781,23.399692929621,21865.183954867,33465.2469785509,628.377378179646,0
4985,3932,6.5427834003098,1148.92498565008,36.2683190176747,37.2795540347784,39.7415376577251,57.7362935396496,25324.8138251601,27660.4594879181,-911.298015063899,0
4986,3933,6.40031212564317,2264.49521510886,37.1816326822139,21.9042894943705,22.9892038600954,33.8231391967543,21884.1427605109,33470.3089909059,592.115930570197,0
4987,3934,5.76528789568855,1191.76582117439,36.302502534642,36.1808564096476,38.5384602210984,56.0257573781155,25413.7004754858,27673.3326217143,-778.440488627244,0
4988,3935,6.02931196014533,770.518305650077,36.2683190176747,52.2805594431331,56.2227140096641,81.107193603295,25388.2038511588,27606.6046648503,-861.910884100798,0
4989,3936,5.7590406244185,1205.57612317439,36.302502534642,35.8393312855724,38.1644583268022,55.4940380759547,25375.1744081305,27678.7440435318,-758.223950864486,0
4990,3937,5.89183767191659,1629.61167441265,36.3588961164222,28.1101377850754,29.721355952541,43.466629373172,25365.5288865173,27673.3788005441,-886.799510780741,0
4992,3938,5.66885294524482,1148.92277574449,36.3240335694811,37.2983504211542,39.7629842696097,57.7658002653143,25400.10952882,27640.731644293,-859.814925037188,0
4993,3939,5.18512984292442,1827.53256033628,35.9587730352811,25.6067394755061,26.9924521570361,39.5727999279543,24549.9160850295,26342.7525348063,-734.425026078327,0
4994,3940,5.27117393917104,4434.28198080279,36.9005721799569,13.3947977446302,13.8423388073522,20.6237672292833,23898.993059623,30877.9556453347,-385.967874204381,0
4995,3941,5.29476397972958,4194.33073680279,36.9005721799569,13.9273575037422,14.4097474256745,21.4484388973983,23901.5016208064,30880.6762894855,-398.413468818339,0
4995,3942,5.92178545408813,1868.03133888895,36.6220645578659,25.3018754698444,26.6687449014481,39.1010093326693,19054.4951489661,31109.0087682997,-985.558345589861,0
4996,3943,5.34883393248084,4074.72955680279,36.9005721799569,14.2141178955806,14.7156008999519,21.892579491582,23903.7981417395,30866.7045118138,-384.846633092592,0
4996,3944,5.88807190708586,1781.14072199187,36.604406756159,26.2582389937683,27.7083140172136,40.5877264171334,19034.5520602329,31133.6495600901,-928.671266597295,0
4997,3945,5.4450758724399,4051.7200417227,36.8963940043049,14.2707268078257,14.7759798408812,21.9802568395411,23883.6362373129,30874.744985838,-410.448068260645,0
4997,3946,5.85713652881318,1703.87156088895,36.6220645578659,27.1940091045835,28.7268364440049,42.0428106801364,19037.761954492,31150.6209648588,-919.116888223203,0
4998,3947,5.35354131191343,3973.1973517227,36.8963940043049,14.4695814598523,14.9882356535932,22.2882916050436,23876.0432619934,30880.9026297471,-379.440746858686,0
4998,3948,6.10416305208753,1247.29460688895,36.6220645578659,34.9500709028083,37.1955908750627,54.110945972256,19052.7814068111,31157.4393335953,-902.313340454747,0
4999,3949,5.35746922424758,4138.73711280279,36.9005721799569,14.0587664086119,14.5498777801262,21.6519600729203,23904.6770243379,30891.9571170267,-397.24820803283,0
5000,3950,5.14274216885167,2402.22557670946,37.0003415903413,20.9185008066949,21.9210536778842,32.2916640792532,23908.9846044049,30884.4113651511,-394.101723203971,0
