frame,id,lobeDist,intensity[photon],offset[photon],UncertaintyX,UncertaintyY,UncertaintyZ,x[nm],y[nm],z[nm],Probe
2,1,10.7407080554781,6724.32931552549,21.9016458988077,9.34339276114905,9.49094123738843,14.3404379987346,35939.0307974325,29324.3964462079,-970.231991049707,0
2,2,5.58929209066084,4516.06382016228,21.0684169501429,11.9936606595403,12.2559840877622,18.4282977125495,37058.4147262125,29412.5942195032,698.879798020333,0
2,3,3.45893576864588,4475.57980180342,22.4288068632925,12.1828673138467,12.4652660191745,18.7234155594451,35012.5951058915,28909.4970458821,-595.532023576537,0
3,4,11.3754359641634,6353.16918952549,21.9016458988077,9.68425228911923,9.84597881795986,14.8660322904063,35990.7393511433,29295.8564229669,-989.316342378641,0
3,5,4.08254177060239,4066.38839602687,20.722672075158,12.8152483238613,13.1162931200928,19.6964002759744,37011.0850770093,29539.4813147434,848.098103625731,0
4,6,7.48378995877055,3561.632570125,22.1612139953858,14.1576258159885,14.5446756998408,21.7745938965066,35407.2925028215,28918.1889995088,1257.6233813183,0
9,7,5.6962726106824,2989.63981490428,22.2519848168679,15.9643178161299,16.4594547963515,24.5694811837478,34298.5890166796,15883.7057852963,327.86676491375,0
24,8,5.831611739413,2204.09432087106,22.7733213480324,19.8733345366888,20.6341334529769,30.6253380983511,34342.1524743771,22740.6892868392,89.8839541484041,0
25,9,5.57017799901181,3377.53740037516,22.7536369264534,14.7451754296128,15.1719448532671,22.6847723401117,34446.7552933358,23051.7107091217,90.573915050804,0
29,10,5.79112170243328,2364.15375663417,22.4203274172217,18.8405589407409,19.5248269161467,29.0236107355223,34203.9412339755,17913.323865742,258.004119462764,0
30,11,5.87653652962566,4371.32652952148,22.426769320779,12.3734545935961,12.665669919067,19.0178127810974,34220.8772310579,17911.3034994628,289.080097637646,0
31,12,5.49522619423348,5405.95382752148,22.426769320779,10.7719439451846,10.985200768577,16.5449504704969,34249.589186835,17932.2996533282,270.082204439013,0
32,13,5.52439288602855,8134.79722224529,22.3151189288777,8.31581009878657,8.42524992714947,12.7572178701406,34937.9196690439,17794.8764697375,405.502393537704,0
32,14,5.0398182160804,6791.12185662845,22.4783350737169,9.31678885121581,9.46629926610599,14.3002655517203,34416.9434820438,18194.524861179,1226.41107256154,0
33,15,5.65215842004421,7892.08704434971,22.3319750286509,8.47417898632039,8.58962715086721,13.0012583387191,34912.7344513527,17792.971305859,438.961044490224,0
34,16,5.92766981955893,5986.08916034971,22.3319750286509,10.0840285575998,10.2654952289964,15.4833342194564,34889.608603377,17791.7356442981,380.475597536774,0
35,17,6.00991643062949,5575.03994834971,22.3319750286509,10.5540001286334,10.7565852093737,16.2084460812445,34901.0344220196,17795.1565980041,417.37495620301,0
36,18,5.69618317705941,3606.90671834971,22.3319750286509,14.0563327413939,14.4392263061545,21.6184215638208,34929.2488011907,17763.0529072516,466.648351081676,0
39,19,9.69541655713741,4090.20213989072,22.240106017299,12.9127639752099,13.2318609674998,19.850626906917,35324.8770412354,17610.7923884221,-1144.81021754407,0
39,20,5.86805855089594,1632.62100261544,23.4394385493457,24.9289474288177,26.0801318019399,38.4704937507697,31597.3811265506,26229.7416335334,38.8280001422653,0
39,21,4.83544937272726,2654.96099233672,21.8154985451941,17.2675103790527,17.8396762308232,26.5852108342569,36222.4624308193,17510.3343419042,382.522436903194,0
39,22,6.8161179294457,2159.84163934834,22.67670497163,20.1462490615702,20.9249884788275,31.0479715582922,33895.1109417392,31227.7375961692,1008.84621733228,0
40,23,6.88310750613805,4032.20715253504,22.6873199032242,13.0791582073891,13.4109313754518,20.108785398087,33871.6011417355,31280.4320032208,1086.98249817142,0
40,24,5.80421343766214,1577.41549280491,23.5031173920877,25.5980909924464,26.8037436437578,39.5096375135034,31581.8083511286,26178.683344778,4.24709388954336,0
40,25,9.60972968039495,3769.77521587936,22.168851178001,13.6278933914136,13.9852727411948,20.955671432658,35323.1893510983,17584.6438343243,-1129.56652152352,0
41,26,6.96645901806878,3871.76976853504,22.6873199032242,13.4390092058773,13.7904953644409,20.6649641984626,33863.1299473563,31253.8642734382,1030.82091596661,0
41,27,5.62571744750421,1932.54069080491,23.5031173920877,22.0166627383798,22.9442234492466,33.9516212985439,31586.6002457201,26212.0234968758,-0.611889959187565,0
42,28,6.73997468155277,4557.87966853504,22.6873199032242,12.0594760524347,12.3375072010765,18.5333637467622,33878.1545794807,31260.3274977378,1040.64503936871,0
42,29,5.87527440104762,1878.90738080491,23.5031173920877,22.4761695420815,23.4383297142967,34.6644267466585,31578.2913079898,26198.8088016545,83.4945614416153,0
43,30,6.93379258308501,4409.27024653504,22.6873199032242,12.3258403666401,12.6176004496444,18.9448151642803,33861.1561263383,31277.2577269256,1054.31750244784,0
43,31,5.94444687123791,1983.30942703546,23.5038531572148,21.6032014707051,22.4999368189814,33.3103292438552,31567.489482263,26189.6554891553,44.2539597566999,0
44,32,5.6036206631832,1979.74240880491,23.5031173920877,21.6314620932361,22.5302849953612,33.3541570201561,31521.03259897,26270.5134441587,15.2044381160265,0
45,33,5.70260377154962,2521.83160570935,23.2336794141936,18.1323214759475,18.7790315524525,27.9293208028853,33215.3113912599,24290.3515208868,-113.066429746466,0
46,34,5.36003156291347,4965.9939184323,23.1985428394437,11.4397888430655,11.6902751237263,17.5773484386965,33277.5281201233,24302.1282194111,-126.621447599904,0
47,35,5.25271680287952,6546.4915744323,23.1985428394437,9.57541212328985,9.73960777097383,14.7001415634703,33286.8010948526,24290.5664711305,-141.616186115758,0
47,36,4.88679019428274,6466.18859662833,22.9883459277383,9.63889424872432,9.80468886394404,14.7977404122225,33447.5064178152,24826.8668706082,-127.104732026534,0
47,37,6.94499705081907,2937.80785909001,22.5637791086134,16.2010970900939,16.714371804386,24.9368636497159,24284.8717904518,25850.3634856715,995.084780940859,0
48,38,5.89273125875571,6419.87983543152,23.2072287033605,9.69544456690006,9.86486181706207,14.8852906457968,33266.3227665834,24501.7437191657,73.6302802180732,0
48,39,6.86704796109397,2964.52539709001,22.5637791086134,16.1000194720402,16.6069889362594,24.7804294224613,24333.4943280326,25839.1049135813,1000.55584146366,0
49,40,6.20606693809567,6900.67663770153,23.1693499469748,9.25980368704229,9.41050991237464,14.2133839318109,33441.7320720175,26076.6469903997,561.235547353066,0
49,41,5.94123119870058,6843.90812984172,23.1746577616465,9.30851189408366,9.46127785360449,14.2884997243974,33487.5387582956,24660.57646824,227.835748715524,0
49,42,6.99744632929551,2797.61236909001,22.5637791086134,16.7600843830641,17.3086693494667,25.802109454582,24330.9273318066,25859.5804474437,1013.29208629959,0
50,43,5.91022261377721,6281.53823405254,23.135308929298,9.8266576007557,10.0013982293871,15.0875791153342,33442.1602696774,26090.6412914825,590.335462274887,0
50,44,5.94596402886072,6130.62203915006,23.1341375512338,9.98022370734253,10.1617253915733,15.3244755963831,33486.2517709279,24684.3090742524,222.603263678495,0
50,45,6.77020344479704,2447.94019364827,22.5481830319437,18.4031496018503,19.0594322627836,28.3464550361596,24309.26255575,25847.4130164379,1006.7812422529,0
51,46,5.9910249369283,6854.83096205255,23.135308929298,9.2970604178469,9.4491469593762,14.2707856826028,33459.7143711515,26113.7511456856,599.768751222097,0
51,47,5.79014101507286,5996.57894921068,23.1273364038031,10.121894024431,10.3096773623398,15.5430333017437,33488.2210371992,24654.9461580017,257.687706378651,0
51,48,6.70578302571036,2775.75315164827,22.5481830319437,16.8495641160111,17.403688143197,25.940582223813,24295.0865739375,25863.6880212296,968.909284614683,0
52,49,5.94034498448136,6764.06181605254,23.135308929298,9.37570930805842,9.53109188199236,14.3920664795788,33429.2556978342,26084.2333179133,609.392224410285,0
52,50,5.85017517748978,6527.72879315006,23.1341375512338,9.58927993952038,9.75372749370821,14.7214352950175,33477.2316040222,24659.6448571382,261.460046197507,0
52,51,6.84656068371562,2988.19392164827,22.5481830319437,16.0097394725382,16.5109281715481,24.6406652067254,24305.2903081596,25855.5314155423,986.714798728949,0
53,52,5.89179872476629,3753.44396315006,23.1341375512338,13.7683448341402,14.1421526589357,21.1751585105233,33456.951921471,24642.5710896586,301.282471949905,0
53,53,6.55151876475254,3176.91268964827,22.5481830319437,15.3495109073062,15.8102891280152,23.6190657840563,24327.176844948,25859.6883830485,1030.89267686817,0
53,54,5.65241133149278,2797.80556019238,23.4739343827457,16.8906540979835,17.4580228479324,26.0071176616216,30905.4784151573,24971.9541613517,306.225726976318,0
54,55,5.76045168070629,3673.44553115006,23.1341375512338,13.9699572699213,14.3552394599013,21.4868845285997,33453.6562494046,24646.3418773088,324.146460885512,0
54,56,5.98743275562854,2853.29289870242,23.4675318347049,16.6597069364929,17.2120785680093,25.649526493347,30861.4189030622,24946.1749958191,291.944306178604,0
54,57,6.81761576581795,2282.39277764827,22.5481830319437,19.3416759916749,20.0621509928667,29.8005352388103,24277.8746957458,25844.1209006704,1000.13934478485,0
55,58,5.97259338216083,3225.85518515006,23.1341375512338,15.261959378596,15.7234057084442,23.4852539869643,33459.4376890702,24656.0639696755,266.549976112206,0
55,59,5.9305593528715,3264.00787619238,23.4739343827457,15.1804750626898,15.6403525864628,23.360111652916,30891.0283408607,24962.0687411888,341.607539850849,0
56,60,5.86091321942963,3258.56379515006,23.1341375512338,15.1567622840781,15.6118420734464,23.3224979298809,33451.9170192341,24626.7361005577,313.655376257409,0
56,61,5.69964772184705,2653.13879219238,23.4739343827457,17.5315260208679,18.1409514900348,26.9995444535681,30882.6301809777,24945.0213025505,316.890426979336,0
57,62,5.78101121417045,3431.58168419238,23.4739343827457,14.6692734832882,15.0984458520459,22.5692681985939,30888.2791752385,24955.32624407,315.772080268664,0
57,63,5.95671642150026,3370.85234315006,23.1341375512338,14.8096625972651,15.2439396384395,22.785537328095,33470.8200515363,24635.5590706404,288.890707476868,0
58,64,5.77970518472838,3665.45009315006,23.1341375512338,13.9905401971787,14.3770002397053,21.5187108805773,33441.2171331693,24637.677841983,279.029657574539,0
58,65,5.68933753258771,2743.40134019238,23.4739343827457,17.1244283093044,17.7070309413973,26.3691007922973,30888.7082394737,24954.6817779102,316.111104759266,0
59,66,5.80165111716296,3825.47648670242,23.4675318347049,13.6269680373501,13.9956659195074,20.9573761307087,30875.9123733824,24966.5620839706,313.65008272604,0
59,67,5.93425072991644,4025.75140115006,23.1341375512338,13.1360621978435,13.4746390804721,20.1977519927887,33482.2015206042,24631.9051889004,306.685104026189,0
60,68,5.90261279486349,4141.92399632673,23.108433367535,12.8865995584062,13.2113921953355,19.8121544635829,33469.1225950614,24645.6277088146,331.407391756035,0
60,69,5.73661522723927,4418.30594272121,23.4222111959837,12.3726516905337,12.672450081945,19.0186769198544,30878.3185116772,24940.278900316,332.457575271884,0
61,70,6.00130514660727,5090.9201993368,23.4391072728319,11.2735012876797,11.5173969898692,17.3210311436616,30890.8513339762,24962.0489644114,296.722400043786,0
61,71,6.03985969524436,4608.72101432673,23.108433367535,12.0066235348733,12.2850562529844,18.452585711205,33447.7247221496,24642.4217669359,284.570139324075,0
62,72,5.7543516515319,4107.4813253368,23.4391072728319,12.9894027475082,13.3224368615987,19.971765111342,30893.7726898425,24970.2989101263,325.879964649818,0
62,73,6.09182386138315,3653.29921232673,23.108433367535,14.0192318798637,14.4071047382084,21.5630122521447,33482.3961184087,24651.3628257078,316.613170115089,0
63,74,5.94507728865544,5346.1795133368,23.4391072728319,10.920335261439,11.1470775336173,16.7757849340675,30885.8608356526,24954.522875861,267.550225621486,0
63,75,6.88301819076703,5287.04269817055,23.1484579637443,10.9790252774085,11.2067237212052,16.8658718234262,31426.2363248357,32713.9975544576,995.982436805641,0
63,76,3.39087234746762,4204.6582580882,23.3647794383805,12.7816046428366,13.1027694598902,19.6504620862244,30837.8421066746,33069.9015465104,223.835877367957,0
64,77,5.83616113212654,5623.48442388555,23.4331745923928,10.5683686676906,10.7784090070074,16.2324981296352,30872.2488321665,24950.6062493642,326.388586428852,0
64,78,6.88688458339581,5656.59492617055,23.1484579637443,10.5098275576064,10.7154194389249,16.1416735051382,31428.3422285956,32704.8963319067,1030.37285833774,0
65,79,6.04826023221155,5086.5370253368,23.4391072728319,11.2798373535145,11.5240446722894,17.3308143334734,30885.9619068408,24956.9214666959,312.634498997893,0
65,80,6.88998304324211,3858.92091017055,23.1484579637443,13.5154189676277,13.8751175966897,20.7841719222982,31451.8226456525,32713.6473979597,1051.6623045243,0
66,81,5.87584910812937,4667.2500893368,23.4391072728319,11.9341058603201,12.2112079342677,18.3412325922863,30885.2030901732,24950.6729465578,292.483771117529,0
67,82,5.83586631726286,3804.20290188555,23.4331745923928,13.6747804035452,14.0458878976917,21.0312160618981,30869.6043361974,24938.1406783027,309.756443530614,0
67,83,6.23756716771672,4174.01882459992,23.3860598529214,12.8459883332216,13.170800365672,19.7500055478754,30784.3433686298,31777.0589948206,724.044129375491,0
68,84,6.12048437532749,5490.68905259992,23.3860598529214,10.7296624982888,10.9469940011316,16.4813670970281,30787.9611290827,31782.0268794356,717.106856974157,0
68,85,5.82807034297233,3453.7496453368,23.4391072728319,14.601064117226,15.0258655600409,22.4636708046866,30883.9326071737,24964.0002577741,317.542103256046,0
69,86,5.71296940266975,3753.38891988555,23.4331745923928,13.7993603123259,14.1775427459783,21.2238329268852,30865.6393319152,24963.9919003064,343.752694618777,0
69,87,9.72621466210758,3914.37185105358,23.2198268959395,13.3936378777825,13.7471506260749,20.596083491827,30939.8242132152,32962.8280784122,-1126.09552511224,0
70,88,5.99140645047633,3970.20519490573,23.5015403020021,13.2943469766861,13.6446907557181,20.4432475913381,30880.5794304847,24953.7883488774,308.770139777691,0
70,89,9.49768905198629,4070.87510564624,23.2552439118324,13.0500350690698,13.3848957987299,20.0650649558637,30958.056444941,32988.6540908335,-1110.55407767339,0
71,90,5.95821564480028,3541.85477532426,23.4962063590493,14.3591704699154,14.770258653042,22.0896789099184,30862.2797214668,24944.1389345132,313.042020463709,0
71,91,9.5226474531702,3853.14809564624,23.2552439118324,13.5397421796412,13.9017157190384,20.8220252224426,30965.9102057984,32956.5257705251,-1113.42664500578,0
72,92,6.37424579007672,6002.78290369773,23.561485416074,10.1417030945221,10.3328648609385,15.5742847702894,29376.3131810966,31344.6559972709,739.837000754559,0
72,93,5.94269262711022,3865.87926132426,23.4962063590493,13.5337904284808,13.8974785658632,20.8133889752509,30861.4751244698,24956.7816120109,322.250387198689,0
73,94,5.91929228691504,4160.78537532426,23.4962063590493,12.8833224604832,13.2110326437833,19.8079437905701,30874.9959513949,24945.2245549518,272.446405962725,0
73,95,6.34027649371156,5789.19678169773,23.561485416074,10.3805647837127,10.5826485284232,15.9428724961656,29370.8428058383,31323.7536508112,775.683967576156,0
74,96,6.23608463269252,5825.49562969773,23.561485416074,10.3388920416858,10.5390553909423,15.8785631575962,29374.9516578759,31323.6062573918,743.465688102857,0
74,97,5.88510931366676,4229.74878132426,23.4962063590493,12.742918655096,13.0630282155774,19.5909632286557,30873.4874003087,24962.6230965442,314.075537882132,0
75,98,6.22639722135992,6021.08650969773,23.561485416074,10.1219230757901,10.3121897290171,15.5437647607266,29359.838732608,31318.5455831649,731.999948250995,0
75,99,5.91556838005814,4085.05998732426,23.4962063590493,13.0423452649495,13.3787356421602,20.0537178365366,30866.122163188,24950.858951427,316.288410340879,0
76,100,6.27662648767757,5847.41149969773,23.561485416074,10.313950702191,10.5129676857438,15.8400745270711,29362.432040995,31341.5650982206,756.537041881696,0
76,101,5.86791303161919,4260.01250532426,23.4962063590493,12.6825823977945,12.9994440902733,19.4977243828797,30877.1546409929,24957.5340115475,283.882831297052,0
77,102,5.72376632898863,4053.98130132426,23.4962063590493,13.1091404937474,13.4491993683775,20.156957831194,30876.7345134978,24968.7501989209,320.927531607436,0
77,103,6.20439674609376,5421.05421769773,23.561485416074,10.8306495436946,11.053869008266,16.6375510325604,29361.8324391023,31328.9615692814,760.50124975107,0
78,104,5.79174809567327,3731.87307732426,23.4962063590493,13.8595566477522,14.2417245733951,21.3170606006949,30869.5916340644,24949.7689703726,281.344741272752,0
79,105,6.00584268353755,3587.12900290573,23.5015403020021,14.2364022455638,14.6403683264434,21.8998221103872,30886.7097683925,24963.2070704835,298.143361430238,0
80,106,6.0313075344101,3994.75538402865,23.5205017970439,13.241324049898,13.5888812401555,20.3613290052081,30877.743160927,24964.7920324838,286.431714476487,0
81,107,6.01278924590755,3691.9221329106,23.5163507152188,13.9628772869337,14.3511466710369,21.4768722097038,30869.2889657235,24941.0814877592,305.375562083678,0
82,108,5.77669780358405,3791.4576269106,23.5163507152188,13.7142130266216,14.0882721481241,21.0923804257301,30867.8894657702,24952.8022090375,342.498011598267,0
83,109,5.70551240987834,3590.55625802865,23.5205017970439,14.2292285579388,14.6329482539632,21.8887750412411,30879.4858188984,24967.0203516301,303.699054706047,0
83,110,5.93779119388134,5374.08816677061,23.2966405571937,10.873678575787,11.0972871129069,16.7035126934516,31803.4570796067,31574.6309311078,434.250297693125,0
84,111,6.01697217433166,3828.76744802865,23.5205017970439,13.6244089983035,13.9934146457076,20.9535444376835,30888.398101493,24964.6004581456,280.462335454005,0
84,112,5.8363562966094,3753.74851898658,23.2822388798788,13.7829024675301,14.1588324883033,21.1980236654296,31806.1277449242,31600.0338139889,442.818609141447,0
85,113,5.93383294153824,4294.7957789106,23.5163507152188,12.6159524617097,12.9293955781784,19.3948061326463,30875.262173859,24960.4188928803,264.827255808031,0
85,114,5.69319235156468,3987.52944077061,23.2966405571937,13.2358504062445,13.5812589927869,20.3523592089856,31817.2149299408,31601.8787163126,400.740761576692,0
86,115,6.07897292428996,4520.9367209106,23.5163507152188,12.1939640754909,12.4850853822972,18.7428066282733,30878.6719829159,24954.1923801266,295.024903041866,0
86,116,5.86637467966801,4092.00180098658,23.2822388798788,13.0075274480367,13.3402865201789,19.9994285755117,31802.5456635023,31613.5252342062,378.739972913036,0
87,117,5.88224191041858,4124.64270602865,23.5205017970439,12.9608219439336,13.2929469745425,19.9277722680389,30881.4239575979,24962.9501116837,307.106883079592,0
87,118,5.79775313560774,3480.82131077061,23.2966405571937,14.5076199564654,14.9255758558788,22.318770155957,31789.3295302622,31590.7166869623,383.081390336745,0
88,119,5.90072664690035,4430.2336529106,23.5163507152188,12.3586262604016,12.6583916539254,18.9972023478265,30867.2398276015,24951.5491232108,287.622207304102,0
88,120,6.14788067111328,2585.27221705305,23.3639221452628,17.8374237341495,18.4659173950935,27.4729675233641,31564.0812715228,31098.0735883824,189.103341825795,0
89,121,5.98734609352784,3643.0904909106,23.5163507152188,14.0893150194319,14.4848763832018,21.6723920691393,30867.2959021821,24954.7991272832,252.760889828007,0
90,122,6.03813030720267,3460.49508963169,23.4963062061119,14.5881140982248,15.012684210928,22.4437873352833,30877.6387367653,24954.6192221993,297.366749449923,0
91,123,5.89157212088088,4095.86670873307,23.4942229877661,13.0191458589488,13.354249251953,20.0178568399148,30878.1626528863,24961.171845941,295.902421613874,0
92,124,6.02911630070625,4078.78693563169,23.4963062061119,13.0557637549306,13.3928908374226,20.0744576443479,30873.1869377345,24948.1823868809,299.61044706751,0
93,125,5.84636586140681,4158.35447073307,23.4942229877661,12.8881651922449,13.2161228661816,19.8154237184441,30884.9526310081,24963.9809382443,307.325762354087,0
93,126,8.00975324236372,4117.08477227505,22.8593736101599,12.9150670629723,13.2393820858654,19.8555913609196,30447.3172972901,17002.7563293707,1251.02417884608,0
94,127,5.87529495688139,4138.90551273307,23.4942229877661,12.9285545335328,13.2587101845473,19.877844715206,30869.2973042054,24945.3808489193,306.363095161216,0
95,128,5.83214106921397,4125.65826363169,23.4963062061119,12.956451783207,13.288145092003,19.9209647821307,30881.884849307,24949.9395024344,316.364927146511,0
96,129,6.04638346580255,3754.44168273307,23.4942229877661,13.8030323492784,14.1819549603061,21.2296569340456,30850.5339664708,24955.6623453068,271.739507729967,0
97,130,5.72463881500636,837.518602463587,23.4326948119764,42.0030669970733,44.6511721514773,65.0164664993926,29864.1263891494,25104.4371448622,352.729408152566,0
104,131,7.11662279952954,3866.07034490588,23.0313219461822,13.4868859169059,13.8439888314865,20.7397870988127,33026.7615765134,18545.138281443,-111.55746629105,0
107,132,9.56981417884004,5852.47271139389,23.0912306701982,10.2786716195467,10.4733220576902,15.7848737709477,32269.286162995,17816.2804515653,-1145.66088078575,0
108,133,10.0368095945408,6783.86414739389,23.0912306701982,9.35603794880564,9.5103667337794,14.3616686718575,32271.0611814213,17818.2216983935,-1094.28289122362,0
108,134,5.92107673660494,5631.60675688525,22.9951073139614,10.5297512029802,10.7353306431768,16.1721623114683,31191.7041826752,17297.2931117014,-516.867876293637,0
108,135,6.28023021819431,5166.2181721988,22.9085289394285,11.1277344953042,11.3610157727627,17.095008037545,33143.0244856056,18535.5316490417,-191.844344264084,0
109,136,9.48490510217309,6052.44676539389,23.0912306701982,10.0598183609701,10.2446170595995,15.4472036750497,32206.7657650248,17838.9645221963,-1100.60861147478,0
109,137,6.15147007188332,5154.54562288525,22.9951073139614,11.1504055458834,11.3853557887665,17.1301663656278,31242.5921549335,17274.1260031718,-341.523496656791,0
109,138,5.86865530273539,4173.77849600568,22.8563845269777,12.7977896752138,13.1157790638741,19.6743567112704,33656.9894694629,18613.3442127108,649.592592064715,0
110,139,6.66529942209085,5099.0334493155,22.9887931052538,11.2287507978626,11.4674604632425,17.251109430114,31190.1546963408,17259.1973879525,-435.836611769144,0
110,140,3.8632341537335,3952.56707617978,22.9056595277625,13.2759800098839,13.620335597324,20.4134860359691,33254.6348512329,18963.5800012947,591.250124357595,0
111,141,9.52455245496008,6183.50646264431,23.1109988228439,9.92427224972565,10.1031683985367,15.238123592584,32240.3693205955,17795.129579627,-1098.87681721804,0
111,142,6.32024731942661,5261.39574783911,23.0170878981696,11.0043953759426,11.2324591505168,16.9048006712244,31217.0618788832,17234.7823660719,-447.007542311487,0
112,143,6.00323871136506,5582.2178113155,22.9887931052538,10.5892601857423,10.7975584694883,16.2639899868344,31201.420955424,17183.4271225589,-497.832002944747,0
112,144,6.34271580143638,5698.08254817498,23.0385016766829,10.4533475613252,10.6556672593155,16.0543285061942,33084.0501456463,18551.2616415239,-152.665558340443,0
113,145,6.24172949951955,5822.3232373155,22.9887931052538,10.3062998062622,10.5015993282293,15.8273369760747,31191.2695939533,17305.2700898381,-381.320889809589,0
113,146,6.66249570031687,5343.75028617498,23.0385016766829,10.8956654167821,11.1186773155796,16.7369977058114,33111.3808687128,18550.1913179699,-166.474447126196,0
114,147,10.1642272374325,5986.68955136617,23.1324144226603,10.1329076534106,10.3212147014401,15.5600340304379,32166.0644189079,17869.2571172076,-1307.10803437995,0
114,148,6.65928565976321,4901.79859617498,23.0385016766829,11.5252231635716,11.7788484255177,17.7089694629309,33094.3328947098,18512.5236094695,-204.946290431979,0
114,149,6.47960912379354,4613.51551021056,22.9777192095254,11.9876504779686,12.2641554547899,18.4230158827647,31173.4440123662,17355.3892324178,-263.481893034284,0
115,150,9.25238467238117,6011.08693464431,23.1109988228439,10.1052504708363,10.2921935903005,15.5173286713104,32206.4758939896,17803.3073810645,-1102.85376151089,0
123,151,6.53547262286081,3848.47160413141,21.907036698709,13.4138409870538,13.7571176928799,20.6241807461295,34795.8211228915,14083.6688455458,794.015388788964,0
123,152,5.78871479169515,1827.48456277423,22.500250498459,22.7056167260612,23.6689144893389,35.0159005921,34425.1729725408,22666.0443325256,41.5343117652943,0
123,153,5.54232119095853,3446.64765622409,21.3376049278403,14.379158451701,14.770817150004,22.1149146057641,35103.5044232364,13417.5728367753,-201.268413186137,0
124,154,6.569045464343,3948.51079131048,21.963063346775,13.1918355810575,13.5235580976734,20.2812207808245,34777.5394392183,14097.3298290575,868.307295097196,0
124,155,5.87574739349807,2362.64906627273,22.8318590625574,18.921446197198,19.6167401685775,29.1504445946512,33418.3564496021,29272.7367043747,589.806328663547,0
124,156,5.91836119760913,933.184910774229,22.500250498459,38.0108416488789,40.2645562958762,58.7969885051315,34440.3530429054,22620.9012793908,36.9835939037558,0
125,157,6.0153567612558,4113.64998827273,22.8318590625574,12.9196651714466,13.2440040553529,19.8626352096721,33428.7149963843,29257.5538390007,598.239797645127,0
125,158,6.74240229735478,4148.26749013141,21.907036698709,12.7611141633212,13.0694079369396,19.6155505842849,34788.3815225527,14091.9346051832,835.941109639267,0
126,159,5.68377434986952,3075.50138807456,23.1054719276971,15.7677208873396,16.2598685616342,24.2677698325854,30111.6576714833,26673.2933785959,98.0525389641516,0
127,160,3.25792142304297,1453.83713807456,23.1054719276971,27.1066085250427,28.4269940733219,41.8500639584173,30062.1160703348,26088.468135923,-491.570849309262,0
130,161,5.90408394336678,3149.53178542735,23.0846081697723,15.5088407312465,15.984831631563,23.8671079463716,32532.3305214764,17558.6945923374,94.2809617472035,0
131,162,5.58900998938111,4629.10174009848,23.0962510987041,11.9708038475288,12.247312238252,18.3972336558451,32529.8645068252,17609.1183896553,124.126715858129,0
132,163,5.55114335984229,2546.01481609848,23.0962510987041,17.9883963655592,18.6237298303651,27.7059123758345,32523.7973341628,17612.9105126585,158.156226098995,0
135,164,6.33315599098657,2798.33252418963,22.8453416191415,16.7979230346993,17.3521678630908,25.8615797303591,29079.5829360526,25646.3109776868,278.660314106265,0
157,165,5.8064375604435,3186.81251195271,22.6424493005001,15.3286615299438,15.7891520946123,23.5870769800204,32060.0412498345,22546.2253894321,500.085094100347,0
158,166,5.82317376590254,3398.61452795271,22.6424493005001,14.6699076392882,15.0911678039483,22.5680584396553,32064.0832108311,22549.840682941,478.575120273443,0
159,167,5.93962442918764,3003.77645195271,22.6424493005001,15.9650342177885,16.4644750796859,24.5717631887356,32064.7162029719,22542.9432614942,453.556408187181,0
160,168,5.75400277744104,3611.11634035991,22.2968497946934,14.041433413654,14.4231558307545,21.5952956472716,33447.5524696947,24665.206385986,-95.4501941919292,0
161,169,5.60310264751118,2762.67482035991,22.2968497946934,16.867928868867,17.4202870004178,25.968202775349,33480.5507277169,24635.4133173938,-113.931240116294,0
166,170,8.75357131382417,5209.904481217,21.5220213651005,10.9660079182026,11.1823029932069,16.842796890491,37340.4029849988,16848.1874554609,-1424.90226884149,0
167,171,5.47901866013607,5150.01981000027,23.1961365978003,11.1713938551111,11.4086908983667,17.1629366123552,30548.8886840339,30325.435346789,-48.2353257099119,0
167,172,9.15286771754893,4916.56221321699,21.5220213651005,11.3848253724509,11.6208992982684,17.4892467687563,37330.0540671597,16894.7287108982,-1516.89828432036,0
167,173,4.97014485428289,3604.36178455132,20.5661968206779,13.8661564872778,14.2216449770806,21.3198048814295,38295.8480806325,16670.1259382844,547.024254342999,0
168,174,5.58891471448884,4951.09598693232,23.1732718122893,11.4603521615198,11.7116849799967,17.6090536483419,30563.4821038823,30318.0830007268,-29.935168646837,0
168,175,9.22742702625645,4643.726151217,21.5220213651005,11.8157598385601,12.0727919689741,18.1545657091973,37351.7532568228,16856.8823995775,-1472.64266834437,0
168,176,4.32111851172345,3407.26912035528,20.4103252190209,14.3798378347027,14.7621427588236,22.113375426694,38302.8646402414,16728.9843265703,648.985321557352,0
169,177,5.54851657432115,5190.23226893232,23.1732718122893,11.1133712681378,11.3477027577917,17.073315930089,30578.9492282665,30325.2442241226,-45.9719998056768,0
169,178,9.41570610376881,5134.223145217,21.5220213651005,11.0700428236829,11.2911957426437,17.0033609036509,37329.51994237,16852.8321733817,-1459.43316906716,0
169,179,4.57654321292347,3609.86426835528,20.4103252190209,13.8343848139334,14.186616744235,21.2702809862165,38339.6006651985,16747.4327292802,742.338605867977,0
170,180,5.42225425278781,4939.54421745695,23.1351098150783,11.4749562206897,11.7267519112186,17.6315324587143,30548.9481980634,30324.7039021521,-61.765925281275,0
170,181,9.09065652441394,5056.52620165547,21.4395596175798,11.173386739655,11.3988229015705,17.1627084496155,37322.3553568758,16859.730936361,-1421.37017872925,0
171,182,5.86786951066687,4496.88988840752,23.0513669667537,12.1978252266149,12.485699451459,18.7478197160716,31344.3639784536,31479.2381933771,310.346344848062,0
171,183,9.21622252004035,4913.48935765547,21.4395596175798,11.3829459177174,11.6183359416681,17.4861813205199,37315.3930756829,16870.7579965287,-1443.62873675782,0
172,184,9.38658000118691,5099.80729165546,21.4395596175798,11.1120114861669,11.3345602624133,17.0679780309691,37319.0189021617,16855.8183635791,-1440.50216139119,0
172,185,4.92668340892246,3630.87246678986,20.3647829913563,13.7758026622251,14.1244096232524,21.1796227800683,38300.9213263621,16678.4913611649,576.39250692768,0
178,186,6.08421345962824,1481.3763762125,22.7435468638768,26.6162999495011,27.8897872371789,41.0867024159036,27248.838892477,25322.870015216,537.54606034788,0
179,187,5.78998801927839,2335.74577507586,22.7606399838376,19.06371053865,19.7678501339719,29.3706142602575,27265.8607377485,25365.7361015286,556.53093800908,0
180,188,6.13127126896243,3305.40468482302,22.753087965412,14.9637495134461,15.4034686816827,23.0228636338367,27256.6421229325,25352.8096988944,532.215871315454,0
181,189,6.06725225733441,2656.93721882302,22.753087965412,17.4037535843942,17.9961791656877,26.7993087176164,27251.4845774247,25332.5772976584,541.299193031588,0
182,190,6.15772610304078,3656.45484049815,22.9446466025748,13.9935626399719,14.3784916088718,21.5229145982653,26732.363625958,26608.8352709227,779.740158900399,0
183,191,6.33310119751535,4026.88810849815,22.9446466025748,13.1154265696475,13.4513097757865,20.1654267831266,26720.2176745039,26637.6237329149,762.256145091286,0
184,192,6.52444333586324,3542.55839449815,22.9446466025748,14.2963953715442,14.6987435539947,21.9911942936627,26711.3594101791,26605.6770735117,773.365004206401,0
185,193,6.37526036993338,3008.21727577151,22.9689457706774,15.9923438553584,16.4969998225055,24.6149966154361,26725.1298931201,26642.3588697801,714.701387059659,0
186,194,8.87742673831946,2579.19867695164,23.0667758888804,17.8201830702667,18.4439132461938,27.4452689364715,27090.1717017274,27348.4312372913,-1409.18588938927,0
187,195,8.49648324252498,2595.44532024998,23.0681784778945,17.7417566038864,18.3602846565537,27.3238057765033,27041.9390755182,27387.6255368582,-1385.80684145011,0
188,196,8.69271534721909,3372.08208024998,23.0681784778945,14.7982721645827,15.2312351353273,22.7677424254472,27070.144054104,27373.5449091687,-1434.05214050573,0
189,197,8.48776202269984,3769.10073024998,23.0681784778945,13.7229843023303,14.0936495614811,21.1048689730951,27047.6566995498,27370.4149068535,-1317.36621010909,0
190,198,8.70982465803116,3076.79985058765,23.0533172144962,15.7563741627843,16.2472733074455,24.2500599594296,27046.6625389049,27365.6894335837,-1370.27709869108,0
191,199,8.55232209731979,3031.75668058765,23.0533172144962,15.9175825341909,16.4184819673279,24.499541041742,27025.3203112414,27377.7395983598,-1321.19772893358,0
192,200,8.62389128177601,2911.56079858765,23.0533172144962,16.3698145274276,16.8991058084935,25.1994942687641,27054.9577380955,27343.3367813857,-1393.89794362782,0
193,201,8.91570066411334,3221.70890458765,23.0533172144962,15.2654935570493,15.7263418313607,23.4904982123698,27070.3917840614,27339.2013207683,-1387.39971103462,0
194,202,8.74199309952605,3599.54290858765,23.0533172144962,14.1545509308238,14.5497021602672,21.7721210458389,27052.9938130264,27393.2045552078,-1370.31846473262,0
195,203,8.17714189510338,4786.14252755478,22.0224633407378,11.6258274812243,11.8772183896378,17.8623232182523,34689.1777622089,21623.0752975338,-1443.34119499816,0
195,204,8.61689153807563,2740.44080458765,23.0533172144962,17.0754869686869,17.6500498225554,26.2919825676227,27041.1181176514,27391.2003998583,-1359.16359872284,0
196,205,8.39473091656918,5000.35347922072,21.992901749884,11.2970126029059,11.5322118694724,17.3546112450918,34720.4525853871,21612.9465212072,-1428.45075283567,0
196,206,8.88610273881287,2847.77350258765,23.0533172144962,16.6238446250917,17.1692990415072,25.5927346664767,27038.6732733529,27370.3493617914,-1296.55711668845,0
196,207,8.6000744723399,4109.37458717226,22.1716257999698,12.8662132119919,13.1822613252407,19.7785411585671,34736.9079028686,21613.6562378123,-1428.73811598325,0
196,208,4.63849814328276,3311.07996493098,21.6832271780129,14.816787429144,15.2370873662958,22.7925900119187,35554.8456059028,21416.4761151658,444.420595687491,0
197,209,6.10638377421819,1742.79439707211,22.2906282617315,23.460303067526,24.4772207692598,36.1857168687101,27801.6037363363,20608.6303153931,595.347951460796,0
198,210,6.07237370305328,1667.97207507211,22.2906282617315,24.2340274610714,25.3103881831177,37.3862806116075,27837.3034011037,20638.6996252483,587.426258918046,0
199,211,5.91161877636658,1847.68220907211,22.2906282617315,22.4744485489878,23.4169457984701,34.656366906241,27860.0375150142,20661.7125696368,558.065365725719,0
200,212,6.20053357278179,1428.26846754385,22.3220957580042,27.2304151921324,28.545405924988,42.0380465571538,27827.6808449836,20653.3358562179,573.952836706751,0
201,213,6.18690454323451,1326.79468554386,22.3220957580042,28.8000142425619,30.2441388189451,44.4759518629127,27842.188963516,20649.7795344692,627.450615647741,0
202,214,7.78706901028469,3026.78963755535,22.048909243242,15.8019310792008,16.2848768122761,24.317592989122,29162.3650511128,17782.1225124891,1258.25569122219,0
203,215,8.52586940010813,2404.89211050468,21.9589053915046,18.5335910021897,19.1908896485725,28.54637304362,28939.2200522763,17378.8202300084,-1363.58012962942,0
204,216,8.40068481987508,2413.10780850468,21.9589053915046,18.4889994388399,19.1433036807366,28.4773016687396,28908.7143197593,17382.831251648,-1301.36776440041,0
205,217,8.73569486143244,2341.56736050468,21.9589053915046,18.8868935323141,19.5680621486234,29.0936711493179,28914.3381074804,17362.2203283149,-1390.70737504312,0
206,218,8.30499334278426,2281.45840650468,21.9589053915046,19.2388514235052,19.9440512515553,29.6389559568088,28932.810801865,17355.0156276291,-1379.0683665337,0
207,219,8.75347817422189,2601.71644650468,21.9589053915046,17.5363890771332,18.127732816369,27.0020070438853,28894.9742591683,17373.5118506598,-1420.50625961633,0
208,220,8.5989062314446,2593.39061850468,21.9589053915046,17.5757675780033,18.1696749581138,27.0629812406931,28939.9658235587,17358.217871159,-1424.91624526817,0
209,221,8.67568756898291,2269.76260050468,21.9589053915046,19.3093206224814,20.0193617283646,29.7481413989237,28928.1152181773,17382.1726239391,-1366.92558560765,0
210,222,8.65794963810561,3123.80287375011,22.0001840972502,15.4572992956852,15.9188261635104,23.7842399904794,28868.2004506944,17369.66384335,-1323.60183910592,0
211,223,8.98167224658367,2842.17794296965,22.050916366051,16.5033909584843,17.0298020910522,25.4031372874332,28882.7841104811,17361.9087535817,-1461.00749477738,0
212,224,8.3033567990854,2691.29984296965,22.050916366051,17.1408634518036,17.7077664766671,26.3899304156606,28934.9053289374,17394.5876661041,-1410.39405760904,0
213,225,8.33468094997393,2392.27486696965,22.050916366051,18.6187363127995,19.2830007987679,28.6786051273535,28880.4309397236,17344.5663941433,-1344.41905546541,0
214,226,8.90014528666964,2266.59451096965,22.050916366051,19.3456576408877,20.0594938944272,29.8048000312206,28923.9523654806,17359.9811907943,-1413.14910144131,0
215,227,8.75990915207085,2088.24998896965,22.050916366051,20.5144051416927,21.3101071982786,31.6161005305794,28915.0479192033,17359.2474079326,-1407.9715381695,0
216,228,8.52045917005856,2248.20280096965,22.050916366051,19.458278502077,20.1798892701654,29.9793058835661,28909.753249754,17386.9328375822,-1366.81363522737,0
217,229,8.8465564671987,2199.32710696965,22.050916366051,19.7659710221131,20.5089486535365,30.456109867726,28914.3081741199,17384.5533862349,-1417.13221935811,0
218,230,8.94561892632152,2235.25151296965,22.050916366051,19.5386067263794,20.2657779415659,30.1037785457602,28907.8680024698,17376.5570277878,-1375.00705137393,0
219,231,8.44133598506997,2266.22006896965,22.050916366051,19.3479337668523,20.0619269004009,29.8083268165781,28898.8775546182,17359.6792192095,-1411.14639267702,0
220,232,8.71071780922827,2455.2423925545,22.141444404643,18.2956319056858,18.9393967341059,28.1784531506325,28933.4226117119,17377.8853825777,-1354.92180990845,0
221,233,8.0581433862202,1829.5718365545,22.141444404643,22.6018385528746,23.5513780119454,34.8532756553269,28888.0105548493,17341.0937158604,-1387.83634827937,0
227,234,5.65544008032807,3617.78134197296,22.9810767447513,14.0984132857532,14.4896764542944,21.685132016397,30138.2776698704,28694.8214471107,-164.168090858296,0
228,235,5.4964303588105,3651.65732997296,22.9810767447513,14.009876620149,14.3960665559287,21.5482303461257,30136.5923488744,28684.2181444117,-112.860711608345,0
229,236,5.44209143043,2554.35764027782,23.0254005045023,17.935584427768,18.5665086498141,27.6238701640096,29675.2238996291,28611.5468841692,2.79974808910903,0
244,237,6.42132174608816,5738.55231707924,22.8893163234805,10.3962419294861,10.595043401143,15.9659578904962,32214.7782167887,32563.4990579463,859.387223700847,0
245,238,6.48248942531069,5904.05568107924,22.8893163234805,10.2083500805557,10.3986333992379,15.6760418562814,32197.751276969,32579.3090250614,838.242014575303,0
246,239,6.49072974701768,5859.05656307924,22.8893163234805,10.2585190244029,10.4510642809133,15.7534488204362,32203.1120193266,32565.1180997031,831.522021296041,0
247,240,6.40801968272688,5601.94706507924,22.8893163234805,10.5586072278717,10.7648716403677,16.2165145835424,32207.2339408789,32556.2090881911,850.513447473032,0
247,241,7.86174270574667,3590.28749627869,22.2538933355539,14.0915686268578,14.4757348935638,21.6727000647681,28575.7495870584,17870.4745000883,1217.34992231338,0
248,242,6.39912587857976,5712.58366307924,22.8893163234805,10.4265848470286,10.6267738483731,16.0127801052506,32201.7346566509,32564.4317063762,879.220583764263,0
248,243,7.30447097386545,2766.73535627869,22.2538933355539,16.844344544923,17.3946927583285,25.9315537929802,28556.760929076,17918.6995297042,1208.78448654116,0
249,244,6.48755223248825,5553.44581307924,22.8893163234805,10.6179315773381,10.8269461262131,16.3080683366054,32203.0601257148,32574.9306481775,821.497475418439,0
250,245,6.45418173601627,5601.91115523436,22.846373132261,10.5557965302325,10.7616662274574,16.2121037833245,32210.2633813616,32567.3224711201,880.015103677758,0
250,246,6.4369383510758,1764.82422283331,22.4730356491221,23.2890422382593,24.2960447948264,35.9208723525089,27857.9094132673,20041.8946462786,681.409299805358,0
251,247,6.47430806445305,5786.55511323436,22.846373132261,10.3380270826405,10.5339186438547,15.876057869123,32208.041991517,32571.6168064756,834.238548203742,0
251,248,6.25995205931601,1909.24870483331,22.4730356491221,21.9838748934918,22.8928468176346,33.89631244945,27902.4116031214,20056.918304871,598.404965798425,0
252,249,6.88945178394558,5395.31806334931,22.8007566634871,10.8116709222454,11.0291879912993,16.6069287499416,32424.830550993,32513.3143357405,946.922972807315,0
252,250,6.34381052265867,1843.31235300642,22.438543499982,22.5480579856627,23.4985039508692,34.7712165875771,27893.1859478803,20012.6316301546,564.081049530635,0
253,251,7.72489158992866,5292.98279232304,22.3474930124504,10.914202732782,11.1336058490724,16.7643706604935,30637.4853833795,16331.5880102085,1165.02303233562,0
253,252,6.68711277762382,5303.97190365097,22.7748729448287,10.9299330157767,11.1528727116192,16.7894228500015,32483.8464551647,32460.4392492698,966.391326635618,0
254,253,7.52440286596199,5139.06510432303,22.3474930124504,11.1246868965821,11.3540682331421,17.0892659638778,30635.0006065221,16360.7014554514,1223.30812622177,0
254,254,6.72125036959125,4907.41579965097,22.7748729448287,11.4963021217638,11.7466646378478,17.6638056269406,32484.536311997,32477.7017139391,938.546389620891,0
255,255,7.76519370612608,5367.07825632303,22.3474930124504,10.8166576816826,11.0314881588526,16.6138179853124,30620.4416948839,16354.4834350934,1200.10803740389,0
255,256,6.97059225224655,5879.07076365097,22.7748729448287,10.2289099682582,10.419443306706,15.7075769659417,32470.6986140408,32466.2524850678,968.498395680816,0
255,257,7.66367353469696,4562.9280029686,22.1019639480785,12.0013930041083,12.2720762506672,18.4424407648345,30614.0402701951,16358.8839429071,1207.36208474911,0
256,258,7.7352652911989,5089.00000632303,22.3474930124504,11.1955538830071,11.4283286629116,17.1986628257398,30637.9202830932,16357.6748545688,1188.52839334714,0
256,259,6.94062669613803,6013.05492165097,22.7748729448287,10.0825129762896,10.2665008693823,15.4817123563973,32466.500452984,32461.1866061547,958.46888607555,0
257,260,6.97261056340789,5511.43479765097,22.7748729448287,10.6623044316826,10.872667746247,16.3763519725471,32495.1900974196,32486.2295503993,964.919553288519,0
257,261,7.81764926918175,5218.88732832304,22.3474930124504,11.0141702002066,11.2382935006196,16.918671447144,30648.5878361999,16341.8331729815,1187.52568929858,0
258,262,7.86476888936595,5362.87129032303,22.3474930124504,10.8221328248669,11.0372190896351,16.6222681746388,30640.1479030387,16326.6733188662,1160.76249543181,0
258,263,6.80211593354757,4994.66078565097,22.7748729448287,11.3649250034869,11.6088302985849,17.4609541694434,32479.0553478598,32467.0187160582,977.886822012771,0
259,264,7.78091503448783,5241.26574432303,22.3474930124504,10.9837168266484,11.2063985745457,16.8716653657937,30622.6577013403,16348.43149976,1189.73921193609,0
260,265,7.33313230323698,4686.65374639775,22.4129289052459,11.8184110645145,12.0822107489092,18.160492658623,30900.2181955418,16335.8664439764,1191.72440732934,0
260,266,6.9926073170166,4274.52261074083,22.1636767651799,12.5340668898047,12.8325575712947,19.2653566314029,30864.1278878375,16339.557195971,1190.41725234122,0
261,267,7.51891431097232,4013.81307694514,22.4232919387791,13.093515994303,13.4238561426565,20.1303642508492,31094.8021613979,16353.1811835026,1098.2861933226,0
262,268,7.57300883875034,4375.45797094514,22.4232919387791,12.3654351119141,12.6572073391327,19.0054169256997,31111.2604909259,16362.0528767942,1133.63569789987,0
263,269,7.55395457316728,4298.63128294514,22.4232919387791,12.5109967782425,12.810350439715,19.2302867875698,31096.6695363669,16361.7971223541,1108.05944998706,0
264,270,7.70262713357164,4303.25674294514,22.4232919387791,12.5021028270128,12.8009913779786,19.2165465188998,31113.3642502459,16364.4266320951,1123.42203464283,0
265,271,7.51881443876894,4462.92321694514,22.4232919387791,12.20513013755,12.4886293080889,18.7577918490175,31119.0313377762,16335.8980619916,1084.18662574243,0
266,272,7.66579566390854,4364.79738694514,22.4232919387791,12.3853621125937,12.6781683396258,19.0361999435945,31116.8305947799,16364.4724408636,1093.27775885929,0
267,273,7.6443290064723,4438.54043494514,22.4232919387791,12.2492563134898,12.535024736051,18.8259519030376,31096.4569154761,16369.5260535647,1070.63130478508,0
268,274,7.43276651078988,4383.67366894514,22.4232919387791,12.3501367141741,12.6411159547927,18.9817843535361,31091.7870414957,16372.7280245341,1076.16927637713,0
269,275,7.50361840897924,3082.59784894514,22.4232919387791,15.6540356522412,16.1319909853605,24.0898671290757,31107.5491106695,16385.744398438,1083.30020510698,0
269,276,6.62995217594633,3675.33341256851,21.9811012756723,13.8417263321762,14.2092918044967,21.2857458523938,35562.9345774699,22880.3532532214,919.369717437119,0
270,277,7.07165262920705,3209.94178638051,22.398384971354,15.222498880998,15.6740933809198,23.4221461924577,34982.5368065416,20564.3019172113,989.826296784008,0
271,278,7.04557535903989,3212.32059438051,22.398384971354,15.2147902612185,15.6659229249697,23.4102210610256,34971.5245370031,20587.8214143361,998.669875207486,0
272,279,7.2180187003641,3159.96479238051,22.398384971354,15.3868673967737,15.848345719472,23.6764320227635,34975.2347923081,20595.8625159895,931.564313534724,0
273,280,6.97074517310538,3514.56185564333,22.3960635708505,14.311920441285,14.710016960719,22.0137831587226,34985.4305442022,20600.1959808513,958.845198097253,0
274,281,7.13465556180555,3048.78739799636,22.346336860758,15.7630142612452,16.2468082006881,24.2582652187943,34980.7976058466,20591.814485649,957.18208860285,0
275,282,7.03727487996178,3680.30750564333,22.3960635708505,13.8737725871139,14.2469369272999,21.3363355690312,34951.6422404099,20597.5705060777,946.15113378769,0
276,283,6.9382745422531,3567.49033364333,22.3960635708505,14.1680446801951,14.5578956320632,21.7913118841833,34990.9208485914,20591.8969709275,982.364332384092,0
277,284,7.08396252340417,3578.32712564333,22.3960635708505,14.1390575821805,14.5272541595249,21.7464917894788,34988.5233463995,20574.4704826134,964.933482459999,0
278,285,5.94674553514713,3912.69882820289,22.9998250676885,13.3757350810146,13.7263936260933,20.5678966603995,28648.2155348131,23717.7266670485,528.117498282542,0
278,286,7.04538932386546,3461.72099238051,22.398384971354,14.4597524102601,14.8664023933134,22.2423940871278,34977.1484692957,20577.4502301112,921.184118287167,0
279,287,5.95313885144099,4743.93804220289,22.9998250676885,11.7718864968721,12.0375908368965,18.0898145543511,28642.5913686781,23707.6810337599,533.798517783989,0
279,288,7.10781361189629,3633.52379238051,22.398384971354,13.9940705742001,14.3740486234318,21.5223271141625,34953.1084831609,20586.9473796079,976.993262279677,0
280,289,6.16978715387324,4601.62717068343,23.0238929571393,12.0118333705811,12.289914643285,18.4604621509147,28638.5855291432,23721.2851849892,522.157098079127,0
280,290,6.89979003473582,3368.69167193215,22.4312733661458,14.7335195709605,15.1564481980056,22.6658748818311,34973.1275535321,20601.187687044,990.129022718272,0
281,291,6.10969497179349,3673.15639659105,23.0185158948376,13.9584264265423,14.342014313458,21.468769798705,28672.0184898425,23759.7303207389,547.59609451851,0
282,292,6.18449142041761,2966.59061784965,23.0258200989308,16.1549297367521,16.6703708161168,24.8668020730862,28758.599594798,23913.4787888669,665.290489712296,0
283,293,6.34316771682926,3360.59170584965,23.0258200989308,14.8278059866405,15.2621133816707,22.8133137642113,28754.040437341,23922.5992407965,693.809376008069,0
284,294,5.9502491706627,3332.95365388026,23.0379990751385,14.9130750303244,15.3525789530411,22.9452480948139,28353.4721968628,23812.4349116249,478.567066666152,0
285,295,5.57033736377887,2146.88478577174,23.110402927247,20.3182763567946,21.1154909925809,31.3163472496072,31461.4911758406,28704.6815842268,-13.5491488886101,0
285,296,5.40209118750527,1098.27781141449,22.9600835690205,33.6027821991514,35.4730945126754,51.944365224584,31824.3719849037,21526.933359641,145.070031986463,0
286,297,5.74381300374399,3632.40632977174,23.110402927247,14.0739170870437,14.4649460118717,21.6475766058746,31505.7994003358,28688.8057045012,-6.86774685444259,0
286,298,5.77882436756127,2361.14482894519,22.9699387911252,18.954214560119,19.6535914149616,29.2017207407869,31798.2409216554,21493.5435480245,164.432178362092,0
287,299,6.08294606231617,5045.45510745848,23.0849074533319,11.3134126035094,11.556901898526,17.3820015532706,30528.4978485845,27253.7546295826,-185.902343433411,0
287,300,5.50248781528605,1665.73995694519,22.9699387911252,24.4358037898861,25.5399167403351,37.7027557015393,31782.5243972436,21494.0494744978,223.779260426131,0
287,301,5.7532745801059,5259.77531377174,23.110402927247,11.0132263172311,11.2423194649892,16.9186005566454,31475.7966082772,28679.2877672791,-83.0368091689842,0
288,302,5.35904890685924,5912.29062137014,23.3417626261479,10.2274435385585,10.4212319693334,15.7062331226079,30417.2894559898,29475.2862791978,-157.849575504582,0
288,303,5.82390840408307,5050.36690545848,23.0849074533319,11.3062394953944,11.5493772813016,17.3709262789574,30477.6373031471,27228.5672872566,-67.5943773038846,0
289,304,5.42936428611137,4809.22854137014,23.3417626261479,11.6936908328639,11.9578630958378,17.9697158786581,30408.6164041652,29478.5276791674,-127.118481424193,0
289,305,6.35063210016272,3476.54398872743,23.1092748030787,14.4986502956451,14.9143240796015,22.3044133856294,25455.8438185397,25476.3468389946,672.118186070705,0
290,306,6.32557001550445,3199.76675585501,23.1005282187165,15.3430916975236,15.8091277896221,23.6106898600946,25437.3081615663,25466.6396217351,646.885954846501,0
291,307,6.00468262461891,3026.02566785501,23.1005282187165,15.9446368697191,16.447722893225,24.5415495072685,25448.1245518547,25472.3308756102,706.748461299516,0
292,308,6.03370665812631,3418.22062385501,23.1005282187165,14.665547095525,15.0909594664359,22.5625289538586,25464.5623007373,25446.3195393507,671.165038607683,0
293,309,6.14807080981193,3873.14562785501,23.1005282187165,13.4772676242388,13.8344261596058,20.7250818977978,25445.6280704191,25452.7165498899,722.457581537427,0
294,310,9.87389345633602,4031.35010750179,22.1193633636655,13.0260769763062,13.350221982378,20.0254417400499,31571.6414622947,14942.243066992,-1228.93489337179,0
297,311,7.15889538954981,1954.84600141791,23.3989946777621,21.8100697646168,22.720600918658,33.6307397755467,26480.8926029392,27288.3400739493,1197.56568777689,0
298,312,6.97917978362648,1971.05018958644,23.4167804006195,21.6827024899171,22.5840277584646,33.4332689841421,26506.4146827284,27295.4473598598,1200.5883599953,0
299,313,7.32468004372669,2402.21608741791,23.3989946777621,18.7965138143537,19.4906126344264,28.9589088382747,26467.8014520819,27267.2432322033,1240.26670397229,0
299,314,9.51932554157037,3183.42262648716,22.970237058471,15.3808926113971,15.8479047649398,23.6688123135842,31807.2034826773,20287.6081611515,-1172.28968290204,0
300,315,7.03717048393187,2633.43218372839,23.410260975852,17.6140153487479,18.2281646119195,27.1270939960309,26470.9713016877,27279.2187098178,1191.99805575506,0
300,316,9.12169248031593,3943.79468267768,22.9689226611354,13.3019518122074,13.6482711970416,20.4537767542612,31778.4823174623,20295.8444344193,-1212.12615885451,0
301,317,6.28442270243044,4475.70622937104,22.5756298569401,12.1952537672939,12.4794075757059,18.7428571412646,24554.7769534093,22658.2277961267,839.49013949526,0
301,318,7.42568126040801,2456.36516972839,23.410260975852,18.5027445359825,19.1768167430698,28.5037836355884,26483.1098030906,27274.7990076441,1132.66626958985,0
301,319,8.73914628586959,4723.42697867768,22.9689226611354,11.8029219453485,12.0699724003034,18.1376849023069,31764.4989176836,20302.9855454261,-1216.87066990366,0
302,320,6.34002434779729,4091.60607970818,22.5437414918761,12.9387111387255,13.2617128070755,19.8914155636086,24557.5098537786,22644.2434035412,854.895475060477,0
302,321,9.08335869698296,3573.07507667768,22.9689226611354,14.2162229352084,14.6141584939229,21.8672760371212,31758.1738632598,20285.1408042441,-1245.38245362125,0
302,322,7.09795684240623,2537.55116876006,23.4279121261892,18.0839862838639,18.7298306866483,27.8551062359608,26445.8820700385,27319.7948059741,1166.95496427987,0
303,323,6.37823380644156,4199.63234537103,22.5756298569401,12.719564478821,13.0311247835681,19.5528615637263,24588.3000839381,22682.4826984585,771.809099867231,0
303,324,7.37493286414484,2490.70370372839,23.410260975852,18.3213558840556,18.9830620397918,28.2227652609516,26511.875963429,27304.0522963202,1158.91957674504,0
303,325,8.76220907740431,3445.32427667768,22.9689226611354,14.5718714889621,14.9905141341748,22.4172949547463,31794.6420908365,20296.767531884,-1211.11139591867,0
304,326,6.09543543579535,3675.98622137103,22.5756298569401,13.9039793431335,14.2804796698444,21.3834859846938,24564.2287189128,22656.7561334453,833.043580490767,0
304,327,7.25659862101895,2224.51765676006,23.4279121261892,19.8646426683156,20.6339217928484,30.6143724777959,26468.7308908578,27323.6946845226,1119.14267272083,0
304,328,9.06636439965787,2939.83638801115,22.9739731990179,16.2495830668404,16.7704115627761,25.0131512046347,31762.219610075,20353.2526600392,-1220.32844122582,0
305,329,6.16855748192697,4750.81096937103,22.5756298569401,11.7267849090154,11.9871823980272,18.0193226130921,24565.4939845236,22663.1791900049,846.083137122505,0
305,330,7.65467438942999,2678.75985476006,23.4279121261892,17.4064973492333,18.0071071566194,26.8057621722706,26466.6732909075,27306.6578945815,1189.20711356086,0
305,331,9.34052587943064,2800.97567267768,22.9689226611354,16.8047235683634,17.3608178606781,25.8724972196447,31732.9543790041,20257.9029993984,-1265.3180572526,0
305,332,5.80080699938026,4318.43725938908,22.4057819086959,12.4714641199457,12.7686141928411,19.169175165041,24261.4945845,23324.4874207024,-209.594094600744,0
306,333,7.41479071884469,2668.42966076006,23.4279121261892,17.4538344466956,18.0575722223024,26.8790723013978,26464.0987258489,27287.160910827,1176.08444584555,0
306,334,6.27798091653301,3355.02334937103,22.5756298569401,14.791446835917,15.2192028047793,22.7558615754405,24564.7901484015,22654.3568319286,811.731999010156,0
307,335,6.07590858056592,3577.2836880929,22.8730843930073,14.1943879612856,14.5901814284145,21.8332676962075,26338.339535987,22850.2583540147,479.625632165978,0
307,336,7.16332777162583,2888.84384276006,23.4279121261892,16.5110797657899,17.0534779006071,25.4193082514051,26466.1636769232,27323.7023153143,1188.56260798025,0
307,337,9.2936544607185,3107.49521387108,22.9592414504747,15.6368763523237,16.1194257615248,24.0648707287327,31146.3106705611,20015.7201194655,-1163.024133465,0
308,338,6.07127203450882,3356.2087260929,22.8730843930073,14.8230364536911,15.2555743980427,22.8055265242963,26352.755935164,22846.7958286595,414.966128167915,0
308,339,9.06559162910855,3422.88550787108,22.9592414504747,14.6356827451469,15.0579842633689,22.5159649688297,31122.7375598711,20045.8149104548,-1221.68585583737,0
308,340,8.30287186487346,2595.88344938687,23.4084760644558,17.7929170631845,18.4189713397465,27.4041789590196,25972.117179736,27473.7332309508,-1509.43753245722,0
309,341,5.95516035322462,3890.08439224919,22.8489103283844,13.4127613432695,13.7641842848905,20.6247751357319,26336.0761857852,22822.6849650205,455.013701236479,0
309,342,9.59490764003287,3205.55496587108,22.9592414504747,15.3065764938554,15.7689643339656,23.5537989813282,31114.7559315633,20032.5074058703,-1214.41849254169,0
310,343,6.04773391228587,3654.74351548387,22.8546497930244,13.9883519304005,14.372170291201,21.5146335769952,26349.8310877944,22849.3550313833,476.31190886247,0
310,344,9.38699519043114,3059.95794464292,22.8995020388077,15.7960654276895,16.2877983474279,24.3110363702161,31136.299024597,20013.8644150819,-1230.02500244519,0
311,345,5.844851765517,3356.44776052742,22.8406923463011,14.818497925903,15.250450692672,22.7984191571044,26207.4733094414,22908.6131336086,400.256807086347,0
311,346,9.47474369717599,3213.61132064292,22.8995020388077,15.2728630690789,15.7326040360637,23.5014720365855,31118.2293995566,20043.9960703817,-1153.71699795868,0
312,347,5.77041904729717,3260.1107297893,22.8253308810778,15.1142927348185,15.5637326411565,23.255945272357,26117.537567916,22975.3216355709,422.233973800971,0
312,348,9.61616008153991,2417.78991464293,22.8995020388077,18.6253805192201,19.3012907858486,28.691981971507,31119.6973896207,20025.8182366538,-1214.15878032541,0
313,349,5.8083691265004,3248.8334177893,22.8253308810778,15.150169183154,15.6017637670097,23.3114470999006,26073.3518088193,22922.0566818366,410.947607040345,0
313,350,8.93855575471563,2893.41935864292,22.8995020388077,16.4196363938506,16.9503816725344,25.27614622776,31100.9783494988,20024.5856067157,-1215.01465010074,0
314,351,5.69569038078325,3166.25325052742,22.8406923463011,15.4218261966696,15.8900013621906,23.7317807626344,26099.652745597,22919.6703622186,392.439693223562,0
314,352,9.12870210814246,3164.36118464292,22.8995020388077,15.435562645269,15.905178089554,23.7532009133476,31132.0933624886,20018.4772989662,-1218.97005548256,0
315,353,5.98424665575237,3860.0549177893,22.8253308810778,13.4802588621109,13.8352222900934,20.7290545939389,26094.3454201488,22926.5392730409,400.233777996394,0
315,354,8.79275902681588,3794.30478464292,22.8995020388077,13.64426605307,14.009026901214,20.9827647982803,31139.8471285285,20053.5279610603,-1250.23832971682,0
315,355,3.73565407342712,2961.11089064306,22.7501529212699,16.1382280623906,16.6496228506506,24.8401259294508,30267.4352599891,19819.0067402266,-632.238030876464,0
315,356,11.0692414189283,4594.48678995409,21.9442399746423,11.9340118117477,12.2001156425471,18.3380516386121,36502.9048175156,20349.6866511781,-959.317463734226,0
315,357,5.28605402680932,3887.65601114838,21.5851483458501,13.2906567594848,13.6243990644636,20.4330208247467,37639.4803367411,20505.8987535176,771.396777210211,0
316,358,5.90014907284027,3725.5421357893,22.8253308810778,13.8054667008703,14.1786447131171,21.2317989420038,26094.536258173,22932.5449649213,382.036903361488,0
316,359,9.06385881515445,3295.52601464293,22.8995020388077,15.0119911826906,15.4560413215823,23.0978898365152,31171.4173858081,20037.7991198667,-1145.28673519855,0
317,360,5.8291227678414,3586.0294517893,22.8253308810778,14.1657254193803,14.5594296641912,21.7888244877727,26078.4719705166,22936.6846735956,452.61187615329,0
317,361,9.11131019193966,3112.07146064292,22.8995020388077,15.6133852634081,16.0938697472222,24.0283492297803,31116.6158971736,20030.4223537784,-1143.05841444927,0
318,362,5.92947270735468,2831.3526137893,22.8253308810778,16.6584123440524,17.2035024806931,25.6455396163167,26105.5985332925,22944.8353926437,364.536618562358,0
318,363,9.47855103484094,3089.67101864292,22.8995020388077,15.6912254427484,16.1764927306101,24.1487996785074,31093.2440715461,20045.3608858528,-1196.58528478587,0
319,364,6.04756347606069,3366.2540237893,22.8253308810778,14.7872534403069,15.217206578456,22.7500491342859,26084.9290850009,22925.3631383575,389.691882355273,0
319,365,9.24025798494992,3331.51649864292,22.8995020388077,14.9010341998356,15.3384641366677,22.9262483917131,31149.1848089811,20023.3906710734,-1189.49330263092,0
320,366,5.73278669557275,3573.93883146587,22.7681600839576,14.1918438814293,14.5865218280296,21.8290665610055,26087.2504475726,22934.9484327607,429.482576189417,0
320,367,9.18197277523818,3395.46710227392,22.7991394950819,14.6974293160921,15.1218262217187,22.61104416733,31088.5797856586,20006.6340723847,-1173.42527455839,0
321,368,5.9757261836786,3598.34363946587,22.7681600839576,14.1266818728051,14.5176188550955,21.7283064918617,26100.1262326124,22923.5426711499,383.376138304997,0
321,369,5.58789216388206,2739.51532163355,23.2871686959902,17.1140031460798,17.6937781247688,26.352366453332,27163.047428283,26362.0525812151,788.270451660342,0
322,370,6.99835802814779,1833.00311384857,23.2801937717385,22.8376559363999,23.8236919207594,35.224256984278,27819.8766288238,26378.5787436766,1165.57937412755,0
328,371,10.8528265821623,3644.65042543801,23.3649824674858,14.0691150669929,14.4621572865558,21.6407821711031,30404.6434505272,32581.0475750343,-925.203482158592,0
328,372,6.33167640137324,2527.40928360156,23.5473919342002,18.1545079258124,18.8065870316611,27.9647556982133,29324.2933831002,32670.7495185195,436.937687500192,0
331,373,6.41963903321992,5998.74443493691,23.5304336048074,10.1441905286248,10.3352881076001,15.5780739167283,30154.2834311475,31343.5033654879,820.963456162251,0
332,374,6.3642367889318,6228.93816093691,23.5304336048074,9.90262558672003,10.0828941331574,15.2053741835479,30159.7774170801,31354.1752103315,851.921977409077,0
333,375,6.48764077863514,5732.36199093691,23.5304336048074,10.4447506173697,10.6496202030171,16.0418764205256,30167.967109504,31349.9909876972,833.867242904724,0
333,376,5.33489115070182,5025.7353719412,23.6182021993609,11.3820199117717,11.6324693840773,17.4889251482882,29848.7360688313,31984.0869271814,-245.707359838102,0
334,377,6.46214897438548,5555.69144493691,23.5304336048074,10.6579278933664,10.8727622010925,16.370890027703,30169.5693316077,31340.8406061254,847.680763633795,0
335,378,6.39547510459402,5297.56875093691,23.5304336048074,10.9916766916465,11.2224326814739,16.8860792930163,30158.6766341343,31340.3407475322,860.424447085656,0
336,379,6.35382359418561,4932.73008693691,23.5304336048074,11.5153601080932,11.7718679170838,17.6946706194284,30155.0972853114,31358.518448968,799.881601215724,0
337,380,6.44319650882101,4928.89756293691,23.5304336048074,11.5212226336401,11.7780239367839,17.7037240549772,30166.4352791121,31366.0276141949,802.306272645537,0
338,381,6.1573344131187,5486.04523293691,23.5304336048074,10.7452630282283,10.9642261473136,16.5056940773799,30170.1240907293,31354.1729580785,857.282375776628,0
339,382,6.47965553997824,6469.04358693691,23.5304336048074,9.66668983576747,9.83659211654443,14.8414172064987,30163.3061241452,31374.8959138955,828.263886179756,0
339,383,5.7961090454584,4104.58551746134,23.1758727880318,12.9709437491363,13.3008506806324,19.9426515609147,31766.4650038614,28392.8187732095,43.6432909616249,0
340,384,5.8460870892391,4587.58174690343,23.1465412087462,12.0461818246974,12.3269259991156,18.5137664318889,31764.1479907818,28385.6171109679,5.86555047436066,0
341,385,5.72580975835533,3940.89838690343,23.1465412087462,13.3259271374663,13.6750656079859,20.4912477775739,31764.6916913936,28388.3564175482,22.8759501143016,0
342,386,5.53005136407566,3820.90073890343,23.1465412087462,13.605480567712,13.9702103906479,20.9233960760844,31761.2282914677,28403.0850859393,41.9843193646463,0
343,387,5.52836923879285,3890.65708090343,23.1465412087462,13.4410978179368,13.7966322430776,20.6692771341349,31755.2866740587,28390.671611856,37.2760190662274,0
344,388,5.77078773779715,3473.88110890343,23.1465412087462,14.5104139012825,14.9271278711286,22.3227039784727,31758.0140333363,28387.6994599722,45.936884504585,0
345,389,5.66243867711339,3751.73909890343,23.1465412087462,13.7738455861954,14.1480737949854,21.1836931687305,31764.6693964965,28391.920436674,42.2950992913564,0
346,390,5.68572387902518,1512.81822490343,23.1465412087462,26.3151827587836,27.5720034878529,40.6212525380618,31749.5574282767,28375.8300026942,29.0750188691677,0
380,391,6.23825031742828,2208.33189443955,21.8152726433481,19.6630921879333,20.3955141261707,30.2957476148056,35436.1341198457,16071.5217679097,624.391497910652,0
381,392,6.39683596869249,7231.52907855467,21.8574793615154,8.92467359312365,9.05520057682677,13.6948948431707,35008.4539028356,15817.6885763168,173.473756741068,0
382,393,5.92089434170221,7275.16258455467,21.8574793615154,8.89120769317757,9.0204231838259,13.6433136619989,34866.6949986085,15739.80255152,365.609385555467,0
383,394,6.00506652253576,6636.76100055467,21.8574793615154,9.41836190090279,9.56875070142845,14.4559610471542,34876.7443986131,15751.7977153064,348.810544633162,0
384,395,5.87180716923997,6956.66662455467,21.8574793615154,9.14376836064533,9.28299169364841,14.0326171946743,34875.0067582084,15748.2047720229,364.80691551714,0
384,396,6.80722623845842,6207.18892821293,22.8038512025469,9.88191524948452,10.0572255234291,15.1723058934088,34877.4829629309,30243.2214018564,1267.66372982463,0
385,397,8.77040764361203,5934.88000501174,22.6385580472318,10.1587109074284,10.3452951387264,15.5990480352667,35299.3829443769,30270.5879114871,-1321.6124305346,0
385,398,5.7439083098716,2997.40502055467,21.8574793615154,15.8822791726747,16.3680255448734,24.4413357201102,34862.6294053842,15737.6621193774,380.75345731366,0
386,399,8.36596366421253,4792.76582701174,22.6385580472318,11.664524244288,11.9222674431265,17.9233018944208,35299.8044089427,30277.5382610379,-1296.00721430928,0
386,400,8.21857238197148,3595.06368469998,23.1829529471892,14.1805752635048,14.5784104575489,21.8126904523432,35287.7885734813,30286.2277868346,-1267.14462676271,0
387,401,8.61595493784784,5657.83697701174,22.6385580472318,10.4748371167691,10.6757045797117,16.0868156489474,35294.6267027325,30283.7262247631,-1298.27404179254,0
387,402,4.88646271481202,4297.67894222162,21.7090645711023,12.4481426298402,12.7385232725604,19.1316137732278,36237.7073521154,30175.4269376331,658.397337583367,0
388,403,8.50852419260654,5943.36001501174,22.6385580472318,10.1494408690623,10.3356117188149,15.5847463065751,35306.103928571,30297.6238405713,-1329.70242245457,0
389,404,8.62000263595321,5004.58986901174,22.6385580472318,11.3399272965919,11.5816767298753,17.4221005117893,35307.5294491816,30250.7503793962,-1389.18512346883,0
390,405,8.64310027772641,4089.01444675852,22.5030685392039,12.9403029594081,13.263054296792,19.8937827314362,35293.7022531976,30296.8337511152,-1323.81921664901,0
391,406,8.69840712044062,4571.53802875852,22.5030685392039,12.0203310838574,12.2949906837367,18.4725228458021,35309.0981497692,30270.1911811723,-1325.74903270235,0
391,407,4.68477810094953,3023.05945080883,21.5205865728792,15.743994233762,16.2175960746217,24.2263475899759,36245.7069546297,30165.0393177788,654.515903993347,0
391,408,5.99477902571581,2384.69877892079,22.3454415455228,18.7121765029884,19.3867046673249,28.8244408301226,33908.1215364775,19006.9333750905,208.38118260905,0
392,409,8.88002822008087,5103.62011075851,22.5030685392039,11.1862916241849,11.4196782161346,17.184656410562,35315.9751621364,30261.4394664717,-1350.92189112023,0
392,410,5.64505276785669,3212.52842439563,22.330645405067,15.2056592100963,15.6555486737089,23.3959036391359,33914.7222854668,18997.7757494883,271.446051805473,0
393,411,8.73491030809172,5057.69590075852,22.5030685392039,11.2521657019303,11.4887284339679,17.2863517208248,35318.2005049567,30283.4862837294,-1343.71807010553,0
393,412,5.49434831141695,3371.59543012036,22.4404310621271,14.7259716624886,15.1485475604902,22.65422577039,34223.9229529664,20507.0492520116,299.677212204631,0
394,413,8.6639519097486,5544.07403275852,22.5030685392039,10.603452391624,10.8093839254419,16.2850560353657,35328.5440891317,30289.0515498596,-1323.78074186557,0
394,414,5.61537221534094,3358.29172612036,22.4404310621271,14.7656234233647,15.1905274102476,22.7155534831014,34227.7086243044,20522.9137366108,243.605050423291,0
395,415,8.72212403236587,4609.18046275852,22.5030685392039,11.9557670676925,12.2271508607834,18.3728054024727,35319.9760047147,30280.7170917462,-1345.45099951006,0
395,416,6.00285011827223,2574.62867212036,22.4404310621271,17.7427330666132,18.3536030902266,27.3231909588858,34246.0850465912,20520.781957158,240.503482156664,0
396,417,5.89508333502318,3089.58284926216,22.4633249220158,15.6349265646423,16.1121412640834,24.0604170077922,34200.234306659,20502.752059161,329.597344797984,0
397,418,5.8883123883389,3142.04878126217,22.4633249220158,15.4552423246732,15.9215324709408,23.7824041655143,34218.110782256,20517.4566911294,248.562755134327,0
398,419,6.05349288716878,3546.39376612036,22.4404310621271,14.2298833068617,14.6236886871147,21.8870444629368,34220.0596454578,20512.0880028415,243.444007435375,0
398,420,7.94503962276534,3874.00426131949,23.0607299949908,13.4712824347071,13.8277674243213,20.715735996264,34266.3683301702,28345.6607669218,-1475.4747400482,0
399,421,5.8914834006238,3490.05125812036,22.4404310621271,14.3849142495701,14.7876390901099,22.1267741747314,34229.6441082504,20510.1649431004,254.115258941566,0
400,422,7.89571379637543,4162.83618420015,23.0392358534395,12.8370570525188,13.158622381946,19.7354408137001,34298.9985249474,28329.4740618263,-1505.28235660212,0
400,423,5.88706298287561,1501.46091581021,22.4398802498589,26.2578026792252,27.4965235869769,40.5284285410533,34235.8231220326,20505.0858483368,208.534739795304,0
401,424,7.84011180676677,3898.94267820015,23.0392358534395,13.4112708747256,13.7642347795511,20.6229189647848,34279.2001349346,28319.4335140018,-1443.03037113266,0
401,425,6.99410606057246,3217.88525760627,22.575350047714,15.2188075130366,15.6719935659536,23.4169351400895,35281.0199184906,28024.4303756946,613.507269346368,0
408,426,8.06741506437687,2077.39505649443,22.6435159414217,20.7126306118178,21.531379037158,31.9258320348752,34107.1530992973,31750.5515574957,1250.03002451313,0
411,427,8.21137810678871,1780.25833703446,22.6968707982235,23.1944838135015,24.1980745062945,35.7752128595534,34085.1177071935,31753.2397713453,1263.43885581017,0
412,428,9.05747762424568,5241.78550271522,21.6174572206715,10.9299572950964,11.1452249105197,16.7873389056318,36840.832199114,19783.8850424013,-1421.6502075606,0
416,429,9.15747540146981,5462.93444660777,23.0713085579935,10.7435178690202,10.959540578972,16.5022103236509,33847.6372421816,26473.7347254074,822.723536735536,0
417,430,5.9953779797713,5066.76877410465,22.8636248025639,11.2659549343966,11.5056339097935,17.30831669628,34226.9962554169,24308.3163252549,140.085805572248,0
418,431,5.93217137077776,4842.85546301354,22.8897155387525,11.6051824271054,11.8617482489302,17.8321562978348,34195.4880043524,24277.0702896319,177.434358880424,0
419,432,5.91845358980547,3990.66651810465,22.8636248025639,13.1869960124005,13.5261162024113,20.2758545899113,34205.6299220416,24298.8048959349,197.417077379857,0
420,433,5.99004985772465,3343.62817140819,22.8951905467916,14.8636683446466,15.2988339501806,22.8684368176633,34218.8510378751,24291.5880642287,148.65923485984,0
421,434,5.76877073354915,3656.79383940819,22.8951905467916,13.9873966236361,14.3715271024033,21.5132575450587,34221.5248205905,24288.559520693,192.59234814164,0
422,435,5.77031603678237,3735.96805448322,22.9222204735924,13.7896379954708,14.1627822842003,21.2075642162899,34202.6386353298,24270.2319617862,173.961817139344,0
423,436,5.99212289418461,4450.96329540819,22.8951905467916,12.2674037856907,12.5577140421109,18.8549797633498,34236.8638841533,24313.7666109666,166.047172259051,0
423,437,6.26223763512894,3428.43131736539,22.2002016719609,14.5317874720804,14.9406908483364,22.353263146307,24910.1126679517,22553.8285497913,747.620446059662,0
423,438,6.1745903617732,2232.87452832035,23.0685762219498,19.7444495399035,20.5002726085561,30.4267113589589,32550.6505279507,32152.2179544407,822.71594278031,0
424,439,6.58312630676317,6015.35545632035,23.0685762219498,10.0980660329417,10.284443567539,15.5061767490017,32561.5105806825,32167.8589325749,764.275671054364,0
424,440,5.89970187537408,3053.54105401052,22.90850210959,15.8201283591402,16.3134444966242,24.3483003546628,34185.6434604184,24202.7299135151,103.559010339752,0
424,441,5.74272995425787,1989.76229172489,22.8755634060751,21.4189669598052,22.2925747744291,33.0219854128365,30307.1642748515,24887.0848079301,305.009793744291,0
425,442,5.31867637585324,4884.21941623141,22.8637621997855,11.5388163464075,11.791901865836,17.7296242127218,31928.9946434915,23092.6415808638,-75.1163792884432,0
425,443,6.28063313226829,5373.80415432035,23.0685762219498,10.8582571073854,11.0796841031292,16.6793077782134,32544.4213742044,32158.2854982483,783.247027147125,0
426,444,5.37523046790747,4451.25433423141,22.8637621997855,12.2641749512422,12.554079253083,18.8499260848328,31930.6243585886,23113.3789691742,-149.005217989547,0
428,445,5.78867329078005,6858.07044082614,23.5121968795754,9.31413465784927,9.46885073379871,14.2976450921808,28840.5995331555,30252.0676610797,423.088467007503,0
428,446,5.81600603618278,3822.21567839507,22.2095126761093,13.5065687163725,13.8576078735514,20.768238870044,32697.0952358805,17342.1725460985,91.5137291723221,0
429,447,5.89406941741353,4522.22398439507,22.2095126761093,12.0813585058608,12.3569050017356,18.566168003041,32701.6118746096,17356.8963106844,90.0553461063455,0
430,448,7.11232861811389,1986.26697551817,22.5323605081641,21.37298188885,22.2379460446338,32.9492230566848,30031.7146537675,20210.7488986717,1047.42379794376,0
433,449,5.80733223459596,3870.55946131439,22.8517850804276,13.4583719855778,13.8123480250645,20.6952850402023,34993.787974025,24067.5602446413,574.721254175715,0
438,450,11.038233161994,3747.36175596162,23.0485214373556,13.7745177071886,14.1479224899991,21.1844948190429,34153.5703605862,24835.6822748495,-920.055822225417,0
460,451,7.23445495078135,2184.17651676866,22.7927609075139,20.0070022215879,20.7775245940275,30.8325929995914,27130.448683881,25910.4018680143,1004.93850816827,0
461,452,6.88187608897829,4020.59426676865,22.7927609075139,13.1145164800298,13.4490891592095,20.1636724290719,27098.1575524624,25880.4903797706,1022.44661450504,0
462,453,6.85826921071825,4567.56592476866,22.7927609075139,12.0514667985787,12.329872921672,18.5212093983942,27123.8066136807,25928.2680443648,1065.36976755408,0
463,454,6.90032328622884,3767.27324076866,22.7927609075139,13.6989795306171,14.0658728976581,21.067090329033,27127.0584747873,25904.9264312709,1052.4841422884,0
464,455,6.53358753553371,3798.91173569546,22.5535375638652,13.5975700618187,13.9566856355994,20.9097411922868,24772.665639771,25763.0775425616,847.284138022857,0
465,456,6.62536075418137,3185.11319369546,22.5535375638652,15.323099733847,15.7823394126197,23.5782201320604,24760.0555162465,25742.0165967488,838.195908430762,0
465,457,9.27076579127679,2869.84368636335,22.8815354364545,16.5106770974579,17.0469952596608,25.4170173644259,32249.4784366259,20438.9590532788,-1092.19372741594,0
466,458,6.43810345046586,3487.06762769546,22.5535375638652,14.406100123839,14.8111271832205,22.1598332060573,24786.2304286316,25764.5392457329,827.249747980224,0
467,459,6.46635615545683,3576.82357769546,22.5535375638652,14.1604653725481,14.5513523584542,21.7799975339591,24776.8546539156,25775.8795052847,823.038474235822,0
467,460,9.86874575821851,2267.52069036335,22.8815354364545,19.4934649749645,20.2290870507451,30.0370185257568,32176.3685402844,20373.5889344111,-1072.08993006817,0
468,461,6.37439926950707,3611.12129188356,22.5349076914067,14.0674633756997,14.4528681150054,21.63614900146,24738.1825900438,25698.7485150094,771.698882892207,0
468,462,9.63122783586591,2946.38130941879,22.876109538112,16.2112141887202,16.7285594444278,24.9534688997473,32148.7095335019,20389.1105401251,-1054.5221120426,0
469,463,6.88299791717264,3541.1050099158,22.6101905353349,14.2631963982718,14.6605084081073,21.9389959346909,25652.3966376319,25280.9923569463,1218.88244381289,0
469,464,9.47953483137757,3145.91484341879,22.876109538112,15.494719013275,15.9676998724295,23.8446657135025,32141.6339459777,20422.9449668472,-1064.96706342965,0
470,465,8.18659743142428,1420.7765776128,22.5706816630639,27.4172316747308,28.7524626798275,42.3295580122761,25607.4676279473,25300.4197368168,1204.74285715474,0
471,466,8.73193989384085,4207.94556761282,22.9283550479029,12.7352156633122,13.0504337797119,19.5778245042019,32603.9878901237,21402.0373796143,207.494099407369,0
472,467,9.79454393950384,4562.88504130472,22.815807850554,12.0615291697719,12.3406217248383,18.5367990209833,32168.2925579926,20387.9681249567,-1100.55076398079,0
473,468,5.9282634100876,6593.52021917001,22.371612723911,9.4861162766214,9.64210252236014,14.5612058050789,35122.0795933502,20181.790231656,505.936985102479,0
473,469,5.82736597817677,3777.22830707501,22.8697995618535,13.6826508526493,14.0493055434706,21.0420339065472,30907.3588520556,27829.0011048728,236.113872632725,0
474,470,6.05434758816273,7006.52974517001,22.371612723911,9.12991386067965,9.27122939288591,14.0119932796733,35148.4679331188,20193.8283456133,521.636358870961,0
474,471,9.6868227799443,4628.78683330472,22.815807850554,11.9483128802263,12.2216251265872,18.3619295487079,32202.7721116773,20381.6676374364,-1113.14561426899,0
475,472,5.95144302526031,9094.44036317001,22.371612723911,7.76623050989487,7.8561490927942,11.9107038599903,35149.1038283873,20212.2723290407,470.554712102783,0
475,473,6.71902190742786,8723.01778663097,22.5260627127707,7.97390174339118,8.07178275615971,12.2307412832802,34889.1693386429,21624.3304962031,929.78808570207,0
476,474,5.77148106715341,9027.94386917001,22.371612723911,7.8012392395081,7.89237801177945,11.9646211685136,35150.9526515459,20211.1574878711,476.862756720252,0
476,475,6.59102716124334,8526.43573663097,22.5260627127707,8.08666721084574,8.18861420124406,12.4044500011282,34905.9625462241,21608.2999801081,929.937574295977,0
477,476,6.72789089826409,6760.91968063097,22.5260627127707,9.3455954857375,9.49654823371195,14.3447520704682,34910.6758496847,21619.4167300989,954.560686595163,0
477,477,5.67150822310966,6703.47401117001,22.371612723911,9.38758267083497,9.53946135443382,14.4092677037711,35149.976705971,20235.7754323417,496.371999030613,0
478,478,7.0034394971179,4763.09540263097,22.5260627127707,11.7030140180383,11.961868315892,17.9825159266703,34899.6677394691,21631.8106366646,978.559028521984,0
479,479,5.50353601499207,5218.23890077267,22.9603458923805,11.0593022596017,11.28963018189,16.9894591309009,32802.0331801949,23690.88135606,-149.128705686942,0
480,480,5.57889398160216,5137.91789785657,22.7818747107474,11.1582536589793,11.3921646484564,17.1418903853475,32812.9434015395,23692.3489481361,-126.165286908855,0
481,481,5.46303987386072,5395.11549985657,22.7818747107474,10.81062286186,11.0279699338101,16.6052777412287,32804.9395315894,23701.4914750785,-160.028287166622,0
482,482,5.68722821227901,5086.97175985657,22.7818747107474,11.2307641842558,11.4681821292179,17.2538339015179,32800.1156987026,23684.7439873128,-158.626550731749,0
483,483,5.60729814826735,5172.36656185657,22.7818747107474,11.1099354111538,11.3415193875484,17.0672982050385,32813.798941695,23694.5965998867,-163.809572732375,0
484,484,5.54254946508467,4388.32906585657,22.7818747107474,12.3729277249257,12.667867091793,19.0177583311994,32793.6116961151,23689.3383004441,-154.401811459621,0
485,485,5.53308045124792,4592.06956585657,22.7818747107474,12.0082186459975,12.2843336678377,18.4543870620998,32813.9908388402,23698.6644270372,-162.601837292028,0
486,486,5.49366229016463,4370.39990185657,22.7818747107474,12.406460498355,12.7031515871224,19.0695626113185,32822.0120232629,23673.71025411,-166.896426850946,0
487,487,5.60474914788887,3967.52233585657,22.7818747107474,13.230379952977,13.5711890837082,20.3427183064466,32819.0936049123,23674.6711484471,-183.4030627573,0
488,488,5.39800810732848,3218.21984185657,22.7818747107474,15.2433262514612,15.7000904279686,23.4554464008963,32801.4395650185,23674.2710665654,-144.299764091469,0
489,489,5.44198014246153,3697.40158920108,22.7972222960115,13.8731971452404,14.2499544625764,21.3364454658238,32787.2391026585,23604.0440266506,-181.408630099825,0
490,490,5.37742159190984,4313.94049146107,22.7139466208979,12.5076129850774,12.8090779812712,19.2256907190646,32789.922930416,23568.8169103378,-151.345917045552,0
491,491,5.33775239669402,4166.97498987522,22.723897357119,12.7994118046337,13.1164205866689,19.6765687713321,32783.1857992425,23583.5616442035,-169.460115755647,0
492,492,5.49771358123821,4625.86467387522,22.723897357119,11.9456970192628,12.2182014385329,18.3577030057512,32778.6185069362,23573.2844807609,-155.030501204965,0
493,493,5.35601315569531,4048.67334387522,22.723897357119,13.0471685586123,13.3775110942449,20.0594315409829,32793.5382745723,23579.5447730392,-146.120112108308,0
494,494,5.51068553416214,4327.10400987522,22.723897357119,12.4833008164936,12.783566912293,19.1881508638589,32775.3035788805,23569.153725225,-151.370903719609,0
495,495,5.57706093653576,3729.81097146107,22.7139466208979,13.7831426342297,14.1540690861573,21.1970117606528,32786.8261030331,23573.2855945643,-139.464917626857,0
496,496,5.41719956568755,4603.53030987522,22.723897357119,11.9837471702417,12.2581864295815,18.4164716446735,32776.7769828811,23579.5286018216,-154.541376656592,0
497,497,6.09242094935302,3827.48783563676,22.7360820346033,13.5480295037409,13.9059874767384,20.8336014936618,32293.9679874397,21574.1657127032,615.576987714391,0
497,498,9.04750520396354,4702.11205174945,22.7602264992219,11.8211478129364,12.087614624317,18.1654177438222,32314.014494702,22528.5837627745,-394.90137809862,0
498,499,6.63852217047877,4339.15712919849,21.8825434939416,12.3852649121975,12.6738006196713,19.0348722860019,32141.3847779059,15626.5813106911,814.102601959723,0
499,500,6.76897806010354,1593.25482880444,21.9272287786309,24.9734645201744,26.1006639177494,38.5319954294396,32128.0808262806,15639.4395633578,778.635814629851,0
540,501,6.11138873642736,2378.26710745293,22.9871543932018,18.859973435452,19.5530900903934,29.0557619237235,28147.1227148997,26875.7760239752,753.674865856671,0
541,502,6.0996300855857,3873.23780545293,22.9871543932018,13.4657059969512,13.8212511602477,20.7069422482028,28127.1813026379,26879.9869103773,812.901383706337,0
542,503,6.38950472797875,3134.0887188986,23.0136533752827,15.5523696477412,16.0302969750139,23.934261561219,30775.8441630527,27330.0770721132,980.355065811862,0
543,504,6.70068438089445,2904.6218508986,23.0136533752827,16.3914703862925,16.921696100061,25.232895549693,30765.010084299,27348.8208445125,962.633226191852,0
544,505,6.98750258395387,2791.5183408986,23.0136533752827,16.850879832361,17.41045492964,25.9440972760023,30764.2365148355,27341.7221863706,952.77986850457,0
545,506,6.72967695205621,2585.3990328986,23.0136533752827,17.7816816639636,18.4021999153483,27.385458539265,30754.6283642049,27323.5635616123,968.41278003213,0
546,507,6.99448524674366,2404.0810008986,23.0136533752827,18.7203001749884,19.4041793402506,28.8394499324473,30765.2459498943,27335.9229717897,994.319338503503,0
547,508,6.8000023217088,2835.7245228986,23.0136533752827,16.6673566953697,17.2151481280151,25.6599728035054,30770.5144067266,27332.8352290247,1020.88993874034,0
548,509,6.87143177231225,2632.4906208986,23.0136533752827,17.5573173624379,18.1629690667891,27.0379782234503,30772.4514167418,27335.7715833221,957.525315809794,0
549,510,6.75410254342187,2681.2561848986,23.0136533752827,17.3325733098372,17.9234445531502,26.689940452757,30783.9902938028,27330.9145243389,954.201507978256,0
550,511,6.6800341435529,2649.36467034771,22.9881674670613,17.4747830703214,18.0746890230219,26.9100783969236,30781.8598493294,27336.9509904593,1011.83830113955,0
551,512,6.82071848879118,3125.34653034771,22.9881674670613,15.5790414603965,16.058340538252,23.9754601455746,30774.7518375473,27316.8109266522,943.659191975868,0
552,513,6.90514878529632,3106.80063834771,22.9881674670613,15.6429958148082,16.1262227247828,24.0744230829599,30772.9290563334,27342.0756984488,983.634434091959,0
553,514,6.7333403577437,3095.67750834771,22.9881674670613,15.6816854785549,16.1672935273086,24.1342928142387,30768.0879936807,27344.1843175659,1023.33969248866,0
554,515,7.19052785826894,4651.80017861004,21.7524849522307,11.8216207273833,12.0806806061927,18.1640957312821,35840.2585708659,26114.0110552705,1145.79573281704,0
554,516,6.7934709700337,3356.99397234771,22.9881674670613,14.8342203688068,15.2685431407632,22.8231350767614,30746.8947168182,27340.8476948156,969.104208907767,0
555,517,6.96464681852374,4786.40106461004,21.7524849522307,11.6036693112119,11.8520052103975,17.8275669613686,35847.4096703414,26099.7395057938,1173.05080471489,0
555,518,6.83001301809131,3503.57700234771,22.9881674670613,14.4089700319553,14.8182656180514,22.1654019854698,30774.8132827057,27319.7807738105,982.730663092711,0
556,519,7.28426908553193,4608.34288061004,21.7524849522307,11.8943785631612,12.1570525555322,18.2764471195657,35855.6951101824,26095.0225399854,1132.08099883662,0
556,520,6.83819885015638,3606.17411034771,22.9881674670613,14.1298616679198,14.5229968077996,21.7337790072223,30772.149308906,27349.1563587465,977.356873701895,0
557,521,7.19343407975188,4725.14675861004,21.7524849522307,11.7014994182323,11.9546298344511,17.9786167139948,35878.1581744941,26082.7321271615,1184.41669119502,0
557,522,6.90036997331296,2536.43736834771,22.9881674670613,18.0189060098737,18.6549453710316,27.7528012658832,30767.3837958478,27305.3605363912,933.330775446629,0
557,523,6.35201402985432,3318.78519996291,22.4508277478264,14.886305548801,15.3184244253999,22.9022430325754,34137.8974815386,29410.9085885125,830.531923226936,0
558,524,7.48061957978914,7142.87623084323,22.8453432734733,9.044304077712,9.18453348126194,13.8806711991923,32756.4671222167,30005.9802547437,1190.48377007999,0
558,525,7.25926961680291,4816.57668461004,21.7524849522307,11.5562810215488,11.8023057229901,17.7544024864178,35839.5059438849,26090.9781079169,1161.04839487081,0
558,526,6.90497001901563,3850.79486634771,22.9881674670613,13.5184355631496,13.8769272538729,20.7884559373782,30781.2791162658,27341.7924480783,1015.49055504313,0
559,527,7.30656978651132,4700.98423661004,21.7524849522307,11.7407062655686,11.9957668897392,18.039154505181,35861.3912598218,26106.7182961081,1125.01320025013,0
559,528,6.77836191778125,3032.06642034771,22.9881674670613,15.9078710286096,16.407473969793,24.4843206363154,30779.2000733742,27336.1764251202,1018.30877228293,0
560,529,8.0930916731366,7249.1363424638,22.8739769225838,8.96228647961667,9.09934523925127,13.7542692562345,32740.6203946894,30117.1951026167,-1487.86056811496,0
560,530,6.95089327226036,4016.64665803828,23.073489323979,13.1501421783272,13.4889898988535,20.2193757013535,30775.7239058524,27337.4122142982,1018.11933292709,0
561,531,6.90939560055322,3162.98497603827,23.073489323979,15.462055942748,15.9350707646176,23.7946848751523,30762.4207298629,27350.5525218003,1021.67015287947,0
562,532,8.04536497947973,8064.6489924638,22.8739769225838,8.38540756027841,8.49994226247462,12.8651454452508,32724.5383155086,30113.8399118629,-1519.53152984523,0
562,533,6.73592615402486,3586.08241003828,23.073489323979,14.1927024332746,14.5902393888573,21.8311685977326,30759.6750883501,27332.9173064345,998.020682767765,0
563,534,7.07202605047651,3681.32283403828,23.073489323979,13.943337630676,14.3265567075271,21.4455751001298,30767.092851587,27358.3824064642,1006.27959705141,0
564,535,7.92113773340381,7915.7091804638,22.8739769225838,8.4831102654778,8.60136286426492,13.0157046179975,32733.9376732995,30106.7342863326,-1507.60012146303,0
565,536,3.92517889844274,8109.50209043843,22.5147103476205,8.34071701887375,8.45197442710979,12.7958404656215,33275.5465705974,30222.2251631601,729.382407288213,0
566,537,4.50566833353061,8756.93433443843,22.5147103476205,7.95442249787793,8.05155963273351,12.2007231022006,33516.5473467651,29912.1262080529,504.674213092858,0
567,538,7.38782582829244,9614.3763264638,22.8739769225838,7.52518906636447,7.60876906563329,11.5400455727246,32691.2929784763,30115.2713726228,-1460.41576996804,0
567,539,5.2488034127187,6890.00880999885,22.3417291458073,9.22507341504474,9.37010488190794,14.1586592991975,33501.0178979325,29878.9382208835,507.678672198633,0
568,540,8.10248915237663,5720.33565487948,21.9794802940156,10.3579801562945,10.5494903925031,15.9053830664495,35033.0576325599,30490.2092414452,-1397.38404048928,0
568,541,6.50785265306056,6267.13771961956,22.4912226844321,9.80322102760563,9.97335233968436,15.0504348083526,33898.4140228816,30319.986147116,-1080.2701125614,0
568,542,8.38904523935435,5679.03495846381,22.8739769225838,10.4651393904639,10.6670027967257,16.0722491727517,32765.34898323,30129.6527364784,-1447.99331616954,0
569,543,7.94341941013375,4855.72822876026,22.0572990305807,11.5197260829724,11.7661697645323,17.6985723883552,35015.3749860657,30501.2935488889,-1409.83963892789,0
570,544,8.14384803567115,4699.67597443389,22.0021249262379,11.7633675356185,12.0213998493366,18.0746576200751,35018.9997024069,30487.4360730446,-1393.80236182822,0
570,545,7.96266677879678,3836.36320105286,22.5146362885279,13.504433627176,13.8580388861063,20.7656788675264,35000.9508970909,30496.8020144623,-1374.87743197191,0
571,546,8.4042309419846,4798.72689643389,22.0021249262379,11.604305444163,11.8544916993258,17.829051773004,35038.9219933922,30491.3499875955,-1459.57450972523,0
572,547,8.0253845339164,4698.06807643389,22.0021249262379,11.7659982787456,12.0241610500701,18.0787199078153,35043.1558543066,30495.390657111,-1429.30084483698,0
577,548,8.61044195622934,1878.82782334386,23.1900575239596,22.4062677435437,23.3582092346498,34.5546246609444,25757.8280179694,27529.9018771404,-1285.81297165459,0
578,549,8.40149287066077,2217.56567734386,23.1900575239596,19.8649657996196,20.6309909064444,30.6139702104357,25767.3381501367,27545.6794602316,-1354.40316661534,0
580,550,9.04483585719692,2437.74799273289,23.2096072415607,18.569358855592,19.2454367457884,28.6062880797148,25770.0904272714,27534.1477234003,-1261.08041479447,0
581,551,9.09525570485164,2375.05658326486,23.2263611311888,18.9196064196305,19.6199628319651,29.1490235585972,25800.7030516606,27548.8516540413,-1268.3605803039,0
581,552,8.25185886441942,1897.05133954552,22.2502444207051,22.0364659342879,22.9457442432805,33.9768858012924,27797.0017559839,19447.0480618745,-1494.20770283864,0
582,553,8.44603142119468,2246.06590575545,22.2736697514048,19.5132740477366,20.2418372366526,30.0653909276249,27798.1494883499,19517.6617281461,-1446.38300796109,0
584,554,7.57059202630684,3765.20554726486,23.2263611311888,13.7488561337781,14.1223670218025,21.1452496858008,25924.2292904684,27470.5945165166,1207.89558149812,0
584,555,6.52515714816995,2696.01026217668,22.1778205332022,17.1393687638472,17.7077096272277,26.388038840718,26467.8417527069,19460.3102845653,707.538286803745,0
585,556,9.94293792425378,2877.69681023497,22.1207374706073,16.3720773569909,16.8910632442273,25.2001189563281,25306.1344015811,19724.5111231834,-1106.70616894369,0
587,557,7.53522562009785,3299.74749256817,23.2075454808556,15.0357624766388,15.4842762694748,23.1355011578995,25937.5360164693,27460.7274689831,1246.28422954782,0
588,558,7.51559609341435,3734.25439456817,23.2075454808556,13.8236391120965,14.2012290179673,21.2608276784956,25948.0525911796,27467.0470211609,1267.97519906813,0
589,559,7.47095823867131,3430.97840056817,23.2075454808556,14.640634470647,15.0655930283865,22.524275668708,25926.9392745502,27453.4367520531,1232.09110187705,0
590,560,7.54576155727739,3505.07365628822,23.2419008835076,14.433164414331,14.8462407630403,22.2034728949319,25944.7522725088,27472.8409935512,1240.70359317618,0
593,561,7.70178274740111,3350.97976028822,23.2419008835076,14.8822230099587,15.3218673972875,22.8980684256752,25938.7521081258,27466.9993039863,1209.80648283122,0
593,562,5.48191043954584,2430.81877928632,22.4956356781591,18.4858073653418,19.1469854695928,28.4743096862831,32660.3484689292,25037.0307411795,-111.721355050767,0
594,563,7.46097122066506,3299.44533913586,23.2226479901794,15.0385093563862,15.4873365836322,23.1397915580515,25944.3955183277,27478.0933384228,1268.89846438467,0
596,564,7.61216325047093,3531.46722313586,23.2226479901794,14.357659577951,14.7661441558259,22.0866489911316,25944.6931853748,27468.2927979572,1256.8944283648,0
596,565,10.3289165626742,3133.01649687038,22.1210317418527,15.4417738231855,15.9036489918019,23.7605745328532,23056.1115596914,22056.040025336,-946.679159844214,0
597,566,7.31287772596363,3405.91260428822,23.2419008835076,14.7179465575754,15.1478093611406,22.6439515486149,25941.6205800626,27479.4842066512,1248.06784698249,0
598,567,7.49601786037857,3273.60884113586,23.2226479901794,15.119687440773,15.5734063179668,23.2653806854558,25940.0027911847,27456.8012137237,1205.19876418829,0
599,568,7.43990015277767,3131.42459228822,23.2419008835076,15.5904361890563,16.0730527442459,23.9938134395451,25937.066820795,27477.5173499244,1261.03655093187,0
600,569,5.80915797868064,2654.11497892511,23.1881126125179,17.4834191620098,18.0862782492268,26.9241091644142,28374.900816187,27346.9071461133,487.474125331033,0
601,570,8.75902195311032,4686.39203834698,23.2503797648377,11.8868053941301,12.1601339262251,18.2677990469995,29021.485756758,27996.2390694984,-1322.84185770304,0
602,571,8.60479460560025,4606.39360634698,23.2503797648377,12.0222923739464,12.3025654136894,18.4770743942971,29014.9992654384,27996.6466395216,-1303.83025971989,0
602,572,8.56523011028007,2983.06403972466,22.251383690296,15.9884800108246,16.4851008054379,24.6068697095373,23258.8466543601,21922.0803120051,-1372.43705106978,0
603,573,8.83998124458115,4160.76357434698,23.2503797648377,12.8607837722061,13.1853175773686,19.7725727727264,29037.6205454542,27984.3556825092,-1278.39125469519,0
603,574,8.47744447651311,2425.58040548393,22.2173407338506,18.4663391101615,19.1225508771192,28.4431458801771,23246.6668314777,21929.0532101282,-1374.93280073486,0
604,575,8.6189431057087,4370.25675026606,23.2595667487312,12.4485090650394,12.7510780713882,19.1355387708708,28987.1771959192,27976.7543451277,-1287.65439260103,0
604,576,8.27179707107474,2921.52339572466,22.251383690296,16.220150065101,16.7311333565229,24.9653927026989,23253.4127364445,21935.0512177532,-1383.17045772965,0
605,577,8.73950040548231,4021.11873434698,23.2503797648377,13.1573064033269,13.4980060495987,20.230851121075,28987.5195236796,27986.9927656798,-1320.13201235107,0
605,578,7.95334173848134,2841.07886948393,22.2173407338506,16.5317678741192,17.0618822642698,25.4475876763681,23249.1068396794,21924.1085764274,-1399.11052900479,0
606,579,8.40947207036969,2544.96132548393,22.2173407338506,17.8516275517337,18.4668784212077,27.4910586583504,23232.4939986275,21929.607090681,-1367.66240671128,0
607,580,8.45904643514325,2576.64028772466,22.251383690296,17.7027248303242,18.3086019912063,27.2605838798896,23265.0250641291,21904.533900904,-1446.0233530964,0
608,581,8.27099588632073,2528.28764348393,22.2173407338506,17.9342923325319,18.5550045395313,27.6190798633617,23250.3407421566,21927.5900410303,-1390.48278767348,0
609,582,8.29228391625807,2813.52991772466,22.251383690296,16.6488189623944,17.1867173497265,25.6288762742324,23263.5481620505,21934.7697419725,-1462.22288875102,0
610,583,8.2594951392484,3249.35006461853,22.2057291778306,15.0723329194678,15.5129956778933,23.1893082340866,23248.5335476215,21915.9432395623,-1410.53849597007,0
622,584,8.38062934447565,2787.29049064544,22.1854034175788,16.7478255144258,17.291230362685,25.7819207058287,28194.1596890811,17770.0695033751,-1411.08926124447,0
623,585,8.50273886775612,2880.26223664544,22.1854034175788,16.3711519337926,16.8908166466356,25.1988895941287,28213.524837415,17777.7408919344,-1358.12571536738,0
623,586,5.74701729444118,1514.92429558631,22.458631157895,26.0876140269968,27.313056294493,40.2642933263014,26727.9689749531,21499.7164543217,431.240926269316,0
624,587,6.73698654293858,4333.73743182868,22.1775506265301,12.4219542013605,12.7147267406211,19.0921935873938,26905.6387276102,19039.681715472,795.302329627654,0
624,588,8.64256100808009,4567.17961151831,22.1312799385598,11.996542896078,12.267203236222,18.435011527726,28168.1517491327,17769.3939021516,-1520.34657467488,0
625,589,5.48987717997537,5849.91089764747,22.1345953002629,10.220704468455,10.4070414337706,15.6938578005296,27418.7410601575,18367.8604078546,143.474877112193,0
625,590,5.61416426215884,2386.29454084504,23.0052351840716,18.8179448245544,19.5084106067831,28.9907076755669,29719.1792069918,29048.1987787093,301.91160544625,0
626,591,7.38326783013216,4632.28887227173,22.2099757528195,11.8923007470871,12.1583066753476,18.2741873798209,28318.6437332014,17991.8867066007,1110.8334582654,0
626,592,5.33286764444666,2186.37952715192,22.9480871084896,20.0222259878239,20.7960244481492,30.8567954906415,30326.9370588728,29801.6285281323,-119.98246264969,0
626,593,7.89673593736313,3689.90878239788,22.1505418292607,13.8231922252435,14.1912777827312,21.25752330385,26835.5281020801,18897.5668312508,815.426798446057,0
627,594,7.21848380794123,3102.90909219806,22.2349176469195,15.5591046353171,16.0292795298433,23.9424336167844,28358.1042766383,18051.369683368,1109.37031824809,0
628,595,7.43196227721426,2898.92630619806,22.2349176469195,16.3051372453143,16.821235909402,25.0968730575313,28379.5794364801,18024.7370456185,1056.13851607047,0
630,596,6.74229736757442,5577.70205968034,22.2944154598325,10.5482301169082,10.7503152399794,16.1994770631218,32147.3947131071,15733.8176680852,759.610727515508,0
634,597,6.38589107524422,3890.61575625761,22.5131735626524,13.3778995614225,13.7245121317255,20.5700935093786,32327.1041320462,18750.1105320229,844.754273326316,0
636,598,6.80292739527433,3542.89340238582,22.7200837594469,14.2705549487806,14.669318791393,21.9506581983573,31424.3829964687,32903.591214187,1032.23150468234,0
636,599,6.12116194084786,1712.29602666369,22.4619306348429,23.8116539374153,24.858458004672,36.731695373669,30841.8892066797,20065.5156031937,408.410674834217,0
637,600,6.99680272542731,6752.36794038582,22.7200837594469,9.36357872148607,9.51629558485604,14.3727630449578,31404.2429787618,32883.994968575,996.587384456492,0
638,601,6.90272200450186,6806.33164038582,22.7200837594469,9.31665896310843,9.4674242730725,14.3004143252827,31390.4291306333,32896.6892697094,1016.8694926469,0
638,602,4.13242705581348,5829.54206279835,22.9983865792001,10.2987171244355,10.4937291407438,15.8156525051554,30832.8562245445,33335.4549711309,57.7138187135814,0
639,603,6.79971461524704,6760.51756038582,22.7200837594469,9.35645132933774,9.50887118866886,14.3617726898437,31395.8612468198,32890.2089889347,1003.65294959604,0
639,604,8.20257395554129,5892.54691487079,21.4127013270603,10.1271876769094,10.3050216661205,15.5483817599438,36233.494699239,26807.6652893656,-1413.96979993045,0
640,605,6.80799583340309,6818.11724609272,22.7893646068818,9.31020492324705,9.46106133364358,14.2905619855475,31394.4977676906,32889.2061519706,998.42748509243,0
640,606,8.1207697116212,5812.7522899598,21.4817250225442,10.2199972321131,10.402308909414,15.6916615058217,36225.5191524476,26807.2360922888,-1431.00357990725,0
641,607,6.75842141821209,6350.37311009272,22.7893646068818,9.73872993036051,9.90773802977553,14.9514234845808,31395.100416982,32890.8283295745,990.134208869287,0
641,608,7.54847424906677,6083.84167205275,21.564472136086,9.933161215789,10.1035320693438,15.2493680623723,35998.4386458855,26088.8798275228,1252.09600999897,0
642,609,6.74122895668368,6627.59234609272,22.7893646068818,9.47842164429307,9.6363194119714,14.5499588890382,31386.9977206527,32890.1108145715,1019.06565622004,0
642,610,6.14495728504062,4589.84259522137,21.8024254817086,11.9299446018943,12.1947709479041,18.3314740901737,35487.974634293,15859.6242835154,567.294402076887,0
642,611,7.64218943765126,5283.10846805275,21.564472136086,10.8709465600212,11.0831211576487,16.6961703089102,36003.5720694144,26137.3893822516,1264.07088748183,0
643,612,6.7506978068722,6481.42781009272,22.7893646068818,9.61326224187186,9.77688298481924,14.7579100986866,31402.2085019487,32888.6275270068,1021.14771900676,0
643,613,7.52612897105075,5280.03845044687,21.5611164948533,10.8747729339955,11.0871018379807,16.7020690741087,36005.795920555,26279.8880876783,1218.35198380499,0
643,614,6.93920466010658,5968.09614357036,21.8575054562524,10.0736332916289,10.2518273671648,15.4665190790577,35448.5164887461,15923.2997638107,574.60063593598,0
643,615,4.63957609028938,5495.76353709473,23.0691213536871,10.7018626260719,10.9159147583035,16.4379139823933,30816.6763026988,33370.2577408814,142.826617236819,0
644,616,6.76903299305906,6286.96025609272,22.7893646068818,9.80106727617351,9.97277413321071,15.0475747124987,31387.063030392,32906.0220057731,1015.6817430529,0
644,617,5.80382207874289,5090.29234369339,22.1669378457083,11.1802165335423,11.411023025615,17.1746456474592,34762.3728574383,16842.0909666066,247.903188728258,0
644,618,7.560797129258,5010.37413244687,21.5611164948533,11.2492253029904,11.4791072492384,17.2800051010861,36019.3326801127,26274.9164530748,1248.79435258317,0
645,619,6.70026225145114,5040.86317607364,22.1320674260875,11.2485759385358,11.4824168733344,17.2801055355293,35073.530733542,17752.1882018044,1129.70121194244,0
646,620,7.16466224401288,4933.61858207364,22.1320674260875,11.4068418701729,11.6483214608914,17.5244359993774,35058.2847534399,17760.135559404,1056.18080068872,0
647,621,7.21259556913615,5018.48476007364,22.1320674260875,11.2811100271257,11.5165143726679,17.3303296899264,35067.1796204389,17758.8163078521,1071.93112695121,0
648,622,7.398571553399,4674.24040607364,22.1320674260875,11.8158851630757,12.077490112848,18.1560206784802,35056.911839629,17761.1906629612,1082.06946246668,0
649,623,7.25230317744426,4776.88156607364,22.1320674260875,11.6493446799974,11.9026896288002,17.8988552012164,35060.0004861297,17770.860577353,1076.44805109104,0
650,624,7.26559018436233,4992.94135848204,22.1641984536708,11.3210162504355,11.5585671578332,17.3919977408634,35072.633157731,17760.2810899968,1044.76071486792,0
651,625,7.29213122940054,5366.67852648204,22.1641984536708,10.8042637294602,11.0173226207403,16.594359740388,35069.1252989567,17777.7065252676,1093.1916301946,0
652,626,7.23366153993599,4645.23892248204,22.1641984536708,11.866779399302,12.13116556539,18.2346805566978,35049.6964959777,17768.8090175624,1045.4742054437,0
653,627,7.21378454086163,4745.89774248204,22.1641984536708,11.7015497054085,11.9577087217858,17.9795303449899,35059.5885531336,17750.3513021861,1058.92701012625,0
654,628,7.32894831934892,4776.38172648204,22.1641984536708,11.6527230471263,11.9064678294754,17.9041361165449,35046.3614576226,17771.7362392795,1068.95276458199,0
655,629,7.34360135112652,4376.65387848204,22.1641984536708,12.340302236935,12.6287490239594,18.9660339300526,35073.5720781204,17769.8433231124,1113.40291522478,0
656,630,7.21489523381047,4331.06005848204,22.1641984536708,12.4258243971887,12.7186918014862,19.0981429764854,35046.5668190065,17779.9066245963,1041.82848937968,0
657,631,7.25932983043997,4544.42592048204,22.1641984536708,12.0387160304764,12.3117564917988,18.5002132363237,35066.982500582,17757.6518659103,1089.60854995492,0
658,632,7.45285077639557,4161.32770248204,22.1641984536708,12.7587415562591,13.0690316847949,19.612470319027,35053.9590776695,17758.7894483008,1051.38719863523,0
659,633,7.14417572697804,4259.21124648204,22.1641984536708,12.5638791404832,12.863930254647,19.3114139808302,35076.287161669,17781.9567383055,1085.55886968122,0
680,634,10.2327245496308,6063.67261936196,23.2686785116397,10.0586486085565,10.2444063054033,15.4456787580808,28517.4659687241,29712.230120283,-1059.88504234153,0
680,635,3.13538276143137,4153.76296845304,23.1788451709032,12.8686245163658,13.1930106193511,19.7845320505836,27655.8597990492,29408.8757109493,-485.189481397862,0
681,636,9.93061991088986,5922.24367336195,23.2686785116397,10.2118782648322,10.4045364140218,15.6820985392244,28534.8995819588,29727.0216637721,-1092.09077109012,0
681,637,3.80066503870468,4110.50390445304,23.1788451709032,12.9587589282014,13.2880279390554,19.9238270822452,27558.9049133118,29400.4520970861,-843.735407190416,0
682,638,10.1641217427473,5813.96385736195,23.2686785116397,10.3335785185262,10.5317782441408,15.8698879741525,28512.9436708698,29710.318119811,-1088.42617042449,0
682,639,4.46302601959797,4239.51018645304,23.1788451709032,12.6948070529675,13.0098460469838,19.5159309590238,27464.2478922652,29691.5389597932,781.352687825139,0
683,640,9.84514566220013,5357.34285136195,23.2686785116397,10.8937570474624,11.1181462506871,16.734457726146,28518.6437519951,29711.5339892616,-1084.62877866341,0
683,641,3.8171437096489,3794.91537645304,23.1788451709032,13.6713962132193,14.0401155241836,21.0253782204643,27554.5844429432,29365.8904341457,-761.462309228918,0
684,642,9.99647090537669,6106.24887736196,23.2686785116397,10.0137337409996,10.197485126615,15.3763835842801,28513.0867367017,29713.9847860626,-1057.17445442322,0
684,643,5.30146601903672,4502.55761983783,23.3102649555813,12.2095329022111,12.499944296879,18.7664382497258,27416.4701884101,29741.257952478,722.549926007225,0
685,644,9.73323971811128,5961.02002033232,23.2517099004678,10.1681901242659,10.3587741731623,15.6146621205469,28483.9979135482,29700.1339616112,-1054.99646622097,0
685,645,8.61876116700548,3042.28099417449,22.2217272111429,15.7696320178327,16.2524846947708,24.2681342667015,33566.3565486513,32507.2958361457,-1421.60743980023,0
686,646,8.74467310886454,3436.38584768455,22.246329449261,14.5143346230027,14.9226760261042,22.3263970775902,33554.9687069164,32517.0070939863,-1404.85237542826,0
686,647,4.13579886123922,2616.77180964694,21.5132401883255,17.394896849197,17.9714867199894,26.7813920803018,34472.5415092258,32470.8381997492,789.620295258856,0
686,648,5.92131349174396,1264.31736207566,22.2907983353869,29.8734221077906,31.406728762739,46.1434232996722,27018.6960177195,24012.8102118528,384.542895365847,0
687,649,6.00542631965798,3240.11564007566,22.2907983353869,15.1121661445323,15.5560670288301,23.2511643910256,27009.7993079625,23993.037003549,287.941454238924,0
687,650,8.53911940634662,3278.81184368455,22.246329449261,14.9848368644221,15.4207270928986,23.0540823115443,33515.2834774371,32495.3209197585,-1471.5874891583,0
688,651,6.11416081536438,2165.31291807566,22.2907983353869,20.034552844431,20.7998246305579,30.8733116179764,27028.9548412757,24004.65487264,352.996384433148,0
688,652,6.88505986121565,3554.34973637433,21.8678421404539,14.1442990992449,14.5278110277115,21.7532223236084,35883.0350850106,17719.693027061,751.194349370489,0
697,653,6.13071121059641,4433.87237733816,21.9307048962266,12.2147511270462,12.494935159071,18.7716011269419,35267.3895266528,16229.9688882333,486.526200994194,0
698,654,6.07547529836924,6353.41625133816,21.9307048962266,9.68572074861453,9.84767336521075,14.8683422941896,35260.1795119916,16241.7784056927,502.931701057445,0
699,655,5.95030672502261,6540.72535533816,21.9307048962266,9.50947535749442,9.66403639920289,14.5965609737077,35273.2857950486,16253.7889399358,503.201813268164,0
700,656,5.96276420534161,5728.48773924993,21.7604222876978,10.3340965630357,10.523180102106,15.8681589421888,35255.4833235401,16239.8767241972,505.828682315794,0
701,657,5.6676468784496,2716.72112790815,21.7362781827584,16.98112596265,17.5340021126459,26.1415916008248,35180.3104656692,16076.3513936904,416.930082534241,0
710,658,5.52275606002541,4182.26548750103,23.1484811311712,12.8073612717204,13.1282008923839,19.6897921113325,30007.1135969546,30110.6081879937,20.4926211119122,0
711,659,5.75527736207991,3321.5457538916,22.7735932758168,14.9165327839427,15.3536452665718,22.9498811735045,31836.8031895556,30035.9277642069,78.809600399016,0
711,660,5.52396704919327,3637.36427350103,23.1484811311712,14.0650225492903,14.4558840746073,21.6339175869714,30029.355303419,30051.1753421942,-13.2143025734128,0
712,661,5.5934671516344,4314.7421458916,22.7735932758168,12.5113910000449,12.8135213488687,19.2316564723256,31826.7717316836,30066.1269347955,97.6466547440876,0
713,662,5.6513874183683,2676.43442663751,22.8109391951753,17.3236469459137,17.9115267158603,26.6754548785037,31810.3604649339,30064.5915715822,124.435084208806,0
724,663,5.90367616385528,5448.22517772208,23.3398724760135,10.7805662004939,11.0000196316933,16.5598596116874,29817.1402362534,30861.2725884702,371.989282652735,0
725,664,5.77938310109077,6095.94375972208,23.3398724760135,10.0288303819444,10.2136575784676,15.399785931815,29822.322543016,30875.8180549476,376.021626824967,0
725,665,6.55178935695164,3657.61856787775,21.9699434569802,13.8855140059187,14.255423923738,21.35340817717,31336.5713905912,17786.5624226948,613.183328543615,0
726,666,5.90959155063255,6219.61974972208,23.3398724760135,9.90093403274462,10.0800747643791,15.2024732616499,29823.6088822144,30865.3856467211,353.202011356048,0
726,667,6.20050868709608,4655.17610787775,21.9699434569802,11.8340966793564,12.0954042239446,18.1838105627055,31318.2112154076,17781.577959485,645.195379030496,0
727,668,5.85487819611963,6391.48862772208,23.3398724760135,9.73037736408886,9.90203000198105,14.9393722890244,29824.0031637997,30857.5367020011,378.456456991297,0
727,669,6.25600705439285,4785.34976787775,21.9699434569802,11.6228598663697,11.873723006356,17.8576355915091,31316.922350438,17779.9259467872,616.423497379031,0
728,670,5.87511541184403,6454.17462372208,23.3398724760135,9.67013994719755,9.83917415156139,14.8464571559598,29852.4756406626,30884.0098139499,379.716171331961,0
728,671,6.3700099608914,4606.93916787775,21.9699434569802,11.9150381925329,12.1803860087954,18.3088044232033,31333.3764772702,17775.4275268309,604.46998691197,0
729,672,5.74228933691337,5681.22116150945,23.3393849846131,10.4928813679263,10.698841369508,16.1158399142184,29884.4006415751,31445.726147015,455.223064365626,0
729,673,6.26681970372122,4473.48363387775,21.9699434569802,12.1469787630971,12.424019906788,18.6670101456785,31324.808218378,17786.5915707988,614.921360165608,0
730,674,6.45875680408963,4604.33561748858,21.9875644028955,11.9209293540429,12.1867048192249,18.3179387375873,31302.9893879612,17781.4280223552,605.344568055953,0
730,675,5.80290272352277,3919.3306783017,23.4700585294293,13.4068578635659,13.7632091862675,20.6170990590111,29871.3611119813,31461.9995977727,457.09290163719,0
731,676,5.94225855141961,3100.9502816864,22.1745730445693,15.5579844946938,16.0274486097505,23.9405234434485,31295.0193513824,19358.7414171116,367.348954903325,0
732,677,5.88929694609481,3018.2867036864,22.1745730445693,15.8494214573673,16.3366464351634,24.3914549499242,31318.6980767602,19393.3816525103,349.095547861409,0
733,678,5.94715163796521,2935.0063976864,22.1745730445693,16.1579968033773,16.6642555045682,24.8689668697363,31325.5463539875,19399.9884025172,371.740064975243,0
734,679,5.82872189028269,2689.0200296864,22.1745730445693,17.16993942421,17.7402096800788,26.43535810458,31317.619328943,19397.5839187408,386.687305636329,0
735,680,5.88959878567361,2824.98844039531,22.1823427662512,16.5919392067844,17.1254432474005,25.5406124615253,31392.1825544796,19426.9964939022,352.567906452745,0
736,681,6.14456754340223,2365.12961239531,22.1823427662512,18.7930167996364,19.4708470178733,28.9490749752985,31464.8605946344,19419.8382933118,346.411181285345,0
737,682,5.78997380944508,2343.52210639531,22.1823427662512,18.9157462256381,19.6019284098977,29.1392107401235,31457.5771835261,19394.1775837962,363.849031376542,0
738,683,6.23663643003206,2448.37223581117,21.675386614049,18.2521768987286,18.8868995232946,28.1094554687221,25995.4157713801,19982.2977892482,722.516528918549,0
739,684,5.74936927809055,2836.06815600015,22.2906189805974,16.5625586670334,17.0954574892418,25.4954793726733,33279.5059270898,22052.8576737064,-29.0476642464517,0
740,685,7.73532597037791,4558.62140553161,21.6086946003859,11.9668464802811,12.2320357498492,18.3880512566579,32003.9755004437,15120.5542312544,1159.60392060837,0
740,686,5.55341156405075,3182.26717857534,22.2282618988196,15.2914547850803,15.7454222958616,23.5283356057352,33339.7649671229,21953.9431592571,50.4647290548237,0
741,687,7.53151676162517,4490.54123894364,21.6208736072149,12.0864111246377,12.3576835897952,18.5727205687722,32012.7732142137,15115.6265894245,1153.81720990442,0
741,688,5.79702029155588,3135.93925737547,22.2229088718786,15.4450310483969,15.9081789730544,23.7659103101573,33366.5637376004,21884.9674837005,16.1843606390562,0
742,689,5.75553149180583,3024.60507057534,22.2282618988196,15.8338318251876,16.3206864720663,24.367493299262,33361.5303193216,21895.325924029,68.0236761971694,0
743,690,5.73917423245173,3202.09057857534,22.2282618988196,15.2266761955717,15.6767656555315,23.4281248033537,33372.9092660809,21897.1038160107,-16.6764914438659,0
745,691,5.82283604422392,6778.9099866765,22.8934385361696,9.34974907783523,9.50279166787194,14.3516877005117,32252.3229142274,30177.2571788316,193.577741482487,0
746,692,5.6655586070818,6041.92161217789,22.894957287232,10.0590549202346,10.2426938211239,15.4457143596062,32250.4791797185,30161.5265413672,204.290232707961,0
758,693,5.09624376361243,2415.97449814189,23.0946841301006,18.6685803641454,19.3499682195576,28.7596074599939,29313.3560530785,27510.9829585164,29.7274969135948,0
759,694,5.71301061832922,2594.25747249848,23.0949301193849,17.7516773693617,18.3711900600223,27.3392605359229,29283.0325543767,27489.1315674593,-73.7698537955489,0
760,695,5.52635789583892,2584.80318966132,23.1863284107822,17.8117891568046,18.4364166770529,27.4326693679366,29312.9054470712,27486.249880684,-16.8064787607147,0
761,696,5.54340433739854,2663.56060666601,23.183724296762,17.4391744820973,18.0390637160133,26.855575477307,29303.0697975655,27481.2882647668,-42.2424929716866,0
762,697,5.56994464120486,2843.43248166132,23.1863284107822,16.6603292967447,17.2096101137681,25.6496277117003,29305.8601143535,27508.5008117621,-10.3478706388943,0
763,698,5.39318051853478,2489.07819366132,23.1863284107822,18.2931136690638,18.9501011918816,28.1782412617483,29345.2514834314,27511.519047077,-43.855215222009,0
764,699,5.53235328150854,2810.69428666601,23.183724296762,16.7950150404332,17.3529240868412,25.8581383189867,29302.3304465068,27484.4750243688,-39.1534518541983,0
765,700,5.57685544001247,2991.483672931,23.1557444962274,16.0791265815462,16.5912108815682,24.7498621141316,29296.1607959927,27457.3959413348,2.58179972559747,0
766,701,5.50731747051792,2471.626020931,23.1557444962274,18.3794754010736,19.0419346218954,28.3119235197286,29307.6934198721,27424.9338422365,-31.0205259598307,0
767,702,8.3855999064005,4881.97510031207,23.3458612241251,11.5794899004841,11.8379462166922,17.7933570144202,30712.2097842693,29248.188108479,-1352.76678118496,0
767,703,4.56851868521075,4237.89441774293,23.0828831632756,12.6893536531449,13.0033459437569,19.507295901643,31672.6626137677,29217.5341474628,899.487543258448,0
768,704,8.55946817002215,4313.39593631207,23.3458612241251,12.5647339399952,12.8741288411058,19.3153008105913,30706.9906168712,29278.8987824338,-1359.41957011755,0
769,705,8.62293078049172,3891.09143831207,23.3458612241251,13.4598701808598,13.8181406398772,20.6987621804901,30700.1403148248,29268.8728767641,-1317.02219638377,0
769,706,8.35498352319762,2847.84274206662,23.1305537380306,16.6344778128009,17.1814780007058,25.6094343222543,30723.9859536655,29265.7279467911,-1303.74455928419,0
770,707,8.50515596345573,4639.87315697807,23.3234303150614,11.9710374370033,12.2492045119675,18.3980491003258,30736.2040099636,29268.9467705051,-1334.3352422405,0
770,708,8.05241224494324,2896.61535185608,23.4002946917314,16.4764204629071,17.016300429412,25.3655692238109,30703.9596972774,29279.0591993944,-1291.85391911132,0
771,709,8.55691488848438,4692.18490697807,23.3234303150614,11.8830285228071,12.1566870967611,18.2621098070766,30742.8607248932,29241.001391159,-1264.69580340313,0
772,710,8.73646533930176,4958.89774097807,23.3234303150614,11.4599292988406,11.7122650099436,17.6086835021685,30752.6496600284,29244.7082734122,-1297.5622648928,0
772,711,5.48374397240825,3607.9960311596,23.0552123221565,14.1323020688628,14.5261888065385,21.7377211527354,31638.0788450357,29004.5458545417,397.400256409913,0
772,712,5.66222945366709,2426.24090668393,22.2495368849694,18.4683157498369,19.1250850891812,28.4463246752585,26748.2830415145,21918.3742773257,345.864912887817,0
773,713,8.42003238091079,4671.45844097807,23.3234303150614,11.9176900930086,12.193121328249,18.315647539678,30754.8835220371,29255.0205066361,-1326.39375349855,0
774,714,8.44760588376933,5020.33021885115,23.3471750605351,11.3698811576097,11.6179145953709,17.4696798541645,30740.3157307909,29249.1242523297,-1278.04281431306,0
775,715,8.48394244916088,4910.75086885115,23.3471750605351,11.5351170341989,11.7913618737049,17.7248352174258,30741.1927984625,29246.6790531443,-1308.53706532165,0
775,716,6.02940282347001,3876.4489191596,23.0552123221565,13.4650279760928,13.821117421539,20.7060546438986,31618.5915959537,28949.7625990741,374.508155290097,0
776,717,8.50843618929053,4712.16248897807,23.3234303150614,11.8498745670647,12.1218412084135,18.2109017053852,30765.4062950215,29248.7549919802,-1361.64309303447,0
777,718,8.34776544174641,4814.69548285115,23.3471750605351,11.6854013795259,11.9491930300962,17.9569240670497,30732.2511464054,29247.9594732704,-1276.53269709396,0
777,719,5.63920865201285,4163.46599339669,23.0960453302818,12.841005742231,13.1632387928111,19.7416683761994,31660.4509869671,29045.2142598722,533.745830640864,0
778,720,8.53397297677448,4275.87148097807,23.3234303150614,12.6358819830756,12.948899251732,19.425190151973,30748.8140321126,29236.0291575265,-1279.329805885,0
779,721,8.71309401716578,4577.38539497807,23.3234303150614,12.0784951447403,12.3622006935023,18.5640383719829,30740.6954570795,29256.4073672368,-1249.35544670602,0
779,722,5.1371909070947,3412.6914891596,23.0552123221565,14.676505809784,15.1021324662884,22.5793600769951,31630.0474514065,29079.730553062,453.782282603617,0
780,723,8.52054874091101,5032.60410795306,23.2976846837287,11.348089561777,11.5947147975067,17.4359396449851,30726.2220437543,29228.4263349198,-1337.71098789564,0
780,724,4.73980947942655,3724.81375886413,23.044027411562,13.8301928757834,14.2067120176691,21.2705628568759,31628.5230154562,29072.7682026605,553.314088859008,0
781,725,8.38524324006123,4089.91333395306,23.2976846837287,13.0134111943755,13.3466162126701,20.008556484388,30731.6538552001,29264.9889327689,-1312.38534540163,0
782,726,8.22451958203779,3779.85333195306,23.2976846837287,13.7202409919218,14.092751868492,21.1011792414029,30743.0854947005,29262.7857156637,-1331.27202313368,0
783,727,8.40557147398963,1953.28120395306,23.2976846837287,21.8009841134886,22.7092895240039,33.6162204829801,30724.1353003709,29276.992437327,-1330.33501465791,0
784,728,6.44013925611605,5194.92847219647,23.4611971576721,11.1274993551971,11.3643957021385,17.0956471326459,28944.7314487807,31220.630567344,920.038329992887,0
788,729,6.63704603155501,2604.19536926136,21.9379647878219,17.5213730525202,18.1114782466158,26.9786841548674,27007.629863653,19273.861043727,809.907886502227,0
789,730,6.55046114218507,2140.47448998678,22.6111551464374,20.2643248532118,21.0505099999776,31.230735788897,24990.2251259121,26527.3754633666,754.418500858471,0
791,731,6.47781522500858,1303.34996629936,22.0719346199205,29.1083181240187,30.5727183980296,44.953401536818,26972.8644952567,19304.8248264385,777.331872923802,0
794,732,6.61364145721136,1776.05730397447,22.0341965520693,23.0730900068506,24.0562120592398,35.5837749734489,27006.3329860258,19231.6149655961,767.551557278896,0
795,733,6.21278441702039,2654.39958320995,22.7233397720314,17.4108369066441,18.0033683902581,26.8101787861219,29958.6357449327,21896.6304733404,725.018315497029,0
795,734,6.38735084966946,2294.30705797447,22.0341965520693,19.1760274542804,19.8779684509179,29.5419073429814,27004.4705504171,19284.5661310705,795.137652339863,0
796,735,6.21585451892647,2979.26732272853,22.7174123565561,16.065737160954,16.5722507113399,24.7278353944654,29922.7065903493,21902.5574702121,752.81057634047,0
796,736,6.70179962868844,1867.26094195911,22.0954149288264,22.2567098308857,23.1797742742417,34.3177644345941,27016.5568965735,19278.6400046405,781.742032220436,0
797,737,6.32347279570642,2821.24598204055,22.700176900103,16.6819481045936,17.2271148889099,25.6815817925429,29925.2940168038,21881.2621659256,702.883850119433,0
797,738,5.683672694981,1419.59667940492,23.0086151040571,27.5716285697692,28.9282542308582,42.5717746347917,32589.1577578398,26484.7055229532,-43.9321640795018,0
798,739,5.62328423104033,3395.32887940492,23.0086151040571,14.7221953191993,15.1500750923983,22.6499077521335,32629.7869407769,26484.3953403509,-42.1833210876689,0
798,740,6.82720453401747,2193.57450671673,22.6168901516287,19.9118013691944,20.6731010073016,30.6843486854007,30659.7258837654,20992.7334717705,889.134948735016,0
799,741,6.53172387672302,4472.04916089446,22.9087467759517,12.2303505893856,12.5188402704001,18.7977685634282,32981.1549417746,26319.7254539882,522.139684132332,0
799,742,6.98423516771895,2054.76665471673,22.6168901516287,20.8717873819406,21.7016183181929,32.1724723670195,30654.3221448093,20965.1822148615,816.111518262782,0
799,743,4.82758890780825,3850.03333869506,23.022492307157,13.5236915194717,13.8827718930973,20.7966623641015,32656.677151665,26493.5464553236,-5.70862087106348,0
800,744,6.0813882055745,5181.09405984163,22.8768415794542,11.1046742533108,11.3366344748804,17.0593502024558,33033.8791209875,26218.3511635003,656.036052691791,0
800,745,6.53934975683074,1792.02091673164,22.5942674905378,23.0575319433984,24.0489884988431,35.5622642880441,30684.7413999424,20976.5928381736,884.430768988219,0
801,746,6.16931039256204,5039.86334784163,22.8768415794542,11.3060639643218,11.5477875314026,17.370266893987,33041.0913736832,26190.7929821468,702.51220641904,0
802,747,5.88434260842557,4723.61403984163,22.8768415794542,11.7952197984123,12.0612203722189,18.1256071188838,33043.7327966329,26212.5277942268,690.476014029703,0
803,748,6.13421051859182,5273.40502584163,22.8768415794542,10.978175897448,11.204073962521,16.8640742711433,33042.0014283764,26204.7994373301,695.844604082256,0
803,749,6.25327714714136,1947.8431684669,22.5226430532534,21.6765367857266,22.563607954804,33.4199009489342,28658.0418065743,20864.3847760217,709.733120055081,0
804,750,6.03991441944237,4936.53938184163,22.8768415794542,11.4598012168343,11.7090696345257,17.6076401661828,33041.3183702459,26192.8135498616,703.480101730005,0
804,751,6.16969807603071,3499.5087229644,21.7052396062043,14.2747782302964,14.6641228609604,21.9545253496564,35403.6309546423,18583.5755780808,536.285637177086,0
805,752,6.15267411905628,4604.76174384163,22.8768415794542,11.9943049442423,12.2704097393508,18.4330898149039,33040.7563637952,26190.538416117,676.779645365174,0
805,753,6.05247582663531,4927.7846929644,21.7052396062043,11.3823572898375,11.6196257189466,17.4857996033518,35396.5057357668,18566.2093741574,552.120988515941,0
806,754,6.1247936380177,4723.28364984163,22.8768415794542,11.7957609467722,12.0617888123479,18.1264428633723,33036.2718217098,26200.2283710191,685.452216262627,0
806,755,6.35345852620683,2616.71867219517,21.7943362304518,17.439903932367,18.0229287523335,26.8520469814236,35789.9890566245,20673.2904406369,720.362426128207,0
807,756,5.98218020214553,4926.69375984163,22.8768415794542,11.4747465817624,11.7247526588004,17.6307172459532,33055.5201787379,26216.773994665,684.426916447234,0
807,757,5.97950104218862,2975.93815570913,23.4386356199479,16.1751644807716,16.6963211340681,24.8993452834944,30136.9692371954,30249.163176852,281.948427215744,0
808,758,5.51617194137277,3810.85571170913,23.4386356199479,13.6592430674219,14.0295181788861,21.0072070802121,30140.6684032581,30261.6798302137,250.020162371282,0
808,759,6.00162209689903,3203.99624784163,22.8768415794542,15.3014587005559,15.7627000472509,23.5456504396064,33039.1348297948,26180.1751985655,705.956433166625,0
811,760,7.4064288299336,5109.47547187333,23.5571966189503,11.2553910558584,11.4991754925937,17.2932834072029,28520.762190132,30908.5559034739,1197.71895532861,0
812,761,7.46295255817191,3077.31265987333,23.5571966189503,15.8195882122648,16.3196612681514,24.3493349086683,28504.8778764907,30895.4383727718,1184.6353441882,0
817,762,5.76107876544749,6249.65952815087,22.7730953447123,9.83728960222948,10.0104802466732,15.1034218824055,33011.4812591929,24366.485985433,-113.47672532961,0
818,763,5.49856677184596,4563.74543615087,22.7730953447123,12.0564598470963,12.3349754386689,18.5288813059002,33007.6235618595,24385.4979992222,-132.720014163477,0
818,764,5.68624065042539,4299.9231257349,22.2347737814499,12.4915244406398,12.7883654655085,19.1997915084571,32492.8273881927,18893.0383239268,192.06172121371,0
819,765,5.499898442739,4274.41190015087,22.7730953447123,12.5894298985811,12.8956712240597,19.3522269772988,32999.2790703244,24387.6044199597,-149.604507662406,0
819,766,5.75321193157005,4355.36350568608,22.1956874842686,12.3828443844123,12.6737353919727,19.0318179631004,32392.8326415557,18566.7792010069,242.424826779301,0
820,767,6.19520240083725,4382.85010362417,22.0931153156652,12.3225099493771,12.6094825913028,18.9383964869117,31513.4676652681,18044.6286042735,479.888396773638,0
820,768,5.61336916317973,4255.59988807991,22.7042727172472,12.6200704037228,12.9273873983593,19.399418123927,33012.871921792,24391.4086919021,-145.27969037975,0
821,769,5.65136152826607,4020.31815607991,22.7042727172472,13.1065823050131,13.4399858993228,20.1512069232905,33001.320497328,24382.3766144465,-165.446047752714,0
822,770,5.43264479234599,4221.32743207991,22.7042727172472,12.6879355051698,12.9988484911293,19.5042758027747,33008.4013156653,24380.3728313988,-115.792508858153,0
823,771,5.35886753211809,4619.02888807991,22.7042727172472,11.955686621784,12.2285540338354,18.3730919634808,32980.3031242485,24368.5322685644,-150.300000344039,0
823,772,5.86821346462426,1779.10384609501,22.9812706319246,23.274367484941,24.288817312822,35.9004692744214,29813.9595962662,25870.4088554588,62.040037903664,0
824,773,5.74422286515067,3004.18996609501,22.9812706319246,16.0088029569016,16.5146176103169,24.6405061298413,29807.1136974579,25881.3623508323,49.5476519263292,0
824,774,5.30730629526591,1673.55798607991,22.7042727172472,24.2818877182845,25.3693190325401,37.4625863776763,32966.1415759914,24350.8099332116,-127.186233679047,0
825,775,5.69424381115502,2676.06864409501,22.9812706319246,17.3512089792109,17.9429175766039,26.7186926468597,29795.0644993483,25878.7375266661,53.1854908833163,0
826,776,5.74523723653894,2590.40953009501,22.9812706319246,17.7523546201922,18.370528500417,27.3399282986012,29803.9161540401,25882.6930049932,37.6226784971618,0
827,777,5.47663217002985,2695.98014809501,22.9812706319246,17.2612990189473,17.8471248694097,26.579466768082,29805.0301805129,25899.0855802046,40.150468529008,0
828,778,5.68790500266495,2561.02684609501,22.9812706319246,17.8955919848031,18.5233011838972,27.561776902048,29796.7317990137,25880.3248702639,65.6669216989144,0
829,779,5.88401388595329,2951.7224942389,22.5924615949253,16.1521739603576,16.6627097305414,24.8612332544335,27282.6070643045,22200.9665873751,392.930986263127,0
830,780,5.95203179615628,3483.48198940519,22.6227837468085,14.4240132401483,14.8307368548331,22.187716413927,27289.5800920974,22161.6376057102,455.501095612434,0
831,781,5.7433284262984,3765.04034740519,22.6227837468085,13.6867846388744,14.0514909670156,21.0478233376892,27273.3411786056,22163.6517784532,465.903216970298,0
832,782,6.05687399225815,3235.84367140519,22.6227837468085,15.1668368808469,15.6173864258873,23.336668738123,27290.3171891385,22163.2393273315,451.345835401491,0
833,783,5.96980777256871,3984.26512540519,22.6227837468085,13.1776843897385,13.5142737268693,20.2609053413227,27295.7786702842,22161.6549516505,432.750212896241,0
834,784,5.95401014024326,4303.46591740519,22.6227837468085,12.51960065336,12.8209797321767,19.2440137394759,27282.5869102569,22170.0047560292,456.564238547054,0
835,785,5.98695476968971,3898.23156940519,22.6227837468085,13.3713867525277,13.7185854885455,20.5602875026619,27268.8912969584,22150.2616638196,474.595142554909,0
836,786,5.9667153703429,3907.43843740519,22.6227837468085,13.3502947021746,13.6963328751179,20.5276866326153,27275.760009343,22174.274573914,443.450294430533,0
837,787,6.00236111056536,3681.29749540519,22.6227837468085,13.8954965394379,14.2719443962804,21.3704888043603,27282.5879377498,22169.5176966937,453.536477833206,0
838,788,5.91227704727226,4760.50541740519,22.6227837468085,11.7149253534049,11.9750697152106,18.0011020980135,27287.347602136,22178.8756862206,497.677709537872,0
838,789,9.26874480270744,4053.68619090411,22.6708104792572,13.0313317035848,13.3603767651203,20.0348357832004,33061.3128057611,26782.1777564437,-1222.62339222856,0
838,790,8.89275464295044,3063.01190205782,22.829098774962,15.7760064592861,16.2657556563916,24.2797900482832,33040.5835692869,26794.910862333,-1193.47039925838,0
839,791,5.71558889413304,5997.84798093283,22.6324411701731,10.090043555285,10.2735374574871,15.4931008572022,27277.020283499,22174.2695623251,414.587802517365,0
839,792,9.07200180995814,4446.21153690411,22.6708104792572,12.2567323433578,12.5447830846882,18.8380237657582,33083.0521912682,26786.0559895664,-1178.23259584514,0
839,793,3.25900818014245,3088.95853005782,22.829098774962,15.6846064815007,16.1687274425109,24.1383537024367,32188.728570974,26582.7433925492,-1031.20355219452,0
840,794,5.89379405433172,4599.58770144673,22.7022082197289,11.9886971066947,12.2632280685663,18.4240726650634,27667.2802616952,21578.6735660764,464.102930293908,0
840,795,9.29940402088199,3163.97561005058,22.6378202349837,15.4038383628529,15.8688293487566,23.7033735052782,33128.9223295764,26746.5600133818,-1252.44619027001,0
841,796,5.90308467442414,3659.88500550087,22.1255902192157,13.8966144912013,14.268584741297,21.3709652731976,34910.3525193799,20913.744682138,369.958881001292,0
842,797,6.00177262336171,3377.25011682984,22.1675071954099,14.6769544397881,15.0939726057071,22.5776743549062,34867.9378476165,20913.4589451105,355.204997443542,0
843,798,5.97584898429038,3662.88054150087,22.1255902192157,13.8889718558411,14.2605132728044,21.3591501801859,34876.7909185084,20920.0659384776,355.609917660517,0
844,799,5.82347446395161,3303.89703291419,22.1357736872371,14.893823097491,15.3232249898151,22.9129997636827,34907.1639924001,20937.4567739037,378.127099129805,0
844,800,5.53025826893905,4445.37733282249,22.9742949205778,12.2843779210967,12.5761702425314,18.8813671935069,30864.2343229602,28903.5916281965,-211.892075312204,0
845,801,5.54704211127388,3822.6986329895,22.995837710486,13.5858775319351,13.9482048990128,20.8927317226219,30851.7940210759,28896.326405498,-185.896068062165,0
845,802,5.89712262263697,4008.16286082984,22.1675071954099,13.0808676187459,13.4083630904049,20.1102215142871,34872.7918139686,20917.5802600919,367.286069765937,0
846,803,5.55245665962141,3400.6143949895,22.995837710486,14.7051194278597,15.1318669334638,22.6234614619392,30854.7029835786,28901.0998586785,-186.231083292119,0
846,804,6.04835771555388,2857.03354491419,22.1357736872371,16.4560820147974,16.9805013023991,25.3301831654868,34899.7734302845,20935.1293342164,364.667949642748,0
847,805,5.42551967165759,1449.35027005711,23.080115759612,27.1625263985659,28.4869933762249,41.9367718478994,28921.6370594181,27578.6046883095,152.094796919982,0
878,806,8.4141754477673,3543.84118657222,22.0592729304436,14.1941044114028,14.5822639422184,21.8307293810784,33997.3402406102,18629.9972530195,-1422.66639502333,0
879,807,8.46726591098237,4696.37366257222,22.0592729304436,11.7734627381545,12.0324182565989,18.0903629566601,33935.5057935233,18644.2764151272,-1409.67090743375,0
879,808,7.36487678927277,2866.56132344803,21.9106592083991,16.3860589703546,16.9035103214151,25.2210948712972,27226.1568938564,18454.676433532,1015.42959341084,0
880,809,8.60619234667067,5146.70237461858,21.9982611496377,11.0881659444059,11.3134413679635,17.0322372530515,33916.6253146831,18656.2822504902,-1411.54321228921,0
880,810,7.33470914762416,3312.5426579344,21.8909253511471,14.8376499397594,15.2612798447922,22.8254373404987,27217.2762719818,18463.4161199588,1067.89732926521,0
881,811,8.41661644507742,5432.00515261858,21.9982611496377,10.7087905073623,10.9163512776351,16.4467218350822,33928.0656550259,18649.54406719,-1420.57692225137,0
891,812,7.54034029708296,4490.04155014089,22.4950797341031,12.1627011120314,12.4445703310934,18.6924057141625,22850.9774716028,23815.2421858973,1213.74478827921,0
892,813,7.48865199199631,3905.38340614089,22.4950797341031,13.3422296133333,13.6867271665048,20.5149183321629,22866.2247929665,23846.8649842157,1230.98034781408,0
893,814,5.34082266466387,4984.79457088911,23.1817983828937,11.4103272136756,11.6592419401737,17.5318244249019,31076.3336626698,29964.7713248394,-190.362640703513,0
893,815,6.71548028682251,3761.25067351808,22.4490161960477,13.677925719697,14.0405918351944,21.0337024279814,23667.438516344,22645.515408316,906.364484267421,0
894,816,5.34206162535285,3472.62156688911,23.1817983828937,14.5179734898109,14.9354624431084,22.3344873302626,31057.919779157,29942.12520196,-187.736800415398,0
894,817,6.40614985401378,3923.47216351808,22.4490161960477,13.2964868810428,13.6380828428583,20.4441100852124,23638.6394286889,22655.8279085367,906.802457722124,0
895,818,5.30091083918356,3652.88235088911,23.1817983828937,14.0281410338222,14.4171839910983,21.576970034999,31072.4999727937,29946.8340930266,-149.813857378655,0
895,819,6.958428968139,3244.38238331836,22.4061636765795,15.1128470467827,15.5579657464205,23.2525420541398,23209.0776219765,22886.8236553025,924.392566856401,0
895,820,10.1293472509215,2825.24538412683,22.6753133038194,16.6619513152928,17.2055598792066,25.6505478789865,28973.8158544108,22654.4166485476,-1008.35357594119,0
896,821,5.40321931500926,4482.22732888912,23.1817983828937,12.2352232069155,12.5260164616614,18.8058617968677,31082.0747429253,29961.8100449148,-169.027498185284,0
896,822,6.78053157454148,3863.95173731836,22.4061636765795,13.4287761420556,13.7772588272663,20.6484744576888,23196.165905731,22861.3413823859,965.224157312603,0
897,823,5.57160665394938,5598.37285288912,23.1817983828937,10.5823475810636,10.7915098948592,16.2536494667684,31065.3906014058,29972.5293062844,-182.001885360816,0
897,824,6.89740854545523,3568.60494381051,22.4428178089585,14.1702388436284,14.5606525160835,21.7948251187569,23219.1098403066,22879.355089862,952.630653960935,0
898,825,7.02157204939285,3812.08050731836,22.4061636765795,13.5508822412291,13.9061064138001,20.8372136466296,23193.2173181733,22890.4159851085,1005.93934592549,0
898,826,9.03366685489619,4663.82307164894,23.1898779976965,11.9197078422559,12.1942815725791,18.3184988764061,30809.4881527388,31001.4400402207,399.305962968634,0
899,827,6.63753062182897,3159.31797131836,22.4061636765795,15.3900144867604,15.8517638235339,23.6813232476001,23224.8070423067,22873.448222066,987.62474822745,0
899,828,9.50746190464616,2013.89021812189,22.6541550219764,21.1855965750439,22.0387586397158,32.6591810584206,28867.5304762051,22132.5697260331,-1272.88408896401,0
899,829,5.93704089732095,3977.14856548711,23.1971979759632,13.2493545331229,13.5946836583993,20.373004984908,30685.9157779841,29568.1459352758,-262.101005175249,0
900,830,5.64564900014613,4300.3847078523,23.1266671173338,12.5705184595597,12.8785251894283,19.3237707898895,31673.82658669,30695.4367719665,158.901854278851,0
901,831,5.74586641872717,4399.7880458523,23.1266671173338,12.3815858990745,12.6796177220434,19.0318628982199,31668.9167924843,30707.6409289682,142.961118639307,0
903,832,7.22090365988699,3114.94227542499,22.4156481269212,15.5412383304826,16.0122441177142,23.9153185005244,30164.4367711006,20244.8130787518,1039.88460129147,0
908,833,6.19483403273126,2250.63929936953,22.628853482298,19.5511489472523,20.2873141446716,30.1254522422073,29466.7182099808,22049.4565709699,651.979297594964,0
931,834,6.32740433509645,1857.8004451151,23.4649228831424,22.6550692906587,23.630185842307,34.9418016194284,26366.0982261916,26867.8920328067,812.344096802877,0
932,835,6.26026979880763,1992.3793051151,23.4649228831424,21.5231772573479,22.4133937557994,33.1860567036289,26375.5949962506,26918.8460111911,830.062511455041,0
933,836,6.50437709688143,2935.5987031151,23.4649228831424,16.3327455539157,16.8641725795402,25.1433491208347,26362.5311975505,26893.1620057531,767.614221628584,0
934,837,6.45724870167294,1907.8875691151,23.4649228831424,22.2164452925202,23.1584140666513,34.2613566742007,26358.2775159612,26889.395543874,807.760175875801,0
935,838,6.46787056254528,1423.6679851151,23.4649228831424,27.6530766069056,29.0253767090923,42.7007659749834,26344.9023957985,26879.6510951975,777.697224429082,0
936,839,6.18976769732873,2277.94002235803,23.2619915134598,19.4988918354289,20.240070589676,30.046855371488,26815.1903927767,25228.9362486266,448.647479752292,0
937,840,6.07721600575915,2527.84846022777,23.236396403861,18.1022287055137,18.7469438573972,27.8827148647962,26806.3117579041,25196.8980061084,482.936228204098,0
937,841,6.94976201157917,2927.37580163503,23.5340631751457,16.3740337426902,16.9088364394863,25.2074697272586,30393.6169391397,32752.3005532171,1141.32897641926,0
938,842,5.99241703455318,3789.30813196877,21.9464919619265,13.5575916731585,13.909094840035,20.8464560422399,35535.7480530457,25102.6959751878,691.700382579598,0
938,843,5.79340721767147,2584.05881222777,23.236396403861,17.8232873857876,18.4492906596444,27.4506461388023,26802.1260531255,25181.6820084814,488.975014399929,0
939,844,6.01499095341382,4603.21288396877,21.9464919619265,11.919382289554,12.1847707408934,18.3154641231265,35510.5226551288,25133.6187129164,672.775114062869,0
939,845,5.87214021677585,2318.05081022777,23.236396403861,19.2522746781839,19.9758504262267,29.6645627638082,26815.8793496009,25210.4735842341,492.997863058922,0
939,846,4.88750396013533,4220.70402706988,22.3234845781773,12.654256775854,12.9603316848676,19.4513964857402,35277.7120603247,25773.8154941851,-290.252897895726,0
940,847,6.00518097631138,4438.22416315055,22.0019373056282,12.2131108904086,12.4937664033455,18.7692209855035,35528.1649254945,25128.6521140405,679.139720854842,0
940,848,5.79201072047345,2536.02931689713,23.0954792116694,18.0382537243113,18.6769217594564,27.7831366497193,26793.8648364385,25199.4334524333,479.091663631631,0
941,849,8.45903735947415,4405.62235455885,21.7998795333407,12.254638766701,12.5358299870806,18.8329258273378,27249.6011183536,18096.8904791503,-1476.29461575161,0
941,850,5.89904417516304,4217.61174715055,22.0019373056282,12.6307100856282,12.9329418838182,19.4142983955618,35531.1037057423,25150.20128244,678.069907860386,0
941,851,8.2656058151532,3324.77895702765,21.5033092232922,14.7534344767236,15.1682187539565,22.6941096022264,27237.9810863806,18107.8517897727,-1444.05707792094,0
941,852,5.97419253706276,1129.94887565651,23.832040309791,33.2125184811372,35.0685965512061,51.3431662914627,29355.577525533,30500.1158240541,241.961176536195,0
941,853,5.76076898584905,1476.76100900859,23.1250988884115,26.7930395002492,28.0882186791241,41.3631928829669,26817.9227431411,25200.562842597,523.140278765158,0
942,854,5.85736309646212,4477.99768155043,23.8333651669119,12.297872787482,12.5967841398773,18.9039854378763,29391.7632413514,30433.3367682089,221.480525683948,0
942,855,8.19268261652223,4176.7103205909,21.7767997556993,12.6912982294257,12.9948511275072,19.5073911610766,27240.0280507575,18104.6837932696,-1501.15679573071,0
943,856,5.89273624447774,4405.57619355043,23.8333651669119,12.4316135162117,12.7376173176169,19.1106284895738,29354.8409599345,30417.0986091056,217.593018597957,0
944,857,5.77178346498785,4267.93571955043,23.8333651669119,12.6968751118981,13.0171101273517,19.5205295801378,29392.1482901903,30435.6782790145,278.983836810559,0
944,858,7.43991713558666,2334.28499903384,21.7986337215656,18.8997207005947,19.5795558983059,29.112935574594,36272.4754900111,24815.436822201,-184.856454976508,0
945,859,5.72728063796805,4279.01479755043,23.8333651669119,12.6749624717883,12.9940136874692,19.4866663671189,29405.4911509702,30443.9821103223,261.681707705398,0
946,860,5.77008218575206,4030.86988155043,23.8333651669119,13.1913506824822,13.5386845287355,20.2847845422204,29372.1865943289,30442.2522405541,275.641568215921,0
946,861,5.47363253015358,2305.38688703384,21.7986337215656,19.0673863266529,19.7586192765067,29.3726843490442,36251.0966927853,24985.1190821578,-31.17991776565,0
947,862,5.77516519637642,4170.18433155043,23.8333651669119,12.894694497549,13.2256824980591,19.8262524993428,29363.5788011624,30430.9656118907,258.251949686916,0
948,863,5.85540958319927,3551.67222555043,23.8333651669119,14.3690007823455,14.7837340062146,22.1057284810351,29343.9108475058,30421.2649161772,285.369918240919,0
949,864,5.76107322099111,3666.75807555043,23.8333651669119,14.061050432369,14.4577819293548,21.6294562882742,29368.872079204,30412.1412302867,280.587800851405,0
950,865,5.8584471561696,3197.40542824546,23.7243188896056,15.4278410895887,15.905324220999,23.743550617607,29332.3088350689,30410.2902639761,217.093281379554,0
951,866,6.67267845905595,3561.47769790216,23.6169808672657,14.3185338325972,14.7283426467639,22.0271328705249,29929.479071975,31800.9860512436,660.461936163194,0
952,867,5.72631893659413,4913.43341483446,23.1191525196185,11.5135591425485,11.7671618876636,17.6911119065557,32584.5639183068,29757.9682097428,229.39697824926,0
952,868,6.38936820636709,4120.18921390216,23.6169808672657,12.9791111708164,13.3130055946321,19.9562514426406,29940.3270171558,31772.5753873581,686.89015415343,0
955,869,6.96401387059535,1775.86375200529,22.3139479063876,23.1434723800168,24.1367057663627,35.6942830325057,33110.4911927506,21121.4077794765,982.370385120853,0
955,870,6.96865653812547,2833.75128900698,21.3181841445915,16.4307722278304,16.9440876768213,25.2883884228995,36661.0539071072,16939.2550716924,955.652065851247,0
967,871,5.7513064252854,1928.18507146712,23.2089628703501,21.9886914013368,22.9096182298264,33.9069818607331,29885.6711745243,26441.2804759185,422.313886318476,0
968,872,5.99281676339368,2191.72616146712,23.2089628703501,20.0366963816671,20.8151857125009,30.8802349218789,29906.9248288035,26442.7276075928,375.511300880211,0
969,873,5.51488814537148,2028.11703346712,23.2089628703501,21.1932039329527,22.0552786915578,32.6732815607116,29859.0529810363,26434.4540775949,315.636147142817,0
970,874,5.8109617190189,2466.39605866265,23.1171269439732,18.400676962612,19.0640869425354,28.3446340096712,29752.8330727126,26460.1351126438,50.0600613449858,0
971,875,5.55959565454764,2072.68130866265,23.1171269439732,20.8428823059508,21.6780396438418,32.1297024403285,29764.9616597333,26462.2034295845,34.0479779844141,0
972,876,5.73509503322618,2923.72189666265,23.1171269439732,16.3312815353684,16.8588336702084,25.1400411902586,29756.1991491077,26456.617145256,38.5668161191781,0
973,877,5.62578718799522,2512.10039842196,23.1103132277133,18.161920998922,18.8090919127142,27.9747492629819,29754.5372890118,26449.8368135677,67.3981084091846,0
973,878,5.88456287318749,1702.79261333419,22.7279075197073,23.9778204819504,25.0420782809426,36.9908255721637,33406.7956212245,26843.3966425856,377.298680718241,0
974,879,5.75269651908627,3615.29463442196,23.1103132277133,14.1189436730464,14.5125620680217,21.7172024813096,29761.790010975,26451.4013058398,79.6799345080876,0
975,880,5.43294392467445,2531.24099242196,23.1103132277133,18.0647434630943,18.7053744413152,27.8242193995806,29779.3306059656,26458.0094564612,20.871663915827,0
976,881,5.49135309926137,1942.97019466265,23.1171269439732,21.8462179669212,22.7551080561068,33.6856106212327,29747.2133484765,26473.833906879,23.0919746426456,0
977,882,5.70812527033058,2065.58893666265,23.1171269439732,20.8947190276787,21.7336428745242,32.2100755500657,29754.9431577443,26446.9806763786,52.5812852889782,0
978,883,6.20489547604577,4881.8818580584,22.381713820094,11.5049197449425,11.7529478163739,17.6763496299033,34549.759953204,29200.1173957195,710.398246148651,0
978,884,5.6707905806852,2266.00351066265,23.1171269439732,19.5459796946672,20.2885001870465,30.1192920122396,29743.531862607,26458.2451956729,55.1694913663543,0
979,885,5.59887047125063,2387.21258866265,23.1171269439732,18.8321092979315,19.5250097667076,29.0130568615578,29738.4429157585,26460.0611113717,24.122703192662,0
980,886,5.68407373728293,2378.97928602534,23.151011145556,18.884344473418,19.5812841422324,29.0941145402833,29762.1651388139,26449.6468612042,-5.16515843133902,0
980,887,6.13889373088438,2381.63376236696,22.0912727721783,18.6846515098289,19.3539100727779,28.7808627636073,34889.5721960233,19611.1110728523,433.573959951433,0
981,888,5.4354044931089,2434.48902333907,23.1469382392122,18.5764513355673,19.2522121928346,28.6170556459051,29774.667209149,26456.7891975247,56.1958359941372,0
982,889,5.67701161215367,2685.12287733907,23.1469382392122,17.3352043436561,17.9278215232077,26.6944480824069,29776.9143010723,26459.604863329,52.678432990971,0
983,890,5.76693521811884,2376.18198402534,23.151011145556,18.9001741507065,19.5982052089311,29.1186422205412,29752.1574239855,26435.4143658703,-12.9652761999877,0
984,891,5.60253091078866,2323.30177533907,23.1469382392122,19.2052780466557,19.9243886011606,29.5914051208335,29745.8295102488,26461.0095457506,19.9847861314579,0
985,892,5.67074241875416,2076.23613333907,23.1469382392122,20.8230454545278,21.6571993444677,32.0990660397746,29765.4967751961,26445.3582132887,73.1703044779316,0
986,893,5.5040443817196,2319.53532933907,23.1469382392122,19.2275484876786,19.9482088378456,29.6259165707087,29781.2142650331,26470.5676459279,69.0500454759798,0
987,894,5.66107592628899,2518.4039593628,23.1527167104986,18.1366490379622,18.782645251978,27.9357474193023,30458.3585300378,26753.7027244095,-97.8735622313059,0
988,895,5.34485960168751,3113.15602864361,22.7383042374227,15.5889470933597,16.0662513028429,23.9900709787105,33087.4265502607,24454.0610083042,-126.217798472437,0
989,896,5.54013997307918,4737.39732064361,22.7383042374227,11.7615915483573,12.024903699351,18.0733978688443,33070.3630325292,24443.3250257173,-157.925187491485,0
990,897,5.37469994945546,1588.75005150686,22.7996217178156,25.2680480970331,26.4346185150733,38.9937203158245,31081.3092921427,23509.1355319833,20.6618937283112,0
991,898,5.89845621517131,1532.12120550686,22.7996217178156,25.9655033268347,27.1876506446714,40.0764997547054,31076.0398664153,23492.1270980637,-1.03259887342809,0
992,899,5.62245418640058,1781.58768150686,22.7996217178156,23.2065768926108,24.2128132208328,35.7944511536642,31076.5612231274,23520.2569302275,14.1208760116787,0
993,900,5.68617205273478,1632.75799950686,22.7996217178156,24.7574732656225,25.8837712063201,38.2011836290473,31083.0725422919,23492.5236195375,37.1179772091787,0
994,901,5.81539344898016,1587.40646550686,22.7996217178156,25.28405403063,26.4518926659764,39.0185670393053,31100.1268994694,23512.0325375237,-16.1129729702313,0
995,902,5.56969195369088,1537.51757550686,22.7996217178156,25.8969589132986,27.1136160804777,39.9700785582966,31106.6310260438,23517.6870687942,61.6003745112491,0
996,903,5.52955899825246,1761.98454150686,22.7996217178156,23.3968259623067,24.4175992900771,36.0896324200558,31107.588089021,23508.2100927401,38.5244970667712,0
997,904,5.61610765060033,2580.58083150686,22.7996217178156,17.7711513975689,18.3883468313799,27.3684269316985,31082.6919016846,23520.4396714057,73.2428236165718,0
997,905,5.73730318436877,1993.70367852578,21.9778195181037,21.1961303500772,22.0396067270097,32.6726322649374,34921.8262488259,17541.367862749,339.072561441509,0
998,906,5.58914680351084,1577.07627150686,22.7996217178156,25.4079714567912,26.5856402006627,39.2109328474112,31129.1830304618,23516.9958196586,7.59453679884172,0
999,907,5.58930612748565,3196.56302308708,23.4224700697892,15.3934807324488,15.8658364034796,23.6895502575205,29440.7525909982,29386.2183346886,-49.6164744451142,0
999,908,5.70442847017505,1720.26729750686,22.7996217178156,23.8151557693615,24.8680854232142,36.7387464158565,31077.9314852385,23497.4990274147,15.1329971845868,0
1000,909,5.43851715362214,3588.86906272763,23.2495085200597,14.2043896808016,14.6042091594835,21.8496847722271,29470.5890384206,29372.4829620805,-36.3504909723706,0
1000,910,5.9037410548314,1683.28301237501,22.7114810545487,24.1794775690417,25.2590771880228,37.3036893942932,31135.6541421602,23510.9444349924,-29.3542177223048,0
1001,911,5.70694524893365,4110.95388230273,23.2436806667192,12.9638658495714,13.2939357008109,19.9318639842601,29443.3826718651,29361.0612657259,-6.70848896267259,0
1001,912,5.75687838293148,1817.09096237501,22.7114810545487,22.8509374627977,23.8286941701115,35.2422985719269,31100.3616144953,23506.3706167157,72.3847555614776,0
1002,913,5.64578055770464,4011.81231472763,23.2495085200597,13.1776369279071,13.5194473470896,20.2622727667728,29434.8314155708,29367.0936302776,-12.0740505333476,0
1002,914,5.4801565805123,1876.93560437501,22.7114810545487,22.3141216208653,23.2514991524241,34.4095798045616,31080.1800551014,23497.8563122837,67.5789759598801,0
1003,915,5.68612173627411,3374.77634272763,23.2495085200597,14.8113540453609,15.2468430403901,22.7884599984698,29460.7646465235,29360.0369884733,-30.0293951818707,0
1003,916,5.46975548321627,2311.20022037501,22.7114810545487,19.1989402566897,19.9117587253524,29.579971669398,31082.6172107132,23521.5298522851,38.9884051725559,0
1004,917,5.4805445705419,1864.95346037501,22.7114810545487,22.4190340616808,23.3642668334933,34.5723118158518,31086.1569811142,23508.8345540329,21.5810463061469,0
1004,918,5.3864665273259,1630.7961455067,23.2557531507896,24.9011522041162,26.0468970652603,38.4264510612622,29465.0191011476,29379.8964686041,-31.8543231872479,0
1005,919,5.70276394726899,3210.83016437501,22.7114810545487,15.2586115890572,15.7155814426875,23.4788969673086,31099.1420253459,23502.6601497366,-21.4135742554848,0
1006,920,5.43583438909374,1958.27762237501,22.7114810545487,21.6335344187467,22.5203924699895,33.3540284157119,31100.6523611338,23578.1360483644,25.1234497178517,0
1007,921,5.67759578341937,1825.79123237501,22.7114810545487,22.7708596077919,23.7425638326489,35.1180721900628,31121.8537229586,23574.0589080268,24.3368858544826,0
1008,922,5.7169154305223,1787.64220037501,22.7114810545487,23.1273734950385,24.1261008364444,35.6711608420156,31119.4826585213,23598.3155560137,25.2063402979146,0
1009,923,5.46949291864579,1927.70553437501,22.7114810545487,21.8830695718917,22.7883610934749,33.741018088528,31134.1135084581,23561.98706732,-25.5162110538554,0
1010,924,5.67645855495697,1833.38624954447,22.6623568065913,22.6900233545169,23.6548214434314,34.9924495660316,31122.7938489566,23575.4749880246,3.38668331977427,0
1011,925,5.67437395456893,1853.25370154447,22.6623568065913,22.5113217110519,23.4626795041624,34.7152446873833,31117.0964010046,23582.9999337411,22.9103638911765,0
1012,926,5.67544376222489,2017.58968754447,22.6623568065913,21.1591421710228,22.0105025189017,32.6181965766647,31082.0657844099,23564.2770207473,6.19183933298648,0
1013,927,5.76043716467491,1482.84245954447,22.6623568065913,26.5722091487035,27.840558309363,41.0178027956025,31113.6323003354,23575.6516584738,34.1258635765712,0
1018,928,6.36661695493973,2354.0715757774,22.8341143395016,18.9708816382107,19.6696062473078,29.2270496734245,25649.9236710954,26271.1944637844,810.149614644928,0
1019,929,6.83330897653212,2422.8244057466,22.8198306061767,18.5843424200155,19.2564233240221,28.6281190612484,25617.0815693457,26295.485867251,836.61821673094,0
1020,930,6.76510026755426,2337.82751157368,22.8608403796605,19.0693988708403,19.7752726650837,29.3797979172398,25621.6042368258,26274.3425313945,830.034020161948,0
1020,931,6.06875904709952,2094.31434709547,22.8458725067312,20.6323998331819,21.4483569559001,31.8022714930852,25956.0715970916,25559.97559162,-184.668908368633,0
1021,932,6.57315634113642,2100.76167357367,22.8608403796605,20.5896380558156,21.4027360638956,31.7360375672465,25645.1062149064,26280.1521616461,830.06462117637,0
1022,933,5.48785436111089,5306.43114842122,22.204291538687,10.8861078168972,11.1032493484275,16.7207473489116,34178.0958044092,22652.720190488,-135.422683377334,0
1022,934,6.47611432153887,2488.57345557368,22.8608403796605,18.2421149106306,18.8915517726667,28.0981087228209,25630.8877168823,26292.2196059842,883.139478124388,0
1023,935,5.477670419725,2554.54676042122,22.204291538687,17.8024359470959,18.4142792622096,27.4148332348402,34158.2247605221,22673.5953183992,-172.726545074429,0
1023,936,6.66403175307974,2476.83359757368,22.8608403796605,18.3032223898113,18.9567795481125,28.192767541489,25594.1115565579,26280.4409463316,830.860383492646,0
1024,937,8.46548639856784,3588.98369959675,22.7379193494625,14.1482670582152,14.5401631060218,21.7616064627292,24169.6628958615,26402.6911600544,-1475.94942671627,0
1024,938,6.92804451461462,3284.25006841444,22.2464063202649,14.9679330813509,15.4028242209523,23.0279361290554,23234.5396803869,24372.4283628189,1087.23614492902,0
1025,939,8.57740997448265,2672.28360559675,22.7379193494625,17.3313492989617,17.9188602448975,26.6871416109011,24149.6762525352,26393.9186142428,-1459.21081085926,0
1026,940,8.45209446148297,2705.78515159675,22.7379193494625,17.1808974673566,17.7586124813006,26.4541796723718,24181.7567421605,26395.996847656,-1372.52308787928,0
1026,941,5.18427613670285,2648.21570805372,22.5434177923547,17.4115201185935,18.0019234245916,26.8106382739634,32556.8349467534,25077.5135471242,-179.690020480044,0
1027,942,5.63189295220235,3542.53738605372,22.5434177923547,14.2518502048527,14.6478835769421,21.921278411856,32543.8131246209,25083.1679356884,-162.584725415865,0
1027,943,8.33412996166135,2927.76317959675,22.7379193494625,16.2635540826854,16.7826670204068,25.034061055385,24164.4968399014,26381.7897715009,-1500.82985849154,0
1028,944,5.6862078616566,3955.50286005372,22.5434177923547,13.2337884748571,13.5727655445763,20.3474296278202,32539.8831915701,25086.3907497701,-172.869632986301,0
1028,945,7.66781823873197,2354.50180415709,22.4046885150107,18.8925923093444,19.580202744457,29.1041675719802,28084.095387069,22402.6201594516,1073.83621915606,0
1028,946,6.09683370856474,3297.64599039966,22.7665898697058,14.9894052142465,15.4307874716257,23.0625873907105,24681.346102565,26037.1066365415,665.273807693109,0
1029,947,5.77581743104746,3845.26273005372,22.5434177923547,13.4864120954255,13.839271532698,20.737891730494,32547.1954305727,25077.1834662092,-138.838813980028,0
1029,948,6.28802815405476,3864.51557137895,22.7489707673529,13.4621273622683,13.8154257833863,20.700845675863,24685.1209801512,26015.6201436699,727.924751059299,0
1029,949,7.36421095938285,2128.55909615709,22.4046885150107,20.3049639965255,21.0910290752512,31.2928999167228,28084.6218780168,22396.4414109768,1119.41632585694,0
1030,950,5.46279604336791,4010.20475830306,22.4791503854561,13.106796591031,13.4383255134118,20.1510177472377,32549.2801636682,25091.4617577887,-211.069876554548,0
1030,951,6.19567165017787,4003.24955147856,22.8069338992113,13.1537990976733,13.4906312806546,20.2244165810521,24658.8850996535,25997.7769852269,683.161477894022,0
1031,952,6.07411455452733,3396.80134743405,22.8316470432412,14.6972832850666,15.1219859389063,22.6109049251384,24665.6842565912,26023.2484456783,722.273507533152,0
1032,953,6.29822580901902,2830.02085563642,22.8437265554586,16.6664951051687,17.212309873761,25.6581097244699,24700.4063972023,26035.7303017211,753.162681382083,0
1051,954,5.98256345947814,1823.21493146816,21.6035159032811,22.5309833047865,23.4661534097007,34.7408700004912,36030.3815467899,17341.4803656637,507.730638903344,0
1055,955,7.18666042825941,2390.7677665227,23.2910053478182,18.8420691475714,19.5379152258223,29.0291117251421,25682.910202196,27473.1877973399,1200.6540685534,0
1056,956,7.29590487875316,2468.3873905227,23.2910053478182,18.4189847238872,19.0858380060477,28.3736022160147,25655.5592980364,27473.1767079942,1151.66812310219,0
1057,957,7.59064935636078,2430.3044365227,23.2910053478182,18.6234651080235,19.3042849919229,28.6904029801248,25696.0713507973,27493.5142428211,1086.33705688073,0
1057,958,6.25806408181274,2388.21840429588,22.1396987380704,18.6566604566194,19.3246764754026,28.7376807103046,24597.2849917909,22017.906558148,834.34935601486,0
1067,959,7.56977119518296,2064.7390529842,22.8779146750419,20.8522278376702,21.6845353483956,32.1432197987747,22977.6908441836,25727.2351995563,1244.3646868037,0
1068,960,7.24506267516911,2101.8308369842,22.8779146750419,20.5854884931406,21.3985374041237,31.7296732372488,22969.393246025,25725.168069965,1192.6857332697,0
1069,961,7.28900888777642,1945.57677181163,22.8464747535063,21.765837778199,22.6645649403694,33.5597880679784,22977.9215905079,25698.866170767,1238.70301451803,0
1070,962,6.82494595711769,1885.38345086096,22.839912327934,22.2700096727151,23.2061478827032,34.3417261363222,23095.343833788,25420.5828107554,1060.11221444357,0
1071,963,7.42629214728331,1767.05332276223,22.8655944621497,23.3633386120526,24.3826604709553,36.0379807759643,23111.7155393655,25429.9107338583,1047.23280539071,0
1072,964,6.65730602744738,1603.02570076223,22.8655944621497,25.1175119206025,26.2733709382127,38.7603726007968,23114.8226387153,25403.0801174732,1061.58822175093,0
1073,965,6.84831021024831,2022.40074076223,22.8655944621497,21.165175727073,22.0200535836834,32.6284006558874,23113.26049419,25408.8361647816,1029.87818944667,0
1074,966,6.6120087516432,1874.95869676223,22.8655944621497,22.3664888654521,23.3102653901973,34.491491530508,23124.5613216061,25397.0841431423,1077.58963969272,0
1075,967,5.7276231578289,3510.77619912163,22.1986366034836,14.3000233815344,14.6955580036914,21.9948688145727,32479.6226288824,19074.237959758,69.0042639317371,0
1075,968,7.09175330271882,1954.82497276223,22.8655944621497,21.6948681746449,22.5886449874664,33.4498060030153,23126.7487556664,25397.6517202807,1147.75361837902,0
1076,969,5.77923883117628,3389.28078312163,22.1986366034836,14.6452448447781,15.0607228116209,22.5287190627109,32506.024956874,19065.74478073,42.004185956979,0
1077,970,5.78926907657204,3739.16472079627,22.2037263597367,13.7062924319155,14.0683387123256,21.0769459967196,32389.5624191996,19216.569924397,92.4582893887509,0
1079,971,6.85619588248099,3333.57510158604,22.7616269485534,14.8783662620396,15.3130937963472,22.8908109566975,23180.242236363,24892.909995281,980.301155202064,0
1080,972,7.05394550012226,2758.41986595818,22.7272164034265,16.9496765217177,17.5123121352178,26.0961468203141,23179.8868943084,24907.5631388294,1105.40365422518,0
1081,973,6.52147403345527,2684.59875373905,22.7329468689286,17.274890145373,17.8586598290217,26.5997014272499,23750.0780596027,24555.9898289661,805.035902794777,0
1082,974,6.40258266293785,2758.91447773905,22.7329468689286,16.9484009578995,17.5110210989704,26.0941903307748,23753.8036478939,24569.9585611556,851.727343683318,0
1083,975,6.64127405741445,2534.13914773905,22.7329468689286,17.9891364038695,18.6200023735631,27.7058144485947,23748.2860489689,24582.3634062318,817.447209405793,0
1084,976,7.07524970746076,2153.50784173905,22.7329468689286,20.1998126798489,20.9831664602124,31.1312211264713,23713.969417784,24579.9857733128,890.488950431362,0
1088,977,7.82694067426141,5138.98768064654,23.210668071135,11.1880534526735,11.4262570895758,17.188683961186,29115.568311237,31703.8818951053,-1507.93414603189,0
1089,978,7.58630353551016,4112.9826692921,23.4005606927837,12.9742105279058,13.3061059964849,19.9481997873893,29157.18611223,31702.561237534,1189.57667708644,0
1092,979,5.96803787208147,2294.60238243841,22.3032200810754,19.2235426556213,19.9324766755677,29.6165549478254,29225.7181490565,22596.1395648781,365.23690358772,0
1094,980,9.004805956071,3684.71135261028,21.9153255783491,13.8109694494158,14.1762133557816,21.2380331022983,33188.32845228,15891.8306708583,-1246.54152610781,0
1095,981,9.50422316487451,4193.57352960039,21.8726090022735,12.6664920466483,12.9695373524799,19.4692860268304,35037.7026764103,16835.7478943394,-1179.70322601396,0
1096,982,9.67006507517844,4130.33383300016,21.8419569669691,12.7916050107939,13.1009627633533,19.6625094644633,35056.9564089951,16835.7459561513,-1192.22051975265,0
1096,983,2.886795153808,3028.95736541985,21.9380151380707,15.7792709091673,16.2596203750487,24.2821968006883,34205.9034300952,16635.1928730768,-542.514290899993,0
1097,984,9.68304156492889,3940.73402500016,21.8419569669691,13.1970521277768,13.5280053728821,20.2889923223988,35062.1456169736,16836.1129780464,-1218.95318731812,0
1097,985,4.13102091275861,2833.53764672564,21.9584528154089,16.5248523306636,17.0515391293646,25.4360594588196,34040.7344137132,16852.4729037426,926.164893305425,0
1099,986,5.64886255123258,4782.11345022978,22.190709979055,11.6457307359436,11.8993224454742,17.8933923700386,32363.7654965506,18931.1941362786,145.806928986367,0
1100,987,5.67055592648638,4211.35697385313,22.1949507926214,12.6609852648892,12.9663740391731,19.4615048597893,32357.8427315905,18941.7963275741,167.607444516107,0
1101,988,5.75746491094702,3504.52060785313,22.1949507926214,14.3168550233885,14.713319270031,22.0208854871848,32364.0855949384,18940.1455639181,189.374423165338,0
1102,989,5.81866361047036,3355.84510785313,22.1949507926214,14.7437394942705,15.1649294868025,22.681037102682,32356.8489890532,18938.0941969839,129.979275154341,0
1103,990,5.5378884377637,2953.62832185313,22.1949507926214,16.090437071236,16.5927354781891,24.764477056091,32336.335384791,18926.0151048063,166.450063906671,0
1104,991,5.68559202349493,2444.87177385313,22.1949507926214,18.3594751396149,19.0082151893228,28.2775344569698,32350.5708106072,18932.3908532371,117.279933841209,0
1113,992,6.19263325711329,1937.80519725779,22.1872221738266,21.6840438390764,22.5663569406316,33.4300780775962,28099.3737762069,20575.7419408497,449.21659843847,0
1114,993,6.07395190545392,1909.52381325779,22.1872221738266,21.9172552366902,22.8167127878678,33.7917290022971,28091.4879171514,20579.0547545566,483.710796155282,0
1115,994,6.03052744503667,1759.41282709093,22.2104756292677,23.2769860650848,24.2785727648773,35.9009259024262,28091.2396659983,20596.5079631119,531.171706159006,0
1116,995,6.34650183820862,4308.75496698296,23.7976105655961,12.6135009262943,12.9289672355515,19.3916123262165,29383.7389002495,31757.7966688793,851.708417650464,0
1116,996,6.13639837611006,1814.67985725779,22.1872221738266,22.7484986883818,23.709795128784,35.0809775574682,28085.0886153557,20583.6624411961,457.98459201845,0
1117,997,6.02298681838537,1628.14166325779,22.1872221738266,24.645039480306,25.7514397977488,38.0236117520487,28048.4842484856,20567.4361246519,497.78796687716,0
1118,998,5.80781436927276,1062.68203934437,22.1526705539582,34.133103302442,36.0304518865001,52.7634636509875,27947.2822780711,20361.011731158,447.320671323818,0
1119,999,6.00873695214734,1214.90372534437,22.1526705539582,30.7534927058487,32.3582060402739,47.5100881186244,27949.7281416939,20363.3731765618,433.231600438639,0
1120,1000,6.28792485049113,1270.04542777553,23.8658700249733,30.3272585279951,31.9329198210702,46.8580512930834,29394.8167310233,31752.4767149734,866.633036897936,0
1120,1001,6.05228939658205,1199.14452535697,22.1929120019495,31.08078199158,32.7143084497983,48.0189648557737,28002.1148365229,20394.0150889888,387.823369056341,0
1121,1002,5.93272417655343,1505.07428544216,22.2506901944388,26.1545579251714,27.3813386647094,40.3671166895137,28548.8973293698,20608.0257246789,486.781861430794,0
1121,1003,6.50132178171565,2139.62772873665,23.8978853600125,20.5207935824852,21.3437358990699,31.6333869683034,29401.5803756512,31788.7081902012,854.023270969798,0
1122,1004,6.59995221979311,3615.14946873665,23.8978853600125,14.2038527172563,14.6094738883906,21.8504619340112,29368.2225741873,31765.530411066,859.792388962434,0
1122,1005,6.03411400208975,1703.99715335679,22.2715825038404,23.8486911791772,24.8950012144283,36.7882427325005,28555.0821553135,20605.5444890625,567.170654991181,0
1123,1006,6.69727765079853,4038.31298073665,23.8978853600125,13.1811208466786,13.528407111432,20.2691149359138,29387.9031936278,31764.5553672927,857.619559364963,0
1123,1007,5.80212458551146,2029.03483535679,22.2715825038404,20.9906741336806,21.823858795274,32.3553498666131,28563.7812721122,20603.4107001115,516.581135614345,0
1124,1008,6.54928004735206,4503.63425673665,23.8978853600125,12.2568274103143,12.5540453165935,18.8406994842261,29384.1572334389,31780.079542401,883.047758571042,0
1124,1009,6.26730011082274,1891.61462135679,22.2715825038404,22.0874978314321,23.0008989074814,34.0561256096642,28584.9689972668,20618.2279402132,530.633923502683,0
1125,1010,6.62351465108188,3259.87008873665,23.8978853600125,15.2446589507329,15.7126026687999,23.4605659828109,29382.6101960783,31799.2545137268,859.102958691734,0
1125,1011,6.20005033238988,2390.08502735679,22.2715825038404,18.6693963003112,19.3400376314794,28.7578958521621,28575.1607027878,20613.204037423,516.298215760851,0
1126,1012,6.6634067872191,3091.96589073665,23.8978853600125,15.8111685690431,16.3142155187189,24.337267952049,29379.1026201459,31809.8491223398,821.290249943114,0
1126,1013,5.7671084623331,1820.62482335679,22.2715825038404,22.7141034448776,23.674232854981,35.028014905335,28579.6075240856,20617.3100449852,509.060864870813,0
1127,1014,6.83666184223401,2230.85942073665,23.8978853600125,19.9107877058356,20.6897513984514,30.6876655866633,29363.0859411129,31795.7157282244,779.109353670213,0
1128,1015,6.86041440868014,1648.27172073665,23.8978853600125,24.8710993038576,26.0256652772405,38.3828957618388,29380.0945390143,31834.0169903006,774.817885728858,0
1129,1016,6.79988160944786,1781.41889073665,23.8978853600125,23.4713574844342,24.5160386230895,36.2103017679247,29394.8493274109,31771.4641817105,782.687844108787,0
1130,1017,6.13807673981887,3544.0425183474,22.156032645413,14.2044273798967,14.5940931657362,21.8469436634358,35271.540830088,27032.9852938778,689.378680057067,0
1130,1018,5.53286772591385,3095.71092837147,22.3891709487031,15.6040127347612,16.078555873366,24.0123680089843,32892.6343331917,24388.7925159961,-182.589789583983,0
1130,1019,6.47888869370539,1862.30926226359,23.9933801510769,22.7343613683077,23.7238327490875,35.0671175000692,29390.0931192755,31781.3790272023,807.223468975576,0
1131,1020,6.68846708826878,3383.95344626359,23.9933801510769,14.8697505268366,15.3158140310569,22.8807481492233,29370.5933871281,31785.7980298356,826.396404125522,0
1131,1021,6.10456767584502,3474.6826443474,22.156032645413,14.3954328878401,14.7960363893699,22.1422879850448,35263.0752332717,27042.1547453619,702.576679535912,0
1132,1022,6.11426502458376,3540.1439163474,22.156032645413,14.2149855328136,14.6052533134587,21.8632686070678,35262.4848827786,27038.3833163777,639.294098978227,0
1132,1023,6.49181467148523,3370.75987226359,23.9933801510769,14.90960845098,15.3580794716052,22.94241319062,29386.0904472594,31777.1953090632,848.17446389206,0
1132,1024,6.53676632253398,2654.02053252665,23.7434403872719,17.5683314780859,18.1833702939914,27.0574206699973,29375.4880170949,31766.9259148441,874.794284130462,0
1133,1025,6.21775442363888,3509.3515683474,22.156032645413,14.2991148825106,14.6941903900714,21.9933518217919,35279.738818518,27027.7616817335,684.150320054412,0
1133,1026,6.69541357055011,3154.44252626359,23.9933801510769,15.6058609174056,16.0970500781039,24.0197821271393,29372.8933463976,31788.4203504596,820.209260100529,0
1134,1027,6.0164600016653,3465.7400883474,22.156032645413,14.4205573803272,14.8226070017937,22.1811390276424,35285.8736993955,27040.1879816859,681.804180399081,0
1135,1028,6.03592234185954,3475.1672163474,22.156032645413,14.3940747733873,14.7946001530993,22.1401878898192,35275.1614138665,27069.8042437378,656.704169173222,0
1135,1029,6.51291623487222,2976.75878426359,23.9933801510769,16.2459091637768,16.7774405740857,25.0104763152414,29382.3300696425,31783.8093702801,867.692081762241,0
1136,1030,6.04399204245694,3796.8789723474,22.156032645413,13.561303898028,13.9148863560089,20.8527109521063,35311.4448059818,27089.0765481989,712.639450896532,0
1136,1031,6.60377949315772,2779.38379826359,23.9933801510769,17.0435646794023,17.6267431803755,26.2454990399739,29370.1187416267,31783.9760698632,843.135086002807,0
1137,1032,5.96847538121283,3798.8833383474,22.156032645413,13.55651173901,13.9098297151093,20.8453037457237,35312.3457335803,27089.370974886,668.531699207332,0
1137,1033,6.64257493874065,2754.03187226359,23.9933801510769,17.1535513599929,17.7439666057476,26.4158249220525,29370.9548577599,31775.9030991093,886.472641547596,0
1138,1034,5.99361152620976,3744.9416643474,22.156032645413,13.687072851879,14.0476200429999,21.0471175642072,35296.4603261325,27071.9616573853,662.024814573018,0
1138,1035,6.85974796195641,2101.44554426359,23.9933801510769,20.8094053067917,21.6547442498832,32.0812743292907,29382.2522123997,31811.611025313,789.500362254851,0
1139,1036,5.97110092491287,3894.8285943474,22.156032645413,13.3322723499718,13.6732884346582,20.4987187644545,35304.6163280872,27078.0582955262,676.208144661273,0
1139,1037,6.82110426936042,2819.88961226359,23.9933801510769,16.8715825994564,17.4435004790379,25.9791820133922,29374.4015164712,31774.7029496929,844.401625250787,0
1139,1038,6.82491911090379,2549.02259052665,23.7434403872719,18.0765343822621,18.7257215453457,27.8446220369503,29374.9988620064,31776.3241219242,841.065237766051,0
1140,1039,6.6077434640744,4714.66217046259,21.9051298745746,11.730986964259,11.9866998676229,18.0244596899776,35784.1759985515,26414.2657311462,940.573332033097,0
1140,1040,3.85914960607436,4208.71119802709,22.2899597069181,12.6750358767787,12.9819343775642,19.483425512586,35519.2845665141,26717.3892281806,-781.789204037109,0
1140,1041,6.9016193768108,2128.8938764567,23.8543465968366,20.5872915416512,21.4144579100896,31.7363248393925,29366.065391728,31807.8491440712,839.98178753114,0
1141,1042,6.46162242233995,5161.70186646259,21.9051298745746,11.0604188218623,11.2837486580631,16.9892336292143,35778.1498724125,26400.8835426426,948.484580459463,0
1141,1043,6.75327072269142,2638.1349964567,23.8543465968366,17.6597382747007,18.2821813027244,27.1993565478236,29366.5732359305,31811.0886073239,760.782047011964,0
1142,1044,6.66531131317841,2798.9027704567,23.8543465968366,16.9403488490113,17.5152154862305,26.0852397155418,29379.6146867157,31799.8901759518,803.14498122916,0
1143,1045,6.60481650032495,2425.8043564567,23.8543465968366,18.7427316083711,19.438911805434,28.8771697100336,29382.9887227561,31795.0735349277,826.502094874716,0
1144,1046,6.84294717277415,1774.5616144567,23.8543465968366,23.5282376574738,24.5766213647763,36.2983767584999,29369.0554675656,31794.0639826576,810.188181236693,0
1144,1047,6.01797501255561,1339.55030674819,22.3426210954186,28.5972797598887,30.0250025588721,44.161140062067,28001.1567167509,21696.2276236648,380.668845727459,0
1145,1048,6.75308298650102,1705.7083384567,23.8543465968366,24.2312799018229,25.3345426762592,37.3895082971536,29379.3553469555,31809.7133561309,806.73274808604,0
1145,1049,5.77414639235015,1245.82967674819,22.3426210954186,30.2329393211718,31.7977612499121,46.7023690260134,27987.4425769775,21692.4495348205,389.843602914232,0
1146,1050,7.04812802846302,3314.3992744567,23.8543465968366,15.066752300458,15.5234224199925,23.1851775846385,29374.7207756783,31816.2516333785,808.149710219667,0
1146,1051,6.28065871315206,1294.28687674819,22.3426210954186,29.3591875247367,30.8504228962346,45.3447723301893,27952.0151514756,21675.9720034333,313.425584241795,0
1147,1052,6.62791064498887,3103.1479084567,23.8543465968366,15.766201673058,16.2659897476189,24.2675492902934,29385.3450383775,31791.3603584466,832.833654086382,0
1147,1053,5.99088593704443,1357.45744474819,22.3426210954186,28.3091519955431,29.7130216144692,43.713577227715,27994.7825881932,21710.270332617,332.596302640542,0
1148,1054,6.5422961002661,2557.6299664567,23.8543465968366,18.050937781508,18.6997302947052,27.8053382110447,29390.6957376316,31793.4364644168,803.491815144733,0
1148,1055,5.34690619371251,2813.73004303492,22.5693220260138,16.6940512648891,17.2384903624038,25.6999050376993,32476.7746308935,25605.3491203764,-156.765071600535,0
1148,1056,5.821218482721,1641.54879274819,22.3426210954186,24.5368963018519,25.6377064468747,37.8565598633598,27983.2904007634,21736.3084902227,384.89941448868,0
1149,1057,6.74060691202932,3207.2207584567,23.8543465968366,15.4112030266824,15.8889518885654,23.7181595785629,29385.4597679496,31759.9808255164,843.321721376957,0
1149,1058,6.27230414181273,1461.39813874819,22.3426210954186,26.7688976709442,28.046874433891,41.3214843640596,27983.3119759018,21686.8571206938,323.934367763466,0
1149,1059,5.74118051131303,3079.50954015513,22.5834688636684,15.6857482675771,16.1673452656613,24.1394058905844,32891.9498721326,26333.9755151019,-506.416697620881,0
1149,1060,5.43752816375324,2683.97897464713,22.4289879193087,17.2313738609714,17.8086793349234,26.5313201105279,32503.1315531332,25601.9805190716,-183.446088201127,0
1150,1061,5.85189542204282,1286.70831710381,22.3258542708859,29.4858023649528,30.9872874523349,45.5413857652002,28011.8218862964,21732.8502227217,350.422172366538,0
1151,1062,5.95143942121833,1779.31685005197,22.3330179229496,23.1150763058588,24.1064828137705,35.6503197624514,28037.7873960018,21786.0056270262,393.06594093755,0
1152,1063,5.96215382661495,1796.40902605197,22.3330179229496,22.9531974744651,23.9323610387482,35.3991917213952,28021.4086183827,21780.9129267575,366.661803653495,0
1153,1064,6.19360055542539,1909.93398710381,22.3258542708859,21.9450495429726,22.8487902198348,33.8354486186391,28004.6741290707,21754.7910681221,337.620738914009,0
1154,1065,6.18417550194893,3562.55579821256,21.4051931746843,14.0702611377912,14.4451737295754,21.6375381770059,36297.6431610438,15733.6436476633,765.707404466602,0
1154,1066,5.81458979316801,1516.39248805197,22.3330179229496,26.0319202209462,27.2504922283334,40.1771574623335,28024.1239386653,21805.1906840166,331.015557182436,0
1155,1067,6.09003753773919,1964.99898710381,22.3258542708859,21.4959080203833,22.3666399190947,33.1389482779025,28014.888416153,21780.5114114246,361.232740624295,0
1156,1068,6.33460844335037,4922.9471794474,22.2636713657587,11.4331398639604,11.6768253861129,17.5652935585614,34923.4698164129,29378.7040300944,746.566861512666,0
1156,1069,6.31499042834359,2341.46442205197,22.3330179229496,18.9544727911304,19.6453449229639,29.1997729779153,28047.0254117362,21772.6960184389,362.926284133644,0
1157,1070,6.16699146178089,5432.2764034474,22.2636713657587,10.7269344559895,10.9370489620365,16.4751965477731,34920.7576737099,29391.3935438395,782.698858647452,0
1157,1071,5.90183105378948,2152.41526405197,22.3330179229496,20.1289041836077,20.9014466974297,31.0197178114212,28015.8183984661,21772.0200456745,402.756880510045,0
1157,1072,10.8620338906728,6492.00630554164,23.9167894289627,9.66640717944891,9.83834046297014,14.841546737743,27461.0906872229,30248.7485745946,-874.547219843899,0
1158,1073,6.17785813465734,5245.5179494474,22.2636713657587,10.9719034722197,11.1934704792267,16.8532773691639,34900.3979640552,29391.005279709,768.104255745241,0
1158,1074,6.53625164236652,3374.06851476547,22.469521223943,14.7220637636626,15.1446961950917,22.6482603978531,31135.1226202897,23525.9108496521,402.538148543437,0
1158,1075,5.96060798880694,2173.84951910381,22.3258542708859,19.9849221201744,20.747205842225,30.796529506571,28011.2594803755,21793.5926384818,309.735368375338,0
1159,1076,6.23094007883215,4835.0634394474,22.2636713657587,11.5681380764396,11.818431916138,17.7737287675838,34907.2379210055,29431.6567331518,753.440737273236,0
1159,1077,6.23635218934169,1678.39667510381,22.3258542708859,24.131548022456,25.2006131916813,37.2274258306198,28001.6170333966,21768.496031666,355.889182315577,0
1159,1078,11.2290502854302,7222.57681436655,23.9557730868154,9.03665416338421,9.18196590385459,13.8703712288147,27503.3738095204,30275.2607911762,-914.442877492618,0
1159,1079,4.58662769264422,5091.19119569919,23.8984337795013,11.3066260648251,11.5551824275278,17.3730148336223,28286.9593752453,30535.4026773244,-406.561891338421,0
1160,1080,7.41258722386036,4351.48733523437,22.1377966456418,12.3849573218275,12.6755012262375,19.0349559218819,35167.7234544125,30054.1755170483,1163.22712961485,0
1160,1081,6.21267724376462,5280.7977218898,23.58162621979,11.0179427729559,11.2502952996509,16.9267196496296,28075.6180550937,28270.925697954,574.871458083973,0
1160,1082,5.66194755381748,1690.73870622692,22.3257533630726,24.0009106393955,25.059891602243,37.0247065591819,28066.9072597446,21791.1553111444,394.790601646602,0
1161,1083,7.51215671327242,4638.19789198576,22.0666307577851,11.8704653638589,12.1343088854065,18.2401719099751,35186.0548438944,30079.7372353698,1153.17844170471,0
1161,1084,6.21775716871704,4765.7857898898,23.58162621979,11.7824523766932,12.0528051558084,18.1072688518433,28069.7871498033,28294.8106116307,557.594127820286,0
1161,1085,5.69984867159455,1744.77530279823,22.3190820559627,23.4477591080716,24.4642125488052,36.1663907138541,28028.2436128262,21774.315703472,333.237127282963,0
1162,1086,7.79267539858501,4914.4698196339,22.0895936340662,11.4324291861516,11.6748509580425,17.5638566982863,35094.9264720229,30372.2565874269,1099.55158493218,0
1162,1087,6.4589022795476,5732.0003318898,23.58162621979,10.4484541866445,10.6537993134446,16.0476760662146,28090.2422599426,28267.8331237423,556.221160306335,0
1163,1088,7.5302071469677,4928.20472387133,22.062148541668,11.4095596804429,11.6506774307003,17.5284955096991,35045.3237709528,30588.6903836929,1235.52922483237,0
1163,1089,6.35935293807656,4308.64746440543,23.6719662822663,12.6026748209009,12.9166004436772,19.3746182372243,27820.6731011819,28664.6322864564,815.996274209078,0
1164,1090,6.56611679348468,3742.00658840543,23.6719662822663,13.8523163586181,14.2355995909858,21.3062869562519,27805.6940740715,28683.2997873393,855.842520501599,0
1165,1091,6.37931974952501,3510.24901640543,23.6719662822663,14.4664423721068,14.8854482051876,22.256038097085,27802.788292119,28677.7852120877,843.210015497416,0
1165,1092,7.25378246925949,2933.94865787133,22.062148541668,16.1464069574938,16.6506863921527,24.8506836177958,35033.8378416021,30595.2410229472,1246.70092889459,0
1166,1093,6.38477768694815,3815.04480440543,23.6719662822663,13.6726909041211,14.0457246624184,21.0285491846241,27806.1143291088,28688.4431746273,878.748892835564,0
1166,1094,10.1857615557847,4698.74136887814,23.5454715665128,11.8899077517782,12.1654999438733,18.2731720874127,29064.7994807644,28505.5577283296,-1344.44283379125,0
1167,1095,5.73464594771995,3254.03846723223,23.2130968450487,15.1807917384956,15.6381090206295,23.3598909713781,30158.244624805,27742.8842059225,173.295152161851,0
1167,1096,6.74865854048117,3778.43759240543,23.6719662822663,13.7619429203468,14.1400579826285,21.1665479627469,27803.2876889955,28691.7780335202,814.530849846158,0
1167,1097,11.4984417512141,5544.45307956446,23.4692294123454,10.6678184616772,10.8827443728082,16.3860524390542,29187.5357991073,28306.1840536525,1215.34133248619,0
1168,1098,6.61877714575631,3581.50312640543,23.6719662822663,14.2700370079922,14.6775053154175,21.9522645531464,27804.7443174076,28654.0252851192,812.545184674261,0
1168,1099,5.99032746686832,3183.79755323223,23.2130968450487,15.4099157094639,15.8811653585276,23.7143989819936,30161.4608067806,27736.5812876676,190.802507729583,0
1168,1100,11.4184429878747,5488.23175419193,23.4855066603002,10.7394688608906,10.9578797311735,16.4966736932469,29181.4705961406,28303.3356918036,1254.34328829745,0
1169,1101,6.60705387783736,3308.55693440543,23.6719662822663,15.0634739226235,15.5181862653253,23.1796207274767,27815.2304872466,28664.9239452762,838.581632776575,0
1169,1102,11.6951264335144,3500.28468287814,23.5454715665128,14.4804271642162,14.8990930589356,22.2773478399916,29220.5199782403,28319.682269759,1251.05102780477,0
1169,1103,5.93669183328533,1505.70269123223,23.2130968450487,26.4283763871062,27.695609970359,40.7973686994105,30158.03077595,27724.5655515732,88.2358513036889,0
1170,1104,6.47955353993887,3375.64394291545,23.676804096047,14.8583172327575,15.300699477624,22.8622354813118,27813.1332710641,28680.4471137149,834.444771009082,0
1171,1105,7.34694971831021,3629.5949147126,22.088454768888,13.9704673493049,14.3462449672365,21.4850449107073,35520.8825620896,27650.0311643035,1175.91070066468,0
1171,1106,6.42948005898822,3079.52101594593,23.7841831332881,15.8408430790389,16.3445851020013,24.3828757046301,27998.1353047692,29165.1792061035,896.545560203408,0
1172,1107,7.53305057067758,4161.8752307126,22.088454768888,12.7505257100923,13.0597596922086,19.5996047734397,35516.9067323976,27644.5896471698,1168.35684555953,0
1172,1108,6.31208932618179,3601.75804070802,23.817248449395,14.2310791509422,14.6375736590594,21.8923720607854,28035.3859911234,29236.0723195653,858.532284810879,0
1173,1109,6.4912393166081,3742.58609899255,23.8110915908007,13.8651736827158,14.2503993106036,21.3265001988072,28047.3122259407,29265.5416280479,815.17576127236,0
1173,1110,7.75769305142717,3560.52518881332,22.1478945518613,14.1591095069821,14.5461180566367,21.7768532535476,35486.0196994077,27635.3357288513,1133.59974122497,0
1174,1111,6.53937940552171,3970.22480899255,23.8110915908007,13.3241372722629,13.6786895853293,20.4900013390165,28039.0377365472,29231.5030807079,825.117135596776,0
1175,1112,6.41168442061231,3704.83972070802,23.817248449395,13.961265322664,14.3520795316535,21.4751065819714,28038.8883361868,29274.9051370021,844.931313351131,0
1176,1113,6.78051279888328,3332.85844699255,23.8110915908007,15.0043909980386,15.4568636905879,23.0885784610095,28054.8676338677,29265.7545704507,858.108640409557,0
1177,1114,6.36126475726109,4113.16015534127,23.930788208532,13.0229472714921,13.361742683872,20.0246930690448,28731.0300730339,31377.19351296,837.615754574605,0
1177,1115,5.6937900629494,2834.7910926013,23.7332690376785,16.7729408438986,17.3355680398293,25.825653646328,29059.2693287068,30714.1299548019,-161.39725053958,0
1178,1116,6.56120350208258,6543.0270322531,23.9358421950904,9.61937890068442,9.78935646114252,14.7690309900434,28730.9669043731,31221.5195901838,841.799127893442,0
1179,1117,6.61375717544236,7327.63720425309,23.9358421950904,8.95384862335164,9.09565588256465,13.7426710389436,28713.0489334238,31160.6848798877,884.562950843315,0
1180,1118,6.56277561929654,5796.1637508947,23.860864590853,10.3914223748511,10.5957613948379,15.9601132082746,28722.2892954949,31157.4587967618,911.246933790236,0
1181,1119,6.39423419800345,6801.3422868947,23.860864590853,9.38164028799299,9.54097767436212,14.4022385626913,28724.6273371976,31148.9564270396,895.083650569332,0
1182,1120,6.58838439933551,6238.4238048947,23.860864590853,9.91222173017709,10.0947287692829,15.2206799952928,28714.1376961898,31147.46904501,869.876304301532,0
1183,1121,6.55614699377392,5710.4605848947,23.860864590853,10.4917551936273,10.7007710858707,16.1149613226996,28708.8313465488,31142.1310681822,887.256265253601,0
1183,1122,6.55735006634885,4957.0403553262,23.658983548472,11.4880348546743,11.7440451636236,17.6527129421586,28705.2299942866,31137.0577485892,897.217081100295,0
1184,1123,6.46573490245623,5120.3840448947,23.860864590853,11.2617463860898,11.5078330961718,17.3036460100306,28710.8581341011,31164.3503146799,905.512377707735,0
1207,1124,9.91839523072642,3924.08902131354,21.6946663442894,13.2194607366339,13.5503343199632,20.3232660402361,34940.6906339245,14316.2020571781,-1119.72870955732,0
1214,1125,10.2260520931646,3596.6565221789,23.3141387699539,14.1905393323385,14.590143357879,21.828427753955,28455.2654812793,33660.4248112441,-1070.48055031419,0
1214,1126,4.65474239581293,2324.204776128,23.1178687347886,19.1947827830608,19.9127759341672,29.5750344674464,29513.1196796853,33752.0013172369,791.899703087027,0
1215,1127,10.5148479633319,2876.1860621789,23.3141387699539,16.5458231283093,17.0891916158632,25.4727496177039,28424.4158056836,33636.3656890407,-1040.50230697437,0
1219,1128,5.88052163881984,3332.75879145372,23.0957159223494,14.9205056863465,15.3610169409824,22.9568981138048,28296.8420452436,27040.1790019411,271.697902461214,0
1220,1129,5.49249870728342,3778.4056304016,22.1964789523509,13.6099073853864,13.9665379728924,20.9279378568062,32440.2622098692,17948.878993953,34.4621500514304,0
1220,1130,5.88063840538942,3177.17985090715,22.9271450878439,15.3962406521268,15.8637462476436,23.6924381279871,28252.1869436839,27105.6119882718,250.815226027044,0
1221,1131,5.61828122768606,5449.6063544016,22.1964789523509,10.7002934141384,10.9087431507358,16.4339632593187,32451.5694063639,17934.4291972395,24.5454823467342,0
1221,1132,5.84882015215719,2028.83762121385,22.9544431904321,21.1349160901438,21.9889219003071,32.5818487175613,28246.8969720076,27251.1239467542,221.162895872181,0
1222,1133,5.80168603438634,5616.4092524016,22.1964789523509,10.4949176966012,10.6939579850178,16.1170426667103,32449.5035353987,17930.9385947942,16.2400138824882,0
1223,1134,5.59297478855813,5155.1407604016,22.1964789523509,11.0910641295232,11.3178225705669,17.0370827490926,32436.5950465843,17920.91630924,0.259368173128479,0
1226,1135,7.12428571588823,6286.24499555027,19.5169709558269,9.60448629269631,9.74894066229198,14.7391704023792,39710.4906580438,25167.5672925062,-404.919721292258,0
1226,1136,11.0717013500696,8362.45718217355,17.5772572448625,7.96215761414745,8.03708911716458,12.2063995535925,40824.9494639122,25976.993276647,-920.945168886613,0
1232,1137,10.4159109254192,3606.16589817761,21.3650086669216,13.9512951713944,14.3191869079268,21.453527976409,24085.7389838117,19476.7448440316,-992.193998003371,0
1236,1138,6.05523248006978,2485.86717318406,22.5872259361315,18.2108008895322,18.8546506209815,28.0486442125703,25146.7866937675,25027.5863111923,566.58507398556,0
1237,1139,6.10760485019245,2594.71966518406,22.5872259361315,17.6694275330742,18.277283878332,27.2101680793308,25154.0293960748,25030.7360173568,539.138546969623,0
1238,1140,5.94885716641179,3026.49534318406,22.5872259361315,15.8749255646556,16.3681956564187,24.4321537635618,25148.9247007024,25002.4886088602,547.684101723549,0
1239,1141,6.07602004746213,3053.10275118406,22.5872259361315,15.7794843738328,16.2668743363259,24.2844630311835,25127.2417575967,24999.5723590163,514.126169488392,0
1240,1142,7.10609378933097,2719.09616811203,22.0979087963274,17.0257120261528,17.5857954684527,26.2118148859548,34650.1151714711,30627.6053545729,1160.58889864358,0
1241,1143,7.07174690833188,4467.93838348403,22.0834431266094,12.1667300941001,12.4456527448488,18.6977583734286,34666.8461002117,30666.8810671435,1114.08615675424,0
1245,1144,5.09399434102171,3485.68246659651,21.338932930124,14.2706081894942,14.6561362663686,21.9470910081486,35526.536744511,30538.9150924043,527.707277042714,0
1256,1145,9.51330912598242,5819.0741336566,21.2877608621852,10.2002373378513,10.3804812215918,15.6608476702516,37107.2301093251,24189.0626999112,-1221.65448625532,0
1257,1146,9.08069405801094,3713.7850016566,21.2877608621852,13.6708703682951,14.0225643258253,21.0198784835582,37111.3084394857,24181.0235147133,-1226.43078312571,0
1268,1147,6.60253210505062,3333.86351983044,22.4278509820636,14.8376672119625,15.2666868444232,22.8269490748194,26802.6624923742,23558.7630243814,919.464243309794,0
1269,1148,6.61596226873032,3021.57889183044,22.4278509820636,15.8714576668049,16.3627920354091,24.4263129803079,26827.154662792,23546.4688401044,928.06251545847,0
1270,1149,6.35564544944813,2236.46508169708,22.3630288425039,19.5898542105425,20.3250011599356,30.184409249186,28659.8751560155,22745.0276166666,614.514734093041,0
1271,1150,5.85210342101369,5047.71863354301,22.0911895064562,11.2355687681433,11.4685032125225,17.2599480675812,34522.0213038879,24852.3798650594,17.1273738151872,0
1271,1151,6.37813033075934,3188.20818891083,22.3638586406745,15.2890604675334,15.7442919160504,23.5250193959918,28679.9168702684,22722.4777843016,690.293888389199,0
1272,1152,6.37461222880412,2784.29540091083,22.3638586406745,16.7865565045309,17.3345095908944,25.8424505291689,28686.8575298396,22733.4833646519,699.565113409348,0
1272,1153,6.63418976290259,3779.96018809823,22.4121282160293,13.6286116091855,13.9882025540656,20.957380526397,32086.7338092517,25465.7359541532,891.966385236797,0
1273,1154,5.99976955890136,2309.70117891083,22.3638586406745,19.1450121913711,19.8493734468458,29.4951058647496,28666.6523792318,22726.7137204511,669.975009381921,0
1274,1155,6.34061010394859,2417.58452691083,22.3638586406745,18.5347348388708,19.1974894863945,28.5496265420237,28675.9534944521,22730.4663214398,619.3306827557,0
1275,1156,6.28839977166967,2225.62793691083,22.3638586406745,19.6581440823602,20.3980647881124,30.2902407680804,28667.3732936106,22690.1734692229,594.094404001271,0
1276,1157,6.17516049403472,2348.0355767737,22.3497556106856,18.9197622340863,19.6084881804158,29.1460579138173,28695.5253101308,22653.8352779103,544.539825338737,0
1277,1158,6.09702788947777,2403.0785507737,22.3497556106856,18.6114225018268,19.2791768496522,28.6683727899796,28684.6624707317,22637.1371506755,562.332721438367,0
1278,1159,6.18516900143261,2124.33036291083,22.3638586406745,20.325897021872,21.1128503016796,31.3251821986502,28671.16813915,22655.1090210363,571.097979863543,0
1279,1160,6.14471837872776,2455.9629767737,22.3497556106856,18.3271261467183,18.9757179490034,28.2279840810283,28679.6734043712,22643.7473129081,554.032749571195,0
1280,1161,6.13475566555477,2594.52974770683,22.2468265427591,17.6163059252967,18.2164584344271,27.1267445408788,28692.561782384,22645.7567180476,572.389480109869,0
1286,1162,5.77336671559485,1474.85411252025,22.6797235465545,26.685994714704,27.9638845866023,41.1945834777147,29700.8390778125,27699.4592260876,81.107606101083,0
1287,1163,6.1078944124362,1917.8009555709,22.6707304564571,21.9564252127298,22.8665102996042,33.8546086901292,29844.8082011904,27770.6689141158,-32.0306715744027,0
1300,1164,7.03775878271543,5880.19288111671,21.5764738710636,10.1512850303036,10.3311712638985,15.5858295839728,35521.63883369,29129.4436206778,1063.78744739596,0
1301,1165,6.96677871701941,5983.71508111671,21.5764738710636,10.0391764846521,10.2141869315834,15.4129034560626,35525.6949747205,29129.0149518129,1078.56681152424,0
1302,1166,7.25114388572025,5592.59939911671,21.5764738710636,10.4815857505252,10.6761010029657,16.0953869665801,35517.5970071078,29154.7205101693,1064.12106925607,0
1303,1167,6.09426220416313,5376.17212410777,22.316470878123,10.8026696711146,11.0166458191706,16.5921737318551,32815.2338975247,31855.4487183533,509.153672358605,0
1303,1168,7.21493782679139,5273.86115311671,21.5764738710636,10.8840913814877,11.0969548566741,16.7164783679796,35529.809681553,29118.8437863957,1055.82696651663,0
1304,1169,7.39540663216084,6150.5688647455,21.314802838762,9.84933610983465,10.014656124273,15.1196796161895,36304.9542353651,26772.162463227,1218.73353576503,0
1304,1170,6.07847386310566,4653.38893410777,22.316470878123,11.8657479392781,12.1312115731011,18.2333995290213,32838.8857592484,31877.871590485,521.726646739137,0
1305,1171,6.08884676196658,4560.70447628537,22.3033605854153,12.0222592737425,12.2955181646499,18.4750870889735,32809.7830596307,31879.7343440195,503.253541364619,0
1306,1172,6.00576091341963,3428.38742968201,22.2537674736898,14.5381450305147,14.9479388450923,22.3632386616269,32811.634265441,32497.1883386734,913.153707515155,0
1307,1173,6.82760364780283,3253.29238257757,22.2336049443265,15.0633131538982,15.5037252150957,23.1754345959041,32795.7370450051,32532.5798061047,890.88559673141,0
1308,1174,6.82033077250811,3707.11608657757,22.2336049443265,13.788917894955,14.1558438492476,21.2047476061609,32812.180268463,32531.5049099951,896.442081906705,0
1309,1175,6.69892490159911,3141.35625057757,22.2336049443265,15.4281556722716,15.8903983931366,23.7398334942737,32789.2550902632,32537.2334954944,913.211853354808,0
1334,1176,6.18337076587277,3531.66717021434,21.6935929949016,14.1857091956779,14.5698939327733,21.8167849117556,26543.4313441886,19507.7096112628,496.437427099595,0
1335,1177,6.14775860834499,3933.24520221434,21.6935929949016,13.1988641457549,13.5286208976581,20.2914354641657,26559.7497999571,19514.4302893629,507.069415694687,0
1336,1178,6.40590558387898,3020.64194421434,21.6935929949016,15.7760825810896,16.2535464434909,24.2765221605877,26552.7782217234,19567.7791242538,552.104562567591,0
1337,1179,9.37826350089577,2125.46734310874,21.8350135623026,20.2123173777474,20.9834042067713,31.1469786281152,27444.7859424517,19887.6756018536,-1215.07238012818,0
1344,1180,6.22795763821324,3804.63171730856,22.7819760624556,13.6073204372191,13.9689855245261,20.9253669042609,30789.4277550544,32817.2183452402,909.381433128267,0
1353,1181,5.49091400775833,3532.18661694319,22.196084558243,14.2411100396265,14.6332493250547,21.9037674313427,31010.0809007546,23171.2433529054,-126.747426316648,0
1354,1182,5.9009742526356,2796.89879992167,22.7414082958189,16.7888608523507,17.3413321540602,25.84722174166,31158.3200522624,32304.9820815415,384.238206985245,0
1355,1183,5.87027175210533,4563.22981792167,22.7414082958189,12.0547039145483,12.3328939934727,18.526104040157,31165.1366929523,32292.0546453085,378.940882212624,0
1356,1184,5.89255798165181,4376.84580592167,22.7414082958189,12.3908281572081,12.6863898265511,19.0453261063535,31152.9987305449,32287.083247385,397.955209970704,0
1357,1185,5.67636748748651,4374.30234818659,22.8900376155596,12.4086204420629,12.7062587989219,19.0731297801259,30307.314066303,31464.9857370309,107.468801255258,0
1358,1186,5.66002077051946,4554.89352218659,22.8900376155596,12.0816711616244,12.3623481594137,18.5680630731538,30314.1453263551,31471.7092508984,116.750901388679,0
1367,1187,6.4623497190894,1827.98408804369,22.1333921023277,22.6143003040406,23.5646371070026,34.872567904427,32092.7468210916,25449.7405262183,815.863026965802,0
1368,1188,6.54679500270045,1729.39469186175,22.2496395510699,23.5839337713194,24.6095755284976,36.3773367623492,32097.5244347446,25481.6127272666,862.011339828577,0
1370,1189,6.71556334787153,1629.30346518662,22.2362836657677,24.6452241073956,25.7525371924524,38.0241464910928,32084.5783761149,25460.7661662277,813.508360298967,0
1371,1190,6.69976173492547,1299.95368407121,22.141480826972,29.190807044706,30.6635982477771,45.0819688998698,32411.7041306596,24692.7211965275,-153.672659435422,0
1373,1191,6.69613059848068,1952.97553518662,22.2362836657677,21.5723120304581,22.4472207117902,33.2570340816166,32055.5105710347,25462.1551494453,798.942311268891,0
1374,1192,5.93670229737192,2383.72704602396,21.9090601503638,18.640984390353,19.3048387532752,28.7125424264943,32984.0161384289,19004.4313069602,-38.8307326580751,0
1375,1193,5.6292627792593,4724.33203771179,21.90150277663,11.7150090661037,11.9699063771171,17.9997808295176,32968.6161946642,18996.9697422685,42.0601274154541,0
1376,1194,5.61472754711335,4411.21042171179,21.90150277663,12.2534043535606,12.5353315460384,18.8312398120407,32946.5983787334,18981.629414719,6.88713168257749,0
1377,1195,5.65518399631851,5363.12372409051,21.9119578213512,10.7910285326512,11.0018203198588,16.5734769537784,32957.258031118,18996.5122813547,3.29810193998042,0
1382,1196,5.88997465865849,2470.09687678525,22.8405668118956,18.3351502004588,18.9906046754512,28.2421550899056,28013.1505823562,28428.3544701793,516.857527205491,0
1383,1197,5.87921920960493,3458.68983478525,22.8405668118956,14.5189400336622,14.9332615765143,22.3350937128257,28050.9740760266,28443.1892502108,543.326944163549,0
1384,1198,6.13727553851286,2672.36163478525,22.8405668118956,17.3466566772021,17.9363936392954,26.7111823875388,28036.5480287946,28454.4289410622,501.460120623396,0
1386,1199,8.27700986886395,2456.76046525208,21.9320701316797,18.2520854810826,18.8901973546473,28.1102490798563,24432.6952935325,22654.2372806781,-1397.91397393939,0
1387,1200,8.46803155280154,3919.81548925208,21.9320701316797,13.2529897890871,13.5877474141555,20.3756527556866,24470.9673101952,22644.2356024219,-1342.89775359837,0
1387,1201,6.06997754740846,2695.75120749907,22.4864247408078,17.1874944412977,17.7626465028417,26.4635703239075,30920.6437546073,26356.731059064,296.755952523403,0
1388,1202,5.75989634441741,3742.66901349907,22.4864247408078,13.7274258207377,14.0931917988819,21.1103157716752,30919.7276959429,26379.9418339974,270.949888433739,0
1388,1203,8.42116255589483,3914.88166525208,21.9320701316797,13.2641206363543,13.5994807038513,20.392854376849,24471.8003618402,22660.2923074069,-1353.98512290289,0
1389,1204,5.89161046357468,3432.82927149907,22.4864247408078,14.5523505086526,14.9652266993118,22.3858293497765,30892.6617361224,26356.6212833745,284.727653081954,0
1389,1205,8.35497284083243,4318.88255725208,21.9320701316797,12.4280219461626,12.7191564718476,19.1010278863968,24465.5185722855,22647.8076052218,-1371.16075457224,0
1389,1206,4.58078661292827,3158.48557036654,22.0901701643179,15.3524987275526,15.8086818874363,23.6223725674061,25377.283953443,22540.9445544961,686.203051683229,0
1390,1207,5.93541836842613,3437.60469429522,22.5533850946903,14.5463558754027,14.9595289356795,22.3767365184514,30895.893765159,26346.2406092668,308.530184720834,0
1390,1208,8.45255061547733,4070.8401476976,21.97109845976,12.9276767899684,13.2453171877771,19.8730485878521,24491.9636917155,22623.2513931285,-1367.91128135725,0
1391,1209,6.00927196459066,3464.80680429522,22.5533850946903,14.4687679168773,14.8774273297523,22.2567459411526,30916.3438653656,26369.7700382902,273.645027590066,0
1392,1210,6.14873367113509,3388.70697429522,22.5533850946903,14.688634936529,15.1101270033998,22.5967840590121,30926.8449941806,26367.3745811544,265.020951069546,0
1393,1211,5.97855696301459,3239.30461629522,22.5533850946903,15.1472000462774,15.5958685520273,23.3060966924133,30913.0645341065,26367.4230766998,261.446345281901,0
1394,1212,5.98793469205302,3568.37305629522,22.5533850946903,14.183102350959,14.5752841053004,21.8149997885191,30923.602403587,26353.3680155835,268.058818521732,0
1395,1213,5.89533866408004,3520.15814229522,22.5533850946903,14.3142175904399,14.713934647336,22.0177455725326,30908.7091393279,26346.6452650257,264.168611564187,0
1396,1214,5.81731834263085,3260.05310829522,22.5533850946903,15.0812563237289,15.5259829024872,23.2040850711895,30920.1759358825,26367.3059588611,282.967094567187,0
1397,1215,5.9590594773434,1969.88015829523,22.5533850946903,21.5065472288864,22.3816135484316,33.1564265263536,30936.4693716033,26378.6366211237,251.196647324026,0
1422,1216,5.85272503913235,3587.81477299201,21.6578815331741,14.0319217547529,14.4071047774274,21.5789353302778,35965.1499573136,24760.6856495131,667.566350399728,0
1422,1217,6.76229624273502,3449.37931996295,22.4175636030848,14.4970122215864,14.9060067870519,22.3000655676781,29954.7346274223,19613.4496928261,950.383616910921,0
1423,1218,5.25598387402898,3012.20315942097,22.6188289913976,15.9310468824124,16.4281268732388,24.5190958784007,32152.7109984671,22168.7341169339,-338.119327591635,0
1423,1219,6.19889479788018,2748.95251996295,22.4175636030848,16.9444602068583,17.5031358377775,26.0870726573666,29987.4849471603,19619.5704299066,875.669282799939,0
1424,1220,5.2873967454148,3789.463178726,22.6232592046591,13.627519521889,13.9889184814021,20.9562076801377,32150.4604139159,22174.5428238947,-419.028768991863,0
1424,1221,6.26361477712131,2958.81624796295,22.4175636030848,16.1014934364206,16.6069448997316,24.7822671561149,30010.1173433864,19657.3283994364,838.271016574055,0
1424,1222,6.13530314762458,3472.21156471235,22.3021963932836,14.419126238773,14.8225026305411,22.1793144024,34230.1164098081,23087.9111001995,-83.7281458128096,0
1425,1223,5.32270982013061,2720.81129281545,22.6269109513863,17.0978877692984,17.6689116254259,26.3252918713707,32169.2786360492,22160.3599641371,-358.713472308123,0
1425,1224,6.50583931973422,2405.89756996295,22.4175636030848,18.6077076989812,19.2761075086229,28.6628651548668,30003.9458068765,19637.9026099611,925.71697783895,0
1426,1225,5.45174462184656,2394.953066726,22.6232592046591,18.7035931652983,19.3812214251007,28.8121581816258,32162.9096549299,22162.669039175,-348.10650255898,0
1426,1226,6.09216821796901,2527.13160453552,22.437136476333,17.9760545352286,18.602325572069,27.6845272625603,29996.9471936991,19675.7771862603,872.511603894513,0
1427,1227,6.64498233401051,2636.95324053552,22.437136476333,17.4470416816746,18.0384716519181,26.8652861726583,29971.8890234135,19637.9284970233,910.970821846874,0
1427,1228,4.98291203353446,2635.91293760417,22.631192558911,17.482061290242,18.0781431330973,26.9201643169785,32135.7920210916,22172.3538185072,-347.476874391281,0
1428,1229,5.54185324285748,2435.436854726,22.6232592046591,18.4827068923679,19.1453382964243,28.4699647962214,32128.0399523956,22186.2762494752,-379.331775892396,0
1428,1230,6.43762992898317,2953.92647596295,22.4175636030848,16.1198958314197,16.6264911275393,24.8107467566406,30009.6510570826,19611.1523904025,905.813209855095,0
1429,1231,5.26841582685399,2968.25137681545,22.6269109513863,16.0946379448565,16.6019642946428,24.7722913997666,32148.0793229493,22167.4107663928,-346.974595318208,0
1429,1232,6.51904169161307,2870.66819596295,22.4175636030848,16.4419347834093,16.9686790087383,25.3091714706429,29985.7423732205,19621.4924801013,862.334336501864,0
1431,1233,5.22574495350963,2799.36840904283,22.7189904290129,16.7752955998129,17.3266407972173,25.8261502009441,32161.923802863,22143.3826606383,-352.409467595677,0
1432,1234,5.68891617860961,6451.67329086628,22.4750393014483,9.62343506076212,9.78577600862025,14.7731247535543,33999.4171966901,21286.7410369412,-133.751611187049,0
1432,1235,5.2738681537302,3412.95713709023,22.7345244318372,14.6386474572088,15.0589643024056,22.5199554658106,32149.219852873,22167.7747484523,-363.76585713124,0
1433,1236,5.66601059522443,6128.30958486628,22.4750393014483,9.94294635889125,10.1190539416294,15.2659316771258,34021.003885041,21269.8410933637,-107.805441047231,0
1434,1237,5.78051659766543,7715.54719686628,22.4750393014483,8.60086752307216,8.72180624455254,13.1966700992782,34007.8122059572,21268.1568004426,-121.417578462275,0
1434,1238,5.56939876908198,6545.41635622838,22.5828640362857,9.54201073825238,9.70148809336314,14.6477161129307,33186.2794824715,23253.9249492012,-250.08941135999,0
1435,1239,5.73438863505305,6460.0374771147,22.5090278217466,9.61747986689672,9.77975399666602,14.7639921326741,33770.7563852916,21269.3537038562,-66.4602103834353,0
1435,1240,5.47925262606148,5642.15212222838,22.5828640362857,10.4898549050066,10.6910664076155,16.1098948423863,33186.2213101401,23254.8078528722,-275.884182196338,0
1436,1241,5.63014146385526,4389.2190351147,22.5090278217466,12.3473716084182,12.6388733494151,18.9776966854131,33775.3004957536,21261.1463535473,-99.8948668605272,0
1437,1242,5.51856060250006,2637.1616184955,22.5058911190677,17.4567804814058,18.0496845902411,26.8805972508337,33760.5232603579,21243.5731127909,-65.9834990978063,0
1440,1243,5.3145807585985,3014.31181549145,22.7800780779553,15.9448687800431,16.4445438916925,24.5409648879958,33129.1383512208,21630.8958776419,-137.561923144805,0
1441,1244,5.71736727814551,3252.17058949145,22.7800780779553,15.1339968103764,15.5841649390841,23.2863025967862,33151.6385756111,21681.3764159311,-125.543617370949,0
1442,1245,5.46942630549512,3532.78182949145,22.7800780779553,14.3048897463294,14.7061967834574,22.0039077730516,33143.5865076654,21670.4180211047,-139.4183270602,0
1443,1246,5.51842581961038,3440.75191897539,22.7999329835374,14.5656738711813,14.9823417925957,22.4072654373637,33128.1891894649,21662.1883292413,-115.259386752992,0
1443,1247,8.01792537789413,2950.49120597848,22.6523510166813,16.1650284108233,16.6770259340636,24.8813093950894,31304.3904980648,19150.7980593182,1251.74517598166,0
1444,1248,5.49872533024331,3598.66159549145,22.7800780779553,14.1271391813958,14.5182119701727,21.7290438269291,33112.5874154695,21662.8577912759,-93.3139109180162,0
1444,1249,8.13730394275893,2776.46377997848,22.6523510166813,16.8618304690277,17.4179503609236,25.9599053775549,31303.258752759,19141.166229285,1191.62894676878,0
1445,1250,5.6135400212994,3556.04128549145,22.7800780779553,14.2414590127279,14.6391039751869,21.9058191581713,33104.3649275908,21663.2040921807,-85.4989939339228,0
1445,1251,10.9969964637265,4206.57085879093,22.8271685797272,12.7287233471821,13.0427880235286,19.5675699607659,32408.120139407,20656.4579431426,-665.780575772462,0
1446,1252,5.62854931444584,3670.62053749145,22.7800780779553,13.9395324711504,14.3198982864302,21.4389648262374,33214.7016583954,21643.0143754749,-128.452083161436,0
1446,1253,5.70342331944649,3461.59966634665,22.6967098675177,14.4942424709914,14.9057527574142,22.2965198804234,31295.0680903539,19423.4871348953,223.651735018059,0
1447,1254,5.99740637140658,3475.80643634665,22.6967098675177,14.4540122467851,14.8631808024812,22.2343030530674,31232.3882695706,19403.0908106254,146.846303960148,0
1447,1255,5.72952492087714,3120.10269349145,22.7800780779553,15.5704350258978,16.0470438620462,23.9615470541972,33208.93562214,21633.9369290239,-137.699823968545,0
1448,1256,5.85264386507665,3294.68663834665,22.6967098675177,14.9901697554169,15.430902141806,23.0635784399533,31264.5547294405,19420.8143697989,161.665920941587,0
1448,1257,5.26740874927094,2705.26500949145,22.7800780779553,17.1895547464644,17.7683307360164,26.4677217056734,33205.7397039243,21627.4295923616,-155.689827864478,0
1449,1258,5.67566635482673,2908.28452034665,22.6967098675177,16.3332286033091,16.8562651296321,25.1417773711475,31250.7701472456,19430.4983972457,187.454752781609,0
1450,1259,5.65196233084995,2737.69054726263,22.6800599678656,17.0321336123202,17.5995349907511,26.2236585648643,31337.2002711311,19449.6003037126,163.908340340277,0
1451,1260,5.85374913205489,2621.45307772651,22.6895522722414,17.558757598591,18.1605827865261,27.0391285426575,31381.1212660679,19451.6959435635,163.387849139579,0
1451,1261,6.63160659435503,1711.99562730768,22.4759186710638,23.8183005551269,24.865860158049,36.7420763500997,28320.8831064246,21865.6568102338,742.891322514943,0
1452,1262,5.72580797905982,2331.87725572651,22.6895522722414,19.0735649607595,19.7774287864279,29.3856202781024,31347.2262046603,19463.3509815465,162.006088831971,0
1456,1263,6.41918250263467,5101.04504256104,22.015678063378,11.1536222388711,11.3821234635359,17.133307015092,34970.3117929605,29683.2420240489,847.34520773099,0
1457,1264,6.49566614382983,6131.00282856104,22.015678063378,9.91225427321716,10.0843739703624,15.217855156764,34983.9520104744,29683.4023118313,885.436653620812,0
1458,1265,6.66420220271686,6245.03143056104,22.015678063378,9.79695879751995,9.96412359361226,15.0400295586388,34974.1291612539,29687.4359446712,864.957198061703,0
1459,1266,6.44807834639253,6254.43653256104,22.015678063378,9.78761226281396,9.95437755631528,15.0256145577023,34982.1399893377,29680.026667176,874.038149238037,0
1460,1267,6.49352218289244,5647.74882038366,22.0343382073806,10.4466968029949,10.6425377077297,16.0423578101815,34981.4107313496,29684.9773326186,859.395819030727,0
1461,1268,6.35201500951609,5228.54998838366,22.0343382073806,10.9782536871708,11.1985881677621,16.8626553545845,34958.7030925385,29638.4109362608,758.499724153648,0
1462,1269,6.08976450765032,4750.32147638366,22.0343382073806,11.6839191071075,11.9382579263798,17.9520445745623,34927.9832142055,29601.8292263052,742.493681030157,0
1463,1270,6.12782955490783,4762.98642638366,22.0343382073806,11.6636310762882,11.9169692430204,17.9207180982674,34932.9610961079,29605.5529651804,741.717156875948,0
1464,1271,6.27420825461217,5217.05241638366,22.0343382073806,10.9938823431807,11.2149517924848,16.8867775270622,34936.2274923831,29584.1909751799,735.319039277945,0
1465,1272,6.09395000540872,4988.09214638366,22.0343382073806,11.3182127004154,11.5547214913661,17.387419026359,34936.9144269829,29616.4656120047,759.814818727535,0
1465,1273,5.26559773169546,2243.11690482259,22.7513808874453,19.6208480672675,20.3635893935523,30.2339372411924,32459.0926361495,23841.6535855224,-367.491755739345,0
1466,1274,6.26304981365912,4665.23503838366,22.0343382073806,11.8227311169817,12.0839523101714,18.1663921517254,34946.1359454819,29593.0150277801,736.030264087755,0
1467,1275,6.87644610031908,3523.30969501306,22.7010672708847,14.3220987978175,14.7236605854994,22.0303160373662,30896.2678842063,19655.5161847218,944.193473633683,0
1467,1276,6.20713270493536,3439.24585238366,22.0343382073806,14.4815427497338,14.885923704311,22.275118282483,34941.2629798568,29570.605852155,722.045000361503,0
1468,1277,6.01460978947532,4835.34049178621,22.3802774715753,11.5769231871723,11.8284824676563,17.7875236322793,33758.011161372,29862.0893901673,479.052865290216,0
1468,1278,5.39499159064608,3173.28107563437,22.7341724500314,15.3849833909754,15.8498257287991,23.67447539331,32536.860342215,23926.8525938419,-370.659560989334,0
1469,1279,5.86450602414455,4650.87274178621,22.3802774715753,11.8752188308666,12.1416296965723,18.2481559799133,33742.1554632244,29840.5155176216,514.981558352662,0
1469,1280,5.22308020755839,3475.27998997089,22.7421417835668,14.4606601291456,14.8706469942189,22.2447030152053,32536.0437683762,23920.2016100422,-389.760441184829,0
1470,1281,5.81450671474874,6311.97873589826,22.3989854033106,9.75351761236543,9.92099140940336,14.9736305597828,33752.3524590023,29847.2876147863,499.188813836966,0
1475,1282,5.93573502292749,4490.40338819555,22.6129067401589,12.1721320899212,12.4553795499489,18.7072200024723,28858.8608319315,24681.6569902702,307.904556374175,0
1476,1283,6.06827909974914,4311.11174819555,22.6129067401589,12.5040188797469,12.8045026044941,19.2199192399699,28839.3199073037,24642.4073763884,351.711617364344,0
1476,1284,7.72279058448861,2477.55948993054,22.5782991505848,18.2524141319312,18.8989420299554,28.1130702133056,30570.9373199129,19249.7341631262,1241.94594601474,0
1477,1285,6.03295648157548,4312.95448091064,22.5748312035682,12.4970797733849,12.7969004713727,19.209116175616,28673.648977877,24400.8681639859,419.924761577098,0
1477,1286,5.82656260886009,4089.76216069457,22.1636124299878,12.9063811743013,13.2245006871158,19.8405885212462,35020.9114415011,27338.4307290853,522.284336567276,0
1478,1287,5.85866722659676,4808.36041069457,22.1636124299878,11.6020419630217,11.8532848250614,17.8258795181924,35008.1298909173,27308.9762605004,496.82175050672,0
1478,1288,4.72580017645003,2943.85385969864,20.992318717446,15.9594085711945,16.440054214866,24.5579755230227,36085.7893061264,14128.4377885991,641.218334213753,0
1479,1289,5.71186539069377,3976.57851919492,22.2182573066605,13.1549668717195,13.4868912631663,20.2248500197245,34971.6340590114,27334.1317857487,458.694248392337,0
1479,1290,5.9031476461587,4202.24225653103,22.10116888544,12.6704646620189,12.9755888024778,19.4759397311458,33340.4528849981,15691.6151364229,-33.3190352428057,0
1480,1291,5.50276527941397,6389.0160199984,22.0099695911786,9.65615761655082,9.81730684025306,14.8228749834154,33321.3622204394,15660.3450121366,30.3516237079602,0
1480,1292,5.98160072590463,4554.06587510633,22.2109997827221,12.0259494259267,12.298698204903,18.4805938684724,34726.9750258903,27424.1932996194,361.128757041548,0
1481,1293,5.73519355159207,6544.6517359984,22.0099695911786,9.51037480200205,9.66540836316163,14.5980683881858,33306.1799770462,15653.7311903907,14.2590499931494,0
1481,1294,5.57146065817953,5630.55145099857,22.3691253071275,10.4895196654945,10.6893916411561,16.1090112757243,34506.824962836,23080.036067291,-176.270803945937,0
1481,1295,5.94473163050007,4947.66162789024,22.2591368267034,11.3955870480394,11.6374132596413,17.5073067306742,34688.8918839326,27407.4264867814,324.413848230555,0
1482,1296,5.59360631702924,6869.5572619984,22.0099695911786,9.22455821949084,9.36783828543168,14.1573856441915,33326.4728658733,15673.6075825459,19.7023472935701,0
1482,1297,5.69862652286954,6250.11430025804,22.3306790023708,9.81066181970922,9.98020752694979,15.0616604635245,34510.855685215,23063.6737069809,-191.647097900643,0
1482,1298,6.00549445466073,4373.94333148863,22.4190185699809,12.3678838811085,12.6597497939332,19.0091905442908,34186.792626753,20502.9393931037,290.471999643868,0
1482,1299,5.86319640375355,3775.19740576539,22.2066524907172,13.6187211084917,13.9759308770347,20.9415867400434,34710.0945198654,27428.1439026319,343.990544778568,0
1483,1300,6.06651824602794,5081.83694548863,22.4190185699809,11.2111366507771,11.4451477460939,17.2228532868901,34196.4454839148,20504.86350784,264.52016438713,0
1483,1301,5.58574905658471,5325.51337699857,22.3691253071275,10.8726187123009,11.0902099806375,16.7002272064412,34497.0276921135,23070.9039941177,-187.174223395305,0
1483,1302,7.14189969234061,5814.97491847949,21.7740534887074,10.2365526578616,10.4213951515459,15.7176991520361,32837.1834299593,14253.0704046764,1067.58070496781,0
1484,1303,6.05168232152288,4137.36206548863,22.4190185699809,12.8316834676005,13.1479340413191,19.7257503380468,34160.4109256379,20479.0387954883,292.389039713078,0
1484,1304,7.62225510480886,3714.04693447949,21.7740534887074,13.7225691519286,14.081606281212,21.1010272481146,32839.4532959752,14258.2756403987,1079.12870151797,0
1485,1305,5.99871177633632,3693.67032148863,22.4190185699809,13.8424323190226,14.2140420677842,21.2879414777723,34163.9467961492,20472.8062907832,269.923035963289,0
1485,1306,7.1778975281981,3383.08425847949,21.7740534887074,14.6131043881581,15.0225072810539,22.4778544573514,32841.8630922743,14251.0532490807,1079.22824021605,0
1486,1307,6.12098550941699,3827.87473948863,22.4190185699809,13.5147071390638,13.8680425701619,20.781327780947,34179.7533171211,20490.5691254707,273.468088878245,0
1486,1308,7.3410603647912,3273.79124647949,21.7740534887074,14.9424176948804,15.3709892175025,22.9871438855716,32850.6308761585,14266.0772144824,1027.63231500177,0
1486,1309,9.86310511588709,4620.95893943368,23.0643592142552,11.9820637244379,12.2589160839622,18.4145614666046,29151.7307804324,31642.4410766683,-1044.10368234101,0
1487,1310,6.07727805284496,3628.31917948863,22.4190185699809,14.0098424844772,14.3909043146023,21.5467644121698,34184.5377307497,20503.7436347976,275.549148989334,0
1487,1311,7.44568677840132,3661.58755077334,21.7401011362174,13.8504048137263,14.2162207663279,21.2985456059613,32846.6848850571,14227.5754566441,1048.27780650381,0
1488,1312,5.90221069013973,3651.73281748863,22.4190185699809,13.9492477252004,14.3268792813906,21.4530799659102,34162.7979200497,20494.510738294,298.93122880389,0
1488,1313,7.61418982806587,3472.35563647949,21.7740534887074,14.3579570212158,14.7527073882498,22.0833186443733,32847.5746469022,14261.6244614542,1080.96271249178,0
1489,1314,7.37202021806686,3249.01199647949,21.7740534887074,15.0198434681699,15.4529632209193,23.1068957072371,32856.0287641205,14244.9066370381,1060.33685624413,0
1489,1315,7.03329169539195,2124.44452846322,21.5636819635091,20.1646398146218,20.9283104829812,31.0719655880027,26018.0863469953,18886.2006128675,927.168603505653,0
1490,1316,7.00689592164658,3160.57934115054,21.4507854934008,15.2634025738758,15.7074929501502,23.4826807314562,26015.7658281298,18913.2360673967,940.475394193254,0
1490,1317,6.65439546109067,2017.37452721694,22.5188347847453,21.1305681597944,21.9776636587168,32.5732889657873,30427.9642685443,24472.7200669752,893.480402877265,0
1491,1318,7.05250306906635,3141.37266915054,21.4507854934008,15.3269669897233,15.7748243307522,23.5810027072377,26042.6977554079,18888.9696127285,1009.9319728985,0
1491,1319,6.93004264582316,2350.76006321694,22.5188347847453,18.9341864602737,19.6261773350814,29.1690333428477,30420.0101557062,24486.5624519527,891.685802814265,0
1492,1320,6.75656909202691,3140.02908315054,21.4507854934008,15.3314397651477,15.7795625614568,23.5879213407311,26047.3246259698,18855.2961084453,956.982213081668,0
1493,1321,6.5392696353801,2890.19712055931,21.4773719903257,16.2317178507933,16.7345990698445,24.9808651738616,26075.9817567049,18864.4072670235,970.300886959367,0
1500,1322,5.6242582348723,2851.04320009726,22.7140105274859,16.5625226985722,17.1002479856772,25.4967537034418,33323.4528850607,26989.322989376,-140.387761645084,0
1501,1323,5.48729682338274,2408.34262609726,22.7140105274859,18.6453900564716,19.3202466751071,28.7223159295823,33322.0491690136,26996.5391554832,-95.3811954947953,0
1502,1324,5.63517328957961,2624.35160809726,22.7140105274859,17.5489601622294,18.1504388027981,27.0240382901293,33304.6894739685,26982.1382138214,-94.3374555267987,0
1504,1325,5.60828756856512,1704.60873278181,22.7121498345511,23.9548689992767,25.0170776754935,36.9551334867316,33332.7628140288,27000.3552940034,-107.88003873695,0
1508,1326,5.51309775003447,1373.80372870905,22.7359081424572,28.180684455796,29.5820710007628,43.5162812713243,33345.2710821732,26984.6519495559,-133.934246570424,0
1509,1327,5.79452754724908,845.352446781814,22.7121498345511,41.2803931639531,43.8409258439868,63.8860730906342,33333.9119444087,27001.0738176122,-157.031500497247,0
1510,1328,5.78672594617608,1519.99077539653,22.8060338711962,26.1231115339052,27.3580270369605,40.3212403403898,33309.6142571922,26983.6896296842,-97.3304611834933,0
1513,1329,5.47786510994078,2615.21491100099,22.8303337978599,17.6101680880492,18.2170917348663,27.1192156544875,33212.7529197692,27001.9065498077,-88.492934520346,0
1514,1330,5.91179667937403,6072.41313318452,21.833056083334,9.96167667432757,10.1348626599365,15.293788835489,36055.4483604998,18154.9575178265,386.300041814594,0
1515,1331,5.85492092519008,5635.96794318452,21.833056083334,10.4471845341473,10.6417831496837,16.0427605884006,36054.0611082219,18151.0850258218,389.538856973478,0
1516,1332,5.91022817577562,2735.36400318452,21.833056083334,16.9152533528806,17.4651102475982,26.0399431413029,36060.8216431863,18148.9426886866,386.583688680474,0
1519,1333,6.11074474057623,1759.97378003796,22.5531512498992,23.3560534771215,24.3695288396638,36.0252170627903,34517.6215348897,26056.7790927438,401.030255167788,0
1521,1334,5.4450973570538,3339.30022802659,22.1516423390422,14.788155935035,15.2115140686499,22.7496129816744,31631.7502718128,18304.193435191,-59.9251061679761,0
1522,1335,5.43563868246073,1854.43946402659,22.1516423390422,22.382113793491,23.3154269616144,34.5125180916635,31625.9402445103,18296.9454955239,-43.3700128986585,0
1534,1336,6.27947549017047,4465.10490065997,21.9194768613254,12.1575596906538,12.434747216654,18.683244292291,35877.7294777053,25430.3576895574,702.587013836685,0
1535,1337,5.72436932139115,4167.03765662336,22.6762809146908,12.7948679249815,13.1112491591974,19.6694413547442,33167.8424342196,25156.82298654,-401.361532761341,0
1535,1338,9.67783378828971,5556.42401570532,21.8867788930194,10.5464635682727,10.7458878025843,16.1960374414969,35938.5521574926,26450.2938097317,-1121.62868177463,0
1535,1339,4.89677963388745,3661.43471927722,21.0911134956572,13.7796665954734,14.135473815588,21.1875224951934,36963.8083332989,26453.576011108,715.847188422797,0
1536,1340,5.54321316490923,4144.39492862336,22.6762809146908,12.8412860688775,13.1601488839763,19.7411675808802,33163.2065189074,25173.1835065636,-377.912441307709,0
1537,1341,5.69064140724041,4742.29069862336,22.6762809146908,11.7486608411087,12.0108779724573,18.0533054786631,33164.0212907997,25164.9023523643,-401.116119114161,0
1538,1342,5.44668672594904,3799.00522262336,22.6762809146908,13.6099886034796,13.9708761162309,20.9292360499861,33179.9462326946,25156.6089401176,-368.089384147481,0
1539,1343,5.36930795748172,4032.87729062336,22.6762809146908,13.0766464250249,13.4081914268278,20.1048782489808,33191.5266467983,25151.8974202757,-410.231729894167,0
1540,1344,5.37984128386111,3497.55392357954,22.5511681227131,14.3765514192803,14.7798463006152,22.1141321786584,33173.2518792832,25156.9469421183,-396.818993811046,0
1541,1345,6.05313160900131,4232.1692580752,21.6842698248869,12.5725854465265,12.8691947489085,19.323788664197,23673.7019547336,22489.7965674754,648.593298322142,0
1541,1346,5.41051359151773,3377.79856157954,22.5511681227131,14.7206192095543,15.1439671292374,22.6462467138709,33169.4617801205,25146.7189434112,-406.196180230671,0
1542,1347,6.26561742181971,4920.8387390787,21.7098389207268,11.3931461181282,11.6309663367436,17.5024639548414,23736.4547736021,22441.9481688056,665.552457858931,0
1542,1348,5.39637480642595,3681.53710157954,22.5511681227131,13.8872426133727,14.2625754987633,21.3575489833352,33170.313132662,25162.0149029635,-399.92686134699,0
1543,1349,6.12583633741712,4783.55068107871,21.7098389207268,11.6047255897654,11.8528005976784,17.8291114687295,23762.0238116258,22390.6430002309,685.921643746825,0
1543,1350,5.48765256577844,4082.98297757954,22.5511681227131,12.9575949222648,13.281672758796,19.9206135228954,33183.261622837,25156.9906752968,-375.101800441321,0
1544,1351,6.27206988142775,4739.7850190787,21.7098389207268,11.6744354566297,11.9259212998469,17.9367420319545,23771.669190665,22406.771123251,701.027146192692,0
1544,1352,5.25271555476866,4141.48403357954,22.5511681227131,12.835586084351,13.1531253984066,19.7320787619472,33166.9119603893,25161.1827658094,-382.200088659634,0
1545,1353,6.01232279934944,5049.22829307871,21.7098389207268,11.2044533362814,11.4332532466048,17.2111844125519,23770.1253937461,22412.3072248582,697.179269690721,0
1545,1354,5.42949480615741,3898.33901957954,22.5511681227131,13.3639702890724,13.7101447952131,20.5486543329048,33171.2093379223,25155.7879137588,-408.294468243527,0
1546,1355,5.44885760645187,3846.68804957954,22.5511681227131,13.483851691997,13.8366370623983,20.7339526778197,33163.1261089093,25160.9218027245,-349.41052054631,0
1546,1356,8.42966354227142,4132.68332483096,21.9916402819093,12.8009880696444,13.1120857707039,19.6773501032342,36283.1646929888,19031.4592023261,-1486.24400248668,0
1548,1357,5.41002693455107,3056.1157621971,22.6726332629445,15.7800018349049,16.2683351886547,24.2855148734963,31202.100529041,26135.8578659254,-286.790350627654,0
1549,1358,5.53377774609329,3245.71430282828,22.6670815346388,15.140723170065,15.5901555353282,23.2963944313572,31174.8197345137,26129.7597617049,-276.896313552084,0
1550,1359,5.49020842115773,3404.92689414075,22.6138530066379,14.6480790038142,15.0677815000628,22.5342209334771,31196.4270719067,26124.0800703931,-313.979837401254,0
1550,1360,5.50360408110424,2457.63361378305,22.1579726371832,18.2858756707046,18.929204372756,28.1634012820559,30637.6193645872,21233.5436955068,-20.4470741458672,0
1551,1361,5.71636263129854,4331.61621333502,22.1066412267546,12.4196105830673,12.7117000219991,19.0884181928865,26260.6724711494,23493.5415234192,85.4806722975075,0
1551,1362,8.41467374242572,4766.81911983512,21.9682265446613,11.6521707012332,11.9044618821792,17.9028891984228,36262.7915547977,19014.4632101898,-1504.58438424526,0
1551,1363,5.45227108464667,4607.1470424185,22.5209084152181,11.9607145140779,12.2324812768284,18.3804830424999,33129.8266946197,27059.467708195,-158.191378574953,0
1551,1364,5.60566732634699,5257.35858049935,22.6179478786302,10.9813782588612,11.2057354589297,16.8685494355368,31218.5301466554,26120.547980578,-266.209739189502,0
1551,1365,5.46346632020649,2962.93207978305,22.1579726371832,16.0504987406239,16.5499159768209,24.7025585323682,30665.3803424088,21214.2386991712,-26.5525298313384,0
1552,1366,5.68118311445074,4406.2919484185,22.5209084152181,12.3168183907502,12.6068284012229,18.9305242502785,33146.5755111443,27053.650181362,-153.5939257644,0
1552,1367,5.72523166798636,3523.62461047796,22.0968595278042,14.2532682640148,14.6451573124589,21.922306313135,26238.5142765507,23489.1091260353,71.5857892931038,0
1552,1368,5.47375476841042,2823.52952578305,22.1579726371832,16.5943541357425,17.127728332521,25.5442727029113,30678.8338778067,21205.9072878932,-20.253916709413,0
1553,1369,5.61408073298278,3942.00848047796,22.0968595278042,13.2196817170955,13.5540658025814,20.3245726989806,26243.1046013885,23495.3345421976,83.2756053962395,0
1553,1370,8.13967871863405,4503.87614706234,21.9709145601817,12.0931749819742,12.367495859928,18.5839142500076,36262.7673736768,19001.9758331546,-1527.09458979352,0
1553,1371,5.74289422972259,2875.37872978305,22.1579726371832,16.3864941923605,16.9068066646049,25.222549064529,30639.3315376584,21219.216412646,-30.1760236190746,0
1553,1372,5.06544717485036,3422.17921214253,22.5263093652888,14.5877057935092,15.0030290221772,22.4406142105032,33085.9415967103,26907.5784976907,-130.289183710825,0
1554,1373,5.75653676532833,3850.43621733502,22.1066412267546,13.4297335105493,13.7756435656108,20.6492301348236,26256.3262761711,23498.7168819748,79.0601952804784,0
1554,1374,5.44225002627263,2804.82945178305,22.1579726371832,16.6710302277594,17.2092484074779,25.6629583010578,30682.799464505,21210.7709485616,3.64493429960091,0
1554,1375,5.44664078486433,1932.44985204995,22.5490058335176,21.8079747281347,22.7051486591978,33.623848872768,32996.1253014147,26605.0209805608,-124.314078995878,0
1555,1376,5.76606198511756,3571.14653733502,22.1066412267546,14.1260977494302,14.5108417930676,21.7257053022811,26254.7867788692,23498.3784455357,103.273420067727,0
1555,1377,5.74093265535127,2694.28095778305,22.1579726371832,17.144009438271,17.7124095354205,26.3951576259537,30630.6509202168,21212.5898530869,33.7381736590064,0
1555,1378,5.45204537460687,1593.29350404995,22.5490058335176,25.1451951748443,26.2974504040394,38.8017439876479,32974.4685360836,26600.2335631143,-123.730812710599,0
1556,1379,5.85068725911662,3500.99372733502,22.1066412267546,14.3165569971224,14.7121581966473,22.0201914633123,26265.3906974311,23492.7242464021,87.3367196782964,0
1556,1380,5.50940301753397,2522.01561178305,22.1579726371832,17.9558790490235,18.5772619531602,27.652302680923,30646.6600878411,21230.3512645963,-72.2020603172388,0
1556,1381,5.71142298339718,1942.89390671033,22.5695360535534,21.727029222333,22.6185559610585,33.4984068489711,32975.5293761567,26623.0267594711,-158.484896656339,0
1557,1382,5.19473120066068,1906.70145804995,22.5490058335176,22.0223703646564,22.9354101445625,33.9563505524866,32966.243957136,26610.186875782,-129.869774117457,0
1557,1383,5.52914054207833,1739.87235178305,22.1579726371832,23.4561141799409,24.4704093580121,36.1785819865011,30701.2419867274,21223.1097929613,-8.16650422252024,0
1558,1384,5.25037831344957,1907.60452404995,22.5490058335176,22.0147599855496,22.9272352685811,33.9445474108299,33015.2271302427,26599.2215030664,-112.533123290956,0
1559,1385,5.43463271549537,1258.93882404995,22.5490058335176,30.0647747151239,31.6199227324425,46.4423274089158,33004.3939012049,26607.1226510874,-107.406520870877,0
1560,1386,8.00226716037028,4052.37386371939,21.951465565674,12.9648599777411,13.2843138902065,19.9304566889557,36258.7159441204,19015.5351415206,-1507.99891519025,0
1560,1387,5.61901922076974,1800.82672847663,22.453690585074,22.9408173271588,23.9210766135388,35.3805467997135,33018.4276047214,26624.9056155156,-137.748301988608,0
1561,1388,5.48057985525549,1983.40024247663,22.453690585074,21.3785005069117,22.2426492556248,32.9574442915823,32986.7449845015,26604.8802671642,-135.132788862429,0
1562,1389,8.60984034709421,4848.73520476601,21.4217005211327,11.4799449336541,11.719861368491,17.6358852714934,36809.6747907458,15621.5451560447,-1397.11688893031,0
1562,1390,5.4351271586003,1974.50173847663,22.453690585074,21.4484142456145,22.3176719470423,33.0658539683974,32980.6476566243,26606.9521616025,-141.28608211194,0
1563,1391,8.56259446413571,4616.58116476601,21.4217005211327,11.8526023827331,12.1106900510164,18.211243382943,36802.273141191,15623.2031407885,-1397.24739070328,0
1563,1392,5.6192678990241,2122.18606847663,22.453690585074,20.358571633011,21.1491681233864,31.3761940013781,32986.792844775,26601.0234986083,-145.992980135767,0
1564,1393,8.72477259804057,5269.85029876601,21.4217005211327,10.8781492343517,11.0896922200461,16.7070190108877,36814.4301377654,15610.8037780947,-1443.73999843914,0
1564,1394,5.52094028543556,2266.58852447663,22.453690585074,19.4203902437354,20.1450200288559,29.922150478773,32987.4474384332,26609.5958676395,-117.400731069546,0
1564,1395,6.06814864799654,2367.10518061808,22.0358741702574,18.755976393369,19.4293141363058,28.8911478135638,31695.2509459956,17584.8699378479,395.815299554928,0
1564,1396,4.69027384311967,3889.28522091332,20.5133864734057,13.1764373473244,13.4944507804733,20.2538715593948,37664.8566463868,15398.0445490203,410.393089448119,0
1565,1397,8.47453483016846,4877.10469276601,21.4217005211327,11.4365491288634,11.6743790317582,17.5688931383615,36793.0792804421,15604.8261623855,-1399.15948026092,0
1565,1398,5.54724875498063,2191.94241047663,22.453690585074,19.8911439080874,20.6486650017763,30.6516916605845,32998.7223133112,26598.2015248235,-133.360428879573,0
1565,1399,4.79867064282342,3745.68496503153,20.7879631390256,13.5392244237184,13.8790970215255,20.8151373385363,37715.0976129169,15471.3293560579,652.099763376918,0
1566,1400,8.74636547140421,4916.90567476601,21.4217005211327,11.376408709083,11.6113572622611,17.4760543778593,36797.5938939968,15593.5809194588,-1415.67789791387,0
1566,1401,5.49046859752887,2038.55334647663,22.453690585074,20.9578050788229,21.7913909476383,32.3051552815574,32977.6692606122,26606.4873222727,-134.225197897208,0
1567,1402,8.77307900942063,4371.77766771351,21.5027086019522,12.2903570004154,12.5710074043841,18.8874419663528,36778.6945945837,15593.3010651894,-1423.11962396026,0
1567,1403,5.30005788286975,2538.60962447663,22.453690585074,17.9215028363114,18.5443615825676,27.6000969967953,32983.2726610651,26606.5247391881,-103.262876815209,0
1567,1404,2.73576875071101,3085.15661680713,21.8103460428297,15.564679978094,16.0306352942951,23.9498040462738,35982.6050675707,15479.9565553709,-437.238945709291,0
1568,1405,8.7037133169682,4082.16432676601,21.4217005211327,12.8508179635632,13.1597448698823,19.7530140403692,36807.1216844525,15610.3114398208,-1499.42440283759,0
1568,1406,5.3735647197898,2159.78445047663,22.453690585074,20.1031698914124,20.8756433628349,30.9803130527527,32968.8297795348,26600.0194151285,-114.622650010912,0
1569,1407,8.38977898726794,4070.71080676601,21.4217005211327,12.8747369268025,13.1849195060568,19.7899677770913,36811.8744538152,15610.1137789492,-1446.85212205401,0
1569,1408,5.49720633291393,1475.98728047663,22.453690585074,26.6025876049491,27.8693225990801,41.0638481444677,33018.4876299246,26602.162607667,-137.130188569305,0
1570,1409,5.51852820722085,1907.43470958314,22.4254982540597,21.9884370909406,22.8969854409912,33.9031779048436,32991.0595041161,26614.0740867679,-162.662091453222,0
1570,1410,9.02692948358623,4267.23406286098,21.5162561612198,12.4888742588291,12.7797852209604,19.1940985158909,36781.9435388417,15593.3335761711,-1435.42210804911,0
1571,1411,10.0068845100117,3523.09642367088,20.6692993697986,14.0912483983618,14.460127741298,21.6679949079585,38553.9676324301,19387.16686809,-1038.73619883016,0
1571,1412,5.46920800269957,2254.43569233936,22.4462498595425,19.4936913526885,20.2233106930029,30.0357110230408,32979.3293829998,26608.4548971273,-128.43795955105,0
1572,1413,5.77193733561353,2160.22711158314,22.4254982540597,20.0947075579104,20.8661750112222,30.9670844054927,32987.4989710741,26609.5926719629,-119.671576287109,0
1573,1414,5.56347066407965,1929.13031958314,22.4254982540597,21.8079176664365,22.7031303232374,33.6232206047902,33006.4094577962,26605.4508269329,-140.560342190378,0
1576,1415,11.2106612262251,2597.84286563868,20.7931677593926,17.3666194288366,17.9321912876968,26.7350793115506,38554.4571947403,19365.8002785281,-968.840064781303,0
1579,1416,5.96101189076994,1800.63144577428,21.826016137009,22.7911917184946,23.7495593732304,35.1455095435941,28938.6847288776,19168.9597883601,540.177682312844,0
1580,1417,5.97370249512298,1616.4744954894,21.8343662432812,24.6807467298012,25.7834007564548,38.0772249040246,28936.5426434305,19172.6582283284,492.88994309484,0
1581,1418,8.47350608990449,4106.15305920942,21.7553871843525,12.833173123575,13.1439962112614,19.7265325010444,36821.277531895,20096.7035447903,-1464.41698571882,0
1581,1419,6.19443069949815,2146.7504454894,21.8343662432812,20.0684016393209,20.8293668589021,30.9239297019697,28956.6477335728,19182.2200057122,507.595143017467,0
1582,1420,7.93848842038214,4078.51157933631,21.7656123481386,12.8917319427482,13.2057330110809,19.8170318887662,36816.0992293259,20107.5987413485,-1424.13565277671,0
1582,1421,6.9719911664761,2958.940146283,21.7967956203046,16.0156321209917,16.5088677521902,24.6474929812114,30165.4102863212,16783.1481036688,947.235230648954,0
1583,1422,7.09648929486363,3236.710032283,21.7967956203046,15.0615218116936,15.4973324695024,23.1714250305806,30174.4751784951,16791.8149354259,921.656764522108,0
1583,1423,8.40344156777236,3809.99261333631,21.7656123481386,13.4894981567175,13.8356436041379,20.740763134057,36807.4902556888,20120.2724038826,-1464.30048184495,0
1584,1424,7.06819412074829,3633.023850283,21.7967956203046,13.9296450147117,14.3004109091547,21.4211855383025,30177.6814191502,16790.4317350734,955.470409732329,0
1585,1425,6.99556173437165,3980.924520283,21.7967956203046,13.1037695645264,13.4293217184096,20.1447360866476,30182.9266646549,16798.5593266686,947.086510383015,0
1586,1426,7.03282494033105,5428.9957500337,21.844621372732,10.7018608587699,10.9081039600339,16.4357519049058,33865.1631116209,13976.9261221476,-1474.76509866073,0
1586,1427,6.86303432586119,2106.732180283,21.7967956203046,20.3333486129969,21.1123945818737,31.3344074842972,30198.4233988744,16787.3363443615,947.254527773304,0
1587,1428,7.8469179147608,4019.74889082043,21.8086152708104,13.0206883438448,13.341902873895,20.0163860499711,31244.6770789164,15422.7546741946,1177.62851965772,0
1588,1429,4.74236312811878,6316.99209779935,22.101001223604,9.731092220434,9.89593108049569,14.9385801509244,34346.741196603,15222.3492059343,-602.790324830368,0
1589,1430,7.82353887583907,9081.28216520929,21.7207086891525,7.74747680538938,7.8341034036999,11.8810890818578,35057.9903416195,14035.6062081962,1223.45398476287,0
1590,1431,7.94143252974227,8207.5783703351,21.7688381955309,8.24602670639064,8.35045544173244,12.6490287695132,35068.2037121028,14046.8815611319,1243.59883310239,0
1590,1432,4.1452194766442,7236.88731988512,22.1755223226584,8.9366797326544,9.06927176123889,13.7138418529397,34312.1612218241,15221.8895997687,-610.047858935721,0
1591,1433,9.78458098462067,4647.61075714568,21.2943269930549,11.7901961874395,12.0442420020477,18.1146165190076,36066.4763360712,14650.0703485313,-393.784164975748,0
1593,1434,7.01190685718697,1227.91360490116,21.8157881673402,30.3757010107674,31.9406935294853,46.9208973658687,30159.2487924537,16815.3127168627,955.805552067791,0
1608,1435,6.30494437604359,4370.77807640735,21.9693058978585,12.3339137752947,12.6204977682609,18.9557423454782,32898.1908998853,14471.158356625,659.197549018076,0
1609,1436,6.23324080596812,3188.37834440735,21.9693058978585,15.2386514976238,15.6867602307797,23.4459069906667,32881.396389078,14450.8966482737,670.325090138315,0
1610,1437,5.56294795316782,5542.76469979427,22.2886144777971,10.5905241744174,10.7945096497356,16.2647317822847,32707.7152125378,18296.0349492986,-131.407078335412,0
1611,1438,5.35463040530385,5020.15379779427,22.2886144777971,11.2905653629478,11.5275098022435,17.3452263104337,32747.1746192973,18321.0714158939,-105.303583500447,0
1612,1439,5.24190174463192,3528.14069159401,22.270812575732,14.2605564057318,14.6545172831891,21.9340317581942,32773.3549872348,17635.5253443953,-173.424255981844,0
1613,1440,5.34985337022531,3485.47632959401,22.270812575732,14.3783720178236,14.7790976609132,22.1162103985191,32759.4840229698,17633.8292089604,-189.641517251212,0
1614,1441,5.30645247807122,3785.33829359401,22.270812575732,13.6009357061882,13.957732837021,20.9142528767886,32774.5645352589,17626.8108003109,-166.085362201467,0
1615,1442,5.26987558778686,4083.5434207264,22.2277347439666,12.9255673537937,13.2452448272766,19.8703822436006,32431.1676621905,17332.726874745,-116.345297821234,0
1618,1443,6.19101349750163,5374.01028160755,21.88479819073,10.775023711488,10.9848973115611,16.5487283787414,35283.5503031809,28220.33736147,648.887778889687,0
1619,1444,6.0116450257094,4609.20148360755,21.88479819073,11.9040597551381,12.1682168370307,18.2916734600488,35286.4828826713,28222.2034981491,650.169052534206,0
1620,1445,6.1912948021881,4302.76411509533,21.8855696926435,12.4544868597694,12.7466158147124,19.1418060416022,35285.8297741908,28235.7818668066,655.198505537341,0
1621,1446,6.18309237787358,4322.08091709533,21.8855696926435,12.4177614387907,12.707994956926,19.0850758014559,35295.8192489674,28226.6764384696,666.184263512919,0
1622,1447,6.01673044209293,4359.26080509533,21.8855696926435,12.3478856739889,12.6345243601081,18.9771409452483,35282.3590702849,28230.0678914415,665.495974695346,0
1623,1448,6.23766817696653,5091.33896709533,21.8855696926435,11.1576201112518,11.3854160499854,17.1392306344994,35277.0276240278,28215.8657060022,639.659997473136,0
1624,1449,6.01407581719032,5027.90408709533,21.8855696926435,11.2486286664525,11.4807598683756,17.2797136870505,35287.5200249981,28241.1327944634,672.80044268994,0
1625,1450,6.01151100513073,5041.86857109533,21.8855696926435,11.2284217348514,11.459587958207,17.2485211095479,35298.4307529915,28236.7085312504,665.426237138263,0
1626,1451,6.08062342817657,5720.46760509533,21.8855696926435,10.3516300114404,10.5422736338657,15.8954247019667,35284.7264041159,28240.1992085952,656.226453587963,0
1627,1452,6.11520767325512,6013.94202909533,21.8855696926435,10.0264378769084,10.2027425940268,15.3937658932108,35289.0889263101,28244.4449312372,623.660738986939,0
1627,1453,9.84085018100455,3535.30828496344,21.8323735153764,14.1915884738008,14.5774394539106,21.826242371485,33676.8017333208,14147.2993022052,-1159.89366546274,0
1628,1454,9.33938302905112,3831.91040096344,21.8323735153764,13.4448242456876,13.7891275595755,20.6718828946325,33678.6817983124,14166.077155475,-1227.47443487013,0
1629,1455,9.59560961251921,3745.23809096344,21.8323735153764,13.652111440839,14.0077894989873,20.9922673037845,33655.4243108972,14144.6356911075,-1223.55340404865,0
1629,1456,3.07955108958619,2771.04461517659,21.6427829082576,16.7353596769148,17.2715572324421,25.7608568104237,32774.7223270475,13946.7009375038,-738.607360336404,0
1629,1457,4.80111735434053,2355.97251072358,21.6977924909465,18.7583179135075,19.4272028909668,28.8935049123,34686.6044138574,14107.6922011087,723.908515295864,0
1630,1458,9.36206598115914,3611.80398783147,21.6584150411458,13.9692779752895,14.3409582652141,21.4820948641362,33645.4133705076,14155.6121458396,-1215.94955497542,0
1631,1459,9.01437504945299,3895.96141383147,21.6584150411458,13.279247445264,13.6130227856083,20.4155683275537,33680.3813245133,14130.9732406151,-1198.19656243078,0
1631,1460,7.22307644918967,2707.2520487089,21.7375655879334,17.0225950166186,17.5781265890446,26.2057906391963,35534.2813823849,29708.371072201,990.046341127228,0
1631,1461,6.08850112659708,2787.36440784053,21.4931531341956,16.6451919121716,17.1739406977085,25.6208049645523,34678.4764953037,13950.0121488659,544.193419431208,0
1632,1462,6.84320935178522,6744.1112507089,21.7375655879334,9.31710522847059,9.46269958766857,14.2996650155015,35472.6630002871,29677.4620873359,977.031728962569,0
1632,1463,6.7231556045206,5733.33476065868,22.2399224815994,10.3600382728035,10.5532471574282,15.909002862454,35465.1166046989,29683.2998843249,982.401376356895,0
1632,1464,9.64159703755269,3625.19579583147,21.6584150411458,13.9345968971009,14.3043398859227,21.4284822047686,33668.6113459172,14175.7097244126,-1117.5087997921,0
1633,1465,6.88916993153969,6444.9538752859,21.8146774898814,9.59176882917348,9.74911954368725,14.7232794159254,35472.4890462142,29672.4471781549,981.241653382037,0
1633,1466,5.9799113547915,3291.86071052974,21.7760883079599,14.886868020979,15.3122068619671,22.9012354715357,34438.419577638,15121.284673809,134.980265324493,0
1634,1467,6.79628722960029,5138.1515387089,21.7375655879334,11.0806935688135,11.3038327413626,17.0202105430704,35477.9384686647,29662.7665152527,980.233322690831,0
1638,1468,7.47091529110504,4064.38607658455,22.0612341235298,12.9499981273974,13.2695854561912,19.9077479062058,34365.6922630162,32018.7892308484,1253.36692344685,0
1639,1469,7.39444728203266,3761.63870658455,22.0612341235298,13.6363435485577,13.9932233281236,20.9684663963538,34356.4044250651,32023.1115279789,1237.02978845022,0
1641,1470,7.51269820146977,4178.7202523845,22.0412119764599,12.7120396146308,13.0188583732351,19.5400365188543,34352.0744363742,32021.3887756154,1267.4522295314,0
1642,1471,7.81984380247591,4059.5375663845,22.0412119764599,12.9583372056817,13.2782007704875,19.9205868240984,34354.3817025512,32018.5680412487,1238.65148317183,0
1642,1472,6.00145809600979,3289.00235293438,21.3825150631797,14.8471500578351,15.2661245402727,22.83869400923,34414.9517174619,14358.4978017711,331.370790592045,0
1643,1473,7.51009618275332,4539.9246263845,22.0412119764599,12.0360799042904,12.3080523068152,18.4958837970807,34337.8885598565,32006.16569616,1221.51868551742,0
1643,1474,6.120726179887,2827.57967893438,21.3825150631797,16.4649463793873,16.9811422220614,25.3414847573051,34399.4050246892,14335.4541057749,321.216735857936,0
1645,1475,7.66567443594035,4564.9902143845,22.0412119764599,11.9926937669403,12.2624784359874,18.4288787496957,34333.2562432579,32008.1228545368,1252.85591497629,0
1646,1476,7.62749931519714,4069.6034483845,22.0412119764599,12.9370407807734,13.2557692187103,19.8876801043006,34344.2599651803,32031.0489508145,1250.26054248061,0
1647,1477,7.99662220917231,4124.5583183845,22.0412119764599,12.8224019585124,13.1350433300252,19.7105493594103,34345.1692341601,31997.136077727,1234.37914281829,0
1648,1478,5.43983512430791,3939.72579768588,22.0715840104536,13.2222654181495,13.5565710677708,20.3285053391149,33714.5973798882,20699.3145388219,-116.692955216847,0
1649,1479,5.44588677801968,4286.74542768588,22.0715840104536,12.5020845926122,12.7981720799156,19.2157454680661,33734.3825868765,20693.9975780615,-127.467823463378,0
1650,1480,5.54502145629001,4228.42576999578,22.0388058397354,12.612745377666,12.9143374982521,19.3866274546156,33708.6281074151,20706.8133971013,-130.047833603774,0
1651,1481,5.50321301110554,4108.16380999578,22.0388058397354,12.8560874398744,13.1704932948179,19.7625908202959,33731.2004299283,20702.7041431597,-106.212332324939,0
1652,1482,5.65592320782621,3528.54961999578,22.0388058397354,14.2332756747569,14.6234704030198,21.8912410777411,33714.3706195017,20690.6723304616,-106.801064359894,0
1661,1483,6.07856523708947,5310.81007749448,22.2693632825785,10.8849517402607,11.1024673653807,16.7190814538221,34200.2954690409,29979.4950962452,499.50684856525,0
1662,1484,5.40576846609325,4195.21761156943,22.4576529451857,12.7175519975032,13.0280536897122,19.5494894049907,32475.797057313,28044.9485127783,-141.644080474842,0
1663,1485,5.52099377674998,1668.54907356943,22.4576529451857,24.2715989068579,25.3538568140249,37.445410749048,32496.9742121468,28032.0258659603,-164.188618417799,0
1672,1486,5.41068915407197,2443.3061468902,22.3137344746992,18.3880129473742,19.0402238880379,28.3221670998791,31287.658011226,23073.4332130274,-341.167861301867,0
1673,1487,5.38614357990574,2638.3023248902,22.3137344746992,17.4215598653383,18.0098206198786,26.8254138165802,31301.2618354801,23051.6428715793,-320.765124253432,0
1674,1488,5.3382342832348,2509.4942768902,22.3137344746992,18.0445952495912,18.6738518261417,27.7902499244352,31275.3461884131,23030.9638384064,-333.811566675896,0
1675,1489,5.18912495114,2735.1506468902,22.3137344746992,16.9884652025059,17.5487359361286,26.1548608635949,31282.0674935691,23055.1153459134,-322.951704700629,0
1676,1490,5.50193638510593,2270.0276048902,22.3137344746992,19.3735341522802,20.0929708370109,29.8490074194496,31282.2098986296,23047.9349725968,-280.402133919836,0
1677,1491,5.19611508043555,2246.1073688902,22.3137344746992,19.5205187623422,20.250148307916,30.0767726171912,31275.9795382837,23038.8271974632,-324.778779413886,0
1678,1492,5.26799799218538,2527.1150768902,22.3137344746992,17.9559448940071,18.5793167718064,27.6529512853926,31282.4969232891,23066.5850779442,-334.235447334308,0
1679,1493,5.61215249085379,2730.9697489634,22.3322661551501,17.0093641562599,17.5711958236168,26.1872762681575,30578.6443509137,23192.6364079822,-68.5383775916254,0
1680,1494,5.47656627631194,2750.4761153166,22.4382072017414,16.9409874186133,17.4996832707101,26.0817631855537,30571.9875200764,23207.9908172971,-90.8832169596081,0
1681,1495,5.25145191665472,3003.4887773166,22.4382072017414,15.9386619517975,16.4342531691715,24.5303404951479,30581.6584952499,23199.090140264,-115.49396893586,0
1682,1496,5.65841773990141,2647.4825393166,22.4382072017414,17.3985943778725,17.9868773938748,26.7902716721737,30596.3574604182,23175.8184515214,-108.625209433156,0
1683,1497,5.30429092445072,2538.4318133166,22.4382072017414,17.9198683594579,18.542423532272,27.5975118444688,30576.8860215149,23191.1612817207,-85.3618047738937,0
1706,1498,5.58577685010072,1930.78180002054,22.8104246375491,21.8794607097119,22.7860406584151,33.7358502463733,28968.2394790395,25937.3889137832,38.8602312259542,0
1707,1499,5.69491726152951,1759.51889640934,22.797071751122,23.4204102523447,24.4429463624743,36.1262138288901,29155.9649449184,25934.2028105946,-24.7056317152806,0
1719,1500,5.27299897936403,2888.69061725428,22.7037525313921,16.4109428226245,16.9389562384512,25.2620884173354,30806.9962181964,30967.8946654784,-161.271756092905,0
1720,1501,5.36211152470759,4358.00385618497,22.6722695693303,12.4201240560157,12.716680085077,19.0904369530519,30838.4735161668,30974.6811964384,-192.935510926812,0
1721,1502,5.36801892389707,4310.09730618497,22.6722695693303,12.5112726869835,12.812603239823,19.2312546682653,30851.9067381913,30965.3051263963,-187.595613066013,0
1722,1503,5.55057608311844,4329.10574418497,22.6722695693303,12.4748925882361,12.7743144093965,19.1750493348297,30832.366201645,30987.7939693238,-186.49530381916,0
1723,1504,10.2073865727554,2826.21135126039,22.7148687179243,16.6636656042151,17.2078345725073,25.6533259204396,28804.381611728,23265.2683723668,-1057.44997913352,0
1726,1505,5.52781431558278,2082.7480243971,22.4876659752636,20.6425158664703,21.453907891182,31.8164954036822,32075.7338201593,28837.0558641443,-96.5040519416492,0
1727,1506,9.9247686691747,2743.55130808182,22.6901268262254,17.0082241475985,17.5742006066051,26.1866730892862,28758.4497651008,23152.3452331295,-986.254096507898,0
1728,1507,7.11319836828825,5029.11157434016,17.9967871507215,10.9393096284541,11.1286450674889,16.7944776312725,38371.9949408362,12792.853504386,1048.52919750417,0
1728,1508,10.6043594816183,2742.35836926039,22.7148687179243,17.0170592097689,17.5838953320283,26.2004317701949,28722.7742777212,23206.7083793418,-1026.42224092111,0
1729,1509,7.37480099894506,5489.58713034016,17.9967871507215,10.349643998685,10.5141506615218,15.8851495622404,38362.3492925041,12771.473853353,1048.32578205418,0
1729,1510,7.7451964990495,4500.13151913846,19.3876339099433,11.8718575851902,12.1147022140696,18.2365004862187,38018.9143559301,13493.6456909389,-298.345001783149,0
1731,1511,10.1346730551415,4346.17199395936,22.6676455491808,12.4420607695886,12.7397275209601,19.1243169278317,28439.1260959899,23257.0676351737,-1055.88405978965,0
1731,1512,3.11105437466625,2555.1552169868,22.4510644829447,17.8393698535356,18.456754901687,27.4728862892651,27541.5700852709,22935.00398745,-687.326083576305,0
1732,1513,9.71508948583995,4141.35221995936,22.6676455491808,12.8467512797085,13.1658364753039,19.7495932733119,28452.4783126875,23239.5178244539,-1048.32119310008,0
1732,1514,3.15749106363281,2978.33735052889,22.4689047403347,16.035543623548,16.5374659473013,24.6803600630516,27614.7668238515,22939.2970057895,-686.837410939769,0
1732,1515,5.39877706337258,2483.46646234393,22.6934461830062,18.2408791728216,18.8881047151941,28.0956083363416,29483.047213243,23241.2011887594,657.259250201729,0
1733,1516,9.82102211468043,4385.31219595936,22.6676455491808,12.3685515560825,12.6623818049221,19.0107546157429,28472.0935548238,23295.5627803005,-1060.72153056406,0
1733,1517,4.76256525913843,2924.09121564745,22.6780088343256,16.2694285097836,16.7882476427365,25.0429708329248,29500.6696995558,23368.5127893231,760.256754984071,0
1740,1518,7.6314860391008,3689.42146414588,23.0006116967438,13.9149629734208,14.2959132235489,21.4015229404146,28054.7838925666,27432.6054726776,1218.25151628268,0
1743,1519,5.76826016969199,3439.92117992417,22.2941670510539,14.5097632374111,14.9183041666733,22.3194556716707,33598.8604618917,28555.5325563676,124.608584717455,0
1744,1520,5.63977988386704,3550.97627192417,22.2941670510539,14.201149576785,14.5919340613665,21.8422354557853,33605.6262938118,28563.5289809494,125.424964048862,0
1745,1521,5.94013382011663,3619.46764849458,22.28446283571,14.0182350998221,14.3985286829835,21.559397297426,33597.947326923,28566.490695692,90.638846605926,0
1746,1522,5.81989826025079,4088.26124025231,22.2511650736217,12.9178924152233,13.2373551933602,19.85857675133,33818.2394535035,28523.3490225522,225.995586249186,0
1746,1523,5.65184564551103,2483.30289687912,22.2659436236625,18.1704997754019,18.8075264167966,27.9850847120511,32625.549859509,22525.2754280179,-242.890872722732,0
1747,1524,6.00182800118851,4405.8100822523,22.2511650736217,12.2940765868922,12.5808211839679,18.8948172616379,33841.28373237,28505.5798764308,217.872140806085,0
1747,1525,5.33079468194054,1948.35743487912,22.2659436236625,21.6159796979601,22.4945550545445,33.3248772464685,32610.9119394375,22503.7858685122,-188.587607370811,0
1748,1526,5.85306218748672,4447.13085825231,22.2511650736217,12.2187261697751,12.5016000086757,18.7784274518278,33857.3548396498,28531.3610949397,250.922759722556,0
1749,1527,5.91348712679072,4716.3106042523,22.2511650736217,11.7565535644061,12.0160790077234,18.0646415402608,33827.0878686686,28511.2431939061,294.291395916051,0
1750,1528,6.0558764571827,4836.21544658964,22.3391530502997,11.5723081494473,11.8233466062172,17.7803166140589,33836.5626908789,28503.7456697153,259.105707586635,0
1751,1529,5.72759598298932,5056.65165458964,22.3391530502997,11.2413705056724,11.4762910433734,17.2693762888184,33828.3684410773,28506.5355400336,272.317626738494,0
1751,1530,5.29611110824936,3143.66803414097,22.3919004999972,15.4406543902795,15.9053140833195,23.759628427374,32595.1020947883,22517.3107990182,-162.089882878734,0
1752,1531,5.74355501957523,2021.2466416657,22.4536447987605,21.0875176248222,21.9304931377352,32.5062654207219,32595.2512572862,22515.058696284,-156.371559702464,0
1755,1532,5.42817985855277,2599.68369011842,22.4138899621208,17.6183145828709,18.2206703645138,27.1304255974405,32600.3272444772,22497.6661950553,-141.427649830611,0
1756,1533,5.68225516944813,2992.07688011842,22.4138899621208,15.9772682847464,16.4749797086503,24.5900108047095,32595.3138814193,22464.0146103854,-138.829442646369,0
1757,1534,5.61580336365317,3273.83347211842,22.4138899621208,15.0208579621837,15.4605789485854,23.1102674052814,32497.1234824499,22405.5226031815,31.1039703761639,0
1758,1535,5.73039372844781,3019.21291211842,22.4138899621208,15.8781569263117,16.369752496406,24.4366380232019,32513.9475514533,22387.867034378,17.5304043227706,0
1759,1536,5.74037244591737,2830.18578011842,22.4138899621208,16.6041870627674,17.1411343237886,25.5603059752895,32504.4199918661,22391.1495021281,41.6449487868984,0
1760,1537,5.51279529169328,2295.69017795727,22.4485976070379,19.2435765791517,19.9558939123017,29.6481485756045,32513.0783087706,22414.4091468033,-3.97714119681437,0
1765,1538,9.05724019583903,4510.62384135875,21.3685174056979,12.0292479960398,12.2956908150708,18.4839006459679,36700.391939441,25029.8773860167,-1273.92234472838,0
1769,1539,6.89775340429477,1657.36769605213,22.7346839012007,24.4660085083783,25.5683261518938,37.7484863387012,28168.4520841316,23410.7623098185,917.403033280504,0
1773,1540,7.26312052528192,4147.64047451348,21.5152779149149,12.7252433919721,13.0283920099371,19.5592315123675,36418.380286146,25681.0336846708,1052.80661291806,0
1774,1541,7.05627066971302,5433.65051051348,21.5152779149149,10.6728471481404,10.8756087760843,16.3903848212077,36406.0887639402,25696.2694842458,1045.79037339545,0
1780,1542,5.71861266482932,3858.82737620424,22.4638572718499,13.4465659048645,13.7965312581801,20.6761101013589,33323.3801149222,27191.9215569762,-128.023850703397,0
1781,1543,5.3559358613044,4021.53343820424,22.4638572718499,13.0806932964714,13.4106812392097,20.1106423337311,33338.1628986757,27181.3360128433,-134.753278485095,0
1782,1544,5.63879203899727,4084.63792820424,22.4638572718499,12.9457935682587,13.2685152644868,19.902177761988,33319.5141175777,27187.7326321389,-169.843774007576,0
1783,1545,5.38047874723779,4165.97994620424,22.4638572718499,12.7772772358803,13.0909984551214,19.6417853882012,33332.0357906138,27177.8673273422,-128.694825888384,0
1784,1546,5.42784564322432,4168.55698820424,22.4638572718499,12.7720339230247,13.0854764688801,19.6336837677127,33317.5906857641,27188.0471687041,-145.255957943572,0
1784,1547,5.54624529664551,4028.05375723206,21.7197624955451,12.9941559420786,13.3131980260717,19.9751796019824,33854.2087041117,15961.1639517606,-57.6126952215555,0
1785,1548,5.53479289140446,5626.37044723206,21.7197624955451,10.4509588765623,10.645011199159,16.0483859070002,33831.0847605854,15974.3167547065,-134.16214029026,0
1785,1549,5.45316225335687,2864.77197020424,22.4638572718499,16.4719517225097,17.001112213617,25.3557773913534,33339.6893271229,27167.6486617627,-142.097356688649,0
1786,1550,5.9177774329111,4231.86221286557,21.6655427275778,12.5714500542914,12.8678470197573,19.3219923714203,32416.046104863,15488.028298154,300.94027388824,0
1787,1551,5.99422272276674,4862.95116486557,21.6655427275778,11.4775601889394,11.7191338997558,17.6326935116129,32396.7952448118,15463.7946238119,255.96410693367,0
1788,1552,5.81263636916176,5010.01876686557,21.6655427275778,11.2577754996144,11.4888006585509,17.293406816119,32406.2397880146,15490.6734739073,267.145975574767,0
1788,1553,5.6330695467861,2885.52234942998,22.2492099334477,16.359511983804,16.8791728516492,25.1810738038744,34339.4353035016,27150.3401890032,107.776320529661,0
1789,1554,6.43246424193232,5057.73644867734,21.626710833485,11.1859246621678,11.413265053535,17.182423614496,32668.6593621231,15107.9194911823,708.599088973791,0
1789,1555,5.88136949022419,3185.78681118972,22.2532476726468,15.2830561476376,15.7367800219481,23.5154145363893,34322.0836005604,27124.4244665983,88.8326366339254,0
1790,1556,6.53676613189187,5437.69224691052,21.6417696496793,10.6766421071809,10.8804063352712,16.3964701489523,32670.96962515,15107.1448648189,710.364018419122,0
1790,1557,5.77733150553767,3078.83459683832,22.3168889591408,15.6532473095932,16.1300193121176,24.0883345924495,34365.0718322,27163.2588124153,89.7264674591573,0
1791,1558,6.51148802493963,4805.76630691052,21.6417696496793,11.5642890185627,11.8098953741144,17.7665428064602,32678.5508969472,15108.1720598431,681.050855686133,0
1791,1559,5.76506584151402,3527.38726462585,22.3207844449793,14.2682387912669,14.6631135891954,21.9460413885427,34341.8407964341,27135.1189279269,77.5513890150952,0
1792,1560,5.91726856718559,3487.47615262584,22.3207844449793,14.3784881804795,14.7796993042033,22.1165219990628,34338.4283717724,27121.1930080064,114.763849788421,0
1793,1561,5.64651656668422,3206.07197662584,22.3207844449793,15.225349110754,15.67631521497,23.4263352697421,34342.9183943525,27128.1089134999,69.3600164354555,0
1794,1562,5.69653297726058,3596.66585683832,22.3168889591408,14.0816509163785,14.4658416526847,21.6575280039121,34342.8337169119,27132.0319745697,65.7340285263199,0
1801,1563,5.46155101087884,3161.48547159312,21.6924430938605,15.2915624896344,15.7399009349389,23.5269494408622,33957.0791532385,15698.7410872684,-144.242546911909,0
1802,1564,5.37886853589907,5488.44903915022,21.6709652032138,10.615179721626,10.8163360107966,16.3016834408654,33964.8082854267,15688.0397729214,-115.892862503014,0
1803,1565,5.45263456106538,5320.12157559312,21.6924430938605,10.8314049641522,11.0426094822136,16.6353854064959,33967.4097479139,15693.5279148957,-117.354447045162,0
1804,1566,5.32020143337153,4988.96066559312,21.6924430938605,11.2906241347915,11.5234057681197,17.344165763317,33955.4787539149,15681.7678300339,-134.751911999404,0
1805,1567,5.57213940019556,4776.56394759312,21.6924430938605,11.6143694555915,11.8627876253087,17.843965835571,33951.9920892552,15685.6346044716,-120.412858190784,0
1806,1568,5.55521259478522,4497.47250159312,21.6924430938605,12.0804049835126,12.3519312919401,18.563598497362,33953.2738961414,15690.1908225753,-106.278063400937,0
1807,1569,5.36264586582909,4287.63079959312,21.6924430938605,12.4658412214443,12.756999171304,19.1589154415008,33977.0932986664,15690.440674703,-119.048254333286,0
1808,1570,5.54880665804981,4511.32685559312,21.6924430938605,12.0560741784546,12.3263768691647,18.5260231755639,33971.6534293701,15696.6612787831,-119.977283523359,0
1809,1571,5.57139200047972,4781.51979759312,21.6924430938605,11.6065279695414,11.8545633275074,17.8318589833272,33952.0702958926,15687.8715244606,-120.54718480171,0
1810,1572,5.56385417182078,4409.36686881835,21.685909163378,12.2377090345386,12.5171397606783,18.8065293730172,33940.2422967983,15685.1152220809,-112.00845157114,0
1833,1573,5.393584798684,3439.72333615352,22.0276562838817,14.4794048272702,14.8835972716116,22.2717942830455,34331.9989545945,25180.0048558243,-208.316439891247,0
1838,1574,5.73032826790767,2555.96470562716,21.9695911987215,17.7574036895097,18.3633160187494,27.344278597053,34738.2630949316,29080.125093062,435.024998871973,0
1839,1575,6.11094760272001,4943.14258562716,21.9695911987215,11.379952476644,11.6189831973874,17.4826061618528,34723.5698315455,29068.8429059813,376.242153389412,0
1840,1576,5.71212315579289,4117.6711195604,22.0647792895849,12.838859611641,13.1525683423031,19.7360318096206,34728.5655659119,29089.3797532486,443.251267234884,0
1841,1577,5.94109045652644,4126.5475975604,22.0647792895849,12.8205372251181,13.1332754516143,19.7077221722345,34724.4802988255,29056.1737420659,396.982831652534,0
1842,1578,6.13716419641351,1413.2527615604,22.0647792895849,27.3674870770912,28.6883948284393,42.2494623551343,34731.5930110798,29088.5349918642,416.006445656711,0
1843,1579,6.03452925478576,1137.1348255604,22.0647792895849,32.3364169532811,34.0748347095749,49.9696925710862,34752.7533784393,29068.3291265693,381.661243969699,0
1844,1580,6.22468897775253,1274.5770655604,22.0647792895849,29.6076803279793,31.1136572481615,45.7291531547902,34733.7985595317,29077.4921002138,400.931707264186,0
1848,1581,5.3617095065283,2929.60230535583,22.6681491350429,16.2468720979919,16.7641670493473,25.008028826753,31945.8312278283,27775.2452892096,-285.678173923126,0
1849,1582,5.36377430174143,2472.15377205569,22.8702265939646,18.3292916535654,18.9847285853256,28.2331838609157,30161.2765998957,27712.6624577146,-457.706643355151,0
1850,1583,5.38960413113165,3041.91088554329,22.9253651236072,15.8640496782674,16.3602647988657,24.4163196711085,30193.1865371205,27692.7821359214,-467.73368171114,0
1851,1584,5.07808633005623,3019.41393795034,23.0688077569475,15.9645668161152,16.4685579666494,24.5723012427202,29662.0029121856,27978.1006146047,-411.194390224019,0
1852,1585,5.96563577328876,3082.94592055698,23.1992704657401,15.7535585579746,16.2458092703409,24.2461230353357,28153.5304530929,27744.7682004194,316.740201977501,0
1853,1586,5.71367981049328,2462.82591655698,23.1992704657401,18.4332452243503,19.0999099873933,28.3953757064172,28104.2336959532,27749.9274863473,186.183341824896,0
1854,1587,6.44253403075883,2287.77161063272,23.2829957021344,19.4426280820715,20.180140740868,29.9597347337718,27900.9424837618,28029.4979236814,402.230538744092,0
1857,1588,5.53135005561961,1578.31589932606,22.644550313011,25.3499499120824,26.5201538380682,39.1200705793391,25096.6102935424,24567.8913533506,274.984570373377,0
1858,1589,5.80969151187523,2911.53808698499,22.744066242358,16.3271452359834,16.8503249468232,25.1325063260535,27905.330209388,25416.6477963714,330.990285643203,0
1859,1590,5.89943163649042,3172.25984898499,22.744066242358,15.3896257664194,15.8548514297997,23.6816860628133,27897.1948625722,25409.1877093514,329.371832309745,0
1861,1591,8.51295598352251,3306.39881724816,23.2371336562383,15.0185832969193,15.4663543034576,23.1090041229091,26214.9926385113,27025.7943038627,-1454.19000981113,0
1862,1592,7.96340322997866,3180.41009724816,23.2371336562383,15.4241890556316,15.8965547254343,23.7365515073484,26238.8924431026,27012.4591612561,-1374.40919175251,0
1863,1593,8.12149838507473,2939.70996924816,23.2371336562383,16.2859394228175,16.8119303090203,25.0702158737827,26252.2177481305,27023.4253872065,-1453.12268581511,0
1872,1594,5.77152658408491,4496.30205064676,23.6298934254684,12.2476360811791,12.5424038496508,18.8259562708857,30013.7653928359,31258.631414878,-76.0282153702605,0
1873,1595,5.39684956477925,2752.21518282758,23.2034696463151,17.0464171997699,17.6208254407375,26.2474492115822,31949.634132373,31020.054569683,-76.9796367601717,0
1874,1596,5.51267096122765,2573.65040082758,23.2034696463151,17.8688911409718,18.4975408690872,27.5211708053762,31938.9904381351,31055.4021343178,-70.8912770102889,0
1877,1597,5.32907404484474,2958.49242876337,22.3119452047209,16.0882415697049,16.5917026045098,24.7614371405023,33006.6857990483,22677.3890586553,-464.531533126221,0
1878,1598,5.18917080996243,3736.87306751979,22.3178916275962,13.7239832509116,14.0880443540552,21.1045769072856,33002.5231551631,22694.3179579031,-472.873525352886,0
1879,1599,5.08986940976092,3741.60865751979,22.3178916275962,13.7123180467698,14.0757283897127,21.0865441802694,33016.8302677442,22685.2056332293,-453.173814045449,0
1880,1600,5.33065814880935,3702.61800085594,22.4115837573955,13.8191317956556,14.189364923651,21.2519010727789,33005.6429081099,22691.490597555,-476.890109323213,0
1881,1601,5.2801962538375,3823.80505285594,22.4115837573955,13.5235801290797,13.8773409013998,20.7950249468058,32992.5264132871,22705.2078045146,-487.302288087036,0
1882,1602,5.3987348978331,3483.94387285594,22.4115837573955,14.3987043193479,14.8019501739563,22.1480231573879,32995.1247176022,22686.0541707084,-444.001408669539,0
1883,1603,5.4538985609928,4551.77794686139,22.402439990925,12.046110214542,12.3213256222986,18.5121303464138,32995.2401436411,22694.6892925841,-406.195976579186,0
1884,1604,5.39334161596977,4681.89396085593,22.4115837573955,11.8261697284323,12.0903484762221,18.1724716949815,32992.586215845,22694.457815434,-427.072982092028,0
1885,1605,7.42357302682096,3813.83996735221,23.2206736950997,13.6299501344958,13.9966959136576,20.9614019450258,31991.8779211143,31704.0016198475,1188.42417224773,0
1885,1606,5.21731534161066,4355.73295285593,22.4115837573955,12.4013351756078,12.6948795061605,19.060849914712,33019.9470727074,22716.3004498168,-449.157278136043,0
1886,1607,5.45614124852644,4106.35458085594,22.4115837573955,12.8952729305538,13.2148564086752,19.8239916370277,33016.7777473164,22744.6636409118,-425.007538122711,0
1886,1608,8.51755079230649,3853.9028906482,21.5482567020532,13.3642905234139,13.7016804568192,20.5467213654822,36520.9982353621,23520.1410318406,-1415.28577296867,0
1886,1609,7.21068279061753,3377.6532617221,23.1749943325162,14.7940679565758,15.2278112880212,22.7615230002809,31984.4247514824,31712.6819157544,1136.54497533483,0
1887,1610,5.36205502643072,4466.50170685594,22.4115837573955,12.1976803403312,12.4807074218668,18.7462598604921,33020.4586694482,22725.1756098081,-447.769798237937,0
1887,1611,8.71590333815613,4765.5370046482,21.5482567020532,11.6201413642934,11.8677785767885,17.85258372663,36543.7684199598,23493.274660211,-1421.34240987848,0
1887,1612,5.43315691631524,2468.04393730565,22.1731128958854,18.2340037810961,18.8740646219004,28.0831121877827,32888.599785369,19620.9650928039,-88.8653960505916,0
1887,1613,4.93454693877902,3252.94600329354,20.9343228426088,14.9022756519692,15.3197493004416,22.9226487815663,37490.2654595468,23339.5380095432,634.100229227072,0
1888,1614,5.44840235494982,3905.74703530565,22.1731128958854,13.3090956523081,13.6489969780367,20.4629400142784,32896.3157830852,19628.7569371104,-120.028329599345,0
1888,1615,5.32859705596199,4436.52432085594,22.4115837573955,12.2519069276682,12.5377217367927,18.8300213815792,33005.0629730412,22722.5782312327,-451.964375456039,0
1889,1616,5.35191282456673,3974.73246730565,22.1731128958854,13.1545863058839,13.4861043900313,20.2241554879028,32907.2744497117,19632.6029237098,-132.911456211611,0
1889,1617,5.35515281045045,4356.45981085593,22.4115837573955,12.3999689508202,12.693442295399,19.0587393596798,33014.7492282794,22716.2518578011,-436.857944448232,0
1890,1618,5.66665552272573,3934.14806364947,22.246126297882,13.2521824760232,13.5896174663184,20.3751557484331,32918.6351742808,19630.0298385921,-110.25604101215,0
1890,1619,5.253790211453,4060.06074544986,22.5757079075015,13.0086011205174,13.3356293780042,19.9994909318116,33013.1259084052,22715.7572578218,-473.644949316543,0
1891,1620,5.54453605197684,3579.63959364947,22.246126297882,14.1189663476746,14.5046164421309,21.7150406541041,32911.4719593526,19607.0298848069,-129.742165129007,0
1892,1621,5.42348239372653,3584.46328764947,22.246126297882,14.1061475422623,14.4910691630039,21.6952209671214,32906.9078350928,19592.8534943466,-130.843354601023,0
1893,1622,5.38064963587631,3322.70630364947,22.246126297882,14.8497205502399,15.277637473061,22.8450925688137,32918.0009932792,19616.8779285114,-90.000973346752,0
1894,1623,5.59979171375279,3395.89870164947,22.246126297882,14.6314547706388,15.0465967793276,22.5075210787464,32919.7435668367,19615.0617244983,-108.679362113382,0
1895,1624,5.51283957520344,3408.84998964947,22.246126297882,14.5937104344933,15.006656157923,22.449148930357,32933.0612655204,19601.660268392,-121.451109017341,0
1896,1625,5.62965073834127,4069.29499048033,22.2730384411894,12.9599749460425,13.2818701194764,19.9236538847502,32610.538242201,19659.1212331886,26.6925541253549,0
1897,1626,5.93368809308473,2761.96378648033,22.2730384411894,16.867420939668,17.4194664278197,25.9673392874231,32612.8853612513,19630.4951341428,-30.0179269882881,0
1899,1627,6.32165717566001,3425.1841695058,21.7964173155243,14.4939172407595,14.8966744535614,22.2936095784727,27945.9206110254,18409.0092983701,545.574367965894,0
1900,1628,6.24659404487802,3619.40889970903,21.84954720928,13.9706489871457,14.3442056609687,21.4847105424917,27951.1502035445,18423.9333101049,582.782428710614,0
1901,1629,6.43717735845618,3273.33638770903,21.84954720928,14.9531464004388,15.3831229007804,23.0039511153332,27942.5615600034,18411.3917675949,546.90877516484,0
1902,1630,6.26557273260018,3033.05475370903,21.84954720928,15.7527498716631,16.2305152130922,24.2408949664795,27951.0536277858,18385.3473342905,524.731387219497,0
1903,1631,6.35635269204871,2961.18391570903,21.84954720928,16.0145653221153,16.5083274406264,24.6460053004585,27952.0065197523,18399.5099953375,544.502275597146,0
1904,1632,8.8239442577751,4191.71086276946,23.8049188401316,12.8478530767606,13.1760620880331,19.7537965344283,28022.5547272688,29801.3063774426,-1324.40180119034,0
1904,1633,6.37898565643644,3493.86069970903,21.84954720928,14.3069008899183,14.6994723521439,22.0045778418267,27963.1787478586,18399.1572823767,503.685279175206,0
1905,1634,6.47022662530463,2732.76804075027,21.8136156243844,16.9234792164766,17.4736249232382,26.0526122275927,27963.7767701268,18395.4127862785,468.737388942303,0
1912,1635,5.57437546144891,2758.39867147066,23.4517989893244,17.0559224285658,17.6337955215101,26.2629511060858,28764.0043578706,28051.4497928278,-173.841858976894,0
1913,1636,5.24332062154599,2355.80744347066,23.4517989893244,19.0690131393059,19.7826673459417,29.3813511985738,28760.110972516,28033.5513911157,-120.557583802623,0
1913,1637,5.88837102621915,2546.48681765605,22.0884001978924,17.8231190620245,18.4348565463279,27.4464592278254,27003.0222233859,20004.6109205724,347.804469209483,0
1914,1638,5.45856279993513,4303.34636347066,23.4517989893244,12.5935811571984,12.9053306415027,19.360100254367,28784.5100978108,28040.667872018,-132.60158268777,0
1914,1639,5.90961693250197,2691.77031365605,22.0884001978924,17.1445154953521,17.7121072266086,26.3957094921717,26994.1643924997,19986.7744334668,311.131418683844,0
1914,1640,8.29840221513275,4959.12971708171,23.4541039388867,11.4694425210116,11.7231388618753,17.6236189560689,29375.0402526219,28848.4319534277,-675.708566518061,0
1915,1641,5.51355291921886,6198.5459032188,23.5390284074677,9.93412683216319,10.115842810034,15.2539858338178,30147.2828491031,29582.0955573903,-424.472471867814,0
1915,1642,5.4235169482222,5743.64852947066,23.4517989893244,10.4264918828362,10.6300492040185,16.0135693621197,28793.3875646736,28040.8121889141,-141.501208092143,0
1915,1643,5.8723683558622,2709.09964089236,22.0577033204106,17.0633379683083,17.6253483355871,26.2699314563808,26992.9643185914,19982.4815258019,356.766013151986,0
1916,1644,8.27741521966456,6528.36646743145,23.5250133782638,9.61042736254688,9.77786016805125,14.7546267462612,29407.1103987579,28821.9004615681,-692.625576610227,0
1916,1645,6.02450549998264,3113.36997965605,22.0884001978924,15.50421676419,15.9695108474996,23.8570841423194,26973.098744553,19983.0667395703,332.638791017185,0
1917,1646,5.35605425192127,5428.4288392188,23.5390284074677,10.8195812058039,11.0421324006413,16.6204266969515,30149.7292318746,29586.4449313702,-428.590523956839,0
1917,1647,5.6118636516959,4980.49168147066,23.4517989893244,11.4370708775164,11.689140038489,17.5736259371929,28790.5222676973,28042.4468305565,-154.210715118686,0
1920,1648,5.44534317403925,2015.34428418422,23.3935311861628,21.3292521209942,22.2040747392826,32.8850147122029,30598.3368960887,29095.468286596,-545.288068296776,0
1921,1649,5.66043830988116,2102.47914018422,23.3935311861628,20.6835671756191,21.5111763852647,31.8837940494776,30597.6089178801,29060.2226105906,-492.897392065982,0
1922,1650,5.41015735341237,2316.59388618422,23.3935311861628,19.2888758733747,20.0170963745788,29.7218599161892,30613.8057192161,29058.3167532955,-504.366532713665,0
1924,1651,5.5522229479005,3837.39056246103,22.794011948837,13.5304464470491,13.887929433823,20.8065601210469,32886.2886598195,25551.1020921686,-456.692770380833,0
1925,1652,5.47674446671788,3982.23353846103,22.794011948837,13.1988769279539,13.5380637468322,20.2940563672524,32900.4243773582,25549.3123838277,-448.798830937033,0
1926,1653,5.5120451996461,5213.66314646103,22.794011948837,11.0536268975739,11.2825890815561,16.9803957646247,32886.5889993124,25551.8596741867,-462.691010805079,0
1927,1654,5.4421351483019,5300.59976846103,22.794011948837,10.9357893170469,11.1591313078207,16.798496873701,32865.5964481951,25565.1770943918,-464.989482983853,0
1928,1655,5.55995779328276,4248.06533246103,22.794011948837,12.6430450564308,12.9522900479832,19.4351121278091,32890.0754775937,25555.521924575,-451.267464226376,0
1929,1656,5.5209046273421,4173.70555646103,22.794011948837,12.7921763624987,13.1093636579515,19.665544405935,32892.9386964975,25553.6852314385,-437.876199830586,0
1930,1657,5.58608500829821,4268.59521731103,22.7123169302169,12.5953166463332,12.9013891184543,19.3611898577313,32882.1651206072,25559.0985223515,-421.83548822162,0
1931,1658,5.50636964516704,4296.76647131103,22.7123169302169,12.5405459494352,12.8437303222827,19.2765680571182,32885.7848870036,25550.326671556,-454.172120822495,0
1932,1659,7.39210519341951,6047.49675277291,22.7440655553242,10.0439109934042,10.2260082971088,15.4221107372612,32495.9776815382,24664.2857064209,-211.416022770735,0
1932,1660,5.40679409276425,4570.59871196568,22.5542197022931,12.0262446942851,12.3015872999896,18.4817620067719,32883.6191038667,25564.6037037037,-418.138260678218,0
1933,1661,5.47572076270398,5679.53672531103,22.7123169302169,10.453949894597,10.654314148668,16.0547095318226,32865.938856768,25560.2689412096,-485.501895579076,0
1933,1662,5.4388049177579,5249.19630650149,22.7684643777145,11.0032216230661,11.2296065394402,16.9025402654195,32082.1598671794,23789.0270424119,-459.882944194825,0
1934,1663,6.99477265530157,6128.77269277291,22.7440655553242,9.95871759113155,10.1370562894831,15.290686248828,32474.1148365212,24647.492499917,-190.844544726398,0
1934,1664,5.47823221001114,2519.51266895649,22.8375508790666,18.0797774506702,18.7180146306652,27.8465692754022,27082.527486701,24395.8346692336,-7.45041581313791,0
1934,1665,5.70804397479863,4481.15746090561,22.515520019169,12.1803254875391,12.4632546404434,18.7196718321125,32877.1311416069,25524.4350038139,-448.745091711691,0
1935,1666,5.66989992431997,2792.08441895649,22.8375508790666,16.8229807363529,17.3787444490079,25.9003484437897,27053.5161716368,24367.8641056513,27.7403136356827,0
1935,1667,7.17396913977394,5709.70601677291,22.7440655553242,10.4205023267131,10.6195319843821,16.003150429693,32471.4631708571,24639.395575736,-211.813204746562,0
1936,1668,5.42179294731543,6419.65583800413,22.7023685367307,9.6668678248689,9.832307338189,14.8404542570463,32677.726324957,23689.6348252361,-192.054598700939,0
1936,1669,5.86673726609328,5971.36569410151,22.4751689578949,10.1088209985256,10.2922260365195,15.5218142410985,33937.1551799735,25245.913500712,345.569952192207,0
1936,1670,5.66075235004286,2329.23005495649,22.8375508790666,19.1153911677628,19.8241310472633,29.4509778146561,27092.1318874676,24380.0976147857,9.7632923208628,0
1937,1671,5.26921309865197,7895.28770800413,22.7023685367307,8.48895527725117,8.60665469145418,13.024496730167,32749.6408908955,23707.1007400904,-204.162988157454,0
1937,1672,5.97456544793237,3075.25067495649,22.8375508790666,15.7338201032774,16.2210581484329,24.214532884234,27057.3957414971,24365.0272456408,-35.8692713227721,0
1937,1673,6.74624993362008,2017.39476589632,23.2719432440889,21.2881698234439,22.1581554616679,32.8208055497529,24595.7898282328,27290.8142163421,1218.34987003831,0
1938,1674,5.41415707338873,8466.2142558026,22.6803795539497,8.12861555859461,8.23274878238261,12.4692558332778,32794.3258230951,23694.9851945499,-256.660909192053,0
1939,1675,5.40882296211282,7949.4842958026,22.6803795539497,8.45194682719693,8.56813803510249,12.9674392733324,32788.6553873763,23677.9934720504,-208.83652157908,0
1940,1676,5.39092310214453,8010.86956659206,22.4643078966779,8.40197209950127,8.51530003916142,12.890161963091,32751.4718399658,23660.3735468648,-92.8014888970281,0
1940,1677,4.4661726732506,7348.54708586931,22.2177281894581,8.85365632831358,8.98318488006892,13.5859301314944,33071.7819074666,23956.3490402252,1007.86005129924,0
1941,1678,5.49689066694386,4469.67485036152,22.3769458154683,12.1889924642299,12.4713087989986,18.732767144433,33153.0830334416,23510.9155054274,-466.55342213251,0
1942,1679,5.53204821857432,4025.03598836152,22.3769458154683,13.0646885390645,13.393081893753,20.0857076318958,33118.1185542864,23590.7183153296,-474.544450879185,0
1943,1680,5.48462100345308,2280.53506087633,22.4179068708812,19.3290142336551,20.0468151579958,29.7804199316723,33036.2899445076,23782.0242785641,-407.665001445092,0
1950,1681,6.77038493840147,1530.07191235419,22.9856839880248,26.045048986666,27.2770757838553,40.2009718936291,24595.4740952531,27208.1339526065,1160.11676120416,0
1958,1682,5.90165111426011,2544.81028670012,22.357773467338,17.8752037247243,18.4937864532955,27.5280592721096,26291.5525551577,21635.0443084654,27.6607389328552,0
1959,1683,5.75299291771839,2065.74478670012,22.357773467338,20.7383449561767,21.554671010615,31.9645194080699,26297.0259177473,21633.1056338606,67.8598453337712,0
1960,1684,5.81010343058048,2148.72824846168,22.2887590972783,20.1449844195891,20.9180183466759,31.0444636625005,26300.7093826103,21641.0228150441,92.7801037235627,0
1961,1685,5.78147012855876,2480.17549646168,22.2887590972783,18.1904681046238,18.829121976587,28.0160940850505,26292.2637545842,21640.9857075539,29.4304372805375,0
1962,1686,5.74535073640827,2618.47675046168,22.2887590972783,17.5098791394001,18.1035917721763,26.9620865030886,26285.7775438337,21645.5904247732,56.137051879833,0
1963,1687,5.71636393278605,2265.53212646168,22.2887590972783,19.3963095901307,20.1169745564384,29.8842031635332,26297.6784133467,21638.1554665419,61.8156995414986,0
1964,1688,5.71500466526275,2235.20232446168,22.2887590972783,19.5837858298673,20.3174633562013,30.1747168504657,26276.9963096551,21642.6833990651,69.4446744871973,0
1965,1689,5.72967220186428,2533.90942369691,22.2732655301656,17.9154526522465,18.5356292149735,27.5900985338363,26283.3955378186,21647.930010142,30.8609362462211,0
1966,1690,5.75648017452891,2169.56484446168,22.2887590972783,20.0059922708666,20.7692230831074,30.8290378805791,26311.4958516654,21634.762565585,77.9853336178221,0
1967,1691,5.81313405154703,2203.28665046168,22.2887590972783,19.7861867704575,20.5339892458346,30.4883790771226,26289.714806416,21630.4085806159,58.5350059991961,0
1968,1692,5.59725388086748,2108.70700646168,22.2887590972783,20.4190466209336,21.211515712633,31.4692656022733,26298.024642566,21637.7971519162,19.1156594412305,0
1968,1693,7.56733638864671,2155.48098803906,21.4257914022126,19.929123997093,20.6742902316504,30.7064150401675,30764.3501929668,15455.6046571016,1134.84695681105,0
1969,1694,5.82572513378066,2356.41140246168,22.2887590972783,18.861177884178,19.5450821160153,29.0550674271127,26294.7233415638,21636.0420949536,62.4323301331127,0
1970,1695,5.66497770600709,2158.98010044728,22.194016352504,20.0577197534723,20.8232166082935,30.9088300648044,26338.7309949976,21654.7210227756,62.836018906719,0
1971,1696,5.58137942797413,2662.12001844728,22.194016352504,17.2938828645661,17.8723929065019,26.6273208132004,26317.390528459,21666.5009427536,35.2980839774159,0
1971,1697,6.66570470126176,948.773244228316,22.5286987133729,37.5248880338609,39.7352044118492,58.0412198264365,25583.8929435698,24453.148971544,86.5592139356261,0
1972,1698,6.08296608606076,1947.71842222832,22.5286987133729,21.6788752720708,22.5662136796127,33.4235536305845,25647.0897316644,24546.7496135915,172.81425251623,0
1972,1699,5.57372301341683,2039.73133644728,22.194016352504,20.8948356676871,21.7199269354012,32.2064405388148,26294.9358557779,21658.5900998503,79.8201965966969,0
1973,1700,5.80731033155192,2228.11971444728,22.194016352504,19.6103233151296,20.3445063266619,30.2154711828353,26289.4271092323,21648.4675096814,30.9446504491976,0
1973,1701,5.63583522183185,2064.76681983777,22.5342805580306,20.7817053747553,21.603799302259,32.0324713674735,25642.5983827553,24547.1197758747,137.307022944482,0
1974,1702,5.75841573673764,1975.80380583777,22.5342805580306,21.4555445950298,22.3265772795801,33.0772562173443,25646.1798894514,24529.2789171522,231.158232331563,0
1974,1703,5.69141510723108,2414.12928444728,22.194016352504,18.5241904695495,19.1839891049592,28.5326743291998,26312.1044916272,21651.5066737633,7.78459569127108,0
1975,1704,5.65500018215752,2322.74341044728,22.194016352504,19.0378500096184,19.7325318247578,29.328429681253,26295.8822859811,21629.0645482274,24.8721227591883,0
1975,1705,5.75444912044442,1917.34680183777,22.5342805580306,21.9297961844936,22.8357415765955,33.8127119701216,25640.9753945293,24527.3855699716,175.077530277182,0
1976,1706,5.71572678313717,3216.04027483229,22.3101481210938,15.1917513431723,15.6405982905351,23.3743306921736,26691.1173035,22268.4524833699,9.25787446627851,0
1976,1707,5.76819098284038,2528.32601583777,22.5342805580306,17.9859339651191,18.614089480467,27.7001666081089,25646.1566628922,24532.2877340963,166.138295775219,0
1977,1708,5.66347693063029,3404.89119883229,22.3101481210938,14.6127193843092,15.027397704035,22.4787192046324,26715.7785463773,22250.8423750329,-20.7164052702021,0
1977,1709,5.85925385456562,2607.33327783777,22.5342805580306,17.6010305463257,18.2037348790748,27.1040686849408,25654.5242138564,24532.1337821353,188.956408847116,0
1978,1710,5.78867664372899,3458.08398883229,22.3101481210938,14.4599142073681,14.86572372643,22.2424100633421,26675.0186212892,22255.6455863096,-57.016033637024,0
1978,1711,6.06707973912677,2617.70752383777,22.5342805580306,17.5520669835269,18.1515568858873,27.0282454710336,25691.9810118382,24538.3009188697,233.747328463821,0
1979,1712,5.53815340733415,3485.99093083229,22.3101481210938,14.3814219684657,14.7827002962725,22.1210306155833,26687.2405113646,22243.0287094832,-12.431587040261,0
1979,1713,5.98501767291562,2840.45646183777,22.5342805580306,16.5797276694803,17.1165028898823,25.5228239243907,25645.3629020407,24534.3473274406,167.080985898183,0
1980,1714,5.51532171409906,3890.85545308381,22.284407697178,13.3543227978402,13.6976603905432,20.5331066707997,26675.752370659,22253.830262843,32.0520942928403,0
1980,1715,5.98343866931256,3150.23970335694,22.5328467933441,15.4365322114055,15.9024144926914,23.7536563424844,25637.6697258328,24505.5208715788,100.307081356614,0
1981,1716,6.00525663063457,1739.44385520539,22.5292754147395,23.5532516956178,24.5813920409622,36.3310690516958,25580.8019413034,24567.4591956139,319.938929251278,0
1981,1717,5.79704507098739,1166.01899308381,22.284407697178,31.7991160415451,33.4963659884146,49.1359846259843,26661.7139028553,22265.3842922113,30.2739568024637,0
1982,1718,6.57990833191334,1863.11836532698,22.6151162095326,22.4130343741624,23.3562548704333,34.5625742918121,24928.8665449646,25355.3354961401,694.735530691995,0
1983,1719,6.19531480444702,1704.26685332698,22.6151162095326,23.9337146941052,24.9925988365958,36.9218396485176,24931.1923722831,25365.7942234003,653.450232733067,0
1984,1720,6.17243231818893,1688.54028932698,22.6151162095326,24.0987644294373,25.1704120782158,37.1779654425548,24903.0186050524,25352.1454863876,632.584913687427,0
1985,1721,5.87211504879043,2180.13858332698,22.6151162095326,19.9994421383199,20.7669021172308,30.8201785112925,24940.4677980927,25248.1302803944,484.332213162167,0
1986,1722,5.50476155231712,2174.9575707252,22.5979032683613,20.0303099582669,20.7997057195209,30.8679544594422,25001.3650753381,25148.494557755,284.14944000268,0
1987,1723,5.74783981444597,2075.3138717249,22.5648839466048,20.7116102388597,21.5291157040921,31.9239277403166,25369.23601804,24780.2757267958,250.826394864783,0
1988,1724,5.84695988682679,2619.7084877249,22.5648839466048,17.5474580061238,18.1470199837589,27.0212113638081,25384.4183395773,24771.3059176397,189.785964448976,0
1989,1725,5.85646936337526,2532.1551377249,22.5648839466048,17.9717560469109,18.599353896402,27.6783139567212,25409.1403291027,24767.7742750782,247.514356427129,0
1990,1726,5.41489371479442,791.253940734006,22.4576382983684,43.409614568022,46.1619514354558,67.1980189432792,25371.0998161884,24760.1326650756,303.043629468359,0
2003,1727,7.4605501649196,6156.0659834605,21.829082529283,9.87524478338105,10.044685890287,15.1604724903817,34923.1057991337,31439.8519177164,1216.38946659027,0
2004,1728,7.48888666188211,6540.0232154605,21.829082529283,9.50433621561195,9.65812438032919,14.5884817361641,34902.2878059509,31451.610406302,1238.30066157441,0
2005,1729,7.55647650855387,6242.6061374605,21.829082529283,9.78819779834059,9.95391898407652,15.0262216205737,34908.5533924767,31438.1793675444,1196.53483229521,0
2005,1730,7.12388212413424,1728.9947505991,21.9646628121173,23.5159067601674,24.5313678361232,36.2704138382803,35419.1292157925,30194.4760123233,-481.998789867566,0
2006,1731,7.43702353245404,7091.5762814605,21.829082529283,9.03292410327717,9.16757858657734,13.8617101207669,34913.0199098972,31439.9415420508,1212.30368618713,0
2006,1732,7.40144053928339,5784.26218876605,22.3187887038845,10.3066540240924,10.497945278464,15.8267702628011,34912.0007473136,31443.0716538291,1218.573308491,0
2006,1733,7.64006563795851,2212.49350076496,21.4118255520691,19.5589771855956,20.2783436964597,30.1328048730282,30785.2897670868,15437.1965915549,1168.42377532072,0
2007,1734,7.51193982964563,6644.9991314605,21.829082529283,9.40941589186257,9.55928212069903,14.4421249086179,34893.4639793335,31442.6580591118,1200.20354039501,0
2007,1735,7.45181343747938,5447.65035476496,21.4118255520691,10.6479656378436,10.8489171919331,16.3518041332958,30768.5398956046,15453.411195451,1158.49867849146,0
2007,1736,5.65234181890373,4563.88240758527,22.3760092280843,12.0228857091949,12.2967228518446,18.4762055022888,34234.4289389592,31955.4322404504,76.9425591761787,0
2008,1737,7.6211967090703,6452.26839110356,21.8550037086035,9.58723044851881,9.74461641588713,14.7163434222987,34929.9961221998,31434.4603742995,1190.85460078367,0
2009,1738,7.35819042146456,6100.2741254605,21.829082529283,9.93249824560331,10.1044014001439,15.2487776030074,34894.7606652064,31439.700060614,1200.64318717723,0
2010,1739,7.55848169470989,6704.77238792919,21.8366288686617,9.35693650083534,9.50468991423015,14.3612227415706,34915.146355804,31439.4259033762,1207.10000148772,0
2010,1740,6.26595656845989,4848.21243638011,21.0601710780992,11.4517056894133,11.6876143899812,17.5915586229289,35018.2662159317,31428.991484652,1195.1144844695,0
2011,1741,7.57247136960594,6671.53515392919,21.8366288686617,9.38625162303282,9.53520685045148,14.4064208820302,34912.3058935469,31433.5988290835,1186.61727479198,0
2012,1742,7.79137067619989,6202.51350992919,21.8366288686617,9.8287191012683,9.99621207319004,15.0887279528914,34907.5708598934,31431.5922226871,1197.57914384355,0
2013,1743,7.50749321962707,6323.87474347548,21.8625893903201,9.71031881765751,9.87292619088563,14.9061696735571,34931.7304135493,31430.6720654305,1204.41585833491,0
2014,1744,7.50471628521549,5969.41235192919,21.8366288686617,10.0709030200981,10.2488530334282,15.4622729834044,34896.2344525371,31441.9775789117,1232.78780934974,0
2014,1745,7.69142519801489,4586.20592324517,21.422332401823,11.9038649079012,12.1644921771465,18.2904002430441,30794.3609373604,15413.0179447477,1113.65699754004,0
2015,1746,7.74148072971454,6356.69550992919,21.8366288686617,9.67703228236967,9.83808671424374,14.854796339595,34926.8553796886,31441.2912126226,1198.57721478762,0
2015,1747,7.80986139578821,3247.31146124517,21.422332401823,14.9812349460094,15.4084316752493,23.0461739396693,30788.7938713879,15423.9384366545,1079.74135884369,0
2016,1748,7.96972238763012,2165.21813324517,21.422332401823,19.8644236118667,20.6050453329828,30.6061403455454,30808.4998125783,15420.5378852269,1117.13597729047,0
2016,1749,7.78836855712611,2665.33411747548,21.8625893903201,17.2279503042866,17.7981521604498,26.5241238986284,34907.1028785025,31424.8028779685,1219.77841673642,0
2017,1750,7.68196567700691,5204.38763924517,21.422332401823,10.9661329063737,11.1817520585663,16.8428012763674,30785.1331706463,15410.6672452384,1087.25740731362,0
2018,1751,7.88295293718368,4064.54213924517,21.422332401823,12.8877303852265,13.1986012076225,19.8100437827691,30797.942775854,15415.0103437362,1108.86898771813,0
2036,1752,5.66866524959191,1408.32535408698,21.7980470981793,27.3544812729467,28.6688299485867,42.2277424179504,35067.3497684508,21696.7518729448,-10.2737627207901,0
2037,1753,5.87374258699695,4505.90781208698,21.7980470981793,12.0746982938164,12.3467543070766,18.5550109069376,35038.6910109781,21681.7161341648,-42.4470662968731,0
2038,1754,5.65626961552906,4160.53392132913,22.7612302667109,12.8160443060515,13.1342442882501,19.7023529634536,31527.0420072896,31576.8259567676,-96.7623231102169,0
2038,1755,5.78861703291245,2810.23620208698,21.7980470981793,16.5961762870034,17.1254647914719,25.5459361044967,35058.828259895,21700.7000180543,0.750705648021466,0
2042,1756,7.38886629390763,4330.31684952152,22.8699371108694,12.4901237579325,12.7918861187489,19.199006096619,30845.6295098098,29676.6731619569,1162.61173676812,0
2043,1757,7.27655516663097,5021.5436085091,22.8596745196338,11.3316269591393,11.574482789937,17.4097028792855,30876.4080644688,29666.9886054416,1221.45972715101,0
2044,1758,7.3715500607512,5300.4588465091,22.8596745196338,10.9406226300161,11.164620346455,16.8060753090638,30849.7382759363,29677.1821134205,1201.59446864766,0
2045,1759,7.49466260400101,4437.8766345091,22.8596745196338,12.288219888421,12.5793423326876,18.8870622910554,30867.5417953042,29690.7446452801,1195.00245278742,0
2045,1760,5.76312348860178,3722.63982327126,21.8645215467998,13.7110027768228,14.0702290284295,21.0833773857063,35150.0220213024,23259.5260373279,0.960413224404711,0
2048,1761,6.25987674487985,3030.39191647546,21.9560367817383,15.776560285112,16.2569420540163,24.2780571428043,22863.9324806168,23453.2594712183,700.030665154487,0
2049,1762,6.19901339746715,3907.13684647546,21.9560367817383,13.2840634077164,13.6207132175307,20.4237319821871,22872.9170568269,23457.3455362703,684.550312357916,0
2050,1763,6.3122234793812,2863.78355782522,22.1175523308885,16.4266198851684,16.948983109743,25.2845255789329,22856.4301003452,23472.5153190518,687.316950424864,0
2057,1764,5.22784567393565,1864.57346488215,22.38060276352,22.3461549396752,23.2805550296138,34.4577841887834,31406.1356098725,22813.1769839678,-442.82555099146,0
2058,1765,5.20753963605972,2538.45837566895,22.3948813536671,17.9126875506021,18.5342201191393,27.586240084301,31193.8490572128,22828.5187972609,-329.39448479316,0
2059,1766,5.57143873132472,2741.1476227776,22.3946377079252,16.9746450459406,17.5349866879762,26.1337288872787,31110.8144675497,22846.9083261731,-340.745317406658,0
2060,1767,5.1738942452354,2709.12881120167,22.4637419944582,17.1247476509253,17.6955719707766,26.3663454918756,31121.5570627568,22876.8835810335,-343.067672578723,0
2061,1768,5.14865811228113,2435.30157920166,22.4637419944582,18.456290872928,19.1150595182957,28.4284715420068,31113.7851016087,22837.0794604576,-303.013853981543,0
2062,1769,5.34297681291979,2788.06519104009,22.420533233319,16.7790672771525,17.3272030649604,25.8310387208595,31189.6629555616,22462.3998131705,-336.703870300084,0
2063,1770,5.54682807747549,2359.13086704009,22.420533233319,18.8690640402881,19.555280459228,29.0677739909255,31194.8443679716,22438.7770111194,-324.106115304286,0
2090,1771,7.00898174129717,4475.19017397216,22.0788688420878,12.1533716802198,12.4315788316978,18.6771162389088,22679.2047434449,22912.0509378925,891.129991575204,0
2091,1772,6.60954665312985,3670.40418597216,22.0788688420878,13.8647800802796,14.2345353941148,21.321632823766,22644.9980107253,22931.0210994051,907.40048700195,0
2092,1773,6.75032544999516,2308.73483997216,22.0788688420878,19.0989277265335,19.7962056672298,29.4226231199456,22673.8549975775,22934.4703486403,902.661765895276,0
2093,1774,5.43887754951994,2452.5068506235,22.4302004648139,18.3589764057643,19.0107532711415,28.2776076413275,27528.284655532,23064.710450728,-26.405390508976,0
2093,1775,7.46836437214151,2781.63944135459,21.860865721225,16.7235242413532,17.2615699228776,25.7432519359083,23760.7700358286,21275.0657987068,1205.39079159997,0
2094,1776,7.46146342557374,3797.12614535459,21.860865721225,13.5299768041013,13.8791940458164,20.8035617982358,23763.2907122937,21251.6572001925,1163.22484949761,0
2094,1777,5.55094574080443,2380.41852368228,22.4369064341159,18.7520302682881,19.4304870169826,28.8865184631137,27535.5596134619,23058.40582883,-32.0700015440912,0
2095,1778,5.34763847680187,2371.2969886235,22.4302004648139,18.8019978747716,19.483768426805,28.9639057888897,27540.8892832377,23075.0061005426,-103.953236789468,0
2095,1779,6.20420626161529,3115.80473854884,22.1098294498774,15.4986972408007,15.9638862671738,23.8486076788499,23908.3747786542,22275.5543313514,389.824667832736,0
2096,1780,5.62543449178225,2607.4597606235,22.4302004648139,17.584021570036,18.1843287825917,27.0773765127452,27552.9571511355,23055.6107608159,-27.9135457476492,0
2096,1781,6.05899298287958,3080.89352854884,22.1098294498774,15.6188926901652,16.091356292976,24.0345685853267,23929.9689381118,22323.6019253765,403.469287081343,0
2097,1782,5.70910108105942,2833.2923386235,22.4302004648139,16.5938904392344,17.1303727615492,25.5444191163471,27533.2213085126,23060.9057311309,-40.9604736828985,0
2097,1783,5.79411793155471,3249.63471454884,22.1098294498774,15.0595704677604,15.4984945150942,23.1692964695278,23912.9285755064,22309.3018293078,417.145040628542,0
2097,1784,6.3055873957051,2515.81915988294,21.6610861170448,17.9046102250594,18.516212345205,27.5711427325759,27592.0484914862,18377.8064521165,461.895217400691,0
2098,1785,5.7545791625014,3704.24704485855,22.4124949341983,13.8151413416273,14.1851586584355,21.245734283264,26428.5261455253,23230.2129078433,-98.3820153759664,0
2098,1786,6.13904758975398,3493.99115854884,22.1098294498774,14.3363079301747,14.7330713638756,22.050740160696,23926.9998975608,22314.3567238041,428.822150839864,0
2101,1787,6.12475356600083,2230.72848501638,22.5739229533663,19.6655278276933,20.408921793741,30.3024984635076,25203.6876596926,24835.7343942681,194.172683527621,0
2102,1788,5.97779738485469,2496.60433101638,22.5739229533663,18.1532838405396,18.7931102682184,27.9595072161105,25250.6074264917,24834.1116344432,214.052402931544,0
2105,1789,7.14981891122506,2029.02392196216,22.5902036129731,21.0575587732289,21.9004397444533,32.4603881771087,32701.0952684678,22845.0645626651,1175.44041195631,0
2115,1790,10.2219042440937,4191.92655852455,21.7181193442602,12.6553278284069,12.9565176478079,19.4516874306168,36135.0225329204,28871.7312332499,-947.460640076992,0
2116,1791,5.49171954700581,1607.65823202242,22.7385092319655,25.0288546630286,26.1754040218938,38.622114484851,30649.6730323152,26534.5820463271,-379.993414999572,0
2116,1792,10.8352833693219,4029.3986023348,21.8337382399878,13.0024272572047,13.3228830333265,19.9882286706924,36139.1633647295,28846.5960235136,-934.289557240603,0
2117,1793,5.4534699003931,2355.19864602242,22.7385092319655,18.9475898350254,19.6434397320362,29.1906100639775,30661.0113336823,26532.7444970084,-356.083569622522,0
2117,1794,6.18655390261182,1125.14459014552,22.3517631859375,32.7227338972378,34.5015195655242,50.572119385022,32700.6069977548,20625.0255097512,-73.7374529347193,0
2118,1795,5.84753425517379,3652.69791819916,22.3352421171352,13.9377110257082,14.3139226338146,21.4350318594308,32647.3236031018,20573.4256064283,96.1688929657693,0
2119,1796,5.86197111912208,3480.14623419916,22.3352421171352,14.4006334450618,14.8032599408222,22.1508049247957,32645.6854454347,20575.8785550209,80.7334536080609,0
2120,1797,5.79209373528321,3426.04863481699,22.2833240101072,14.5483118851972,14.958983355075,22.3790406910921,32659.143698664,20584.8494514132,100.96074647514,0
2121,1798,5.84618341150782,3480.12246481699,22.2833240101072,14.3947692322202,14.7965595092646,22.1415993964802,32657.3220726883,20579.4410350617,75.0690604109248,0
2122,1799,5.54773372416927,4378.7151709358,22.3213193705537,12.350366734976,12.6405630785351,18.9819202756088,34523.182254019,23344.6013202811,-335.478272473152,0
2122,1800,5.86357542322421,3991.54898384556,22.2504509618915,13.1252316073028,13.455823343462,20.1789734509374,33141.9751976317,20409.8470947439,193.014250454081,0
2123,1801,5.84054640979554,4248.21796184556,22.2504509618915,12.5932611153018,12.8955432094899,19.3569978706661,33249.9912694911,20369.8437847344,213.521186235605,0
2123,1802,6.53625501365307,3619.27591733442,22.268595690994,14.0169999772489,14.3970765417603,21.5574471426781,34480.5325095604,22522.7644588172,266.048946394762,0
2124,1803,5.93947641808507,4226.34614384556,22.2504509618915,12.6363526688024,12.9408961284474,19.4235721867264,33253.8037641482,20374.6675008377,160.1140102145,0
2125,1804,5.96058631137702,3885.14066414056,22.2408291090859,13.3630443817272,13.7064799216702,20.5464818200576,33261.3265617332,20364.779659078,177.931835718782,0
2126,1805,5.85319222594106,4317.44496614056,22.2408291090859,12.4585611361384,12.7537348967423,19.1488820781041,33268.1141407672,20381.0367292215,199.726699944403,0
2126,1806,8.62544030737018,4070.60602755159,22.4384970736276,12.973043659557,13.2970181179665,19.9442288226479,31403.0624730525,34378.1980656694,-1301.09162408552,0
2127,1807,5.77923417329639,4113.52897184556,22.2504509618915,12.8650655260919,13.1817058594324,19.7769480741766,33254.1852117425,20385.3078102581,199.348208902846,0
2127,1808,8.84159401689011,5295.89038155159,22.4384970736276,10.9168216795253,11.1369459832214,16.7685782240211,31394.9460113123,34352.6693826414,-1296.50476713049,0
2128,1809,5.76370677435853,4215.04609214056,22.2408291090859,12.6578833825425,12.9634809519195,19.4568151539061,33254.7157645767,20379.4139544221,174.67518825363,0
2128,1810,8.66961203111576,5736.16809555159,22.4384970736276,10.3697319358571,10.5645937208436,15.9242958173822,31409.7561285579,34366.8130199957,-1299.67605749721,0
2129,1811,5.97825678555367,2818.04775584556,22.2504509618915,16.6301540272398,17.1668606372197,25.5999816663872,33267.5855558165,20373.0733534306,167.271247383346,0
2129,1812,8.85108091774302,4296.85709955159,22.4384970736276,12.5157815098094,12.8155059090722,19.2377119845563,31406.133286197,34352.008096452,-1301.09011439669,0
2129,1813,8.65660572592565,3346.41308697109,22.7927553805119,14.8431089355633,15.2760512215172,22.8363584448393,31391.9445696765,34354.0700668582,-1288.67462886914,0
2130,1814,8.94419412229274,5080.72269120356,22.4706743786333,11.2165888372915,11.451214120456,17.231367371856,31412.0725245806,34379.1251065297,-1328.16545753735,0
2130,1815,5.97040430942859,1692.99939860669,22.2905922197359,23.9681037730039,25.0239341498254,36.9736271329102,33270.709971704,20395.5839458697,170.131520712797,0
2131,1816,8.99163096104691,4624.41004920356,22.4706743786333,11.9272255059396,12.1969256748244,18.3286586584309,31400.5542531349,34387.977798009,-1328.95387636291,0
2131,1817,6.14982236730852,4408.65066592531,22.2314711228097,12.2871283596689,12.5733621149517,18.8840422131118,35250.4387146724,28439.8211408949,449.306669626949,0
2131,1818,5.85122022953753,2661.36609827343,22.3007271463379,17.3138095558975,17.8949091025593,26.6585314796824,33267.017927917,20392.1960744982,208.257210388006,0
2132,1819,5.89260151082057,3249.06383027343,22.3007271463379,15.0849723298086,15.527356261138,23.209126846885,33257.2982992282,20366.6748900999,183.391026349765,0
2132,1820,7.43942181491418,4235.8449626978,22.5736618138507,12.6471641693588,12.9548739125501,19.4409926421202,34224.3419232384,28802.183821077,1193.46725758769,0
2133,1821,7.08002478635816,5273.63511092594,22.0898120721413,10.9215445975576,11.139588354326,16.7752312399615,35612.161387365,28622.8745919188,980.82597506694,0
2133,1822,5.81914372346321,2349.82733996281,22.3219431304072,18.904572033149,19.5918846043066,29.1224202507995,33351.414105284,20735.8320721537,91.2991359425778,0
2134,1823,6.58267598970398,3831.59289092594,22.0898120721413,13.4721273375121,13.8202131097301,20.7147127662047,35575.9329846806,28640.2599342618,1009.65757385036,0
2135,1824,5.61758996595002,4068.16370463158,22.7735606346519,13.010196484599,13.338947265244,20.0024077800319,32954.1947607333,27348.498112771,-164.31562269066,0
2136,1825,5.47392365853461,2610.83544063158,22.7735606346519,17.6220269950719,18.2290418871821,27.137390633353,32955.5829284829,27384.4284569935,-159.821584409883,0
2144,1826,6.36049462107717,1575.64478499544,22.8401489348494,25.4365241892149,26.6172076300211,39.255464580195,28551.811513715,25792.1738859577,395.834780387216,0
2145,1827,5.79820541083662,3547.23609699544,22.8401489348494,14.2720443437018,14.6720128354437,21.9532697193878,28546.4020796573,25797.6825133062,445.718484516828,0
2146,1828,5.47903871616727,3274.58218883985,22.8657896030022,15.0734860262025,15.5208830366233,23.1929285780786,29288.3302588984,25959.597444409,-175.296640426067,0
2147,1829,5.30079521521219,3017.61418729619,22.86482998385,15.9440904609164,16.4446271751935,24.5400110199919,29262.6404802587,25983.8885853809,-180.829197554398,0
2148,1830,5.58582193549038,3194.23134083985,22.8657896030022,15.3321448190617,15.7951323798944,23.5930960178734,29301.1382756903,25966.5938806836,-189.69938134169,0
2149,1831,5.45007730817276,2883.66474083985,22.8657896030022,16.4534683000581,16.985981194026,25.3284122194624,29295.7787590937,25965.6708119151,-174.822288092264,0
2150,1832,5.35637948998051,3140.01034828878,22.8510108704425,15.5115474216152,15.9852958845426,23.8706327294405,29259.0860004551,25962.3344663377,-170.681046540165,0
2151,1833,5.31045664848922,3141.74791514795,22.8520824455199,15.5057877729777,15.9791957464464,23.8617238990513,29291.250612477,25967.9538326538,-163.731088734549,0
2151,1834,6.91798993041911,4057.10752065972,21.8648353507095,12.9464222735649,13.2641621403736,19.9017654044129,35376.6616668957,30529.5511900596,1097.64109629703,0
2152,1835,6.68684988790925,7750.31834924702,21.9311904640429,8.55135012162613,8.66785181453372,13.1196564753504,35532.0661307475,29711.8776392085,861.477546263559,0
2152,1836,5.48502753150264,2970.69648628878,22.8510108704425,16.1158519990456,16.6269472081685,24.8057972549351,29289.4243435546,25966.4994316786,-154.535187719556,0
2153,1837,6.58000838227296,7701.33252524702,21.9311904640429,8.58508368211288,8.70286273140246,13.1716379126308,35534.6374207827,29710.2916114094,886.590826616251,0
2153,1838,5.4445482341329,3508.81369228878,22.8510108704425,14.3790026532879,14.7852689742925,22.1187027173837,29292.8433654772,25947.434657902,-134.881754206794,0
2154,1839,6.62231136384165,7571.77559324702,21.9311904640429,8.67610427835602,8.79735329602369,13.3119017517469,35527.5609586797,29712.3241073831,882.356582745316,0
2155,1840,6.50885697239921,8007.97849724702,21.9311904640429,8.37976242371906,8.48983992759192,12.8552700636515,35522.227567148,29717.5176125026,888.154649578799,0
2155,1841,5.65499133005476,3495.37668694306,22.7430257566224,14.4043037023922,14.8110226533748,22.1575501379451,29961.9246251124,25043.6621508527,-166.98718586483,0
2156,1842,6.67586513285517,7725.80341124702,21.9311904640429,8.56818618008965,8.68532480034069,13.145599691637,35535.6807958704,29712.1770166873,886.216479018814,0
2156,1843,5.3274471705217,3542.83561664124,22.7614764711297,14.2753137415889,14.674738445441,21.958123572197,29986.7218553364,25060.8210985414,-152.741347786025,0
2157,1844,6.48780301524419,6765.28012944733,22.0107839621661,9.31374636479315,9.46066445152256,14.2948911430702,35516.0666155449,29724.6253258077,880.986258567817,0
2160,1845,5.84518532579879,3929.955806209,21.376369346066,13.174165422914,13.4998111672109,20.2525005838791,35852.9174669521,14744.8248871279,274.815169028839,0
2161,1846,6.2193394993914,5541.83733317682,21.3913586207373,10.5302213986784,10.7257282328582,16.1700958619816,35824.7760537694,14734.6188499657,261.818104224214,0
2161,1847,6.65334087823602,4683.49230756493,22.068368712185,11.7953720845519,12.0554838906803,18.1242137655158,34468.8283575522,17247.7085012707,887.477502479626,0
2162,1848,5.94758412809592,2139.55037020899,21.376369346066,20.0250869488393,20.7761887720983,30.8549197214497,35856.7491732257,14743.6639148836,295.303385225132,0
2169,1849,5.4519902455757,5183.67202772614,23.0738392780378,11.1153385997063,11.3491125110491,17.0761727678845,30970.3138970632,28890.8728368536,-577.765191704277,0
2169,1850,6.18525043536882,4929.5440937028,23.2037018076135,11.4953960172354,11.7486771224112,17.6632250950547,29290.4893919287,29387.6280313739,299.29840663264,0
2170,1851,5.67961946293873,3644.06798604521,23.0586165023874,14.0378962012467,14.4263900703223,21.5917487262083,30971.4002586095,28895.339254743,-513.080964682694,0
2171,1852,5.4112203297754,2810.40591204521,23.0586165023874,16.7782804198629,17.3336953145399,25.831839321438,30978.4722583769,28890.6903642812,-471.398410071994,0
2172,1853,5.26607706526027,2607.56847804521,23.0586165023874,17.6821601534463,18.2966152843372,27.2314726470771,30961.9039853706,28895.7292926062,-512.655194658806,0
2172,1854,6.16396597309799,2565.53401809029,22.4066942303947,17.7814771015365,18.3944816972012,27.3830759444679,22736.6077091074,24470.9303653546,835.38238359428,0
2173,1855,6.3984564825903,2476.59303009029,22.4066942303947,18.2287714850437,18.8715080133436,28.0758412535031,22746.5926043813,24502.2752810382,839.32508642859,0
2173,1856,5.42578780030153,2703.16131804521,23.0586165023874,17.2407751843127,17.8261698193583,26.5479366316037,30961.5757716216,28909.6804053243,-537.011226134086,0
2174,1857,6.45824587519221,2574.34441809029,22.4066942303947,17.7387074366773,18.3488917209962,27.316840930252,22734.8696879559,24485.8163335252,860.349125155112,0
2174,1858,5.30277371874304,2788.62219804521,23.0586165023874,16.8696001061006,17.4308956649728,25.9732221859175,30964.5035216992,28900.6678391804,-553.295519051163,0
2175,1859,6.45698117527737,2787.79838409029,22.4066942303947,16.7781586384088,17.3260755366506,25.8295877764799,22742.5932311828,24496.6118483586,828.856925768735,0
2175,1860,5.34696696065225,2878.40017404521,23.0586165023874,16.5013392358369,17.0390388782527,25.4031064371968,30974.5105335816,28890.6050279647,-508.188401564194,0
2176,1861,5.32940413893275,2879.61160404521,23.0586165023874,16.4965129197849,17.0339054313524,25.3956352525624,30955.4768202922,28913.9862391494,-553.059071977876,0
2177,1862,5.55161834823454,2820.18545604521,23.0586165023874,16.737701108418,17.2905090405494,25.7690153714903,30981.3312246012,28885.3363678122,-557.618663013998,0
2178,1863,5.49348963287757,2948.81729604521,23.0586165023874,16.2267852986825,16.7471012494294,24.9781184557154,30966.8078295359,28892.1231929869,-535.233257875713,0
2179,1864,5.29940732045924,2657.83181004521,23.0586165023874,17.4464643973191,18.0453476940612,26.8664554988589,30958.5596119955,28917.1188115127,-552.555743397926,0
2180,1865,6.19733706516176,3721.47221655376,22.5105296094242,13.7824787506527,14.1515464831838,21.1954832209381,32868.1068127273,22909.501062825,527.69939224012,0
2180,1866,5.67265184617989,2880.02318153269,23.0465397932466,16.4931878744463,17.0302346712783,25.3904511088657,30995.7068027011,28897.6879267612,-591.93312425975,0
2181,1867,6.07287322779064,4439.23347855376,22.5105296094242,12.2555638070448,12.5423276446388,18.8358801031283,32869.7248906048,22910.0382041726,580.74355446464,0
2181,1868,5.51632831936331,2986.66168171131,23.0616906164401,16.084503463882,16.5959148863685,24.7579059936647,30992.661983799,28885.1405675774,-557.240378546052,0
2182,1869,6.41469866090409,4082.96292855376,22.5105296094242,12.9537704949558,13.2773067745494,19.9146109432076,32905.7690565137,22924.8800292922,570.274253759984,0
2182,1870,4.71345696814453,3988.31436827872,22.3865945683002,13.1456696698464,13.4785228108926,20.2108771363145,33106.440868805,22276.6723578844,-335.556341097148,0
2182,1871,5.55848028873273,2953.89747180066,23.0560358911665,16.2070875417359,16.7261352031325,24.947622055504,30995.8863853854,28868.1554021634,-628.722561683579,0
2183,1872,6.38152708024926,2798.93262947377,22.4478549963329,16.7377181091384,17.2835366163035,25.7671163011928,22664.5895926682,24695.1991064753,893.954911092291,0
2183,1873,5.48768053920686,3249.03539371131,23.0616906164401,15.178386043541,15.6340493724971,23.3557534285568,30952.3168960716,28923.2976005991,-559.650390297794,0
2183,1874,5.37654809094335,4361.17660598036,22.4624018567905,12.3956118061848,12.6892559326816,19.0521180387648,33205.5166023447,22264.5420316288,-410.677741102615,0
2184,1875,5.42690169301977,3096.15292771131,23.0616906164401,15.6894923135517,16.1763487424411,24.1465849177571,30975.063332877,28985.639875388,-554.437967820196,0
2184,1876,6.57086902376151,3175.55520347376,22.4478549963329,15.341343551144,15.8005907777625,23.6061440046963,22679.461081545,24687.0883557974,912.45268036156,0
2185,1877,6.61234515947121,3291.85248347377,22.4478549963329,14.9688534326594,15.4058294384465,23.0299192044448,22692.7786992312,24686.6411391994,961.114942991517,0
2185,1878,6.57568194796938,1852.23990545077,21.9821190530693,22.3618808693102,23.290876068511,34.4803611315915,31069.8221307844,16807.8797937867,426.116381964281,0
2186,1879,6.42837833276459,3498.88163945077,21.9821190530693,14.3081940871874,14.7021196975226,22.0069303421533,31097.7713403891,16835.4500708158,482.380739215253,0
2186,1880,6.4901649969372,3127.38434147376,22.4478549963329,15.5029288177147,15.971947824708,23.8561391968884,22676.0198529025,24683.3358198888,903.201418450553,0
2187,1881,6.26822527392812,3663.94448345077,21.9821190530693,13.8707227102857,14.239917920766,21.3305734209261,31121.7441904496,16836.7267132697,465.687043109435,0
2187,1882,6.0659951276828,3003.1095303949,22.2313439279035,15.9121707400757,16.4038699198398,24.4887240602129,23561.2614096567,23408.4485510489,519.168173808728,0
2187,1883,5.43058463391614,2428.68618789127,21.9760208134838,18.4081538214119,19.0572669438387,28.3521390525351,35205.7295430331,16586.5413589052,-46.7565683380765,0
2188,1884,5.35606603761328,4586.48530389127,21.9760208134838,11.9503253644378,12.2174871019684,18.3633110991654,35216.5603949673,16608.5840769528,-47.5234273415753,0
2188,1885,6.20985281703273,3533.77082345077,21.9821190530693,14.2126812221819,14.6011623797033,21.8592493914334,31107.3374200461,16822.2419297746,491.326189311538,0
2188,1886,6.12519377151824,2403.37757962892,22.211533849005,18.5858062521701,19.2499937890422,28.6281850870096,23305.2540901598,23454.867516152,536.812198118312,0
2189,1887,5.46720921805525,4801.04056989127,21.9760208134838,11.5985671485727,11.8482825697588,17.8201394558094,35195.8372513913,16615.4758352518,-62.8600990956335,0
2189,1888,6.16629972287279,3002.55085762892,22.211533849005,15.9115340761223,16.4029770258103,24.4876790737039,23282.0494147379,23464.4485589868,568.805539846782,0
2190,1889,5.43518186551106,4706.04099335187,21.9930771582933,11.7522277068866,12.0096410479994,18.0574375595926,35195.4774617153,16608.2649822542,-61.6056539137968,0
2190,1890,6.04330732283314,2636.92604897478,22.2042345269902,17.4108132200915,17.997032408738,26.8084039655807,23261.2891978976,23464.9749165871,588.091692285959,0
2191,1891,5.57171160478356,4436.15641535187,21.9930771582933,12.216078602437,12.4968165532908,18.7737857245067,35191.3150322703,16607.1339160126,-76.4996013671,0
2191,1892,6.10188421610819,2182.24313164731,22.242699002525,19.9137033337727,20.6697814705161,30.6858207306391,23276.5275495843,23457.2808552578,549.970577986973,0
2192,1893,5.44825644694297,4541.00204952018,21.9562007536938,12.0269579090341,12.2978219682343,18.4816168402322,35205.2647863325,16608.1385436958,-59.3705161768051,0
2193,1894,5.3273536369806,4943.43722135187,21.9930771582933,11.3813337665117,11.6205971905533,17.4847844764985,35186.9773025394,16607.8738046167,-68.7771369084121,0
2194,1895,5.46087445840395,5250.59166552018,21.9562007536938,10.9427935757186,11.1609409869546,16.8077805295676,35199.1296929742,16617.1999344972,-65.8203591701964,0
2194,1896,6.1449168115679,1779.4594299682,22.810730552071,23.229730085175,24.237918798425,35.8304251048974,24233.6995560154,25717.9667764518,476.072367509379,0
2195,1897,5.37078240748305,4928.37331152018,21.9562007536938,11.4010624501293,11.6410185881046,17.5151698470434,35196.703903153,16602.3992852835,-56.5278047232707,0
2195,1898,5.96004511269611,2056.10820877614,22.7728206789623,20.8940040694387,21.7277747219329,32.2075605437023,24224.53682528,25684.179030875,487.951935944538,0
2196,1899,5.36892829376467,4766.43815952018,21.9562007536938,11.6518062306815,11.9039916234334,17.9023021645038,35187.8112849108,16583.2621270962,-59.8116415537017,0
2196,1900,5.95192122686539,2100.00602677614,22.7728206789623,20.5773511620513,21.3882770557197,31.7166340327816,24204.4017203836,25703.5982374667,504.743857490522,0
2197,1901,5.86374966048057,3078.52761711644,22.3530521415878,15.6590588880254,16.136571632318,24.097433165867,24473.6032856738,23560.1891378018,301.101379085722,0
2197,1902,5.96990950007376,2575.4129919682,22.810730552071,17.798004134348,18.4171176584875,27.4100528747628,24214.4316118292,25701.7618246382,523.687068552521,0
2198,1903,6.09348576861047,2886.08645511644,22.3530521415878,16.3719430958155,16.8935586910614,25.200637815919,24461.064090757,23583.3660426015,296.856724509714,0
2198,1904,6.19565638033338,2693.23186709469,22.7780601394942,17.2429474347178,17.8251730146177,26.5503883833401,24198.6170729304,25666.217371215,489.610776733397,0
2199,1905,6.43981789845038,3101.28047511644,22.3530521415878,15.5800742123972,16.0527776154465,23.9752237367411,24489.9973142022,23603.5341385798,239.022309289894,0
2199,1906,6.03946895662375,3208.11206077614,22.7728206789623,15.2750878408341,15.7336765952783,23.5045595623661,24182.3368349368,25665.4698460246,512.302211430296,0
2200,1907,5.9437146785119,2936.67401037708,22.3159235494127,16.1712277332066,16.6798874279327,24.8898779324083,24472.2217609818,23600.7372521763,313.448433585294,0
2200,1908,5.82592126527981,2896.7793597456,22.7293425069974,16.3827196053514,16.9092378539455,25.2184814637221,24193.9401912145,25700.1603110184,569.031661069758,0
2201,1909,6.24757315490416,2939.49333837708,22.3159235494127,16.1605125953466,16.6685057917931,24.8732950216354,24465.1722844363,23551.3008503252,325.680370607153,0
2201,1910,6.0443739329486,2442.0746157456,22.7293425069974,18.4650862679942,19.1278998430915,28.4430469433302,24194.1627430587,25663.1068241378,513.809092141258,0
2202,1911,5.7282074634659,2898.72994907117,22.8545600268224,16.3925037882426,16.9210333628219,25.2340099752565,26626.0468746825,26526.4019264266,137.123613507855,0
2202,1912,5.80504826105878,2451.61743837707,22.3159235494127,18.3443300253714,18.9936358751457,28.2545109850571,24461.1608783171,23577.1568972585,343.674544238856,0
2202,1913,9.16040103919718,3119.40178675235,21.1802008496295,15.3649849768872,15.8121631287065,23.639001267105,32654.7138590191,12234.7561510964,-1225.79565597695,0
2203,1914,6.04447623209172,3260.06647907117,22.8545600268224,15.1179946329246,15.5679496370506,23.2617528722374,26594.3724549968,26505.2869750603,141.882789174167,0
2203,1915,8.80270740792795,2663.33143075235,21.1802008496295,17.1302196611108,17.6857086227829,26.3704965095989,32670.269585074,12241.0782389041,-1284.96036713884,0
2203,1916,5.94955572453067,2342.54468637707,22.3159235494127,18.9452132785492,19.6352206829698,29.1853632581642,24480.0768156817,23589.6787049717,326.129851995766,0
2204,1917,5.77287562338187,2942.23129907117,22.8545600268224,16.2241024325305,16.7420210704857,24.9733520577006,26622.7894656297,26531.3049294737,167.812744615125,0
2204,1918,6.35644210729486,2592.31952637707,22.3159235494127,17.637836780215,18.2402595107502,27.1603224161843,24443.4076541723,23564.1558781301,276.37950820187,0
2204,1919,8.49846737096717,2954.6846206654,21.1749086399073,15.9448975199039,16.4267642068859,24.536103048479,32644.808104362,12237.9677553706,-1226.07302755713,0
2205,1920,7.13995738070359,3964.78878758017,22.3052094307471,13.1896159447739,13.5241593872111,20.2786018864636,34110.3215399562,17115.1482449142,918.451502764488,0
2205,1921,5.82701176958599,3090.00373307117,22.8545600268224,15.6842488658025,16.168615338928,24.1378740105453,26609.0145458686,26514.8570628563,141.542213338499,0
2205,1922,5.89101245374259,2462.96082837707,22.3159235494127,18.2846417129074,18.929945419798,28.1620567361817,24477.1785587602,23567.0448731533,339.416544772666,0
2206,1923,7.15674040255708,4056.74733758017,22.3052094307471,12.989713119238,13.3134711196689,19.9696812002899,34108.5091879537,17123.2825104928,964.472111801139,0
2206,1924,5.6552788645308,2761.19960507117,22.8545600268224,16.9564970065601,17.5210510898831,26.1071138486966,26606.5556161985,26516.8629280515,181.708338007731,0
2206,1925,6.04444834553632,1993.96121037707,22.3159235494127,21.2667916273781,22.1206636808324,32.7836434991348,24484.7589553668,23558.3560862295,309.646748235354,0
2207,1926,7.02958524905244,4083.61905758017,22.3052094307471,12.9328119346891,13.2535216223824,19.8817546515688,34108.1639552072,17124.0887288953,920.640598540341,0
2207,1927,5.41594373835691,3008.52955907117,22.8545600268224,15.9759580010349,16.478365712822,24.5892990774453,26628.6118555783,26543.7277375048,195.105256407343,0
2207,1928,6.25256693270502,3774.68749213062,22.4368749983564,13.6439579936714,14.0046228896019,20.9811639008373,24802.8964535676,23918.1196176236,910.705604394165,0
2208,1929,6.94105948679029,3328.74398558017,22.3052094307471,14.8384884547291,15.2663352632138,22.8278827726492,34100.0904838452,17130.2413838641,943.023555476946,0
2209,1930,7.14312094988999,3941.33109758017,22.3052094307471,13.2419361446344,13.5793219038426,20.3594604586793,34094.7877714384,17130.0973589254,947.580951672191,0
2210,1931,6.97687879337949,3937.90731246435,22.439757183329,13.2629861309471,13.6026724438231,20.3923114245242,34118.3673494061,17130.7532746634,945.192764643801,0
2211,1932,7.1089242882152,4037.97143046435,22.439757183329,13.0428675157719,13.3706109000795,20.0521319025705,34123.2266940464,17124.7462781018,938.425985101474,0
2212,1933,7.15636052782075,4226.09549646435,22.439757183329,12.6542351488965,12.961245282949,19.451621481345,34110.2426727711,17122.4887054611,963.107473131228,0
2213,1934,7.22718697933301,4057.48646646435,22.439757183329,13.0010660157754,13.326557579997,19.9875347377154,34125.1807173194,17126.3622750303,948.322179246989,0
2214,1935,6.97865794983741,3610.09435446435,22.439757183329,14.0597640008908,14.4438515244788,21.6240021744909,34112.3346354831,17145.3577751695,901.439761677652,0
2215,1936,7.1667234265925,3656.94365646435,22.439757183329,13.9380928570835,14.31528380863,21.4358862507895,34101.6486687096,17131.0343992925,919.400629730792,0
2216,1937,7.07294497921763,3897.24731646435,22.439757183329,13.3553001706329,13.7000374716819,20.5349885727468,34117.1722990425,17118.8768500653,950.219692538998,0
2216,1938,7.28022778664912,3238.19752803115,22.4891524451351,15.1428121255777,15.5905651237282,23.2991288210319,34135.6140046875,17116.8329737506,958.635757110522,0
2217,1939,6.98163482471689,3791.39036046435,22.439757183329,13.6038975230588,13.9623597173463,20.9192450250685,34111.3179784446,17127.9593874238,945.243905521941,0
2218,1940,7.02751564542184,3823.23995646435,22.439757183329,13.5278100053818,13.8820525486725,20.8016315170508,34117.6627606058,17141.3897268974,947.987534818274,0
2218,1941,7.16751668565888,3205.77525603115,22.4891524451351,15.2473706548674,15.7013898560813,23.460879992884,34130.2781587202,17139.5864617442,953.09067686357,0
2228,1942,7.18551622599154,3094.02482469492,22.1587316323633,15.5797904020934,16.0504067620209,23.9742143954181,35259.5757705982,18240.1221092937,983.460918906335,0
2229,1943,7.18629335199486,2991.80215869492,22.1587316323633,15.9437180521877,16.4365603659477,24.5373215229328,35236.0777328822,18243.2511309799,1019.93360668539,0
2229,1944,5.38981230420226,2024.22405950221,22.5438701516252,21.0840011677067,21.9280972341813,32.5011925269788,31927.7562810561,19768.2845317203,-5.71408280012404,0
2230,1945,5.51004066926623,2441.73329435887,22.5365072276694,18.4342474016074,19.0924764392378,28.3945857812578,32078.8376457227,19741.9792981341,-197.006524469067,0
2230,1946,5.72720183272929,1649.27576431963,22.0797219616152,24.3813993707426,25.465358578938,37.6139247996804,35337.9975811376,16716.4302892592,33.4282771705509,0
2231,1947,6.08894540687029,2091.87316668901,21.9225625900523,20.4626521423836,21.2527435951817,31.5353475048366,27861.9275409242,19120.0466102728,172.453002273493,0
2236,1948,6.06678346865436,3129.69398392726,22.4136261611738,15.4906824858979,15.9585991001894,23.837092720624,31062.6045894153,18358.2685693598,392.366862396711,0
2237,1949,6.13107411491065,2746.48596276212,22.3926862575527,16.9513580645498,17.5101828769207,26.0976707957992,31035.7780642869,18351.1807444151,391.060590688651,0
2238,1950,6.07959905466391,2693.13866392726,22.4136261611738,17.1880699230152,17.762387812191,26.4642213365022,31057.9496663584,18350.41033385,398.196320630622,0
2239,1951,6.06626168498444,2739.70162792726,22.4136261611738,16.9837229119543,17.5448715596972,26.1478446727081,31052.1542523188,18348.112702845,379.203699716363,0
2240,1952,5.93342470030637,1697.76121132568,22.3298116972826,23.9284307396315,24.981900228351,36.9122574520045,31082.3031887972,18342.8821714216,426.645980468867,0
2241,1953,6.474824712943,2728.97874253719,22.3082814337813,17.0144109414407,17.5762817015593,26.1950110513085,31024.0095886196,18393.897861127,389.603628888175,0
2242,1954,7.11827479251461,5281.54786938874,22.2799148113107,10.9246280388867,11.1440760559337,16.780338552442,30213.1126843348,19259.1482838107,697.180755764458,0
2242,1955,7.14974473551202,4906.38459171594,22.3893154442899,11.4680270014389,11.7143006449305,17.6194020267683,30944.496740033,18427.498515274,410.534032556616,0
2243,1956,7.41686737386893,5827.48430538875,22.2799148113107,10.2551712320506,10.4439218183317,15.7472753624485,30206.2759633165,19257.7435974314,697.827064897799,0
2243,1957,6.98526308305797,5553.5090681983,22.3452883176361,10.5811865869772,10.7851013617081,16.2504214757532,30978.1432720054,18439.6656506486,458.582360313274,0
2244,1958,6.70832911958709,5133.3190661983,22.3452883176361,11.1325957805257,11.3623400772762,17.1014704993349,31062.0635033572,18418.1744767157,323.849740061943,0
2245,1959,6.01531933925248,2995.86778453719,22.3082814337813,15.9490596246714,16.4438734747922,24.5460397980852,31046.9391952911,18338.3054549143,371.65388363462,0
2246,1960,5.72108248917387,3999.56287492482,21.6742037213247,13.0510454132604,13.3727238591403,20.0629745981163,35457.6129831963,24566.3863429715,175.234770968373,0
2246,1961,6.3723019726729,2102.58132853719,22.3082814337813,20.4657832713683,21.2618705531142,31.5417921273114,31025.1331589595,18355.7347999378,393.026948395548,0
2247,1962,5.78900179643624,4160.59480469249,21.6270836086785,12.7096404305776,13.0129090773457,19.5353848322103,35519.6783954857,24569.6681526981,150.540860632919,0
2247,1963,6.02572942073161,2615.8353701983,22.3452883176361,17.5311661826561,18.1269662373009,26.9952408795114,31062.6696982549,18381.585893965,381.981843033333,0
2248,1964,5.93253655587585,5754.79434533628,21.5778542378567,10.2918608386682,10.4779339509012,15.802686189311,35655.8416364352,24465.7785611709,214.59723557995,0
2248,1965,6.3067316950157,2187.5618261983,22.3452883176361,19.8988097669587,20.6553179562095,30.6631449657135,31067.0586096587,18371.0541316652,413.707947045895,0
2248,1966,5.51796058959296,2055.93582628085,22.0291627028464,20.7415928477737,21.5531727430493,31.9681819661391,34195.4553486761,15382.9417552631,-36.7424668268699,0
2249,1967,6.18171876523945,3219.69599653719,22.3082814337813,15.1797308309735,15.6278403690611,23.3557303682655,31032.9520391821,18361.3799404427,339.635749632618,0
2249,1968,5.81635525098154,3224.12878828085,22.0291627028464,15.1306448688582,15.5729530948928,23.2790068357912,34204.0779969433,15449.0295133266,-79.5494458470219,0
2250,1969,5.90562716996509,2864.61935205101,22.3618598089915,16.4580819293783,16.9852099641226,25.3339901030648,31042.1587272068,18355.6724925787,394.665879137716,0
2250,1970,5.34829630165072,3366.22392156264,22.2665750032599,14.721346555435,15.141936913837,22.646599960787,33278.1587626832,26640.3993871143,-352.574687336124,0
2251,1971,6.09182295600678,3445.37889405101,22.3618598089915,14.5019981660345,14.9107442622853,22.3076279580989,31041.5672712964,18357.374521411,369.028589375029,0
2252,1972,5.98623174208122,2502.22557405101,22.3618598089915,18.0894648083433,18.7223225422073,27.8599138733015,31031.0714704927,18342.7937929836,397.745212693347,0
2253,1973,6.16650715645986,2580.14161280275,22.3821554903317,17.7067897876041,18.3145665553441,27.2673284313964,31055.8064951089,18388.4858629373,371.746252715579,0
2254,1974,5.88577363140541,2479.02024680275,22.3821554903317,18.212073436704,18.8533762495763,28.0498902854561,31063.4829793009,18328.9158985985,401.988217274703,0
2255,1975,5.21178869226246,2500.96663776932,22.5570161234387,18.1281473573868,18.7660769258272,27.9205138071774,32128.2526175653,21706.8135403637,-433.269273086833,0
2256,1976,5.42038915251347,2355.40828749073,22.5678707408247,18.916291070972,19.6077137607712,29.1414882749157,32055.0978428185,21525.388929709,-468.323513438405,0
2257,1977,5.1912686022243,2673.50777949073,22.5678707408247,17.2998002796516,17.8832170339323,26.6377287452404,32051.0611389331,21514.8135630587,-450.609757362938,0
2258,1978,5.7011879983715,2399.92283349073,22.5678707408247,18.6665355509038,19.340911551835,28.7545463070906,32015.515602505,21499.1588257393,-488.497054411097,0
2259,1979,5.35610434785284,2404.325798969,22.5741596984526,18.6433785727162,19.3162632464857,28.7186941787915,31701.4260751652,21497.7085693405,-404.991628114844,0
2260,1980,5.49083387723531,2492.9537767923,22.8095843679738,18.2109962991171,18.8576891075068,28.0497264066639,31697.8906650505,21541.3015785508,-427.206537271038,0
2260,1981,6.76926222636649,2164.83372541694,21.6845867945242,19.9187785388631,20.667067693113,30.6914419957544,28025.0923177659,17501.3230693622,913.431486910054,0
2261,1982,5.0685184392013,2229.9853627923,22.8095843679738,19.7144179185326,20.464534157386,30.3791760170747,31671.6511453149,21526.5071629168,-415.068105425495,0
2262,1983,5.33646186725365,2123.4015487923,22.8095843679738,20.4208182867557,21.2210519887333,31.4741172270802,31679.4542028299,21533.619504889,-470.799252671635,0
2262,1984,7.21647031043943,1910.7129445638,21.7484556658523,21.8080779344495,22.6923910559856,33.6204600157572,27560.93722603,18318.5412113544,1112.94688874046,0
2263,1985,7.26973325555867,2192.89385815665,21.7127631669752,19.7419023180862,20.4783020618221,30.4174608327599,27543.5926001215,18327.9608741279,1087.09293085195,0
2264,1986,5.49910473015008,2620.4181854047,22.6130906556437,17.5516694005703,18.1520967049484,27.0278951638773,32937.3916701767,24508.9593965196,-476.175826703595,0
2264,1987,7.27300088846806,1733.60770615665,21.7127631669752,23.4060223608616,24.4086963005603,36.0987107647675,27541.6434401487,18305.4177590749,1086.20718539633,0
2282,1988,6.38385529557978,5459.00886998306,21.7003294345671,10.6539423301129,10.8570536185011,16.3615485838919,36397.2088970169,17737.6661008916,725.63613049704,0
2283,1989,6.15532718029416,6344.12367998306,21.7003294345671,9.68112136824296,9.84157518540239,14.8608881622924,36404.8351852224,17732.3851975627,711.024279813984,0
2284,1990,6.32079298829574,5685.28196798306,21.7003294345671,10.3802369752902,10.5710012729592,15.9392396878439,36403.03722104,17742.8800485169,729.84394432632,0
2284,1991,6.03679822189324,3635.96869213893,23.1056994982581,14.0640843420542,14.4545058844759,21.6323604042602,29751.8485861936,25604.4420199574,579.354165898891,0
2285,1992,6.28356203739755,5423.65713998306,21.7003294345671,10.698500800459,10.9036470870748,16.4303061371166,36413.0106905803,17735.6743043241,717.242879798859,0
2285,1993,6.08519105855008,3177.51952813893,23.1056994982581,15.4174399338344,15.8880586176424,23.7257408391016,29752.2927962608,25623.0358802587,577.992812458455,0
2286,1994,6.34135696160379,5774.26700798306,21.7003294345671,10.2777374201146,10.4639464381155,15.7811085864357,36407.4641821266,17729.2802086696,711.145223400967,0
2286,1995,6.30323168752762,4894.55635813893,23.1056994982581,11.5415438487895,11.7964459627169,17.7343003404199,29743.902351439,25619.3570912858,603.527315864101,0
2287,1996,6.03440681065615,4232.56492813893,23.1056994982581,12.702035239552,13.0168851309605,19.5269412991155,29744.6787179243,25614.4820955967,583.702403814656,0
2288,1997,6.09382435934241,2757.85456923626,23.1103069038621,17.0083912095818,17.5792571617957,26.188275464714,29772.2513317947,25611.0504812264,551.179366373754,0
2289,1998,5.96765970048363,3123.04564923626,23.1103069038621,15.6025047265387,16.084508398412,24.0121152745953,29771.5768969303,25621.4149917046,575.79998911629,0
2290,1999,5.96254755883617,2998.09529314571,23.2330264301924,16.0648612642557,16.5768772395951,24.7280104853971,29750.7295229555,25612.3090315329,620.099943835668,0
2290,2000,5.28983461510247,2797.74096253197,22.854027949134,16.8016551651905,17.3562389679125,25.8673850531551,33186.0538214554,21521.5153736819,-374.728931573907,0
2291,2001,6.06215980710099,3061.17775714571,23.2330264301924,15.8351883380509,16.3328582925528,24.3725486716829,29757.100560059,25608.9358219779,581.930259177987,0
2291,2002,5.33565069457134,3004.22102752765,22.8481411821104,15.9909251893189,16.4941951251788,24.6124435862747,33197.176852832,21369.5660803496,-353.021057310963,0
2292,2003,6.00936284292427,2958.27228514571,23.2330264301924,16.214415447131,16.7358420570999,24.9594925395875,29759.5344530839,25612.7751304216,592.291586936716,0
2292,2004,5.17293970756157,3146.46493552765,22.8481411821104,15.4893121694448,15.9616741533346,23.8362201519971,33200.1385881776,21365.0078131376,-315.448324534321,0
2293,2005,6.11836157368491,3334.05787114571,23.2330264301924,14.9327616333095,15.3753433237202,22.9762260546316,29772.5211346679,25635.5782241994,577.621819391327,0
2293,2006,5.31065969934697,3147.32394952765,22.8481411821104,15.4864076176416,15.9585924620897,23.8317259923134,33208.1346217229,21371.7144872853,-371.859584771005,0
2294,2007,6.13776886812561,3268.20013114571,23.2330264301924,15.1380811687436,15.5930134912972,23.2938662303975,29751.9713887129,25618.3726885422,561.234096148417,0
2294,2008,5.34528347519836,2992.06267552765,22.8481411821104,16.0357994261901,16.5418646528918,24.681892750675,33185.6357940902,21372.4104117487,-341.919856809304,0
2295,2009,6.07140030488991,3667.45765286447,23.2366424849052,13.9962454453666,14.3839493709624,21.5277855050061,29776.2835988348,25634.6989384987,578.239253617291,0
2295,2010,5.37486744560008,3499.71792352765,22.8481411821104,14.4040201003384,14.8117133635562,22.1573846216721,33193.5096842678,21352.4973353652,-337.574222755443,0
2295,2011,6.08947425179613,2564.47755461727,23.047151663197,17.8891078293846,18.5171948454782,27.5519570858348,25931.9158535465,26669.3052188921,156.045881750982,0
2295,2012,5.71494302039992,2586.59866311335,22.4150260591787,17.6809893295326,18.2874773511002,27.227486327855,25805.0764417092,23320.87209906,2.44707747695834,0
2296,2013,6.11801040698699,3781.11181286447,23.2366424849052,13.7109101179261,14.0823627464057,21.0866068218475,29772.5578593795,25596.2671071838,550.469377102898,0
2296,2014,5.37898862725485,3085.27670752765,22.8481411821104,15.6999602795542,16.1852255831062,24.1621676334729,33191.6620607089,21372.0675328088,-325.050914835171,0
2296,2015,5.77045020529305,2602.89089861727,23.047151663197,17.7027224244453,18.3184028073111,27.2632803127869,25929.9057615999,26661.2262238614,140.816146470076,0
2297,2016,5.84742048235559,4678.81124914571,23.2330264301924,11.8980673786909,12.1718463055769,18.2851594694657,29777.5270264604,25624.132387169,552.279808752213,0
2297,2017,5.30931349011252,3338.21495053197,22.854027949134,14.8752290053093,15.3106782573745,22.8862083208326,33198.3655521404,21389.1676038813,-348.754735458283,0
2297,2018,11.3514922257238,5571.73327512733,23.1823534777555,10.6149966848069,10.8256849119046,16.3040393953201,30989.8557811132,25179.64849149,1216.58401287635,0
2297,2019,2.69868293684985,3552.0924756142,23.0697866396077,14.2841875431905,14.6869862421253,21.972634666348,31506.9581654839,24261.512717062,629.642945339669,0
2298,2020,6.0417965889837,4739.64706114571,23.2330264301924,11.7974754312325,12.0661344533903,18.1297934064393,29771.0408491241,25630.1595807099,586.621939798339,0
2298,2021,11.2300442993296,5783.29300512733,23.1823534777555,10.3632687019146,10.5623162801164,15.9155619423986,31013.018296825,25180.0476248797,1222.93693292126,0
2298,2022,5.32687082250697,3496.08363352765,22.8481411821104,14.4141777295479,14.8224617828734,22.1730934654331,33182.3539809065,21365.1648105077,-323.38089227213,0
2298,2023,5.43343567893606,3502.63777777673,22.5855685947722,14.3662973333817,14.7693253616512,22.0983649898359,27395.3021845112,22908.9379313402,-35.463300410297,0
2298,2024,3.13889053484083,4008.9557676142,23.0697866396077,13.1666471559361,13.5063689009342,20.2448771655887,31298.0351183279,24418.513368643,698.384814365655,0
2299,2025,5.37314954067867,4573.24313752765,22.8481411821104,12.0462399305901,12.3247890738859,18.5132493493519,33188.5436337309,21374.3051614455,-341.716475413922,0
2299,2026,5.98422614849001,3049.23256777673,22.5855685947722,15.7930545083808,16.2812614156298,24.3054569097233,27388.8996492265,22893.8630500595,-27.9044447832454,0
2299,2027,5.26955743541442,3492.49428385805,23.1070458820691,14.4533603686127,14.8663608636088,22.2343614448816,31646.3303782792,24695.6106967784,-480.301399390882,0
2300,2028,5.76476675826049,7783.56279023531,22.687623666754,8.56387499453074,8.68437639375978,13.139933880739,33430.3069829593,20765.1881434279,795.426542544483,0
2300,2029,5.60511993486702,7019.89406394147,22.3972140613632,9.12032934041605,9.26138738281756,13.9972533508226,33955.813376593,20888.9033794775,-368.407114405309,0
2300,2030,5.32318951385718,3161.63858350166,23.0506271201602,15.4637089533119,15.9365908656512,23.7971781612283,31642.1368621731,24690.8644381385,-407.947657858546,0
2300,2031,6.17150433010305,1650.17845871406,22.5565184871401,24.4982020940655,25.5998523206115,37.7975725078024,27408.7468298192,22917.0595283178,-28.5931247638272,0
2301,2032,5.33287546165798,7652.27647089597,22.5624000074105,8.64921159670427,8.77242341899002,13.2712880773454,34131.563576407,21012.3587548475,-337.946760796835,0
2301,2033,5.34904085646626,2911.40119750166,23.0506271201602,16.3700664724332,16.8993441052823,25.1998761068954,31645.9413122135,24692.6409583945,-479.167033728699,0
2302,2034,5.49886336260661,7023.39011889597,22.5624000074105,9.12607180335993,9.26820169915988,14.0063388225175,34142.8876885216,21013.355174651,-304.175973193614,0
2302,2035,5.40515410059645,2524.49248150166,23.0506271201602,18.0891852322489,18.7307169112672,27.8618751757369,31625.2023023236,24684.2900718093,-456.705299224354,0
2303,2036,5.64082494994412,7334.00086431453,22.5975858675249,8.88348102933276,9.01604354036703,13.6324159669408,33926.8176203792,21076.0907474082,-134.196170502009,0
2304,2037,5.54011082345994,8015.37517431453,22.5975858675249,8.40502429634181,8.51906687461652,12.895031311582,33919.1889432136,21092.4675104912,-165.308060114565,0
2305,2038,5.65044601133178,7367.86827399808,22.6042125270815,8.85823416858224,8.98982812655797,13.5935086348054,33924.9646946119,21087.948198825,-136.517884572219,0
2305,2039,5.54111027883139,2689.90644259968,23.0658752568487,17.3013613592791,17.8908048220963,26.641777862179,31581.2906189884,24700.3206623194,-504.209651610113,0
2306,2040,5.61752016693051,8179.24861431453,22.5975858675249,8.30022870819455,8.4103420606344,12.7335581986805,33940.3246391049,21073.2136300002,-130.006053193953,0
2306,2041,5.37117453320179,2812.26087259968,23.0658752568487,16.7716046189629,17.3266726829721,25.8215265991139,31624.7465555151,24698.6711264487,-463.314562497502,0
2307,2042,5.61047515094632,8260.84958352996,22.6299877776978,8.25078162658897,8.35919869066655,12.6574119140593,33900.475324515,21021.6949064301,-208.24144115369,0
2308,2043,5.54265917000372,8098.58404152996,22.6299877776978,8.3527940928804,8.46501664466457,12.8145913407691,33898.740875726,21017.3512015901,-194.833652839337,0
2308,2044,5.28221540878486,2594.97438259968,23.0658752568487,17.7436620265828,18.3622887315164,27.326749164242,31636.3623971188,24690.7787401902,-459.284312659979,0
2309,2045,5.41117225577027,8037.81430752996,22.6299877776978,8.39190593749898,8.50559920847821,12.8748575622339,33904.6501470212,21002.3372881232,-183.684567503609,0
2310,2046,5.47634421643302,8178.08501909235,22.5133034760676,8.29726252577853,8.40689341912523,12.7288848497047,33895.1672086369,21009.6616683924,-203.400820896114,0
2310,2047,5.27354867874097,2744.3495275327,23.0469402040452,17.0575356983181,17.6308587591417,26.2641669927955,31631.0229367727,24700.7996318166,-478.22047515729,0
2311,2048,5.49602318311055,5244.75113247766,22.5019724149532,10.9901278080784,11.2141361588851,16.8818438173258,33850.8617393324,20887.2705304934,-250.302662844451,0
2312,2049,5.63715720010158,3199.45302538159,22.4898389066076,15.2680675508834,15.7233375125519,23.4929007778682,33772.2695534162,20744.267634292,-294.629249504466,0
2312,2050,5.53474625468503,3295.64670014178,23.0723841900153,15.0323758131167,15.4793562435743,23.1298954659496,31598.9556724386,24938.4078951036,-259.364840887852,0
2313,2051,5.52977849749405,2694.55716014178,23.0723841900153,17.2814041593086,17.8696176611211,26.610894954332,31587.5097574741,24943.6458437765,-305.024310248399,0
2314,2052,5.40224349991079,3022.65645614179,23.0723841900153,15.9532004253946,16.4565209908011,24.5547204767424,31605.0171082395,24953.1299448433,-256.714552023484,0
2315,2053,5.44038189708432,3344.30213414178,23.0723841900153,14.8825557332819,15.3205748002938,22.8981298177931,31593.5247385775,24939.3211381923,-284.268334115438,0
2317,2054,5.59911300913509,2994.40563719331,22.8709541099804,16.0301842137453,16.5361456487758,24.6732701816914,32997.6558822529,26301.2479248607,-338.108236918871,0
2318,2055,5.47650955553928,3251.07461519331,22.8709541099804,15.1485971315381,15.6005555035747,23.3091413374236,33008.0892074601,26322.3806255367,-381.615947572237,0
2319,2056,5.51338381153216,3248.40946919331,22.8709541099804,15.1571031315362,15.6095731449371,23.3223005630562,32978.353285457,26311.8418643125,-379.591769716077,0
2320,2057,5.64865579473484,1637.40803881173,22.8455929197754,24.7172543516773,25.8412174535892,38.1389855872297,33005.7047686502,26304.6172827512,-449.02049147281,0
2320,2058,5.95416359238843,1131.16958516779,22.1704993913671,32.5124686021151,34.2686605693905,50.2440561295127,35048.7142267229,24214.718150354,-51.9926352512021,0
2321,2059,5.40343914123052,2696.79969116779,22.1704993913671,17.1347525033712,17.7027080304706,26.3808676034258,35061.642761014,24243.8150669106,40.1148827304387,0
2322,2060,5.49946986459194,2769.28725716779,22.1704993913671,16.8212078408423,17.3691008447276,25.8954672365025,35055.8722878829,24223.4981261448,32.8738699311467,0
2323,2061,5.79824881888237,1827.41144516779,22.1704993913671,22.6282914262429,23.5802963959132,34.8944410695156,35083.0050382922,24214.4231734153,-1.5582783351946,0
2326,2062,5.64041647378622,1735.87888561886,22.4197309856078,23.5615636530157,24.5884499312977,36.3434438837899,30981.5062817271,19833.5715797238,-3.57850722616679,0
2327,2063,10.2088552716123,4705.33384843514,21.8654014895466,11.7429062868674,11.998913973743,18.0427831833382,35211.2114394063,30990.721367734,-984.365464734003,0
2327,2064,5.48835991322341,2022.17283361886,22.4197309856078,21.0733861922605,21.9148191827727,32.4842123816569,30975.0595492827,19844.319601765,-54.9076612672637,0
2328,2065,5.48183062983378,1956.93182161886,22.4197309856078,21.5807694986934,22.4591891023037,33.2709461640604,31000.6014277026,19831.1972195051,-27.2066771741601,0
2328,2066,10.4641683610464,4644.01346443514,21.8654014895466,11.8439901719121,12.1050079662339,18.198872139919,35218.664677729,30991.4268578903,-979.985822599584,0
2329,2067,5.51732311164345,2279.21625361886,22.4197309856078,19.3373236697775,20.0557249342174,29.7933027532831,30976.1303850417,19839.9137646188,-45.8418120389365,0
2329,2068,10.9209732565531,4805.08960243514,21.8654014895466,11.5833280493128,11.83149388791,17.7963884855611,35191.2654713178,31041.8637334246,-1009.67647685758,0
2329,2069,6.74616293530215,3575.57804651176,22.4077283797315,14.1476867780225,14.5364845755929,21.7598642978349,34018.7606099386,31189.2052243942,521.40296525126,0
2330,2070,10.3846932081364,4765.29024162383,21.8829692604565,11.6477120375593,11.8991604922785,17.8958325667715,35215.3280249061,31024.5011360778,-998.439583754596,0
2330,2071,5.55845202110512,2376.21037648456,22.4327792259373,18.7748578300619,19.454813729415,28.9218685831353,30959.810085981,19832.0436337308,-47.6546008738989,0
2330,2072,4.14317431194566,3326.89027903642,20.9696646763708,14.6817629724751,15.0869288413471,22.5817668672139,36225.4658384789,31238.9885649012,938.0667067588,0
2331,2073,5.32094064403102,2243.81209048456,22.4327792259373,19.5570612788313,20.2909032513008,30.1338608058618,30998.0450717845,19851.6944215778,51.2567514951932,0
2331,2074,10.5597699768145,4752.97770762383,21.8829692604565,11.6673820557823,11.9197970643793,17.9262037877469,35234.6453003195,30997.8299341667,-966.534919367928,0
2331,2075,4.77569062848979,3191.37044290416,20.76903136308,15.0752928455716,15.501017314349,23.1897216442991,36303.6625329269,31172.097715692,812.455137981698,0
2332,2076,5.77617550455872,2005.68900448456,22.4327792259373,21.2014658106513,22.0523939903414,32.6828525278717,30970.8674730139,19838.6392773852,-88.1709064660959,0
2332,2077,10.2710464110971,4651.70215962383,21.8829692604565,11.8326483421102,12.0932338780625,18.1813945043704,35222.3084685174,31013.0678967958,-991.651505562807,0
2332,2078,4.99589205614328,3374.62676290416,20.76903136308,14.5168968420705,14.9106075302887,22.3262854389124,36314.2713795943,31190.1726004619,922.646495519364,0
2333,2079,5.82898300300691,2607.75183485214,22.4209703090586,17.5811839433849,18.1811913486285,27.0729509999663,31083.6283901564,19684.598928101,-44.0864010047943,0
2333,2080,10.5135692842554,5199.88524762383,21.8829692604565,11.0062265003802,11.22685511804,16.9055478481764,35196.0075898651,31004.0799108052,-957.39347012053,0
2333,2081,5.95985834442235,3686.83917103642,20.9696646763708,13.7028253867415,14.0532790841235,21.0684426206252,36355.8931178444,31122.7319618928,805.575386213803,0
2334,2082,5.6482711932061,3470.87495256956,22.3948509340648,14.4334950803841,14.8385915105645,22.2017796653254,31174.1244079029,19623.7697833982,-121.671948788485,0
2334,2083,10.0791032634089,5331.60072762383,21.8829692604565,10.8300181826787,11.0424241392244,16.6335952366174,35215.05938422,31044.8710159135,-962.559300895264,0
2334,2084,4.89959296114787,4056.61411130113,20.9123225228935,12.8543426959065,13.1590674083235,19.757248680679,36237.7971061209,31184.4765206296,761.758169777142,0
2335,2085,10.4621881365603,5142.13307562383,21.8829692604565,11.0859751655217,11.3103601209959,17.0286381982819,35240.1264327015,31026.332842723,-984.320462301023,0
2335,2086,6.02722710470628,3787.37260076736,21.90668969869,13.5580650976796,13.9092365626684,20.8470891214279,35759.149747068,27255.5790169803,628.825373055208,0
2335,2087,5.34724031730166,2041.60888632384,22.4082642332145,20.9256562654326,21.7562308445849,32.2551222349169,31171.3839804656,19600.7125492008,-87.9687061364574,0
2335,2088,4.74149127264373,3694.68656890416,20.76903136308,13.6614048807658,14.0077042376341,21.003903802182,36292.9381997682,31172.7211363877,764.720265779605,0
2336,2089,9.14026742458519,3827.41775699216,21.8496904396285,13.4571556320058,13.8022867661299,20.6909840604757,35206.4271768818,31193.1270033932,-1256.79148675703,0
2336,2090,11.8934558765341,4660.93225875289,21.3844528794881,11.7757713895317,12.0297938811722,18.0925334930905,36882.3716980429,16901.66157376,-870.752163904817,0
2337,2091,8.85572630529739,3556.71821699216,21.8496904396285,14.1359131246164,14.518777749928,21.740209343481,35193.7111956019,31208.9032432583,-1240.8972129422,0
2338,2092,6.05259515493015,1512.73545866176,22.6513012486178,26.172298813326,27.4082213914268,40.3967966587481,23869.9318424863,26006.2906437328,538.131552559035,0
2342,2093,9.13544043224115,4663.54134332309,15.8163423911784,11.278833461279,11.4642193219895,17.3130080314762,39439.8396043212,11869.9873697636,-1169.13888560126,0
2343,2094,10.0928947152206,4209.15007340182,16.0296631860358,12.0600427125676,12.2812192710519,18.5185169414993,39431.2722519957,11894.4102173663,-1202.51885031338,0
2343,2095,6.14846122293818,3373.23655081309,12.7073336781497,13.4513655366157,13.6956103043991,20.6542528188002,40583.6311265639,11801.1522233,704.355853014163,0
2344,2096,9.92496732099262,4123.73324540182,16.0296631860358,12.2193299461358,12.4476450291568,18.764273504498,39460.0187026351,11902.2228830264,-1230.04536903143,0
2346,2097,9.80375396520824,4619.36229740182,16.0296631860358,11.3671184568861,11.5581586720236,17.4496893792836,39455.1767369458,11881.8786228165,-1198.56274265729,0
2347,2098,9.60992137074753,4906.52595532508,15.7037269554225,10.9134897559826,11.082820483675,16.7494218036762,39472.232976444,11871.3224761039,-1096.65423988332,0
2349,2099,9.81103161634264,4601.67541940182,16.0296631860358,11.3947731735079,11.5869870382184,17.4923384677958,39453.9112965394,11871.5254801231,-1205.80634398162,0
2350,2100,9.53638279368723,4551.45606039893,15.847810491224,11.456796405071,11.649975395685,17.5875290801856,39474.0776747617,11885.5952949506,-1182.30767288281,0
2351,2101,9.98302473470759,4762.18495009903,16.0609627764002,11.153205556688,11.3355269641375,17.1198924053648,39422.7749486081,11889.2087236415,-1115.68677515806,0
2351,2102,4.90144680118057,4012.13822283971,12.9734939209256,12.0846757961198,12.2741300302224,18.5474341755882,40453.9125011359,11917.1723497859,721.187443184056,0
2354,2103,5.93458222708061,4197.22856709178,22.4309184048479,12.7110406822136,13.020981425985,19.5393692506275,33909.5751014499,28325.4887765779,161.275446405804,0
2355,2104,5.23575530468868,2139.48731938387,22.6141793077944,20.2716474469489,21.0583975267634,31.2420985420737,33367.1988325125,28492.7214850337,-145.381365943237,0
2356,2105,6.76412769062704,2110.18508376681,22.8279275534861,20.5166518832066,21.324023595842,31.6227556440234,32466.1460098324,26883.0928897182,625.271226319639,0
2357,2106,5.29614228180527,2347.18210116644,22.8656134517582,19.0160697759382,19.718327022386,29.2971824480092,32240.5970408438,27545.0392562833,-311.136386253177,0
2359,2107,7.99392730643229,3638.06263231307,21.0730897889395,13.8368223487817,14.1955978012057,21.2758164079025,37099.1646544664,15576.8110653005,1160.25778752416,0
2360,2108,7.38034523943425,3574.30529617497,21.0278985907129,13.9965400886847,14.3636981145306,21.5225717540659,37079.9269199055,15590.3297976017,1217.38643743766,0
2365,2109,7.60093422539173,3874.4134958097,23.429240249404,13.5070736415107,13.8686936890824,20.7719294162473,25706.660285513,31503.5907674934,1166.66786964745,0
2366,2110,7.45741115632989,3214.7127698097,23.429240249404,15.3345045025932,15.8033209059464,23.5983132714886,25732.9286570809,31520.3000065735,1185.59531193137,0
2371,2111,5.34311871977294,1614.86836197609,22.3810715777471,24.8483802504593,25.9742186110263,38.3401846947962,26125.1678206296,22211.8213044206,-176.008214796896,0
2372,2112,5.52605352499427,2756.98253997609,22.3810715777471,16.9046563524273,17.4603526502475,26.0253329681,26141.9003239082,22212.1701407848,-141.063995180362,0
2373,2113,5.62111982329854,3088.35417389155,22.7556050126034,15.6771947448412,16.1600871027379,24.1266717315883,26936.7783923994,24397.7540996909,-141.323398205264,0
2374,2114,5.5338566030523,2770.60709789155,22.7556050126034,16.9018066933558,17.4616909479792,26.0221250924538,26917.757090174,24399.8278327411,-129.680325172682,0
2375,2115,5.44692165000402,2884.63569989155,22.7556050126034,16.4342059784472,16.9642690330786,25.2982568073594,26966.7837404279,24391.2127562233,-124.631554047734,0
2376,2116,5.62024219205614,3501.22116355055,22.7808173980365,14.3922497879625,14.7986253693185,22.1390072640364,26957.5087263308,24425.7210786757,-136.148228222819,0
2377,2117,5.51483909028704,2906.39738789155,22.7556050126034,16.3487599001487,16.8734292710947,25.1659974923308,26924.6885945007,24387.6149803663,-121.891585438632,0
2378,2118,5.73533781022847,3198.94671989155,22.7556050126034,15.302920521334,15.7630150762023,23.5475717800349,26949.1471788542,24393.3776411101,-150.672857916286,0
2379,2119,5.47117144210804,2723.77982189155,22.7556050126034,17.1041211139205,17.6770649116885,26.3353606963306,26950.4069268311,24401.7838044854,-144.745072010046,0
2380,2120,5.43146026178232,2996.39918222698,22.7008455639542,15.9999997945852,16.5022432721942,24.6260493579382,26983.1400360048,24400.784403536,-118.024523166955,0
2381,2121,5.48960664738219,3020.87006822698,22.7008455639542,15.9104312372055,16.4071193998695,24.4874360853805,26966.2115847742,24385.5432213581,-131.769598819675,0
2381,2122,9.88479752547257,3622.47416699297,21.0263776835702,13.871431774582,14.2316647958851,21.3291871535849,36484.0240548444,14523.8082606847,-1261.78070158932,0
2382,2123,5.38368970129162,3085.93487222698,22.7008455639542,15.6785422222665,16.1609397935082,24.1285977176703,26984.7945807182,24402.203044341,-107.395260017848,0
2382,2124,6.75999304624628,1958.08595289678,21.8274273859252,21.4415618286968,22.3004394163238,33.0525044079545,29548.5897186889,17922.2889495589,538.388406250661,0
2383,2125,5.77251365217376,3490.92693422698,22.7008455639542,14.411985337536,14.8187514059487,22.1693196888041,26962.9673539986,24386.3457803821,-139.998897732205,0
2383,2126,6.19649978371742,2354.68563273117,21.8397327249989,18.7909831375404,19.4640197889909,28.9446420383649,29598.7720150639,17934.0102922326,508.676277274634,0
2384,2127,5.57134432117815,3251.83470422698,22.7008455639542,15.1253683552121,15.5742211631985,23.2727345212663,26978.5800932043,24416.4127749608,-110.582452661688,0
2384,2128,6.45359071802546,2572.52324889678,21.8274273859252,17.6542279116026,18.2515901518521,27.184014961717,29568.4636049057,17927.3422693426,514.328914260889,0
2384,2129,7.68520799537603,4777.23064910389,21.5663316099845,11.6030863221711,11.8500263019854,17.8262890170882,35679.2495577873,26319.3414816941,-1286.16181123942,0
2385,2130,8.36030410704038,5739.23822510389,21.5663316099845,10.3088982989049,10.4956530878686,15.8289498325319,35721.5542678526,26290.0256433749,-1440.54959410142,0
2385,2131,6.30004624903586,2346.82282689678,21.8274273859252,18.8333261935164,19.5090592030618,29.0101900316373,29568.2304646356,17913.1562579377,500.867973136251,0
2385,2132,5.31025359620945,1899.21804422698,22.7008455639542,22.1199058658211,23.0426191865854,34.1082938190631,26981.6817649768,24398.5372970969,-105.005418507443,0
2386,2133,8.46998275683176,3897.46815710389,21.5663316099845,13.2664508665698,13.5987226476208,20.3955687483093,35691.0637367008,26299.5487664915,-1370.10828472394,0
2386,2134,6.18726611227415,2426.29263489678,21.8274273859252,18.3953057328722,19.0415823737173,28.3316939958963,29578.2005133237,17922.4314649116,507.690778138306,0
2387,2135,6.31735290831369,2890.66679289678,21.8274273859252,16.2797239867373,16.7896044630574,25.0562657087299,29572.4370142728,17947.7010254364,499.307343124517,0
2388,2136,6.08196549266006,2203.65382689678,21.8274273859252,19.6952124613271,20.4300385968265,30.3455694246279,29556.6477383378,17935.3206028869,511.327191814474,0
2389,2137,6.21275228819595,2235.06242673117,21.8397327249989,19.4997912579813,20.221266318246,30.0428029165947,29619.8786049203,17941.7409046711,490.014635987586,0
2390,2138,6.40155353710761,2275.01026951747,21.8311276951571,19.2538822086163,19.9583176013093,29.6617496818427,29593.6518122479,17918.6349084412,500.794188417737,0
2392,2139,5.78180504794509,1684.37631246804,22.0846443567054,24.0053151200731,25.0603406004495,37.0303550827962,29202.6560220848,20433.2777633735,501.070884174466,0
2393,2140,5.62097898207555,1838.27197446804,22.0846443567054,22.5101057827194,23.4518437798379,34.7107295552178,29166.028943967,20402.4719312694,524.092807022577,0
2394,2141,6.01315617765616,2028.86295246804,22.0846443567054,20.9526003274372,21.7801702846469,32.2955311062143,29219.470375264,20371.9553052706,438.502658370491,0
2395,2142,8.36153093511167,3390.03686820062,21.5364849540145,14.5645358426313,14.9687634713839,22.4020949619611,24675.7157839908,18928.1173341621,-1326.8867340699,0
2396,2143,5.78837877986735,2215.72286898683,23.1242456887574,19.8644957081578,20.6295753621721,30.6129901852592,28315.5081845266,28622.8022671435,120.726268870173,0
2396,2144,8.8180490384051,3177.39134303661,21.5606749486503,15.2224286924922,15.6652659420652,23.4196257816194,24675.091757967,18959.1453276263,-1292.93905220667,0
2397,2145,6.61733278206768,4313.43993604419,23.1798646605485,12.5499752684741,12.8573040347789,19.2921430105088,27677.5924311552,28648.335836172,861.607282005634,0
2397,2146,8.96766370501365,3315.06036420062,21.5364849540145,14.7867947572693,15.2038518276642,22.7457931561044,24669.4105413159,18961.3283030899,-1294.3121969559,0
2398,2147,6.55334314158788,4245.04920604419,23.1798646605485,12.6838856534951,12.9983484092072,19.4990571059182,27701.1258518923,28627.7949728147,905.687130638697,0
2398,2148,8.88905886031241,3695.4869150366,21.5606749486503,13.7456834472698,14.1040271869243,21.136211811066,24691.2335044056,18949.7451025669,-1286.95097012657,0
2399,2149,7.55662869899125,3197.91260739395,23.1494650794838,15.355264103669,15.8225359639539,23.6296599330121,27745.1427958423,28461.8007294753,1154.61583036044,0
2399,2150,8.50873229002676,3110.85731820062,21.5364849540145,15.4406703825652,15.8962213185701,23.7571432593486,24688.4453847918,18935.1810280874,-1310.52011236785,0
2400,2151,6.25979838358165,4677.45405945584,22.7174779686071,11.8585114487441,12.1265532816114,18.2230363655045,28148.6030581098,25621.1247937213,584.325216058991,0
2400,2152,7.20428163299603,3054.42053193509,23.1481188667407,15.848309081142,16.3459029079185,24.3926087560657,27754.0541204001,28473.884507475,1141.20368239228,0
2401,2153,5.64235977656131,3810.40403469299,22.6786125733048,13.5828816298615,13.9422783673282,20.8873384757791,27488.5962912989,24933.6505609055,-124.118323860028,0
2401,2154,7.14522369032166,3061.09440993509,23.1481188667407,15.8244433193536,16.3205547911162,24.3556743250757,27746.0113297501,28492.4595341879,1099.01801661377,0
2401,2155,8.72036233556803,2859.41213667828,21.577837144881,16.366494684167,16.8788743673465,25.1897550750534,24371.4800714231,19222.8629915,-1268.82625665007,0
2402,2156,5.62383932300054,3023.10669069299,22.6786125733048,15.899353686753,16.3951171082303,24.470227370213,27470.4728350994,24921.2993194532,-52.4951617584251,0
2402,2157,5.62937855042997,3183.32083537975,23.0872246257872,15.3958272521076,15.8649398163299,23.6922481334178,28413.8857391942,28418.9560951044,25.4398762392545,0
2402,2158,8.86398670212435,3380.67241047871,21.5512055089385,14.5935725347232,14.9996168048706,22.4470356676364,24343.7066848861,19204.7386868967,-1249.70032737954,0
2403,2159,5.76414766348881,3596.96911537975,23.0872246257872,14.1650919968018,14.5611604852792,21.7885067241231,28461.1653842775,28473.0405094422,180.321445522707,0
2403,2160,9.07568963963286,3135.36884847871,21.5512055089385,15.3600584320562,15.8109625048796,23.632487973036,24305.8936287089,19209.4450276308,-1319.18526993431,0
2404,2161,5.67719945533654,2942.20221337975,23.0872246257872,16.2559673217255,16.7784342164635,25.0233734717069,28477.5990068791,28472.8465767441,212.659893883298,0
2405,2162,5.88915683976549,3502.47757537975,23.0872246257872,14.423139625669,14.8341882868253,22.1875713699684,28468.1899238655,28452.5940615998,210.567968516666,0
2406,2163,5.88828029268844,3299.11151737975,23.0872246257872,15.0233525752654,15.4699378411217,23.1159767090065,28458.388224487,28451.1991428272,198.073795431646,0
2407,2164,6.19253093588182,4167.86185748284,23.0686212849517,12.8294599121489,13.1508516705725,19.7237657355639,28464.7846338334,28506.4254582975,172.103077223646,0
2407,2165,6.30820697892234,4269.76572475423,23.2461218695506,12.6409794263244,12.9536674502922,19.4329007866007,28251.7696983618,30395.174466075,290.849842985059,0
2408,2166,6.14815367459985,3937.97248064647,23.2303552552997,13.3407764922183,13.691441135753,20.5143951812342,27972.7915528716,29371.7918133352,664.243103072566,0
2409,2167,6.09360729763585,4100.54638664647,23.2303552552997,12.9845691842937,13.3156577731046,19.963830842183,27970.4854453605,29375.8428967638,648.440752696155,0
2410,2168,6.25482652112377,4499.73180933412,23.2295486037163,12.2077939484015,12.4975150976145,18.7635863167199,27974.3516126847,29374.8774411803,649.984481012286,0
2410,2169,6.7483200675884,3654.96832596107,21.8174155398195,13.8756693020061,14.2436128478608,21.3377989108101,24657.4719837326,19980.7960546015,913.781057754261,0
2411,2170,6.40213332102804,5262.84460533412,23.2295486037163,11.01750445781,11.2475745411269,16.9254180688661,27961.4934471188,29358.9376125962,611.584685454892,0
2412,2171,6.22120179633841,4518.67416933412,23.2295486037163,12.1739751340039,12.4619380109919,18.7113424331936,27974.7284617683,29369.0495621013,617.607770043231,0
2413,2172,6.22584661701437,5211.52402533412,23.2295486037163,11.0878697294851,11.3213349745405,17.0340474884472,27983.9817269168,29349.3739176138,702.466818013579,0
2414,2173,6.36251314648576,5301.96278133412,23.2295486037163,10.9646741076199,11.1922062579606,16.8438619963594,27996.3291447071,29365.5017345442,691.917633755023,0
2415,2174,6.29533343279459,5213.88080733412,23.2295486037163,11.0846117130854,11.3179193833316,17.0290176828937,27983.9974617881,29360.7910128193,688.371099807294,0
2416,2175,6.47900994387324,4512.08839533412,23.2295486037163,12.1857045498594,12.4742768413906,18.7294621237163,27991.5200951972,29372.1879155213,697.469069034782,0
2417,2176,5.63056393734661,5332.79019066664,23.2002893418894,10.9214779193911,11.1467552218357,16.7771288238226,28075.2990627273,29294.2756078806,809.193551038333,0
2419,2177,6.04392167756057,2158.29177237463,22.1590777721395,20.0554486523051,20.8202761088108,30.9051697307769,23902.8850455187,22426.1662591741,299.903653384649,0
2420,2178,6.07579686553459,968.041998464638,22.1614676925742,36.7486696017137,38.8791141557284,56.8310828453605,23923.0806098035,22447.2451496645,175.16075138107,0
2429,2179,5.90948151297004,3680.65543701161,22.2721712365977,13.8596049883567,14.2308428940875,21.3141212745149,25266.6191688093,22087.4756180202,199.414333986335,0
2430,2180,5.88899752564476,3408.03477769834,22.3249722382869,14.6053033902316,15.0196946993807,22.4672900944445,23817.2858882268,24201.8588573926,396.60233153277,0
2431,2181,6.15084693227551,2876.78968369834,22.3249722382869,16.4045925730804,16.9279391022267,25.2510840240713,23767.6446607819,24158.008230451,360.366563445355,0
2432,2182,5.97776862365382,3007.93248769834,22.3249722382869,15.907206191642,16.3996233712563,24.4813237018583,23797.8353608854,24166.1600259068,441.135503669802,0
2433,2183,6.34468868935825,4624.33252369834,22.3249722382869,11.9152669022106,12.183282859174,18.3098913442563,23766.3802365094,24211.4584532294,401.05424160409,0
2433,2184,10.0690083486372,4679.99212702147,22.3323275255107,11.8228256846955,12.0862548142312,18.1671467250645,22854.265379069,25081.1467576504,750.701141936059,0
2434,2185,6.17487785350181,2874.65316169834,22.3249722382869,16.4130356383266,16.9369123262118,25.2641520111838,23796.5515556691,24186.3255022574,381.585554194857,0
2434,2186,6.4556885518742,4456.63035934844,21.9215175336713,12.1729198280945,12.4509034465013,18.7069722506559,35224.574380715,29871.4122474666,679.595857295728,0
2435,2187,6.30941933705427,6701.38812334844,21.9215175336713,9.36461194352122,9.51313693921458,14.3731833266297,35225.3654489509,29851.8706853548,698.592206236027,0
2435,2188,5.92262268165945,2868.02333569834,22.3249722382869,16.4393078559517,16.9648353189906,25.3048158587938,23809.9714808365,24180.7801272542,433.013778145035,0
2436,2189,6.06821320133719,3069.91365169834,22.3249722382869,15.6855459314761,16.1643742179762,24.1383334849981,23802.0262841821,24185.19087121,386.375637526512,0
2436,2190,5.29607773982891,2733.57425396876,22.0587964284899,16.956995675718,17.5122173339655,26.1053066490079,32880.9404415932,20067.129539029,-346.923831240537,0
2437,2191,5.40246859056972,3614.63627996876,22.0587964284899,14.0060962067548,14.3836045191775,21.5400511274258,32881.4918736819,20075.0639358847,-333.799629551428,0
2437,2192,6.01912127608135,1975.75007569834,22.3249722382869,21.4107367705097,22.2752341160635,33.0068770613129,23780.1647931046,24181.8214443581,398.060485394599,0
2438,2193,5.4207284812337,3829.89637796876,22.0587964284899,13.4729231361515,13.8207776944446,20.715866942522,32883.2092406394,20079.3930097602,-346.78730984183,0
2439,2194,5.38780032752916,3585.42980396876,22.0587964284899,14.0828319859863,14.4646739434786,21.658688067568,32893.7525694807,20056.7915637105,-340.848592629413,0
2454,2195,5.8155266618339,3663.03207769394,21.6948105529622,13.8418046695873,14.2067203037588,21.2851350486966,30660.6504865541,16098.4543120533,718.764899948591,0
2464,2196,5.3033000540913,4081.63670826975,21.9271948825058,12.9007496170625,13.2165903222678,19.8313407987853,34711.5934153075,23884.6758969747,-262.456783884845,0
2465,2197,5.40291679432835,4474.82986222848,21.9522497709569,12.1430435836724,12.4197480924644,18.660894540766,34694.0948394004,23879.0550139681,-249.570826072383,0
2466,2198,5.52255830008504,5179.44160222848,21.9522497709569,11.0393866645384,11.2620449716875,16.9568591742986,34678.4122243013,23886.2628908929,-265.649397666415,0
2467,2199,5.3597333482993,4401.36612426975,21.9271948825058,12.273696176056,12.5568620019034,18.8626377143093,34711.5307522237,23872.7779662059,-216.239137946496,0
2468,2200,5.3671573115478,4459.36058226975,21.9271948825058,12.1685175425147,12.4463215458277,18.7001851151998,34703.8749841614,23879.2766537122,-213.106661947578,0
2469,2201,5.4294110719156,4639.66541826975,21.9271948825058,11.856400107381,12.1184987936458,18.2181636337689,34711.9759799767,23875.6294928674,-250.579007675816,0
2470,2202,5.75717146304535,6878.62371406505,23.0354515067922,9.27148010347817,9.42199142424854,14.2312000995526,28887.5652798837,31076.61141055,386.82399957339,0
2471,2203,5.76877863393689,5777.65410406505,23.0354515067922,10.3603731334991,10.5584133189853,15.9108517795276,28890.0279334603,31061.1545143294,360.349802293279,0
2472,2204,10.5747074373374,5788.90989810363,21.4559483612688,10.2451182820258,10.428372780756,15.7303689710755,36610.4768325909,24344.5160894673,-998.472837522002,0
2473,2205,6.3959727754049,5399.34107184924,21.6012517359256,10.7224376595066,10.9280277874321,16.4670631640823,36176.3437360074,22557.2966075744,594.772167703199,0
2473,2206,6.73333058874885,4187.96696190262,21.6997829438382,12.6615133822538,12.9628742114524,19.4612014145132,35827.6114487516,28867.9730792816,1008.38095595193,0
2474,2207,6.90164083962081,6371.47041990262,21.6997829438382,9.65479760965065,9.81414238565578,14.8202939012227,35856.725132867,28842.672409115,922.897652509503,0
2474,2208,5.92579534021885,3491.47214437055,21.4390143406406,14.2662439467937,14.652508417595,21.9406146716516,37042.4351882085,16365.442046222,288.10948147279,0
2475,2209,5.88431814493869,6643.15045837055,21.4390143406406,9.38915250270539,9.53605834726855,14.4102928326025,37015.6465153584,16348.4246885034,334.658728073934,0
2475,2210,6.94055307749093,4196.07252990262,21.6997829438382,12.6453478779036,12.9458662697118,19.4362281253523,35919.5178837211,29003.1178213154,1049.81313639559,0
2476,2211,5.89077959999574,6672.84150637055,21.4390143406406,9.36287017791417,9.5087068235505,14.3697729450342,37013.651110692,16340.7682207873,304.030960256292,0
2477,2212,5.7936424875013,6721.71720037055,21.4390143406406,9.32004280595335,9.46414288655237,14.3037468588315,37019.5224967665,16348.9277740197,335.356192564667,0
2478,2213,5.93523627012094,6768.17003437055,21.4390143406406,9.27983387629602,9.42231002207566,14.2417593477772,37021.063073488,16356.2720390076,300.436558620074,0
2479,2214,5.88078707898417,6596.71965037055,21.4390143406406,9.43066210465047,9.57926202411515,14.4742903488155,37024.5076949535,16360.2755437676,318.823890922319,0
2480,2215,5.77766853182812,6591.56037690553,21.4752067479469,9.43736310787171,9.58643727257591,14.4846772462264,37011.2288062071,16348.3802396337,303.79308398118,0
2482,2216,10.8831327895501,4334.77876359224,21.609570212495,12.368881980789,12.6543930350664,19.0089637217513,36875.4508663131,16846.9313885417,-934.632847205462,0
2483,2217,10.423728625774,4089.23053270321,21.5410090895169,12.8476614225509,13.1574371988361,19.7484173353316,36963.5328048639,16899.3404030963,-954.915865065708,0
2483,2218,4.60363893379078,2872.34733275171,20.8033656908868,16.203678951865,16.696942288263,24.935302646563,37916.5268319249,17001.6679449889,505.494232717097,0
2484,2219,10.4531884225816,4084.88190370746,21.5903528326717,12.8614864418714,13.1724079472507,19.7698922731526,36893.2260365706,16818.5456958866,-984.706585096575,0
2485,2220,10.6629133652535,4572.05297170746,21.5903528326717,11.9422712642548,12.2060948036877,18.3500625937428,36885.7807008305,16799.3711342534,-1000.49802651226,0
2489,2221,5.95344724647352,1859.62404355991,22.5063843445226,22.4187564236203,23.3606341617943,34.570961199256,27152.6237724378,26462.8553448975,213.573244772704,0
2490,2222,5.80159940296188,4054.51263787403,22.5832923363674,13.0211821292763,13.3489523461331,20.0189504742853,27167.8788984279,26478.413964075,226.258103807369,0
2491,2223,6.04430863730861,3586.43811187403,22.5832923363674,14.1380792580944,14.5279617991939,21.7454592489465,27156.8432763341,26461.5276037812,220.603477027016,0
2492,2224,6.04359445526725,3366.66268387403,22.5832923363674,14.7575217519441,15.1833544519854,22.7034099834323,27131.679678414,26424.1984546526,215.544393771609,0
2493,2225,5.83697585688174,3235.43177587403,22.5832923363674,15.1632851817231,15.613220884362,23.3310638068254,27156.0381714868,26441.7743374351,245.16722731879,0
2494,2226,5.85852453308963,3594.34544587403,22.5832923363674,14.1170613469688,14.505742429374,21.712960655366,27166.0263650347,26433.131607726,235.33446550305,0
2495,2227,5.91321808872129,3484.92027787403,22.5832923363674,14.4154946103129,14.8213488686013,22.1744392402576,27135.4737240584,26441.1243864796,226.497148543304,0
2496,2228,5.86404160548072,3633.88211587403,22.5832923363674,14.013201564568,14.3959636175394,21.5523741252859,27149.9820471691,26457.7930098421,228.897656550602,0
2498,2229,6.18348666800602,2776.76373465693,21.8349897357295,16.7400475244802,17.2788296601975,25.7687433716509,26583.7775555936,21345.1396872605,465.780647731077,0
2499,2230,6.06961376076818,3195.0005434109,21.8450135264529,15.2013453106351,15.6459330579726,23.3878404738466,26604.5402710999,21339.1597060157,491.058084112337,0
2500,2231,5.26452102996195,3697.81812351358,21.8887390147907,13.7752445033105,14.1382562136205,21.1827414967821,26049.3099228463,21542.8138568285,-29.0940980856278,0
2501,2232,5.73262137371315,3461.79296105839,22.1142265364954,14.4268657130178,14.8288739131209,22.1907823629754,24786.2460982415,23367.4900708799,184.940419804471,0
2501,2233,6.05415762677083,2726.63100854841,21.9168140647748,16.9655741708989,17.5196406516965,26.1181177135039,26006.5740456847,21613.2656242025,21.9583076657703,0
2502,2234,5.80920477174447,4944.56125505839,22.1142265364954,11.3890367814756,11.6295272926331,17.4969127209676,24785.4402528744,23361.9108732872,182.380095451266,0
2503,2235,5.78683645678362,2427.54010505839,22.1142265364954,18.4380834656655,19.0910341495607,28.3990028700374,24779.9089201055,23374.9878558552,168.360292887736,0
2505,2236,10.2427133179564,2451.07106282031,21.630089194481,18.2302654180409,18.8629325643227,28.0753541887615,37156.1820134989,17353.4564103383,-1087.87738833673,0
2507,2237,8.99423747326949,5226.57604419655,21.4377263817059,10.9372442990682,11.1516286140098,16.7982470895772,36994.5138943864,15662.5340941687,-1101.54355090834,0
2507,2238,8.81667524332275,3609.50443675206,22.4185161958445,14.0589897203617,14.4428366386169,21.6227508273241,32461.4568817192,32814.6246888628,-1283.59141243892,0
2508,2239,9.83506698185726,4941.55154586988,21.4062462963936,11.3383830832548,11.5714050387087,17.4173252467675,36995.6240667329,15693.5796702059,-1100.76694140341,0
2508,2240,7.98597669347433,3812.93940449738,21.9067428149665,13.4972040521045,13.8450358857585,20.7530219238978,35953.1596946075,16091.9163680034,331.684585002101,0
2509,2241,7.13932565351088,3516.88614495328,21.3733806896452,14.189218105132,14.5704969679033,21.8213540359655,36638.5948752332,26220.9835820017,1038.4603237646,0
2510,2242,7.23537438302983,3466.90336275069,21.4329326144138,14.3335894688742,14.7236072070553,22.0447200351846,36621.8371498021,26205.73153069,1014.95830126444,0
2510,2243,5.48715494936932,1441.71688816113,22.5141168124072,27.097503673197,28.405529135539,41.8327076958868,24998.6538198679,24996.3556606646,133.151060334295,0
2511,2244,7.2604139375595,3724.60756275069,21.4329326144138,13.6599363103481,14.0123788886339,21.0033507014989,36627.8140667814,26191.9716044899,1012.12226687731,0
2512,2245,7.22888065706633,2664.73846875069,21.4329326144138,17.1636008422513,17.7243702648414,26.4230402227026,36600.4285226578,26203.3588798902,1028.34029262614,0
2512,2246,6.50848711111094,1356.29732480168,22.4043259470335,28.3480867396738,29.7564655342313,43.7744127095685,33500.6659151727,26257.2413319203,70.8917023861392,0
2512,2247,5.82530974153085,1155.2418231151,22.9191464384497,32.2816030333024,34.0353149823544,49.890059071117,25659.7572964781,26640.0687281615,80.7892040207654,0
2522,2248,5.39694840689757,3230.51300906131,21.8653209258246,15.0897714669467,15.5279610630104,23.2153160629506,32474.6471521978,15605.6100017925,-52.1433266590266,0
2523,2249,5.43342283017716,3521.65174567847,21.8843585173509,14.2345754616619,14.6233652673511,21.89284306527,32476.3555683099,15604.7322518056,-100.351036426657,0
2524,2250,5.18365599125244,3757.04360767847,21.8843585173509,13.6288680766235,13.983736273083,20.9564706332372,32482.7387947491,15608.1499199206,-5.86815788327607,0
2525,2251,5.45726298629321,4080.69365167847,21.8843585173509,12.8986052061407,13.2139718009837,19.8279280177491,32469.297845966,15615.2281545576,-60.409103375742,0
2526,2252,5.47053214602982,2782.85565367847,21.8843585173509,16.7219315605079,17.2601546688411,25.7408632365355,32486.8884048296,15608.9949829742,-52.0530082179333,0
2527,2253,5.08578296519766,2423.87474164082,22.5403322755969,18.530924586159,19.1957382108391,28.544362187675,31315.4710658483,24036.72158047,-505.253769046222,0
2528,2254,5.12520216705323,2192.84402764083,22.5403322755969,19.9018971800351,20.6614103494576,30.6686982499376,31292.0608776138,24065.3010253334,-562.610531446224,0
2529,2255,6.16650245201031,2005.85292757827,21.9033222396905,21.0872602584247,21.9217128896915,32.5035218756799,36805.635811091,17189.9363926215,421.819859330831,0
2530,2256,6.17223280563032,4965.41365775968,21.8106926779109,11.3344805977188,11.5701981383865,17.4120976914481,36802.625820752,17183.4152834655,417.552878695931,0
2531,2257,6.09099157394686,4969.64264975968,21.8106926779109,11.3282202319955,11.5636372710712,17.4024334106461,36799.5861276451,17185.1998154532,395.150704803945,0
2531,2258,6.65759202875687,4087.15971018235,22.6457322209325,12.9577583560649,13.2826250573837,19.9210812898817,30867.6411750338,24616.0479232507,705.613228004285,0
2531,2259,6.59200414052011,3795.54968300072,22.521125502985,13.602305196321,13.9613983316539,20.9169819998876,30874.7192721155,24615.3500922953,700.829863049578,0
2532,2260,6.05231640714402,4954.51078775968,21.8106926779109,11.3506638743032,11.587158827771,17.4370803799559,36809.9470559992,17189.1960238418,392.451661668035,0
2532,2261,5.48226166451182,3535.18240885158,22.5777129533286,14.2757357139029,14.6734648774278,21.9583020414441,31427.7924530599,24403.6630363106,-89.7352522382833,0
2533,2262,6.05010941618188,5190.82774175968,21.8106926779109,11.0133082633888,11.2337791716463,16.9163425757048,36790.8892558323,17178.9571526291,397.111840121768,0
2533,2263,5.83281087294697,3765.86070685157,22.5777129533286,13.6800916797587,14.0440237735867,21.0373664564337,31425.330617988,24389.5619641981,-125.24112605068,0
2534,2264,6.10815790480586,4482.14119175968,21.8106926779109,12.1177590391099,12.3920864998232,18.6215410664107,36809.3266593373,17193.3249066763,389.426745119808,0
2534,2265,5.39333515471306,3272.43425485157,22.5777129533286,15.0452302143889,15.4880528143868,23.1484232497974,31437.7314755224,24390.8280891735,-164.11572403301,0
2535,2266,6.31144217853452,4957.61645375968,21.8106926779109,11.3460477268032,11.5823208407015,17.4299542477018,36805.8888568364,17190.1473884159,390.714292709558,0
2535,2267,5.45915278960609,3807.73213285157,22.5777129533286,13.5789145853683,13.937205118166,20.8809619802419,31434.9914789897,24415.9531690068,-123.502295133383,0
2536,2268,5.5552791030153,3494.36823085157,22.5777129533286,14.3884353271596,14.7926695112611,22.1325791147844,31423.3003353775,24391.923408172,-99.6170666781347,0
2536,2269,5.78703624638101,1078.48543775968,21.8106926779109,33.5915306969464,35.432818432645,51.9190700081948,36865.189929197,17196.1221678523,401.276575140838,0
2537,2270,5.70406016791831,4674.52131085157,22.5777129533286,11.8519827692481,12.1186754147562,18.2126718703534,31441.0048396995,24396.875701166,-117.112660701419,0
2538,2271,5.42913923193354,3637.66938685157,22.5777129533286,14.0027551276024,14.3848724152829,21.5362083656175,31406.7048307935,24402.6569035443,-116.897130536755,0
2539,2272,5.63537912149011,4168.12154485158,22.5777129533286,12.7835073748352,13.0984846787797,19.6516670126977,31410.0209298672,24391.7688250622,-124.517763517926,0
2540,2273,5.70568621448499,5226.07254828271,22.7021695555382,11.0299872920984,11.257213678754,16.943736577983,31447.5270440185,24357.7510331421,-250.49508418163,0
2541,2274,5.53871862398378,6145.79020428271,22.7021695555382,9.93861041595403,10.1158274731228,15.2596027867889,31472.2333850084,24329.3191660582,-316.451528560979,0
2542,2275,5.539464842868,5494.28494733085,22.7205756405699,10.6800605588989,10.8909088427243,16.4036610371797,31501.3704126738,24395.5037251272,-349.775805993255,0
2543,2276,5.57892807233255,1782.88866952527,22.6794826619254,23.1650542605918,24.1661120773283,35.7294729772442,31528.8251174459,24271.1316900622,-515.046580533154,0
2545,2277,8.41502262425798,2871.39170263875,22.8295307536186,16.4971832648308,17.0320623914391,25.39596893532,26943.3747272719,25458.4678075242,-1452.67995318493,0
2546,2278,8.02365585874241,3003.65783263875,22.8295307536186,15.9905097983042,16.4935534622691,24.6117455103487,26971.4472349366,25422.4046907776,-1452.21017069621,0
2547,2279,6.07348520053031,5843.99271457834,21.952563181164,10.2156092521449,10.4006165380656,15.6856918823885,36513.6540086778,20010.2740383424,472.297904065773,0
2548,2280,5.90758902526183,6259.84359457834,21.952563181164,9.7784856614224,9.94450085381681,15.0114390873144,36515.9178799627,20011.4299520267,451.580768765251,0
2549,2281,6.10919330330254,6150.11006257834,21.952563181164,9.88883696132724,10.0595801656883,15.1816350953775,36524.0615588638,20024.4238093105,458.643856706212,0
2550,2282,6.00158307065576,5909.84107299542,21.9465851803756,10.1424551689926,10.3241992747565,15.5728300858625,36514.7417960176,20001.5384441626,475.468587764483,0
2551,2283,6.06994918678333,5738.72107899542,21.9465851803756,10.3345741471215,10.5248339077897,15.8692153060134,36515.2816357582,20020.5544479318,461.248759579696,0
2552,2284,6.19640239092964,6108.09709899542,21.9465851803756,9.93162980660007,10.1041837171148,15.2476286387016,36510.0318033443,20007.1397965357,461.709480196125,0
2553,2285,6.15040758965735,5327.58376299541,21.9465851803756,10.8398248838301,11.0531067745507,16.6488461705352,36507.7132077483,20011.5238421377,432.473430735633,0
2553,2286,8.57724524578508,3277.72992327906,22.8486917050385,15.06151586716,15.508025153178,23.1743639054271,28562.577150489,25314.3010408085,-1232.70407493079,0
2554,2287,6.31308209930294,5508.63748299541,21.9465851803756,10.6092130092472,10.8118754984653,16.2929682779464,36514.2943282749,20023.7182430518,475.278117639329,0
2555,2288,6.08940646367109,6136.35645699542,21.9465851803756,9.90254463235553,10.0738435164497,15.2027678233111,36518.2112944687,20013.220539645,463.136390876692,0
2556,2289,6.08776840398927,6235.69371699542,21.9465851803756,9.80212380893134,9.96911367101458,15.0478859169314,36514.5742029821,20026.9351730075,438.590131679382,0
2557,2290,5.99438915885507,6293.97451299542,21.9465851803756,9.74448960328038,9.90902339296825,14.9589997000922,36498.1560873769,20026.5221845926,451.539727712773,0
2558,2291,6.22356861900536,5720.63773299541,21.9465851803756,10.3554606061175,10.5466541684323,15.9014393999638,36506.4787171684,20012.4008629579,441.33315024758,0
2558,2292,9.14754225024813,2383.62899317356,23.2053446896454,18.8674840069517,19.5639699232346,29.0681849285336,28068.3044316549,28038.4411849443,-1151.22069964336,0
2559,2293,5.97384607389627,5076.22305099542,21.9465851803756,11.183726433021,11.4131849845046,17.179644826293,36528.2622285754,20025.39117361,446.641471983603,0
2560,2294,6.07727476439324,5133.87044348946,21.9343337730144,11.1013386363877,11.326801329423,17.0524492618651,36502.6882557239,19994.2549944587,490.637619178106,0
2561,2295,5.95343867273453,4924.11684548946,21.9343337730144,11.4057625223074,11.6457907762647,17.5223830439375,36513.6492724795,20022.1401045009,465.503663943715,0
2562,2296,6.18613047871561,5302.39136948947,21.9343337730144,10.8721228190629,11.0868253689357,16.6986695577763,36529.2147190891,20006.6391309877,441.176955065371,0
2562,2297,5.66576257326677,1393.34432131272,23.2314573150087,28.0371370733848,29.4366390913632,43.2960729862918,30764.5131400569,28038.4201560064,-711.544085942806,0
2563,2298,6.08388292342612,5404.34972348946,21.9343337730144,10.7395361532675,10.9480971298915,16.4940532675912,36516.4045818072,20021.0675119999,447.379533899871,0
2563,2299,6.91777265690306,3683.14991763199,21.9825140853758,13.8221457958433,14.1886314404073,21.2554806087752,28530.704910574,17551.3018751145,925.924226256819,0
2564,2300,5.96623341316643,5270.21138348946,21.9343337730144,10.9149003578273,11.1315973709046,16.7646901644087,36518.2912448375,20008.6874209812,483.501592600123,0
2564,2301,6.94087502251918,3031.43895352907,21.9541298162748,15.7725615160932,16.2526787811144,24.2718642368645,28518.0237029946,17536.2963589296,868.943002533728,0
2564,2302,5.73690925511559,1765.16522731272,23.2314573150087,23.4707889089626,24.5044828512791,36.2063970619683,30758.7926475806,28046.1552295759,-711.485392439147,0
2564,2303,5.82347391641621,2714.74507003226,22.3380025368952,17.0810419887758,17.6475497039934,26.2982658388198,35552.5477211687,23341.4140260951,106.291912216172,0
2565,2304,5.70494396519737,3120.27046050587,22.3354802006036,15.5126808276111,15.9811075646953,23.8709012841529,35535.6888561955,23322.15514984,148.537190925953,0
2565,2305,6.04004288294361,4384.08337748947,21.9343337730144,12.3061492857912,12.59103278514,18.9127802900786,36478.5534971016,20053.807765153,425.165632618236,0
2565,2306,5.6996136072762,1909.94212531272,23.2314573150087,22.1472358654843,23.0803704173395,34.1529965787053,30770.8473495356,28024.3343188352,-771.855937335356,0
2566,2307,5.55161526336235,2765.34349650587,22.3354802006036,16.8623160335906,17.4147697353907,25.9596387530043,35509.4132719133,23323.7393511595,130.70994260163,0
2568,2308,6.66581599572971,1216.54932937918,22.3485352640234,30.7951319532255,32.4078409887878,47.5760317420252,30482.9664839313,18236.609294069,406.176274782216,0
2569,2309,6.13435573715092,1475.15215640409,22.3168916931863,26.5726838509402,27.834320924053,41.016672031676,30448.0580571739,18211.7296200196,445.868771704009,0
2569,2310,5.33382114299421,2917.18946640266,22.6067229123552,16.2862015734065,16.8052821787152,25.0687137235001,34570.3661141795,26037.2311948846,-203.906969185102,0
2570,2311,5.60833642880603,2910.99335706652,22.7422991534796,16.3290177824151,16.8522957808437,25.1353992969963,34570.1058083528,26051.9471167767,-105.370283053691,0
2571,2312,5.69787172314551,2446.17867906652,22.7422991534796,18.4453311895219,19.1069746052971,28.4124898330608,34546.7994955016,26044.3404182378,-175.054222431769,0
2572,2313,5.59872820530693,3857.75894106652,22.7422991534796,13.4772565633133,13.8313361600949,20.7242159275439,34562.6120959595,26057.9063198316,-181.408281738395,0
2573,2314,5.55389088845401,2992.75386906652,22.7422991534796,16.0190284181767,16.522904067053,24.655621905227,34591.3616248704,26052.6326928508,-147.968451503585,0
2574,2315,5.53722829526378,2283.36961748026,22.6869435714241,19.3611396673004,20.0848713180827,29.8312212629384,34845.2537627524,26155.0465079058,-73.922088250937,0
2575,2316,5.59399418277001,2248.10599148026,22.6869435714241,19.5777027062691,20.3165299048261,30.1668256855655,34825.8958752614,26149.513294405,-35.3345127456626,0
2576,2317,5.51299598172338,1966.85599748026,22.6869435714241,21.5595038933769,22.4405329574277,33.2391194489749,34838.7367990573,26140.2581580159,-36.417381691625,0
2577,2318,5.52554355432574,2406.86939948026,22.6869435714241,18.6488297130831,19.3235660294838,28.7275471180356,34837.2905297939,26159.2179234886,-71.5323016905379,0
2578,2319,5.67873111816123,2066.76593348026,22.6869435714241,20.7984345642972,21.6240146593386,32.0590359921005,34821.7107577716,26140.8009292018,-40.2795602003104,0
2579,2320,5.2872291385511,2483.05733348026,22.6869435714241,18.2419228524082,18.8891355946132,28.097202142924,34820.547836055,26151.9168841915,-70.6241100337782,0
2580,2321,5.50187790635612,2299.26061142135,22.8682535564126,19.298349760647,20.0201877497386,29.7346008869006,34806.6022492616,26129.8203801359,-58.6177007817916,0
2581,2322,5.61311214538231,2140.10073542135,22.8682535564126,20.3173575617755,21.1110382240525,31.3139669597866,34819.9827324793,26133.7786218509,-80.0544747658827,0
2582,2323,5.68936187175381,2513.81587742135,22.8682535564126,18.1137064151113,18.7546038985769,27.8992297074862,34846.1248850546,26137.7592474579,-45.351268168914,0
2583,2324,5.53654644665035,2085.95047724567,22.8101812805606,20.6849444038814,21.5041629710376,31.8835886383375,34849.0370682662,26147.3689048467,-51.9056029806162,0
2584,2325,6.15447923631704,5141.00458233047,22.4546722469804,11.1298676594394,11.3602197402878,17.0974632109389,30546.939676002,17759.0021132985,331.037768755557,0
2584,2326,5.67188388238149,2316.72722942135,22.8682535564126,19.1943917715312,19.9090131189846,29.5735070270715,34826.4002917239,26137.1448711557,-16.0193347048591,0
2585,2327,5.74063456219723,5559.10048522616,22.8511601364161,10.6084106623667,10.8167461665059,16.2933092309749,33989.6017523529,29193.853937965,75.0902591364835,0
2585,2328,6.26946026272924,5048.82577233047,22.4546722469804,11.2613745041491,11.4980513900073,17.3004769611287,30544.2188970199,17773.5956702232,300.645664863576,0
2585,2329,5.87171829740833,2532.67013342135,22.8682535564126,18.0184239516269,18.6529379420336,27.7516433289504,34807.7488278898,26165.209530301,-80.4913222609891,0
2586,2330,5.7711365322141,6741.11401160971,22.8321783115824,9.37951841691982,9.53348663748783,14.3975044637085,33990.7754679705,29205.7185604184,86.9963891383769,0
2586,2331,6.00793840126929,4137.81028947567,22.4169357993201,12.8305647431882,13.146738644196,19.7240170094486,30516.2608490831,17740.5996099537,353.875255070226,0
2586,2332,5.52791844841334,2526.51452924567,22.8101812805606,18.0399557645482,18.6751839572521,27.7847940998899,34846.7251056131,26149.7933569104,-96.0163327175729,0
2587,2333,5.89502897291117,5435.84298922616,22.8511601364161,10.7629936560062,10.9785434464506,16.531886421976,33999.0094768143,29196.9164618829,69.9495941258305,0
2587,2334,6.01774005264253,4130.22487868198,22.4401446715197,12.8483942203208,13.1657089592922,19.7516192496144,30531.2582383594,17763.3688237191,402.625532713313,0
2587,2335,6.34095173867756,4571.55076082012,22.2092452219078,11.9955965308888,12.266797449727,18.4337124351118,36301.0551033795,25122.4667473613,611.377394614352,0
2587,2336,6.208115403027,2101.98432277859,22.2371631548721,20.4556062774685,21.2499113365031,31.5257252781107,27246.6349098035,18917.6922089655,341.271984712245,0
2588,2337,5.80790828101229,6358.45631360971,22.8321783115824,9.73333527848045,9.90234636638674,14.9431680663693,33988.277483067,29205.0362757892,88.2427330739839,0
2588,2338,6.222900810512,3787.1600207502,22.2275879666204,13.5920542259026,13.9479742428485,20.9004181307714,36367.3051779151,24809.2218898862,581.818449054938,0
2588,2339,6.23915633261382,3888.38786547567,22.4169357993201,13.3733452718372,13.7188751797142,20.5628246948787,30541.7708848664,17747.3175542937,343.525024481972,0
2589,2340,5.80450189495903,6592.82471722616,22.8511601364161,9.51345466636686,9.67316203007212,14.6040761931599,33996.1002593385,29199.2574376571,67.8170150001852,0
2589,2341,6.03935450217694,4202.3721467502,22.2275879666204,12.6819256848341,12.9886812576094,19.4939306950997,36353.3342835513,24819.4059853345,602.761844724135,0
2590,2342,5.66631317601154,6095.0950505789,22.7733383173117,9.99555299107498,10.1756812789925,15.3475562822959,34001.3124470233,29208.6937495219,105.610693133234,0
2590,2343,6.22988368403848,3515.00047969858,22.2176485924269,14.2905571125208,14.6857307155918,21.9802814036526,36361.7747582142,24829.2357567212,617.156379591649,0
2590,2344,5.57646161260782,2427.03415074207,23.4825424788826,18.6735769506791,19.3602786921501,28.7687185591674,28491.7026663069,28124.7694778601,-14.2937978479202,0
2591,2345,5.73428935632338,4948.8133152498,22.7910187715321,11.4346896619092,11.6821283367585,17.5687024243394,33998.4882427534,29195.6264763425,67.8429134566271,0
2591,2346,6.17008457707994,1320.88499946777,22.2646687717168,28.8787693960922,30.3282184352141,44.5979549260738,27282.2379059668,18917.5263204206,299.951908760494,0
2592,2347,7.01566172500304,8783.26738984062,21.8028752246675,7.91069664795299,8.00330875384163,12.132548021191,35285.7112308008,14200.4418998422,741.440978923925,0
2592,2348,5.84946141291773,4633.3789692498,22.7910187715321,11.9384915967462,12.2111227256396,18.346710355636,33982.7566426428,29202.0993819927,116.590451183576,0
2592,2349,8.19671564748266,8164.32438762887,22.1667686738382,8.29063022418708,8.39847585749107,12.7182394528884,34941.1161096029,15152.8173726845,-136.048974928384,0
2592,2350,5.96429503350403,1225.27013346777,22.2646687717168,30.5943743656682,32.188103804678,47.2635270679953,27267.3429371823,18910.7578588454,302.319557305302,0
2593,2351,7.10014896896021,9278.67618184062,21.8028752246675,7.64960908332417,7.73324180167545,11.7304776397708,35301.269407923,14214.0429594321,745.425180619653,0
2593,2352,8.0591529318834,8790.25098675655,22.1981049967022,7.92300161993685,8.01770468052557,12.1519601058836,34935.7931717276,15161.2698021299,-124.485016621296,0
2593,2353,5.73872636834892,5048.4589392498,22.7910187715321,11.2871148626808,11.5273324979125,17.340849953203,33996.0816067959,29202.913832446,74.8067514306025,0
2593,2354,5.96429570218505,1129.19272146777,22.2646687717168,32.5954558083342,34.361100204622,50.3736843516903,27266.7625947418,18931.8047803531,332.058563299818,0
2594,2355,7.05733087597775,9679.24101784062,21.8028752246675,7.4552381540925,7.53238412813622,11.4312044821703,35309.6916581358,14201.4944730103,761.612675733147,0
2594,2356,8.14754709648491,9088.98962475655,22.1981049967022,7.76228245339606,7.85136361576452,11.9044292645835,34931.1230539148,15145.4697195988,-113.522938534015,0
2594,2357,5.70964899086277,4971.0862445789,22.7733383173117,11.399907497567,11.6455160200411,17.5149640672664,34011.5638281316,29202.8110228736,93.7603517834335,0
2594,2358,5.63131439760849,1593.80994695169,22.3527684708415,25.0849730453082,26.2288588596581,38.7072642308444,26865.5420094843,19741.9492752114,172.857577861223,0
2595,2359,8.95452572789237,9750.818397096,21.7075339526209,7.41844858430819,7.49402012455688,11.3744633103373,35335.5025575938,14176.1727165746,776.110056268144,0
2595,2360,5.58989666179925,4121.1910085789,22.7733383173117,12.8984341232966,13.2211531228977,19.8296948353617,34009.9136966847,29196.4396055671,117.204868725827,0
2595,2361,7.34847442798304,8598.97990434804,22.1652423442782,8.02951483263056,8.12786621834383,12.3159843432436,34898.573830616,15113.9343784461,-228.565985388017,0
2595,2362,11.2342397046237,5730.59665867077,23.0368337633225,10.4150568845038,10.6156078188368,15.9952371854863,31258.7298243936,32593.5761887856,-949.791435409452,0
2595,2363,5.91264396158882,1651.56211895169,22.3527684708415,24.4289668345866,25.5215640297499,37.6891104877819,26860.2607016608,19712.551381828,141.258995334076,0
2595,2364,5.61913568968309,4032.69529239463,22.5823932443859,13.0679968383122,13.3982903581018,20.0912950817236,32402.1432380716,32696.9228365915,668.430957226203,0
2596,2365,6.7886694777095,10638.356067096,21.7075339526209,7.03767852232647,7.10113949446469,10.7883562850188,35591.3771794883,14140.4236049872,669.481020462035,0
2596,2366,5.70296690171206,3858.48554350421,22.8834210799587,13.4897929896025,13.8457871160341,20.7439305425505,33257.7939642225,30313.3667447223,127.232323231936,0
2596,2367,5.85817164754308,1606.18855895169,22.3527684708415,24.9406432089063,26.0731935431694,38.4832428399042,26820.9376277155,19733.7618880437,175.780712916436,0
2596,2368,5.42316407181968,2460.25045060554,23.1087201450221,18.4318476601658,19.0972686150795,28.3928941286483,31958.4945973829,22315.657551479,-143.096420092862,0
2597,2369,5.60776365484705,9299.3814411635,21.9369947520577,7.64437699688957,7.72836937438009,11.7225700396311,34663.6677369237,14099.4978270694,162.060819228231,0
2597,2370,5.84324646054578,1767.70521695169,22.3527684708415,23.2315637862432,24.2321430094167,35.8311309000435,26853.4254008847,19730.4625947178,142.356599978816,0
2598,2371,5.36817108578635,9116.3453811635,21.9369947520577,7.73777468280754,7.82495214598421,11.8663933994242,34636.8018148772,14097.9515739943,159.909558363932,0
2598,2372,6.9620348154545,2507.10854837132,23.1473277613363,18.1935253440872,18.8432902087942,28.0238336442152,33645.7438586318,24472.6231327513,906.524970089181,0
2598,2373,5.94674157410485,1767.55103495169,22.3527684708415,23.2330558069286,24.2337483527269,35.8334456560344,26864.6633431494,19742.5995275265,156.6428916928,0
2599,2374,5.80912168954826,5753.4377271635,21.9369947520577,10.3170319982152,10.5064495179043,15.8421348490635,34653.8256858394,14104.6955254484,167.248433129549,0
2599,2375,7.12499992599946,2423.98242437132,23.1473277613363,18.6336690389281,19.3133461473269,28.705705078268,33597.238608229,24470.8120131981,947.550552712321,0
2599,2376,5.64774356629054,2128.84351295169,22.3527684708415,20.2926961603961,21.0771284773905,31.2736742937067,26883.6585967669,19747.2727773145,178.24465991378,0
2599,2377,6.57503096443355,2835.44133460554,23.1087201450221,16.6820229797469,17.2318240795988,25.6829728118004,32055.3294934829,22178.9696645948,41.7275159359175,0
2600,2378,5.77719340854937,4816.11286363174,22.0981877190365,11.5846442521105,11.8345604025167,17.7988864719573,34665.2197468459,14102.0377727505,215.964755367774,0
2600,2379,6.06189908177942,2045.57520858954,22.3970059686906,20.8939758022493,21.7220939031723,32.2059589451616,26839.0036376809,19720.5834887747,203.231701998219,0
2600,2380,6.97560253305612,2729.66547474973,23.2651072161975,17.1539734499565,17.7361032111348,26.4141888699302,33655.358036718,24477.5250333086,993.542067244258,0
2600,2381,7.00128560605705,3479.56772976685,23.0703353951646,14.4856918337452,14.900240370243,22.2842706480591,32619.2459223771,29750.9647459086,887.789940479995,0
2600,2382,5.20085014419218,3402.93832215461,23.2870968530733,14.7319304667877,15.1630543238311,22.6657011059679,31862.5304500862,21353.6912366414,-404.772886361498,0
2601,2383,6.71282470828906,6761.26898519706,21.9211377857471,9.31231369917271,9.45869566161891,14.2925500140648,35360.6652393483,14134.7273987652,916.074326175466,0
2601,2384,6.52659578762564,4291.61209028626,23.1024244790669,12.5854044745168,12.8940130897244,19.3467194475053,32632.8166941423,29753.9403067602,891.768931639167,0
2601,2385,6.3622944230254,3245.66077445516,23.330774360705,15.2219587636346,15.6829402472377,23.4239057741993,32045.8325065175,22182.1773089996,19.829426686053,0
2601,2386,5.50067591972721,1542.52339458954,22.3970059686906,25.7187632142317,26.9136003403863,39.6913272182767,26860.4202540467,19736.9482465153,180.021181345866,0
2602,2387,6.68730742060135,4517.75303228626,23.1024244790669,12.1649261704601,12.4514758711482,18.6971032114332,32614.4772550749,29744.4372253909,890.999826903797,0
2602,2388,5.92398651167524,4672.4250846845,22.4363991364509,11.8438996796641,12.109150228334,18.1999027344906,25832.1071337562,21050.6826183014,128.984280436373,0
2602,2389,6.61891753263226,2993.52915245516,23.330774360705,16.0948435776705,16.6097856929279,24.7747038578885,32101.8754873934,22204.5667997586,8.53367209645619,0
2602,2390,5.64365795996504,4057.68799560271,22.4237576880752,12.999100651894,13.324353107435,19.9844608411399,26889.5510478499,19771.5688739978,202.77954407979,0
2603,2391,6.59512677216905,4052.82822428626,23.1024244790669,13.074334565173,13.4092746625647,20.1022765238622,32606.8676262942,29752.3100956706,872.565569531546,0
2603,2392,5.87702424647846,3466.21586178297,23.355148224003,14.5557987910205,14.9771394460397,22.3934395436668,33059.8168402508,24216.2384869265,193.355248066141,0
2603,2393,5.86465153813823,4186.5315246845,22.4363991364509,12.7330780146145,13.0442302941995,19.5734310068948,25820.0488936023,21018.4710736551,174.633257882003,0
2603,2394,6.02600269766923,3836.28264360271,22.4237576880752,13.4953419171922,13.8476486801365,20.7514061584204,26866.297417993,19748.5550091341,239.259382240369,0
2604,2395,5.80181360248024,3365.55704178297,23.355148224003,14.8513738738942,15.2902664020005,22.8506473043198,33045.3646894847,24228.4900448561,208.78180862362,0
2604,2396,5.98039568149928,4642.5137766845,22.4363991364509,11.8938655753008,12.1616293400609,18.2770677596733,25827.0373230085,21015.767223694,144.11716575543,0
2604,2397,5.5896681660514,3416.17847373751,23.2567030910638,14.6894742077808,15.1177897111163,22.599948864888,31861.7237210003,21329.3613819405,-366.121293720814,0
2604,2398,6.29498483320731,4280.00277858954,22.3970059686906,12.5446110204228,12.8455157578602,19.2821603661507,26865.4525034449,19737.23459528,192.78191311981,0
2605,2399,5.8559530557559,3848.14670178297,23.355148224003,13.561599683076,13.9256533363836,20.856051094395,33050.5542797788,24239.8895799399,207.058402430653,0
2605,2400,5.81553146011904,4683.4601106845,22.4363991364509,11.8256082774582,12.0899408048812,18.1716548869712,25848.3793127521,21024.6525686416,191.044991232793,0
2605,2401,6.92859506848141,4682.96740445516,23.330774360705,11.8990013490471,12.1735289037957,18.2867955764747,32078.3760180141,22209.336052064,-9.79726846887582,0
2605,2402,6.20122417376555,4418.37011058954,22.3970059686906,12.2837900720564,12.5711356024055,18.87924000633,26813.1455586847,19780.2009306868,226.078826350356,0
2606,2403,5.91514998268438,4124.13248178297,23.355148224003,12.9465671458344,13.2765922784145,19.9053764899633,33054.1941214741,24229.1144993122,209.805650005697,0
2606,2404,5.86153507089512,5174.7059886845,22.4363991364509,11.0814792839768,11.3093964975638,17.0227338475569,25828.117008654,21025.0730114417,161.108872571616,0
2606,2405,5.94605350238558,4468.41318258954,22.3970059686906,12.1929877705282,12.475662521212,18.7389807741642,26839.8529012345,19749.3730014403,223.962546752913,0
2607,2406,5.77762058653186,3763.78712178297,23.355148224003,13.7656043719797,14.1411875433199,21.1714537440338,33053.4234608362,24225.9004827887,192.536836543088,0
2607,2407,6.16843646173637,4833.9197166845,22.4363991364509,11.5835750682741,11.8358625037339,17.7979052341361,25806.8742734923,21011.2958264387,162.402393735405,0
2607,2408,6.07601822979297,2980.26271594942,23.2149274389372,16.1289581402554,16.6448065411228,24.8271652084464,26407.8832393466,27224.3180463988,496.234410044995,0
2607,2409,7.61469500134869,3576.66422405218,22.4878132044938,14.1536366639294,14.54352131684,21.7692700594504,36247.4908409384,22215.6447397448,1209.54691257932,0
2607,2410,6.26480357490069,4309.53327960271,22.4237576880752,12.4901030011233,12.788368084937,19.1980091045076,26866.4434298035,19745.8599058669,242.351506800852,0
2608,2411,5.7546749378889,5071.8665946845,22.4363991364509,11.2267433358544,11.4616243830311,17.2469790957955,25842.535684859,21014.1957543116,165.400231629823,0
2608,2412,5.91706576918486,3429.96755794942,23.2149274389372,14.6444183265992,15.0696705143016,22.5301476912542,26386.208024871,27242.1065241684,502.411286223424,0
2608,2413,7.73840923919632,4223.28150605218,22.4878132044938,12.6642294472344,12.9721533021073,19.4671695859513,36276.3057786041,22191.4022717487,1216.16563218838,0
2608,2414,5.82354782538841,3075.78298578297,23.355148224003,15.7990019389994,16.2956966691073,24.3168974266019,33062.1321957457,24244.1489033628,208.283343022896,0
2608,2415,6.07656524400524,4544.75529858954,22.3970059686906,12.0578785581382,12.3336514970705,18.5302953192882,26827.8231111622,19732.3792657046,156.735772934675,0
2609,2416,5.96168089849644,3578.88534394942,23.2149274389372,14.2274710563378,14.6283130549917,21.8852921042014,26415.6180114431,27236.253605809,557.186490377617,0
2609,2417,5.97959705338138,5104.7734386845,22.4363991364509,11.1797024639433,11.4123205961649,17.1743595945003,25827.8877271636,21011.9590506963,154.123396836522,0
2609,2418,5.9754024530793,4708.91507658954,22.3970059686906,11.7805011068162,12.0422870149106,18.101916703966,26853.1997459551,19755.1509282087,209.853109726599,0
2610,2419,5.81245015999021,4769.80999616683,22.5148282829872,11.6913360466806,11.9495277647627,17.9644602227334,25825.6760384956,21025.9323413319,154.212261527559,0
2610,2420,5.80041564196652,2489.72219312802,23.0994305001647,18.2754800793246,18.9301818122497,28.1506237367781,26231.8281883833,27006.8273812494,252.602281392777,0
2611,2421,5.96078498616991,3706.28458616683,22.5148282829872,13.820897923678,14.1921632154263,21.2548886737238,25832.8232075136,21021.4239026606,123.042697166236,0
2611,2422,5.84597105047922,1721.96191112802,23.0994305001647,23.8729269514808,24.9354603475538,36.829814924397,26143.0478465679,26951.6724039729,219.374940886419,0
2612,2423,5.84422783172036,3881.52344216683,22.5148282829872,13.3990275149044,13.7468166471129,20.6027537411864,25823.4424946785,21001.9181575211,182.238300898226,0
2612,2424,5.90824392936057,1716.32325512802,23.0994305001647,23.9311030274157,24.9981471041662,36.9200964528184,26142.2735744037,26944.3730849616,215.515690604453,0
2613,2425,5.94753897367898,3906.96347216683,22.5148282829872,13.3405960992526,13.6851740254792,20.5124404529799,25785.3825137277,20935.4993432898,120.310586871785,0
2613,2426,6.02888012786322,1847.44403312802,23.0994305001647,22.6644205913647,23.6343997331178,34.9546954175728,26139.5171943207,26945.5174917478,243.757754756238,0
2614,2427,5.60790304071408,2662.46166313361,23.3654789306569,17.471861695644,18.0760566743844,26.9067886140216,32437.7112256418,26448.2591603422,-486.202188536725,0
2614,2428,5.72258560364216,2389.34971112802,23.0994305001647,18.8170718561198,19.5087074972325,28.9896939035736,26184.8436636381,26942.7626760979,226.85765938751,0
2614,2429,5.8871315696347,3031.69428416683,22.5148282829872,15.8465390980938,16.3372787292635,24.3880117510177,25779.7646986211,20918.9094624115,112.736220263055,0
2615,2430,5.66256033742975,2208.95677112802,23.0994305001647,19.903524752698,20.6710247504725,30.6733902432737,26148.3492874428,26955.6337771632,265.984035019295,0
2615,2431,5.4489876082385,2167.34426253841,23.3750803899623,20.2306668031018,21.0253444738808,31.1815637819427,32446.7952666724,26469.37613893,-548.654835493869,0
2616,2432,5.69772669835554,2418.02814751554,23.1188352549767,18.6614191948618,19.3426284970302,28.7485982423658,26157.4148240278,26972.4679131629,240.678972687716,0
2616,2433,5.28773403255738,2426.14976253841,23.3750803899623,18.660315453077,19.3447364397636,28.7477937682039,32412.9898904909,26452.8729418241,-456.604627628912,0
2617,2434,5.96108866164129,2043.51948512802,23.0994305001647,21.0545103919294,21.9048119924704,32.4577687704044,26175.3707056882,26961.8422412533,168.521133780382,0
2617,2435,5.33747570087708,3057.51999913361,23.3654789306569,15.8654900011785,16.3664333600688,24.4198264794783,32446.9439097041,26469.932378789,-458.738459678679,0
2617,2436,5.46337523916516,2372.41774092125,23.2984582628778,18.9470920112062,19.6502887071435,29.1918722162231,34120.0995171661,24213.3921829957,-442.935747688329,0
2618,2437,5.64373443807568,2316.09123512802,23.0994305001647,19.2394940590699,19.9603510413678,29.6442531911049,26159.6450953405,26932.1984731114,201.87858252927,0
2618,2438,5.29280900144623,2917.76502913361,23.3654789306569,16.3884861731193,16.9223799918366,25.2293385826312,32439.1553342611,26465.7318440509,-519.586640245514,0
2619,2439,5.41747274829611,3637.06399504822,23.3040297586556,14.0824634255861,14.4757287851084,21.6612730218237,31550.0629623042,30070.6304750384,-476.645260653554,0
2619,2440,5.99716961457426,2044.40052512802,23.0994305001647,21.0479251221515,21.89774620432,32.4475577111531,26137.5265717805,26955.7551972173,202.809300042103,0
2620,2441,5.46886336499115,4859.70061960089,23.246787526987,11.6065730379205,11.8657015302823,17.8349923862707,31529.972676891,30102.2123899476,-468.718504367366,0
2620,2442,5.89974696158973,1853.36284944779,23.1079361366112,22.6131506690701,23.5793898020855,34.8751966390372,26146.5248191818,26941.795976024,209.570927400704,0
2620,2443,5.86279251686707,2266.94755241958,22.5538825255044,19.4366962175505,20.1638475483763,29.9478011741838,35863.9051875386,23465.0511178061,285.43596097053,0
2621,2444,5.66290402933625,4020.67737447013,22.5457251474109,13.0904776450906,13.4216817334418,20.1259524773481,35855.1513577697,23470.1767725936,301.433968083869,0
2621,2445,6.4398987906315,8151.74137600775,23.0965382537947,8.33942595654135,8.45320005703513,12.7945623332155,32041.7081431211,31170.4228985786,680.840281917342,0
2621,2446,5.6318826925033,6658.53161548383,23.2201488118187,9.47410746443117,9.63409168517446,14.5439339630344,31582.1244196201,30084.8738381569,-541.694054429666,0
2621,2447,5.95599100000135,1946.62093344779,23.1079361366112,21.8142857895914,22.7206608749994,33.6360457363475,26152.4637012839,26936.106057687,212.538077775967,0
2622,2448,6.29547201696152,4080.47756200775,23.0965382537947,13.0145629844502,13.3461975441487,20.0098860764173,32034.6279401787,31187.8087381823,683.335068947764,0
2622,2449,5.90877455209981,4522.27779641958,22.5538825255044,12.1105678204876,12.390211455993,18.6120030887646,35841.839099917,23461.077691858,322.120542222551,0
2622,2450,5.71857580253673,2155.22917944779,23.1079361366112,20.2610444070745,21.0541257102329,31.2276158986625,26160.7254139866,26959.697545546,279.754020680349,0
2623,2451,5.58459618665018,4412.76551055794,23.0605474052185,12.3517641352591,12.6477294078939,18.9856513196318,27112.8085828992,24784.40683601,-144.841555147277,0
2623,2452,5.90336712355031,4611.63495447013,22.5457251474109,11.9551321813432,12.2268001120237,18.3719121943565,35842.4442273917,23482.132922635,298.403854349495,0
2623,2453,6.31445686249467,4102.04101600775,23.0965382537947,12.9688776025711,13.2980296958429,19.9392811629343,32050.8499495286,31194.6070295945,662.046153706765,0
2623,2454,5.47616959284797,1835.79854959811,23.1743391818068,22.7874788279827,23.7679926294181,35.145938706895,28157.2225795063,22008.7417449099,100.275619678474,0
2624,2455,5.58662968336799,4385.54137455794,23.0605474052185,12.4024439062159,12.7010665279685,19.063948444937,27112.6804792915,24779.9108897861,-139.335446841583,0
2624,2456,5.75661462449749,4124.40013241958,22.5538825255044,12.8711532007007,13.1906161888597,19.7870438940841,35838.2933296948,23460.5160952399,307.233029165288,0
2624,2457,6.41122320618566,3862.02369400775,23.0965382537947,13.5029171503496,13.86147289715,20.7647230851672,32056.681778301,31185.1640037692,685.236077712384,0
2624,2458,8.93757909053718,4592.22536527056,21.8891015945568,11.9332108466214,12.1988575746811,18.3366995430323,37146.841181412,16468.1465220559,-1240.87667980416,0
2624,2459,5.76066927446704,1617.78520159811,23.1743391818068,25.0290267140121,26.183442132434,38.6245522565077,28164.2226034582,22011.3642883713,82.1847440431449,0
2625,2460,5.71532906459196,4726.68006255794,23.0605474052185,11.8049333971166,12.0727415887412,18.1409726032159,27097.8353808417,24778.0083698513,-146.820228506202,0
2625,2461,5.72685930185598,4274.08650447013,22.5457251474109,12.5695546264296,12.8729500217152,19.321023126881,35818.5530399879,23465.662073712,315.81425723229,0
2625,2462,6.18703458405375,4405.41552597441,22.5574596248875,12.3216290693778,12.612170531457,18.9380335331075,31586.1641826117,15701.4503542863,471.794185939335,0
2625,2463,6.34600542455852,3710.79317800775,23.0965382537947,13.8709216177263,14.2502197927791,21.3336633052433,32054.0915060992,31210.8298496275,709.900155628946,0
2625,2464,8.96103040088333,5548.63833727056,21.8891015945568,10.5561148622525,10.75599200866,16.2109335815592,37177.24063099,16461.4025671464,-1234.46530341152,0
2625,2465,5.84801553893086,2062.33595959811,23.1743391818068,20.9302464881529,21.7725969947256,32.2653941149863,28160.6050076922,22028.291477805,121.497661525874,0
2626,2466,5.42520577849351,4449.08638455794,23.0605474052185,12.2850068298726,12.577483973948,18.8825187416226,27106.0619848204,24796.8678992874,-154.18819760599,0
2626,2467,6.46941600177398,3741.14500600775,23.0965382537947,13.7949308143964,14.1699142714759,21.2161717916646,32051.4149540298,31195.1313252237,685.538128885296,0
2626,2468,6.55611724480239,4221.91691997441,22.5574596248875,12.6733266650693,12.9822904070721,19.4813795500872,31565.0019629692,15684.2303064928,452.120329648855,0
2626,2469,8.97661373901624,5422.98000727056,21.8891015945568,10.7126119863666,10.9196387114298,16.4524227409536,37188.5625675175,16459.031503131,-1205.73187755879,0
2626,2470,5.36297890824336,4374.14087471371,22.713409720111,12.3934342668633,12.6889155542097,19.0492924834982,35593.7448084974,23658.8007194219,170.571833971126,0
2626,2471,5.58032715770651,2092.15832024573,23.1805067717139,20.7148909390941,21.5416910097782,31.9315111080436,28144.845975484,22042.4878633337,144.967834759021,0
2627,2472,5.80253481573115,6099.09573501348,22.4332415821989,9.97071301731896,10.1477937136272,15.3086965080729,35871.8500555354,25128.2063132914,279.158902739656,0
2627,2473,6.2385769436703,4154.11048000775,23.0965382537947,12.8603029848949,13.183580394042,19.7714903387798,32054.6675963007,31198.1667391409,698.405261791082,0
2627,2474,6.28705109683532,4338.61066797441,22.5574596248875,12.446614875209,12.7436594870954,19.1311151197655,31566.9786474691,15709.0687172834,462.364481458869,0
2627,2475,5.61071807740676,4798.85926455794,23.0605474052185,11.6881750261307,11.9500954571169,17.9606522597374,27130.4696887953,24797.6153797534,-149.18062636849,0
2627,2476,5.71811832358111,3109.36389559811,23.1743391818068,15.6579475193343,16.1440284476702,24.0980925806142,28156.785340743,22026.8817097452,51.4336346750374,0
2628,2477,5.86393474581908,5790.81983901348,22.4332415821989,10.3065741926049,10.4985560623915,15.8268391470569,35877.2506986536,25135.8467229179,256.743013624215,0
2628,2478,5.80958560199388,3079.41788800775,23.0965382537947,15.7527295606714,16.243855989914,24.2445445729202,32042.9853719354,31162.3371376381,706.801043192167,0
2628,2479,5.6353207742901,1619.92172359811,23.1743391818068,25.0043240103757,26.1567839455669,38.5862056607748,28136.0941897007,22011.2896159676,36.0094948331794,0
2629,2480,5.83458228176031,5776.61306901348,22.4332415821989,10.3228032677006,10.5155155499287,15.8518790516927,35876.7545927628,25127.221786012,281.208426488867,0
2629,2481,8.25474434173744,2582.76519280404,23.1281390166816,17.8125232398349,18.4364915779419,27.4336113034077,27564.2193515055,25993.3999220014,-1472.26042639405,0
2629,2482,5.61588211869108,2030.08989559811,23.1743391818068,21.1710646286762,22.031001399106,32.6388084487275,28161.4297140909,22025.3684801945,71.0841688449487,0
2630,2483,5.83620176372642,1992.91998363062,22.3811966434142,21.2888309008425,22.1453182054364,32.8180950574395,35883.1777217326,25136.2116015176,331.416941800604,0
2630,2484,5.56383756678508,1579.54985051638,23.3393850779916,25.527131377734,26.7241475140665,39.398649737852,28142.3195219829,22008.6181717674,122.393561803292,0
2630,2485,8.17633953332109,2748.84043183444,23.1571516707473,17.0542534705075,17.628637514485,26.2594358221131,27593.2658343312,26050.9398045635,-1284.39819753366,0
2631,2486,5.54287122421514,3722.48756388313,22.7678170305976,13.8070527777249,14.1798076818809,21.2341097391359,35567.5064871694,18920.7012261511,-40.3088380299986,0
2631,2487,5.31265639490485,1565.51928851638,23.3393850779916,25.6989191355501,26.909691091814,39.6653642017318,28145.9018862053,22043.6658853164,108.270100436277,0
2632,2488,5.67827576970591,5575.05037188313,22.7678170305976,10.5832700268639,10.7899234779943,16.2543674750236,35557.5032639055,18927.9163568977,-33.6431441077124,0
2632,2489,5.76816161816161,1641.48696251638,23.3393850779916,24.8018364905441,25.9412070838315,38.272692215751,28105.5331633328,22025.8604006355,95.869926458059,0
2633,2490,5.63254632034727,6234.61894188313,22.7678170305976,9.8520767800864,10.0258819322729,15.1262230111052,35560.5360977799,18915.4540239322,-46.7807262679997,0
2633,2491,5.73018755434225,1716.46889997545,23.343833683378,23.9908066183482,25.0666510222599,37.0139008220379,28109.0278277407,22033.7747772735,64.9180746725341,0
2634,2492,5.70244863779978,5419.94327988313,22.7678170305976,10.7776291764628,10.9933363173413,16.5543289512679,35560.1243810577,18922.6881003205,-59.0386359846718,0
2634,2493,5.76654294454228,1467.75130797545,23.343833683378,26.9829667217967,28.2978291138417,41.6593109212969,28147.8982717971,22023.2285950147,115.421246768646,0
2635,2494,5.60892304531299,2810.41292988313,22.7678170305976,16.7364185802939,17.2858365813353,25.7661188034954,35538.7496336614,18929.3325486553,-65.7702670906776,0
2635,2495,5.63426438461983,1290.76696451638,23.3393850779916,29.7681429337763,31.3151060048846,45.9860944355782,28163.8535842348,22026.5834215049,105.152906478703,0
2636,2496,5.67194985674473,1221.53924651637,23.3393850779916,31.0658135420505,32.7237176048259,48.0028284465509,28138.8350984414,21998.7412868504,102.504330928861,0
2637,2497,6.20345513653391,944.430140516375,23.3393850779916,38.0656315332998,40.3463866723651,58.8883861306647,28136.9013684221,22007.0134438468,157.530935140379,0
2638,2498,5.95479487860012,1122.68655851637,23.3393850779916,33.182412107706,35.0245937145706,51.2932248656262,28134.4159054805,22000.460784103,88.7357398930403,0
2640,2499,5.41433986158093,1368.2480477999,23.9603177873768,28.6642767916053,30.1306067038141,44.2743761551614,31925.6247577779,22338.4583196906,-183.64946405569,0
2641,2500,5.31924805582851,5514.0918977999,23.9603177873768,10.7385217895775,10.9597988497209,16.4960165027744,31948.8600219142,22337.0135873658,-175.077519340083,0
2642,2501,5.32349747879004,4824.9424097999,23.9603177873768,11.7166344022872,11.9862535095905,18.0063342235329,31950.8152366548,22323.9517867399,-187.030184656901,0
2643,2502,5.39937584733044,5118.3948077999,23.9603177873768,11.2717906486197,11.5190223224906,17.3193346497742,31952.8237625282,22325.3193598523,-164.39925538321,0
2644,2503,5.33451901522196,5617.3938377999,23.9603177873768,10.6102163253524,10.8253962712663,16.2979650797276,31960.7458397173,22328.8659787888,-158.897786073538,0
2645,2504,5.48099137006265,5779.3730417999,23.9603177873768,10.4171497243879,10.6232652901972,15.9999790107585,31944.1023363105,22324.7399561023,-174.949530649636,0
2646,2505,5.37470312935101,4379.4004817999,23.9603177873768,12.4918382795109,12.8020059414639,19.2039494953936,31934.919467622,22326.0254716366,-191.993906633792,0
2647,2506,5.37439451134894,5322.3335417999,23.9603177873768,10.988240887903,11.221549979636,16.8815264491622,31952.4835164801,22327.0681406635,-172.687298250243,0
2648,2507,5.28494099370427,4074.7809017999,23.9603177873768,13.1077337346671,13.4514490940513,20.1558132308487,31960.6920416674,22325.617274294,-157.208852261841,0
2649,2508,5.23865742539387,4764.0625457999,23.9603177873768,11.8149640249303,12.089619809188,18.1582148226462,31951.9020617828,22332.8422152394,-198.735724507998,0
2650,2509,5.43154083194722,4572.07498364792,23.8053615948475,12.1274673094769,12.4172209688533,18.6406580668448,31962.1306885926,22327.1516365567,-193.806867446141,0
2651,2510,5.56035444237649,4688.43834164791,23.8053615948475,11.9278942798558,12.207281502359,18.3323568486955,31938.2538898451,22330.3559258191,-186.821770228702,0
2651,2511,11.6078434924384,987.418929759084,23.3249805762546,36.7262950595895,38.8847284368777,56.8046525794603,31648.5954153396,25426.2680382598,389.011237131601,0
2652,2512,5.48905973052029,4336.88135564792,23.8053615948475,12.5596933401548,12.8723294510911,19.3084806267347,31954.8876145148,22326.3428571648,-176.847827653821,0
2653,2513,5.33783544126677,4703.23981364792,23.8053615948475,11.9031360551449,12.1812461671361,18.2941126818371,31952.4125438081,22327.7038528451,-161.391894143702,0
2654,2514,5.41190224871603,2787.15402164791,23.8053615948475,16.983341232262,17.5604702291755,26.1516619161498,31965.392424593,22316.170568544,-158.268817528175,0
2655,2515,5.26473010875465,4803.65281299706,23.0929321288456,11.6830767066865,11.9449691736044,17.9528417489988,30377.106279268,31217.8554453273,-280.690441544862,0
2655,2516,5.3082355049927,2978.5062924586,23.803940998223,16.2141511830079,16.7416613614913,24.9607637165339,31965.0814411301,22335.3303866671,-187.089369712763,0
2656,2517,5.40096608843931,4672.99458099706,23.0929321288456,11.8964639797517,12.1691525251311,18.2824044573964,30364.0395434994,31199.1257637058,-263.999321351023,0
2656,2518,5.46244597320975,2116.59447764791,23.8053615948475,20.6644037718266,21.496492703478,31.8557001540244,31937.5279695469,22339.4563846112,-180.465007838351,0
2657,2519,5.37176929130535,3870.93981699706,23.0929321288456,13.4816633922615,13.839002209316,20.7318592149958,30371.8367433481,31211.8264579824,-274.002217044252,0
2657,2520,5.45709304895179,2383.59364964791,23.8053615948475,18.9706994386754,19.6820838929849,29.2302587899847,31944.9524273887,22338.9553354435,-182.636188730941,0
2657,2521,8.4750761957609,3127.14908492931,21.8529452283108,15.426884711196,15.8850143584428,23.7367550874704,37234.3793758371,18586.6515094815,-1516.66463367671,0
2658,2522,5.49521512266759,4572.97804964792,23.8053615948475,12.1258838666964,12.4155547770003,18.6382118211697,31957.3494033651,22335.559858965,-186.794886965307,0
2658,2523,5.54510998787229,4687.24540299706,23.0929321288456,11.8726798908688,12.1441578069412,18.2456694866382,30373.1035332221,31193.3365057232,-297.089825825609,0
2659,2524,5.49024922680063,4659.29794364791,23.8053615948475,11.9770436424132,12.2589719970108,18.4082797415961,31941.1892349735,22316.9675157484,-202.651295931748,0
2659,2525,5.44989248281402,3248.17669299706,23.0929321288456,15.1849429442963,15.6413143376842,23.3659837107977,30370.4281222793,31211.329648271,-270.062287108632,0
2660,2526,5.32436155118192,4518.52036583096,23.642911613405,12.2088412912947,12.5016702349088,18.7660470249722,31953.7549611472,22336.1017632675,-185.548886086996,0
2661,2527,5.30732771600201,3562.30562783096,23.642911613405,14.3190955228493,14.7291724970564,22.0280664260713,31950.4812508532,22327.6041845783,-182.805034227305,0
2662,2528,5.4027361480083,3237.55428383096,23.642911613405,15.286038751973,15.7540143394943,23.5239057485994,31957.2564111253,22323.30424603,-166.273055338127,0
2662,2529,8.30258431627671,3903.29126222887,21.5141017406124,13.2479572327614,13.5787723169104,20.3668629189062,35403.3655398655,13917.6975565855,-1488.10221750155,0
2663,2530,5.40625681434428,3983.28856583096,23.642911613405,13.2786387637147,13.6292735232417,20.4192868380117,31959.5811823446,22335.3361951025,-158.913798025228,0
2663,2531,8.20586157052011,4603.98237422887,21.5141017406124,11.8816014186078,12.141828360373,18.2562162477357,35449.2154145326,13917.8165872603,-1471.20554986942,0
2664,2532,5.36392505902808,5292.26849548832,23.6392305312481,11.0064419865866,11.2386047736852,16.9090657331656,31947.3301416225,22337.4192738004,-183.68860532421,0
2665,2533,5.47416159439807,6795.71920348832,23.6392305312481,9.3748529476715,9.53277977798936,14.3914603476754,31957.5821757777,22334.3691233797,-157.067170829574,0
2666,2534,5.42004430816531,5336.47467748832,23.6392305312481,10.9471037454884,11.1763992793434,16.8174586300154,31938.6347073988,22345.0723912837,-181.717432455263,0
2667,2535,5.46365620679784,5260.92549748832,23.6392305312481,11.0490443713628,11.2832731982493,16.9748378626844,31945.8552352592,22341.1518240142,-178.024500566312,0
2668,2536,5.58147358222247,4704.10821748832,23.6392305312481,11.8884581098974,12.1646402422913,18.2711163348752,31932.876111485,22335.2101701203,-151.543028146979,0
2669,2537,5.50003896069124,4654.72592548832,23.6392305312481,11.9714178316168,12.25187199165,18.3992626764797,31960.0919724113,22346.0583606268,-177.28927715931,0
2670,2538,5.6235474631757,3905.22410661149,23.6478098259113,13.4568532764838,13.8174914288307,20.6947977319051,31954.942907078,22341.5720626961,-165.423935751179,0
2671,2539,5.52775953678629,4217.31050061149,23.6478098259113,12.7816144084672,13.1049984463239,19.6510892450559,31948.203731314,22341.4803848275,-163.495690331898,0
2672,2540,5.54144286267272,5468.57380631098,23.654350493405,10.7758368855726,10.9970185093499,16.5530993037547,31958.3478809733,22318.5225235386,-188.063791749614,0
2673,2541,5.42269071431888,3600.08620031098,23.654350493405,14.2180696192465,14.6223446471761,21.8718495902932,31972.5300318955,22326.3642707992,-179.089004073001,0
2674,2542,5.30755556245644,1868.99678231097,23.654350493405,22.5979541804012,23.5717239434488,34.8540175671215,31959.4924019928,22343.9850818334,-166.860947409043,0
2675,2543,6.97166373415958,3538.86119396075,22.0335190134802,14.2046788859639,14.5931949996362,21.8470116523373,24290.0511761105,20539.9556854918,832.415417820607,0
2675,2544,5.4773340690843,1885.53830831097,23.654350493405,22.4518866884674,23.4145759589261,34.6274088539432,31951.5650594761,22327.7985258894,-218.023282036549,0
2675,2545,7.02031252208734,2960.53756683909,22.1687117504421,16.0609234380412,16.5611042281716,24.7187236681184,24284.1947120759,20537.9832026496,840.991960380522,0
2676,2546,6.34359001159568,4076.49382796075,22.0335190134802,12.9217771442464,13.2396282946181,19.8640775198532,24304.9473599691,20556.1210331715,827.000728516562,0
2676,2547,5.32654600555523,2487.09039431097,23.654350493405,18.3801465690584,19.0488946728986,28.3146831498894,31953.1027173335,22331.0394221963,-190.50551989395,0
2677,2548,5.50768934380159,3239.37812661149,23.6478098259113,15.280714954939,15.7484133814964,23.5156814270913,31951.3207950068,22349.2740586442,-133.119125038886,0
2677,2549,6.67391180560106,4727.82467396075,22.0335190134802,11.7201259973899,11.9762479345793,18.0079503971788,24301.9437387071,20575.3139614422,839.323382834667,0
2678,2550,5.50924102865535,3157.17709461149,23.6478098259113,15.5535480614453,16.0380203032918,23.9378680378934,31954.1185430965,22347.6919126858,-200.144286141737,0
2678,2551,6.87082129278522,3411.30862796075,22.0335190134802,14.5616649536668,14.9706654977251,22.3990167146212,24294.3469807588,20537.6423100197,867.491938170711,0
2679,2552,5.36233055265443,3189.38940431097,23.654350493405,15.4459236351717,15.9238219670768,23.7713399859678,31948.7678987652,22333.6188774461,-178.108314402179,0
2681,2553,5.22067238416581,1521.58570131955,23.4718255856725,26.2940473290816,27.5552280366486,40.5901129527481,31941.8967207175,22338.5837846982,-191.382684586519,0
2682,2554,5.48484786566787,3269.41989000085,23.5584414089251,15.1733801173261,15.63365674019,23.3493629292448,31963.9972244463,22334.6665171118,-165.645501065466,0
2683,2555,5.51431614149781,3034.60237104141,23.5515450273671,15.9725886817736,16.4821806001059,24.586121279711,31948.3795409716,22340.9240154086,-159.686009766772,0
2684,2556,5.4299373667269,2868.34845600085,23.5584414089251,16.6113482727411,17.1616118866363,25.5749338044725,31959.5149977857,22334.1752043947,-141.693006897695,0
2685,2557,9.44098678651005,2387.69555807157,22.1650766364132,18.6639963931577,19.3328485182184,28.749138537574,31725.5256419203,15261.7717887158,-1207.31059772705,0
2702,2558,5.7373086738462,3536.29592381839,22.0112799007839,14.209123334105,14.5976803768436,21.853825052508,36193.4960101864,20897.0005675465,272.204787085073,0
2703,2559,5.61390515678626,4565.24051381839,22.0112799007839,11.9897268611092,12.2591352299806,18.4242340880772,36177.2001471152,20884.8489224711,295.486240595168,0
2704,2560,6.32821480180339,2097.66773381839,22.0112799007839,20.4400612181464,21.2298848503307,31.5006988259254,36143.4597741601,20895.6730625261,182.597863222242,0
2705,2561,5.31981967638406,3761.92558094212,22.9206916783329,13.7253426437946,14.094846027305,21.108158015045,33337.6749996048,20993.820508184,-378.945544723843,0
2706,2562,5.33549744825401,3317.83170798404,22.8904760576576,14.9418909726022,15.3816659532927,22.9894249761004,33439.8133094381,20982.5103076906,-357.498912803074,0
2707,2563,5.42691982882918,3617.88143940758,22.8574420951869,14.0847653917976,14.4741187337972,21.6637178001188,33625.2338368436,20995.7929453756,-360.926629983007,0
2708,2564,5.41002380960947,3475.61550540758,22.8574420951869,14.472795386892,14.8845822619321,22.2637718347549,33635.2875863834,21001.1954342548,-382.793592863886,0
2709,2565,5.14765905786451,3251.61108540758,22.8574420951869,15.1452358768368,15.5968565146668,23.3039039537954,33630.3042756139,21012.580480608,-377.80559635873,0
2710,2566,5.44794045478426,3621.98045396106,22.6498356404545,14.0514834487544,14.4370348696017,21.6117325557764,33628.3520737252,20999.7454878797,-347.117480373527,0
2710,2567,5.85308848548329,1589.38130753647,22.7765710584994,25.2541919375294,26.4192425551271,38.9720941389513,28364.9495720939,25175.9127574816,3.74331568895148,0
2711,2568,5.20773320372336,3632.88332396106,22.6498356404545,14.0230068039018,14.4069358927179,21.5677025250594,33623.3292075845,21007.5061638918,-353.623715769707,0
2711,2569,5.59783067359516,3179.54837753647,22.7765710584994,15.3694991397924,15.8338384180456,23.6506384616786,28385.0712094239,25158.4850572458,-21.4333247054839,0
2711,2570,6.80637309266072,3463.7818796924,21.8479498191466,14.3905087004225,14.787840683147,22.1338498437762,34365.7970370609,31975.5323921009,955.542845134847,0
2712,2571,6.93347834518479,3634.19288778648,21.916385217666,13.9397490709891,14.3121985054253,21.4371137372607,34376.2463860075,32007.5686171309,955.878682514985,0
2712,2572,8.80755858533685,3027.25867094852,22.5601998327496,15.8685711181915,16.3611578665961,24.422240164425,34103.5137416827,20443.689894029,1044.79514979713,0
2716,2573,5.23266193423002,3395.88324061031,22.2442440976089,14.631278735315,15.0463920056284,22.5072437403291,32612.780128083,16774.0570276763,-343.211927954756,0
2717,2574,5.39397259196548,3147.93529173249,22.6682201180259,15.4615068448601,15.9303121784472,23.7926848204351,33685.8947346766,21822.1412584558,-436.054676017864,0
2717,2575,5.31657951283237,2945.92005079866,22.215204153015,16.1222695576484,16.6267658496179,24.8138015135583,32617.6133094465,16754.1820207889,-382.790979938586,0
2718,2576,5.58566776713939,1774.26608188157,21.672068639559,23.0009193962039,23.972345962184,35.4700932210822,33723.2063059778,14281.2848128207,40.2716109980999,0
2719,2577,5.68881335295835,4400.16174988157,21.672068639559,12.2532956479929,12.5334093355434,18.8305727048247,33687.2243152576,14277.9394068826,-22.6059649018066,0
2719,2578,5.11493859416765,2826.24948161291,22.7826504182353,16.6732242169068,17.2187746292614,25.6683356994728,32433.7548870612,23776.2213047494,-689.050530455534,0
2720,2579,5.90816009868365,4936.27463942118,22.2785478438184,11.4141872962045,11.6570543406104,17.5360612608239,30685.8977169135,18588.8387560116,112.687751241825,0
2720,2580,5.53408286903066,3458.86448518552,22.6160071109147,14.4927931926314,14.9034482437891,22.2940660871425,32398.0337959538,23740.9811074384,-709.847134074087,0
2721,2581,5.80098354211371,2744.51143142118,22.2785478438184,16.9428286726465,17.499758622868,26.0840948139183,30690.4668927383,18587.7798915182,92.2246523369853,0
2722,2582,6.04269119336746,3728.04145117572,22.2624929719293,13.7399486943684,14.1044011308474,21.1291194991785,33405.0534020179,31963.8632362795,290.899996768937,0
2722,2583,6.03304044479689,2734.64378342118,22.2785478438184,16.9853856197429,17.5450413258377,26.1499782209091,30684.1087883694,18575.5327972484,76.515473391098,0
2723,2584,5.97027825884599,3621.30345517572,22.2624929719293,14.0110445349,14.390727597993,21.5482240028532,33380.948077508,31939.8301815697,321.632677207302,0
2723,2585,5.86075414314332,2866.33723742118,22.2785478438184,16.4394094001687,16.9644146549095,25.3048274319887,30695.0722620979,18581.8323911277,86.4343137652838,0
2723,2586,6.5542632635245,2543.46765386893,22.5260462796792,17.9091426218216,18.5320913971506,27.5812047065942,23154.8336757596,23270.1264684267,870.642905529759,0
2724,2587,5.86576629276842,2908.07650742118,22.2785478438184,16.2757520486727,16.7905075644192,25.0515295825006,30697.2774308606,18600.3032332042,103.075942246149,0
2724,2588,5.89398461028679,3394.69996717572,22.2624929719293,14.6368856715862,15.0525047821748,22.5159644388258,33380.802514206,31950.6721700428,270.898955531627,0
2724,2589,6.6459806910033,2860.818757872,22.5567798074773,16.5009214145125,17.0329642808467,25.4009089004896,23154.0837180208,23284.8186255575,888.764653414407,0
2725,2590,5.95687532759187,3423.68618317572,22.2624929719293,14.5526940381687,14.9634169695078,22.3857616581428,33381.4608702307,31954.9893903503,275.050019410426,0
2725,2591,6.36188546529602,3650.97978643489,22.2185001708147,13.9294823203972,14.3041563385886,21.4220141095796,30333.4909803694,18475.3827988237,385.625148052748,0
2725,2592,6.61628538759328,2707.80363986893,22.5260462796792,17.1400093776175,17.712561439724,26.3901791609727,23169.1269991668,23249.8459908396,879.086339757941,0
2726,2593,6.06398230548847,3344.57610043489,22.2185001708147,14.7802999834817,15.2038649960849,22.7376466364611,30281.6534313734,18422.4403413998,386.20808925098,0
2726,2594,6.64556844496801,2908.21821386893,22.5260462796792,16.3097485228756,16.8294070487572,25.1049110872109,23153.4584927528,23277.794408334,877.968455117936,0
2726,2595,5.98818180695099,1541.45435317572,22.2624929719293,25.6935101298892,26.883781015521,39.6514163816148,33407.8651128363,31995.6094157994,258.572986039475,0
2727,2596,6.07255007747126,3572.76546043489,22.2185001708147,14.1342194887678,14.5204775846673,21.7385528185815,30262.1047376643,18426.9472539597,378.84180339489,0
2727,2597,6.33885481804603,2762.22988586893,22.5260462796792,16.9037176827262,17.4610533551012,26.0243478800569,23156.8354671625,23271.1605637648,886.883649678659,0
2728,2598,6.1842180318851,4116.56537443489,22.2185001708147,12.8557366606084,13.1716161950479,19.7624606111592,30270.5755907408,18413.1679702203,357.652072524538,0
2729,2599,6.07987433408909,3487.76712643489,22.2185001708147,14.3660127916851,14.7655253990381,22.0969605371649,30265.1011828507,18432.2150396027,392.166466222159,0
2730,2600,6.07966309858933,2337.03545200401,22.1572621451642,18.9484971991311,19.6365712968054,29.1898566490878,30262.2347536351,18414.1236647908,398.971281967268,0
2731,2601,6.03362906930924,2563.06632217965,21.8187929035679,17.6984136783346,18.298549200324,27.25240433557,32111.1957392439,15364.1171296344,341.170600461416,0
2732,2602,5.98594680666452,3171.33546880027,21.858632509063,15.2804069400101,15.7298409180286,23.5101779736165,32137.9562128705,15383.8374271997,357.066607859165,0
2733,2603,6.13091182978694,3168.97955617965,21.8187929035679,15.2830660845863,15.7322378520954,23.5141754887461,32129.801196112,15344.662954432,308.171748149353,0
2733,2604,7.48204932497538,1846.1414824493,22.8912118603433,22.6280081378458,23.591868556555,34.8972789283399,25462.0677156437,24755.6756981195,1245.40022983492,0
2734,2605,5.97997697741174,2795.15341480027,21.858632509063,16.6670896439312,17.2015503534096,25.6558923579086,32143.5690207222,15397.4359369111,332.961451815696,0
2734,2606,7.20161865903628,1950.33433262882,22.9127690980151,21.741543569107,22.6395036432174,33.5223950013974,25441.1995416376,24769.2480457737,1218.40769419688,0
2735,2607,6.20948346580407,2977.44146017965,21.8187929035679,15.9501216787463,16.4395874941204,24.5461920051443,32132.7544755872,15362.4215146361,317.914948898124,0
2735,2608,7.88495555199732,3187.0398074635,22.5668865281196,15.3184306921654,15.7775263006296,23.5710345651456,24497.1002899664,23005.6457176752,-1459.88630026483,0
2735,2609,7.85638758646414,3258.7569664493,22.8912118603433,15.1266164174855,15.5774563536292,23.2751921537462,25439.7914475781,24740.5320733071,1227.52112759725,0
2736,2610,8.46428941215922,5774.5710446658,22.6036626889513,10.3361578278844,10.5305044848089,15.8727697107235,24511.5201152001,23057.9273119306,-1416.47323538281,0
2736,2611,5.48298920591936,5402.72838696445,22.706680090058,10.7955618448379,11.0117202985227,16.5818988945683,25440.0488472482,23458.910603289,-546.351660961714,0
2736,2612,5.9648301033611,5368.72848136809,22.8504570860881,10.8497247636801,11.0693543074767,16.6657525114108,24591.9657250643,24407.3812674977,-93.8929359031383,0
2737,2613,8.21796066795184,6550.5029726658,22.6036626889513,9.53848748349161,9.69792812574155,14.6423137866811,24490.6179345781,23074.7169493095,-1405.72223513645,0
2737,2614,7.36657987409149,5537.54045673616,22.8373750506147,10.6340867103876,10.8435287502457,16.3329112579386,25093.5397681714,23840.7374691446,1201.63374039469,0
2737,2615,4.78466785612326,6238.51319536809,22.8504570860881,9.85303888800112,10.0273492166238,15.1278352890913,24380.3272487354,24245.2544731395,249.188914375535,0
2738,2616,7.55530654022629,7757.31081494154,22.8332389275116,8.58865841161434,8.71078514588522,13.1783140386838,24905.6316265868,24125.3518812975,-209.634891116773,0
2738,2617,5.09612915760285,7245.38923641538,22.5786207985373,8.95041330258133,9.08554779433386,13.7355648421498,24830.1208743039,23218.2631716744,231.270743426556,0
2739,2618,5.81759257824169,14305.0125101865,22.616397403094,5.92203789783732,5.95652017695414,9.07289070254079,24759.0356414524,23138.9586804692,160.95329172406,0
2740,2619,5.80376072599822,14890.5029038265,22.6590010635099,5.78471888177785,5.81579934239077,8.86178776782021,24727.9771071291,23132.4848770177,133.114693798597,0
2741,2620,5.85548329248682,14976.3161998265,22.6590010635099,5.76520532006569,5.79579479592277,8.83178712398665,24710.9695199601,23131.8721019486,157.601849812006,0
2741,2621,6.06062452934889,2698.89429873078,23.1579366469811,17.2747775921391,17.8635617773185,26.6009102913232,24076.9585915406,26458.0067366898,-148.92848922475,0
2742,2622,5.89640196645784,9962.78010582653,22.6590010635099,7.3560468846983,7.43314197143992,11.2793840646219,24702.7428074417,23127.7550305862,185.92711424423,0
2743,2623,5.79149652328594,2920.52710175924,22.8476830034637,16.306606063815,16.8296388744784,25.1010310309651,24250.6535888782,23989.2802602019,307.726307146371,0
2744,2624,5.65587055276458,1884.74596315641,22.4906039030273,22.1961830759668,23.1211988273116,34.2256686009451,29162.6522105591,23342.7892333404,-94.3031454937562,0
2745,2625,7.1342843651876,2272.19052805628,22.5965997338222,19.412521814469,20.1385826918233,29.9105023136995,29107.6346290864,24353.4370236417,141.422316502257,0
2745,2626,5.54004292893611,1752.58922730441,22.6566271419185,23.4541700244342,24.4769063050165,36.1779369168171,29126.3699418281,25339.6356311429,-210.413346955335,0
2746,2627,5.40479370533,3327.50983071335,22.6792690239362,14.8870331828513,15.3214624438216,22.9039933037584,29128.6912930544,25352.111950513,-199.105153704599,0
2747,2628,5.73250169249374,3306.46256108851,22.7042099426771,14.9546083871094,15.3932982296753,23.0085897101041,28817.1902069907,25493.2169036979,21.3429414715543,0
2748,2629,6.09330713655084,3133.98763491469,23.0437188051812,15.5565326605141,16.0350255571746,23.9407887744314,26785.3571823019,26839.2338462227,259.631419975951,0
2749,2630,5.89020882359608,4176.52226691469,23.0437188051812,12.8094562263112,13.1295728950195,19.6927989219561,26771.5362768601,26839.6077376595,312.459450083622,0
2750,2631,5.77953240731022,2917.86053259454,23.128124797147,16.3555595818362,16.884769493389,25.1776549170079,26656.1257743546,26946.1968638329,346.522767797457,0
2750,2632,5.94383992980472,2480.41995324623,22.8598178639018,18.2843292150325,18.9365986291819,28.1634971720209,24035.3533811078,23993.9490770787,278.151467999125,0
2751,2633,5.85296554675555,2913.85180059454,23.128124797147,16.3711804801657,16.9013803454356,25.2018350907869,26666.2936393479,26947.3169783327,255.750853384082,0
2751,2634,5.79033125205365,2371.36922724623,22.8598178639018,18.8768049534485,19.5694017065911,29.0813789963257,24028.800285603,24004.2023553109,302.229341556501,0
2752,2635,5.91717109927848,3083.03781782541,22.8737535040376,15.7111332580315,16.197355541677,24.1795312855955,24099.6425009716,24048.291126271,333.213569241607,0
2752,2636,5.82216963124989,2620.97207859454,23.128124797147,17.6292884832617,18.2410772167501,27.1498190817607,26686.8970638664,26956.3422551554,278.225266224407,0
2753,2637,6.4850629688911,3253.1554518097,22.6876545533423,15.1195539920876,15.5679254320461,23.263703129037,23062.2208415194,23867.4131618643,474.832542186309,0
2754,2638,6.10507806485184,3551.45356980969,22.6876545533423,14.2436641661628,14.6405758466585,21.9089919737846,23039.3603368287,23900.5452231452,504.587743786468,0
2755,2639,6.67095784411499,4958.09043620249,21.7231421517915,11.3385482942177,11.5738407417181,17.41820564498,36438.2973404083,23243.4605874517,842.223921231574,0
2755,2640,6.00691114401247,3496.23438780969,22.6876545533423,14.3956572955214,14.8013512798261,22.1440345175282,23035.5904714018,23864.5790093051,476.855701229061,0
2756,2641,6.61249102847114,4758.22651220249,21.7231421517915,11.6460063504466,11.8961972856527,17.8928746482751,36436.2358379884,23246.5122280968,796.812730497265,0
2756,2642,6.04359262397856,3425.24458980969,22.6876545533423,14.5975086804001,15.0149626799221,22.4562045316571,23021.3653563547,23888.0412629465,491.012009439346,0
2757,2643,5.77648454408943,3562.42251780969,22.6876545533423,14.2139751065993,14.6091787024708,21.8630827613785,23038.7508871827,23869.1668005699,481.895417084869,0
2758,2644,6.36287301521552,1815.55177830705,22.752787545301,22.8749584289742,23.8552156191447,35.2797518242274,23053.6757863373,23894.2756254486,520.881449521724,0
2771,2645,5.34208793268023,3909.34445737177,22.1626111600366,13.2998629051776,13.6391701674435,20.4486456991687,33772.4099586534,17016.3881199508,-422.735591586954,0
2772,2646,5.18166974562348,4150.52915737177,22.1626111600366,12.7805884040825,13.0920206003381,19.6462213792564,33764.1450088464,17013.4684097296,-351.132330001302,0
2779,2647,5.41608059794505,2726.43709738244,22.4318918194862,17.0440298516345,17.6092717089358,26.2412707625314,31825.0173632401,20428.8122288866,-384.540728567726,0
2784,2648,5.82728301895398,3667.36609245427,22.3901027202746,13.9060646363985,14.2809938400605,21.3862443077411,23283.6648765593,22593.8529991818,359.245137879139,0
2785,2649,5.82320789599441,3114.43285601073,22.162523779927,15.5102138912336,15.9766589892327,23.8665797383771,34069.9095670731,28494.1719185808,88.5626275562338,0
2786,2650,5.99414343013939,4536.78383201072,22.162523779927,12.0518818444702,12.3255761613293,18.5205435914899,34087.7726860328,28504.3438148851,68.667511133822,0
2787,2651,5.77803589442231,6302.36596601073,22.162523779927,9.74903382877137,9.91498521198798,14.9663468839756,34136.4422904172,28508.0845809035,65.0487916809024,0
2787,2652,5.29515545924098,4412.95126944653,20.7947533333485,12.1516629043382,12.4196439170415,18.6716768656957,37008.8299858546,29452.115148201,891.20470203517,0
2788,2653,9.48019376055716,3838.88136500293,21.7394363068117,13.4189183263957,13.7609804785852,20.6316164480388,31827.802055457,14960.6834568232,-1201.3535115883,0
2788,2654,5.28539741470803,2493.33534235564,21.8358644262732,18.047105253541,18.6703622654926,27.7924389556278,32867.1761485671,14894.2012978356,688.224674159689,0
2788,2655,5.57688002362877,4690.2250219843,22.1991923051781,11.7950317520112,12.0560925109082,18.123955015108,34132.8133943301,28569.8500696875,81.009194682997,0
2789,2656,5.73425924771609,4994.04429882207,22.0149308106416,11.3079639553635,11.5438437298481,17.3715599078179,34812.2417349704,26583.9266920154,-42.1482841113928,0
2789,2657,5.65848535792507,1934.85081473066,23.3785018340668,21.9702640618264,22.8924357478625,33.8791229322261,26729.0306228952,26466.6760319786,-25.3136904816951,0
2789,2658,8.3446273568909,3298.05802007188,21.7541090873492,14.8651645783802,15.2890099250454,22.867607247579,31858.2167241476,14915.6405865634,-1254.31487953222,0
2790,2659,5.80430015997609,4923.26145570679,21.9935128808028,11.4116640278888,11.6523977621652,17.531610010343,34837.0614537711,26558.7975566223,-70.2753942755168,0
2790,2660,7.17705504051657,2679.5391068035,21.6838068345025,17.1365830994752,17.6987309028382,26.3820696919246,32020.6683951577,14732.3858903706,1003.55527765645,0
2790,2661,5.83434701517052,1650.31015537506,23.547939613567,24.7571185060986,25.8965976984072,38.2042840368955,26709.4220116101,26451.3615013073,3.66189531734381,0
2791,2662,5.67544068306496,3940.76969970679,21.9935128808028,13.2121352714173,13.5452175177425,20.3126639580263,34807.577165929,26575.6320989062,-80.6532938355503,0
2791,2663,6.26131343406041,5554.0929021468,21.7483589676902,10.5398444950872,10.738084416896,16.1855796510246,35106.0902194007,30323.3305420321,604.580037669209,0
2791,2664,7.23024285155587,3360.23376411642,21.8361469327476,14.6878066357157,15.102155965157,22.5935478408489,31561.6698062982,15676.6949565849,867.391751574319,0
2791,2665,5.6022536805993,2006.16221137506,23.547939613567,21.4325761286803,22.3173261756582,33.045886869442,26707.7288517401,26473.8968666641,22.6336815309355,0
2792,2666,5.46378873288132,3865.44077970679,21.9935128808028,13.3833323609955,13.7257092538528,20.5772399828307,34835.8364768659,26599.8913655618,-91.1899384226776,0
2792,2667,6.75938434576991,3287.17352211642,21.8361469327476,14.9086674599586,15.3358969753714,22.9351200694961,31561.0577352365,15689.4131426935,903.618773875693,0
2792,2668,6.09566793713937,4188.3329693889,21.8430447535044,12.6742051545287,12.977410704689,19.4811349096955,35009.4613614904,30117.1969185173,519.550622484519,0
2792,2669,5.65154891560368,2295.31953937506,23.547939613567,19.4443720693421,20.1855523547038,29.9634145233666,26725.3319130752,26477.2379277659,7.02599429790287,0
2793,2670,7.10372466736025,4178.54371611642,21.8361469327476,12.693187526951,12.9973295452293,19.5104452664388,31558.9102417673,15697.5805249795,876.018412258035,0
2793,2671,5.69934178903987,3764.56169970679,21.9935128808028,13.6221302048423,13.9776136799646,20.946328193985,34775.021387981,26533.8619859816,-91.2304426639724,0
2793,2672,5.81198011940995,2341.35387937506,23.547939613567,19.1698842071839,19.89182469018,29.5380153515962,26698.3576336201,26471.2927542725,19.9396185432322,0
2794,2673,5.38910232258312,3765.02487599646,22.0330616857049,13.6251649709738,13.9811727060245,20.9511174010436,34653.999871154,26272.6895674653,-140.289032778938,0
2794,2674,7.05151611494059,3932.68950411642,21.8361469327476,13.2144381998327,13.5462777464647,20.3158456925699,31574.0012377399,15689.8868801293,890.760486167301,0
2794,2675,5.80712354301246,2108.07651337506,23.547939613567,20.6742731248024,21.5034212608752,31.8699940689128,26720.4351121851,26470.3536857017,-19.5106933131348,0
2795,2676,6.90949938529404,3795.05966867181,21.8074248336366,13.5293178172291,13.8780182671534,20.8024107001043,31578.6525722994,15671.4306184069,856.309113456744,0
2795,2677,5.75690595090622,1809.05153737506,23.547939613567,23.1231839577481,24.135355874013,35.6684607423077,26697.0640661326,26466.1910674705,-13.3422796416278,0
2796,2678,6.58454424208266,3683.78431667181,21.8074248336366,13.8016487069195,14.165378029204,21.2233503016024,31571.0665869355,15654.9044419895,811.150977595782,0
2796,2679,5.50429800374199,2295.58385137506,23.547939613567,19.4427671305381,20.1838344923117,29.9609270829762,26718.9507707363,26454.1722582943,-29.7734134601341,0
2797,2680,5.36924984706287,3034.41014986016,22.3553175558456,15.815555882695,16.3026681267665,24.3395932820243,32532.9029845662,22633.0365308272,-329.61015294777,0
2797,2681,5.80429078641482,2226.51031537506,23.547939613567,19.8741244151835,20.645720433208,30.6295226204879,26714.4884672716,26477.7014069217,-1.56561486127626,0
2797,2682,8.99370822373273,4389.50975114047,21.7992474008894,12.2841436319913,12.5668351316612,18.8784962104044,30657.10328061,15994.5299493342,-1314.39491124961,0
2798,2683,5.48878978946402,5917.75072981862,21.9832624112732,10.136138482389,10.3178253732522,15.5631468707042,34731.3531719108,18185.9697095107,-185.531246250255,0
2798,2684,9.07819011976661,4829.36897114046,21.7992474008894,11.5400860450737,11.785662034472,17.7294927420582,30646.2528822088,16054.3204287676,-1227.28942786424,0
2798,2685,5.7184199916432,2117.00866792172,23.5460441845639,20.6106705578294,21.4351742164429,31.7713716089905,26742.0300005005,26494.1148239533,-1.86332939588181,0
2798,2686,5.31828204587236,3497.79313786016,22.3553175558456,14.3536932918021,14.7538060937727,22.0782712750791,32533.2860511873,22624.8695148044,-363.507870931059,0
2799,2687,5.37249540087099,5058.12000181862,21.9832624112732,11.2124225700192,11.4435031458647,17.2240113884429,34714.8676610434,18185.3439403469,-178.56469439394,0
2799,2688,9.22925147305905,3705.20598314047,21.7992474008894,13.7472104157606,14.107843436518,21.1391801298398,30671.4412596424,16058.0165748484,-1284.21274430902,0
2799,2689,5.56439154727248,1800.45876285394,23.5641590177812,23.2085423284397,24.2275308521792,35.8009800695411,26711.7729823149,26488.3466141567,38.9459113391841,0
2800,2690,5.28028299746097,5754.1925964125,21.9490236313226,10.3169550487096,10.5064433430692,15.8420366637913,34722.3060845608,18188.1888199169,-192.565609877351,0
2800,2691,5.78062635682884,2007.18545268458,23.635941350222,21.4429472727428,22.3297726867189,33.0623320123365,26720.8113788714,26474.4235727902,16.3501984123335,0
2800,2692,5.45600593626529,3328.54766947213,22.3367014166925,14.8428652075561,15.2712838231985,22.8347388708242,32510.008684728,22619.3580084225,-340.935330809023,0
2801,2693,9.94845165455768,5188.43887799163,22.9019996790041,11.096285344685,11.3280079966604,17.0464456689963,29347.2165463754,32465.8564674597,-976.871217834196,0
2801,2694,5.63564464073183,1666.83970068458,23.635941350222,24.5960551826011,25.7243316436076,37.9546894154402,26740.8446879445,26475.369910417,7.30893072764169,0
2801,2695,4.61559746493787,3765.01979987023,22.6517258901412,13.6898450405683,14.0549792377345,21.0526251795248,30375.471981973,32672.5389798897,940.019492799734,0
2801,2696,6.11856647448155,2529.56443408191,21.2472372089928,17.7676355523177,18.3649001003895,27.3575564604668,36972.6913820338,16748.7465753093,483.326187616893,0
2801,2697,5.24367788486126,3248.9994084125,21.9490236313226,15.0416399078135,15.4778510263764,23.1411065632258,34724.6854095896,18190.7376045343,-190.601918562157,0
2802,2698,6.22467187960979,4674.14795008191,21.2472372089928,11.7425881966999,11.9939456175811,18.0410116055097,36963.0378705233,16746.5544198844,421.291408192702,0
2802,2699,5.4245709944161,3083.26613347213,22.3367014166925,15.6403839241314,16.1165837178287,24.068489794939,32505.4219645653,22625.0024216854,-359.807033471489,0
2802,2700,10.7855401434953,5467.19091937431,22.8860959162228,10.7254862642927,10.9394981271988,16.474057794651,29302.9947453867,32431.916679138,-1012.3064851914,0
2802,2701,5.46648857309039,1513.18632468458,23.635941350222,26.4514920310369,27.7284947240845,40.8354494406285,26741.5074472131,26486.676162233,49.9899223186132,0
2802,2702,5.39025316775776,3722.20017073642,22.668682276845,13.797340829755,14.1686624358387,21.2188506799949,30504.1512529574,32645.9412248708,1051.17761553859,0
2803,2703,6.20318582235325,5010.19863208191,21.2472372089928,11.2252440067914,11.4517642794793,17.2423734635072,36971.1611704148,16752.4396419636,438.728199762216,0
2803,2704,5.31446509335777,1962.07620468458,23.635941350222,21.8020277189721,22.7155580012821,33.6192591253101,26719.9547953155,26478.2833620638,47.4353333828491,0
2803,2705,5.21736370579041,2796.13519747213,22.3367014166925,16.7331402448908,17.277377682706,25.759674484496,32516.6589813904,22639.7477410367,-361.552677075946,0
2804,2706,6.1063437140482,5311.60241608191,21.2472372089928,10.8104157511247,11.0176667224375,16.6021689705635,36973.7074348706,16741.9060257544,460.958207691093,0
2804,2707,5.29781056019574,3370.74948547213,22.3367014166925,14.7162190134888,15.1372019687754,22.6388605684223,32513.0419626483,22658.1913303276,-367.655219650116,0
2804,2708,5.62848259521212,2056.89813468458,23.635941350222,21.0641958907935,21.9230914365235,32.4749619918185,26735.3136919659,26477.2941054697,-2.1220761815704,0
2805,2709,6.24134015443699,5283.91573408191,21.2472372089928,10.8467916814691,11.0557088663048,16.6583015079255,36992.4428451991,16753.478811791,434.298373374307,0
2805,2710,5.31992188841907,3650.67791947213,22.3367014166925,13.9430612261741,14.3195881394059,21.4433071350237,32501.5152709124,22645.8788960231,-343.292000532182,0
2805,2711,5.44821335222755,1994.44767545047,23.6190849792796,21.5392767204626,22.4329934030268,33.2116618895203,26719.2908511642,26471.912199473,16.7795715180032,0
2806,2712,6.09456505986076,5683.31319208191,21.2472372089928,10.3521710698135,10.5388270213833,15.8951493671086,36980.6458189636,16746.941465578,449.467554869865,0
2806,2713,5.60807533606727,2197.26983268458,23.635941350222,20.0808051437212,20.8683678896174,30.950243175104,26714.5867977939,26469.9801533105,21.1656075339828,0
2806,2714,5.33907027399457,3567.92623747213,22.3367014166925,14.1602878244362,14.549139902217,21.7791648514613,32523.6231082177,22643.1722099661,-379.662089406746,0
2807,2715,6.05283027712807,5094.47010808191,21.2472372089928,11.1049377438383,11.3258095365937,17.0566883229774,36966.1877289896,16746.1456018403,468.733160142159,0
2807,2716,5.24351744264277,3015.29389747213,22.3367014166925,15.8820227120691,16.3730175795822,24.4423890584905,32541.7470987716,22646.2820997245,-344.295978063139,0
2807,2717,5.74239310628536,1699.41615468458,23.635941350222,24.2433053234112,25.3438300791328,37.4071558544482,26699.915361056,26463.7745954955,3.7868947990368,0
2808,2718,5.98137967245755,4984.40618608191,21.2472372089928,11.2627769639838,11.491069381636,17.3003059432416,36988.0706862306,16739.2000165107,434.414614234405,0
2808,2719,5.26544093756723,3419.53707547213,22.3367014166925,14.5733140392406,14.9859579489176,22.4178495346502,32518.7635256287,22638.4812824326,-351.632230675507,0
2809,2720,6.28746362496269,4755.84238408191,21.2472372089928,11.6109218809724,11.8558748667426,17.8377319631148,36985.4984796004,16745.7698681395,396.916540551196,0
2809,2721,5.7320478338625,2857.56526068458,23.635941350222,16.6658668197686,17.2204950340696,25.659575607894,26686.9814071988,26472.6148936292,19.431943073154,0
2809,2722,5.20312688184061,3378.03517715831,22.3547760693375,14.6967765177312,15.1167996119092,22.6088397388691,32526.0324243086,22661.6436911832,-351.392516793167,0
2810,2723,5.90412997599327,2719.12330331509,23.8306939955329,17.2841480856735,17.881336913948,26.6175665501367,26704.3588556487,26476.4865879321,17.154768113438,0
2810,2724,6.2391156231408,3827.16125408149,21.2548130577649,13.3958656059592,13.7323168502571,20.594787122748,36955.4608326147,16727.6005004814,442.135475769486,0
2810,2725,5.35139970506311,3374.42681212957,22.366432190497,14.7088318119749,15.1296752079019,22.6275161614782,32514.1903901424,22637.3291037995,-327.739135957507,0
2811,2726,6.1360177765771,4020.9680280815,21.2548130577649,12.9635259620855,13.2769403678169,19.9267484105262,36982.7030916219,16751.681382219,485.496634805123,0
2811,2727,5.61104640224564,2212.39314731509,23.8306939955329,20.0180174778547,20.8037481661303,30.8536432706403,26705.1237029803,26456.0612283795,82.2200511778576,0
2811,2728,5.24738305749602,3149.84971612957,22.366432190497,15.416628735641,15.8795699050607,23.7223841800884,32516.2090320897,22624.3878505091,-412.684599667954,0
2812,2729,6.37219408244408,4390.6083600815,21.2548130577649,12.2335195215756,12.509307051933,18.7991114281693,36982.9369298315,16746.5610923049,474.84458220806,0
2812,2730,6.00078739502665,3635.57181565128,21.5449478811399,13.8953895054233,14.2618793835024,21.3675792972605,35851.1029265693,27819.6962763464,614.793111647868,0
2812,2731,5.80235203978761,2440.56048131509,23.8306939955329,18.6579544193235,19.3479777100452,28.7457236796347,26721.6078900582,26471.8447409746,5.89631783714933,0
2813,2732,6.09134864968964,3878.6360160815,21.2548130577649,13.2772964667058,13.6073754122742,20.4115626156451,36978.6410157494,16741.8404807013,479.114286364473,0
2813,2733,5.94379131243713,3036.52926684806,23.8473034223292,16.0040722644264,16.5187299983145,24.6357016678569,26717.9313092306,26486.0729762356,15.6841236723472,0
2814,2734,5.5117090693631,3675.47019731509,23.8306939955329,14.0381642902563,14.4335449524988,21.5940572686517,26720.7500721276,26483.9942066273,25.3180437534333,0
2814,2735,6.11485117148141,4085.4161040815,21.2548130577649,12.8278473296509,13.1341461273127,19.717132890134,36976.2145596932,16736.9950818853,478.539063704926,0
2815,2736,5.54024856972002,4427.41581131509,23.8306939955329,12.3906461059668,12.6944515647388,19.0473225646648,26708.5692730786,26483.2638351446,56.1988965634802,0
2815,2737,6.07022533249685,3136.8223620815,21.2548130577649,15.3165534052268,15.7616775275183,23.5643117878467,36985.9210459744,16743.4513627798,451.003938484381,0
2816,2738,5.7317090593844,2730.99531731509,23.8306939955329,17.2313143620727,17.8250149141868,26.5357446930163,26693.8722480474,26481.0382267728,19.4653605596887,0
2816,2739,6.30322163239922,3526.4402760815,21.2548130577649,14.149767751234,14.5276742443867,21.7600464624336,36986.5641090117,16754.961207075,478.476484385935,0
2817,2740,6.04962679559791,3878.5038600815,21.2548130577649,13.2775972961862,13.6076923576187,20.4120274723133,36995.6589293473,16761.0739576944,460.909826451121,0
2817,2741,5.84866705736617,1913.35744884806,23.8473034223292,22.253905464652,23.2045994865615,34.3210959011785,26695.6500298641,26492.0718866198,17.6225812579993,0
2818,2742,5.87991912619651,3952.0486740815,21.2548130577649,13.1129525085264,13.434266885249,20.1576209927016,36982.7540211261,16749.3680800897,470.754674645937,0
2818,2743,5.9191668943678,713.850797714532,23.8571389935484,48.193733736901,51.443717506282,74.6584145657492,26683.9822631865,26488.5107537989,-41.0873524661064,0
2819,2744,5.76805009325353,1519.97308884805,23.8473034223292,26.4224153374355,27.7009427144617,40.7913719210308,26729.638650694,26481.1670861897,-17.2394157662282,0
2819,2745,6.21277048839012,3087.0876540815,21.2548130577649,15.4844288053353,15.9395164859314,23.823986961774,36984.9101729835,16758.2302436503,445.948682543034,0
2820,2746,5.84555471121225,1980.97191052797,23.9597159781173,21.7180381821065,22.6301439826324,33.4903231553161,26691.8433823719,26479.3937506241,-2.68889828616729,0
2821,2747,5.72419844465156,1906.53427898474,23.9649847231971,22.3382990607888,23.2971835213215,34.4525174558153,26738.320139805,26485.7413779273,-26.3597715926957,0
2822,2748,5.92106825882559,2622.94170652797,23.9597159781173,17.748015440482,18.3776164736994,27.3364347883789,26714.1377445155,26492.1762702425,16.7290939649451,0
2823,2749,5.37649026662082,2269.62264052797,23.9597159781173,19.676500187334,20.4395795324804,30.3247162739242,26710.339105814,26476.1939759716,18.0806537381973,0
2824,2750,5.65642890521799,3222.37929652797,23.9597159781173,15.3740177521141,15.8505139944275,23.6609031616695,26706.4913900481,26479.1864264948,25.1966115677243,0
2825,2751,5.55022835518853,2734.08490252797,23.9597159781173,17.2364846419659,17.8319931079615,26.5441556706221,26697.9622936663,26477.2169979598,25.6621179770813,0
2826,2752,5.59480194932788,1941.14890252797,23.9597159781173,22.0437487632629,22.9802982040905,33.9955557810431,26729.2643524806,26476.2326309738,-2.47643509924378,0
2827,2753,5.78460922465717,1005.59455252797,23.9597159781173,36.4865758872552,38.638902942942,56.4361065839618,26729.7502012015,26490.0054591221,11.493631657673,0
2828,2754,5.40996573142906,1638.56596298474,23.9649847231971,24.9989937375026,26.1648951787722,38.5817645652109,26751.6993361117,26493.4354513603,-0.778276450228216,0
2829,2755,5.74718851572247,1593.00594652797,23.9597159781173,25.5331035786131,26.7416728868908,39.4109856276474,26682.363016091,26479.9486212191,6.48585254827842,0
2830,2756,5.63262640350876,1641.24098715127,24.0805086536876,24.9984993760964,26.1663490115211,38.5815467476333,26732.9276618479,26470.2823653082,-4.22272068146311,0
2831,2757,5.81746288141817,1217.19643515127,24.0805086536876,31.4245370618323,33.1294391811639,48.5648689428613,26710.4040513894,26473.6455100515,-47.3437485094151,0
2832,2758,5.71776013946196,1836.4144131904,24.0883346660976,22.9924860661804,24.0032365205251,35.4680411316203,26718.2577369124,26486.6885511221,17.1260000957868,0
2833,2759,5.39517209843335,918.08335515127,24.0805086536876,39.3175225975247,41.7324997497451,60.8416467157742,26716.9357245962,26481.8418151977,44.2041154145214,0
2836,2760,5.62875891914801,973.963317151269,24.0805086536876,37.4893817731803,39.7360553480731,57.9970392308686,26687.0355402295,26473.1519505554,51.0661633286464,0
2837,2761,5.96945441689713,1767.20768115127,24.0805086536876,23.6550496286919,24.7169622355384,36.4961933382931,26721.2306912665,26466.1961581993,-15.2055403940812,0
2838,2762,5.79432090152283,1043.49061542539,24.0935336291773,35.4846120414955,37.5494838213126,54.8783935188493,26693.8603860227,26491.4268410633,11.506614146746,0
2839,2763,5.79612795595348,1031.61860142539,24.0935336291773,35.8094983578245,37.9036982126072,55.3837515103959,26687.8310473366,26485.6910799763,25.5161621175723,0
2840,2764,5.99793466940668,1582.4945281903,24.2024454424762,25.7265898236359,26.9550296000557,39.7126004628079,26702.7680496845,26486.4138420976,8.07937996930064,0
2841,2765,5.89134247209296,1392.40441305812,24.1898642833533,28.3540188769293,29.7987626960485,43.7935718280613,26705.8552820627,26476.272259958,-18.1982871897669,0
2842,2766,6.08585600030418,801.512911058119,24.1898642833533,43.9864118996995,46.8425538016621,68.109763733183,26688.145812056,26485.7755958966,15.6989628644422,0
2843,2767,6.06841213790923,1604.9610481903,24.2024454424762,25.4545975692141,26.6611014263894,39.2902662679892,26720.0873195927,26501.7001327021,3.55044043573046,0
2844,2768,5.86203295555015,1170.2559121903,24.2024454424762,32.4529885950068,34.2503847911212,50.1644912388065,26749.6113779957,26505.5477295111,-37.1350767901483,0
2845,2769,5.45469246728096,2403.27878025151,23.3370554607114,18.7800359684176,19.4722019107984,28.9331573186608,28622.973192974,23400.0331665921,-159.272744329672,0
2845,2770,5.49842775913081,1001.64114705812,24.1898642833533,36.7067577695133,38.8846570194461,56.7801896018711,26718.885974546,26471.868008416,8.15265059147378,0
2846,2771,6.06471981637151,2100.76212457743,23.3628420706023,20.6897178201611,21.5173314358698,31.8932086522231,28463.4967407107,23285.5919661294,-270.102394057905,0
2846,2772,5.734097276276,982.566631058119,24.1898642833533,37.2767645651892,39.506667299222,57.6669891787812,26716.1728971364,26474.2031467999,-31.0512424786799,0
2847,2773,5.46439397717924,2318.1904772461,23.3232725036015,19.2668934083254,19.9926449344405,29.6875359241133,28195.2445679839,23080.5085165753,-208.464504997784,0
2847,2774,5.6371922971594,993.425449058119,24.1898642833533,36.9496824914706,39.149718566201,57.1581171150631,26708.5079868224,26479.6548093827,-22.3889593107097,0
2848,2775,5.46066312080306,2027.65243610292,23.3057930555143,21.2167851689047,22.0820304231896,32.710246252006,28203.3421854121,23076.9459615862,-207.878863822195,0
2848,2776,5.72774884233823,895.630009058119,24.1898642833533,40.1707508091737,42.6677695226963,62.1702642585883,26712.7487104212,26468.3869075631,32.9115414687655,0
2849,2777,5.90713635597057,2381.34927709341,23.3737911564317,18.9093950796429,19.6109638406631,29.1337293254181,28487.3120568215,23604.5220514021,-150.802360972309,0
2849,2778,5.69157151237283,1324.16786505812,24.1898642833533,29.4722508662638,31.0114976363491,45.5311239687967,26712.9694123222,26482.8668384472,15.9425427649684,0
2850,2779,5.32442532527128,2480.78001406644,23.3505501189861,18.3634861536033,19.027310860398,28.2878284309685,28503.9121229606,23606.1723849,-161.230257460235,0
2850,2780,5.89867023118457,1271.97603086434,24.1220366396897,30.38081350135,31.9963837375526,46.9427628605016,26716.7644229349,26508.6222874488,5.27402090447719,0
2851,2781,5.52310891734467,2315.44045675834,23.3160538527173,19.2819711179462,20.008679789176,29.7108757637666,28506.6061805023,23610.8917215226,-129.26319005848,0
2852,2782,5.49826101216085,2557.40846806644,23.3505501189861,17.9722972388958,18.6096726889924,27.6818354186312,28523.6683546663,23628.8636193968,-159.498075409297,0
2852,2783,5.93989131574392,2974.69276585781,23.53854326027,16.1932186325992,16.7165833098146,24.9275850098437,28586.9749868677,30181.7914504558,164.256249886398,0
2852,2784,6.19026784899973,1162.31825058446,24.1117996642108,32.5919605278124,34.3995902819568,50.3800142910116,26688.825312817,26470.3087420041,3.02956249506727,0
2853,2785,5.59476412614842,2488.98331075834,23.3160538527173,18.3148994337168,18.9749902486063,28.2124388110304,28503.9189780462,23606.8557849703,-150.277218518158,0
2853,2786,5.78486014540244,1606.84698258446,24.1117996642108,25.4079614648579,26.6091371727224,39.2174189036331,26706.8390629656,26466.2789959952,-19.09401637879,0
2853,2787,10.5680043137789,4728.67830923372,23.2280148460106,11.8150432372233,12.0845584065114,18.156916705804,29634.1086745629,31228.0379479506,-975.263549289824,0
2853,2788,4.97765269440461,2831.59363934545,22.983131673229,16.6799377577414,17.2281899233541,25.6793547965329,30735.1200525688,31411.3181644089,885.433903115365,0
2854,2789,5.30703360016477,2848.31547475834,23.3160538527173,16.6587087558009,17.2093339324135,25.6475177753908,28503.8595432642,23605.833091973,-143.997441491362,0
2854,2790,9.91010962139579,5353.48045412894,23.2431810200043,10.8970802131089,11.1214659552512,16.7395427345601,29683.6953101535,31233.2969167558,-982.962069391733,0
2854,2791,4.03771997431734,3512.81376734545,22.983131673229,14.3826803555263,14.7903976415594,22.1247312533137,30674.0377470277,31499.400177211,1087.99315745511,0
2854,2792,5.9457246806571,1887.19391058446,24.1117996642108,22.5392026162534,23.5156110032437,34.7648291725395,26678.8190380175,26475.8561370305,31.0341532454292,0
2855,2793,5.65299544380015,2636.89645682942,23.3472909861906,17.5880568599257,18.1997332148786,27.0866838655183,28519.8682408221,23613.704491757,-125.423532418059,0
2855,2794,10.6701708831662,4978.50983012894,23.2431810200043,11.4243582983314,11.6743840345881,17.5536053663421,29656.4760750473,31213.9616012853,-966.517767353297,0
2855,2795,5.12280610273971,2993.26212158031,22.9532578393973,16.0454445172097,16.553245498906,24.6971325007469,30741.0503304273,31337.6922154956,723.620501708316,0
2856,2796,5.46465768464314,2961.89008682942,23.3472909861906,16.2160767701867,16.738839692364,24.9624032353995,28505.484809571,23611.1144534243,-153.035023819632,0
2856,2797,10.2078426851336,4650.05811812894,23.2431810200043,11.9472450425442,12.223612213463,18.361138749497,29657.3513005721,31224.5789327323,-1060.13495587895,0
2856,2798,6.00417552343682,1711.53656058446,24.1117996642108,24.2336599450684,25.3414070582744,37.3943902091889,26704.7840418902,26476.4172721437,14.2523792811894,0
2856,2799,5.26477933096357,3207.69291733049,22.9955150809473,15.3040695381593,15.7666728211002,23.5500214899538,30776.6303616662,31308.5960433899,844.883747080349,0
2857,2800,5.4062972290418,3012.70406882942,23.3472909861906,16.0260038664927,16.5367969012389,24.6682030913293,28494.7098326805,23606.2720855272,-137.856226462153,0
2857,2801,5.73851344341691,1783.82589258446,24.1117996642108,23.498524457734,24.5487656310849,36.2534153127215,26720.9957895949,26475.918260546,-22.5954228930442,0
2857,2802,9.91696902399276,4609.90472012894,23.2431810200043,12.0156677436738,12.2955474864487,18.4668270503116,29695.7616177228,31270.2364877719,-992.603048665024,0
2857,2803,5.7879293226434,3020.07012134545,22.983131673229,15.9508255212721,16.4530467053406,24.5507829016097,30776.0458541316,31305.0013590796,698.942570992328,0
2858,2804,5.43962301114775,2321.71786675834,23.3160538527173,19.2446776402992,19.9687824654728,29.653081441659,28519.031535968,23615.2576975884,-145.205076305102,0
2858,2805,5.61821877944009,2300.08363286434,24.1220366396897,19.5176073524368,20.2715376250504,30.0790130997104,26724.7221640405,26487.0332287021,-58.3032838128421,0
2858,2806,10.594853781693,4886.37507212894,23.2431810200043,11.5647679921774,11.8217790745487,17.7704265236086,29675.6873765001,31224.5512758553,-1005.21827382866,0
2858,2807,4.86783400085923,3036.71941958031,22.9532578393973,15.8864378900595,16.3843382768833,24.4510486345039,30755.3035772112,31342.7015159716,749.956443310995,0
2859,2808,5.44383126650405,2179.69421875834,23.3160538527173,20.136694592202,20.9238165397069,31.0356590512786,28496.3855319432,23605.2738103019,-141.05919252721,0
2860,2809,5.38519213203829,2316.50582386782,23.3550363036984,19.2825600482997,20.0098280075001,29.7119312164332,28484.619237179,23606.5174257993,-163.931479705048,0
2860,2810,5.86845078704636,2073.81723969089,24.0672296059911,21.0253999008025,21.8876552667717,32.4165125528243,26701.6574855789,26488.426748141,-52.0263296012991,0
2861,2811,5.77852439499925,2058.17208137923,24.0598967489164,21.1402450655133,22.010868216064,32.5945872749401,26728.085944782,26479.5845338286,-67.5969456068409,0
2861,2812,5.16381492355063,2274.30400786782,23.3550363036984,19.5381228123398,20.283315846826,30.1080036871745,28504.7469797562,23586.7602876261,-177.179930266952,0
2862,2813,5.54782391839996,2481.91734795518,23.3178359600956,18.3521387174513,19.0147816719588,28.2701358592117,28526.2327206025,23603.4969312357,-158.520786131788,0
2862,2814,5.84258305521673,1881.87597737923,24.0598967489164,22.5745989713957,23.5529059980364,34.8195259137302,26713.0910482932,26471.5751244541,-46.1257783179992,0
2863,2815,5.28650533497287,2330.64651586782,23.3550363036984,19.1988356537523,19.9202590229152,29.582182430461,28495.5643382264,23619.9635911296,-148.968277214055,0
2863,2816,5.86275770323885,2084.12540974096,24.0615077149547,20.9485118857295,21.8050261014617,32.2972545086004,26682.835609324,26483.252924125,-19.5022350382944,0
2864,2817,5.79321749791827,2104.09629137923,24.0598967489164,20.8034047835999,21.6492436515045,32.0722285733261,26709.8072076996,26477.8199757863,-54.3483112685657,0
2864,2818,5.66249614407082,2249.08423786782,23.3550363036984,19.6950611859553,20.4513245051019,30.3512449566492,28489.8932860492,23624.2775014205,-138.462854091923,0
2865,2819,5.47459759975005,2575.47016568342,23.3875618018453,17.8890339412469,18.5212709075898,27.5529870811295,28449.1179143781,23629.8409210909,-153.475740353476,0
2865,2820,5.86234349129519,2409.22246937923,24.0598967489164,18.8692869020977,19.5768428320244,29.0739941915355,26679.2111343737,26480.024342084,15.1400750766926,0
2866,2821,5.64198253861292,1947.80711440225,23.0910087191383,21.8009053576649,22.7060252477528,33.6152211921291,28737.4764940821,22618.0735941502,289.071289343386,0
2867,2822,5.70662528878728,1265.15529640225,23.0910087191383,30.1443807382936,31.718041454548,46.5692933559243,28755.4158718336,22612.1862710659,320.99248944119,0
2867,2823,5.61220143686008,845.449247740963,24.0615077149547,42.0316301566515,44.6994685939234,65.0657060630793,26747.6834631028,26484.5852558337,1.65452352232666,0
2868,2824,5.96907115867832,1339.03050040225,23.0910087191383,28.8565097629705,30.3214549833592,44.5681848467363,28741.3394754613,22606.4497513342,320.126104611326,0
2869,2825,5.91005224805572,1274.18595640225,23.0910087191383,29.9793426811629,31.5389771395984,46.3128284057893,28775.5586749143,22653.6405611927,294.394315956883,0
2870,2826,6.01691173809826,2470.41123236083,23.1428340397369,18.383740148669,19.0463256564384,28.318485422763,28518.1417984842,22733.379779926,260.721981513192,0
2870,2827,5.80002309428313,2773.43130621199,22.7421316122108,16.8878311119155,17.44666073792,26.000445238001,32125.5924621461,28632.322881383,-405.992285023386,0
2870,2828,5.66655165277616,947.120895179799,23.9047449145032,38.2558951668721,40.5684852955641,59.1884396259977,26722.2032091956,26474.9853897321,3.52345584259523,0
2871,2829,5.95896625159058,2634.6619740377,23.1708974233398,17.5714104027854,18.1798793838273,27.0603233395906,28463.5534565651,22733.6992722932,250.723598016738,0
2871,2830,5.818772314151,1546.6245631798,23.9047449145032,26.0933680051574,27.3461976059702,40.2806770504803,26703.3461902579,26475.7295336068,-23.9085888601281,0
2871,2831,5.33718954897863,2273.36959001083,22.6775963450305,19.4202087623456,20.1479201873824,29.9227217961715,32238.7571993111,28313.8321557967,-438.229507809547,0
2872,2832,5.82764427115067,2964.7436100377,23.1708974233398,16.181489315548,16.700169430869,24.9083431948136,28486.9643011883,22732.4242385132,227.163492195211,0
2872,2833,5.3560193119223,2604.48644801083,22.6775963450305,17.6371082926362,18.2439448595579,27.1604231761338,32229.6168826317,28323.3882089895,-421.4219490248,0
2872,2834,5.72321645763794,1287.4005691798,23.9047449145032,30.0235273177777,31.6039942591453,46.3862312227707,26680.9437652723,26468.6186318384,-14.819521012928,0
2873,2835,5.6139611678625,3312.7764360377,23.1708974233398,14.9909127692082,15.4363736280946,23.0660184528036,28488.34925128,22740.2372885019,264.253751902881,0
2873,2836,5.79325276522539,2147.14635771846,23.8998579352948,20.4690884682722,21.288304139405,31.5532262779475,26749.8396740043,26498.0416347958,15.8366351857828,0
2874,2837,6.01872577658834,3591.7577520377,23.1708974233398,14.1881066867557,14.5862675857547,21.8243068909812,28481.1458683157,22752.909318219,271.767119090598,0
2874,2838,5.72645080525325,1894.30896829519,23.9105425235633,22.43226148828,23.3974361223495,34.5980592895344,26720.3188569696,26499.6282434118,21.6230975823224,0
2874,2839,6.89204728854684,2257.13618454664,21.939887715848,19.382587986404,20.0974041442824,29.8615911421086,35022.9692457513,31366.0601319465,992.778078641498,0
2875,2840,7.10901684698067,6138.80019054664,21.939887715848,9.89963190364919,10.0707663075943,15.1982645064635,35043.6215927675,31360.6417948993,982.242610435458,0
2875,2841,5.80551788593727,4260.2909040377,23.1708974233398,12.6529066029311,12.9656439287222,19.4511685614731,28450.2090738005,22740.1171417149,328.99144739245,0
2875,2842,5.89174219468341,1313.3251711798,23.9047449145032,29.5644042336331,31.1057367828225,45.6727329624121,26698.9098077631,26475.8993496458,7.59792181729914,0
2875,2843,5.40140825473609,3945.61983581766,23.079407603117,13.3086653505603,13.6562851623796,20.4644102770023,27108.9187561819,21794.0907712798,-161.780982298657,0
2876,2844,7.07149610772023,5874.13577454664,21.939887715848,10.181307798997,10.3647227229405,15.6327545233923,35035.9534620439,31352.9283690121,1000.9597420806,0
2876,2845,6.66629314889818,4422.93601848791,23.1707600694592,12.3424690439945,12.6387833884124,18.9715218331731,28666.8239035132,22924.3931617846,847.836609031606,0
2876,2846,5.2826891787497,997.868799179798,23.9047449145032,36.686980532556,38.8561761395905,56.7474942421112,26718.8146270821,26465.7444372812,53.0457524251526,0
2876,2847,5.31984645759355,3037.64203781766,23.079407603117,15.89970288378,16.3997665907035,24.4719463624195,27130.284052938,21794.2925641317,-150.510614623994,0
2877,2848,7.09935974083539,6476.85523854664,21.939887715848,9.56910823448544,9.72620793892035,14.6885290396257,35034.7636321653,31363.7046572214,1015.04952619099,0
2877,2849,6.64318144596501,4075.1748508689,23.1395445758138,13.0299243524459,13.3627457776763,20.033723585078,28698.6755544895,22892.5798111855,743.898599134862,0
2877,2850,5.77529201748576,2116.5693391798,23.9047449145032,20.6840023489322,21.518922989682,31.8864760024204,26683.816032797,26477.13450862,19.7944189921148,0
2878,2851,7.11895731781886,6623.17395654664,21.939887715848,9.4351536720017,9.58668310937465,14.4819758975392,35055.7648058168,31346.8227466761,993.7247989477,0
2878,2852,6.45105169436285,4213.9606768689,23.1395445758138,12.7423682353223,13.0596451448755,19.5893393311324,28694.3411436985,22922.6755669859,770.490282440629,0
2878,2853,5.6785547969576,2109.0364471798,23.9047449145032,20.7375988501876,21.5764320004777,31.9695827060924,26708.2280210192,26484.3867606277,26.9439953906868,0
2879,2854,7.14128099962727,6609.09934254664,21.939887715848,9.44781567335164,9.59986869769911,14.5014994424439,35034.6209244337,31350.4938201454,988.067305375518,0
2879,2855,6.67964353664954,4267.0653628689,23.1395445758138,12.6367478889512,12.948378048721,19.4261326642324,28695.0682871083,22907.1107181726,768.778608515312,0
2879,2856,5.45052021299989,1827.2798551798,23.9047449145032,23.035172952348,24.0463043907409,35.5334766333044,26718.0219916287,26503.0631769918,-81.2015667124013,0
2879,2857,5.59205022453944,3818.24525991047,23.0783850617558,13.604920876843,13.9690303019206,20.9223684256441,27128.9036910302,21796.914396528,-173.300226578197,0
2880,2858,7.13610974056121,6688.7154944749,21.9817894059647,9.37912034080938,9.52856568836349,14.3956425895616,35048.8341270694,31348.8833655431,1003.13748536471,0
2880,2859,6.62228964540735,4375.29662211565,23.1050514312215,12.4255433935574,12.7257207576629,19.0997305347433,28676.2245129562,22905.2080144748,794.831531135555,0
2880,2860,6.17477277674612,1908.31722833955,23.7391473319706,22.2732935738427,23.2237900986235,34.3507141262574,26747.8900350082,26514.265822274,-36.7608964463058,0
2881,2861,7.18959261120588,7114.5661784749,21.9817894059647,9.02255989359973,9.15758230270134,13.845950216115,35030.843338152,31349.6338740365,997.12786030489,0
2881,2862,6.35627645895735,4343.60096238714,23.0794296542292,12.4832819750297,12.7863053931669,19.1888829865955,28708.1383569183,22902.7959926977,789.588830994313,0
2881,2863,5.5139922509771,1705.96436633955,23.7391473319706,24.1997683197759,25.2986212785117,37.3400628987556,26703.177227246,26463.4369497615,-13.7825395314337,0
2881,2864,5.6450141733477,3591.850616198,22.9855342640237,14.1676810644907,14.56296931658,21.7922541712896,27116.3006397141,21803.0879139967,-163.229145069967,0
2882,2865,7.26846055984728,7358.8785704749,21.9817894059647,8.83415780662897,8.96176250394817,13.5555555345726,35046.1940852792,31357.4035276963,978.332026869149,0
2882,2866,6.43321202152052,3961.07542038714,23.0794296542292,13.2738663763752,13.6195651508158,20.4106216217567,28701.7924805016,22911.5117074166,809.53583758958,0
2882,2867,5.35672434092042,1119.85250633955,23.7391473319706,33.410487388742,35.281946605483,51.6504082115325,26702.49663673,26480.5196612308,17.7687044729084,0
2882,2868,5.47680332158427,3177.915998198,22.9855342640237,15.4011001616028,15.8694980597636,23.7001213345195,27153.4257416748,21802.2400408604,-156.329817896458,0
2883,2869,7.05252708718105,7020.7574444749,21.9817894059647,9.09789404873761,9.2359221151727,13.9620778701667,35036.7797979173,31354.3718852133,996.245507528779,0
2883,2870,5.80693182287399,2119.03997033955,23.7391473319706,20.6341676889877,21.4631192912293,31.8085596612642,26700.229543883,26468.9119653568,-39.8725646336079,0
2883,2871,9.0197658050017,3482.33133570153,23.1502139334697,14.4868755046458,14.902243183912,22.2863079735139,27727.1608758285,22694.0192711795,-609.643397739867,0
2884,2872,6.36555243952677,5790.65283493573,22.0754300779535,10.2836013439598,10.4723780443962,15.7907935206218,34931.088501364,31114.3135859144,791.463598680953,0
2884,2873,5.80592210661362,2453.19641633955,23.7391473319706,18.5743125620289,19.2574258619119,28.615807802036,26702.6289726905,26485.3352588346,26.5241457011708,0
2885,2874,6.5440912001531,5627.34170948335,22.0906744457368,10.4747443806195,10.6722064329612,16.0857317772825,34923.5297139276,31109.3177098196,802.116849399529,0
2885,2875,5.82290374768305,1938.82323833955,23.7391473319706,22.0155289740177,22.9466127349842,33.9508582235048,26661.3608780615,26476.1708309124,36.7275744519662,0
2886,2876,6.41324215332216,5748.91356493573,22.0754300779535,10.3312963043634,10.5222041150273,15.8643780221698,34912.5743373147,31116.1739530917,792.898531531006,0
2886,2877,5.79325026199639,2016.11247233955,23.7391473319706,21.3950253603648,22.2798276498736,32.9884310776591,26681.6003206841,26460.4373814115,14.2285275906655,0
2887,2878,6.39375309099625,5961.96070148335,22.0906744457368,10.0949179055033,10.2754351875884,15.4997371042169,34905.5726257264,31102.7409274629,790.852450503489,0
2887,2879,5.61244045416423,3082.0755301353,23.6913478118568,15.8198775879417,16.3213527727227,24.3501640086723,26895.00042559,25847.8005470253,-40.8222281611724,0
2887,2880,7.08932305470172,3338.71484211385,21.4358011042733,14.7034854188045,15.1146933325962,22.6166780060662,36314.7778112395,28334.7674023295,1022.29279278149,0
2888,2881,6.44198196975533,4904.42636348336,22.0906744457368,11.4477415071428,11.6909151624211,17.5874993479117,34917.1160675633,31090.0715566571,768.884716271045,0
2888,2882,5.75390220480613,3195.4734560442,23.6972642661601,15.4309408985248,15.9083453284157,23.7482731363125,26920.944437775,25883.0391128328,-118.732118222458,0
2889,2883,6.47178335488547,5425.94632693573,22.0754300779535,10.7218748045201,10.9305390929746,16.4670519396113,34926.4314457732,31116.246546737,788.572388894291,0
2889,2884,5.67012279894157,4116.28918183359,23.674114762792,12.9926180851624,13.327707635305,19.977253022852,27198.0967677812,25823.2062549554,-62.2820171771465,0
2890,2885,6.28816195390005,5648.11514321349,22.0960544933074,10.4503837563217,10.6467771165869,16.0481533475953,34912.9966789364,31110.6445134765,820.630867937007,0
2890,2886,5.66175093590284,4199.79048660188,23.4884121186175,12.8026999293808,13.1259771336394,19.6833305348555,27226.0909683313,25830.4476454718,-26.0142635237649,0
2891,2887,6.22858374967783,5147.28795521349,22.0960544933074,11.0945938841716,11.3208391742245,17.0423430415248,34920.2200262596,31114.7389088816,806.784066758462,0
2892,2888,6.51805165813677,4913.65817321349,22.0960544933074,11.4341614111698,11.6767131019934,17.5665436982228,34916.635711716,31131.748469325,790.478529055449,0
2892,2889,5.64322720400221,2073.93472404344,23.2860329926469,20.8678766455023,21.7073226668649,32.1691380341419,25577.1913709238,24681.6685652148,-84.47372821856,0
2893,2890,6.35505986828152,4957.07141921349,22.0960544933074,11.3689387977852,11.6083284978752,17.4658493802677,34912.4758089616,31122.1489671153,816.906144139514,0
2893,2891,5.78388607072292,2309.17240404344,23.2860329926469,19.3140352127733,20.042584460765,29.7604563194144,25582.9363965824,24664.294576554,-38.5891993127191,0
2894,2892,6.36528372544868,4974.11954321349,22.0960544933074,11.3436000205591,11.5817651130652,17.4267310040261,34908.6513715257,31119.5771857871,808.150130320278,0
2894,2893,5.544742450248,2363.48852004344,23.2860329926469,18.9959484254276,19.7023647353349,29.2675329936152,25589.0610650808,24683.4497695424,-46.5113870144665,0
2895,2894,6.54942000752458,5632.23439721349,22.0960544933074,10.4692681304594,10.6665159004445,16.0772913555708,34920.9685389239,31109.3420093726,817.151614206445,0
2895,2895,5.77059756454116,2453.20041804344,23.2860329926469,18.4990013342885,19.1712466600525,28.4975514692836,25547.1573261722,24671.7135396149,-42.7399890162666,0
2896,2896,6.31210068548204,5516.11332521349,22.0960544933074,10.6102310156894,10.8138964566216,16.2948036913278,34902.9044921268,31111.6630770941,821.748999328331,0
2896,2897,5.69205526765699,2489.87370804344,23.2860329926469,18.3053359555632,18.9644020041612,28.1975198003352,25565.2920529634,24665.2161890843,-28.2775791330375,0
2897,2898,6.40250818909459,5265.98606921349,22.0960544933074,10.932236943914,11.1508234110727,16.7917454567464,34917.7855330798,31122.3673111467,827.090629881198,0
2897,2899,5.53267849111455,1850.61311004344,23.2860329926469,22.6787990871755,23.6528646498788,34.977828998852,25584.5995846949,24683.7838385712,-54.6446373737701,0
2898,2900,5.94184980559174,3499.3547714867,22.417220152608,14.3563766671976,14.7572338907941,22.0825833066419,24306.7632581308,21764.615013062,322.720965054591,0
2898,2901,5.58372804326022,2720.81631804344,23.2860329926469,17.1961480689461,17.7812776721001,26.4795626188534,25585.7741380016,24674.2792918755,-21.4074369691505,0
2899,2902,5.93029524255417,3513.0549434867,22.417220152608,14.3184609962116,14.7171344570675,22.0239523501096,24312.4459271115,21754.3585266283,299.816796880473,0
2899,2903,5.70500467820529,2112.7814821529,23.3096735025128,20.5939432120383,21.413855052411,31.7445049130439,25590.8554515702,24664.7685745604,-95.3162086074382,0
2900,2904,5.86818049526083,3770.69395771911,22.3106276153067,13.6404878762782,13.9998347304642,20.9754895200732,24308.758973722,21770.2938497733,282.001740026339,0
2900,2905,5.72004170195422,2343.08168439738,23.1970843996989,19.0982284427932,19.8105663882378,29.4257019425867,26291.9259333345,24578.1141253494,-133.488055779384,0
2901,2906,5.9969484994036,3621.33565171911,22.3106276153067,14.0162212556147,14.3966432370481,21.5563505587669,24311.0122625248,21753.3895861036,277.047584125924,0
2901,2907,5.60883569186519,2491.65780122052,23.1828576130153,18.2791297399389,18.9351266340507,28.156566240509,26270.0650311642,24559.4754654573,-95.8335786393154,0
2902,2908,6.13152630853589,3585.85176571911,22.3106276153067,14.1095920718373,14.4953126069413,21.7007129784007,24308.9581764154,21803.2281175804,262.633542911769,0
2902,2909,5.54914236606173,2343.13648322052,23.1828576130153,19.0954069254796,19.8073610754727,29.4212779259986,26284.6109657966,24563.6659856833,-94.1129827076688,0
2903,2910,6.17060077699474,8600.90226348583,22.8416193643843,8.05649384257697,8.15867511196474,12.3583363805303,25343.923099133,23025.0951961739,710.716752080898,0
2903,2911,6.04546557824094,8672.28772688785,22.3496973704417,7.9953196841698,8.09322888541996,12.263528012113,24315.1879212717,21909.1619875391,296.505329756382,0
2904,2912,6.74310328971785,10414.6588882291,22.8112751708871,7.16567325658281,7.23708232125553,10.9864506339966,25287.9750430144,23082.412490164,691.261916141835,0
2904,2913,6.69590694280721,8591.46487760015,22.8914861306828,8.06401365581734,8.16667768863298,12.3699789053869,25293.4082347184,23082.1796361774,687.380847336902,0
2905,2914,6.89229883652385,12737.5208482291,22.8112751708871,6.34894655833034,6.39555427035055,9.72961508747732,25278.2613610259,23078.3542666218,687.314464706742,0
2905,2915,5.33367728880863,10339.6024196002,22.8914861306828,7.19987433749802,7.27267642359045,11.0391799477539,25337.4580211455,22667.4989143611,-1373.30188407224,0
2906,2916,6.74580891041096,11740.4258542291,22.8112751708871,6.66607744967312,6.72192323325461,10.2175294016412,25256.2643816106,23082.1854391049,655.087713732033,0
2907,2917,6.54405640681001,12678.7775062291,22.8112751708871,6.3664634140454,6.41356803312671,9.75656153167029,25240.1504235281,23082.257072257,641.12925866583,0
2908,2918,5.69853600403623,9384.75537742939,22.7455551341059,7.63243289169208,7.71919652398457,11.7050592073083,24839.5170120442,23029.6533030842,86.6815259521216,0
2908,2919,9.58899184809502,7000.78163884846,22.1904341652063,9.12512914799894,9.26532409691021,14.0043600815758,24630.3921306247,21909.264990504,-266.537774388735,0
2908,2920,5.45198402502201,7458.6092910607,22.8714482364748,8.80364586053267,8.93436247396071,13.5097210956904,25336.9112939658,22669.5293263028,-1197.61631137268,0
2909,2921,5.9116353595856,3161.08336051023,22.2311399198139,15.3618544486944,15.8200788326933,23.6372537070348,24164.1515380855,21599.0874550406,333.359891693332,0
2910,2922,6.13245248500816,3367.92702857184,22.1552402977692,14.7030710386184,15.1214908354576,22.6180315026755,24130.0187290631,21584.1318525655,319.167032869359,0
2911,2923,6.05172160830694,2410.26526529621,22.1919822252656,18.5448335874143,19.2059966695448,28.5646440811858,24172.6573456295,21583.9897599751,292.499481851398,0
2912,2924,5.93666575855666,2257.75055057184,22.1552402977692,19.4190838685401,20.1394550282913,29.9189777789604,24142.5219638449,21568.0401128363,341.756703541136,0
2913,2925,5.99922995516652,2413.14398057184,22.1552402977692,18.5228310901531,19.1820237384648,28.5304269027921,24141.3978434695,21584.8665606862,350.108772138385,0
2917,2926,5.09461510850114,2003.80506676931,22.5950898525555,21.2503826497107,22.1073638255931,32.7593873066869,30835.3132134027,21221.1754348583,-364.473897539307,0
2919,2927,5.32064920694975,2289.72475647331,22.5797683312055,19.3032376169609,20.0214822067606,29.7410915906779,30820.8828308264,21220.9569810532,-388.384791949617,0
2924,2928,5.29773044041377,1238.25031143915,22.5485826693734,30.4512519407963,32.0391740634275,47.0428827961477,30681.3077985962,20858.5954656195,-200.926859809051,0
2927,2929,8.38410215739674,2534.15875276549,22.359507019605,17.928294406017,18.5504140460463,27.6102877976677,30581.2819912553,19103.2865648407,-1425.96302103482,0
2928,2930,8.60581754614854,2319.21610794728,22.356361356887,19.0877429545796,19.788065417237,29.4063437783043,30581.033488548,19090.274385133,-1455.33163532052,0
2929,2931,6.5596598786038,4567.58765065931,21.1056739264617,11.9083732301627,12.1667765505757,18.2966856853989,37322.1076055145,17005.3347910599,598.114402567536,0
2929,2932,8.37453907651266,2199.84812476549,22.359507019605,19.8218720072578,20.5731844399817,30.5439617149909,30593.8010631514,19062.4278912824,-1433.1740135849,0
2930,2933,6.74327612198677,4516.80995798028,21.1229263398436,11.9971177371314,12.2600406539131,18.4337542385845,37342.7880172506,17038.5691297327,600.427688423901,0
2931,2934,6.46368323390388,4823.85239798028,21.1229263398436,11.4942529469916,11.7326606374758,17.6573661161705,37321.0651848589,17041.7642068412,627.530574603421,0
2932,2935,6.80163956819454,4345.68996398028,21.1229263398436,12.3043704395934,12.5826689916433,18.9082395834558,37329.7751261137,17033.6042425056,769.59472931485,0
2932,2936,5.51741022438144,3857.86215218447,20.2942936791877,13.2243642115268,13.5428804472099,20.3273608181135,37697.8142897785,16335.9115396115,-144.784308818953,0
2933,2937,7.5785305430692,4000.4864666125,21.0379047262453,12.9858230643253,13.2985164843981,19.960674416556,37423.8304506676,17074.9776281867,1211.67341670264,0
2934,2938,7.86881350749614,4015.8826406125,21.0379047262453,12.9528564198025,13.2638201938068,19.9097426882051,37454.3286957085,17093.3463474671,1177.1209394515,0
2934,2939,7.79572290889566,2161.97839584923,22.3092170583956,20.06031205002,20.8276666204712,30.9133094509759,30492.6241839439,19115.9659332127,-1504.06777727015,0
2935,2940,7.71439102603298,3734.3463086125,21.0379047262453,13.593626881348,13.9387805767948,20.8998555446775,37432.511428044,17103.3439668919,1212.69650398824,0
2936,2941,7.47741055941664,4339.6648406125,21.0379047262453,12.3078262584965,12.5856070065829,18.9133855925195,37427.9149339003,17078.3639764494,1198.45966706056,0
2937,2942,7.38944058620799,3809.7633326125,21.0379047262453,13.4137369588591,13.749171773859,20.6218582697209,37439.5121107422,17096.8716109272,1151.2925396619,0
2938,2943,7.68278078151979,4000.0018946125,21.0379047262453,12.9868642930825,13.2996123954341,19.9622830745069,37437.5651072687,17092.6677269523,1177.51952429309,0
2939,2944,7.48205822935124,2661.18553598028,21.1229263398436,17.1307867668435,17.6855924404573,26.3711762540022,37396.8992012208,17095.4393347844,1172.2301847144,0
2941,2945,5.19097970846363,2552.53642188484,22.7339479310068,17.8978424882697,18.522639058759,27.5644190048914,32013.3410308575,28300.1346369786,-488.115661708537,0
2942,2946,5.38666004900792,3072.10778516268,22.6115271181839,15.7154071607594,16.1991203022872,24.1853812086702,32344.3767247763,27423.1142918951,-444.95697918242,0
2943,2947,5.48835951669315,3098.95747916268,22.6115271181839,15.621631437924,16.0996020486298,24.0402773174009,32319.696173527,27416.2299365504,-479.068454436481,0
2944,2948,5.36670349095554,2054.77845120592,22.655279137884,20.8796086695952,21.7105803472665,32.1847571218607,32167.4769446757,27539.4527439828,-465.249693109358,0
2945,2949,5.40665608574485,2611.00122966867,22.6469815867094,17.6013885917949,18.2054981529442,27.1050037074502,31073.9382917699,24924.4686414151,-623.917242855903,0
2946,2950,5.47476228799332,2754.67682766867,22.6469815867094,16.9538913824379,17.5158629572333,26.1024146970356,31091.6697656099,24927.7016480067,-626.220389085919,0
2947,2951,5.79584088705934,2985.90577566867,22.6469815867094,16.0315495451502,16.535168884865,24.6747146565649,31069.0944511035,24928.0068833741,-576.822921993894,0
2948,2952,6.29378145776459,3546.32703596958,22.5051353964594,14.2372811213681,14.632118518078,21.8986511146293,31280.3522462134,22103.2421661034,728.574358942595,0
2948,2953,5.47698548782566,2643.62173566867,22.6469815867094,17.4487550634958,18.0428469329848,26.8686416304964,31091.3889524333,24937.8022917014,-648.716183162765,0
2949,2954,5.4386138068086,1874.93636166867,22.6469815867094,22.3168054669129,23.2533435038791,34.4134557145444,31079.2723225073,24936.612090238,-605.227368708802,0
2950,2955,5.30151292780583,2120.3313997328,22.6121576921653,20.4029390625755,21.1990193466364,31.4456087022603,31101.3737602251,24896.1152304047,-618.815320242095,0
2951,2956,5.39198082229461,2980.66079159991,23.1227863007472,16.1151127117848,16.6291009740171,24.8054626689268,29036.7788104099,28167.2731002573,-471.475165875299,0
2951,2957,5.5733067806691,2331.28029484515,22.6231476790033,19.0651929283826,19.767585249596,29.3724016519166,31073.6846143349,24942.8589925348,-659.517743474862,0
2952,2958,5.26405864500723,2202.97884484515,22.6231476790033,19.8519990571626,20.6091747571801,30.5916861761395,31069.7696073568,24936.4505135782,-567.413160810042,0
2952,2959,7.0473253420069,3155.99433948903,23.1846360156628,15.4995745925378,15.9760219283573,23.8530520380668,29192.165665217,31620.0246955253,850.222098242419,0
2953,2960,6.95723999888002,5083.91026134265,23.1732532401378,11.2640936876471,11.505760354967,17.3060173413228,29197.2920955097,31784.4013635696,977.294156413669,0
2953,2961,5.38509065424626,2450.77134484515,22.6231476790033,18.4007683389491,19.0578608709943,28.3430336415657,31097.7747468452,24928.4658013038,-611.962117839761,0
2954,2962,6.76400416060528,6265.36287534265,23.1732532401378,9.845031935729,10.0207876288861,15.1159810596843,29206.7641490942,31791.0510772935,987.837105147284,0
2955,2963,6.95955883292081,5197.71860334265,23.1732532401378,11.1029616527331,11.3367892565113,17.0572451948355,29186.6614120436,31781.0781240836,968.375327706099,0
2955,2964,5.37309204910569,1830.45331906666,22.7380188936887,22.7344670858563,23.7038599788881,35.0617369912428,30439.3601358045,25628.2273996689,-474.086959603653,0
2956,2965,6.93368066851518,5077.61082534265,23.1732532401378,11.273197897788,11.5153101048221,17.320074071452,29198.1453452057,31779.1901232767,975.891862514376,0
2957,2966,6.7872243828266,4941.90863934265,23.1732532401378,11.4742698337649,11.7262928715532,17.6305447706596,29196.4435910179,31773.8401029623,987.463604985334,0
2958,2967,6.99093818040685,5483.79229134265,23.1732532401378,10.7240051264951,10.9397472040424,16.4722693330944,29203.8877834605,31762.7370675504,958.135949805099,0
2959,2968,6.9299576126147,4641.42994734265,23.1732532401378,11.9561590903832,12.2324769816772,18.3747677782126,29188.895074479,31769.953381142,964.593122233891,0
2961,2969,6.21384751893021,2049.08193902682,21.8194600774236,20.7477470354192,21.5565525560955,31.9768360919202,27566.5373813804,19160.1531429756,134.21740783583,0
2962,2970,5.76750557866267,2267.41379903219,21.8500482040586,19.3032564369144,20.0113461948884,29.7383226997123,27573.7262323277,19161.160071181,78.2465371873896,0
2962,2971,6.11385170745928,1757.81577221017,22.1488642423779,23.2772834685686,24.2778298529467,35.901093915855,30894.7703447775,18218.1237838967,138.844857086646,0
2963,2972,6.08852318077402,6430.12212656868,22.1004492308378,9.62229109695936,9.78251592759406,14.7707880531906,30634.9882375074,17970.6332008356,232.796910417058,0
2963,2973,5.39482930914708,6242.98874143704,22.1703526530025,9.80822697787386,9.97675725156133,15.0576529605749,32203.1941942298,18171.3759811897,-298.740509554442,0
2964,2974,5.93768499042564,4120.18942856868,22.1004492308378,12.8370398838553,13.1509483287429,19.7333018850019,30618.9480824299,17966.6603384716,203.499523679625,0
2964,2975,5.10771283351874,5038.65493346843,21.8244629141409,11.2284120482242,11.4591520039872,17.2483884624296,33992.6342849284,16071.4210297815,-393.415058894562,0
2965,2976,6.26101045736838,4314.98737256868,22.1004492308378,12.4506125770981,12.7442586688853,19.1362953885632,30613.0133862348,17951.2483023368,200.210446933989,0
2965,2977,5.09886674625797,5223.45307346843,21.8244629141409,10.9698483312801,11.188375974562,16.849291775787,33981.8196975421,16070.4659341841,-405.632281883093,0
2965,2978,5.53989000880803,2717.39017004446,22.8521868055655,17.1466764101674,17.7235159946005,26.4015638288612,31003.6434147906,27574.693293489,-695.747575051325,0
2966,2979,5.89847725093303,4160.10054056868,22.1004492308378,12.7552554676206,13.0648376603614,19.6069396086927,30631.3250874197,17973.7590970772,215.499390034429,0
2966,2980,5.14546682343733,5110.92223946843,21.8244629141409,11.1253471089955,11.3511920278398,17.089298861601,33983.081613119,16071.3614691526,-383.58792423978,0
2966,2981,5.49063175685049,2702.41972630851,22.8741934079138,17.2163834602194,17.7980165086263,26.5095694879903,31013.8179823344,27582.312524242,-711.838543110721,0
2967,2982,5.85542498831816,3993.95354749537,21.4085069183513,13.0368566299641,13.3554803071743,20.0404161910619,36690.0606349457,17487.2781245374,233.832005154603,0
2967,2983,5.981806949613,1838.4860696758,21.4661373644375,22.3615571404504,23.2818418118828,34.4774630083695,33468.0944781561,14175.1113046997,248.450800728354,0
2968,2984,5.86239343168423,5854.95231349537,21.4085069183513,10.1682547313277,10.3478510323904,15.6117206322561,36678.6338243233,17474.3408422105,238.277876590028,0
2969,2985,5.93588354755522,5171.57363749537,21.4085069183513,11.0099144902463,11.2274744379524,16.9103437027537,36667.9621144973,17463.4539918137,225.755965545397,0
2969,2986,5.53317837405178,2390.28928030851,22.8741934079138,18.7729443891882,19.4586081908755,28.9205125080855,31003.7627713869,27563.1583001198,-745.321341039312,0
2970,2987,6.1204389551205,4752.57109531733,21.3815088245342,11.6271318565149,11.8738723564383,17.8630346160275,36694.8669930705,16964.2049959483,264.414088897666,0
2970,2988,5.86722654958621,5024.07708888929,22.8799289183706,11.3294238829819,11.5723097725089,17.4063394642603,31324.4994890422,26990.3219416305,-548.547805359451,0
2971,2989,5.62646039143808,5243.50010088929,22.8799289183706,11.0189487549494,11.2468149899489,16.9270194114739,31306.6507999851,27021.1953665762,-529.563430805775,0
2971,2990,5.19411579729956,3686.98212410332,21.4943425506156,13.7597133676684,14.1182143049318,21.1577275660774,35031.5844026146,14993.472045883,-133.231840505346,0
2972,2991,5.63825140256871,5391.95534088929,22.8799289183706,10.8215222997801,11.0400090273246,16.6222739256487,31346.0843535384,26961.3570243804,-697.279803551153,0
2972,2992,5.30217401398458,3945.63044861987,21.5231215835417,13.154160840443,13.4800291269375,20.2219455965769,34794.6102465022,14896.4086326409,-175.507037477393,0
2973,2993,5.54123656210534,4084.45193875071,21.5364953524707,12.8571741349966,13.1674116894118,19.763103672503,34631.7349695705,14826.9522815016,-129.021612771633,0
2973,2994,6.13223938200028,5568.85391734453,22.9396580926106,10.6023527131222,10.8109556034385,16.2841117468974,31661.3503867276,28678.4623703734,-12.6482772282346,0
2973,2995,5.51896952780244,5407.68190488929,22.8799289183706,10.8011654628788,11.0186927296102,16.5908534186896,31377.9128325083,26982.2910806695,-538.270564664693,0
2974,2996,5.87050853349536,6546.80831734452,22.9396580926106,9.56070060379754,9.72288782818506,14.6770702963718,31672.5638131963,28707.1688720901,65.2748554888263,0
2975,2997,5.89254667043298,5505.08864734453,22.9396580926106,10.6813982425506,10.893683698594,16.4061056819463,31679.0816722679,28715.4182093646,77.6006437504409,0
2975,2998,5.14347372103641,2817.67128709947,21.6841448500797,16.5491823098017,17.0741865659967,25.4728325992446,35436.4226077602,16362.6934032859,-13.6958015460594,0
2976,2999,5.90675010812873,5485.85994934453,22.9396580926106,10.705550195741,10.9189652230857,16.4433814996152,31681.0741231956,28714.3483939574,48.6730786066594,0
2976,3000,5.51766471551534,4484.09236909947,21.6841448500797,12.1033073743175,12.3759226401237,18.5989504912271,35449.2638058838,16355.8897380982,-44.5664149946065,0
2977,3001,5.92080759205819,4479.24972334453,22.9396580926106,12.2200072443844,12.5081935983013,18.7818546966761,31673.5087324248,28712.8837868783,69.4385234014455,0
2977,3002,5.4836164120999,1858.89807946026,21.6624861012314,22.2286019557049,23.1423899570117,34.2721875530224,35434.1249500327,16319.5087341286,-23.2746317818091,0
2984,3003,8.31787179025996,3851.56305871009,22.9700562013506,13.5147991913733,13.8729321418275,20.7827916463412,27189.3823326818,27128.7615991402,-1486.32105221253,0
2985,3004,8.06394171192904,4016.66995471009,22.9700562013506,13.1401493444387,13.4775935830295,20.2036948492902,27180.0223771306,27129.1017624064,-1461.13859543451,0
2985,3005,5.44851046429551,1232.89358279433,22.3004572389703,30.4615951282177,32.0448557109775,47.0574180029812,29632.3868503359,20589.1760932476,498.974128600438,0
2986,3006,6.04692820957262,1068.26622935617,22.2868900283446,34.0515493014054,35.9450584911743,52.6375894055749,29646.1711418673,20576.8245353045,514.771222097388,0
2988,3007,6.124811449209,1871.74515836342,22.3951729725701,22.2868702284226,23.2170895175512,34.3658976301131,30603.0615270372,21065.4542473692,447.544728361006,0
2989,3008,7.54102830178824,4143.4093276356,22.9637234329455,12.8700907046386,13.1928274579886,19.7863209922992,25936.2157571926,27605.279376652,1257.67586344283,0
2989,3009,6.08751334736614,733.575658983765,22.0789633124895,45.9375269708297,48.9172430456876,71.1300487272599,28194.381867337,20283.7688406041,-33.6837104413488,0
2990,3010,7.2746283069468,4017.22369013504,22.9917426796384,13.1410246736206,13.4786965523956,20.205097303606,25915.6601919535,27578.9732959134,1253.2614867569,0
2991,3011,7.0497332460549,3431.81161188622,23.4018562525132,14.6603930302333,15.0883590728868,22.5553444514384,28105.8456977522,29675.9672807377,1050.77051600587,0
2991,3012,7.19626955687756,2083.53912413504,22.9917426796384,20.7389029778281,21.5646856800647,31.9679803838486,25924.8939489773,27613.6237189324,1198.20950387787,0
2992,3013,6.91293622497763,7007.49042588622,23.4018562525132,9.18249041280918,9.3311490619369,14.0944929281779,28103.9681775859,29689.1755032408,1007.97457215403,0
2993,3014,6.77787193773323,6732.58391988621,23.4018562525132,9.41775399946543,9.57628769673639,14.4572862458553,28117.6989517033,29681.5588940737,1019.87142384983,0
2994,3015,6.90612879596091,2659.44789588622,23.4018562525132,17.4913078208968,18.0972182217934,26.9370230462028,28110.0217343417,29674.7574202642,1013.37895328388,0
3007,3016,5.51231192681366,1700.82783899352,22.7548732358794,24.0052317835819,25.072080113235,37.033492737992,31634.7427021077,25863.9177386848,-465.314356198119,0
3008,3017,5.30896780583183,1379.38039499352,22.7548732358794,28.0999388074964,29.4950336074563,43.3909640484647,31610.2997645411,25862.429110998,-508.115800992348,0
3009,3018,7.01593265711717,3801.66008089305,22.5223259667255,13.5877566920504,13.9460513395528,20.894495719203,34035.8996001924,28195.1547022355,1091.50062207393,0
3009,3019,5.57905491685896,1847.98519067708,22.7252909000242,22.572973763733,23.5299898906768,34.8111621896357,31643.3223622942,25849.5569219478,-500.141379676437,0
3010,3020,7.34731124413783,4038.26845042558,22.7129724250761,13.0685272586026,13.3999370991172,20.0924148203649,34009.0826158059,28211.1731985096,1082.05282097563,0
3010,3021,5.25679543203769,1738.98021534496,22.8517810499904,23.6381388298477,24.6783195818562,36.4643096026782,31648.0571003509,25839.4134512695,-468.917085604887,0
3011,3022,7.25573725837557,3885.82650442557,22.7129724250761,13.408995968969,13.7590442465007,20.6186332312239,34025.56369697,28213.9458308781,1123.04383401367,0
3011,3023,5.10216064354315,1689.15740334496,22.8517810499904,24.1530638766723,25.2330670157619,37.2633760568078,31611.0845276791,25862.1665491339,-524.523494903719,0
3012,3024,7.44966291018581,3949.70190442558,22.7129724250761,13.263484579369,13.6055254755808,20.3937237291387,34028.8037592715,28199.1518052441,1111.97708762265,0
3012,3025,5.19655835243368,1729.87373135877,22.8366317776084,23.7263999172291,24.7731194750328,36.6011947740031,31631.3500740937,25849.9104201902,-454.383450978172,0
3013,3026,7.19482380690096,3885.29788042558,22.7129724250761,13.4102179914587,13.7603337767914,20.6205221202073,34011.44990729,28225.7892715631,1088.75713646193,0
3013,3027,5.34182174717482,1607.60740535877,22.8366317776084,25.0561063067455,26.2065878080008,38.6649084388692,31642.732323801,25869.0103600282,-581.13573365321,0
3014,3028,7.27468369551965,3654.72971242558,22.7129724250761,13.9731896517905,14.3548602701597,21.4908360074776,34001.0608193941,28196.8050284658,1107.66076644748,0
3014,3029,5.34369337395229,1684.44383934496,22.8517810499904,24.2032538695473,25.2871591485265,37.3412672388634,31610.1379191872,25845.2733609145,-470.62550353488,0
3015,3030,7.26520985993944,3830.82758242558,22.7129724250761,13.5377486305075,13.8949332890133,20.817653649104,34040.5079908778,28203.4462233784,1120.09109369016,0
3015,3031,5.35630483283848,1851.41319935877,22.8366317776084,22.5680684903709,23.5265258960931,34.8040525833198,31620.4856758994,25821.5337650107,-467.897653465475,0
3016,3032,7.04318355985494,3805.87212442557,22.7129724250761,13.5972638885736,13.9577634339729,20.9096542344094,34022.5453690836,28205.1548370716,1081.81020560261,0
3017,3033,7.2666036503462,5305.42423042557,22.7129724250761,10.9236153673862,11.1458532891975,16.779559968079,34032.4381078918,28192.6704838272,1090.59580157769,0
3017,3034,5.40042990673437,2296.65368811124,22.0660829968951,19.1679419522626,19.8697716024275,29.5295019674891,31005.9020444466,20219.386225688,-317.003444901012,0
3017,3035,10.7348347540531,5792.964872918,22.0267573398945,10.2778162698279,10.4660375437243,15.7817860605981,35445.9196144425,30357.0085936455,-969.762814977948,0
3018,3036,6.99922517927636,5126.55108442558,22.7129724250761,11.1692563084912,11.4032368025342,17.1587486953667,34017.4317709488,28217.7737450446,1082.61842222176,0
3018,3037,5.31926331885427,2257.62361611124,22.0660829968951,19.4032143271753,20.1212344929805,29.8940420525994,31011.0681594032,20210.3835521991,-306.405101433207,0
3018,3038,9.83506751594449,5605.03723213422,21.9343454349743,10.4909256406053,10.6881361319002,16.1104268540261,35515.40665974,30395.1231484751,-966.948909020211,0
3018,3039,6.99302273946021,3671.07632778007,20.9736150983084,13.7425308482608,14.0951895039496,21.1298188705569,36669.5139154221,30388.2943910086,706.489267385528,0
3019,3040,7.44086470029138,4024.39207042558,22.7129724250761,13.0985675551249,13.4316081853002,20.1388404618813,34031.0859752723,28189.1760917739,1053.38253891924,0
3019,3041,5.42814983904483,2587.24270611124,22.0660829968951,17.6221747275758,18.2204541045284,27.1352107293722,31000.4691685251,20228.5754251555,-290.976326386415,0
3020,3042,7.11064044835532,3905.22524016515,22.6754691060977,13.3606155098582,13.7076733964376,20.5437635728262,34031.2596239607,28207.4177962558,1132.82996997717,0
3020,3043,5.97661896453386,2229.02015358039,22.0087329255661,19.5695593456827,20.2982752738836,30.1515764794837,31246.5945688374,19773.5146857316,380.679758982056,0
3021,3044,6.16666236631161,1977.46120758039,22.0087329255661,21.3287246301101,22.1822907935285,32.8783458576331,31284.027292342,19820.6447103135,363.833511196109,0
3021,3045,7.01928375548576,2525.27431416515,22.6754691060977,18.0242769545092,18.6567664607234,27.7600436146659,34019.6591930223,28240.2899709623,1075.71019239757,0
3033,3046,5.82909054832356,3557.2144858424,23.5113586818309,14.318664162374,14.7275200877314,22.0270697317514,28640.6813543853,30180.3275305273,253.589230938177,0
3034,3047,5.53267590913566,5905.0319038424,23.5113586818309,10.2460413357126,10.4416588371129,15.7352021171711,28645.5616466989,30185.0914336042,268.218472531938,0
3035,3048,5.94469587783654,4556.31041880174,23.5149829824932,12.1312106904302,12.4190501979556,18.6458588486168,28640.3681172874,30185.0939883545,242.479483438835,0
3036,3049,5.94588917536913,4367.4408958424,23.5113586818309,12.4757341983154,12.7816609802479,19.1781325465174,28649.3157160978,30179.2772114339,249.191416770424,0
3037,3050,5.90806552646729,5610.43072680174,23.5149829824932,10.5896070238159,10.8011366413981,16.2654142669033,28643.0262114732,30184.3874253307,228.66386398649,0
3038,3051,5.80270812329702,6981.98974680174,23.5149829824932,9.20946469082058,9.35980786871133,14.1362421777867,28648.8273843166,30181.9796523314,237.521590150036,0
3039,3052,5.93682878148651,5177.35551480174,23.5149829824932,11.1559374579694,11.3945704035158,17.1396503423618,28633.8208463877,30183.5232478219,209.613481981572,0
3040,3053,5.89385156808601,6835.4549414241,23.4549761041901,9.33060168026991,9.4857217341535,14.3229588852307,28642.3107472665,30194.764979839,210.103366309528,0
3041,3054,5.88388513604123,3470.54457195085,23.4540615700947,14.5545656590972,14.9767577734581,22.3917868942538,28656.9943303485,30196.8357938504,232.819362894333,0
3042,3055,5.80057449161997,3690.22371360765,23.477118861717,13.9631096839477,14.3510463930645,21.4771361880275,28801.6785929608,31151.10297144,293.087194948028,0
3043,3056,5.89073856743507,7122.57728781935,23.4782430285626,9.09253272182676,9.23784676930501,13.955891061125,28791.3513586908,31116.174458437,321.252707680885,0
3043,3057,5.33048598952521,3291.64296998016,22.7178772822696,15.0021893790133,15.4438491420772,23.0822297496818,30223.2274119003,25575.3583541926,-448.50955791991,0
3044,3058,5.83243978703251,7492.21987361367,23.4727691814581,8.80769888320453,8.94141116712782,13.5167541020772,28802.8329865046,31137.9635427448,342.964239754294,0
3044,3059,5.34345379782815,2616.80035699557,22.7209778402226,17.5855816958932,18.1895543091238,27.0807738130718,30255.5052554539,25586.3990215482,-452.027243104453,0
3046,3060,5.50108607111737,2514.33145177835,22.9190018037795,18.1193650015239,18.7612792322883,27.9081701317029,30639.3497035671,26687.9382126327,-644.411754039705,0
3047,3061,5.73629741785912,2373.82759777835,22.9190018037795,18.8732074089988,19.5663375585345,29.076019973294,30658.317242969,26693.4143359383,-555.071361852212,0
3048,3062,5.30942858458743,2551.93706825818,23.0417428409012,17.9501997161365,18.5823028900674,27.6465633320133,30902.0737756517,27491.3260645933,-350.33471839058,0
3049,3063,5.49557440207633,2493.78842825818,23.0417428409012,18.2449081478798,18.8968179853663,28.1030649153394,30889.7447589458,27520.7002643538,-401.759178016398,0
3050,3064,5.21328334519138,2358.24403231417,23.0389047009087,18.9828951349668,19.6851611007175,29.2464117378842,30899.3351190119,27491.8402919181,-397.996023570355,0
3051,3065,5.54501262426115,3200.47422031417,23.0389047009087,15.3331255811698,15.7979319672855,23.5950981381833,30925.1819830803,27484.2996188917,-434.595435956327,0
3052,3066,6.52630443111668,4019.74868843046,22.9094928091716,13.1276001379124,13.4638563765987,20.1841609699483,28026.0832099888,27051.5364631906,887.775758087983,0
3052,3067,5.5638406948213,4061.38245631417,23.0389047009087,13.0499119621401,13.3829997219794,20.0643875035907,30897.0289341021,27497.8458606232,-407.201938993775,0
3053,3068,6.55793978552212,5770.88176643046,22.9094928091716,10.3600970177907,10.5573709782115,15.9102172640911,28000.0073866116,27017.4634882347,878.348147064738,0
3053,3069,5.60457998313559,3054.57917287592,22.6074070547941,15.7768890718268,16.264335063179,24.2805064053388,31459.0045647827,24868.3174657849,-551.166985492088,0
3054,3070,5.84457409182631,3954.8837111038,22.2322961672853,13.2044191081861,13.5391414565884,20.3013070417153,34597.1325871243,31268.1469523758,531.622737388075,0
3054,3071,6.24956839763381,3095.10948984494,21.4341051021507,15.4807802017621,15.9376135321324,23.8188838431179,25682.1079685903,19260.1967287752,508.849980548446,0
3054,3072,5.40359020071439,3004.86649087592,22.6074070547941,15.956340542405,16.4548630922981,24.558204722003,31452.7756180022,24873.4125004134,-653.036758289908,0
3055,3073,6.22717908281675,5186.65439784494,21.4341051021507,10.9911626429048,11.2080259077361,16.8814521921016,25684.3276622732,19275.4371750022,520.489267130637,0
3055,3074,6.28825748002068,4937.6177531038,22.2322961672853,11.4085905073867,11.6508604673813,17.5273306163592,34600.2465576437,31281.1396505488,575.184067207746,0
3055,3075,6.31139960169918,2670.59060923627,23.0485567517906,17.38639601303,17.9812110670675,26.7734013862772,28016.1409140002,27661.7884729026,801.898764509102,0
3056,3076,6.32419488182004,3791.63768784494,21.4341051021507,13.4982789938022,13.8419051677841,20.7535070468782,25683.7766757504,19272.7765250522,510.242480436757,0
3056,3077,5.87602443285907,2839.42526104682,22.8266655700428,16.6256428870602,17.1686582523976,25.5948150875663,27649.7664349852,26825.7254100325,362.297176616274,0
3056,3078,5.51386489496592,2553.66388087592,22.6074070547941,17.8719128940237,18.4934095890037,27.523825319558,31467.0213285115,24874.5628543438,-583.689975457162,0
3057,3079,5.84921100667529,3363.17114266333,22.7519619342596,14.7878500965766,15.2171226412467,22.7507747592926,27452.3829935494,26430.35679125,27.1755989951704,0
3057,3080,7.39435945828567,3235.38480726431,22.4913557768122,15.1520803952381,15.6004101421003,23.313472627098,33883.0755208676,25932.0421669555,943.850374983864,0
3057,3081,5.54830047059248,3903.5290920363,22.5782442931269,13.354788390127,13.7006911510198,20.5345267482706,32773.5399570782,25232.6736421572,135.270531172716,0
3058,3082,5.57109116133627,2643.56550002002,22.6447883981268,17.4486756896119,18.0427358194578,26.8685114082162,33020.44207952,25935.2310862897,-603.349563996947,0
3059,3083,5.54723532314643,3050.62800602002,22.6447883981268,15.7958839106664,16.2848981383539,24.310009649899,33026.7579199179,25943.9567282989,-667.890476983607,0
3060,3084,5.73857499022394,3125.27219704265,22.5828800174919,15.5274626947035,15.9993889940073,23.8944887571169,33212.128790189,26007.3804440164,-438.688906930768,0
3060,3085,5.93048875923355,2850.05643044207,21.5867242725277,16.4048513937334,16.9197157861454,25.249143739538,36298.6924775713,19664.7281605872,216.887960797053,0
3061,3086,6.1741551682957,3861.90357783534,21.5785782284389,13.3489564542726,13.6857879530977,20.5230989781774,36316.3290871696,19635.8063381446,210.572202036511,0
3061,3087,6.47703908357256,3155.73569436168,20.9165350226768,15.2099055049335,15.645080025814,23.3983476819962,34936.4393079838,11749.2710591372,642.539269568907,0
3062,3088,6.38900518984475,5131.90597844207,21.5867242725277,11.0781215727197,11.3001006962757,17.0159535017134,36308.6954224416,19667.7177012144,227.35116163388,0
3062,3089,6.56162908136379,3732.24421836168,20.9165350226768,13.5856117481621,13.9291956594335,20.8871555868779,34952.4314093133,11755.0678057439,694.7646511803,0
3062,3090,8.7442922232162,4426.61813116565,21.7406310041886,12.2111857231523,12.4897000454915,18.765683359924,36062.6022711566,20827.0143810012,105.015241518009,0
3063,3091,6.19782401992407,4868.25244856742,22.0176345105026,11.4972898377838,11.7423549161286,17.6638536990792,34919.1461106108,20653.0308519567,455.301104944399,0
3063,3092,11.2661776584295,4700.16908583534,21.5785782284389,11.7276826506339,11.9808053808157,18.0186869947025,35900.8249845667,19708.1529343429,692.940338491595,0
3064,3093,5.83340943279949,5727.75976614124,21.9851883463065,10.3497632166225,10.5409409182413,15.8927154272154,35004.067482333,20664.1902548649,469.334696931405,0
3065,3094,6.44648063405235,5281.66245671912,21.9120041536689,10.8980151302567,11.1137752528406,16.7385890193338,35416.2899432405,20633.0502824433,767.286075077508,0
3066,3095,6.58563460281048,4939.35639071912,21.9120041536689,11.3811454728726,11.6198262299267,17.4843352805666,35391.0823946087,20600.7813988836,770.670174133843,0
3067,3096,6.2922213575576,5047.69348174786,22.1660936543008,11.2412678893874,11.4749930643906,17.2688888771174,34262.3807322811,21682.0231661349,603.403683349674,0
3068,3097,6.2318174255572,5073.22161574786,22.1660936543008,11.2045357244319,11.4364998617436,17.2121851125388,34285.094806191,21667.6226190539,587.181030429132,0
3069,3098,6.27879751725166,5052.38501974786,22.1660936543008,11.2344928473616,11.4678928674852,17.2584300919358,34279.5148215445,21698.9820580195,607.974628905032,0
3070,3099,6.28968423375207,5172.59584671398,22.0972393575785,11.0595171274498,11.2841081499604,16.9882022727244,34286.2774379667,21692.8252974732,601.324161219677,0
3071,3100,6.07565505897403,5799.65404071398,22.0972393575785,10.2748077586758,10.4633255143534,15.7772637111108,34291.3772858466,21680.0664518515,572.84647094505,0
3072,3101,6.16322236864486,5281.47036471398,22.0972393575785,10.911614520839,11.1292424933928,16.7599187352513,34286.6227842722,21679.0679782645,590.376614869121,0
3073,3102,6.17286843618094,5571.66291471398,22.0972393575785,10.5422378909924,10.742806509134,16.1898867833108,34285.4152220709,21682.4977808627,626.719088366745,0
3074,3103,6.16296409779216,5810.95337871398,22.0972393575785,10.2620305732119,10.4499789794838,15.7575513058444,34274.9078570332,21684.6728288188,604.182848246526,0
3075,3104,6.28443912292362,5564.17407471398,22.0972393575785,10.5513459826015,10.7523295060079,16.2039410605513,34283.4104656718,21683.997329766,581.408704459399,0
3076,3105,6.29294787135658,5174.68831671398,22.0972393575785,11.0566232121875,11.281077276542,16.9837353990844,34278.9215442874,21684.8021268062,580.008072147919,0
3077,3106,6.23050697769101,5683.95146271398,22.0972393575785,10.4081865214489,10.6026826463886,15.9830476073918,34290.9157601778,21704.039560976,594.104627597602,0
3078,3107,6.23450987916171,5662.69637271398,22.0972393575785,10.4332049486478,10.6288295531402,16.0216493212883,34296.9196066533,21700.5823785525,577.901529342438,0
3079,3108,6.09443838085792,5221.97813871398,22.0972393575785,10.9917632480594,11.2131552237025,16.883623509526,34275.0029495086,21689.6348479531,609.018844990332,0
3080,3109,6.29100935468665,5036.29054337782,22.0700246342064,11.2504984874633,11.4840020921683,17.2829546857517,34284.263079768,21697.6287554349,579.9190241418,0
3081,3110,6.33704517629009,4642.46566337781,22.0700246342064,11.8636031499625,12.1271290473104,18.2295818232722,34287.505962326,21686.8310196603,565.111957592656,0
3082,3111,6.24935043000727,4124.06172737781,22.0700246342064,12.8261588397447,13.1392382495816,19.7164200235268,34279.0437567943,21694.8788997085,604.543640899809,0
3083,3112,6.08662239806654,3086.32876337781,22.0700246342064,15.5947951377452,16.0653701444449,23.9971674517355,34283.7222031705,21711.3325529405,575.926343851977,0
3096,3113,5.5437244978004,4158.39072617,23.4794633731327,12.8867359081632,13.2144988301839,19.813182519634,29930.4229259943,30896.8853361239,-315.85800477682,0
3114,3114,8.21707833290799,2673.17023904369,23.4046261950814,17.428553507354,18.0303469175788,26.8398447323523,22315.7051996857,30225.2367398319,-1481.85078405502,0
3119,3115,5.76660869977563,6280.3407528172,23.1010332542072,9.82585384311836,10.0003699257073,15.086286858352,29202.0039826361,31059.457560211,23.9859842775651,0
3119,3116,6.72897766593154,3814.8934705586,22.054076881047,13.5078512637491,13.8575816589226,20.7698408181899,22502.8752964739,24971.9019691255,819.417290148999,0
3119,3117,7.90213980155916,2931.18189593192,22.0501354259726,16.15524911725,16.659941171197,24.8643300387576,33048.4040481908,32707.2247054102,925.60841881745,0
3120,3118,5.61743687968638,6785.02873086008,23.1173015452414,9.35641740415149,9.51089650066391,14.3622910324706,29198.6125652946,31067.7212950845,24.7998526330946,0
3120,3119,6.53603730637581,4738.07226553182,22.0884216693774,11.708024996334,11.9639508210613,17.9893761095548,22494.280058883,24950.2462936082,815.293306945924,0
3120,3120,6.02046397085699,3454.42474408952,22.1156450932698,14.4478495272646,14.8510801841772,22.2232345446415,32879.8333671945,32793.3559809627,932.572039958867,0
3121,3121,5.85781774660424,5817.49262886008,23.1173015452414,10.3199553913475,10.5166381940057,15.8486188390926,29174.2460921238,31079.4773399233,98.2412147048121,0
3121,3122,6.43626145389545,4420.23708553182,22.0884216693774,12.2533688524247,12.5367557771488,18.8315885112586,22479.3089588433,24936.9662396166,826.095404098155,0
3122,3123,5.7087371035192,6580.75960686008,23.1173015452414,9.53925420015464,9.7014721030184,14.644256156679,29192.8171501816,31077.002156086,94.4815138392594,0
3123,3124,5.64283877823686,10021.1987808601,23.1173015452414,7.345888902907,7.42431666896649,11.2642077035583,29234.8057601496,31076.2781657906,-25.882913838694,0
3124,3125,6.12942998857194,10417.9539915063,23.0511587136172,7.17229019990642,7.24475487774259,10.9968704409747,29731.8629513851,31753.8607981682,-712.75566726133,0
3124,3126,5.63875637642402,7693.60985277773,23.0015615465817,8.64077086835154,8.76569673185934,13.2588450837651,29293.3540835847,31067.9753013121,-85.9812225214295,0
3124,3127,5.6542506254556,8858.27357111487,23.1727603426118,7.92463617961852,8.02339896654991,12.1555877734365,29293.8923743004,31069.7910886375,-86.3981947470952,0
3125,3128,5.46855227574735,9403.63174501905,23.0961687540187,7.6361458141191,7.724389130806,11.7111521363891,29334.5777506375,31080.3496556861,-91.0909680103999,0
3126,3129,5.39852054138408,9874.15320486008,23.1173015452414,7.41237414898341,7.49303454635952,11.3665789384483,29324.682357134,31060.7604482043,-100.579080884137,0
3126,3130,4.98265759560163,8769.57979501996,22.8765565908822,7.96201943644716,8.06092354679708,12.2128398736143,29681.6649560779,31643.9243685838,-709.240851630936,0
3127,3131,5.57469186340603,10157.7820068601,23.1173015452414,7.28560200307496,7.36202307084931,11.1713853432557,29326.1910844994,31075.0370130997,-83.9610623956431,0
3127,3132,4.83852853977914,9510.26981639823,22.9136392554089,7.57688656108041,7.66238535818355,11.6196979094563,29673.9226556377,31653.750708709,-770.634082068756,0
3128,3133,5.27389062244174,10538.5661834607,23.0543359210785,7.12249374166755,7.19335378359652,10.9202146083703,29575.6474591412,31223.0082354637,456.819301777612,0
3128,3134,4.83253123010491,9638.01931911577,23.1010246370619,7.52214790303415,7.60647830191386,11.5355994596344,29550.9597086283,30808.4379763931,-689.860957072216,0
3129,3135,5.83176529586488,8075.83838701905,23.0961687540187,8.38800532891701,8.50362028438459,12.8694206637472,29299.2765149985,31086.1667007287,-48.8397389047566,0
3130,3136,5.75931877949536,3462.00926244121,22.4147038049824,14.4608084355038,14.8676764496679,22.2440704027532,27079.4844337328,26091.6206719225,-41.5495470623536,0
3130,3137,5.67353598606779,2083.08094556221,23.0639483907951,20.7567568151298,21.5848893604766,31.9959530263593,29269.2914191475,31050.407698072,-105.955807096388,0
3131,3138,6.0032454811582,3674.09498071892,22.4719673593449,13.8976979992603,14.2729017266032,21.373515073342,27165.5008988739,26387.1467232855,-10.0291273224427,0
3132,3139,5.53245886942893,2537.60433522547,22.465601770626,17.9284359841579,18.5519048133541,27.6108760939331,27415.3836851264,26436.4591599486,59.2069350054433,0
3136,3140,6.04572438800669,1870.08667849427,22.1239364608141,22.238751964991,23.1609536151701,34.2900425306695,26489.1908371184,24158.9698867003,250.489051223304,0
3137,3141,5.80993398858197,2902.42327249427,22.1239364608141,16.2759667906254,16.7889906077053,25.051381241731,26491.3740907374,24140.7038224663,300.284897056142,0
3138,3142,5.76626778058051,2663.30901649427,22.1239364608141,17.2776431337367,17.8542483016413,26.6019415394731,26497.4271297797,24138.5483484569,321.176499505025,0
3141,3143,6.67016787109393,3843.77796091342,22.4528316683192,13.4806754945646,13.8324267695234,20.7288064117044,32426.4072061875,30614.3416016745,702.708351431489,0
3144,3144,5.95094526642172,5153.56065607838,22.0230576153247,11.080451188591,11.3055301270231,17.0203758341672,33613.6468151876,28661.5832461601,522.396751216491,0
3146,3145,6.50181375761133,1897.17619691646,22.6227345513833,22.1196952628859,23.0411445606159,34.1076227923323,24534.3994840421,26997.1826818708,762.551461369758,0
3155,3146,5.85484471152121,2303.77396080484,21.9023340296016,19.0958651211247,19.7904857622492,29.4172038238528,28508.0913716319,21791.7085362131,259.200935580474,0
3156,3147,6.08143291506283,2533.35690623724,21.8976407383115,17.8566107721532,18.4681156583665,27.4976536348675,28495.8785304196,21790.3734653033,252.958962752507,0
3157,3148,6.04690404063992,2374.43931623724,21.8976407383115,18.6905016629806,19.3575400257867,28.7892047414993,28480.901752847,21782.8203048574,253.362241627661,0
3158,3149,6.09139466833203,2606.08081080484,21.9023340296016,17.5068314517816,18.0955459531536,26.956045458056,28499.2694251703,21794.9952201125,203.381158957496,0
3159,3150,5.89628348070368,2632.57808880484,21.9023340296016,17.3834994760413,17.9642213048561,26.7650866479552,28511.5079317628,21805.1161481077,244.803532293628,0
3160,3151,6.20654269248276,2387.23092213481,21.9521123982405,18.6292058328083,19.2928475483036,28.6944569879493,28478.1071343307,21790.1806617382,215.034831719627,0
3161,3152,5.98354098051841,2321.04279213481,21.9521123982405,19.0039585886464,19.6929988272187,29.2750053824332,28509.5189833506,21778.5862438758,243.597183932028,0
3162,3153,5.84354240602818,2427.78729871326,21.9557828501906,18.4094744664513,19.0584072732836,28.3541106087116,28502.8315738135,21790.2825825561,218.969624159845,0
3163,3154,5.754836037009,2553.85761213481,21.9521123982405,17.7648306744295,18.3710077079091,27.3557183735249,28496.9623536011,21795.0725652984,244.18126782724,0
3164,3155,6.0675683732163,2371.24004613481,21.9521123982405,18.7179880921418,19.3876209889991,28.8319868922544,28490.1865371548,21795.1156308674,226.68349287251,0
3168,3156,7.33529195217132,1651.70642858283,21.437693751299,24.1827921257456,25.2396433441301,37.3024796371382,29452.2496372003,16788.2546731693,1024.30297643694,0
3169,3157,7.05413597730195,2418.60769658283,21.437693751299,18.3686537171526,19.0079188069022,28.2889723124342,29456.679006649,16792.7899970383,993.153398186122,0
3170,3158,7.48458002521485,2159.73333596967,21.4520221569949,19.9063111855348,20.6502833252863,30.6711715111762,29470.8037751815,16793.6416724535,1036.52168829484,0
3171,3159,7.05245063135582,2287.88060396967,21.4520221569949,19.1065705107673,19.7955932265998,29.4320461358306,29442.3607094944,16810.8168973215,1042.65526350317,0
3172,3160,7.10646198735559,1918.85699996967,21.4520221569949,21.6736876216389,22.5433403248697,33.4107371755102,29457.4098520586,16799.8273674249,1004.67451879684,0
3174,3161,8.78420320963112,2256.32279156136,21.4401975593041,19.2935358178242,19.9951223165791,29.7216539307023,31010.0067334367,15503.4263518971,-1443.01255812844,0
3175,3162,8.35627601164106,2564.722590755,21.4175089587598,17.6250042649917,18.2152296740298,27.137323019418,31024.5535096301,15517.5985257196,-1486.64002781542,0
3188,3163,5.58802961877564,1913.89784797806,23.0115173434202,22.0649576190989,22.9884934179326,34.0244243737045,29195.9072567716,28747.6672778316,193.310609926292,0
3189,3164,5.80791789911772,2106.38306197806,23.0115173434202,20.5799763575881,21.3945741084686,31.7216640268223,29156.7202192439,28759.5064959628,144.110795635487,0
3190,3165,6.14288509164514,2409.61700679726,23.0367039732515,18.6936686002721,19.3760235869387,28.7982709424123,29204.7447095646,28716.7440271044,135.592830781283,0
3191,3166,5.93295598142676,2481.17948079726,23.0367039732515,18.3096470595892,18.9658687903929,28.2033343582184,29166.1114706253,28735.5460737393,136.827482443799,0
3192,3167,5.342658555103,3782.71130203402,23.1746609197417,13.7006513281946,14.0709851674845,21.0705975558562,28585.4690475419,29485.8122455046,-104.338025653773,0
3193,3168,5.48521663964345,4769.52015403402,23.1746609197417,11.7442953600454,12.0098486542717,18.0475456234486,28569.0473224382,29473.4986418354,-137.632832021435,0
3194,3169,5.9467746777177,4692.76986471191,21.9649106050068,11.7716186066359,12.0297846373601,18.0873225031795,34405.6298582109,29615.4392070091,220.003142890612,0
3194,3170,5.35928753428019,4545.11926603402,23.1746609197417,12.1225982630988,12.4074920772764,18.6318646988725,28568.0374704244,29475.054564063,-142.23137157896,0
3195,3171,5.91346259894526,5367.16193271191,21.9649106050068,10.789550203265,11.0006215771785,16.5712917520126,34436.9372873069,29613.8249564559,227.217103334532,0
3195,3172,5.47174228242902,4328.60368603402,23.1746609197417,12.5203348885827,12.8260518891385,19.2463345936527,28568.4834367472,29487.7644917659,-130.734457886987,0
3196,3173,5.86395085699385,5507.42350071191,21.9649106050068,10.6119760913407,10.8148822914345,16.2972644562391,34438.8932703596,29623.6003193116,209.454316242093,0
3196,3174,5.59311632709572,4125.63409603402,23.1746609197417,12.9266531358384,13.2541463707273,19.874200263793,28570.6580840824,29457.9199306366,-149.708333728961,0
3197,3175,5.94776104730449,5151.90183471191,21.9649106050068,11.0784526773657,11.3030413662942,17.0171816743681,34422.656157817,29625.8288840494,209.054251447272,0
3197,3176,5.4515631684313,3902.99528803402,23.1746609197417,13.4153539971856,13.7696934921014,20.6295474052098,28584.517831936,29455.0535682603,-145.118620629209,0
3198,3177,5.76659253436053,5234.89580271191,21.9649106050068,10.9646022142557,11.1838298367199,16.8414563545879,34434.2481168037,29626.0868904057,254.393166902502,0
3198,3178,5.45762473269563,3963.06019003402,23.1746609197417,13.2786910455647,13.6254523174172,20.4182986651423,28587.877085636,29462.4247394688,-135.015023363856,0
3199,3179,5.52059118883301,4290.45465403402,23.1746609197417,12.5940943914431,12.9037270472568,19.3603016599791,28593.660550741,29468.7966805792,-137.29750998983,0
3199,3180,6.2985322934107,5235.46615209193,22.0577083216122,10.9705802726991,11.1907107666541,16.8508551316279,34155.2367472422,28850.0749052405,569.940043994737,0
3200,3181,5.44355834255698,4024.01689434453,23.3862817055441,13.1639390929527,13.5061189983393,20.241410518334,28578.9425736715,29480.4620311742,-82.665248075867,0
3200,3182,6.12004825491223,2377.76530284012,22.1477759874947,18.7161140541104,19.3882620299478,28.8298115181905,34157.9494435402,28847.0278574068,656.149882015207,0
3202,3183,5.85719615948413,5012.90531787837,23.0879379897512,11.3614873640982,11.6073574901118,17.4562358452721,30282.0236322007,32228.0775619715,168.880654258985,0
3203,3184,6.06383509257198,4677.46953225968,23.120800873154,11.891237672747,12.1638609376569,18.2743877573276,30220.7098551247,32324.4858678759,277.736525182389,0
3204,3185,5.91647337048745,4308.63026133712,23.1014620462737,12.5523160806754,12.8591614794374,19.2955921660694,30220.4494141819,32394.3311481054,330.479033506715,0
3204,3186,6.15345581188852,3842.11400375133,21.6935382209976,13.4066414726142,13.7476261156758,20.6125298593103,23718.7613230162,22347.6285233492,225.590086809869,0
3205,3187,5.87032711553885,4786.53013930628,22.8975459900985,11.6950113556081,11.956121535837,17.9708912290263,31310.3555282117,31984.0694274439,298.248814408984,0
3205,3188,5.8447299827436,3891.82668575133,21.6935382209976,13.2922212425496,13.6270070076805,20.4357030833623,23716.7074517907,22330.2347548683,199.436228843629,0
3206,3189,5.14191237546252,3922.18669942186,23.0679957694204,13.3607702940338,13.7111769875729,20.544924011793,30853.3879064534,31353.6521266449,-400.307135511154,0
3206,3190,5.85198355915109,3431.41720775133,21.6935382209976,14.4640493960026,14.8640766982111,22.2471450670455,23713.442151933,22328.0698861449,211.285044088217,0
3207,3191,5.4142498699033,4833.23079414061,23.0299544971853,11.6312678603628,11.8901203415795,17.8727106506235,31012.3464264202,31257.9409152341,-378.296756725304,0
3208,3192,5.51592489882388,2578.62041414924,22.9998752802644,17.812412799861,18.4348072178551,27.4330087579091,31024.0704269165,31232.5466095752,-447.248126684394,0
3217,3193,5.36468858044586,1719.80766034571,23.635621843172,24.0288018899084,25.1125318610256,37.0742292474061,29238.3329271161,30105.1471036029,-407.517497604929,0
3218,3194,5.30801456591204,4721.11447234571,23.635621843172,11.8599574931655,12.1346516568927,18.2270863381723,29236.0408154834,30134.1954302774,-328.448493305986,0
3219,3195,5.4456393163224,4436.03195434571,23.635621843172,12.3580873302296,12.6587155345073,18.9966156371772,29245.0227037615,30127.4129638122,-369.546432625622,0
3220,3196,5.38785090656742,4608.49024237524,23.7200717864054,12.0571076668936,12.3425797305357,18.5317931999775,29239.945017097,30108.4764998816,-347.78328963461,0
3221,3197,5.51188110210681,4702.84962637524,23.7200717864054,11.8969973883914,12.1741898270392,18.2844643243203,29233.5940489509,30118.8857175445,-373.500586989709,0
3222,3198,5.28854613506003,4803.11197837524,23.7200717864054,11.7329838574618,12.001780611118,18.0311294163806,29244.9179919096,30106.5700102391,-397.216304561995,0
3223,3199,5.25064732306638,5478.47929438396,23.6736688497014,10.7645091744773,10.9852705032357,16.5356465472557,29631.7706860321,30677.1762905904,-337.448098820971,0
3230,3200,8.48933160090591,4780.08815389039,14.3460787523168,10.9674829310967,11.1266945042021,16.8292514867366,40584.3303544544,12607.7844803413,-1485.34650905422,0
3237,3201,5.67997281230266,3298.98612268441,23.354332698898,15.0556600591744,15.5068103711201,23.1666804038475,28403.2873787082,27581.0771335573,-260.332206737459,0
3238,3202,5.60922649491586,3285.28595068441,23.354332698898,15.0986470641576,15.5523922388192,23.2331860577795,28414.7316930505,27583.1843968773,-317.303007008908,0
3239,3203,5.26926264721537,3358.30214068441,23.354332698898,14.8731975466795,15.3133873413458,22.8844054188498,28432.8008534191,27567.6150006761,-326.613472348727,0
3240,3204,5.81985702150617,2361.75682515357,23.3385514852711,19.0150206374269,19.7234456052813,29.297276036028,29448.531138249,27914.2878128177,-784.342736282324,0
3241,3205,5.57164296301099,2965.07792476916,23.3746073258177,16.2076513569453,16.7301752665734,24.9494424584725,29461.6699418023,27908.949760986,-715.593163134448,0
3242,3206,5.40769478185937,2508.05088092486,22.7068810061068,18.1166482596233,18.755709393847,27.9032263306212,30593.9517646995,25253.4621445548,-663.727377088192,0
3242,3207,5.63401553191503,2241.47283915357,23.3385514852711,19.7400229473072,20.4992414122978,30.4208722762905,29499.7680244231,27898.7780949558,-773.104207248193,0
3243,3208,5.33467878711469,2409.72681692487,22.7068810061068,18.6365681667602,19.3107310222885,28.7086230841611,30604.2760461365,25270.0252352635,-656.638768326107,0
3245,3209,6.68886694622176,3552.20478711424,23.2633067457219,14.3051797271493,14.7109799796385,22.0055899752181,29437.8573763401,27561.0742734094,32.9735046757646,0
3246,3210,7.1646036757382,4481.15865877236,23.1612793377635,12.2354101840706,12.5260597466744,18.806108296953,28874.8333662047,27095.5851652647,1178.69643587285,0
3247,3211,7.04420011638132,4804.50033877236,23.1612793377635,11.6870939300823,11.949669082937,17.9591784997536,28873.3506801,27105.8308546178,963.520566023637,0
3248,3212,6.25572884520772,7381.15280897169,23.5759891277295,8.89560432349601,9.0333418614834,13.6524038591896,28074.314345368,28841.7586917896,-351.737137674926,0
3248,3213,7.20353723089048,2772.3916564841,21.9911830022668,16.7815551781148,17.3248134421428,25.8335029807738,36213.1541108125,23497.9387203415,1211.83985817204,0
3248,3214,6.63970908937844,5347.52872222247,23.6272001878383,10.9315690975886,11.1600401610813,16.7934556420326,28796.6866375743,29570.8870926886,-729.454691433765,0
3249,3215,6.18504391587008,7513.70527697169,23.5759891277295,8.796798887471,8.93055487968574,13.5000843591454,28067.6379973689,28820.7542055382,-178.037968099577,0
3249,3216,7.01841471589584,6068.84848721428,23.6553112775037,10.0764336435352,10.2651754503494,15.4737234849636,28705.1593031851,29684.5298843321,-637.641853702963,0
3250,3217,5.93920700090843,4483.91393117707,23.4328084027125,12.2534144464482,12.5470275293655,18.8344811819599,27991.4254290125,28770.7411804323,92.3585482274146,0
3250,3218,6.23062038677848,4411.62762296294,21.7527685596326,12.2395051924706,12.5195545767375,18.8094491546488,37035.7134224207,21632.2205390957,671.090665118199,0
3251,3219,5.96702468415225,4202.59785917707,23.4328084027125,12.791955375349,13.1142144595105,19.6666054503354,27996.4246571878,28778.3513053966,89.8270100148386,0
3251,3220,6.7411790356671,5252.71245896294,21.7527685596326,10.9251580431544,11.1411159147613,16.7801847262924,37023.1146659964,21569.4588758757,642.610491580281,0
3251,3221,4.93736533194161,4839.26316622625,21.1591943488683,11.4734207970497,11.7110980953819,17.6252815120783,37312.6109545698,20903.7290573398,-224.412767011083,0
3251,3222,10.7474462777511,5341.51857979538,21.9103689412384,10.8190111528415,11.0310880295935,16.6166584695736,36645.2571299937,20858.4625479345,-960.108955917994,0
3251,3223,5.62711302995955,3049.42071686833,22.470532825333,15.777194100589,16.2631932200588,24.2805746697081,34199.9498076248,31525.0086045578,413.632385069352,0
3252,3224,5.74584509448642,4197.84024317707,23.4328084027125,12.8016133322151,13.1243942588458,19.681530624022,27977.3029381825,28775.1385661121,103.036676742742,0
3252,3225,6.14649872733463,4264.72729286833,22.470532825333,12.5809973255082,12.8843967217679,19.3385369071693,34190.2872696153,31505.2552084567,325.372181315456,0
3252,3226,8.47373260376107,4946.26200979538,21.9103689412384,11.3706936164996,11.6088586401629,17.468196619061,36510.1795313615,20523.6890567301,-1393.91220663936,0
3253,3227,5.86604806574494,4002.64348799278,23.4336874093531,13.2155113279114,13.5609262898647,20.3212325723499,28000.7646818418,28775.8885936101,151.478498842913,0
3253,3228,8.6224485902485,4849.54584379538,21.9103689412384,11.5176453427239,11.7629318399125,17.6950681606801,36493.2655207938,20510.051987468,-1348.02062496814,0
3253,3229,6.16424872824366,3565.95244286833,22.470532825333,14.1804312936458,14.5716868704535,21.8106564935408,34176.1876083577,31510.7872365729,344.189366887399,0
3253,3230,4.81280937508525,3451.10368137052,21.3452004729784,14.3675287525185,14.7586031291754,22.0969545545578,37440.0860258963,20393.5280618413,668.010479591991,0
3254,3231,9.10791040580011,4875.55854979538,21.9103689412384,11.4776177335963,11.7209573659155,17.6332695664099,36477.7822595384,20510.2072829175,-1235.61448139373,0
3254,3232,6.79821423549149,3499.17552317708,23.4328084027125,14.4710068836018,14.8880760260335,22.2624902883619,27983.0069877703,28825.6674813004,204.017246375291,0
3254,3233,5.33352702204203,3414.78280737052,21.3452004729784,14.4704441579039,14.8673703109743,22.256077222736,37527.9867561698,20445.8320975483,755.203769865561,0
3255,3234,9.48905559846975,4802.56438579538,21.9103689412384,11.5909043796165,11.8397677010305,17.8081764675654,36490.0365746156,20529.4673910895,-1243.59039963262,0
3255,3235,4.97539692843191,3498.99446673633,21.3499725361742,14.2353072572679,14.6189525458065,21.89254474286,37523.2578468593,20470.4725512853,712.958088476983,0
3256,3236,9.27693814098694,4726.31037379538,21.9103689412384,11.7125320547588,11.967372533005,17.995974159985,36506.4821967982,20523.4004601612,-1227.26407256643,0
3256,3237,9.87739926753977,5670.80438594192,23.5741749579231,10.5205433713637,10.7291994012654,16.1589208643353,25502.562282261,30259.6947722237,-1136.83907612757,0
3256,3238,3.28999510020429,3311.97592474477,22.1465707632752,14.8704013470387,15.2985346463241,22.8768036994589,35646.4406282834,20331.0722685335,-841.659122671078,0
3256,3239,5.47002228101652,3586.04264584211,23.6186694077931,14.2520030575462,14.6579369354587,21.9242411211458,26583.7636521903,30224.202708382,706.86209045258,0
3256,3240,4.04355901337386,4723.08053364687,23.4892986995298,11.8450773874761,12.1179764377195,18.203817239711,24540.4702161716,29916.8780516776,-539.445288831381,0
3257,3241,5.96317522747947,4601.7447078451,21.9066030485794,11.9185169455935,12.1835610545711,18.3140446407165,36269.6155593259,26387.2625855846,517.962132641874,0
3257,3242,9.78900004495464,6444.22414234469,23.5711441314545,9.69265762503208,9.86390792683495,14.8815327301772,25479.0401458786,30246.2038764301,-1121.02500024959,0
3257,3243,9.35021304901881,5099.80525579538,21.9103689412384,11.1474850202635,11.3749706995377,17.1236335462397,36505.0194388423,20538.2670274803,-1214.99679791958,0
3257,3244,5.15870382060153,4627.00480927275,23.5867986992474,12.0144133470104,12.2967136800014,18.4655754746039,26546.015815722,30249.3704462095,747.39808815803,0
3257,3245,3.47603772005148,4464.39609764547,23.4878634134453,12.2934977559648,12.589622088377,18.8965204497366,24573.8128599168,29956.1417727394,-590.93338675734,0
3257,3246,5.24367468711636,3516.10240737052,21.3452004729784,14.188111063889,14.5690526231396,21.8195667378004,37513.373341238,20443.8120852087,623.113884084437,0
3258,3247,5.97438535070898,5456.2874298451,21.9066030485794,10.671735403189,10.8769998164251,16.3893755891411,36242.4768253739,26392.5147865033,648.753193208669,0
3258,3248,11.0190011719508,5901.45945034468,23.5711441314545,10.2537327629654,10.450047080362,15.7471662253098,25436.9888660264,30256.600195731,-983.141190459407,0
3258,3249,5.79146039466048,4084.84104433196,23.602045773778,13.0527102766374,13.3905211132737,20.0699729665174,26616.6908313327,30360.3025724244,758.185370483026,0
3258,3250,10.3937222104857,4688.30170785899,21.9434240807521,11.7771795190004,12.0354619518636,18.0958654193012,36462.1784887432,20540.6259769297,-1046.5156352905,0
3259,3251,6.09552564390312,5733.4846398451,21.9066030485794,10.3379784107754,10.5281427561051,15.8743989701375,36247.9470994755,26387.0967112293,682.850930313956,0
3259,3252,10.6451682790978,5690.51644834469,23.5711441314545,10.4968240135962,10.7043559825341,16.1223086299899,25496.5597811446,30280.9854606718,-1025.58626529017,0
3259,3253,10.2465422435112,4308.47715379538,21.9103689412384,12.4458410729784,12.7377222268149,19.1285055564681,36504.0301688976,20563.4357002564,-1104.56131235526,0
3259,3254,4.45869451759053,3717.75492898461,23.632011491491,13.9092104067468,14.2954103622617,21.3941659137902,26555.3628688741,30459.8470176402,908.742495454318,0
3267,3255,6.13104243045373,3391.80987944815,22.3304345823198,14.6533410655495,15.0705866729472,22.5415973053106,26925.4828731077,23989.2466568357,293.08525156647,0
3268,3256,6.02429045248002,2547.04670144815,22.3304345823198,17.8597311191714,18.4769460413204,27.5040019862336,26928.2551631916,23976.1479454528,301.010405640698,0
3271,3257,9.05138542804072,3907.96216877086,22.0401731241974,13.2906774437647,13.6284202441889,20.4341560727456,36126.373575749,21935.8304324508,-1518.32025842215,0
3272,3258,8.41089936099763,3166.90898523394,21.9945576982974,15.3123633863991,15.7651370017351,23.5600068347522,36187.931521969,21887.6093023967,-1471.11354863476,0
3274,3259,7.76370332456412,3897.17873262148,21.3171155663134,13.2416490550299,13.5703761816537,20.3566323789913,37032.2214494112,17021.5159401565,1184.10959948732,0
3275,3260,7.86815568507866,4272.63392862148,21.3171155663134,12.4601117342325,12.7479160667172,19.1492207895623,37062.8379204333,17015.6055708106,1166.74968388162,0
3276,3261,7.74760485075007,4233.60385662148,21.3171155663134,12.5356207373856,12.8272983754592,19.2658540262426,37017.7248992967,17038.099147906,1193.98544699926,0
3280,3262,6.18026720949731,3254.7612397286,22.1063532039978,15.0429672644658,15.4808723965046,23.1436048562944,35700.2350033397,22312.993598478,769.298384447084,0
3282,3263,6.4569952251394,3513.09728774846,21.8296928980086,14.2517239994923,14.6409625955995,21.9192121957735,26136.0412581668,21186.9595791063,783.716810526851,0
3283,3264,6.45327840323483,3325.77211956793,21.8447500560395,14.7919407033717,15.2124339290484,22.7546159361681,26146.8967427586,21220.1932229162,771.775764810913,0
3284,3265,6.35315370302935,3350.46326556793,21.8447500560395,14.7178754077243,15.1340571831951,22.640072444478,26138.0949831456,21205.0866602489,733.409805589487,0
3285,3266,6.57567545918247,3057.18111374846,21.8296928980086,15.6647117250778,16.1369196644122,24.104623270878,26121.3552633659,21214.4076405729,737.855869667159,0
3285,3267,6.57056838672853,2574.29577889619,21.8497075754796,17.6493195535142,18.2466441703208,27.1764924433179,26121.629856566,21214.0018724206,738.146607334985,0
3306,3268,7.25343141974905,3236.33778419217,23.022529478497,15.2143781391411,15.6718235865537,23.4113295947506,33610.3901043745,31509.4682550237,1084.28683830687,0
3307,3269,7.48254880705632,3708.75143219217,23.022529478497,13.8682994459305,14.24679122498,21.3294278297535,33608.0330830923,31514.9057912818,1058.61949458366,0
3308,3270,7.34745424762112,4047.64346819217,23.022529478497,13.0779104180074,13.4123895924025,20.1076221260797,33606.5746705245,31538.9308860299,1140.83712035395,0
3309,3271,7.03524533245607,3743.13401819217,23.022529478497,13.7822955889456,14.1559113501569,21.1964568349273,33622.8154136212,31526.8427722922,1190.99332614925,0
3310,3272,7.13009698838083,3885.57581705483,22.7499739910439,13.4132844955831,13.763887846653,20.6253497813564,33616.9505267808,31516.8031316189,1151.62129928066,0
3311,3273,7.35973280400438,4459.46324705483,22.7499739910439,12.239503775929,12.5272658085545,18.8115763377588,33604.9565701294,31504.4756490141,1127.25790266049,0
3312,3274,7.62944051369097,6731.55527705483,22.7499739910439,9.38347160436723,9.53717514995201,14.4034813155256,33606.5551026594,31509.1595212576,1088.4916310518,0
3312,3275,6.07557905824969,3539.42231274037,22.6630511187422,14.2736773262075,14.6720880176049,21.9553395823824,33654.897527817,29326.8357032467,-5.93539014786343,0
3313,3276,7.24148463192653,4418.18652305483,22.7499739910439,12.3148530735227,12.6065227970706,18.9279745430587,33613.7708164922,31526.7106920789,1111.5344898348,0
3314,3277,6.93251618758517,3362.17197905483,22.7499739910439,14.7906096866071,15.2200258886925,22.7550378384213,33628.4130339659,31503.1802956139,1158.09471831621,0
3322,3278,7.53607355979233,2802.2645286315,22.5443107581584,16.7378955879084,17.2848403664691,25.7676981390993,33969.4395706936,30760.3762610056,1162.58331802708,0
3323,3279,7.16501989155509,5051.1631806315,22.5443107581584,11.2647161381421,11.5021673970356,17.305805188537,33955.8695469349,30751.6772856404,1134.27547621063,0
3323,3280,9.50210209869165,4459.92534083691,22.8124367295624,12.2440290478549,12.5324993370511,18.8186976231674,33014.7083018524,30191.9465287835,-367.475034951159,0
3324,3281,7.07313282986678,4536.1292226315,22.5443107581584,12.085416300523,12.363701964284,18.5731346446756,33965.622109488,30720.4738400178,1138.10826714076,0
3325,3282,7.19230667590145,4355.2737366315,22.5443107581584,12.4139583684532,12.7091966098007,19.0806368471267,33965.2242092207,30735.8136872219,1139.6315205642,0
3325,3283,7.23420492661218,1514.54829595881,22.1066395441731,25.9892867554442,27.2000765900543,40.1097575424467,28843.9846814689,22711.9173659944,1155.33236064778,0
3326,3284,7.24103587865767,4917.4873866315,22.5443107581584,11.4631432437427,11.7102648256084,17.6121619029192,33968.5136652631,30725.2541628765,1083.06927434299,0
3327,3285,7.21021487025936,5338.5364026315,22.5443107581584,10.8678539945642,11.0863630434348,16.693188750729,33954.3411433433,30734.1592905705,1097.43747135314,0
3327,3286,5.89392577046909,2500.2476602843,22.4685386041032,18.1172038495773,18.7532745910761,27.9032529669792,29687.7476587146,26505.6109114296,254.03381032754,0
3328,3287,7.22197725599161,4512.3411426315,22.5443107581584,12.1272974183909,12.4077252449745,18.6378236570033,33967.8594093173,30736.1658583557,1087.16706838588,0
3328,3288,5.71948834411822,2317.7181982843,22.4685386041032,19.1167479502687,19.8205939859267,29.4517060703072,29700.1607817142,26527.6168039527,208.483927160635,0
3329,3289,5.64916826743542,2195.5179502843,22.4685386041032,19.8707683664859,20.6270687259575,30.6201709642364,29684.2986295623,26502.7462577879,196.311852492656,0
3330,3290,5.44919877125895,2175.37840293099,22.4835426558108,20.0054126628596,20.7714104924795,30.8289133203568,29641.7656616285,26520.5539101629,229.36786111863,0
3331,3291,5.56326485010599,1962.87155493099,22.4835426558108,21.547170912671,22.4241266060969,33.2191208583137,29644.5525049961,26530.7264119628,187.522005625174,0
3332,3292,5.90306578446788,2407.15225634596,22.4812355982521,18.6118326259839,19.2813521504832,28.6694867190303,29605.8064090723,26486.322547426,207.507913902328,0
3333,3293,5.71410260656958,1986.10898493099,22.4835426558108,21.3637425526626,22.227276486073,32.934688149021,29652.7200649214,26523.6559183297,201.843771581448,0
3344,3294,5.13644607602782,2004.62455712155,21.588873407186,21.0289967377773,21.8543218325583,32.4118350079551,34532.0696653423,32930.0973089709,694.615451225409,0
3358,3295,8.14932433753678,1951.088457949,22.3407072919311,21.6104104068607,22.489759435401,33.3165669704256,24191.3012254599,25992.4546652885,1198.68838125932,0
3359,3296,7.75493865087254,1933.225371949,22.3407072919311,21.7554703809773,22.6454729816454,33.5415147850301,24194.6460958789,25959.9871688061,1213.2862890167,0
3366,3297,7.90074707409926,3655.13359243532,21.5210119654665,13.8428464118785,14.2061942088709,21.2862970519922,32147.4256385479,15233.8547866336,1144.40732952602,0
3367,3298,5.99375929501205,3510.13227996743,22.4608870974513,14.3314568908756,14.7312927550157,22.0441626592259,27737.6120121935,24055.4935199712,613.676368084343,0
3367,3299,7.53073747148189,4680.02539843532,21.5210119654665,11.7557982305004,12.0098703755183,18.0619790801108,32129.1217418864,15248.46981873,1141.43154437901,0
3368,3300,6.11372111122617,3565.81400796743,22.4608870974513,14.1797338864635,14.5708594022904,21.8095532764092,27744.5596331395,24045.2607006291,619.011905206925,0
3368,3301,7.35357513318959,3704.43892845332,21.5278898757864,13.7198939677623,14.076511457881,21.0962656513539,32180.2661419157,15239.9138466258,1151.68412239334,0
3369,3302,6.15162753742172,3001.15547196743,22.4608870974513,15.950256809092,16.4468113361701,24.5483515646239,27739.0426518191,24056.6772460297,620.616637553914,0
3369,3303,6.84689747176274,3323.7848634539,21.6058593774687,14.7689210705579,15.1856495144208,22.7183473191077,31814.6942883043,16003.6074507403,797.819892684516,0
3370,3304,6.04162272690855,3889.42803319214,22.4987199911664,13.3791800444548,13.7257381326999,20.572038226232,27743.5373288625,24059.5658232828,649.2369143284,0
3371,3305,5.98007552010182,4970.08967119214,22.4987199911664,11.3804579252767,11.6232179721815,17.4844102517615,27748.9465657237,24035.2444298391,622.276693740762,0
3371,3306,7.05416695765233,5056.03533912057,22.1690596197692,11.2294527285954,11.4626313932765,17.2506552221813,34118.4557794929,29914.0948072404,1016.31462625891,0
3372,3307,6.74007429212336,5026.45442112057,22.1690596197692,11.2723031882014,11.5075403553838,17.3168049850927,34101.1193364429,29925.1272880597,1004.18415980865,0
3372,3308,5.94999913135056,3843.81218719214,22.4987199911664,13.4852710250229,13.8376772591031,20.7360203697665,27754.1167225504,24057.2079421798,609.451889496699,0
3372,3309,6.99746165525884,4324.49449688839,22.4840318538227,12.4669095912797,12.7644381882819,19.1623090887633,34121.7230494124,29928.7207117762,1019.26116236954,0
3373,3310,6.00685794004075,3784.07767519214,22.4987199911664,13.6276438003338,13.9879491373762,20.9560963188311,27752.792941903,24070.5016270571,649.330675807813,0
3373,3311,7.50504973382211,1701.98213712057,22.1690596197692,23.8432254150399,24.8873036980865,36.7792613826763,34103.105243978,29931.2688248067,963.760819958007,0
3374,3312,6.00507677955198,4015.63701319214,22.4987199911664,13.0968730761476,13.4280291641971,20.1357272528112,27744.2409424027,24070.9402129974,626.7428571585,0
3375,3313,6.06072128212719,4509.08549119214,22.4987199911664,12.1291768001425,12.4093560617322,18.6406313565705,27751.5732730264,24077.4878126701,611.37203605552,0
3376,3314,6.03842307469725,4470.18757519214,22.4987199911664,12.198559219323,12.4822972146351,18.7478012239792,27723.9632221257,24045.9459361566,611.998388654409,0
3376,3315,6.78086620663696,3457.16035468105,21.9478891271342,14.4207124260718,14.8207503572118,22.1808218141597,33700.2057418129,25282.1465348925,978.445605169083,0
3377,3316,5.99341588927228,2893.76472919214,22.4987199911664,16.3622964168315,16.8849478342715,25.1861590592927,27751.9888744833,24050.9326393865,641.112351398351,0
3377,3317,6.92648961081535,3119.41367068105,21.9478891271342,15.4653914177457,15.9268474684227,23.7966053069322,33694.3282305924,25257.5036153283,973.158971374282,0
3378,3318,5.96503000598139,3941.21696418418,21.8327945371239,13.1950575989399,13.5258237399462,20.2858881377446,34184.35259528,24430.2753109125,242.900785040606,0
3379,3319,5.99019660235291,4638.95078719214,22.4987199911664,11.9050021358744,12.1737875302392,18.2943939887821,27752.6218828672,24050.9323660066,634.017363818821,0
3379,3320,5.91557292463622,4372.07361724626,21.8315479730952,12.3192319203506,12.6039731929643,18.9327635315098,34141.6666015666,24374.7563643899,296.570867913965,0
3380,3321,5.96080607690607,4878.42134705429,22.5181155074951,11.5208928607229,11.7706688988635,17.7012787703448,27751.3591765527,24064.1039009473,594.511496550269,0
3380,3322,5.83596979756129,4439.79609492581,21.8155734708654,12.1939466060358,12.4721727591187,18.7392199437619,34123.2947344763,24371.010469015,328.392702287696,0
3381,3323,5.93876137474061,4043.43771305429,22.5181155074951,13.0386665476572,13.3668380870607,20.0458205646855,27735.9573623845,24059.8322237529,639.641340444241,0
3381,3324,5.7008536892473,3861.23915292581,21.8155734708654,13.3748387872683,13.7151807721901,20.5636795097411,34131.496610332,24356.4078785383,312.944653192685,0
3382,3325,6.00196304401933,3955.50992105429,22.5181155074951,13.2312781668153,13.5699030269685,20.3434905241088,27751.4596683996,24044.0082921016,655.739725303383,0
3382,3326,5.80711922957571,3704.08364292581,21.8155734708654,13.75175659251,14.1127917751162,21.1462488329953,34135.8782315259,24361.1084036326,289.204056400375,0
3383,3327,5.95609699171456,3567.38977505429,22.5181155074951,14.1818409154029,14.5736215241806,21.8129586142361,27746.3788919632,24059.908290314,648.500671739829,0
3384,3328,5.98091600572225,3577.78604705429,22.5181155074951,14.1539835940947,14.5441702496268,21.769884278032,27745.5843914279,24054.5250219149,615.251740032016,0
3385,3329,6.04980011698846,4106.58625505429,22.5181155074951,12.9048719918055,13.2258471035315,19.8390666653147,27743.0075901246,24056.8823504314,618.570669978123,0
3386,3330,5.98595724838027,3940.35603305429,22.5181155074951,13.2652461431224,13.6057258246818,20.395989140178,27739.0207121613,24052.5690474207,604.467247355919,0
3386,3331,7.42434870604864,6421.36816535649,21.8871564934281,9.618225348455,9.77708988058284,14.7641889583057,34577.1650232516,29997.7128133737,1243.59785906792,0
3386,3332,4.58045882062362,4589.73174902271,21.2992819898836,11.8874049038893,12.1462721762007,18.2647226528225,35341.765526463,29652.7367968496,512.473097852719,0
3387,3333,7.37752407605019,6095.55957335649,21.8871564934281,9.94095354087703,10.1135622704005,15.261913323331,34562.2425496685,30003.8161657267,1254.597278899,0
3387,3334,6.31631767105936,1619.23412705429,22.5181155074951,24.8355864801208,25.962926361782,38.3210194712256,27767.327080499,24076.5028385251,623.780160474223,0
3388,3335,6.15301262552363,1540.84359305429,22.5181155074951,25.774496795359,26.9760659010771,39.7784854706004,27764.1992948394,24049.7064610294,643.753203271866,0
3389,3336,7.56597382306804,5395.81557935649,21.8871564934281,10.7471419652526,10.9557449917916,16.5057052486382,34579.9052561376,29994.6561361163,1253.73212747342,0
3389,3337,5.28681915270014,4499.78866772656,22.2766096170544,12.1266593474957,12.4050221194305,18.6362769433048,33952.9864945953,30455.4543195812,-2.19066712203747,0
3410,3338,6.04826591597512,2608.28257386144,22.2504634164966,17.5517365583136,18.1477101667786,27.0267712794001,32008.1215083855,21829.9426958351,306.925016606456,0
3411,3339,5.87692843069558,2423.24119325226,22.2541967089145,18.4852753202008,19.1432480720109,28.4726124675628,31982.035210398,21829.3032689813,291.244559370907,0
3412,3340,5.72180333351209,2298.37579925226,22.2541967089145,19.1921227429381,19.8982171752037,29.5676851022725,31990.2219067185,21839.6249281914,261.924483146409,0
3413,3341,5.97041785494286,2426.6715432566,22.2555602690777,18.4670330473367,19.1237954058999,28.4443595999213,32031.990901339,21872.7131112158,226.038893373642,0
3414,3342,5.98006865536284,2473.74776586144,22.2504634164966,18.2173564411107,18.85731032467,28.0576042747921,32013.0081782742,21825.770683449,251.795927744276,0
3415,3343,5.80174191697268,2326.48192986144,22.2504634164966,19.0262799044574,19.7209419771854,29.3107164237152,32029.8627054643,21863.6130793541,314.353877752615,0
3416,3344,5.78546582233939,2332.95757386144,22.2504634164966,18.9887448362431,19.6808387447492,29.2525622505855,31992.1123298033,21818.6422711868,295.065841560649,0
3417,3345,5.50859393981077,2230.16127725226,22.2541967089145,19.6088737732572,20.3438089053963,30.2134599210118,31982.2250305019,21824.3379938056,300.293891552168,0
3418,3346,5.57937413949122,6615.36949199008,22.6592348223772,9.48229395855418,9.63966239467022,14.5557386939152,31062.0418963213,30262.0653496131,4.26901878468264,0
3418,3347,5.33844546933277,4439.26766174011,22.264726449743,12.2341500995663,12.5179196072217,18.8022805157486,31836.5269023177,22181.9768913317,-1.23129362224511,0
3419,3348,5.48896652157717,6006.72503399008,22.6592348223772,10.0821713216239,10.2654722197374,15.4809993762462,31091.7073444246,30259.7803380878,70.4047363505411,0
3420,3349,5.5498194087443,5150.25507387862,22.6702477526445,11.1327163897766,11.3646516869177,17.1022606424336,31098.7501590532,30275.5802891681,37.153348862491,0
3421,3350,5.54865961707341,2329.16499387862,22.6702477526445,19.0859327376897,19.7903890393478,29.4047121381871,31064.8623703649,30254.6517271665,29.3915220478703,0
3438,3351,8.18152610644228,3971.69860520976,21.8127078834787,13.1255840161763,13.4524425803776,20.1784828746138,35309.9360299945,24513.3174477462,-1526.87633540749,0
3439,3352,8.37374378008822,3543.35898320976,21.8127078834787,14.1676282647701,14.5519338184612,21.7891458166816,35318.9042492773,24529.4380607836,-1510.47452530159,0
3440,3353,8.17377658798587,3569.42397506607,21.7573983147523,14.0916657137906,14.4711538274241,21.6715588976005,35342.7360359938,24509.6073243908,-1462.30992667128,0
3441,3354,8.14432866765086,3351.10226306607,21.7573983147523,14.7054698722927,15.1200524404351,22.6206452984072,35311.9548117667,24518.293755679,-1522.31404195212,0
3446,3355,8.16169720064848,3801.42383306607,21.7573983147523,13.5089495722082,13.856084569153,20.7708059055685,35317.1652236877,24520.6192550356,-1500.2152416614,0
3447,3356,8.33059973718093,3722.71690918422,21.7150102463542,13.6948343559537,14.0517967291004,21.0580077316467,35348.2898105969,24489.1587867707,-1491.30671428091,0
3448,3357,8.2323381406409,4045.14152306607,21.7573983147523,12.9613734641343,13.2789952569224,19.9246151460126,35323.0084455948,24507.0469920201,-1494.43043039347,0
3449,3358,8.40366128413815,4254.45460106607,21.7573983147523,12.5358344556176,12.8311361113752,19.2671815638874,35321.538304916,24487.9288657419,-1497.01164391083,0
3451,3359,4.47747267931781,2360.68981860944,21.3282741091998,18.6655411554285,19.3230952935742,28.7483907143283,36104.2891046873,24231.3966390293,373.721125741464,0
3453,3360,6.15355594001902,3825.09248863965,21.7315812576335,13.450375912017,13.7940810184836,20.6802145536595,34780.1699328761,19495.2311764515,563.029576275385,0
3454,3361,6.29003723742054,4301.73512863965,21.7315812576335,12.4424569622508,12.7327265197131,19.1228813898686,34776.5789333384,19504.1176387391,593.135363490963,0
3455,3362,5.85206982964404,7091.19587263965,21.7315812576335,9.02814675898447,9.16211188055337,13.8542076290797,34804.6143377217,19523.8363609972,540.598465988501,0
3456,3363,5.41644971086576,7552.90175055342,21.7883092031307,8.68265629928716,8.80346616634938,13.3218075157044,34558.5875786153,20180.6464585581,541.359489973354,0
3456,3364,5.56643833735244,6895.28592438148,21.5237507351601,9.1767782345879,9.31557058440951,14.0830176042035,34852.5717005769,19552.8136931996,435.166483860162,0
3457,3365,5.70710520787315,6366.36113055342,21.7883092031307,9.66489863916751,9.82516881089393,14.8360092587791,34566.8959915123,20180.6524978229,598.669829003728,0
3457,3366,4.9287127623861,5754.26594997947,21.5320091020206,10.2894382176255,10.4751184780181,15.7988697737887,34954.2410903717,19560.9295863124,221.816127664731,0
3463,3367,7.23676806073191,2509.00920498947,21.5662183228298,17.9228345755662,18.5343958854392,27.5990235399104,36036.4423305043,24694.2341795178,1173.66779649924,0
3464,3368,7.35768298187748,2772.68245098947,21.5662183228298,16.7170771304621,17.2512087694225,25.7323066639034,36015.1836367397,24731.3824626131,1082.50431437342,0
3466,3369,9.51208686259452,2989.08284769496,21.7313741256457,15.8954241869202,16.3805707411779,24.4612886674651,22624.5125920678,24527.9425430925,-1187.46492152394,0
3467,3370,8.78855418077512,3234.07804569496,21.7313741256457,15.0616766827616,15.4968166588057,23.1714772385597,22608.6917091859,24518.7430075926,-1206.13611698389,0
3468,3371,9.12123331785502,3178.85886369496,21.7313741256457,15.239473068073,15.6851287272455,23.4464884554022,22621.7796599743,24502.4891357927,-1236.61813500921,0
3469,3372,9.24290610592486,3220.64285926163,21.7595909881049,15.1079811865418,15.5461465498564,23.243178965813,22615.4969917358,24509.5676684561,-1259.95800459239,0
3470,3373,8.83145998790512,3335.14200797987,21.6972986203812,14.7458864611989,15.1622071104307,22.6829809896364,22598.8855286646,24497.0783135584,-1244.48695313838,0
3473,3374,5.72272142794288,1692.20489075616,22.5234513638991,24.0364742293706,25.1016906531333,37.0808570296004,29065.494918516,26613.2815969644,209.406370425171,0
3474,3375,6.8809851575006,3645.47057075616,22.5234513638991,13.9766797141593,14.35682048234,21.4957557036538,29017.5377549334,26500.5651088808,65.0339373674497,0
3475,3376,6.11172996834523,2350.91444675616,22.5234513638991,18.9341205907666,19.6261689664986,29.1689483715841,29068.0041593591,26598.8811545998,176.629952808822,0
3476,3377,6.35320546024504,2508.46151370215,22.4023558832192,18.0644537946392,18.6961628952633,27.8213185888065,32440.1499706258,29021.5739798336,239.712822647794,0
3477,3378,6.0485284779021,6871.38630422799,22.3770527115714,9.24268081630531,9.38861554823758,14.1858567014332,32532.2244466443,29030.8455342029,373.002686723528,0
3478,3379,6.3036560610243,7347.72058022799,22.3770527115714,8.86218662443126,8.99283113733518,13.5992945453098,32571.3328821351,29034.0900228904,436.445397383493,0
3478,3380,7.7301656371199,7289.231365326,22.1968568139178,8.89756707077351,9.02872034932304,13.6535833661248,33352.2054358634,28295.5619274525,761.827854771637,0
3478,3381,7.04880830877572,4406.21725452456,21.9350819964077,12.2655007492243,12.5483094422682,18.8499963004375,33420.5594188132,28288.7356291119,713.971188917814,0
3479,3382,5.73881871994976,3823.11045298856,22.3730758990626,13.5212731431531,13.8745674453357,20.791365525724,32498.6200385439,29026.4906894813,274.990656352041,0
3480,3383,6.0623964807038,5470.30596849994,22.2766423134155,10.6797433904893,10.8877586306206,16.4023922151913,32693.0100066774,29297.9707003644,585.113462529403,0
3481,3384,5.34647339958734,3947.93530481868,22.4900134015294,13.2454501344695,13.5846088575087,20.3653275652386,30994.0100177602,28807.167537453,-113.650684942721,0
3503,3385,7.19937873234156,2685.82064356543,21.8946910633809,17.1412112664978,17.7062374576017,26.3899458090964,29022.6034022719,20774.2417505704,1035.30567215757,0
3504,3386,7.21279244847943,2565.33842356543,21.8946910633809,17.6997507111373,18.300938185845,27.2547403760244,29009.4180753239,20775.1753605154,1041.10650439827,0
3505,3387,7.23651518873452,3009.82310356543,21.8946910633809,15.8422601784191,16.3259741962112,24.3795275428152,29012.8965002417,20795.8337898381,1056.38047933438,0
3506,3388,7.35588800024026,2801.08837113107,21.8788680725698,16.6455786954436,17.1789230545545,25.6226627509719,28978.8105376115,20755.5325528205,1054.77324969267,0
3507,3389,9.54319043053064,5105.19088876611,21.6769480733554,11.1223418446108,11.3470262286166,17.0843786103613,34376.2807252316,31913.310217682,-1196.44833622902,0
3507,3390,7.39039026738285,2594.65502956543,21.8946910633809,17.5594968785419,18.1515386966911,27.0375653973882,29011.373809399,20789.4282237298,1037.30151546023,0
3507,3391,5.92639235186013,3495.26961957372,20.8958430848724,14.1928143415383,14.5695914164716,21.82561670316,35409.4727868809,31758.5167821225,554.823106926811,0
3508,3392,7.21486456603217,2654.78600956543,21.8946910633809,17.2806678945988,17.8546574643031,26.6058504802619,29004.3801208812,20765.900927663,1001.25245320535,0
3509,3393,7.21199545359788,2563.66444756543,21.8946910633809,17.7078474083209,18.3095641716549,27.2672780088349,28994.4292342683,20777.8651603698,1035.85464102368,0
3510,3394,7.48902921624734,2579.89483006374,21.8353218828548,17.6201764364126,18.2154195956344,27.1313161272043,29017.9988424939,20811.4479038297,1045.84897526166,0
3511,3395,7.06741378312313,1987.35137806374,21.8353218828548,21.2142777836637,22.0568238678369,32.7001499469003,29036.8659848261,20789.3055315291,1001.30285448264,0
3512,3396,5.34641676395764,2881.79416706034,21.8583322814345,16.3187110869381,16.8313672247602,25.116699318537,32783.6460139124,22938.2756378241,-33.9539028783078,0
3529,3397,6.23994787534205,3037.10296009908,22.0176392562361,15.7608566321033,16.2409548264892,24.253944887216,28241.8865806882,22701.5472555601,736.90005108487,0
3530,3398,5.19166962263353,2304.40288149154,21.9075760676306,19.093124159477,19.7876305349271,29.4129773575236,32078.0281132581,22071.6463135946,-48.9031028030185,0
3533,3399,10.3120658051152,4948.19392414703,21.0595546069484,11.3012896287285,11.5300506061253,17.3593774513083,36553.1830134112,26754.601667068,-1051.54615453901,0
3533,3400,6.75219399051619,3414.53537323377,20.3828706326699,14.355963640823,14.7366523614616,22.076390953756,37700.3268406869,26667.3556354245,608.759755244802,0
3534,3401,10.3072620687999,4312.96408414703,21.0595546069484,12.359759922226,12.6403428107029,18.9936419713977,36549.1952701545,26776.4559506333,-1051.03523848231,0
3546,3402,9.03457536675918,3221.03387064918,21.644054842716,15.0921851143848,15.5282112128248,23.2184139125635,23993.0347811146,20395.5166414696,-1274.57157851381,0
3567,3403,5.57012514197421,2834.16322250305,22.0973220561726,16.5424070676578,17.0718065849349,25.4636738650054,31657.1241660418,23721.7778346066,-120.338660643347,0
3568,3404,5.63865177846183,3890.13371450304,22.0973220561726,13.3370775111831,13.6778433549009,20.5060038989061,31604.7759222556,23709.0376726084,-50.9408522488816,0
3573,3405,6.37924064268708,4513.8186344274,22.0390383084719,12.081532368848,12.3557864688554,18.5660772159538,33214.9317006726,25458.9752457595,644.130641122472,0
3574,3406,5.8666134813561,3850.7479304274,22.0390383084719,13.422084683349,13.766979684935,20.6372438537652,33224.4569577955,25487.276901202,679.01536699211,0
3575,3407,6.0622075429443,3377.3871644274,22.0390383084719,14.6613192805698,15.0761543461919,22.5531434303348,33235.1213920906,25497.4542426329,607.126034832173,0
3576,3408,5.98459948111429,3388.6865024274,22.0390383084719,14.628142358788,15.0410501246291,22.5018357337089,33230.7085599332,25485.6449627266,698.587346061159,0
3577,3409,5.91684272493421,2926.3607624274,22.0390383084719,16.1720621406663,16.6776709628854,24.8903145910007,33235.4654946314,25483.3069166015,644.809209753185,0
3588,3410,7.13297595999282,2060.5770088778,22.0850898360404,20.7195048888298,21.5303563665961,31.9341761276662,23750.646238746,22402.5514725516,1239.42938046386,0
3596,3411,5.99823521531524,5096.55911429705,22.2118861902873,11.1746597745699,11.4055080555972,17.1661528112766,33647.7739997415,19824.9365293899,560.709619299226,0
3597,3412,6.00672867239285,5085.25977629705,22.2118861902873,11.1907563502529,11.4223747909672,17.1910008106653,33646.0667474104,19839.3548115146,547.088395399576,0
3598,3413,5.88539793716192,5057.43951284449,22.2103790827465,11.2305433683832,11.4640588449702,17.2524174882705,33658.0585782988,19743.4360966609,438.99055949717,0
3599,3414,5.96619127984433,4350.86840238573,22.2107930762312,12.3926278268136,12.6841439723483,19.0469637546087,33695.1026903634,20260.7270278435,302.992740237547,0
3600,3415,5.84802815311904,5550.70701467145,22.4000859074491,10.5883318262447,10.7929197893177,16.2615431209077,33706.6311736927,20270.9815208017,318.329157517747,0
3601,3416,5.96508296728515,6045.89554667145,22.4000859074491,10.0245015484577,10.2037478336425,15.3916165596583,33718.6684076807,20263.829759467,335.470540870097,0
3602,3417,5.49379346844718,4450.80887542324,22.4376579054428,12.2282436881515,12.5130409772932,18.7935247104139,33308.3515783892,20644.8257041798,716.382026421584,0
3603,3418,5.78236694566977,3715.65037492614,22.4615393131045,13.7918138199555,14.1609646124806,21.209793201306,32793.4669264082,19263.3932166917,261.491858697007,0
3604,3419,5.87070168600047,3672.31876376661,22.471075144765,13.9021281969339,14.2775738121063,21.3803620667283,32763.3296378359,19276.4652403728,226.18477930618,0
3605,3420,5.71112768466438,3653.61868976661,22.471075144765,13.9500151496268,14.3281666578051,21.45439783924,32743.2689181075,19269.968068617,235.478250079811,0
3606,3421,5.83567523834138,2226.24578576661,22.471075144765,19.6744808226331,20.4170557078698,30.3159751310189,32763.2235040087,19264.239314139,227.204836612965,0
3607,3422,5.74065382702227,3146.31585776661,22.471075144765,15.4418554784666,15.9074159366204,23.761714833517,32737.514613857,19274.9934118617,234.374728716377,0
3607,3423,5.64132376814634,2822.81549616534,22.7863960119023,16.6878716651921,17.2343996636024,25.6910226163612,29230.131972828,27253.6018423177,456.202516933492,0
3608,3424,5.90624758210111,2910.74328816534,22.7863960119023,16.3361022919421,16.8603157214498,25.14649966646,29215.9232332968,27239.7367270656,424.664995851046,0
3608,3425,5.6884206761672,2571.59143976661,22.471075144765,17.7623610786908,18.3749076002324,27.3536930425623,32753.8949193225,19279.0987837837,282.374076217638,0
3609,3426,6.20519684527899,5121.84844649568,22.3671026141479,11.1503726465698,11.3811148466373,17.1289530598567,31595.3651983135,18365.81287016,569.951047764625,0
3609,3427,5.93428297313147,2826.40573416534,22.7863960119023,16.6731194183098,17.2187057534703,25.6681852012859,29200.9152284012,27227.0562134305,424.171715302303,0
3610,3428,6.16884489430142,4930.92822300328,22.4540386131883,11.4358037719664,11.6809549324004,17.5697755237344,31594.8679421332,18368.5474499916,580.437122440327,0
3610,3429,8.88800899309653,4551.78412861916,23.128763848564,12.1070605153665,12.3908124069781,18.6077694791662,30435.5550492106,31609.9690804018,-1294.03567369242,0
3610,3430,5.6164364187721,2680.0151993721,22.8439076277685,17.3124422775605,17.8999826431519,26.6582128495255,29206.508141506,27242.1897831971,452.443799401717,0
3611,3431,6.23346263766568,5297.33073300328,22.4540386131883,10.9160098909078,11.1361978498311,16.7673534144275,31602.0288949485,18369.2111836051,550.868365127293,0
3611,3432,8.6478798558355,4714.22587861916,23.128763848564,11.8308738140031,12.1004846652698,18.1811712501382,30433.9381145979,31589.4922942187,-1292.33621151584,0
3611,3433,6.04863233881626,3834.8163533721,22.8439076277685,13.5416094796199,13.900147089842,20.8239356562852,29209.0669922306,27233.2506044625,394.846302743437,0
3612,3434,6.28393646445289,5190.46058100328,22.4540386131883,11.0609577987529,11.2880148218537,16.9910888187038,31586.1990365927,18367.5181294229,572.891886705179,0
3612,3435,8.80978469426653,3671.76298560188,23.1378445982443,13.9746753355546,14.360260572982,21.4941889504887,30429.3375191658,31581.7423705998,-1320.89919104954,0
3612,3436,5.97367975255568,2558.9603033721,22.8439076277685,17.8838117281423,18.5090392268506,27.5430638727603,29229.2252165137,27257.9163253429,443.050598954686,0
3613,3437,6.19871998950005,4388.22960900328,22.4540386131883,12.3443781473529,12.6352979964031,18.9729546695219,31602.6475376717,18377.6824127145,548.683368180488,0
3613,3438,8.83905430525385,4008.77578406498,23.1496702512012,13.1747265107191,13.5155528191173,20.2575470360162,30404.1879854616,31581.6354179054,-1316.66096920195,0
3613,3439,5.78594466042186,2728.7587373721,22.8439076277685,17.0954665895044,17.6688856008369,26.3222459841432,29216.6942824232,27247.6934685921,444.398852842286,0
3613,3440,2.85095839075563,3027.80631036008,23.2537300072043,15.9583317841735,16.4638966009805,24.5631921076598,29582.9316917079,31441.694687942,-820.151375315633,0
3614,3441,8.5908715604871,3942.99114960188,23.1378445982443,13.3203349158044,13.6690908204556,20.4825835342816,30432.1558772759,31578.0257461855,-1293.52729893424,0
3614,3442,6.47830394222547,3172.84801870383,22.4795250117996,15.3543105243005,15.8146679047527,23.6262955553769,31633.509173569,18514.3810159799,463.976477575755,0
3614,3443,5.8742185718409,2738.8466453721,22.8439076277685,17.0514409038595,17.6220076178388,26.2540798495552,29193.4132747235,27244.7254677006,439.34742428123,0
3615,3444,8.80519679137705,4459.47882360188,23.1378445982443,12.2726839179421,12.5651005823404,18.8636422452789,30438.19528212,31576.1883738471,-1230.0034552654,0
3615,3445,5.97284471328375,2925.4729433721,22.8439076277685,16.2869728516897,16.8087276265658,25.0706307309988,29206.660677773,27239.7911175817,420.994607634622,0
3615,3446,5.81444917430735,1884.98837550276,22.5330648206199,22.2037639107486,23.130029620063,34.2376156314019,31715.7233929092,18710.2441009688,459.409364372805,0
3616,3447,8.57344226526488,3805.48283160188,23.1378445982443,13.6416529918004,14.0083413431318,20.9792970306702,30445.2320048636,31581.6717078878,-1216.67120351271,0
3616,3448,5.65917895769933,2836.7962673721,22.8439076277685,16.6388156144134,17.1828660463981,25.6152608023865,29209.1722158989,27256.468573689,458.647417195195,0
3616,3449,6.06441834223824,2090.12812296445,22.4927343815241,20.5909385846881,21.3987079767669,31.7365591376413,25647.3653957294,23327.7388329131,671.489292914274,0
3617,3450,5.7011089178629,3008.7091973721,22.8439076277685,15.9738786442283,16.4760424921313,24.5860494867071,29185.345029642,27228.4123035568,471.394024294074,0
3617,3451,8.70285958414988,3962.08769160188,23.1378445982443,13.2772888262122,13.6236651263984,20.416046438515,30448.9449042271,31575.2741715853,-1248.63416677614,0
3617,3452,6.20186559532709,3614.540635328,22.5365937085302,14.0586650205605,14.4435842962408,21.62254950787,26138.9748304961,23800.6048626247,534.803015689188,0
3618,3453,5.29391871629277,6581.93882892907,22.9733780982107,9.53019968733691,9.69126810676899,14.6300804364236,31389.9879616252,31526.0358032258,488.821651323857,0
3618,3454,6.118385005492,4332.169741328,22.5365937085302,12.4569880424206,12.7544110573109,19.147095348241,26143.4544603186,23854.2819902361,585.339043816351,0
3618,3455,5.79546791450525,2697.3937133721,22.8439076277685,17.2342644751031,17.8167045838163,26.5371583526238,29191.1356255272,27226.4354886622,402.638427303765,0
3619,3456,5.94768022578434,3560.598961328,22.5365937085302,14.2021657317271,14.5952833272356,21.8444337973323,26137.3670063776,23836.7690937102,566.651018219486,0
3619,3457,5.98580975840078,3678.08001654609,22.8264944733516,13.9254030128325,14.3053847672642,21.417234166013,28493.9786183662,27016.5304303605,434.120758683371,0
3619,3458,7.8473560328452,7718.33750703424,23.1583396139572,8.63075751343905,8.75601290552578,13.2436115270765,30419.1336606266,31554.4853362103,-1223.63811805375,0
3619,3459,5.23868641341201,6417.04968039706,22.9270363554294,9.68220755921141,9.84953281815468,14.8644529833944,31330.4817392996,31447.9207574197,673.322937155739,0
3619,3460,7.22958260992556,6196.43544946196,22.9953342579437,9.90420569180274,10.0815694192727,15.2069886253838,30914.9437117446,31137.0401564642,-136.259194341447,0
3620,3461,5.93387585363646,7452.98969092296,23.1302434135923,8.82029025535628,8.95289596644447,13.5357179028148,30677.9269471055,30923.2128070311,223.832957215728,0
3620,3462,5.86630969408246,3102.80842588126,22.803313441098,15.6330617735845,16.1137478610359,24.0585192882141,28500.5642785146,27037.3855100374,450.456396026248,0
3620,3463,4.81312349252667,5670.09836342049,22.9008856200793,10.4775080569411,10.6801036021712,16.0913813387975,30784.8548131261,31512.9960567269,-716.760560068662,0
3620,3464,5.28582088790051,6557.63868662447,23.237515270246,9.56724086767275,9.73129283972086,14.6875960934359,30201.2299746567,31443.3937127809,1198.59706582279,0
3621,3465,5.78331412510102,4468.07022292296,23.1302434135923,12.2564370496249,12.5479494462018,18.8385273661988,30643.7339044313,30922.2741535527,283.530871227767,0
3621,3466,5.97269300209586,3040.85440394607,22.8014543610643,15.8515303975278,16.3456511619653,24.3965822308879,28500.8811522563,27066.7057400881,413.783771982319,0
3622,3467,5.88885095318151,3984.09292492296,23.1302434135923,13.2274069229011,13.5709693015011,20.3389275286382,30665.715243606,30919.0708248838,259.343888008452,0
3622,3468,5.91301160533966,3255.58076188126,22.803313441098,15.1259888658895,15.5759098438356,23.2739785066997,28504.3473204989,27039.4067974579,441.916097941418,0
3623,3469,5.8605095796408,3073.73631892296,23.1302434135923,15.7771771993306,16.270169903372,24.2824753146022,30656.5154642747,30898.6359569777,275.98713174405,0
3623,3470,8.08417620057798,2979.1789580825,21.9278167384334,15.9586655600371,16.449870225838,24.5597472676446,23044.8561240294,22226.2178948486,-1391.53815254498,0
3623,3471,5.74684893176086,2968.82426788126,22.803313441098,16.1164233763669,16.6270352911214,24.8065386147747,28490.1059210174,27005.4419789816,418.42982658697,0
3623,3472,7.29975121072954,2585.37484694924,22.5841774242602,17.7137831718681,18.3245269905071,27.2788488970964,32112.8180006748,18369.6692012507,983.525142110703,0
3624,3473,6.85904410682993,3595.09073894923,22.5841774242602,14.1151816451192,14.5037635239941,21.7100564710914,32107.3679206476,18357.4134908329,957.075028959039,0
3624,3474,6.30420692035324,3286.70141739534,23.0245574382807,15.0545999463258,15.5024416669254,23.1641463499997,31276.1781518221,30428.4524712627,701.17395617417,0
3624,3475,8.57594984694236,3236.9712620825,21.9278167384334,15.0770539164687,15.5151389526861,23.1958233148994,23004.5863715451,22227.5837838664,-1350.1764800892,0
3625,3476,7.2720824676373,3860.98861094923,22.5841774242602,13.4537155552725,13.8051218360929,20.6874498300182,32127.7320728806,18352.4448143,985.366993835837,0
3625,3477,9.2967084744861,4390.43836384145,22.496725465021,12.3440283614682,12.6352613205399,18.9725057656625,33326.2114361869,30835.0632194466,-1120.07198341055,0
3625,3478,8.62040522153468,3421.8795320825,21.9278167384334,14.5187992003444,14.9242836631372,22.3324425594323,23029.800981266,22241.110234204,-1349.69982752432,0
3626,3479,7.03967577363462,4065.58812494923,22.5841774242602,12.9976288194658,13.3241355415699,19.9825542766898,32104.0120249169,18373.5309835918,997.934507032348,0
3626,3480,8.35075021066791,3361.4401880825,21.9278167384334,14.695199532839,15.1108961030634,22.60523381382,23053.0268271457,22250.0067402667,-1333.20812759466,0
3626,3481,9.66038118876127,4091.56756984145,22.496725465021,12.9343282933617,13.2567065753755,19.8845357635997,33344.6509428716,30835.5448658707,-1176.37160950805,0
3627,3482,6.95927730558804,3522.38291294924,22.5841774242602,14.3115518591205,14.7114054780325,22.0137033751331,32123.295510478,18348.8398853214,996.212761598747,0
3627,3483,8.55787112966336,3478.5744560825,21.9278167384334,14.3583327222116,14.7546002200811,22.0843118612338,23047.7201853546,22247.838581044,-1342.57157278783,0
3627,3484,9.52481012373888,3907.09981984145,22.496725465021,13.3384744733754,13.6827802087728,20.5091182921364,33309.641814756,30858.3038025737,-1128.70969354609,0
3628,3485,7.20010636510858,3557.53640894924,22.5841774242602,14.2157106346234,14.6100496870898,21.8655006379173,32097.9415679144,18362.1526184018,943.586484775378,0
3628,3486,8.60934694423292,3623.2412240825,21.9278167384334,13.9693207516322,14.3435360440776,21.4828593107118,23060.1897622254,22200.9970804701,-1386.2298685165,0
3629,3487,7.07965193453853,3386.152032781,22.5580628148847,14.6967193125919,15.1187313658199,22.6093003151226,32118.4624872986,18351.5015755136,994.824273322651,0
3629,3488,8.6231783399001,3705.3321260825,21.9278167384334,13.7606913260417,14.123253113098,21.1603441835219,23037.6716793233,22194.6748480689,-1385.6373518376,0
3630,3489,6.98575085184069,3699.49494834673,22.6587891872139,13.853244048996,14.2276292115673,21.3052537626603,32127.4055634654,18362.8939220211,954.949830798921,0
3631,3490,7.17877449128856,2299.04061324694,22.6328773433045,19.2570621180966,19.9728347674129,29.6697398913878,32116.2821946627,18360.5391260778,1023.60968510961,0
3632,3491,8.89961578921854,3772.72082249626,21.8671957086168,13.5891266601562,13.9416503099589,20.8950008989301,22920.6281419086,22343.1231920089,-1383.11822282759,0
3633,3492,8.61394265701639,4570.50144773918,21.8835438073616,11.9698556599369,12.2372957488908,18.3932783609007,22927.8036668843,22459.4537283061,-1375.13345695871,0
3634,3493,9.19937759152601,2828.26687373918,21.8835438073616,16.5352952975097,17.0617653087206,25.4519825169461,22912.4254609505,22432.3883498121,-1416.8051617346,0
3643,3494,10.6402606560749,4079.44738586038,22.6785719762869,12.9771853617046,13.3033696818029,19.9511772383553,32690.9471981499,29551.2352965139,-998.482430556643,0
3675,3495,6.38602687251905,4847.53341887872,22.1941824349143,11.5432345203807,11.7918085012066,17.7351397008649,35674.2779650074,19210.2428304302,736.836656011858,0
3676,3496,6.38388631128485,4810.15289803645,22.2341951328326,11.6048453021681,11.856734465078,17.8303484695052,35662.490238747,19230.5892320871,775.942198896977,0
3677,3497,6.42689184113905,5691.70189487872,22.1941824349143,10.4055137467211,10.6004903339812,15.9790899661164,35670.9224522216,19231.5623729585,725.164831130704,0
3678,3498,6.35182340771645,5023.93965287872,22.1941824349143,11.2778740307747,11.5135533099953,17.3254531133514,35665.4963921412,19216.8934800088,736.290141486115,0
3679,3499,6.48339268794745,4086.24878087872,22.1941824349143,12.916673803754,13.235596933854,19.8565628051023,35672.9701782588,19203.4277341124,711.288750123188,0
3682,3500,6.63873175114061,2578.50872501562,22.4168554828819,17.7202091878085,18.3293013972558,27.2882288975645,27225.3296490533,26585.1235484744,900.373272948518,0
3683,3501,6.93799298166516,1964.85755135333,22.4416789118358,21.52223801829,22.3967116736038,33.1802773625156,27238.3366342761,26646.9765544259,919.024055521546,0
3684,3502,6.75352864221925,2500.10050981572,22.3431128034476,18.0971915973406,18.7303240607478,27.871815255965,29350.6660734767,25245.8955274945,285.276068584561,0
3685,3503,7.24182138568143,3479.35157714117,22.4434015620596,14.415202219552,14.8197056744025,22.1736194330306,28954.1974894806,26390.6849025727,1172.53040982155,0
3685,3504,7.07663492511864,2065.46671949495,21.6064443148635,20.5848412259679,21.3787797457882,31.7234152201201,35598.0984950326,27120.6720675046,1112.70199450944,0
3686,3505,7.18532160339542,2922.21414628158,21.6114505762436,16.1279545961434,16.6259908945687,24.8207228466021,35599.244079579,27109.2259065076,1085.696208166,0
3686,3506,7.56609774673209,3050.08702894953,22.4434630324896,15.7712443041831,16.256587610192,24.271287958973,28979.5447167492,26373.2376827981,1081.41708001784,0
3720,3507,5.53876782913657,4711.75051458884,22.2838417522728,11.7666554578491,12.026923198245,18.0803071364086,32353.2257397884,24013.2813167755,-79.0481602625874,0
3721,3508,5.37587596419646,5392.83848658884,22.2838417522728,10.7788396194104,10.9914941383909,16.5553374538143,32356.5357068006,24027.8405661853,-85.778931883503,0
3722,3509,7.93197569329642,5990.42382649768,22.2995243400268,10.0773522098065,10.2583335563851,15.4729820874379,31532.488910828,24011.0496970383,1091.65935010092,0
3723,3510,7.41580083240132,6592.65871849769,22.2995243400268,9.48286567962013,9.63832681492187,14.5560855175904,31485.2760587182,24029.9984816083,1093.83309757002,0
3723,3511,6.92406616529843,4798.48267937166,22.2657668473991,11.6257780289238,11.8789267736313,17.8627331594008,31444.2971520938,24034.4201719916,1084.67191781337,0
3724,3512,7.26697679964108,5646.70809649768,22.2995243400268,10.4656126129311,10.6639639650059,16.0720020250062,31496.6358828632,24023.4402385146,1100.35131626819,0
3724,3513,5.95007302137639,2279.54444772962,22.8399876347417,19.4122987303732,20.1416854146042,29.9110772500926,32418.3400081505,29791.8913766926,248.28868499635,0
3725,3514,5.90416386851134,1539.99947172962,22.8399876347417,25.8770981075291,27.0929225320479,39.9394525961581,32409.5538386955,29766.8197391409,226.625941708217,0
3726,3515,5.78329800123946,2429.87189772962,22.8399876347417,18.5495282862828,19.2195025771755,28.5742563854612,32381.7987426809,29803.1453624687,257.404438854741,0
3727,3516,6.09677398964042,3278.62178172962,22.8399876347417,15.0576608508266,15.503852495604,23.1683763637556,32407.9140920221,29747.9102711499,265.425344527543,0
3728,3517,5.75005378355672,2875.56800772962,22.8399876347417,16.482007147044,17.0160408284005,25.3725092930898,32423.0105028174,29755.2093388391,236.343006424076,0
3729,3518,5.84965870239918,1865.78603772962,22.8399876347417,22.4411782128899,23.3901481422364,34.6072338048979,32400.1054535765,29779.7788451941,285.910638769494,0
3730,3519,5.77115812040769,1755.67672132876,23.1465221421157,23.543891308215,24.5817967567031,36.3194398741685,32386.3504456814,29764.2192552453,244.768602862835,0
3731,3520,5.78526758247203,2268.53010532876,23.1465221421157,19.535752933474,20.2779554486978,30.1035525620132,32381.2504377485,29773.7738761312,297.068050155218,0
3732,3521,5.67526640331282,2218.42095532876,23.1465221421157,19.8513105805505,20.6157653325934,30.592638441597,32402.3372294856,29769.2389481643,302.216453619179,0
3733,3522,6.08378167250868,1875.23384932876,23.1465221421157,22.4279157151693,23.3807961801676,34.5880151641613,32386.0290646256,29740.6742290042,271.59021968712,0
3734,3523,5.66254488173834,1957.25867332876,23.1465221421157,21.7360010870058,22.6371595126674,33.514794645257,32375.9702892307,29758.8487658021,240.419825853878,0
3735,3524,5.52030906863459,1715.23698532876,23.1465221421157,23.9541734564285,25.0238124126394,36.9561213740871,32375.1494116239,29758.4468020884,299.949565477149,0
3736,3525,5.90599737998749,1509.97669132876,23.1465221421157,26.3525465638758,27.6123881025816,40.6792710493341,32409.075352841,29756.1421769914,219.456979542637,0
3737,3526,5.70042663797595,1755.47848732876,23.1465221421157,23.5458593571374,24.5839164310049,36.3224937529223,32405.1979182076,29751.2196469079,217.437941568579,0
3738,3527,5.87103605322975,1983.07314532876,23.1465221421157,21.5292710341421,22.4151301225632,33.1941811454175,32404.6169726213,29747.7117078967,222.107479143006,0
3739,3528,5.67390683978924,2449.01114932876,23.1465221421157,18.4981280956617,19.1685406338688,28.4957101049982,32403.5385482941,29770.2112454255,258.105192126795,0
3740,3529,6.01473005435917,2129.02243394495,23.3161003753555,20.4814752563625,21.2933562098049,31.5701617889399,32408.7592937256,29773.5449345698,208.820013045827,0
3741,3530,5.74442789765824,1477.38322394495,23.3161003753555,26.8412550330444,28.1440111778872,41.4390806177947,32430.6199177749,29748.3793424839,246.954777268691,0
3742,3531,5.65306510320368,1511.06097794495,23.3161003753555,26.387375922779,27.6532205510455,40.7342361579944,32395.7449579175,29783.512708613,254.311970758632,0
3743,3532,5.72328999997849,1360.97581394495,23.3161003753555,28.5730061681159,30.0188256021037,44.1290079370846,32390.8627398479,29759.1590898483,217.089779401727,0
3744,3533,5.5285376918662,1542.16168994495,23.3161003753555,25.9848485532502,27.2181720067786,40.1091981137887,32418.4429603328,29770.7134680915,337.661926975971,0
3745,3534,5.45745470973837,1705.66068794495,23.3161003753555,24.0967649435233,25.1803932296978,37.1782149812677,32358.5605033408,29728.5159629605,308.427705777252,0
3746,3535,5.78592141828572,1743.61148594495,23.3161003753555,23.7061480607991,24.759426882067,36.5720118763219,32410.4375624655,29767.7531055817,245.252585199179,0
3747,3536,5.85401153555092,2196.26781194495,23.3161003753555,20.0271300695599,20.8064309723265,30.8658176014826,32404.2293753322,29770.3949803363,247.365224315012,0
3748,3537,5.50257914880257,1492.58116394495,23.3161003753555,26.6340381755216,27.9199111733432,41.1172775831414,32409.3700946163,29777.0521120847,309.589632427068,0
3749,3538,5.72676402901212,1513.81422794495,23.3161003753555,26.351112715232,27.6140192130968,40.677924875698,32419.4433068055,29743.2221229183,254.435562244378,0
3749,3539,5.47611593743844,3306.96412666967,22.1823013820515,14.8900648898736,15.3197147846388,22.9073162524162,33733.0366345431,23976.3033278981,-19.8363465836189,0
3750,3540,5.53547276290951,3371.61127915279,22.3355853890933,14.7135304537143,15.1343450150469,22.6346993807256,33593.7305106753,23900.691077011,-21.967474731561,0
3750,3541,5.85716937334209,1640.43550503862,23.4613421237606,24.84579332263,25.9907772637371,38.3415172761274,32409.3626318199,29748.8263600811,204.672402228364,0
3751,3542,6.34018107805568,4530.59752894241,23.3300187737893,12.1612205100907,12.4492634417714,18.6918440120853,30109.4042886746,32099.7651914622,853.885368014548,0
3751,3543,5.79907475349751,3603.03846115279,22.3355853890933,14.0669036654528,14.4504308219246,21.6347747688696,33597.633653455,23915.3830993444,-11.7825658226704,0
3751,3544,5.97641261876161,1873.71287103862,23.4613421237606,22.5125439302588,23.4767994171474,34.7206745866554,32355.2054398175,29730.4979446756,239.710236936585,0
3752,3545,7.60375339642792,6704.5257418876,23.332255731994,9.43894823763879,9.5980220542804,14.489872492182,29825.914881739,32200.0322226305,1240.05803914286,0
3752,3546,8.24251073049218,5752.19194300564,23.2787297967244,10.4054406359531,10.6069975950703,15.9807981833177,31074.1200954669,32048.2720089084,1240.96222269302,0
3752,3547,5.71681380417061,3059.17421703862,23.4613421237606,15.8719914003387,16.3743411968995,24.4301641558189,32389.4727606772,29776.5292750481,271.215638323489,0
3753,3548,7.50407485025036,7061.5451758876,23.332255731994,9.13455556470732,9.28088528625594,14.0204861272499,29793.6995293945,32207.2608231485,1201.21957467753,0
3753,3549,6.09618520187117,6380.7545132039,23.261954598146,9.73634745267021,9.90783808084105,14.9484643744303,32069.9071264196,31608.7907574072,586.913591299866,0
3753,3550,6.0811579427686,3664.42667103862,23.4613421237606,14.0278824670147,14.4194070077039,21.577258332412,32388.2043405024,29795.9119854108,232.531888141731,0
3754,3551,6.0496300108888,5291.5688132039,23.261954598146,10.9809252806063,11.209445419307,16.8690067977517,32098.0838895771,31656.3589085445,590.777454613999,0
3754,3552,6.27174759568126,3655.46208903862,23.4613421237606,14.0511633111554,14.4440303242857,21.6132591419169,32378.7641699204,29808.7697617239,231.81783991164,0
3755,3553,6.25569464842659,4880.1892112039,23.261954598146,11.5758082232035,11.8335010920772,17.7875114880411,32075.0009264031,31633.9903436926,604.816070770797,0
3755,3554,6.24979586827146,3579.73670103862,23.4613421237606,14.2519881570985,14.6564979079927,21.9238258283609,32383.40680025,29791.5983507853,210.924781440214,0
3756,3555,6.46900372195124,4294.92092103862,23.4613421237606,12.6108399874028,12.9235856351037,19.3867892117812,32406.442574484,29799.5865097022,202.237903881904,0
3756,3556,5.80459904363611,4419.7356812039,23.261954598146,12.3562322510085,12.6539583035064,18.9929755848411,32121.1647120905,31594.1468224995,555.63325403834,0
3757,3557,5.90877952222947,3281.83505103862,23.4613421237606,15.1223491083884,15.5785775909101,23.2701457252984,32413.7603844751,29764.2714147781,240.645990071976,0
3758,3558,5.94075891047982,2072.76183303862,23.4613421237606,20.9117810154699,21.756980100972,32.237918707378,32409.167809761,29780.0096590449,246.589500208843,0
3758,3559,6.99793474286414,2344.13280579579,21.4712192146221,18.7843920442547,19.4519041509042,28.9330327242901,26624.7487848557,19318.4053877953,844.487509375318,0
3759,3560,5.84279092547371,2067.32141103862,23.4613421237606,20.9517194762425,21.7998358861703,32.2998477744618,32420.5297209537,29768.0604593893,273.894609525412,0
3759,3561,6.64626116304962,2705.86233675203,21.4430722266808,16.9834706795042,17.5329180410911,26.1442357455162,26746.9704293024,19287.85280275,794.941736457162,0
3760,3562,6.03385998951518,1584.95653004855,23.5294934337607,25.5136664912053,26.7130285179209,39.3786914897414,32437.0377915696,29752.7902775701,221.490842790838,0
3761,3563,5.96710911225187,1950.14761004855,23.5294934337607,21.876636253778,22.7941238951005,33.7345366253677,32430.3211091106,29782.875756207,212.768172609376,0
3762,3564,5.84672549749101,2163.00687404855,23.5294934337607,20.2895510631467,21.0906223957977,31.2734470514442,32402.8190912299,29744.3745460376,253.620362728358,0
3763,3565,5.59547868975472,1921.51381004855,23.5294934337607,22.114967862721,23.050308763555,34.1042203992108,32412.3668911304,29775.3320579906,262.876227087999,0
3764,3566,5.87608040895288,1886.82286004855,23.5294934337607,22.4127273662386,23.3705032020724,34.566120990179,32409.7870490251,29762.9096292309,196.434460649513,0
3765,3567,5.65787887475613,2248.46775404855,23.5294934337607,19.7309707105593,20.4921459201664,30.4075573077077,32397.5006632093,29770.1316459664,224.83009031567,0
3766,3568,5.83100560613334,2722.37917004855,23.5294934337607,17.22524689002,17.8150981515018,26.5253983263797,32361.591997048,29751.3698940437,282.523745992572,0
3767,3569,5.77603712140917,2210.18656604855,23.5294934337607,19.9762464918724,20.7548683567359,30.787754392922,32409.5737629576,29786.4264924121,249.136513109546,0
3768,3570,5.74252668660125,1824.18091604855,23.5294934337607,22.9770864516604,23.9777712306805,35.4416934090692,32433.9491979322,29780.713738907,287.911676347108,0
3769,3571,5.9940248315339,1885.45724804855,23.5294934337607,22.4246574202769,23.3833351085421,34.5846283639559,32392.3993740534,29771.146146425,240.405756958284,0
3770,3572,5.60689584571026,2246.54513160391,23.6735280168319,19.7695122018367,20.535372179268,30.4678352656298,32409.5875703618,29787.4620404185,305.41694545676,0
3771,3573,6.80966853646577,4613.94081894161,21.7638692796419,11.8858961200097,12.148234019729,18.2633722297363,36061.6713267036,24796.6499558055,1017.91207701978,0
3771,3574,5.51368469873506,1336.82727960391,23.6735280168319,29.0864898124794,30.5826592318841,44.9288056035133,32360.8563821063,29770.0126187645,267.45656941801,0
3772,3575,7.09190569878869,4720.72286694161,21.7638692796419,11.7095847843382,11.9631972234865,17.9911242171297,36065.001799518,24823.2598188373,1032.26173330657,0
3772,3576,5.79169343924963,1710.36621360391,23.6735280168319,24.1369547794942,25.2297804121266,37.242264659769,32373.8655994001,29753.2553289138,236.234226900497,0
3773,3577,6.811895156585,5131.41966294161,21.7638692796419,11.0920540740087,11.3159093755929,17.0377952831768,36074.001768287,24880.0393884525,1099.67164500329,0
3773,3578,5.67409322635113,1565.47918560391,23.6735280168319,25.7919533121096,27.0162540849549,39.811489274267,32425.5936172958,29772.0766028964,214.514725159889,0
3774,3579,5.98896427211739,4592.22180159655,22.1102684524128,11.9518395013323,12.2200898825596,18.3659290893137,35168.1143997873,24720.7781147069,571.132006655941,0
3774,3580,5.76867056896389,1763.49292560391,23.6735280168319,23.5942378547739,24.644781594317,36.3999834034088,32402.1687809416,29770.8408868717,254.988869157891,0
3775,3581,5.88047386675375,1884.52579560391,23.6735280168319,22.4650478540899,23.4290333133738,34.6479092412874,32417.5522429021,29766.4697998571,247.569219860825,0
3776,3582,6.03239928119337,1729.55085960391,23.6735280168319,23.937371992695,25.0145988687284,36.9325038859219,32395.5702493102,29763.7076549237,201.886983053779,0
3777,3583,5.6662698286749,1809.10877160391,23.6735280168319,23.1520918001122,24.1685103006769,35.7138754706904,32382.2840915963,29779.9276425307,201.287301734813,0
3778,3584,5.65162747706005,1197.29256960391,23.6735280168319,31.6797079487191,33.398003954799,48.9590961643475,32430.8509556486,29767.1773243027,267.280383636837,0
3779,3585,5.57463200602543,2024.56710360391,23.6735280168319,21.3163060493146,22.1943188119974,32.8660810411103,32434.7002663466,29764.1445931842,265.687597672926,0
3780,3586,5.68405855552773,2557.57323483758,23.6302274549535,18.0158246441282,18.6595342547029,27.7501980736558,32398.1910098421,29778.4092444106,270.611538263688,0
3781,3587,5.88856969990982,2620.19315283758,23.6302274549535,17.7105755721104,18.3337751110799,27.2773704836434,32414.4552433564,29772.3773352101,208.971584795369,0
3782,3588,5.80667258160088,2474.95370883758,23.6302274549535,18.4401614901184,19.1127122699283,28.407582381577,32409.1665047607,29750.436706143,236.303764089949,0
3783,3589,5.60588894636479,2269.03263483758,23.6302274549535,19.6206301337925,20.3753475635484,30.2369039524866,32404.003987834,29772.5191382666,266.653518964653,0
3784,3590,5.87483754628631,2962.25693283758,23.6302274549535,16.2526867796798,16.780800730946,25.0199080611417,32401.7934947361,29782.0614421491,196.031142577726,0
3785,3591,5.78709460061403,1230.88117683758,23.6302274549535,30.9885905050414,32.6461306544886,47.8845475516735,32376.0311072245,29728.7362600498,278.59325459173,0
3786,3592,6.824765965965,5019.64536963148,23.5456208708153,11.3856581421138,11.6358035369758,17.4944093251422,29206.8049513648,30961.6641542118,1069.23516307452,0
3786,3593,5.80231873910333,965.379772837581,23.6302274549535,37.5417305273767,39.7819994059304,58.07535820136,32431.44110468,29779.0155117572,228.732440211057,0
3787,3594,5.85664981239482,945.754606837581,23.6302274549535,38.1659151073479,40.4632999969497,59.0464952045835,32401.7903099615,29768.2319316537,244.532855859403,0
3788,3595,5.61853008573209,855.55813683758,23.6302274549535,41.3893455869376,43.9853609001469,64.062734211346,32388.2819359052,29744.8106641069,287.520293971324,0
3790,3596,6.04759880082599,1331.61469654912,23.5551395537975,29.1346851448829,30.6325170827942,45.0030245766564,32373.6112188599,29767.6986549017,120.111742677708,0
3791,3597,5.9270631722757,745.282576549122,23.5551395537975,46.3051407288523,49.364570405534,71.7149599151646,32408.8419165021,29799.5298656918,174.584619207723,0
3791,3598,6.28617709982532,2448.70783720121,22.5640212571042,18.4017469784403,19.0581403400586,28.3443388402238,32566.2994157051,25216.6377742399,-98.4233731811739,0
3792,3599,8.59793240614827,3044.80348854638,22.8394318032326,15.8423483234509,16.3363056904084,24.382484228659,32663.5570856693,26376.9654687294,-1328.06483926858,0
3792,3600,5.90211252383313,1292.21018254912,23.5551395537975,29.8169324555343,31.3725467232003,46.0631624191268,32369.1380944293,29735.7354942909,295.202308102521,0
3793,3601,5.90625938447255,1312.36397254912,23.5551395537975,29.4631270598136,30.9887165772155,45.5133704970262,32323.035905782,29725.6110776417,178.176204427348,0
3793,3602,10.9060233001405,3016.69831254638,22.8394318032326,15.9440565390298,16.444318773921,24.5398834959038,32703.1029234192,26494.6882657604,-959.484421041854,0
3794,3603,5.83598728425694,1068.69033454912,23.5551395537975,34.5887124179784,36.560531263077,53.481438551391,32415.9696359578,29775.4975722098,257.47678211842,0
3795,3604,5.39321857767152,730.899598549123,23.5551395537975,47.058683676707,50.1903970515364,72.8883326908334,32411.4173870195,29780.4240354542,231.482384598059,0
3796,3605,5.66075100484573,836.888710549122,23.5551395537975,42.0980319267777,44.7584091032805,65.1652240304801,32398.3937407033,29793.1437263061,231.340072979018,0
3796,3606,5.772606161929,1051.40231424956,22.7917636177999,34.7038638865817,36.6675359172937,53.655387894907,29211.8932529751,26539.6256821394,123.776212048324,0
3797,3607,5.36191476664805,1363.59644854912,23.5551395537975,28.6085192297528,30.0621193981513,44.1855145526378,32398.9378803777,29749.4277768098,301.33605714346,0
3798,3608,5.64063421716064,1016.92923454912,23.5551395537975,35.9789485588609,38.0755010081222,55.6437182492831,32411.8382331529,29758.8843516419,332.770337427595,0
3799,3609,5.64501839913952,938.847064549122,23.5551395537975,38.3544111442158,40.6671712265743,59.3392435172585,32401.6588653525,29764.1163338601,295.414502809666,0
3800,3610,5.98920539010725,3230.79450812351,22.0437112158959,15.11116268361,15.5524651767474,23.2489126374041,33912.3163242211,21378.4103338016,138.947275197069,0
3800,3611,5.73242225450238,1042.47772323534,23.5111323502318,35.2568092090906,37.2873370076075,54.5202056454209,32391.477406257,29746.8789937614,291.7846662738,0
3801,3612,5.88657312402686,4121.30568812351,22.0437112158959,12.829348824704,13.1423787001388,19.7212885242142,33912.114607548,21362.1486083234,187.765013523348,0
3802,3613,5.8305165246338,3947.05800212351,22.0437112158959,13.2031117805523,13.5361404077188,20.298838983783,33917.8571039001,21361.3817698579,202.096938982255,0
3803,3614,5.85389955486254,3312.92946212351,22.0437112158959,14.855026089956,15.2812194586215,22.8527376054222,33930.6882684899,21368.545577646,180.332122757771,0
3803,3615,5.70223564077939,1195.27208523534,23.5111323502318,31.6603897056037,33.373449763425,48.928076587276,32434.2359329654,29773.9990165563,200.710712031218,0
3804,3616,5.844871102745,815.565871235344,23.5111323502318,42.9697272120479,45.710889067957,66.5217611029355,32400.1631925968,29783.8901087666,180.034628009798,0
3805,3617,5.63898312540041,1141.08812523534,23.5111323502318,32.83018314784,34.6453410640494,50.7466722436619,32431.3181537498,29793.6831269599,261.213342699958,0
3806,3618,5.52306729283364,2078.86710123535,23.5111323502318,20.8771793499955,21.7205743744055,32.1844644267986,32390.1302794504,29796.8196146254,280.546526496005,0
3807,3619,6.00559270639157,781.755961235344,23.5111323502318,44.4884809071739,47.3733639093398,68.8860975317123,32354.7842232214,29759.1451267159,175.662883087009,0
3810,3620,5.7739171314167,1023.00361982445,23.3637014493072,35.7226307575376,37.7914153877601,55.243727086593,32416.5731063864,29779.5712678309,229.500953396496,0
3811,3621,5.73222608952194,1203.26440382445,23.3637014493072,31.4411845866308,33.1320141510815,48.5864337330772,32430.5359586598,29795.6356503556,209.318620412825,0
3812,3622,5.64462992084156,2714.53434182445,23.3637014493072,17.2355760048184,17.8241894328548,26.5408659206789,32427.8107407992,29760.1587340733,208.517172844344,0
3813,3623,5.95162782971212,2253.79447382445,23.3637014493072,19.6670931327356,20.4214979117956,30.307928321147,32377.091954965,29752.9643563068,214.726979374558,0
3814,3624,5.70360954675406,3359.87411582445,23.3637014493072,14.8695352497283,15.3095960968644,22.8787648205187,32384.3327560637,29759.9260620656,219.209378871152,0
3815,3625,5.93963053621473,2092.03552982445,23.3637014493072,20.7523747352251,21.5845492677891,31.9903607794296,32431.9655020679,29773.4026967613,225.899381336926,0
3816,3626,5.86608895278414,2415.00276782445,23.3637014493072,18.7196220336968,19.4079726596594,28.8396438962619,32417.1776330891,29774.607852473,220.873028925437,0
3817,3627,5.76749535361323,2456.98432382445,23.3637014493072,18.4916947644055,19.1644240690626,28.4865022320032,32406.9451149606,29785.2699457144,261.215404421221,0
3818,3628,5.70701832097717,2434.51780382445,23.3637014493072,18.6127730062665,19.2937872932341,28.6740924850249,32402.0036686171,29774.479155599,209.400685721809,0
3819,3629,5.65912874275156,2527.66575782445,23.3637014493072,18.1236710638318,18.7714050529173,27.9163635518006,32399.7898190775,29789.2727986476,231.183277250798,0
3820,3630,5.98346074999529,2400.97381773262,23.2025213776472,18.7698771587273,19.4596071310629,28.9169383618894,32400.0030394205,29765.9646029034,226.503727159555,0
3821,3631,5.93149545637366,1563.14882973262,23.2025213776472,25.6901233676041,26.8976916050609,39.6510166904993,32432.8908353732,29753.2977419613,285.230624657262,0
3822,3632,5.86650602031813,6557.68134327396,23.2180286244285,9.56612102324133,9.73002173053841,14.6858403520151,30572.3707042247,31790.3623543992,536.731213451073,0
3822,3633,5.81253697990929,2902.68204573262,23.2025213776472,16.4251897222621,16.9596354814487,25.2856647351362,32392.0523500805,29773.1157372842,276.970765790189,0
3823,3634,5.99093451554605,6661.02733527396,23.2180286244285,9.47174268947915,9.63161531702709,14.5402838985183,30567.7823493384,31790.2964327515,564.238675591545,0
3824,3635,5.85030231492251,5161.56243592759,23.228878982413,11.1575029377248,11.3943402558221,17.1415500934384,30570.38909462,31796.7265655356,562.225597578427,0
3824,3636,11.8170355196683,5074.45653187397,23.2001663150024,11.2797507423933,11.5223637307063,17.3302412998614,31551.7180317806,30825.8471079817,617.191662988228,0
3824,3637,5.72653912930044,2404.40987373262,23.2025213776472,18.7507902309091,19.4392085346112,28.8873648434667,32372.4426572268,29739.9929083779,230.809875081943,0
3825,3638,5.987410250472,1628.78630973262,23.2025213776472,24.9099774998746,26.0554768337652,38.4398897737219,32379.4117756611,29736.2198508007,195.372492966887,0
3826,3639,6.44477422260111,3820.60815431851,22.0159923345836,13.4903958306776,13.8388287850084,20.7427679312327,25129.2743832281,21507.4929788083,709.411307090714,0
3826,3640,6.24507700530496,900.584723732621,23.2025213776472,39.479498269422,41.8865873611221,61.0873049208134,32425.4501482254,29788.4306535711,297.631740500398,0
3827,3641,6.38870683075776,4848.00394307852,22.0268746251858,11.5292690324756,11.7759605072341,17.7132459561668,25167.1017962741,21543.1059348808,732.608609610895,0
3827,3642,5.04599504120368,3930.60453477312,22.0391833448899,13.239470759374,13.574427629687,20.3550172477781,24805.0502306925,22216.1744632555,-108.108378785473,0
3828,3643,6.20396997159016,4352.66821031851,22.0159923345836,12.3718675747638,12.6607733013968,19.0144702797886,25155.0257893384,21554.8242765617,734.50874284885,0
3828,3644,9.42455469783167,5012.78043724712,22.0495189087545,11.2831504970106,11.5180788844793,17.3333210041643,26314.7610139236,21271.2666769976,-1411.0894165003,0
3829,3645,6.26466725044776,3991.4345237222,22.0559063148688,13.1063729900776,13.4342899686163,20.1493729971112,25157.4972297364,21580.1447167863,734.390344976527,0
3830,3646,6.17509148651621,4061.37013453566,21.9560846063849,12.9462303678572,13.2647313086701,19.9016817049827,25181.9130773241,21558.5306354211,775.483889879507,0
3831,3647,6.34165747438769,4643.07679453565,21.9560846063849,11.8531065508204,12.1152574350207,18.2131373887451,25173.6748880013,21560.554167909,778.997270781913,0
3832,3648,6.39937218515667,4175.8839584551,21.994234827661,12.7133586528998,13.0198609051506,19.5419679136448,25171.9683369883,21580.0519821082,744.294724374934,0
3833,3649,6.45347942665418,4061.50229053565,21.9560846063849,12.9459506811186,13.26443673652,19.9012495459011,25170.0991666375,21568.5997863665,828.4046192704,0
3834,3650,6.0673878786791,3213.54526340932,21.5501024340372,15.1042393377974,15.539989486934,23.2367865929659,33195.4500236329,15185.0089551839,491.023219168157,0
3834,3651,6.26807067721041,3548.21175373233,21.9566010079923,14.1707710853816,14.5566283247373,21.7943836099946,24767.624048932,21640.1504715272,813.012543957564,0
3835,3652,6.11598884464974,5251.58008964397,21.5228468208132,10.9099010053917,11.1235971293793,16.7562090960066,33197.2158764429,15181.0114265564,434.235657997516,0
3835,3653,6.40110489585225,3567.45498009451,21.9418143186094,14.1175510745193,14.5002527297332,21.7120617637096,24701.9351934983,21658.8144973895,797.208849153272,0
3836,3654,6.11340633166937,5257.13064164397,21.5228468208132,10.9024791280781,11.1158315227513,16.7447551931612,33212.7698740929,15193.4001579886,437.331962767138,0
3836,3655,6.5271267015505,3996.45538209451,21.9418143186094,13.0841912677024,13.4099409295193,20.1148266001306,24680.0026489346,21629.6678453113,792.905450510593,0
3837,3656,6.00746088936986,5330.08075364397,21.5228468208132,10.8061922212994,11.0151024552511,16.5961639552579,33197.7798651021,15182.5455862964,448.388900791201,0
3837,3657,6.32081663939169,2873.54787609451,21.9418143186094,16.3629556118566,16.8793244684794,25.185437430849,24687.6459661344,21645.6968051308,768.266705101513,0
3838,3658,6.12462198697026,2648.46823340932,21.5501024340372,17.2553556994813,17.8234485193825,26.5654864879603,33225.7562488663,15208.9388243744,439.502735043834,0
3848,3659,7.81584205306334,4331.28160433917,23.1855460581784,12.5161596737256,12.8217394373301,19.2399066903372,29423.1798834259,29777.6539248258,1270.76467038045,0
3849,3660,5.37201917643411,3171.34907304401,22.9921409290434,15.4238240280019,15.89367367172,23.7352997091314,32328.7363125415,29756.9309320938,348.228312194157,0
3850,3661,6.08047741454877,2160.72882100435,21.8705273218215,19.9825131381147,20.7379943204609,30.7909681164528,26564.8885741028,20637.0844451734,691.062141997361,0
3851,3662,7.21753118989951,3616.09872960966,22.9526814371875,14.0997763901903,14.4908592306321,21.6871685078942,29940.8231291766,27810.3679093051,1019.1907849881,0
3851,3663,5.88865511618178,1886.02208445052,22.2736491813047,22.1357411295733,23.0527507630893,34.1309557388659,29365.9096919239,22424.7291205036,541.298325412577,0
3852,3664,6.11426881795333,4055.03243445052,22.2736491813047,12.9903286212981,13.3138554301502,19.9705594218645,29371.9683288743,22443.0413206881,548.398776821155,0
3853,3665,5.98320026059028,4011.44298045052,22.2736491813047,13.0841029502209,13.4126720759076,20.115469293225,29396.8986795966,22455.509871075,536.41507378423,0
3854,3666,6.59134872729237,1873.18353284283,22.1617809334815,22.2206395934745,23.1421190728877,34.262122951453,24411.8256791361,23810.1865136843,1018.88135310768,0
3854,3667,5.85071121997019,1895.28614171932,22.3000583640425,22.0627448159854,22.9747741249184,34.0178635651903,32213.678905947,21405.1953350765,-53.9446164291545,0
3855,3668,5.79931757799858,1546.78585388395,22.3148358035122,25.6421390472804,26.8293289207408,39.5719442674765,32176.8137752004,21409.8154297555,47.5030241759516,0
3856,3669,5.85473742152984,2795.02960337533,22.3199113574198,16.7352862509078,17.2794647913881,25.7629426863458,31739.770778856,21545.1656206106,24.2607679909876,0
3857,3670,5.54937530251071,2618.03584925143,22.3348142814343,17.5191929997372,18.1140814000093,26.9766650398078,31743.0207827348,21573.3187647784,11.3583183375936,0
3858,3671,7.13015051578974,3975.10626969083,21.6079977216344,13.097743123623,13.4213387541418,20.1349729761654,31364.7362350408,16322.3968118377,1044.6980963454,0
3858,3672,5.65711747434712,2166.38553737533,22.3199113574198,20.0331166775878,20.7987090183826,30.8712019336512,31724.7854800348,21543.9555127154,37.0780339629097,0
3858,3673,5.92342141600548,2031.41277862915,22.2562968686687,20.9696973933767,21.8011343657813,32.3227637323371,26049.9273824675,23640.8445999348,482.356738133917,0
3859,3674,6.00069602383544,2925.44681729924,22.2437976850013,16.2040626046532,16.7139593559429,24.9404718494928,26053.9161023506,23607.9017407688,499.670395037792,0
3859,3675,5.82065834978728,2565.05613737533,22.3199113574198,17.7698386580467,18.3809892328854,27.3647528591457,31779.8077953661,21476.3128175733,107.209476873369,0
3860,3676,5.81030173790352,2435.3051054401,22.2957965254939,18.4276181662946,19.0822571000397,28.383450950545,31815.5258218873,21469.9809155182,83.5824648917051,0
3860,3677,5.94384729652819,2776.86600838339,22.2452530581692,16.8003134786601,17.34775555432,25.8633645859688,26072.0513539174,23632.8666223979,493.781836326882,0
3861,3678,6.0481336073891,2860.30239558163,22.2325812761499,16.4568766364703,16.9824545943567,25.3317184679306,26040.0607372544,23614.6383271526,473.623729281338,0
3861,3679,5.79764372493061,2313.32850457994,22.2968302133657,19.1115145957129,19.8126550906165,29.4429511630799,31802.6226410638,21479.1380979453,92.5043985872094,0
3862,3680,6.02158847718753,2800.30357158163,22.2325812761499,16.700632129474,17.2415942550833,25.7090192622888,26071.9473577334,23617.7592536486,507.253378012572,0
3862,3681,5.67026851221157,2094.19183057994,22.2968302133657,20.5224686215691,21.3224282172535,31.6296149433223,31789.7927310233,21467.2645719432,128.343967691699,0
3863,3682,6.1029502435098,2758.2503174401,22.2957965254939,16.8865976485285,17.4401356672043,25.9970999883676,31833.6421199121,21478.5592305702,67.2263441703954,0
3863,3683,6.14865699482771,2358.24175158163,22.2325812761499,18.8408299304303,19.5225896560187,29.0233345203513,26086.0264029556,23580.4019323004,483.120770751412,0
3864,3684,5.80935463898756,2835.32267857994,22.2968302133657,16.5664727567586,17.0996901133444,25.5015575532117,31826.8782304156,21492.1717215456,66.2244633516136,0
3865,3685,5.80445407840612,2351.19119857994,22.2968302133657,18.8923224370475,19.5784595141821,29.1033486588497,31808.4466855047,21478.2801927212,54.1007480737509,0
3865,3686,6.02495116895596,1150.10664122875,22.845087401284,32.3646571464401,34.1238854914214,50.018695516988,32449.2110460776,29809.5133070923,308.115840832946,0
3866,3687,5.6791578577817,5528.58361462143,22.3924278962298,10.6150501068982,10.8208187601423,16.3027607700265,31606.3478556841,22443.0873484022,16.6289457200485,0
3867,3688,5.74985875801479,6214.75959262142,22.3924278962298,9.84977282553198,10.0213574294564,15.1220822972738,31577.5283611385,22434.9183163366,-35.7331981894451,0
3868,3689,6.00350717771652,3947.05163479915,22.2960632599606,13.2282185649249,13.5647799050917,20.3382386944638,31631.845058851,21471.1927225886,70.3130168837199,0
3869,3690,5.59417259084356,2077.35259879915,22.2960632599606,20.6420547326337,21.4505500668748,31.814991193085,31631.1686378512,21448.8602337398,32.7432515057881,0
3870,3691,5.4083033056735,1961.41535514145,22.4132187602372,21.5434811245397,22.4190653261834,33.2130955376515,32514.4123267783,23041.934933478,-146.790383159229,0
3871,3692,5.60157180353594,2357.31067914145,22.4132187602372,18.8781140020476,19.5648501774946,29.0817679635726,32519.3825681067,23052.694782717,-195.648367709672,0
3872,3693,5.46057877695893,2251.07928114145,22.4132187602372,19.5082908427083,20.238464346129,30.058207919794,32514.6387755757,23057.713156119,-188.600557902888,0
3872,3694,5.97163634469802,1338.49631928519,22.7100976242397,28.7380210490362,30.1851658490848,44.3819144169754,32389.6237802971,29731.5385795024,274.765362916647,0
3873,3695,5.49019413183287,2072.8872112852,22.7100976242397,20.7587346462491,21.5817942695588,31.9975815013489,32399.2286412698,29778.9816951501,275.521440073312,0
3873,3696,5.31491491831272,2221.96090914145,22.4132187602372,19.6906791726376,20.4335701606215,30.3408534519319,32524.2178044332,23058.8905401651,-115.608803034659,0
3874,3697,5.32582678345255,2222.02698714145,22.4132187602372,19.6902603016527,20.4331220091816,30.3402043109879,32485.3439068337,23045.0430817227,-229.732107724447,0
3874,3698,5.71924644460298,1292.06551128519,22.7100976242397,29.5265132112263,31.0397160912025,45.606939476356,32387.8573582988,29730.3213520753,220.639472536541,0
3875,3699,5.02016368162658,2214.53814714145,22.4132187602372,19.7378788231483,20.4840713817034,30.4140012170764,32516.0936239471,23070.5915998082,-171.469687467914,0
3876,3700,5.44161333791594,2016.22767678868,22.3773533807869,21.1094078637084,21.9528023046219,32.5398833170381,32735.6103164364,22817.113321341,109.772599766921,0
3877,3701,5.61759701786452,2460.95464278868,22.3773533807869,18.3055244122948,18.9530252620474,28.1946225216421,32730.2050988538,22795.278213615,92.9811223641222,0
3878,3702,6.05400671692624,2412.01287078868,22.3773533807869,18.5673534504311,19.2324907819809,28.6002050486428,32743.1536353313,22793.268246593,111.627915856386,0
3879,3703,5.65643468503148,2277.74237478868,22.3773533807869,19.338449090736,20.0563416086854,29.7948850206643,32740.3827710803,22830.9285716552,152.348855765286,0
3880,3704,5.68600435161135,2148.32452465818,22.336411067234,20.1570835277182,20.9316676016793,31.0634082615984,32721.9080748496,22808.8346359042,140.633815704616,0
3881,3705,5.37893819085138,1747.09654378496,22.3317817506339,23.4279474128339,24.4431096698504,36.1357133189685,32288.0686820886,22345.0890715546,-151.126856399088,0
3882,3706,5.38488787985056,2183.36732431883,22.3444668845362,19.9260361652651,20.6844457474797,30.705338306809,32301.411789278,22366.3099261526,-147.560533991453,0
3883,3707,8.7533699314165,5013.235742396,21.3798411060632,11.2310956346283,11.4588350435088,17.2516661546929,36387.352337358,25816.2751299228,-1299.23615133386,0
3883,3708,5.5227469747569,2539.50564635082,22.3364535486611,17.8979813358862,18.5178019809541,27.5632609635889,32339.9824400374,22344.8882608657,-109.102405559052,0
3883,3709,4.84608686843475,3562.61025698818,20.6665239325539,13.9860720911641,14.3491192225894,21.5054170552032,37321.5186689633,25690.1068424521,596.718715465583,0
3884,3710,9.0282194741753,5300.432756396,21.3798411060632,10.8346831523094,11.0439421399726,16.6398644855337,36390.708277865,25798.2844326373,-1317.8395495269,0
3884,3711,5.46022008346892,2357.59118578496,22.3317817506339,18.8621035860248,19.5466510838783,29.0566614000633,32305.2608067512,22325.5232709873,-170.273527392037,0
3885,3712,8.67963991752266,5120.326154396,21.3798411060632,11.0787319139716,11.2993051459114,17.0164989020343,36385.7676299565,25819.7515798521,-1311.34120200723,0
3886,3713,8.96863453010583,5243.275286396,21.3798411060632,10.9105435341757,11.1232976344027,16.7569319556195,36396.4119500421,25803.9680681582,-1315.8917468087,0
3889,3714,6.45162504557593,3352.72653749343,22.6376715151828,14.8056990970254,15.2349059893463,22.7780741752619,29944.5380147718,26784.2601756266,748.04048878525,0
3890,3715,5.68429000489478,1221.21581874082,22.505186668747,30.7627390500206,32.3762173046645,47.526671812494,32381.3718774668,29756.1394701799,225.319331486479,0
3891,3716,5.57957080214635,1086.10833474082,22.505186668747,33.7050762235632,35.5734627360577,52.1003741652002,32441.8673742131,29779.2186858314,266.967886132766,0
3893,3717,5.97232438739213,1196.85363001545,22.4989697573893,31.2440461073035,32.8985453907028,48.2746448544008,32423.8889884548,29809.4911051124,198.7727625935,0
3906,3718,5.73467465616418,2379.24415026233,22.2374109117033,18.7236246263577,19.3974852104215,28.8417780695255,33701.5114000402,27358.6094580075,435.011105175213,0
3927,3719,5.72689138987369,4416.47913927925,22.1388478382979,12.264656536242,12.5490148648655,18.8491321075693,32509.7904104826,17772.5637213782,125.320960279185,0
3928,3720,6.23054891158264,809.523405279246,22.1388478382979,42.4182616207668,45.0682902321414,65.652350429428,32508.316165489,17820.1768448457,74.3130569158464,0
3945,3721,5.70762023712763,2880.33551989914,22.2399455650684,16.378584034639,16.8993341799613,25.2105632678669,30357.7618915505,25046.6355058852,108.727233106665,0
3946,3722,5.86147821970303,4647.60317185292,22.1852857410625,11.8645728784943,12.1290053129872,18.2313163386756,32936.2694860552,18374.7299014885,193.590733596804,0
3946,3723,5.75999163908064,2447.32638589914,22.2399455650684,18.3541287464163,19.0030996800815,28.269415496258,30363.2501494797,25006.5100172988,129.687377046084,0
3947,3724,5.72494771043963,4384.49497987812,22.1871695558572,12.3277837012993,12.6157652110564,18.9467462992367,32947.9939711515,18384.2241979053,181.579979734817,0
3947,3725,8.71656215283267,3447.91697661222,21.007486908103,14.3367217887471,14.7226841211539,22.0483958944317,37305.1406380693,16216.2247534971,-1319.21841787191,0
3947,3726,5.73829285133664,1833.1234344798,22.2286178797891,22.5903698627233,23.5405066642738,34.8358880551283,31197.9994876804,24865.0641540213,-38.5625057133888,0
3948,3727,5.62547408567644,4858.43604385292,22.1852857410625,11.5256423581068,11.7732907673589,17.7079598720544,32933.362640611,18362.9153797441,147.573584494835,0
3948,3728,5.39721874561592,1928.2545144145,22.2240317487574,21.7702975034183,22.6595299005957,33.5639948171616,31204.7444940649,24856.2123435257,13.841259493011,0
3949,3729,5.84434417388712,1657.4228184145,22.2240317487574,24.3307367122777,25.4133882434672,37.5360269215093,31223.4568297056,24844.9641070364,0.270261783577229,0
3950,3730,5.57638962625408,1992.59611845558,22.1176421683395,21.2347664885795,22.0832274858181,32.733138042784,31266.6896207015,24873.8347188437,13.9178542824556,0
3951,3731,6.19416092115739,971.766394009614,22.0972125532141,36.6053536480598,38.7212062521731,56.6076951134695,31629.7864601982,24991.7161983213,83.0631360418696,0
3966,3732,8.59714468176343,2149.26974161626,22.1108513662692,20.1062677892689,20.8739678976855,30.9837388758481,29554.4909530479,21385.1630446176,-1378.01506577764,0
3988,3733,7.68940953553769,1993.06472330211,21.7264316015608,21.1467435199982,21.9827002029243,32.5949740404812,23013.6157529343,23898.0420274449,1196.69269166919,0
3989,3734,7.20331787473377,3213.61348730211,21.7264316015608,15.1263043210958,15.5652055023796,23.2714248891213,22996.7851852697,23924.3437930896,1185.40346230901,0
3990,3735,7.73801466213179,3011.49125077227,21.8233846989707,15.8265723103116,16.3085420205564,24.3550370305971,23023.4528722165,23893.7363368423,1217.9782420597,0
3991,3736,7.15531103345709,3340.38348277227,21.8233846989707,14.7454162761739,15.1629841901424,22.6826051403626,22963.9038992875,23890.701449443,1164.27518083413,0
3992,3737,7.31638038173231,4568.2936981729,21.800543862587,11.9665958533474,12.2332406367059,18.3880696946406,22873.4142091673,23916.0130117757,1164.18102164117,0
4006,3738,8.26787344075647,4110.31465284467,22.7903219676364,12.9227413125268,13.2469072460239,19.8672954368779,27750.072750177,28566.7588982868,-1445.95584355965,0
4006,3739,5.28172084116968,3483.96072239092,22.7414270553427,14.436121297565,14.84467377835,22.2067515721145,26929.6559138385,28968.9050479329,273.081759914325,0
4008,3740,5.81134863652204,5810.48132861338,22.5472124722228,10.291548167737,10.4835416832745,15.8038457439053,31534.2670153591,31660.5099466733,390.528272730494,0
4009,3741,5.87618649865308,5902.26367061338,22.5472124722228,10.188826875501,10.3762152639105,15.6453615870269,31534.9457599594,31659.466289037,417.076010256327,0
4010,3742,5.8239518460182,6399.6532778917,22.557291520846,9.67768282356758,9.84278811184785,14.8569135378655,31538.1218778267,31663.9223162472,430.055458536012,0
4011,3743,5.81965838538418,6246.2642138917,22.557291520846,9.82794231134903,9.99951483055276,15.0886684360078,31539.760227885,31661.3444935128,407.570168099738,0
4012,3744,5.86154174859489,6649.4281178917,22.557291520846,9.44593113954181,9.60122958027502,14.4995140651138,31532.2116862886,31670.6771084762,426.447011146876,0
4013,3745,5.98271610677791,5487.1160978917,22.557291520846,10.6779075141643,10.8876244138517,16.4000530526092,31598.8052659164,31729.8815084763,445.124273263393,0
4014,3746,5.75452290134604,5059.8337238917,22.557291520846,11.2531360074147,11.4901154435598,17.2879518876694,31584.6022942225,31727.494220045,451.103019563563,0
4015,3747,5.93609887684652,2465.2370018917,22.557291520846,18.3133026847134,18.9636522762436,28.2073117089969,31623.0651876803,31727.241962709,423.576711152205,0
4015,3748,6.03046692673444,2028.05303918346,21.7096585676546,20.8792868276522,21.6957886845811,32.1802757770517,35256.9079299343,26279.8614338199,823.761418296501,0
4016,3749,6.35817098965895,3795.90385118347,21.7096585676546,13.5170778894647,13.8642270532452,20.7832499686585,35221.8984889737,26306.3303976766,856.79154609169,0
4016,3750,6.84248389082416,2437.60039958828,21.9375611788272,18.3540326908241,18.9990163733851,28.2681702175553,33185.023795751,15555.4899592643,838.535101441602,0
4017,3751,6.72294086207202,4370.15511049232,21.9056509308271,12.3294006326716,12.6152498075694,18.9486322680454,33195.808791164,15537.9834738087,855.338881792935,0
4017,3752,6.29946051976941,3824.66980718346,21.7096585676546,13.4490925963585,13.7925313034794,20.6781769939417,35230.6993732187,26316.9015550887,869.518158204131,0
4018,3753,6.8010637338278,4418.31047558828,21.9375611788272,12.2436260333401,12.5253365531885,18.8162146173408,33218.6221592722,15551.8723628747,850.120344299517,0
4019,3754,5.86164166951044,5857.82421670907,21.9664472437085,10.2010968618856,10.385546636293,15.6633270956479,33724.4418030344,15687.7826544162,265.268703255019,0
4020,3755,5.79109351083154,4966.26642312161,21.9828018042683,11.3465209720684,11.5840318089034,17.4310205935943,33737.0645276473,15686.0958265489,258.088056381418,0
4021,3756,7.85506597287689,4455.99206327774,21.3871294290061,12.1272467632984,12.3987398268239,18.6352789147287,36982.1702110694,20597.2394435483,1228.94287467445,0
4022,3757,7.76509805715053,3986.57395127774,21.3871294290061,13.050729905898,13.3699029402098,20.0618003905098,36963.4830188257,20600.1848923003,1241.62690386035,0
4023,3758,7.73101482946247,4370.97170327774,21.3871294290061,12.2814611241088,12.560734060261,18.8734467864727,36963.223322835,20581.2959108501,1221.04401942376,0
4024,3759,7.67141261007874,2814.08591927774,21.3871294290061,16.5201077024437,17.0397865608459,25.4268675590514,36979.3096875733,20595.4995553314,1234.02015864338,0
4025,3760,6.30659941632017,4590.92571951729,21.7061267915301,11.9199563551431,12.1835524084589,18.3158476414123,36467.9394640294,18348.77339353,774.392834255484,0
4025,3761,5.58279321364174,3602.13636257792,22.2168735380202,14.0562253936205,14.438041664019,21.6179602723728,32766.5217740041,25195.5605386766,-120.781659637267,0
4026,3762,5.89179876424997,6937.84190657792,22.2168735380202,9.17842102854326,9.32090730674913,14.0865552389049,32769.6789382937,25208.0786795055,-97.5724784986111,0
4026,3763,6.14762533853244,4665.35157351729,21.7061267915301,11.7953234525413,12.0527338116598,18.1233931035411,36451.5559780893,18348.2498049793,785.690356589998,0
4027,3764,5.63089119209013,7627.36583657791,22.2168735380202,8.65038087504274,8.77200815047752,13.2726383776991,32799.7959628371,25201.006356875,-104.280032680846,0
4027,3765,6.38747053889099,4893.89334951729,21.7061267915301,11.4335566328202,11.6732973840629,17.5648413381882,36454.1582133718,18358.7802265618,729.742666213521,0
4028,3766,5.62583236766319,5240.54037257792,22.2168735380202,10.97525484036,11.1966684599677,16.8583640890227,32785.0223265207,25197.815296403,-119.225242148593,0
4028,3767,6.20527755242671,4697.99410551729,21.7061267915301,11.7417592453542,11.9965265111166,18.0406850057032,36455.5558101482,18338.0459310722,746.451117872046,0
4029,3768,5.73168558725974,5016.88836857792,22.2168735380202,11.2898907889731,11.5263062217508,17.3440477093367,32780.87576091,25204.9091959773,-123.97525386225,0
4029,3769,6.23146532571175,4460.59787751729,21.7061267915301,12.1470096348108,12.422002018301,18.6664916481819,36449.4196351848,18338.741014354,778.97332819927,0
4030,3770,6.42263950629452,4545.15809337783,21.6866624911478,11.9967155630308,12.2639965205776,18.4343424828138,36468.0649716558,18335.9320838834,756.258538088621,0
4030,3771,5.65662443284659,2649.59732152981,22.1624824415323,17.3460518998734,17.9275557314135,26.7079891722525,32804.5475392945,25183.7564863203,-79.7329492241635,0
4031,3772,6.34906503261924,5738.33499030389,21.7546172210451,10.3223763206299,10.5109023390681,15.8500674085103,36468.0837846051,18333.3870145927,740.10462902317,0
4032,3773,6.24910946725818,6992.11453737783,21.6866624911478,9.10563716363507,9.24244632642,13.9735905501736,36472.4771741723,18339.8656411467,740.64407424064,0
4033,3774,6.19715447397254,5058.78883830389,21.7546172210451,11.194139465563,11.4227618776919,17.195350407888,36464.2999463495,18351.2566012933,752.532561311889,0
4034,3775,6.44442446044374,4987.48422537783,21.6866624911478,11.2923445360759,11.5251674955989,17.3468101876051,36473.7696799282,18337.2026668993,750.809448681814,0
4035,3776,6.47548378150853,4569.06275430389,21.7546172210451,11.9613727216973,12.22740580499,18.3799069399793,36471.6777995301,18334.2279507891,752.807882418674,0
4042,3777,8.97936822151325,4667.48951542465,22.4397529210295,11.8523806798005,12.1180818963515,18.2130070531638,32531.2545161057,29138.1669677355,-1263.21451374393,0
4042,3778,4.97873082784725,4309.36977512911,22.1442312668986,12.4652715097118,12.7600266834436,19.1590365336483,33567.144160975,29131.4454771192,898.438894500247,0
4049,3779,5.68979010885292,2000.27583657332,22.5087074407901,21.2592103721661,22.1155087788649,32.7727096152113,33067.7493806758,20930.3688669296,161.768965883456,0
4050,3780,6.05958217609583,4250.03085851856,22.4901592181757,12.6115744603326,12.9167393228962,19.3858214431527,34372.8682807579,16535.495340821,438.834701185004,0
4050,3781,5.65417200362299,2292.26708587268,22.611606644383,19.29376208391,20.0117862698707,29.7265287596823,33063.1190594685,20968.2524615649,20.3584372343433,0
4051,3782,6.04069443779012,5284.92246851856,22.4901592181757,10.9351544505951,11.1564827594022,16.7969685873347,34366.9876763515,16541.7806410937,456.075020153451,0
4051,3783,7.740596137162,2915.01084497683,22.1004324914274,16.224090789257,16.733620934218,24.9710236316975,24652.6407968566,22040.3383112368,-1514.78858480227,0
4051,3784,5.92251737084421,2283.12629587268,22.611606644383,19.3488456027795,20.07068994352,29.8118854586002,33035.3076603004,20940.4952186712,-1.28329867291922,0
4052,3785,5.77575190283948,3474.62076047461,22.5325993550874,14.4386742699301,14.8453889755145,22.2101523236643,34278.6335653569,16771.5266241657,360.501628968894,0
4052,3786,5.58149389365368,2283.43465987268,22.611606644383,19.3469807543759,20.0686956664385,29.8089956869233,33053.2402257046,20956.7457707674,50.6116404405853,0
4053,3787,5.81617582704917,3050.92322238654,22.55945503619,15.7835836666028,16.2709285927724,24.2907245143304,34258.2231601188,16831.8717637545,352.296318100253,0
4053,3788,5.57126743478537,1892.91367987268,22.611606644383,22.153569917489,23.0773619846232,34.1601130696773,33066.273846736,20963.4562841421,71.3815983488891,0
4054,3789,5.69454566714871,2103.98883787268,22.611606644383,20.5169269464354,21.3211507713353,31.6223089137126,33044.018356551,20972.3576041823,43.7691993865208,0
4054,3790,6.49014840719998,4573.29105276352,22.2716900098195,11.9978616533489,12.2696471025616,18.437340540683,34441.8195385947,15629.6597825441,322.389123025992,0
4055,3791,5.80317863801212,5599.15961675179,22.414456120966,10.5302964853972,10.7323131748189,16.1720115324185,33518.7907152617,16136.4753004019,247.044807846945,0
4055,3792,5.7404547166669,2316.80404987268,22.611606644383,19.1478766942577,19.8558123937596,29.5004746903238,33039.5718191494,20966.8543969851,51.9455148753155,0
4056,3793,5.72810371277535,5083.35474875179,22.414456120966,11.2086225561342,11.442481617975,17.2189635521771,33499.4367670388,16138.0538555738,224.603850868814,0
4056,3794,5.78391604401805,2508.20998987268,22.611606644383,18.1001873772967,18.7369410157739,27.8773976632946,33046.4223641273,20962.4384337788,2.51256435167792,0
4057,3795,5.87466117021218,5294.12154275179,22.414456120966,10.9174650829203,11.137461920729,16.7695276863572,33494.2334978475,16132.1828422355,220.15195629656,0
4057,3796,5.68606554115415,3413.45656387268,22.611606644383,14.6229284826488,15.0411361625205,22.4953166734106,33069.2866123278,20950.2797900951,39.8186648696673,0
4058,3797,5.75929048167091,5331.52169075179,22.414456120966,10.8679130116811,11.0855795360137,16.6930461430731,33507.4209417091,16138.2824332554,261.007661375528,0
4058,3798,5.96801825851772,3422.896439629,22.6134953096859,14.5957323399533,15.0123673267181,22.453260170925,32845.5314866283,20812.7560404048,83.603305479647,0
4059,3799,5.67942701786859,5316.16956875179,22.414456120966,10.8881793837872,11.1067979625809,16.7243261577353,33490.7434745295,16144.4325035074,225.953011204838,0
4059,3800,5.95099879394141,3413.11754786327,22.6004847490067,14.62262348888,15.0407056413939,22.49481529342,32780.8356995881,20782.9023896526,135.513307517792,0
4060,3801,5.79866624111175,4989.17203376383,22.4194933326635,11.3460707778443,11.5866084267741,17.4311680242946,33489.5709842366,16132.7785347234,216.77500844469,0
4060,3802,5.67468875972141,3583.16561170812,22.6332577934682,14.1522981211536,14.5434575364409,21.7675728517621,32799.0764751593,20777.6553926586,116.956365178529,0
4061,3803,5.80144758785809,5236.52401376383,22.4194933326635,10.995352416971,11.2190625855943,16.8897574315804,33494.1237953613,16130.7947677111,220.916991385734,0
4061,3804,5.87330266813459,3824.7281173223,22.6441260656145,13.54520042327,13.9021986852556,20.8290070149648,32843.9079465753,20750.4493451491,113.59149282624,0
4062,3805,5.62115151655957,5789.31053576383,22.4194933326635,10.3074074625211,10.4993435631365,15.8281017653551,33502.5844747496,16138.2890699011,247.501745839184,0
4062,3806,5.70449822617854,3552.86857350165,22.9600244546388,14.2699642356888,14.6709243689783,21.950359483532,29349.3139896553,29385.0443804477,145.270753057371,0
4062,3807,5.79417899210999,2942.32494379151,22.6554760683548,16.1964795472473,16.7104781520834,24.929995979148,32977.1476964166,20742.6489858495,135.794229841556,0
4062,3808,5.98453142623052,3714.42624900685,22.511253068495,13.8001329817082,14.1701987063723,21.22277772829,31887.7227198801,18414.075302211,294.885676127816,0
4063,3809,5.81951958886063,5950.34262176383,22.4194933326635,10.1281318734506,10.3120643100161,15.5515145429401,33496.1416888627,16135.9377326894,203.800223852675,0
4063,3810,5.79987259975629,5645.33553900685,22.511253068495,10.4813084359049,10.6816869575731,16.0965844728628,31901.2809076955,18428.1863008197,353.258259802004,0
4063,3811,5.29409614322019,3498.44232750165,22.9600244546388,14.4201634029417,14.829847614679,22.1826402898367,29347.3759185698,29401.2374147674,133.297910149788,0
4064,3812,5.79267082377937,4904.93154900685,22.511253068495,11.479706405184,11.7274093332038,17.637671780348,31890.0565979932,18428.7522051912,309.341316600408,0
4064,3813,5.58990940160552,4552.73884350165,22.9600244546388,12.0912934206657,12.3729842747341,18.5830695065521,29358.286790826,29397.0305687879,89.711776820674,0
4065,3814,5.61868850917517,3226.75161750165,22.9600244546388,15.2376610008713,15.695885083909,23.4471780665527,29358.3114755227,29389.8661170619,129.328295668964,0
4065,3815,5.85671389071091,3333.82604835404,22.4289829192534,14.8379161795296,15.266961732117,22.8273372569985,31426.160519537,18848.3504396664,769.935463051209,0
4066,3816,6.86153903640769,2714.2774326779,22.4880255616591,17.105725289503,17.6756102639856,26.3369733817068,24246.3539282323,24704.4133390462,931.114402715277,0
4067,3817,6.96390200369167,2692.79554592582,22.4623744390908,17.1970163895804,17.7724971947684,26.4782340431217,24226.9816100394,24721.872874646,912.852705967632,0
4068,3818,6.53562647353751,3004.05207562484,22.475462680568,15.9416104770493,16.4377893066351,24.5350150244857,24222.2456664424,24698.4004008748,954.91112907821,0
4069,3819,6.89893231253297,2983.0166586779,22.4880255616591,16.0207703504176,16.5219859895276,24.6575551806785,24229.8497342131,24745.4167616746,1019.57683901963,0
4070,3820,6.89145629788706,2163.73712613774,22.4600879256291,20.0780420949668,20.8488314382891,30.941391427637,24212.2996660414,24719.1127894641,961.170649029524,0
4072,3821,6.03323037054762,2450.5255520981,22.6656929393877,18.4092506529234,19.0674655639619,28.3563248325273,31927.2387276137,19550.3318153001,324.843291225052,0
4073,3822,5.80129064543774,2800.5847700981,22.6656929393877,16.762497001637,17.3124107873209,25.8061679204763,31957.2177200914,19551.6151486795,309.381058943295,0
4073,3823,5.75358163316488,2455.23746036245,22.6631201272612,18.383814007379,19.0402782198269,28.3169122781439,34401.5030497423,20632.878365827,224.505734262369,0
4074,3824,6.07299385405458,3158.93398990663,22.6831386719632,15.4264344455586,15.8932645455849,23.7384630364125,34364.0471325016,20622.452317453,217.439372712622,0
4074,3825,5.69225755977162,3091.3720220981,22.6656929393877,15.6550053310516,16.1355892203064,24.0920753272463,31980.3655371835,19570.5633748512,327.427123218153,0
4075,3826,6.22388713674796,3141.51142390663,22.6831386719632,15.4851025006117,15.9554974982359,23.8292354500802,34355.2400003107,20629.1644299773,220.829409368912,0
4075,3827,5.98086941478693,3161.8992740981,22.6656929393877,15.4143012461067,15.8802147911146,23.7196409055057,31960.5126655671,19557.1795313668,277.332719641665,0
4076,3828,5.91066113607714,3208.72489436245,22.6631201272612,15.2594537276607,15.7159810162425,23.480063910882,34377.463153098,20641.4451258834,216.84588116217,0
4076,3829,5.94859723035489,1618.6255580981,22.6656929393877,24.8824571186496,26.0161588186073,38.3945105013892,31982.1438652595,19559.8806882434,391.111709136338,0
4077,3830,6.07816753363774,3074.16806036245,22.6631201272612,15.7148974055053,16.1991268784487,24.1847432751734,34374.0819173413,20648.4430529824,244.550450325583,0
4078,3831,5.92574294747794,2849.70109436245,22.6631201272612,16.5607082754414,17.0977422075872,25.4937863388514,34396.5536426942,20643.1419633321,240.85386654468,0
4078,3832,9.74291054686514,3759.26664329379,22.1075580098279,13.646980684771,14.0048666710858,20.9850237266183,22348.3316050196,24299.9407858169,-1158.19546049394,0
4078,3833,3.92901905372616,2467.18542241596,22.3544766015957,18.2690268533452,18.9137845185806,28.1380080736322,23293.4621613039,24345.2346775987,702.638226885069,0
4079,3834,5.72473193316538,2814.61367636245,22.6631201272612,16.7039429266101,17.2500884849484,25.7155140623846,34386.457637435,20651.0300358276,223.275723272156,0
4079,3835,8.44711989785704,3009.774908485,21.8859091220757,15.8412450080769,16.3248001349945,24.3779300720352,23281.7098446198,21618.2832358469,-1331.88570477013,0
4080,3836,5.53514749547136,3334.53359907051,22.8065136830103,14.8807865246529,15.3160993227048,22.8946763861609,30666.0069643979,27342.2908483953,-127.231125732207,0
4080,3837,8.94984222584072,4359.5639427377,22.4567845853511,12.3981423105912,12.6918741235291,19.0560150940071,35086.2458229417,20416.957390614,-1153.79401604932,0
4080,3838,3.95510164066886,3250.0877449708,22.689410385666,15.1295260234621,15.5785127014274,23.2791346313187,34549.3894500475,20484.286535867,-580.326294546921,0
4080,3839,7.62527643879706,2820.48576724833,21.7994426480168,16.554601281472,17.0812985423039,25.4815925692167,22890.5543882558,21853.6819171801,-1500.53196764043,0
4081,3840,5.91492931966365,5734.37355415493,22.5262532335455,10.3775327968198,10.5732827723989,15.9364803683731,35052.8734881336,17027.7042582076,446.16682406079,0
4081,3841,9.09097958952417,5368.78946376071,21.8298659222784,10.7778731781278,10.9875168720308,16.5530257799641,22714.1664527644,22106.2312666771,-1215.05890146728,0
4081,3842,9.15389532868519,4880.3907387377,22.4567845853511,11.5130747855641,11.7620336386513,17.689087750762,35055.6793361517,20428.8552604046,-1121.8448944502,0
4082,3843,5.9521259857929,5810.07691615493,22.5262532335455,10.2906618562673,10.4824893453582,15.8024433548547,35058.4940339182,17006.5220163334,423.017957902693,0
4082,3844,5.94052503357852,4741.20401903124,22.5029102652375,11.7364798592686,11.9968364057996,18.0341490586539,34509.3312703514,21013.190455527,267.955307907781,0
4082,3845,5.47155049232015,2754.55651471512,22.6811629318294,16.9594580617108,17.522186925446,26.1111429790803,31852.5039143137,27607.078559671,-14.812178481959,0
4083,3846,5.84692278445773,5398.03653415493,22.5262532335455,10.7890708547426,11.0037677533736,16.5715606257739,35052.8699681225,17007.874241184,419.814557702424,0
4083,3847,6.28640601789355,4616.53841375457,22.3263206106211,11.928566188695,12.1972621218539,18.3304331955664,35514.3194354677,20334.9158789804,652.659059932064,0
4083,3848,5.70393584060173,2462.21588239914,22.6970671956824,18.3526376953943,19.0074351698572,28.2687383995707,31820.3761229702,27651.5891552365,-137.443271194337,0
4084,3849,5.93602435432655,5489.86292815493,22.5262532335455,10.6723425379834,10.8816047310056,16.3914103673914,35057.1903690656,17022.789131487,431.751061342991,0
4084,3850,6.14295108148461,4644.34345776766,22.4170918254479,11.8891992951997,12.156585432536,18.2698219028697,35293.4792395017,20399.9647210045,585.286005476496,0
4084,3851,5.80652813740592,2280.80974639914,22.6970671956824,19.3785038762449,20.1035813635795,29.8581676300527,31818.6775668114,27618.8734611962,-68.5030302447492,0
4085,3852,5.9437832287669,5208.47336976766,22.4170918254479,11.0334788134979,11.2589820734531,16.948603913634,35234.4304757378,20405.5470608181,560.571775406488,0
4085,3853,5.90820618783391,5153.10741415493,22.5262532335455,11.1181635880293,11.3484363724779,17.0795287027527,35034.3218383601,17014.69959356,459.264883447154,0
4085,3854,5.60944529066869,2393.07027710427,22.7196905251489,18.7307344013946,19.4114833505,28.8545569941572,31815.7942981873,27623.8891337174,-39.568620456929,0
4086,3855,6.08655791902475,5177.37265776766,22.4170918254479,11.0763683029396,11.3039125078661,17.0148086050814,35254.7521369678,20416.1409433049,551.825160078269,0
4086,3856,6.01624745231635,5399.42417215493,22.5262532335455,10.7872810671871,11.0018942771179,16.5687982954754,35043.2774968447,17006.3804974095,422.729041948336,0
4086,3857,5.416713618729,2512.25296310427,22.7196905251489,18.0973580811588,18.7352895062802,27.8733918911545,31813.5627420633,27622.527034218,-9.19876867737014,0
4087,3858,5.91681234066229,5583.38532415493,22.5262532335455,10.5569178405462,10.7608530136086,16.2132849029188,35072.4506459933,17033.8272624823,443.260265937816,0
4087,3859,6.10083489059345,5041.97883576766,22.4170918254479,11.2684814098607,11.5052441001902,17.3113775006963,35241.640759371,20411.3808469049,535.311289882528,0
4088,3860,5.97773604620489,5912.60794615493,22.5262532335455,10.1761049383744,10.3628014976187,15.6256998501145,35054.617378937,17018.8912026444,422.068278374965,0
4088,3861,5.98569465620373,5798.99042976766,22.4170918254479,10.2962312462223,10.4876504671127,15.8108540956323,35230.060878423,20409.9721123699,560.840587956568,0
4089,3862,5.88402813240136,5937.40922215493,22.5262532335455,10.1489132008128,10.334398859213,15.5837491487975,35066.0230338384,17027.8175494838,435.238485676534,0
4089,3863,6.13412545972055,5501.44119576766,22.4170918254479,10.6504132253456,10.8579687517832,16.3573765855308,35247.1849084996,20410.4692657025,546.405159193545,0
4090,3864,5.88431368627436,5978.51527293163,22.4724893379373,10.1009335569467,10.2839736005,15.5096418926625,35065.1841057466,17012.5440512234,411.551166263701,0
4090,3865,6.22465415660407,5241.99775404811,22.359214789001,10.9835708671988,11.2063235022046,16.8714615772277,35248.8283545231,20429.7463882964,564.587688600584,0
4091,3866,5.95382533694657,6012.23707893163,22.4724893379373,10.064734835463,10.246175019116,15.4537987827438,35056.8189727118,17001.2130523833,421.839673357589,0
4091,3867,5.96190388251132,4837.83308835755,22.3425505855679,11.5700514764632,11.8210030406474,17.7768388592605,35238.4570687466,20460.1613522372,549.664187286638,0
4092,3868,5.86199789641278,5928.51625293162,22.4724893379373,10.1552643961107,10.3407146735854,15.5934595593981,35062.9584358738,17019.2306612871,434.803980744563,0
4092,3869,6.12113547022524,4571.23038435755,22.3425505855679,12.007376338002,12.2801758453162,18.45218244437,35230.8690348193,20476.4399703613,473.461877333828,0
4093,3870,6.01595637426068,6666.67359093162,22.4724893379373,9.42581429991944,9.57982033933119,14.4683683809527,35063.7487570689,17024.1768051851,400.694256658843,0
4093,3871,6.00881474843366,6616.80703035755,22.3425505855679,9.46339255757358,9.61827195781232,14.5261218147618,35233.0652882754,20494.6431931141,497.375793129687,0
4094,3872,6.25693172961007,4163.39696835755,22.3425505855679,12.7712207226316,13.083631698049,19.6321545373462,35231.1433588024,20471.7502203674,498.449178480525,0
4094,3873,6.32481218571988,5695.47174855963,22.1298463604475,10.3968500112405,10.5910376340221,15.9656122648018,35854.1083445624,16364.7321392745,690.55004095205,0
4095,3874,8.42568808830202,3836.82654518955,21.6639539924607,13.4159039783936,13.7571274301509,20.6267717265074,37013.3631210973,17015.9810176226,-1409.39400195682,0
4097,3875,8.25060475662041,3922.66186718955,21.6639539924607,13.219560463006,13.5501700534916,20.3233458359774,37021.7271422194,17003.2611842243,-1473.39489574461,0
4097,3876,4.99266458180884,2864.44278759637,20.718336034486,16.2219608274415,16.7153257651043,24.9633106890446,37861.056076542,16751.430691362,423.368209216858,0
4098,3877,8.38292252559473,3886.27491518955,21.6639539924607,13.3018512368227,13.6368956090836,20.4505128425827,37016.2656500143,17040.8871207428,-1452.81648052377,0
4099,3878,8.45012919702274,4155.60884318955,21.6639539924607,12.723211990923,13.0274970714543,19.5564361956597,37031.3074026919,17026.9674657043,-1474.84542710069,0
4100,3879,8.11596242667335,3811.11111526589,21.6866255083845,13.4786217271821,13.823463227511,20.7237574078559,37033.7207882418,17040.6624021472,-1479.97536886604,0
4103,3880,5.91237138345496,3510.28344351764,23.2839829879768,14.423288965026,14.8361777054664,22.1883070388221,29212.8597773211,28651.7489636267,385.531317828986,0
4104,3881,5.97509702065953,3564.95197551764,23.2839829879768,14.2727135308882,14.6768138926777,21.9554327081305,29200.8668321894,28643.944143797,314.66975785205,0
4104,3882,9.57532630932534,3382.35312923631,22.1657077796935,14.6617067801429,15.0778186781349,22.5540883913643,26585.3890175203,23092.4171919635,-1064.99306456942,0
4105,3883,5.73301587931708,3340.68324351764,23.2839829879768,14.9185102515118,15.3607330073209,22.9543157134008,29180.4369220857,28663.9153034366,378.642383004515,0
4106,3884,6.03036534735366,3453.08192151764,23.2839829879768,14.5854197962024,15.0078400676218,22.4390713512365,29193.5285506962,28643.4929726494,370.754839758434,0
4107,3885,5.82889165210046,3429.31586751764,23.2839829879768,14.6542104578243,15.0806962209665,22.545474259323,29192.2484301166,28650.0047970365,370.325045367292,0
4107,3886,7.72208950047522,2574.61001027095,22.0175642077732,17.6749051195414,18.2760220770444,27.2166952123095,23056.7873093384,25371.9640970974,1256.63174191123,0
4108,3887,5.76436373001812,3540.37095951764,23.2839829879768,14.3399011099731,14.7479152586577,22.0593404104057,29186.1894833227,28640.0231268804,365.474490463554,0
4108,3888,6.27624999687531,4234.17300297509,22.3779613156443,12.6325790127538,12.9379512405621,19.418025453444,27506.3917697469,24183.8568387097,699.200402954145,0
4109,3889,5.85818466899938,3426.12209751764,23.2839829879768,14.6635202208873,15.090557158033,22.5598745307142,29199.5166784259,28648.6468327445,365.3705949191,0
4110,3890,5.99767160075675,3096.30977625239,23.5370018901796,15.74986462756,16.2453842633603,24.2413699943245,29209.9108659318,28653.9025840118,340.440213082349,0
4111,3891,6.21716226507201,3169.77358207412,23.5582316127501,15.4997815722254,15.9800321553402,23.8544165127058,29694.2406734376,28899.4493233323,-163.196728439686,0
4112,3892,7.32383807723664,4059.09700159312,22.2205375215897,12.9765643141285,13.2989084998448,19.9491672850383,30198.3664090147,18325.9410100985,1019.01582174578,0
4112,3893,5.39341731067515,2666.52053593781,23.5465590266791,17.4805658794694,18.0874656835975,26.92085521132,29794.9732337589,28984.9656290891,-93.6691856102054,0
4113,3894,7.18071318010674,4365.50068759312,22.2205375215897,12.3660796820563,12.6562993167909,19.0059748293306,30208.4117042381,18327.9493095439,1011.92755196121,0
4113,3895,9.78725586283453,3192.797786319,21.9407297514994,15.2206299377114,15.6673664836691,23.4179472789743,30572.3230982613,16216.1995074647,0.206551090131864,0
4114,3896,7.27812897480454,5131.23457759312,22.2205375215897,11.1262923730233,11.3548904703986,17.0915065886828,30225.0262367087,18335.6167492885,1024.57814825436,0
4114,3897,5.51285949832965,1566.98261593781,23.5465590266791,25.7382357628872,26.9559228413237,39.7274485622111,29809.7165982202,28959.3808588191,-96.743709855153,0
4115,3898,7.2266689362315,3937.06444422519,22.255547272394,13.2465693606505,13.5837802378412,20.3665032198296,30223.140174183,18350.8110652936,1066.22824948882,0
4115,3899,5.46903410569322,2079.88005193781,23.5465590266791,20.8768965713888,21.7207831988558,32.1841671987544,29804.1426859289,29003.4329686281,-131.580646079526,0
4116,3900,5.66314149817348,1743.76329193781,23.5465590266791,23.7611242311437,24.8225158793436,36.6583911163161,29817.5851314709,28972.7589742229,-79.4240839756742,0
4117,3901,5.39326891071973,1575.48465193781,23.5465590266791,25.6336244146334,26.8429094414424,39.565023785885,29826.9744854806,28969.5374274,-98.6914713612598,0
4118,3902,5.59464832890496,1418.52737593781,23.5465590266791,27.7547267137441,29.1370269371287,42.859103126332,29813.7445204469,28985.0516200942,-88.1486109361593,0
4120,3903,6.06442930752543,2976.85771817524,21.8873235927887,15.961676753624,16.4526151972098,24.5642825034208,34375.6722222233,14431.5719488041,568.87933448551,0
4120,3904,5.62003517321933,1561.7536725929,23.7667523524728,25.8641136490386,27.0959108112171,39.9239996943153,29812.5744223512,28961.5733953484,-58.2202296686647,0
4121,3905,5.98214100595444,5574.09756017524,21.8873235927887,10.5250382634738,10.7234946166518,16.1629792729376,34385.882019662,14439.5098292276,563.026802686914,0
4121,3906,5.50654793705971,1668.6899025929,23.7667523524728,24.6092586222207,25.7408215901153,37.9758049819735,29829.0899335162,28969.9286349466,-100.491492351915,0
4122,3907,6.07257502512542,4900.52045417524,21.8873235927887,11.437750580832,11.6789919206844,17.5716746858327,34407.8229994747,14452.8984268862,552.964926822021,0
4122,3908,5.57494725676187,1912.1653065929,23.7667523524728,22.2464207277824,23.1953129506196,34.3091435410758,29815.0834370831,28960.3495631294,-97.0026635296914,0
4123,3909,6.07691356864888,5103.99664217524,21.8873235927887,11.1398295935736,11.3667934023963,17.1117729832449,34414.1332359921,14453.8680422535,558.1544629156,0
4123,3910,5.38184818528921,2251.3436805929,23.7667523524728,19.7562171006534,20.5223880023766,30.4475731307851,29811.5131366822,29001.6677663435,-86.2234611421656,0
4124,3911,6.11926875013698,4967.52354617524,21.8873235927887,11.3372827039114,11.5736760955297,17.4165729849704,34391.5751324742,14438.6215463413,563.994023290696,0
4124,3912,5.44637198673728,2332.8839325929,23.7667523524728,19.2580420811703,19.9890137817011,29.6754275757382,29810.4582689781,28952.606554423,-101.633387474228,0
4125,3913,6.14325291798268,4958.05236617524,21.8873235927887,11.3513394715481,11.5884091355442,17.4382731848854,34389.3157792364,14440.4963646223,549.957643889436,0
4125,3914,5.43659050928008,2707.7224005929,23.7667523524728,17.3258239340946,17.9250345690313,26.6819075661919,29813.2015869754,28979.3324067632,-49.6992664324702,0
4126,3915,6.29385882788459,4602.09867171434,21.8956266865836,11.9169932166033,12.1818782376186,18.3116686911868,34051.4728816159,14317.6364903535,671.926759886424,0
4126,3916,5.42654179002843,2576.0509725929,23.7667523524728,17.9457419121959,18.5863672317123,27.6420881694245,29806.8714237929,28973.8994445823,-68.357002730047,0
4127,3917,5.30280501246665,2018.4627825929,23.7667523524728,21.3825511906152,22.2668361185347,32.969197071108,29835.6269964291,28968.4851941368,-46.8430357305285,0
4128,3918,5.45625412886851,1998.22088859289,23.7667523524728,21.5404611673116,22.4364628623662,33.2141049773021,29821.204965146,28973.3414369397,-99.7315066408043,0
4129,3919,5.23288253844225,1643.0075865929,23.7667523524728,24.8966079385422,26.050937332093,38.4218697096894,29821.8806602156,28977.0921721466,-75.0327654837705,0
4130,3920,5.91187191982294,5662.04124367933,22.1402351845466,10.4368392576143,10.6328958701572,16.0273309693096,35319.1213162327,16531.6534483417,476.129209652932,0
4130,3921,5.55138964460669,1280.69046868224,24.0362073428521,30.190699812231,31.7881835013718,46.6467939213919,29783.5629544513,28968.6080794369,-88.9940301889289,0
4131,3922,5.57826971832021,5519.9192763345,22.2849639332453,10.6184419973073,10.8236862331197,16.3078068728634,34835.4175475945,16537.9449054399,63.0384875936333,0
4131,3923,5.53477106965742,1408.35316468224,24.0362073428521,28.0599338932274,29.4770967088231,43.3358566142404,29792.2449198281,28962.3952830163,-105.81378964351,0
4132,3924,5.6487585977976,4958.4324843345,22.2849639332453,11.3814632328021,11.6227839728756,17.4855511297745,34710.0711238467,16568.8803471272,233.271084522671,0
4132,3925,5.67995494053329,2283.24464899886,22.3019506314079,19.2913681855089,20.0049621700076,29.7216443778754,34107.4005500864,24411.8234495048,124.161037731315,0
4132,3926,5.53349404478028,2139.88067668224,24.0362073428521,20.5456856815723,21.3723676113527,31.6725147017474,29824.3302289344,28988.8215480218,-133.900025138824,0
4133,3927,5.78125171334694,5487.5630823345,22.2849639332453,10.6586839923755,10.865780749265,16.3699077517554,34713.6921719119,16574.2079703631,215.868842373515,0
4133,3928,5.63881653853999,2848.17075868224,24.0362073428521,16.760115163956,17.3252392180328,25.8067118655254,29826.3716147346,28964.8745571506,-76.6889804601323,0
4134,3929,5.65838674823503,4689.4289463345,22.2849639332453,11.8033673137359,12.0654751423292,18.1370014831802,34710.5479300995,16561.3342174703,216.544334347823,0
4134,3930,5.61189330768081,2715.99273268224,24.0362073428521,17.3283856355983,17.9308484028362,26.6867239515053,29790.8943514531,28977.2486540512,-107.856919139236,0
4136,3931,5.77315755707134,1840.12884268224,24.0362073428521,22.9462407605499,23.9526173170203,35.3960570346637,29801.6866525314,28974.3232520352,-110.655558890218,0
4137,3932,5.42751843765825,1978.25388868224,24.0362073428521,21.7559865539329,22.6720681098999,33.549498703611,29809.5269930335,28974.6767477082,-96.0417313462541,0
4138,3933,5.30807769777512,2172.83157268224,24.0362073428521,20.3194893799273,21.1297493717208,31.3217999612831,29825.9475246177,28972.7291813755,-100.158399497997,0
4139,3934,5.52782529352645,2616.10482268224,24.0362073428521,17.7925071101674,18.4260010496574,27.4056007761779,29821.8550364843,28968.8895342006,-73.1610646922455,0
4140,3935,5.55881444795659,1861.89905765732,24.3686630763586,22.8224896049666,23.8245369068809,35.205466149723,29825.9862386662,28995.3062529962,-124.178055071001,0
4141,3936,5.57539275361892,1436.00432165732,24.3686630763586,27.7464366790148,29.143768368536,42.8505821068533,29790.7316440197,28977.1083554183,-66.8056840086054,0
4142,3937,5.55573885113265,1336.40274965732,24.3686630763586,29.322395761064,30.8524519755633,45.2992369932782,29777.0384861608,28968.5210372874,-108.482616305349,0
4143,3938,5.48481380364973,1622.93898365732,24.3686630763586,25.2857222227826,26.4815168002811,39.0288515757741,29814.8607009938,28972.9673541852,-105.301396110094,0
4144,3939,5.66045889828044,1587.19078565732,24.3686630763586,25.7139218451075,26.9442482969723,39.693735170864,29783.0414460468,28965.099655485,-87.6705466675127,0
4145,3940,7.4749253189832,4942.89607305288,23.3615280655993,11.4870639389721,11.7410092440522,17.6506566319212,30699.9802717321,32785.4135021275,1235.58243228478,0
4145,3941,5.48174554819442,2152.68630965732,24.3686630763586,20.5204121735028,21.3498462659208,31.6345932092932,29807.2387181774,28977.4174020176,-126.515025688387,0
4146,3942,5.86084323109615,5202.15756122921,22.2609128648761,11.0307766803174,11.2551083740979,16.9441445614682,32148.7687344795,18680.2770311286,306.84810583652,0
4146,3943,7.66971656293589,5049.83230305288,23.3615280655993,11.3275378276658,11.5735776310691,17.4043242886888,30701.2379590091,32783.1813875297,1229.82330238453,0
4146,3944,5.51889326678288,1656.48458165732,24.3686630763586,24.8997507979661,26.0646254554186,38.4295957562263,29809.9593272136,28972.4572951048,-134.334416585301,0
4147,3945,5.78307968024461,4469.92521722921,22.2609128648761,12.1785293689706,12.4594204378751,18.7163602391264,32153.3119708709,18684.5385376063,316.812364551549,0
4147,3946,5.79551716822097,1588.57842365732,24.3686630763586,25.6969618099263,26.9259160258487,39.6673993373,29797.2938597989,28951.6439840317,-115.168874536864,0
4148,3947,5.78426762726953,4114.09542536288,22.2690065737956,12.865648106418,13.1824729611497,19.7778906098463,32176.1389940503,18688.1042743809,319.293762961807,0
4148,3948,5.48558072884752,1832.27408765732,24.3686630763586,23.0951005795667,24.1181556780642,35.6284859006067,29822.211046973,28983.8156438079,-76.1469288599227,0
4149,3949,5.70486126535954,4379.66266922921,22.2609128648761,12.3432684939797,12.6326259003354,18.9708250703653,32140.2890588167,18682.154384325,319.547820604121,0
4149,3950,5.15184239367895,1941.94154165732,24.3686630763586,22.1248676845467,23.0736827103185,34.1230901735711,29813.2695650135,28970.595097982,-71.7527065522939,0
4150,3951,5.72082526793404,1218.80680630067,24.7242002093579,31.62613415714,33.3621625949468,48.8820407675995,29802.3188556417,28972.900007437,-127.203444341424,0
4151,3952,5.45081643174778,1383.34102630067,24.7242002093579,28.6645012794016,30.1456624234442,44.2788342568379,29854.110059203,28976.215024752,-117.72326932301,0
4152,3953,5.4001709951188,1447.37060830067,24.7242002093579,27.6857075554236,29.0845950455453,42.7580734500238,29814.0889135948,28974.8743443441,-127.473609634873,0
4153,3954,5.35566837317647,1765.40402230067,24.7242002093579,23.8263803168221,24.9120398304592,36.7649674349124,29843.096544315,28979.8959584898,-98.072906812052,0
4154,3955,5.68437394764709,1873.55168230067,24.7242002093579,22.7964643350563,23.8019523160035,35.1665858425367,29826.4413277987,28974.0287048986,-127.920672748454,0
4155,3956,5.59361159246459,2479.28870830067,24.7242002093579,18.5950398412781,19.2917011094212,28.6512631055956,29817.9301384804,28965.8593501037,-105.746736669377,0
4156,3957,5.35466880211439,1192.90423030067,24.7242002093579,32.1632295307286,33.9463486125486,49.7170865292317,29813.3763105569,28959.5776941301,-87.5563323536945,0
4157,3958,5.38727248959337,1258.96020430067,24.7242002093579,30.8353479974325,32.5025079564052,47.6527041777591,29826.1969735481,28964.3679759506,-75.0653627427135,0
4158,3959,5.31704093865357,1545.57471289584,24.7239888474917,26.3342052405209,27.6212701945441,40.6587374428036,29826.2039618763,28984.3770724989,-127.039861235321,0
4159,3960,6.07062739739417,3190.4789826808,23.1896498839509,15.3848191904262,15.8542991362025,23.6755017191731,33906.0961531392,28134.9449916367,510.98201334716,0
4159,3961,5.54957322563793,1186.53871630067,24.7242002093579,32.29865190644,34.0936835007766,49.9276448888852,29833.1739289514,28974.0514493766,-112.102436469742,0
4160,3962,5.94921330113048,3758.9702483788,23.1879840130663,13.7602634899017,14.1340852976875,21.1627940732148,33894.4899307298,28114.8090753706,522.916475941759,0
4160,3963,5.38019266061129,1477.83314522035,24.6722360752943,27.2332175767004,28.5934842503553,42.0548757222644,29824.4531016801,28984.5066478649,-77.5000353561287,0
4161,3964,5.96622304056761,3662.0999003788,23.1879840130663,14.0049161235702,14.3926821517113,21.5410728865281,33906.4343702562,28115.848230544,545.464215404975,0
4161,3965,5.48793345331988,1449.15529322035,24.6722360752943,27.6441631031011,29.038622360827,42.6932660849976,29784.2131609925,28965.783888978,-69.3271779885552,0
4162,3966,5.97006958267293,3563.7097583788,23.1879840130663,14.2655736688502,14.6683797052415,21.9441485854766,33917.8752512008,28110.0726629972,496.125534141826,0
4162,3967,5.64616727591637,1265.96505122035,24.6722360752943,30.6842919158037,32.3373064463787,47.4176014695191,29800.1411879498,28987.2560311683,-90.550960912547,0
4163,3968,5.89652679482943,3869.8931843788,23.1879840130663,13.4936181468294,13.8524355702325,20.7505633635763,33938.005811135,28118.6598960811,557.255254986973,0
4163,3969,5.63848177158773,1499.17633922035,24.6722360752943,26.9370458973484,28.2727905222639,41.5948170506643,29829.3800986467,28978.9287823581,-119.631861821471,0
4164,3970,5.98164762226273,3646.5715703788,23.1879840130663,14.0452154403136,14.4352944517204,21.6033875873539,33916.9107062464,28107.8259374633,515.831149967194,0
4164,3971,5.30066657563799,1508.29510322035,24.6722360752943,26.8129273416561,28.1384259817062,41.4020260142809,29813.0767688532,28971.6769218572,-95.2394899168672,0
4165,3972,5.42361153882473,1736.08799522035,24.6722360752943,24.1136764184174,25.2211384763392,37.2106836676518,29809.6349162701,28965.7431911247,-111.309889685914,0
4165,3973,6.13049162560772,1759.5600983788,23.1879840130663,23.5155245851536,24.5519386949405,36.27561409811,33933.8516625973,28110.3383208486,573.451247237855,0
4166,3974,5.50711945939533,1403.62755122035,24.6722360752943,28.3292083252393,29.7810871785012,43.7575808557186,29793.6276481448,28968.70962296,-92.4845990052565,0
4167,3975,5.37152135858335,1406.90942522035,24.6722360752943,28.2784206821369,29.7260249267993,43.678670037507,29805.2944335654,28962.4788294488,-66.5434655067474,0
4167,3976,6.55804869230141,1723.32961048905,21.9421218325949,23.5671101640942,24.5860704002575,36.3497444117185,32008.6759083532,15721.9913184416,800.248400458775,0
4167,3977,5.49077558242825,1103.07864274468,23.2490267709049,33.607852324627,35.4854236862171,51.9541450736805,33779.0789191681,27354.6119740161,391.961430426703,0
4168,3978,5.79589953989565,3385.38126573746,23.1748682146212,14.7710017860405,15.2033728346714,22.725842588993,33775.6645497939,27374.0988320038,403.762890175679,0
4168,3979,5.55479989841038,1279.11457322035,24.6722360752943,30.4385075024767,32.0702755718803,47.0355565299491,29812.807707046,28977.9860218883,-91.0972271223497,0
4169,3980,5.49398644819228,1673.11566122035,24.6722360752943,24.7905569599582,25.9517950360579,38.2614760205711,29806.1717623072,28989.042283201,-82.3363668062785,0
4169,3981,5.81914121497792,2178.68685573747,23.1748682146212,20.1164535908725,20.900150185881,31.0037365817388,33801.9686500304,27400.8617344241,378.881791222741,0
4170,3982,5.95791000919322,2236.48514169299,24.6902034732666,20.019154044418,20.8164820567669,30.8585797729502,29815.7350147144,28969.2756594598,-107.656728355802,0
4170,3983,8.59522802901758,2702.90956329117,21.6802696833492,17.0328228223391,17.588307721739,26.2214312594064,36451.1886186991,25416.9331455395,-1464.74169353904,0
4170,3984,7.28025668065105,1883.12514413095,21.7979142984071,22.0513154895274,22.9542915564492,33.9978743432823,31916.1359433339,15736.6587543075,900.770698351183,0
4171,3985,6.56845252830091,5324.13336643502,21.8526238384019,10.8376320694388,11.0501899494842,16.6452899612799,35916.2777693609,25646.7925500541,1045.28384617237,0
4171,3986,5.42600892473253,2052.21562569299,24.6902034732666,21.3115331119522,22.2038577561172,32.8627242114755,29813.2070061801,28965.4400791372,-128.507300286665,0
4171,3987,6.70396002884835,1882.79475413095,21.7979142984071,22.0541322931781,22.9573157104781,34.0022425579774,31927.4481872283,15729.9708341346,911.433903360439,0
4172,3988,7.12915330253692,5359.78729842381,21.9298162697549,10.7966217599241,11.0077898259301,16.5821411914844,35886.5556750164,25655.4601331488,1027.07951549306,0
4172,3989,5.24951672931312,1542.51195969299,24.6902034732666,26.3645452767712,27.6535007401101,40.7056938836781,29807.3869011075,29008.1841863724,-90.6398715577596,0
4172,3990,6.9852116214319,1816.49649413095,21.7979142984071,22.6385906279183,23.5850791028805,34.908681637327,31925.4396738945,15692.2707256721,921.22193661148,0
4173,3991,6.93438059526056,5259.56899842381,21.9298162697549,10.9288209394223,11.1461381145861,16.7861664727346,35895.0409494421,25653.1083526235,1031.39853225856,0
4173,3992,6.21401854563824,1742.11396987549,22.0262882905396,23.4008527406053,24.4086492189441,36.0922127744802,32002.2762599129,17747.3483607711,350.345279113304,0
4174,3993,6.90072588412242,5095.78366242381,21.9298162697549,11.1546406766078,11.3826000740186,17.1347159201606,35876.2361291478,25669.904792932,1045.79937418929,0
4174,3994,5.63366470123133,1593.36999369299,24.6902034732666,25.7245586948364,26.9613223090391,39.7117956559404,29805.2876356475,28972.4383783153,-108.171544454468,0
4174,3995,5.77900593227596,1378.55488258787,22.006436486886,27.8688700242022,29.2294868571623,43.027782964476,31998.3130113853,17696.6481419098,389.335738923959,0
4175,3996,5.46831946658569,2574.31992969299,24.6902034732666,18.0979797729633,18.7599061665991,27.8809531304064,29806.588540387,28981.5867690857,-71.2611474171968,0
4175,3997,6.78789400667967,2826.00436242381,21.9298162697549,16.5511858474484,17.0791922302538,25.476725900106,35880.0053192572,25691.0569484702,1074.99855852427,0
4176,3998,5.44124934864543,1892.74738569299,24.6902034732666,22.6177385111602,23.6089647618128,34.8891159952347,29829.6637994125,28975.4791403061,-138.036177490837,0
4177,3999,5.42258198447151,1927.62038189308,24.6901290422039,22.3148769225336,23.2829247406608,34.4192003185337,29803.9088773638,28967.3466724292,-64.8933631429423,0
4177,4000,6.37930968190229,2504.89761690731,23.3804589611158,18.2428663351569,18.8988728747083,28.1010684408726,32723.4571229488,31568.1282031145,652.596407439342,0
4178,4001,6.11093746708855,4449.15466290731,23.3804589611158,12.3122176396292,12.6085233063594,18.9252206619222,32700.797718869,31543.3750883439,642.604158788268,0
4178,4002,5.51234975303427,1721.03268969299,24.6902034732666,24.2756580350093,25.396223198897,37.4622090909601,29794.6069876904,28971.2898685582,-86.8691236889541,0
4179,4003,5.76090513383178,2031.00458769299,24.6902034732666,21.4742392965574,22.3787302939635,33.1150968698065,29798.6174987602,28958.4884563773,-86.5261218336582,0
4179,4004,6.04447659345129,2577.63161259297,23.3280156835307,17.8690647223356,18.4992413060666,27.5218570319067,32727.2175295161,31568.8037570982,556.0803009904,0
4180,4005,8.52158939235855,5206.76243268478,23.8520883108019,11.1388549703622,11.3788314684467,17.1138774881902,28232.6418391431,26952.4703349859,-1380.58603927235,0
4180,4006,5.70384323141698,2720.07467267173,24.5310502162179,17.3823729508535,17.9940243436609,26.7718814714251,29816.7223830628,28981.9939349724,-100.745917043293,0
4180,4007,10.7992131673416,3919.60628660692,24.1971457444771,13.4771164086638,13.8434480711339,20.7273796710679,29321.3493656326,27799.4770210967,-394.263945275211,0
4181,4008,8.45243354388703,4995.35688468478,23.8520883108019,11.4446510410863,11.699783845835,17.5860732887587,28234.9606252079,26956.891933889,-1357.51421412664,0
4181,4009,5.68517182374226,2723.02615667173,24.5310502162179,17.3690815629158,17.9798444733396,26.751294517103,29807.5730590134,28967.4509418916,-133.181353183801,0
4182,4010,5.60562549524882,2743.95085667173,24.5310502162179,17.2756017524661,17.8801269689024,26.606507240376,29792.2061560604,28962.6460021703,-148.117513260295,0
4182,4011,8.40736034574225,3381.20350068478,23.8520883108019,14.8617955255445,15.3060477066534,22.8680741385566,28235.7846767274,26917.6140029704,-1380.87520575842,0
4184,4012,5.39433515811159,2944.12314467173,24.5310502162179,16.442925015027,16.9927638535105,25.3170479694986,29843.9511426872,28970.4872246882,-82.6908964319468,0
4185,4013,5.4132729372091,3190.70421467173,24.5310502162179,15.5488194103269,16.0417657528418,23.9329651666434,29808.1747763353,28974.7366610026,-92.1489103685645,0
4186,4014,5.59004299590858,3413.16681467173,24.5310502162179,14.843311370974,15.2927777979281,22.8412210667781,29848.2435530439,28953.8006410612,-86.605736199302,0
4187,4015,5.68086149567292,3512.74636067173,24.5310502162179,14.5537674627741,14.9857657496611,22.3932673011326,29805.2434189369,28971.1758129341,-104.264541348358,0
4188,4016,6.15813005488156,7666.53835004507,23.1329089134272,8.66593924551525,8.79245531306251,13.2978046129573,33426.1747891684,30678.5938121388,662.708317817247,0
4188,4017,5.66820224421086,5514.91658869385,24.458182483759,10.7704226822424,10.9962400033931,16.5460943141467,30379.5931597914,29375.6645125137,-1411.5135938479,0
4189,4018,5.82903148517714,6912.62215397052,24.3939715041722,9.31314999551996,9.47221421647437,14.2973420098518,30756.5553409543,29028.6571926798,-73.0614705233264,0
4190,4019,5.69695506638205,6833.49888222682,24.2325974091698,9.37305693285338,9.53389009744352,14.3895162733612,30722.8662675384,29043.4215489734,-97.7548032583148,0
4191,4020,5.55779030793544,6789.7984233624,24.2289618307641,9.41112216733173,9.57357287490126,14.4482209871368,30712.7184566001,29020.581602541,-54.6835213847641,0
4192,4021,5.58593433292631,6614.38423422682,24.2325974091698,9.56928017776446,9.73860577147501,14.6921769139877,30717.8670987399,29026.3502646766,-53.0634783283689,0
4193,4022,5.54700387864936,6384.10240422682,24.2325974091698,9.78806984080518,9.96703915188363,15.0296926060585,30747.9105604649,29045.2838077592,-66.8121455100556,0
4193,4023,7.66241585750937,2679.04275620149,23.4492309771369,17.4084157605587,18.009401809501,26.8088018954971,28859.1383968955,25811.8128024166,1193.86453352689,0
4194,4024,7.55616718309961,4569.62244020149,23.4492309771369,12.1024309208074,12.3882949752314,18.6012671012354,28859.6238908217,25781.7393403345,1183.82945037897,0
4194,4025,5.64943528142721,5631.03346422682,24.2325974091698,10.6112177939285,10.8280664416222,16.2999590651124,30739.4092616946,29027.568654694,-52.8758480017838,0
4195,4026,7.24749350651066,5101.74857420149,23.4492309771369,11.2586291982144,11.5018609079714,17.2980865536838,28872.027581247,25762.1366560113,1187.30084469609,0
4195,4027,5.57134330061205,5854.3762293624,24.2289618307641,10.3475878368414,10.5520148677985,15.8930507293337,30749.7505023893,29018.116336938,-47.0547778207046,0
4195,4028,10.1818016883302,5775.25528004541,23.1647339763614,10.3714112092785,10.5707269258728,15.9280978393133,27528.4397458896,25571.8077130022,-1057.32059168524,0
4195,4029,6.17003005713093,3515.92996141286,22.872800144067,14.3616972341149,14.7671628981339,22.0919965031749,26431.2507830877,25717.98542827,535.048711047655,0
4196,4030,7.46366637061628,4372.77607820149,23.4492309771369,12.4602420304762,12.7648753176315,19.1540653456366,28870.7636023331,25787.8390827753,1218.35019112339,0
4196,4031,5.64541411083796,5497.2246393624,24.2289618307641,10.7777444696592,11.0025317636834,16.557015348048,30736.7215401327,29014.7807734823,-37.4261431362873,0
4197,4032,5.47370032598283,5767.78207792049,24.2617652002454,10.4496526279632,10.6590410341694,16.0506281778909,30715.511659641,29006.5527175027,-59.4303255661644,0
4198,4033,5.76134716589695,4923.92196592049,24.2617652002454,11.5840348642348,11.8489371516744,17.8020930058019,30723.6704095596,29021.8439062411,-92.9563907459866,0
4199,4034,5.45934274490243,4317.6662613624,24.2289618307641,12.6338013352139,12.9536305588889,19.4238851035252,30757.5729220787,29027.6122467394,-62.9917093742501,0
4200,4035,5.5442080077778,3818.61193568729,24.0319149227775,13.7002027494163,14.0778579300988,21.0719293766868,30754.6562128847,29045.5433869919,-64.5199765892078,0
4201,4036,5.51110895087364,2940.08289968729,24.0319149227775,16.3919223698382,16.9332060828466,25.236633013014,30749.5905077259,29012.3961447351,-69.5161587058375,0
4210,4037,5.68544615527973,3531.55088948975,23.3668269093187,14.3733676803617,14.7840996043747,22.111309241001,29998.8711457052,25978.7843487267,-23.831789980875,0
4210,4038,9.93767853181061,4072.58752540225,22.5129213649787,12.9759518266044,13.3007004080813,19.948893256302,28392.581165441,23203.0532740658,-1097.53467433117,0
4211,4039,5.59047979799744,3977.18092148975,23.3668269093187,13.265698044243,13.6133382491783,20.3986556265437,29997.5762718926,25971.3706942646,-51.6488137228954,0
4211,4040,9.87512830237133,3852.45968140225,22.5129213649787,13.4664297717301,13.8179188016013,20.7069314059821,28432.1060471053,23198.3739383651,-1111.37311177997,0
4212,4041,5.74308738815485,3513.59969948975,23.3668269093187,14.4232414841505,14.8368946039388,22.1884450216456,30003.4857874721,25966.9961244048,-7.74111042771944,0
4212,4042,5.98535801937317,3368.6030420704,22.5885752258107,14.7523589625858,15.1779395492074,22.69543897246,28423.1716768676,23601.5094187554,421.826498020445,0
4213,4043,5.66241040118259,3987.01320263636,23.2200391498497,13.2296028673284,13.5740320668561,20.3425274227691,29943.5615078253,25391.3785341149,125.122593971514,0
4214,4044,6.06217689125433,1000.99243463636,23.2200391498497,36.2799983627199,38.3954476089896,56.1096886092705,29965.56579921,25442.3020398074,188.781763830751,0
4222,4045,6.0848912843816,5072.84572069749,21.8133903340796,11.1784924516319,11.4067802397903,17.1713108214078,35207.8383905799,21567.5030704818,435.899598300105,0
4223,4046,5.980305486098,4321.25252269749,21.8133903340796,12.4128085778616,12.7022092442391,19.0772656960638,35213.2433070016,21593.04531286,432.681711032485,0
4224,4047,7.02280869755514,3443.26418007029,21.5074427434672,14.408622309258,14.8036416467787,22.1609347614798,35869.8336868875,16913.9690853517,1039.8039489269,0
4225,4048,7.11400291855335,5838.83396607029,21.5074427434672,10.1925554250154,10.3738233048467,15.6493742864109,35830.0323359978,16931.6728558762,990.409886740451,0
4225,4049,5.94824492717818,4804.89984572436,21.8251783903872,11.5803973492186,11.8281273063903,17.7917827325278,35367.5536294461,17575.5104947154,-129.33436909033,0
4226,4050,6.35834567537831,5478.04831102739,21.5869931482447,10.6222636920927,10.8231959242285,16.3124631527941,35674.7585527284,17347.3233783856,760.127637513091,0
4227,4051,5.97995306967948,5168.94742098966,21.6250405546542,11.0296378129824,11.2496072163547,16.9411955824879,35112.1752797092,15945.5904998893,372.421007321122,0
4228,4052,6.03174215192135,5118.50788098965,21.6250405546542,11.0997269391265,11.3229865099924,17.0493735770643,35136.9822938937,15983.6192160388,379.940705447962,0
4229,4053,5.99746337141475,3323.25672498966,21.6250405546542,14.7728478913243,15.1899997120055,22.7244739154272,35157.2648660705,15982.6970899224,404.215704795754,0
4231,4054,6.38712707529886,2078.04350070107,21.9445823131139,20.5650190824869,21.3627157754068,31.6941136751564,29124.9966754241,19320.2023955689,861.974469330998,0
4232,4055,6.54550485814656,2337.90624870107,21.9445823131139,18.9052779862066,19.5874991663629,29.1220981538721,29130.7549760664,19300.7847694553,817.272670701433,0
4233,4056,6.5686711666748,2406.60534270107,21.9445823131139,18.5217748617283,19.1780879152323,28.528017176633,29108.5427158745,19350.6522795846,756.913463173985,0
4234,4057,6.58176995672575,1920.88725626449,21.9760309054371,21.775393815765,22.6610131322858,33.5707981646347,29148.9207302144,19346.3300538081,807.344578969669,0
4235,4058,6.21757398606924,1918.12550530518,21.9610186423359,21.7947999040461,22.6815989572815,33.6008239216343,29105.3915380822,19352.5993675538,805.984994703055,0
4235,4059,8.59588393756018,2431.15085975473,21.3725245917812,18.2905918189153,18.9238022659731,28.1678323139183,25880.9194614238,18552.2065392736,-1521.67768937708,0
4236,4060,8.45246041739679,3377.24682049762,21.4031730632446,14.5858439078778,14.9899521603402,22.4346735351854,25916.0560636322,18575.5494623391,-1392.84134254211,0
4237,4061,8.19121033920586,3198.19746649762,21.4031730632446,15.1348255080936,15.5708233102914,23.2836662989596,25875.6148266367,18609.7764558605,-1322.6126505628,0
4238,4062,8.72342114673749,3246.80884849762,21.4031730632446,14.9804073619028,15.4073553053475,23.0448387770384,25925.1017953152,18547.019576411,-1439.15488246937,0
4239,4063,8.41813920182399,3798.51609649762,21.4031730632446,13.478712176074,13.8209937292336,20.7231896980938,25900.1093076694,18545.6505101479,-1397.56480110685,0
4239,4064,5.10307259246085,2972.78060268522,21.0907708588832,15.8665695858274,16.3427351811681,24.4146530358685,25000.6589190839,18867.833525622,444.931423377254,0
4240,4065,8.35100003859108,3976.21240966954,21.3744613710482,13.072016829275,13.3922085909586,20.0946604606382,25876.9840225092,18565.7218906885,-1357.55714094369,0
4241,4066,8.65532115884979,4179.88683166954,21.3744613710482,12.6470068189044,12.9449097244186,19.4380451179026,25907.2065958366,18562.7147401435,-1432.10118538434,0
4241,4067,8.6824030023081,2884.69781261799,21.4124293860521,16.2437339443143,16.7466022932806,24.9992520317929,29813.2409587147,14697.6379896265,-1411.78381639614,0
4241,4068,4.85656643856752,3259.72982402785,21.0645499262885,14.8976454323626,15.3162266074067,22.9158676010595,24931.3395026304,18830.6063440564,636.732915006276,0
4242,4069,8.29432665601176,3574.85463766954,21.3744613710482,14.0342609557404,14.4068654979407,21.5818044366972,25903.1895746936,18527.6909787299,-1409.22345629563,0
4242,4070,8.5550432773286,2614.30663661799,21.4124293860521,17.3902128393642,17.9652276234797,26.7737894649812,29813.7494799921,14677.4305051065,-1467.71549596272,0
4243,4071,8.53163835915008,3399.91349378128,21.3445159452282,14.5130624012984,14.9124133181342,22.3219718211931,25880.8989773684,18547.0390145421,-1356.18860691674,0
4244,4072,8.25278249280403,3128.51977366953,21.3744613710482,15.3599158171295,15.8089049123675,23.6317420387521,25919.2084725924,18549.8571435811,-1479.31858169274,0
4245,4073,8.05209405286062,2078.78263966954,21.3744613710482,20.4419720990365,21.2222414175112,31.5009903537221,25890.729194349,18552.7041825213,-1377.82220880616,0
4246,4074,8.12744337412779,2898.05108378128,21.3445159452282,16.1824701915234,16.6807842076503,24.9042344278122,25908.5419098871,18522.593093607,-1484.07841864516,0
4247,4075,5.75229567727821,2898.71230770452,23.1184644211127,16.4291910554106,16.9629658447497,25.2916038975267,28721.5934808053,27767.7370360404,294.553073828734,0
4248,4076,5.66892684647705,3230.22563370452,23.1184644211127,15.2458713164418,15.7061850500126,23.4603194971748,28708.9761598932,27759.404081189,315.714078681674,0
4249,4077,5.85607462830112,3048.11466570452,23.1184644211127,15.8670669098783,16.3655140707529,24.4215523216691,28713.7557051655,27763.5244763027,327.434370659794,0
4250,4078,5.57569890757383,2938.8343769465,22.8116914991161,16.2312183413107,16.7491133883798,24.9842363292005,28708.5837991477,27767.7260207076,319.178726877102,0
4255,4079,5.38154441503941,3028.91657516408,22.6638845289002,15.8763606121527,16.370544002657,24.4346016593722,30762.31130859,27974.8942907078,-296.740044661664,0
4256,4080,5.66356166818702,2749.67094716408,22.6638845289002,16.9779162337742,17.5416320342554,26.1396647154082,30763.928475119,27968.0828102308,-261.381879774103,0
4257,4081,6.53951938208753,4051.11326336478,22.0119765374203,12.9734022225002,13.2938228589454,19.9437970689676,33734.8680839712,27152.6552480041,951.402000778235,0
4264,4082,5.65833991279639,1117.82429820625,22.0591195636007,32.768528484095,34.5442521054193,50.6413501754011,33287.5520186286,27311.1072625681,229.443673308557,0
4265,4083,5.9768390103828,3801.56439703754,22.0847877124148,13.5427139716657,13.8946360943879,20.8238016855018,33264.8885708677,27278.7780810513,117.438686522402,0
4265,4084,6.81104250220029,2923.04067237027,21.3898888259249,16.0935909783719,16.5869816694794,24.7668502286123,35644.3307535667,26971.85104042,932.877412201609,0
4266,4085,6.76439754021836,5070.59769837027,21.3898888259249,11.149548035174,11.3735128126104,17.1258175666934,35619.4504648029,26951.3670599508,1011.71746013815,0
4266,4086,11.0984488340351,6600.87522699458,21.8271318847359,9.44888504984196,9.6003672130719,14.5029779555479,34244.237417814,26944.7284256431,-1277.21515351762,0
4266,4087,3.29596919996851,3289.58588274082,22.0996069024562,14.9334818440757,15.3648525820769,22.974239161568,33246.6569527682,26703.7956883004,-458.891463785417,0
4267,4088,5.80874298636542,3889.95473503754,22.0847877124148,13.3362186512172,13.6768281740259,20.5046463198445,33252.1983716123,27265.3613134757,139.160327526852,0
4268,4089,5.71583089854706,3513.44841645871,21.8180970255607,14.249441723105,14.638438812139,21.9156526500456,33609.1244621797,15363.886658216,207.21448538289,0
4268,4090,5.73225180295624,1821.73536103754,22.0847877124148,22.6595012663135,23.6124043760713,34.9424543948219,33279.544329316,27290.3105375097,95.1662242013916,0
4269,4091,5.95535191532882,3428.56145388865,22.3416789110829,14.5478588973936,14.9590714864947,22.378496542408,27767.2245908909,25486.1497117981,531.638780362715,0
4269,4092,5.79930642038762,3499.09950800228,21.7950830415501,14.2862031535801,14.677068343271,21.9724300965088,33636.950209686,15371.3149746437,191.559488959238,0
4270,4093,5.91433275208154,3648.02386357066,22.278066295427,13.9435378095742,14.3195523795072,21.443895277157,27768.4167958114,25497.7467165911,553.273692358841,0
4270,4094,5.62128497180844,3647.80632700894,21.80614849522,13.8927263944367,14.261516881171,21.364137873837,33632.848928842,15376.6813209275,191.46678665517,0
4271,4095,6.17162328930513,3085.23753757066,22.278066295427,15.6258500163278,16.1005388836977,24.0458296866732,27758.9952024902,25492.5408772973,493.225519306308,0
4271,4096,6.37221676522655,3054.93246947369,21.6199256648239,15.6445970832306,16.1132945735329,24.0728710606376,33438.0876751424,14306.7907917615,553.428054669442,0
4272,4097,5.9688022274421,3774.63201947369,21.6199256648239,13.5584822278934,13.9070829953145,20.8470185006785,33436.6054251427,14304.8348657541,600.728851354266,0
4272,4098,6.8303829589809,3275.40035590451,22.4476312010197,15.0200729159227,15.4600877739076,23.1091468840733,27484.8886644298,26794.8373991785,920.148858265279,0
4273,4099,6.24077484914127,3665.06184537547,21.6337681467372,13.8300086040402,14.1936996972431,21.2667438088187,33422.4797084799,14316.9270757214,609.935915293529,0
4273,4100,6.88087816003037,3467.85725112429,22.4691678610267,14.4505094782671,14.8573034209291,22.2282876734535,27476.5959839097,26803.7560869583,929.7458411038,0
4274,4101,6.28377366056877,3577.75078137547,21.6337681467372,14.0557495457936,14.4320398337383,21.6157084403345,33409.9750060095,14279.6529411776,684.014236308732,0
4274,4102,6.74730617670127,3345.56889912429,22.4691678610267,14.807231885987,15.2348677404421,22.7799871487007,27488.083871349,26818.7162868335,939.981874334412,0
4275,4103,6.9232240645821,3346.27373112429,22.4691678610267,14.8051088067677,15.2326196155865,22.7767033636667,27476.7563530084,26820.0899794686,897.855875830316,0
4275,4104,6.33140493355975,3322.93822570542,21.5970371069252,14.7703981891151,15.1871224242705,22.7206068548324,33404.2418352459,14258.6981619226,716.532302736267,0
4276,4105,6.27797189101953,3337.24221949889,21.8166645748296,14.7540212543851,15.1720219681858,22.6958941441332,32531.712703957,15069.430696836,784.658260767895,0
4277,4106,6.33702707611348,3394.84020949889,21.8166645748296,14.5838666370594,14.9920055712104,22.4327583862622,32529.8558098309,15080.3711158678,745.347533217845,0
4278,4107,6.60412268049351,3755.44988149889,21.8166645748296,13.6255843205015,13.9796571736959,20.9512255873095,32537.4540913575,15063.4202584431,746.72794960467,0
4279,4108,6.63687835480309,3700.56108949889,21.8166645748296,13.7606489273123,14.1221872460216,21.1599970569803,32523.2537398729,15081.3236971131,727.815751573801,0
4280,4109,6.56832527860092,3209.52896078072,21.80364448545,15.1491666129283,15.5902275031941,23.3070102604266,32515.4964348536,15058.0532207097,749.468196600153,0
4281,4110,6.54585932072047,3168.62667878072,21.80364448545,15.2822889349668,15.7312542925707,23.5129292031889,32513.8733319718,15081.1866523574,702.462178421888,0
4307,4111,6.39639321503333,2589.39800754147,22.4129204633819,17.6672360760881,18.2727935541023,27.2061809177547,26037.5223080674,25703.3257787238,724.23064630457,0
4308,4112,6.23039890115247,2385.04077954147,22.4129204633819,18.7220626555576,19.3981615685487,28.840004090229,26022.7884031725,25682.5948839659,732.68509301235,0
4309,4113,6.21631867099715,2319.17108501197,22.4300853825031,19.1012973526069,19.803556737775,29.4276221239409,26030.4411402718,25706.0452643026,756.933466626282,0
4310,4114,6.34895907478297,2420.08700242375,22.4719980382736,18.5397412862416,19.2042563198541,28.5577737310914,26037.9928529706,25686.867693089,723.753773804138,0
4311,4115,6.4442198558303,2457.94969642375,22.4719980382736,18.3372927458351,18.988153753409,28.2441689254819,26030.4104552396,25694.6781043805,762.376454873302,0
4312,4116,6.32573173736023,2313.74547442375,22.4719980382736,19.1407322972136,19.8462768173263,29.4888815601982,26034.2571456872,25673.2530155633,730.160480467446,0
4313,4117,6.32848846536061,2527.11186283812,22.4878486153459,17.9844396017705,18.6119093717432,27.6976906317885,26014.4451881729,25710.703585152,731.931969646856,0
4314,4118,6.36941338243955,2522.33169442375,22.4719980382736,18.0058431324363,18.634535980211,27.7307852326973,26038.3047972314,25695.0383656499,752.773028400065,0
4315,4119,6.24188484330534,2531.51706283812,22.4878486153459,17.9623971674442,18.5884016993448,27.6635515006911,26046.8639234958,25727.7770257681,710.34189052253,0
4316,4120,7.32638564183273,3497.41926195648,22.4312470077362,14.3633450828352,14.7647376403573,22.0933958572842,26901.635134926,25043.0626614436,1191.95863889929,0
4317,4121,7.43023478535195,3582.55802518912,22.4309081555886,14.1316292411454,14.5197271178465,21.7350956884797,26888.957120977,25007.5834143019,1165.20915664135,0
4318,4122,7.29708705174949,3929.07105718912,22.4309081555886,13.2820226576862,13.6226726085494,20.4217120759824,26894.8228978085,25026.9888382906,1172.02559342674,0
4319,4123,7.46605132300898,2331.54730318912,22.4309081555886,19.0292656265168,19.7265883093936,29.3160189773117,26880.4020771878,25031.9994808633,1118.81197562084,0
4323,4124,5.48053596500946,2398.36251613434,22.5239597219108,18.6675442278648,19.3414094988735,28.7559493772348,29798.9194148943,26676.0582533855,-20.375947740364,0
4324,4125,5.57090616715135,2283.82731613434,22.5239597219108,19.3285743847036,20.0478078306915,29.7801414324834,29792.2546575562,26684.8812451871,-50.993529748281,0
4329,4126,5.84885626913258,4929.47250807473,21.8358773441368,11.3900318036272,11.6286007718501,17.4979045505315,34811.6852014557,19759.1688473261,431.833498940421,0
4330,4127,5.9148491376688,4567.97391797528,21.8561278433796,11.9718665500215,12.2391988622571,18.3963261862917,34830.0927661721,19764.7114697947,421.648837035346,0
4331,4128,5.89841937178828,5148.60130397528,21.8561278433796,11.074971427921,11.298653406377,17.0116031151119,34823.6484354399,19758.7588637557,408.475637538847,0
4332,4129,6.0243800212504,4575.22047197528,21.8561278433796,11.9594438167097,12.2261536450367,18.3771417365805,34809.4910240097,19749.6539929019,430.258145465369,0
4333,4130,5.72633083503422,4925.52197597528,21.8561278433796,11.3975465658863,11.6366220893015,17.5095455738707,34811.4005633879,19747.5825401905,452.181333058489,0
4334,4131,5.8426818706757,4927.46026397528,21.8561278433796,11.3946335652903,11.6335685209742,17.5050484998954,34822.2351477762,19761.0402797121,432.411915022269,0
4335,4132,5.82476946258937,5455.55563997528,21.8561278433796,10.6691409526028,10.8739592908029,16.3852815271176,34827.5526382484,19755.1660189122,442.568628921826,0
4336,4133,5.84938958653431,5340.99841397528,21.8561278433796,10.8158229316725,11.0273937032241,16.6116390865855,34827.7897533271,19752.2508235264,433.789632585816,0
4337,4134,5.98251439681635,5139.06404597528,21.8561278433796,11.0882589502877,11.3125680982621,17.0321124758517,34828.8997740731,19763.9663562515,422.884729555464,0
4338,4135,5.9826238952049,4996.57785197528,21.8561278433796,11.2920574179231,11.5260605305903,17.3466969494559,34810.4392952975,19760.6015979766,449.289120953676,0
4338,4136,5.94832931879799,2113.93386993393,22.1238231024964,20.3495803982702,21.1346667937041,31.3609145199056,33157.0516851465,27658.3868483585,202.657152834505,0
4339,4137,5.62442297683355,1040.43838751304,21.909891233182,34.5962058547751,36.528233283023,53.4818222376432,27388.5516951077,20613.1735675414,452.547531131482,0
4340,4138,5.76247632003763,3515.11052300377,21.9401898050332,14.2587900893601,14.6494940196488,21.9304306288882,27395.2463822652,20619.9806278061,365.251180368187,0
4344,4139,5.87534944942332,2102.64797915103,22.228891522486,20.4492889410842,21.2430211970767,31.5158988771931,27069.505480213,22426.5178197274,337.717201752488,0
4345,4140,5.97575268984801,3892.81112915103,22.228891522486,13.344240977358,13.686544671107,20.5173915620409,27071.8393788602,22400.3770737591,322.55392980952,0
4346,4141,5.82414673294268,2925.07679315103,22.228891522486,16.2034059036323,16.7130947228652,24.9394095048338,27078.7733320224,22416.1970601683,350.512539640042,0
4347,4142,5.88787751730414,3152.40713915103,22.228891522486,15.3904962451312,15.8504203510455,23.6815576948254,27078.659080264,22417.8823767745,368.42778755215,0
4348,4143,5.82596508588792,1636.66592315103,22.228891522486,24.5607786786379,25.661380554519,37.8930530602784,27062.5216830036,22401.2897292509,404.034860474453,0
4349,4144,6.91296528535537,3450.47709245606,22.7739217654149,14.5347885344254,14.9494014332701,22.359429780817,26180.0768747554,28521.7426438699,160.388591662556,0
4352,4145,5.72474382198351,4268.59887131682,22.5409111331988,12.5798165672643,12.8837136056807,19.3368671348361,29986.0014412051,25802.3968573833,46.674675923128,0
4353,4146,5.53127162333641,3853.34269331682,22.5409111331988,13.4672044828941,13.8189800850206,20.7081961115777,29990.7047409822,25782.5095724357,-10.7858128497914,0
4353,4147,10.4571586391627,4818.01281899826,21.5305149565735,11.5362110429699,11.77964048122,17.7229690601008,36516.2839457483,23030.6810222033,-1069.96495598125,0
4354,4148,5.57146252590293,3975.27862931682,22.5409111331988,13.1895477414026,13.5260916113689,20.2790493133039,29945.2830881883,25778.6176634336,-8.97089524904884,0
4354,4149,10.1254330905332,4898.01125099826,21.5305149565735,11.4134575952262,11.650966420197,17.5334637683462,36503.7662401822,23032.180707956,-1053.7150409636,0
4354,4150,5.17845225242055,3433.80965224872,20.8848430198289,14.3617809648955,14.747919178252,22.0867968063612,37593.5192633704,23113.8025905512,812.928051021782,0
4355,4151,5.51853160423553,3259.96225331682,22.5409111331988,15.0800160494694,15.5245426147167,23.2021317464949,29980.4591722896,25801.2000219869,-16.8863491652879,0
4355,4152,10.2480062456728,5471.40097242755,21.4705654440228,10.6224106485285,10.8225897242415,16.3124797254512,36517.2742757473,23036.9129912571,-1054.29049569991,0
4355,4153,6.11044985522087,3511.88065084916,20.7925245755989,14.1357214099194,14.5082914466111,21.7370774109737,37645.7283698825,23009.1350565966,668.474573837714,0
4356,4154,5.60393099262405,3452.93203931682,22.5409111331988,14.5010712528053,14.911488210717,22.3066698478791,29969.600460445,25794.65388383,23.5116257957631,0
4357,4155,5.4721535951073,3665.19660131682,22.5409111331988,13.9278171818345,14.3053501227235,21.4202538782138,29985.513987538,25816.7881069786,11.3655107131004,0
4358,4156,5.64076693745977,3573.43628531682,22.5409111331988,14.1681398071702,14.5593485339354,21.7918317591051,29962.9836298977,25793.1471552606,7.4215013522922,0
4359,4157,5.72425762655923,3569.66983931682,22.5409111331988,14.1782403903426,14.5700274034557,21.8074498637548,29974.7304492835,25804.1482965194,-5.1069555742834,0
4360,4158,5.63273844368641,3444.2863552899,22.5781147438357,14.5300416913917,14.9425021288397,22.351571632551,29969.314751049,25796.2941520266,16.734571254938,0
4361,4159,5.56208329717788,3753.3772132899,22.5781147438357,13.7106883924394,14.0763358619849,21.0846669042188,29960.5352523282,25797.6748916968,21.894356296036,0
4362,4160,5.70410423701225,3060.2328898103,22.5690274584665,15.751772154319,16.2372648162528,24.2415273506171,29965.6727909078,25558.9471102714,53.7864655296921,0
4363,4161,5.88877071450311,3713.3037898103,22.5690274584665,13.8090515668412,14.1801385115606,21.2367089595643,29959.1294754783,25549.6029728142,43.1789866247671,0
4364,4162,5.9261484418077,3432.03834704885,22.5594820035123,14.5630731930072,14.9772797192614,22.4026068149243,29976.3930590502,25555.2612725846,36.1975634755865,0
4365,4163,6.15516002362956,4973.18806796918,22.1571261776954,11.3496749558,11.5885611260946,17.4362277112339,32785.3364255289,31899.0136667503,646.175984048558,0
4365,4164,5.57307391116986,3632.4903958103,22.5690274584665,14.0152770491529,14.3980263302145,21.5555470815105,29949.0630868959,25543.5163539593,81.8629882026944,0
4366,4165,6.23525574078915,4656.99821396508,22.2111586564662,11.8510321755884,12.1149787389472,18.2104586086251,32777.1996707189,31891.702975316,632.152689301078,0
4366,4166,5.64392011782887,4029.3989158103,22.5690274584665,13.0738326434554,13.4043304194419,20.1002829540783,29955.6404412656,25552.0618896218,76.5811706113218,0
4367,4167,6.2534421615619,4526.54483996918,22.1571261776954,12.0693138321112,12.3438504523034,18.5474552064114,32785.3656310444,31912.2777868643,669.779895825424,0
4367,4168,5.81543466492689,3848.2130398103,22.5690274584665,13.4820860171901,13.8349293042793,20.7312663334469,29952.9206895674,25543.5000679384,55.8105485883356,0
4368,4169,6.1077113864036,4423.08871796918,22.1571261776954,12.2541888235398,12.5381524672276,18.8330026748466,32796.9247945477,31930.3946688572,648.008453349001,0
4368,4170,5.70494055313123,3700.9912558103,22.5690274584665,13.8399511455347,14.2127778988918,21.284479651957,29944.6573540375,25540.2757053109,77.5333237024669,0
4369,4171,5.875381541458,4273.4690218103,22.5690274584665,12.5728631531843,12.8766174044614,19.3261857556674,29957.5950853363,25547.7668084594,69.6366778752633,0
4369,4172,6.23340776379097,4646.44775996508,22.2111586564662,11.8686476161857,12.1334763067364,18.237662013665,32789.2236697382,31892.3194587807,639.178199478908,0
4370,4173,5.53783358118164,3816.29184033771,22.5682467996245,13.5575045166995,13.9145219513336,20.8478433821596,29953.8285291001,25546.2501900045,69.7252550947167,0
4370,4174,8.78109656069981,4089.87823199179,20.8686959017458,12.7809679496036,13.0815077789919,19.6437959460977,36761.4554586617,15032.2185841274,-1372.67495748331,0
4371,4175,5.66297405636808,3526.04832796618,22.557977374179,14.2985423633103,14.6973993282081,21.9935179386907,29948.8916019248,25538.1829811152,69.6391328604368,0
4371,4176,8.69011914892718,3822.65879999179,20.8686959017458,13.3657924143003,13.6971034731191,20.5473428737976,36781.0971102796,15019.3096131161,-1376.11389576335,0
4372,4177,5.69732853335548,3507.06191596618,22.557977374179,14.3509070653266,14.752784578593,22.0744934344005,29937.9361354599,25531.8254796829,56.6882831637484,0
4372,4178,8.98830772581906,3758.92454929572,20.7930887854405,13.5080084652277,13.8462479083427,20.7669117016949,36772.8521813412,15014.9026615771,-1352.15985168024,0
4372,4179,5.02838602359256,2838.68996828095,19.9458554202699,16.2080411440239,16.6912035304145,24.9391960387593,37786.1929212044,14903.8090732259,724.21088787522,0
4373,4180,5.70595111711632,3363.04081233771,22.5682467996245,14.7665596103212,15.1927767624562,22.7173481710769,29955.9910369746,25537.2793591616,91.6192103458961,0
4373,4181,9.25197013581045,3634.66688999179,20.8686959017458,13.8227057887904,14.1787486734028,21.2534577512873,36731.6276555,15027.4912218084,-1352.11627364516,0
4374,4182,5.84763306202164,2987.07210796618,22.557977374179,16.015212327993,16.5168473559148,24.6491642554771,29964.0657330339,25534.7262486159,21.8970919909644,0
4374,4183,9.45343336231043,2961.21921615317,20.782219190399,15.8657141202833,16.3382829642392,24.41235280479,31186.4804229352,12056.9747041282,-1198.67434913511,0
4374,4184,8.96709701377547,2914.46074199179,20.8686959017458,16.0519865575946,16.5368017110446,24.700812994886,36751.8682291436,15005.1107044355,-1365.25793788712,0
4375,4185,9.83013255387901,3913.49130015317,20.782219190399,13.1501675582113,13.4692375817996,20.2139580938906,31195.3937407819,12048.4091379655,-1199.05346368066,0
4375,4186,8.99210503993732,3362.13919199179,20.8686959017458,14.5653611511912,14.9628465312618,22.4014994799586,36752.803358543,15019.4372391754,-1357.80744557682,0
4375,4187,5.60869277785335,1591.61051450852,22.2450172855768,25.0809933601277,26.2225643664467,38.7005337988681,26773.2201364139,22906.7212958164,358.683015591809,0
4376,4188,5.79957822584772,3150.98523650852,22.2450172855768,15.3973130514081,15.8578169025864,23.6921504067802,26753.2091975222,22904.4964426648,322.496725358413,0
4376,4189,8.98617051171174,3746.40478799179,20.8686959017458,13.5462071492142,13.887212506943,20.826136690521,36742.3541866489,15040.4496713159,-1355.98195611948,0
4376,4190,9.47651963630627,3570.98700015317,20.782219190399,13.9773126897424,14.3410128507432,21.4921911386924,31168.8793075339,12049.8471222715,-1281.46763500722,0
4385,4191,6.48768106341721,4263.47929977825,21.6541364121826,12.5088256652469,12.8018897449375,19.2252278534086,35615.2850288466,25847.3409086508,937.59669413967,0
4385,4192,5.75588417775669,3527.74146927396,21.1937104081443,14.1392540894584,14.5159747610329,21.7436286113227,36098.0554788502,25205.4089310863,49.634914269741,0
4386,4193,6.69619928950216,2670.09534146748,21.662531766496,17.1754475696063,17.7398187626384,26.4421634629848,35604.0201355442,25867.1177467733,925.123776159388,0
4407,4194,6.53603539577581,2277.15997558493,22.2751791780302,19.3231493699578,20.0385663086573,29.7707870666393,30859.9349724726,23787.1113259981,840.86076566527,0
4408,4195,6.77020258857864,2253.83444158493,22.2751791780302,19.4655328424129,20.1908041879046,29.991417043026,30859.4267486918,23781.166547493,824.930631151972,0
4409,4196,6.55737217136142,1697.30743469479,22.2833324647938,23.9212019397247,24.9732937581396,36.9008136680935,30857.0431435349,23781.4582669058,793.642070803395,0
4410,4197,7.00120490132891,2105.53491202551,22.1831167688797,20.4198744840394,21.2108331768013,31.4701163448742,30869.8268031861,23745.8663165479,852.935002117513,0
4410,4198,7.08432902392353,2031.44993898719,21.7615103612079,20.8651023218545,21.681396482152,32.1585095020827,23348.7561955689,24729.774593843,1066.51512642632,0
4411,4199,6.640445564123,2067.13599350612,22.2182257035676,20.6995581168337,21.5109990428089,31.903810577176,30899.5862064489,24137.497986157,251.331909298137,0
4412,4200,6.67816790373092,2335.97160744707,22.6970058209016,19.0510814192621,19.7534962166066,29.3508104642491,27984.2628348135,28754.3148345873,741.217655070086,0
4413,4201,6.35657526517681,2815.51514707831,22.6809177677386,16.7027874297899,17.2490630891468,25.7137814286761,27974.354265421,28755.8500164413,864.236795582209,0
4440,4202,8.85100123926117,2399.89737016956,21.3959120007229,18.4620216759206,19.1069251816021,28.4334233266995,36156.8025242,18984.9522029805,-1465.26118076049,0
4441,4203,8.88731283120616,3309.02075814075,21.3534578246837,14.7826335438815,15.1975698966111,22.7388400058308,36192.2391084659,18955.2988356516,-1379.54462408331,0
4441,4204,5.68017320021163,2420.245778162,22.6129083385709,18.5630263158076,19.2309640216676,28.5943538495436,28974.3532348045,29442.1651198456,128.589913237606,0
4442,4205,8.10650833059283,2401.35132414075,21.3534578246837,18.4466624069535,19.0899649995252,28.4094752897958,36161.5994254867,18982.7726122186,-1450.51759425495,0
4443,4206,8.37368930799523,1847.22097816956,21.3959120007229,22.2678165665746,23.1799948210684,34.3317602835142,36118.4847182044,18988.2808230901,-1323.36538143597,0
4444,4207,8.53352014915691,3112.41668214075,21.3534578246837,15.4113276812272,15.8631433904031,23.7112056687948,36167.3124279197,18983.9259283746,-1385.28104994659,0
4457,4208,9.45972487636841,6170.65235471567,21.5344883002707,9.84247576167,10.0087970521594,15.1094574321435,36012.445917476,28933.2735474007,-1141.12355529961,0
4457,4209,6.73019625817889,5301.34203050056,21.9542830194902,10.8749431452978,11.0899095097767,16.7030588888542,35002.8024914393,28340.0630766945,-361.962534277555,0
4458,4210,6.15557465226885,5591.24824250056,21.9542830194902,10.5088575038411,10.7070056356983,16.1381301115701,34974.1920183681,28332.7521826424,-515.980672655698,0
4458,4211,9.2340573947736,6448.42224071567,21.5344883002707,9.57225212636575,9.7272184076058,14.692749769676,35980.5917338478,28924.3886082272,-964.11356705405,0
4461,4212,6.98686489147894,1912.36357438358,20.9533387134542,21.61286158815,22.4698324422429,33.3141482710208,37138.8636510522,17728.0665763456,1181.00197847948,0
4463,4213,10.1297025586567,4375.31724596934,22.0960972763498,12.3367480567897,12.6244768662975,18.9603961704297,33735.790546883,32470.6625939057,-1023.84266597937,0
4464,4214,5.92657224571879,3362.92518124375,21.5877693837947,14.6500460170271,15.0597119766738,22.5344652563436,34853.0221181631,32492.0656617897,718.25251733217,0
4464,4215,10.2159806005457,4162.31268160649,22.1500900642528,12.7554180177511,13.0654167385637,19.6073033332627,33721.7696576145,32480.8586437394,-1037.69846094539,0
4465,4216,10.7770169219377,4122.79803760649,22.1500900642528,12.8363562921389,13.1506399477331,19.7323592071516,33687.0952330253,32461.1232703372,-1017.19818861501,0
4466,4217,10.0836877894234,4511.84327560649,22.1500900642528,12.0945257803552,12.3702879132137,18.5863795832181,33695.5564742144,32451.7562470374,-1011.37990149873,0
4466,4218,5.43113714665362,3305.34248734129,21.437169312315,14.8040713273333,15.2211111212984,22.7722297834265,34758.3860936545,32486.6699317481,677.512866525197,0
4467,4219,10.4772834788998,3594.59253160649,22.1500900642528,14.0687302801152,14.4506307335011,21.6371218924299,33716.9996939108,32454.5453760544,-1007.68895782749,0
4468,4220,5.90270817849878,4516.06945742114,21.5561357914615,12.0360045612867,12.3042448378259,18.4947377721202,35418.727561109,22124.2468994009,458.380285695291,0
4468,4221,10.5527142869539,4011.41255560649,22.1500900642528,13.0721120911858,13.3989887931021,20.0966507350118,33696.2133336595,32441.670265815,-1049.73632756965,0
4468,4222,4.47859011568082,2802.09243934129,21.437169312315,16.5763405521823,17.100118295182,25.5140599494925,34763.4630682599,32570.6759554142,820.067633534043,0
4469,4223,6.0482008846246,4022.68705742114,21.5561357914615,12.989584312787,13.3069797122128,19.9677284788689,35389.6626946411,22141.1781787411,484.397184575932,0
4469,4224,10.1750977678316,4100.68393360649,22.1500900642528,12.8822567176339,13.1989791440916,19.8032813028216,33714.4695941751,32483.5953612726,-1029.66864075259,0
4469,4225,5.18664424103015,3156.67371724375,21.5877693837947,15.293970853888,15.7413375744812,23.5303676354559,34758.6988347053,32514.7235699728,647.216606738292,0
4470,4226,5.96239515088126,4547.39593753183,21.5861408797516,11.9842373229766,12.250121165616,18.4148591266202,35273.4375103966,22401.9477342931,448.193120667812,0
4470,4227,5.6615025437667,2917.18905149155,21.6230699806798,16.1487179921573,16.6481642690026,24.8528892393407,34794.4178418094,32489.9391446921,606.58104324005,0
4470,4228,10.3716059680067,3961.41444517671,22.1995947985246,13.1866637704937,13.5201436183795,20.2737902711556,33713.9996678293,32506.9724795278,-1042.13649023025,0
4471,4229,10.7093455013436,4014.75005163969,22.1436914017367,13.0642547381438,13.390654801327,20.0844937959477,33719.0626154307,32444.9244081414,-995.108640211643,0
4471,4230,6.10343172182,2034.27338953183,21.5861408797516,20.8071037464128,21.6165263501227,32.067850144461,35265.6937405648,22403.3452610233,418.945364776405,0
4471,4231,5.92736348148176,2771.65448220756,21.4103918579059,16.6980513686637,17.2291188506234,25.7023440763939,34862.7422601656,32483.7179211919,681.464139656801,0
4492,4232,7.49132919667024,3649.35208361087,22.6715618073959,13.9826210956589,14.3644511785351,21.5053145574025,28119.0073020273,27402.5644150041,1266.74450764748,0
4493,4233,6.25471507143982,3199.0477585473,22.4941281072339,15.2699282168671,15.7253541611481,23.4957914652473,33366.4246404961,31611.4207896008,776.679829778792,0
4493,4234,7.63158593421548,3218.30326361087,22.6715618073959,15.229392213576,15.6841955247412,23.4335803927507,28111.6553990587,27428.6256648491,1254.84259568577,0
4494,4235,6.01881746269163,2858.2027972883,22.4148043411733,16.4912199589188,17.0210382499527,25.3854482644987,33885.0620463556,29563.7544544302,641.135003959858,0
4495,4236,6.24237095804469,3667.8345052883,22.4148043411733,13.9075251663284,14.2827623042486,21.3885645110511,33864.7859061364,29563.9609049757,674.394122306722,0
4495,4237,7.53116102960845,3172.64336561087,22.6715618073959,15.379220778463,15.8430689950359,23.6653819478665,28111.8347729205,27421.90587537,1240.28136711966,0
4496,4238,5.99093410312975,4613.3666332883,22.4148043411733,11.9413089088515,12.2113059947761,18.3502947833476,33896.3282725939,29574.2052821575,651.212140886044,0
4496,4239,5.96194362201011,4342.92708635521,22.0527312511417,12.3934413965622,12.6837507894816,19.0478757663853,33897.9464275047,29573.0894572127,650.523388629791,0
4496,4240,7.36444843626588,3647.56797761087,22.6715618073959,13.9872342076781,14.3693265165235,21.5124471004013,28128.16993403,27413.3554251498,1267.00565092015,0
4497,4241,7.45697657506217,3459.62011961087,22.6715618073959,14.4969978642183,14.9084286634232,22.3007150399262,28119.7623680045,27414.8147894413,1243.01620084846,0
4497,4242,5.84881168811343,2434.4225572883,22.4148043411733,18.4526601230928,19.1105444083265,28.4226711448221,33879.2630853843,29561.1429131373,655.546661612229,0
4498,4243,7.61407404473427,3339.75462761087,22.6715618073959,14.8488847163829,15.2809780124404,22.8449642092783,28083.8941463077,27402.5868138025,1198.47284146157,0
4499,4244,7.53529534827588,3613.20741761087,22.6715618073959,14.076874498539,14.4640740482551,21.6510472666478,28135.8989135943,27404.3020402391,1265.38936292796,0
4501,4245,6.98218408230669,2954.28519456921,22.8231067649397,16.1739539875837,16.6883822750751,24.8956393753066,28601.4231239241,28504.2226326078,993.933410497703,0
4502,4246,6.76024167976291,3376.74387456921,22.8231067649397,14.7556786176691,15.1837436283897,22.7012042586871,28622.2399250936,28521.0500342382,1006.69836400392,0
4503,4247,9.76323346777819,2630.11231582783,22.700311972319,17.5198480195429,18.119247464171,26.9789099997079,27879.1092684936,27754.3114691112,-1086.44951202474,0
4504,4248,9.96968468737846,2261.19873139217,22.6715891962778,19.4937359573545,20.22648723776,30.0366422386804,27903.6303584425,27726.9526192455,-1145.55848091509,0
4505,4249,10.3526490490469,2564.90107591468,22.6984272550901,17.8313659219687,18.451304877103,27.4613398471542,27844.004066757,27683.457959417,-1108.5546443485,0
4515,4250,5.94829582628422,2133.72962433949,22.0261734511445,20.1943512252308,20.9670125361691,31.1199157276112,25247.0022175771,24373.1145933656,583.200536028721,0
4516,4251,5.901884034264,2611.15650370406,21.9832244964189,17.4958784052497,18.0848916727284,26.9393643000267,24486.2986628506,24807.200642797,710.42333392006,0
4518,4252,6.329816184512,2990.14842481428,22.8683371634455,16.0456062053565,16.552501252552,24.6971304213651,30112.3070888589,32136.3500381728,712.356705147906,0
4519,4253,6.34035170860132,4369.28438881428,22.8683371634455,12.4161435671353,12.7140088780788,19.0847063124346,30121.3697199027,32128.1093438527,745.049508055303,0
4520,4254,6.29334267098194,4403.34892217947,22.788495614551,12.3455990128168,12.6391641511811,18.9755533457703,30110.2292835455,32150.1835245356,735.764999713385,0
4521,4255,6.62976495863346,6111.44319617947,22.788495614551,9.97940181768841,10.1589045788178,15.3226645920956,30114.4943401586,32103.0779643454,698.819156025986,0
4522,4256,5.76161299278002,3927.35484690932,22.7458704292971,13.3171708279751,13.6624390309536,20.4767791201736,30622.0993875374,30999.5957202603,69.0151092631111,0
4523,4257,5.62991016267987,3182.30337090932,22.7458704292971,15.356522891495,15.819760823125,23.6304751496257,30636.6316540738,30975.7918888063,91.2362955293122,0
4524,4258,5.9941106984652,5189.9070430926,22.9049858346569,11.0944629935416,11.3261176457425,17.0436378432138,29607.9029057288,30624.0031717739,626.382037178605,0
4525,4259,5.98279860525468,6036.3662230926,22.9049858346569,10.0655828495557,10.2495697768558,15.4558013408072,29610.5963210503,30608.1291950964,614.904481423847,0
4527,4260,6.043167775952,2594.3959165794,22.4104640113692,17.6429557570178,18.2468871740517,27.1685724542957,25618.9701375187,26797.071712788,648.868768580266,0
4528,4261,8.09838495236129,4117.67618610653,21.3093953530053,12.7666053383063,13.0701740632541,19.6226505376466,23542.887642183,20547.2655301488,-1492.11882761378,0
4528,4262,6.32752347775264,2210.2624765794,22.4104640113692,19.7646750313793,20.5127047529265,30.4555184521801,25649.4670014625,26797.3902932236,642.432941217934,0
4529,4263,6.19629619741975,4865.09785848439,21.677445733318,11.475213425992,11.7167597251991,17.6290943119459,25275.4800596336,21316.6878154983,602.106615591888,0
4530,4264,6.10147842377345,4967.51570695083,21.7612252485043,11.3275375919205,11.5625720466342,17.4012829200086,25292.5500668242,21311.7675459697,572.805320435945,0
4531,4265,6.04384318965743,4431.99756895082,21.7612252485043,12.2032601591782,12.4815336853303,18.7534870803993,25295.135886307,21324.7762385656,685.110064548666,0
4531,4266,8.13489191058276,4798.00878632101,21.3619119386112,11.5538157723494,11.7968572539366,17.7498051702364,23567.0905107699,20538.4495054287,-1474.31217671484,0
4532,4267,6.03604932630667,4413.57770634756,21.7774655544121,12.2381337272229,12.5183077713639,18.8073845977505,25293.7948965928,21305.9098710387,588.36071726786,0
4533,4268,7.69429571252275,4390.92562996424,21.6925808904629,12.272053781057,12.5532845741628,18.8595898078711,23909.3249387649,21913.9917826468,1117.41028832465,0
4533,4269,8.5113331961884,3730.27123495083,21.7612252485043,13.6811896864672,14.0378227653793,21.0370341303562,25039.3236231738,21377.5620290279,726.8599641617,0
4534,4270,6.93540269602194,3013.87656045664,21.666459965411,15.7966925356523,16.2751069494423,24.3083271625354,23837.2601751205,21900.3385341548,1027.39959108462,0
4535,4271,7.09942639156574,2735.68818045664,21.666459965411,16.8886718635939,17.4348347722957,25.998243196679,23844.0572498016,21888.7735452075,1032.95659770206,0
4536,4272,6.20691327097888,1820.45363710695,22.0528913909072,22.6635735682243,23.6162445045401,34.9486228453793,32879.5912016126,24189.3874649271,734.437113726952,0
4536,4273,7.04681664274731,2765.20302045664,21.666459965411,16.7634004523475,17.3016477262886,25.8043372866167,23820.4260127565,21876.0948452904,1020.01670799903,0
4538,4274,5.80087519999759,3670.9634494768,22.1557264256898,13.8716570134586,14.242504478581,21.332458927983,31209.3266835836,23832.3814890142,-117.019786257371,0
4539,4275,5.66529616005598,1987.63554138941,22.1274385311289,21.2752450612994,22.1267949091652,32.7959409733049,31026.7291692685,23073.9944612992,208.890525144522,0
4560,4276,12.0405741429654,3673.97284306876,21.3353982830092,13.774974001248,14.1328290776081,21.1809054156738,36685.4881341994,25483.7995161766,-909.675864564578,0
4565,4277,5.81020100150014,2710.03090246468,22.3801375077889,17.1081358738794,17.6768916737925,26.3403517351985,28389.7062827335,23150.9694390884,289.987935834604,0
4567,4278,11.3802658044967,3829.21577273724,21.4115804831634,13.4074427788602,13.745938446204,20.6130696362532,36521.0265370426,24369.546243492,-915.650863258602,0
4586,4279,7.41023638541803,4511.36853390743,21.7913734092696,12.0645365993894,12.3360291175908,18.5393031924241,34335.7345553235,31201.9173880977,1127.56453602706,0
4586,4280,5.65498529718475,3072.66721836995,22.4810025032787,15.6963555673769,16.1775121744265,24.1555188389607,31792.2268019377,28898.7385546896,-85.0397751330574,0
4587,4281,7.26176584864019,3349.82742390743,21.7913734092696,14.7133524225812,15.1287345539884,22.6329297295545,34318.303368548,31203.6696778987,1173.65001362611,0
4592,4282,7.1157142140406,2597.33668740723,22.3318335414163,17.6164635752127,18.2176821397677,27.1272794418641,28331.3193459364,22214.2154965774,1011.50540108681,0
4593,4283,7.03519183585655,3042.43809540722,22.3318335414163,15.7837095099159,16.2686148093514,24.2902450555773,28338.0748292024,22234.6104993017,1048.24192192618,0
4594,4284,9.8930824580128,2229.78882540722,22.3318335414163,19.6258713178399,20.3630883391097,30.2401030336313,28463.5200949639,22303.5507187983,-1212.25744387402,0
4595,4285,9.32096320144194,2029.24209540723,22.3318335414163,21.0017814076794,21.8366899258424,32.3728244853842,28495.0589384108,22278.494979117,-1178.82592086469,0
4597,4286,6.94874714364272,2663.61534893453,22.3982169337875,17.3186268281773,17.9012215335606,26.6663160347392,28835.6382958389,23034.1331577499,1005.20158768643,0
4598,4287,7.04816261586336,2942.26627493453,22.3982169337875,16.1613369438096,16.6702964015603,24.8748228329898,28834.2412385381,23044.8444050465,1012.079054851,0
4599,4288,6.79341578450377,3133.04529587699,22.3590422044939,15.4723084211915,15.9385382959555,23.8085068805756,29070.7772547507,22339.8857865582,889.396279721178,0
4600,4289,6.74163725114219,2173.88718238982,22.3840923812182,19.9959788530276,20.7598810941493,30.8138975996194,29066.0505566862,22364.0840797876,893.821425845824,0
4608,4290,5.44458942257402,3712.26795827737,22.7108310782041,13.8266272271267,14.199977197122,21.2642319934232,29292.8601460185,28867.4255561133,-74.990201101073,0
4609,4291,5.57413845746808,2336.55216121496,22.7000209968204,19.048247486152,19.7505075749394,29.3464305646701,29296.4148429018,28856.0409776383,-46.2862399989365,0
4615,4292,7.33333730965576,3860.32143171719,22.6665659084623,13.463607148792,13.816274894709,20.7029365252881,29979.0758182043,33255.1689162528,1181.57874960019,0
4616,4293,7.00909038401232,4639.07268771719,22.6665659084623,11.9186310720146,12.1893413017235,18.3157841180192,29994.8656942319,33273.5889120034,1164.26582539951,0
4623,4294,5.89315654325984,2934.44478542088,22.6647837783056,16.2278453080663,16.7439104938378,24.9785699374035,28264.4642626795,26665.317573241,534.067163137696,0
4624,4295,6.06927136716997,4510.97776142088,22.6647837783056,12.1399508270635,12.4219365067702,18.6576193569092,28264.9407696388,26668.6396438443,554.239113303965,0
4625,4296,5.84027770693689,4302.58977542088,22.6647837783056,12.5250496125401,12.8270452235004,19.2525233463175,28293.2368604296,26676.7981653821,576.457276573491,0
4626,4297,5.96309153902935,4269.04417742088,22.6647837783056,12.5901473344641,12.8955708994685,19.3530993175145,28292.2690034308,26694.1051141016,525.84662828912,0
4627,4298,5.7693109367428,3927.20065742088,22.6647837783056,13.3094854673049,13.6536403875671,20.4647098465129,28264.7043567439,26655.0013344127,551.807313870964,0
4628,4299,6.78622162216694,2476.66560254913,22.6203351333226,18.264078229848,18.9119284449683,28.1312861324517,28295.320405184,26109.6792054146,819.212431261364,0
4629,4300,5.8155358401807,2968.05460807425,22.5607070307559,16.0863731290206,16.5924595378808,24.7593007050047,28882.5245243534,25315.1815270969,47.8968785546275,0
4630,4301,5.6328511296097,4259.67577498604,22.5395241670285,12.5971367166159,12.9019345833338,19.3636236654088,28895.6177303882,25343.968322039,62.9314570520458,0
4631,4302,5.82519411735712,2175.54258000411,22.2004884022431,19.9494194803001,20.7073950038494,30.7410063341985,25773.3595501489,23432.4176062627,393.599932567589,0
4632,4303,6.04261948988916,2869.1853720041,22.2004884022431,16.4170123287073,16.939721683901,25.2699167286555,25791.3932832227,23399.2692184634,346.176072040229,0
4633,4304,6.06740369363902,3208.9364220041,22.2004884022431,15.200992018926,15.6492598139969,23.3883137770978,25778.6067557316,23389.7677212977,346.655210953047,0
4634,4305,5.95178625616379,3399.6815820041,22.2004884022431,14.6150436267345,15.0287822670179,22.4820174240379,25773.8217859925,23427.3008864301,353.928947854953,0
4635,4306,5.78785439184089,3321.6875160041,22.2004884022431,14.8473181570203,15.2746364961392,22.8412508040536,25783.7159435555,23413.8126425217,397.875505705463,0
4636,4307,5.87645415606523,3359.71570371441,22.2220702333156,14.7354251165474,15.1563980849104,22.6682523250803,25796.0344975141,23416.8279596019,369.032706814428,0
4637,4308,5.95377754159544,3342.88783971441,22.2220702333156,14.7858016479743,15.2097247380639,22.7461654914677,25802.8903367303,23418.3062200091,389.502964439575,0
4638,4309,5.6704499314308,4010.3524320041,22.2004884022431,13.0793342077731,13.4070269325198,20.1079290946196,25733.0190957653,23413.6142492109,330.683376818939,0
4639,4310,5.96923448707332,3139.09036668523,22.1457936728248,15.4244965809959,15.8855929900223,23.7339175049757,25156.0752493311,23453.0757311025,491.290843217475,0
4662,4311,5.38350952002788,1197.63158291821,22.6140681986473,31.2722238377248,32.9317554009694,48.3191651086979,29809.0798075338,28136.2120874499,-155.924739070573,0
4665,4312,5.67945341792027,1384.80935127251,22.5749318873141,27.9578930217514,29.3375876714906,43.1693090483916,29816.8327491666,28152.3003011749,-201.861097237084,0
4667,4313,5.90366656169554,3339.11947703307,22.4401481525033,14.823231957078,15.2515229485581,22.8046554426065,27236.2852134206,25571.9521727212,386.963147274298,0
4668,4314,5.8725654779792,4541.58489503307,22.4401481525033,12.067060931743,12.343626342256,18.5445674288384,27227.3955069508,25560.8358958893,433.790579037679,0
4669,4315,6.08399680554463,4762.02110303307,22.4401481525033,11.6978520489537,11.9558299186377,17.9743736462484,27237.9343087925,25562.2536886108,407.675666468552,0
4670,4316,5.92978732478532,4374.42077193689,22.406523476557,12.3658900561922,12.6575551568493,19.0060836310891,27221.9963366047,25542.3219613127,384.87636620971,0
4671,4317,6.06141772791424,4605.71579793689,22.406523476557,11.9536314136634,12.2241895433871,18.3693088576763,27221.8835876333,25561.6477115816,395.477665569474,0
4672,4318,5.84113609243344,5012.13954993689,22.406523476557,11.3112435482408,11.5500021829328,17.3773747688213,27222.0343946247,25541.4284308371,415.474672636424,0
4673,4319,6.18621372722223,3693.70724193689,22.406523476557,13.8410064660747,14.2124227033378,21.2857058922565,27218.1832820837,25539.2841220741,411.354504528901,0
4687,4320,7.42836786791035,2536.22121679574,21.416356843186,17.7630716646034,18.3622456658862,27.3510974218561,35873.389925915,27587.2868486711,1213.77150816781,0
4697,4321,7.27974051777583,4515.85300599573,21.3191824321545,12.0158506000496,12.2812405867223,18.4631056363049,24091.2292758606,20130.1350500552,1251.83997197997,0
4698,4322,8.61711228963121,3367.35309593404,21.2988751680762,14.6022398035078,15.0062312349053,22.4597348539527,23451.8984196341,20468.5441711613,-1383.29525365082,0
4705,4323,6.08469052071128,2737.47780782416,21.8359852307925,16.9066181693189,17.455961631566,26.0265857302717,27328.391012362,20998.2249398733,593.74983922438,0
4707,4324,6.37401360057795,1283.91759343233,22.2291163597699,29.5007203916665,31.0013454200694,45.5639777640208,28592.53887123,24519.6399824775,556.7012717905,0
4708,4325,6.15437784358942,4963.62422921654,22.2142606926791,11.3682824103455,11.6084691571659,17.4650650607954,28609.2469265321,24518.7674883977,523.98000384761,0
4726,4326,5.8973048768229,5475.72256441042,21.8769483480535,10.6453187936552,10.8491821792214,16.3485586794679,35113.4904749781,19434.1732911933,337.473147912534,0
4727,4327,6.0487892940018,5501.03043841042,21.8769483480535,10.6138332156138,10.8162590276631,16.2999738284802,35115.6095533321,19433.8796195913,317.910496024513,0
4727,4328,5.98065581971758,4439.03145445384,21.9187498514184,12.2043703820616,12.4839323545334,18.755542008614,33233.8860229192,15188.9903395811,229.117783703183,0
4728,4329,6.06364280623331,5136.80850241042,21.8769483480535,11.0929584841507,11.3176321842282,17.0394056890154,35112.7841739431,19429.4384659121,305.823391758647,0
4728,4330,6.0431749575567,4817.19584845384,21.9187498514184,11.5686245331002,11.8164589253217,17.7737937635253,33233.8251125738,15190.4237433919,231.657552847934,0
4729,4331,6.03518298822295,5029.78416841042,21.8769483480535,11.2452452038461,11.4771545911095,17.2744741309321,35108.503450276,19412.174130327,303.234495210888,0
4729,4332,5.93703736256212,5107.67473645384,21.9187498514184,11.1369903096898,11.3640356088474,17.1074501066239,33240.0467827958,15176.3283130075,234.581603177832,0
4730,4333,5.84986959887069,5035.33763870975,21.8786083134612,11.2373298961847,11.4688728447641,17.2622588024358,35115.6971583331,19442.9096056858,351.256933069913,0
4730,4334,5.81499234467178,4724.25634399892,21.8898760639986,11.7141813671049,11.968952058182,17.9984790889159,33234.116402439,15185.9656251276,236.220700655214,0
4731,4335,5.80299605829882,5024.65502870975,21.8786083134612,11.2528129972793,11.485095585947,17.2861594722155,35120.6949987459,19445.4754061877,335.253543853807,0
4731,4336,6.04315635911421,4622.69445799892,21.8898760639986,11.8817367133955,12.1448180739822,18.2572117707312,33243.8458132016,15186.6826201238,220.707007170976,0
4732,4337,6.03487653355923,4604.99365070975,21.8786083134612,11.9106572754678,12.1750971339995,18.3018488187428,35107.9266699774,19417.5853857523,297.140195662208,0
4732,4338,5.96280218393551,4238.91343399893,21.8898760639986,12.5783838017582,12.8769728792748,19.3332093318846,33242.5729382352,15180.0245455102,227.643500768252,0
4733,4339,6.04376432197417,4689.57349070975,21.8786083134612,11.7697528435306,12.0271860937357,18.0842646025461,35122.2002476282,19413.7445639916,322.938688678168,0
4733,4340,5.88013976156081,4246.73266399892,21.8898760639986,12.5630824408868,12.8608754076095,19.3095713692712,33238.1433239571,15180.0550771814,237.015421282603,0
4734,4341,5.98965178142255,4063.38823999892,21.8898760639986,12.9355610209276,13.2529355536633,19.8850417920379,33227.0361247312,15181.7450578108,223.373576413619,0
4734,4342,6.50561420614359,2874.33722871639,21.2457631047015,16.2600442818588,16.76197239055,25.0239556829898,36825.1693122669,16235.4473729036,764.543549168833,0
4735,4343,6.67059922921163,5848.92650271639,21.2457631047015,10.1643317945862,10.3427515913597,15.6053911380096,36815.8395414605,16235.5454714491,753.359018624227,0
4735,4344,5.92618735449271,4151.53629199892,21.8898760639986,12.7528397678932,13.0605560338581,19.6027275123994,33234.2174459708,15187.229443027,237.628832223602,0
4736,4345,6.58919087150735,4942.00595271639,21.2457631047015,11.3251071771498,11.5563423167332,17.3965131331147,36802.6110054503,16231.8016172902,750.85475557334,0
4736,4346,5.94255889326577,4176.33756799892,21.8898760639986,12.7026644340556,13.0077461510074,19.5252087124606,33241.1214684558,15196.0909485676,244.549899132886,0
4737,4347,6.63971902745308,5546.64167871639,21.2457631047015,10.5143277009899,10.7081775575064,16.1453128783363,36800.8522199169,16234.5084451645,774.641434545202,0
4737,4348,5.87887633061496,4331.90720599892,21.8898760639986,12.3995785714901,12.6889095549267,19.0569983952921,33231.8600301936,15180.3625974551,247.982769150723,0
4738,4349,6.62888819661764,6302.11145271639,21.2457631047015,9.69474196553495,9.85315778798019,14.8811694143639,36800.9128754126,16237.0440249027,748.055301845012,0
4738,4350,5.84045233004658,4408.31539999892,21.8898760639986,12.2576697809594,12.5397234910865,18.8378028287466,33232.8766802057,15178.8424345303,209.735533630187,0
4739,4351,6.65500575605154,6323.63085471639,21.2457631047015,9.67389979572048,9.83144671813666,14.8490309256268,36799.9262950622,16232.6168746725,784.455086771162,0
4739,4352,5.62674285246469,4375.91515399893,21.8898760639986,12.317309779409,12.6024142726594,18.9299220455205,33172.7283773035,15177.4773587499,180.907815557246,0
4740,4353,6.5947007275989,5908.77198088165,21.2212789380375,10.0971677868588,10.2725265347262,15.5017526668362,36797.8550835815,16228.5319221539,759.658846318078,0
4740,4354,5.922464292595,4366.95877107931,21.8962647225862,12.3345040931013,12.6205407888512,18.9564947063575,32787.9250782825,15455.3114694515,302.954874158849,0
4741,4355,6.71160300493053,5803.11325888165,21.2212789380375,10.2137227682708,10.3941405994682,15.6815346015137,36797.6037123466,16235.5052365591,769.866324768402,0
4741,4356,5.96267995686996,4749.14640906815,21.9051888914976,11.6753264950319,11.9282954336367,17.9385154734034,32789.9935276872,15470.3045569756,310.3445918512,0
4741,4357,6.69876009890501,5402.55327102026,21.7150281143394,10.7263813390629,10.9329010677341,16.4733558914381,36797.4102529132,16237.2475488643,772.219792179493,0
4742,4358,5.73725118713351,4361.97338106815,21.9051888914976,12.3445817536336,12.6312063827427,18.9720805304178,32788.881212678,15463.8826197136,306.284447713578,0
4742,4359,6.81273251746855,4117.19203555032,21.1683195946101,12.7539954135134,13.0557085189209,19.602839274204,37070.7040806923,17176.1412427017,906.630554805749,0
4743,4360,5.96114794051629,5004.43526307931,21.8962647225862,11.283631161191,11.5175120768959,17.3337671422135,32793.4702682688,15473.4645894333,292.129960405952,0
4743,4361,6.68300195624179,4527.75667555032,21.1683195946101,11.9821028651362,12.2446374458254,18.410667284261,37066.2541887875,17185.9854657843,902.697823282519,0
4744,4362,5.87082181077727,4464.81277506815,21.9051888914976,12.1568388317116,12.4338789014262,18.682100326429,32800.2780483147,15474.0703520867,333.447800287439,0
4744,4363,6.81215936779279,2348.10776755032,21.1683195946101,18.7070874007489,19.365192213519,28.8121281677437,37077.6639348653,17163.158533039,891.691778628383,0
4745,4364,5.85227740297255,4476.71432907931,21.8962647225862,12.1348296297732,12.4106842378781,18.64808869488,32780.0468956334,15470.0198225062,316.707311228837,0
4746,4365,5.8281715330665,4209.72966906815,21.9051888914976,12.6373610647315,12.9391506771441,19.4243554514944,32798.593801383,15475.5156407532,293.715310622655,0
4747,4366,5.91747375761677,4255.87413906815,21.9051888914976,12.5466629540344,12.8437265384278,19.2842405702947,32810.8264809524,15473.3768688283,308.430352671347,0
4748,4367,5.91252013051974,4218.15111507931,21.8962647225862,12.6198497124543,12.9206520062669,19.3972824021168,32786.6652463418,15468.2427428092,306.689828017283,0
4749,4368,5.86676265180015,4064.73251106815,21.9051888914976,12.9342020562174,13.251633717304,19.8829777034678,32788.8742881019,15475.3935187183,308.559393332788,0
4750,4369,5.87393820671377,4266.17400813324,21.9427615636941,12.530095168654,12.8266018387176,19.2587304113406,32788.6772449452,15467.4220739803,323.067344450938,0
4751,4370,5.99220115686196,5896.88831864426,21.7590859521825,10.1446786312535,10.3253873587088,15.5759464476897,33480.6926987808,14536.5386399357,344.664619824148,0
4752,4371,5.96309567377525,5758.21262264426,21.7590859521825,10.2998889473645,10.4874436707876,15.8153828035803,33637.4860416986,14623.11299203,74.139076060141,0
4752,4372,6.10178494345145,5599.11319121769,21.8468401533819,10.492122675297,10.6888334556147,16.1121206233796,33574.7062774049,15500.7466289606,-146.989502881823,0
4766,4373,5.53851434854036,4140.46952639636,22.5041950291419,12.8332754562493,13.1503079002508,19.7284025629804,31104.6314348184,31328.3673731535,128.498549340099,0
4767,4374,5.65249524279866,4060.18475639636,22.5041950291419,13.0014903163475,13.3275411706064,19.9883384160886,31091.1273769938,31320.611237782,92.1658500823385,0
4768,4375,5.56222882871788,4676.42341567036,22.5356475264296,11.8453839853061,12.1114367350927,18.2023959571356,31036.5902668139,31333.2237916738,124.364138161469,0
4769,4376,5.71870725002895,5861.80795132096,22.5660806542992,10.2349572777783,10.4245216225901,15.716564008151,30756.2801303298,31391.7542216079,162.09584005379,0
4770,4377,5.69221784239356,5531.84712981996,22.5763031713143,10.6234956652172,10.8308125788109,16.3161144824177,30756.1602069039,31390.2983558756,168.057899835076,0
4771,4378,5.70185553094531,5243.35058181996,22.5763031713143,10.99737633937,11.2222194852159,16.8931681429335,30756.1889052439,31397.0687909561,157.958018579904,0
4772,4379,5.54046455414169,3650.16594981996,22.5763031713143,13.9702578874311,14.3505175335519,21.4859600333692,30757.0220761947,31402.4686782814,164.483221925759,0
4773,4380,5.62348935780316,2442.17441116329,22.3543971273014,18.4009536733107,19.054566147719,28.3423586961375,32206.3363797056,22696.4490011014,-346.209484918009,0
4774,4381,5.29032161916191,2375.17131916329,22.3543971273014,18.7669305547922,19.4452995476321,28.9092988917569,32177.3652156828,22690.0337694737,-359.81687246507,0
4775,4382,5.27921765275754,2616.70410642972,22.3595896951224,17.5293385189894,18.1251951635715,26.992459258742,32203.8042642955,22666.548825597,-307.560918307782,0
4776,4383,5.52133443147434,3022.35694842972,22.3595896951224,15.8595185655211,16.3493779734532,24.4076341025611,32197.3350957918,22678.9271597726,-360.651948970437,0
4777,4384,5.39211441380592,2910.46486842972,22.3595896951224,16.2778334879804,16.7936296316472,25.0550018277169,32205.5533309854,22645.2183077198,-404.73024052805,0
4778,4385,5.31010776774094,2189.33362842972,22.3595896951224,19.8900251026116,20.6461213387014,30.6495867162926,32172.8967243514,22657.2030994776,-339.160707786162,0
4791,4386,5.69913279313149,2868.73991197604,22.6175727249169,16.477889615421,17.0091638251001,25.3654474281182,30258.5592358257,25385.3866415138,-70.5886217405651,0
4792,4387,5.59416414307265,3569.67784336556,22.6040750925758,14.1852005320412,14.5779745593613,21.818374265457,30283.9068341344,25405.2092783771,-68.1952539422447,0
4793,4388,5.72057481287569,3590.95553585547,22.615520238639,14.1295986066735,14.5192945659897,21.7324283863941,30255.8273411865,25401.1749566235,-83.9496480258144,0
4796,4389,6.00722712536893,3158.16728985735,22.1176293989431,15.35706742413,15.8138134426679,23.6295199441877,31438.2969504071,18407.9507393794,282.312500313949,0
4797,4390,5.98606253169669,3243.60614385735,22.1176293989431,15.07961631122,15.5198086176266,23.2003256759492,31431.9498853516,18408.1849960983,288.21723103299,0
4798,4391,5.79464851293741,2537.62879185735,22.1176293989431,17.8715629862851,18.4868629709137,27.5215830156585,31438.8302156329,18434.4613110981,295.542362793649,0
4799,4392,5.78092924623207,2565.29344785736,22.1176293989431,17.7360561881117,18.3424417825254,27.3117369723565,31429.5757782925,18414.690104617,281.810141260797,0
4800,4393,5.96763547696955,4091.45086689451,22.1452387240147,12.9010878158136,13.21877214997,19.8323671248175,31422.9446293152,18398.6803517154,298.660066158094,0
4801,4394,5.92628414592643,4086.29678289451,22.1452387240147,12.9118915015496,13.230151338286,19.8490606230727,31451.399727867,18414.3793382542,308.289886422492,0
4802,4395,6.03154635743079,4408.86967721687,22.0454144218731,12.2703701241192,12.5542922859012,18.857756131052,31499.6564701213,17980.5496663533,332.043525888571,0
4803,4396,5.93714740417532,2080.72881383576,22.0507852207473,20.5677155454504,21.3672108288984,31.6987362631869,31520.5846163137,17997.0859052238,325.985182492187,0
4803,4397,9.01268139028705,2910.12319806719,22.7635961306199,16.3353549797248,16.8592684418193,25.1452732955824,30753.2673437856,28577.273517263,-1225.36154801295,0
4804,4398,9.20156398078004,3187.59475917934,22.7562218439482,15.3403349181134,15.8026988084484,23.6054589785793,30768.2025901847,28545.7059223091,-1216.53176845243,0
4804,4399,8.91163124457769,2246.81983425944,22.7769009658167,19.6024377356952,20.3442434400254,30.2055028242631,29677.6112258387,22275.4707508845,-1234.29255725072,0
4805,4400,9.12254598063472,2828.39475117934,22.7562218439482,16.6606417310202,17.2050888738234,25.6487745537846,30785.8894297036,28574.1425938295,-1169.87385420342,0
4805,4401,9.00779164688599,1923.03763425944,22.7769009658167,21.9363229925374,22.8465942514164,33.82389427922,29661.9344404429,22257.3880351607,-1226.32883835305,0
4806,4402,8.85798860518286,2054.18043825944,22.7769009658167,20.9090356684952,21.7439561466763,32.2308829932472,29716.7284495167,22231.6763745151,-1288.20896020326,0
4807,4403,9.16742613672328,1865.96826825944,22.7769009658167,22.4251107778509,23.3718569250034,34.5820295832841,29654.2651600199,22266.7210457569,-1240.44240764473,0
4808,4404,9.51640176070795,1863.96390225944,22.7769009658167,22.4427835248903,23.3908557447143,34.6094429656449,29646.129316693,22267.4870985211,-1226.54952253004,0
4809,4405,8.90074737766153,1683.63704025944,22.7769009658167,24.1925773957558,25.2743422311561,37.324336139297,29681.5195037599,22287.7134914784,-1248.13077497618,0
4810,4406,8.82775412421436,2211.61531020252,22.8930398884196,19.8474449052812,20.6080969976965,30.5856741557864,29659.6085077132,22290.5440247202,-1214.10231622061,0
4811,4407,8.21682156649357,2692.46002906852,22.3976979763396,17.1886706977724,17.7628364373852,26.465098905905,33352.7049237213,21528.4457841602,-1523.62849740148,0
4811,4408,9.1799187957722,2219.28035820252,22.8930398884196,19.7982350529322,20.5554150523516,30.509402783656,29706.4121126874,22275.5126493546,-1241.93132386447,0
4812,4409,8.25670610793104,4494.64937506852,22.3976979763396,12.1461571125353,12.4264383391937,18.6666472741375,33365.7105763465,21490.9190117475,-1493.56097849216,0
4812,4410,9.25814197055236,1752.02079420252,22.8930398884196,23.5180388332013,24.5496865518924,36.2781458164741,29688.1473015113,22249.3836838779,-1205.11037101596,0
4813,4411,8.15095883288094,4611.10083706852,22.3976979763396,11.9437348479452,12.21372726794,18.3540063053735,33353.890751478,21495.7003546301,-1488.01648170418,0
4813,4412,9.34507351599326,2238.13461420252,22.8930398884196,19.6785128595774,20.4272649328833,30.3238482210495,29693.9225249703,22246.1678896711,-1180.40185664952,0
4814,4413,8.28816377647547,4953.82539706852,22.3976979763396,11.3970199353881,11.6398845881103,17.5097866458432,33347.6321462124,21499.1996616116,-1496.23585950237,0
4814,4414,9.40429364646017,2005.44873186956,22.8688440295569,21.2956272733418,22.1600896559708,32.8306957803889,29691.6641279253,22295.4043231914,-1214.44833196367,0
4815,4415,8.14420590853881,4189.80953506852,22.3976979763396,12.7228852610104,13.0331839457944,19.5575957736092,33358.948176971,21499.7845031817,-1411.27042488574,0
4815,4416,8.85696730907886,1975.71685020252,22.8930398884196,21.5334069033298,22.4156974990502,33.1995267504514,29679.0358173286,22266.775260745,-1245.49045172085,0
4816,4417,8.32035925757063,4643.28082306852,22.3976979763396,11.8893815625887,12.1566335540014,18.2700638094401,33360.8342939981,21505.1163585644,-1518.13870669791,0
4816,4418,9.71995621344827,1953.95194386956,22.8688440295569,21.7026398438347,22.5970413565297,33.4618725926263,29673.1007856773,22267.7350252446,-1241.81210540064,0
4817,4419,8.19748802274185,4329.49842706852,22.3976979763396,12.4496782314228,12.7456287949753,19.1355015095717,33352.6575091213,21491.8872800363,-1492.13207315636,0
4817,4420,9.41714870118919,2041.46446020252,22.8930398884196,21.0273056905073,21.8725490640339,32.4147380520821,29686.9348631149,22259.1653031036,-1273.47641928997,0
4818,4421,5.70767907969787,2739.05234300636,22.8737202527811,17.0549651500111,17.6261079057992,26.2596323029161,30729.3575164755,24341.555480875,7.44885323597964,0
4818,4422,4.98433219735134,2722.88466683959,22.0491472170956,17.0018413945793,17.5598125844765,26.1746995309676,34246.5126970621,21244.6519764024,511.566492073209,0
4819,4423,5.60325236961565,3177.72215900636,22.8737202527811,15.3877435510744,15.8541859188736,23.6791405687072,30753.6770029749,24345.8254024028,33.1562593519438,0
4819,4424,8.11969226763674,2821.57644106852,22.3976979763396,16.6370116696752,17.1758526295186,25.6110650409719,33330.7199301602,21488.2063598548,-1523.60645113963,0
4820,4425,5.43265187923391,3762.63992515911,22.2552319099781,13.6542681078452,14.0138849389922,20.9966542386864,33673.6491548192,24345.6576492498,-220.321793357971,0
4820,4426,7.42409319509637,3696.61293417243,22.4925204021157,13.8428462197706,14.2151450346008,21.2887649288525,33081.0783228423,21365.6594107815,1167.86628995273,0
4820,4427,5.83452345928969,2294.78677571448,22.245754620014,19.2119377789906,19.9192790770847,29.5983551246946,33140.8809782533,27616.9002386563,79.7993426369044,0
4820,4428,9.42107973792033,2001.20607901472,22.9697256071111,21.3497424788887,22.2197023566927,32.9150334753926,29674.9332503471,22307.4906809808,-1239.42720807326,0
4820,4429,6.66021790693874,2885.77247448268,22.1506801077479,16.3446107350726,16.8622208096234,25.1577028279236,33139.9063303001,21346.4938432844,1182.85678041726,0
4821,4430,7.29632460334938,3620.95362417243,22.4925204021157,14.0370605760484,14.4203447432327,21.5890336816016,33087.9351402309,21361.4906328846,1118.79889363703,0
4821,4431,6.02892802323297,3318.28480507851,22.7786989178424,14.9271449418377,15.3649389385677,22.9663106439003,30828.1544604719,32489.7278238954,598.671448994536,0
4821,4432,9.11592506972168,1969.51066501472,22.9697256071111,21.5992955016548,22.4876218414086,33.3020318173309,29680.4510983026,22287.3016706267,-1240.18428675429,0
4821,4433,6.2229159322398,2728.17774892006,22.0097441425461,16.9729272276564,17.5285786913925,26.1298079888135,34243.9928175573,25113.104059678,-277.56385676932,0
4822,4434,6.85468024199492,2974.09459783509,21.7262411539766,15.9497344810698,16.4381413099142,24.545307675018,35224.5407680501,24683.4760143898,969.195544506677,0
4822,4435,6.63751190442845,2733.09803707851,22.7786989178424,17.0667961196089,17.6375941931623,26.277644460354,30817.9727853458,32492.1304286702,505.393153457254,0
4822,4436,9.26980508692289,1995.74363101472,22.9697256071111,21.3922262475272,22.2653052949407,32.9809137620434,29674.7727860517,22260.0413515169,-1208.23321758125,0
4823,4437,9.50868520037788,1879.11596101472,22.9697256071111,22.3538581732601,23.2983534241265,34.4723590459049,29716.2413810116,22269.6838466756,-1226.70966309934,0
4823,4438,6.86174013692906,2901.87134383509,21.7262411539766,16.2220112366126,16.7271586175507,24.9666336372444,35200.9701588626,24691.5065009708,918.610197574309,0
4824,4439,9.13848294164677,1992.31839779527,22.9453782943476,21.4138080744897,22.2881021455997,33.0142791559326,29664.2550216541,22272.7078124959,-1182.09782681308,0
4825,4440,9.64940175513615,1573.94573101472,22.9697256071111,25.4931002597289,26.680666661665,39.3439539331237,29735.2225859173,22244.3163911325,-1252.47582124622,0
4826,4441,9.63088923728655,1679.84009436012,22.9490560231423,24.2776233944154,25.3690192854508,37.4571553511449,29676.968761072,22244.47062499,-1270.73532246749,0
4827,4442,8.89344628054032,1685.68362901472,22.9697256071111,24.2203286218615,25.307619785639,37.3683346656036,29696.824779941,22221.8514480997,-1261.45914183272,0
4829,4443,9.66150620883941,1546.28107501472,22.9697256071111,25.8348443955217,27.0497070484374,39.8745201125907,29718.5701915084,22250.6008824426,-1196.32263972398,0
4830,4444,9.19176370038353,1764.34849399881,23.0096782366308,23.4249138063911,24.4513756431426,36.1341902686463,29704.3400958063,22257.5672434158,-1239.64483114559,0
4831,4445,8.91491681218558,1910.71126399881,23.0096782366308,22.0914640072643,23.0169493675601,34.065529319766,29682.9807403588,22271.5052296735,-1212.45189517505,0
4832,4446,5.6181027917076,2662.41108342477,22.8099880319022,17.3873889729386,17.9794257841241,26.7741558898185,30974.0406256789,31856.1972828572,252.9716166322,0
4832,4447,9.26549551059415,2051.87589799881,23.0096782366308,20.9738666942006,21.8169594659362,32.3323582388277,29697.7737186482,22255.4813350781,-1187.46711568675,0
4833,4448,5.86764154106513,4303.94278542477,22.8099880319022,12.5354228376142,12.8391034425663,19.2688642482107,30981.2190568239,31867.7264066526,239.689753246947,0
4833,4449,9.02036069233847,2618.09827999881,23.0096782366308,17.6244876034476,18.234530473422,27.1419905515782,29704.4361991453,22272.6947385066,-1264.69404721712,0
4834,4450,5.93484382960715,3698.29386342477,22.8099880319022,13.8722921409791,14.2491126782057,21.3350778090087,30996.4155992661,31858.1681660401,266.750124221758,0
4834,4451,8.95392251605791,2602.83426199881,23.0096782366308,17.6971256867507,18.3119800055615,27.2544870787692,29682.0076405499,22282.4082784465,-1233.02702423167,0
4835,4452,5.80698309229043,3085.94903742477,22.8099880319022,15.6926586595359,16.1770735418264,24.150758374953,30987.2260126454,31859.6071649545,275.043711880477,0
4835,4453,8.92272996624756,2192.04936199881,23.0096782366308,19.9967109813353,20.7695654028463,30.817485208172,29730.2589546759,22303.0707721762,-1227.61199748793,0
4836,4454,5.82677267393959,3006.06073542477,22.8099880319022,15.9790694679423,16.4811910549871,24.5939823053282,30976.5093648857,31879.4019122531,264.146295030575,0
4836,4455,8.81027080425218,2317.81782199881,23.0096782366308,19.2132368253877,19.9310660076402,29.6032328115769,29683.2391062919,22298.7834338894,-1261.52011528984,0
4837,4456,5.70939816831941,3067.16085942477,22.8099880319022,15.7588024261863,16.2472884812661,24.2531116450931,30984.6509320084,31853.0602867495,268.540533222932,0
4837,4457,9.02841264829156,2170.22159599881,23.0096782366308,20.1411962007275,20.924325926996,31.0414482916352,29669.4577086366,22277.0455689312,-1229.52504680903,0
4838,4458,5.82507882001685,3583.34016942477,22.8099880319022,14.171234627614,14.5651141280407,21.7973045067104,31007.8259155952,31862.1601203494,249.130368144485,0
4838,4459,9.43555311790843,2340.04205599881,23.0096782366308,19.0828678165637,19.7916570469915,29.4012150932403,29658.1710998963,22268.2568090986,-1210.74675845272,0
4839,4460,5.84350257660949,3273.14801142477,22.8099880319022,15.0712332952319,15.5179382545105,23.1892901413314,30990.1299713642,31862.5053847205,246.98904277517,0
4839,4461,9.1997553791644,2058.39559399881,23.0096782366308,20.9256917064852,21.7652812818945,32.2576619010312,29674.3780295838,22275.1654619736,-1220.59588902281,0
4840,4462,5.65601762657523,3713.12098450804,23.0008529795374,13.8550147926097,14.2325594406955,21.3088348931156,30814.0366823008,31540.376643053,291.471106653266,0
4840,4463,6.68939295065156,4419.02865439896,23.3928893304017,12.3687943146683,12.6681687076864,19.0126563199676,26760.9061598604,27422.8439445497,1061.21422174695,0
4840,4464,9.18376657735659,2351.99089752102,23.1692943698591,19.0417161546265,19.749769422434,29.3380305594504,29674.1583858795,22276.2264149619,-1237.76646600483,0
4841,4465,5.75314422278377,3773.56032850804,23.0008529795374,13.7051234289114,14.0741918637069,21.0770931096326,30801.8631177814,31530.0210819248,257.349858694707,0
4841,4466,7.24240210749403,4460.81197639896,23.3928893304017,12.2919728312168,12.5873091722162,18.8939691256241,26814.1533166985,27447.8253087236,1265.79130293172,0
4841,4467,9.22073365538581,2613.28533552102,23.1692943698591,17.6721641510535,18.2872925932358,27.2163593978341,29704.5870821245,22228.975037971,-1313.11481784252,0
4841,4468,5.75901770005969,2351.18541263926,21.3816755390091,18.7284050659408,19.3909120387218,28.8459670203203,34827.53434295,15026.968381114,175.380806434822,0
4842,4469,5.91782355914925,4106.4576496585,21.3837649699181,12.7968192735252,13.1025959332061,19.6695013720674,34870.4973310208,15053.8402170976,165.55268294239,0
4842,4470,5.76098551007976,3511.38485050804,23.0008529795374,14.3886335458094,14.7968629844275,22.1339836258917,30802.2750369828,31543.242843847,259.590287181942,0
4842,4471,9.31850153813705,4247.0651097096,23.3933130508739,12.6990746164226,13.0160216560282,19.5229887658167,26879.3516990851,27477.8810880695,-1091.87532178281,0
4843,4472,5.88425295558336,3757.74566050804,23.0008529795374,13.7439275361112,14.1151842014964,21.1370851076697,30792.9433202892,31529.6274085864,220.370095949243,0
4843,4473,9.72643611895371,4275.06671839896,23.3928893304017,12.6436547890405,12.957627026835,19.437349676072,26870.1536681742,27470.2362408543,-1091.94257040305,0
4843,4474,6.16240730995206,2279.15866365849,21.3837649699181,19.1456235781383,19.8363281414223,29.4922794072067,34874.5140812143,15042.0664473969,112.770792796631,0
4843,4475,4.94308938568959,2596.18634514967,23.4127177240626,17.7921148213922,18.4181665133144,27.4029504306003,27810.0812895596,27407.8044221842,464.604821283492,0
4844,4476,6.0833305684098,5929.59840718026,23.4195257158365,10.2130893836513,10.4066757491694,15.6842088591431,27651.4072629916,26124.6303256209,472.640535779818,0
4844,4477,5.79508331893404,3194.10032050804,23.0008529795374,15.3493907012969,15.8147993636692,23.6201575079252,30816.7938893361,31554.0325821743,200.416668016917,0
4844,4478,7.7663270661087,6224.43380477089,23.3636315030254,9.89743832162126,10.0765560444882,15.1971168775446,26576.6052271981,27485.3320722357,1267.76576846998,0
4845,4479,6.17907275568406,6800.51432969126,23.4075417824902,9.35838976700069,9.51444028978793,14.3657447696722,27538.1886022301,25980.7807248201,378.594499615774,0
4846,4480,6.37611521851221,7554.22202369126,23.4075417824902,8.75925057606017,8.89072438797786,13.4419863576035,27483.7663636977,25894.8720108989,321.437133590581,0
4847,4481,5.95640966530687,7267.63881283153,23.401278897239,8.97408369992101,9.11417453324438,13.7731642798418,27424.23433022,25795.3813076907,335.41031802483,0
4847,4482,5.56101345618311,4119.78406826184,23.3587668518766,12.9560227200368,13.2865915919519,19.9199979547678,28791.6421731603,28603.6425215432,84.5707185761217,0
4847,4483,6.33724537712266,3005.0114443468,22.6325363182428,15.959177706829,16.4581482188233,24.5626703452314,23481.2873887304,25629.8769336636,919.044741671716,0
4847,4484,6.46888173157249,4575.7983921832,23.3702872528457,12.0851301132182,12.369521253432,18.5743822204319,28195.3739161201,26006.2591648491,726.184384412819,0
4847,4485,7.63797689379323,2147.77242122639,22.1137294120793,20.1168877665776,20.8853782476976,31.0002103122751,24276.2217966769,21873.1532160003,1242.72799571857,0
4848,4486,6.09538422229367,8236.25418883153,23.401278897239,8.29933284038847,8.41290823224059,12.7331469964241,27406.2994707127,25781.0893262489,345.350638481791,0
4848,4487,6.69694940112942,2879.2650103468,22.6325363182428,16.4381852743034,16.9671198713142,25.3040362290065,23479.5491981525,25635.6548727489,897.080648988883,0
4848,4488,7.63120153319977,2669.92077722639,22.1137294120793,17.2461829364638,17.8206317383217,26.5531983412428,24278.7992198291,21860.8309333916,1248.2470860441,0
4849,4489,6.10777327609443,6987.42404083153,23.401278897239,9.19909018553331,9.34843559618012,14.120088212716,27414.3315791892,25771.2843121275,355.016481272531,0
4849,4490,6.51199052882623,2881.15924634681,22.6325363182428,16.4306886826932,16.9591500933968,25.2924324965672,23484.470733255,25656.8192611214,874.128293530161,0
4849,4491,6.90006697732341,6833.16075919984,23.4182513980396,9.33064504895871,9.48558046507649,14.3229741319588,28129.285496215,26209.4923383945,858.658326944249,0
4849,4492,7.61527849126045,2732.71690322639,22.1137294120793,16.968965825888,17.5256082800208,26.1240180811768,24274.4169527022,21863.4944862154,1235.90943283382,0
4850,4493,6.68585596776513,5855.70070627416,23.4703372947577,10.2988550310859,10.4966484488561,15.8166328859076,28167.3784964376,26221.7847596886,855.755410878472,0
4850,4494,6.31595471108638,3131.39104524583,22.7058280897002,15.5223517665514,15.995251226757,23.8869346787124,23489.1408820066,25628.8066346403,870.843434548469,0
4851,4495,6.44678974268027,3271.01568427416,23.4703372947577,15.1577198778492,15.6161807861349,23.3248950188484,28199.5260955045,26221.03244784,780.930781930287,0
4851,4496,6.50048922739449,2849.74458324583,22.7058280897002,16.5666034369694,17.104495239738,25.5030450648941,23502.2436507066,25676.4427110568,894.92213928261,0
4852,4497,6.60042138304016,2944.5756342868,23.4733893918179,16.2992741796237,16.8286655749806,25.0915610984552,28194.447502404,26226.6398710909,775.859964881697,0
4852,4498,7.64379071394014,1802.83694501702,22.1455558396963,22.8479628985108,23.816028607043,35.2350716833949,24272.0226719522,21865.0221702983,1212.2098367672,0
4853,4499,6.46557674472553,2864.0706042868,23.4733893918179,16.6167856601736,17.1664618251165,25.583093831379,28180.6217679102,26222.3032594352,757.988529023379,0
4854,4500,6.40627621789544,3520.1150142868,23.4733893918179,14.4168868021645,14.831150196231,22.1788875025034,28189.0091576681,26218.6887494153,756.448070379367,0
4855,4501,6.46827000238073,3436.71728227416,23.4703372947577,14.6539085220861,15.0821348465596,22.5454917714349,28211.0730256193,26235.0717260197,755.937665242187,0
4856,4502,6.49679011979899,3330.75019627416,23.4703372947577,14.9708923403295,15.4180637764615,23.0358488946067,28210.55903432,26218.0850108166,806.431893740836,0
4857,4503,6.22227425163342,3565.15088827416,23.4703372947577,14.2925297845868,14.6994852855801,21.9865479127522,28195.7973803261,26222.69758714,764.652987990623,0
4857,4504,6.99897232748323,3987.31634548715,23.4240139369537,13.2485998808383,13.5957659090842,20.3723565927585,29013.4911319929,31529.486330754,903.498871713184,0
4858,4505,6.40411264536205,3645.1786422868,23.4733893918179,14.0792773833068,14.4738751194691,21.6567641030413,28182.1844924389,26224.2449096243,790.267375719243,0
4858,4506,6.7302276174668,3950.48887348715,23.4240139369537,13.3312938852247,13.6830488914376,20.5001829906471,29033.0141487258,31527.6049673962,956.563989172532,0
4858,4507,5.81338083317293,791.174118512371,22.9120058208376,43.6903578734884,46.4824486623369,67.6387654546397,29929.1301230186,20713.0398731657,439.016803859658,0
4859,4508,6.68604133332982,3506.31119038662,23.471691766503,14.4552852994802,14.8717894309573,22.2382730482304,27990.4679280882,26103.4748055394,769.254251988383,0
4859,4509,6.67081838943547,2852.44689384462,23.4355534572228,16.6586680582878,17.2106184958955,25.6478205006418,27989.9669510086,26100.0730447128,775.24524736049,0
4859,4510,6.00878109805802,1054.4894954738,22.9012568196649,34.6717065325132,36.6352030253285,53.6061276605718,29855.043033572,20697.6521316449,412.00092315705,0
4860,4511,6.32537587207589,3473.27784614731,23.4800084852918,14.5496772592305,14.9718224444044,22.3842923725389,27983.2919580369,26107.2342037827,744.316475448736,0
4860,4512,5.79260313548521,724.898125428292,22.8322647886541,46.8989106919135,49.9936087243214,72.6334456733417,29884.3585564541,20745.2893518065,515.253698078335,0
4861,4513,6.3370810888811,3321.27642014731,23.4800084852918,15.001260415893,15.4503544633315,23.0828563248834,27970.5689847562,26095.1387147283,728.501590441643,0
4862,4514,6.51222257598623,4457.66383814731,23.4800084852918,12.3051183105494,12.6017947019564,18.9144576867664,27990.6947777536,26104.8346511253,763.974823909298,0
4862,4515,5.90365056850083,874.563093214638,22.789037421289,40.2024838037477,42.6651641279759,62.2092126785637,29945.0333140983,20755.0600435617,443.397738845065,0
4863,4516,6.01414990944549,3196.87357214731,23.4800084852918,15.3995488386038,15.8728533907965,23.6990987746495,27990.5351237134,26085.2620780073,748.88402239165,0
4863,4517,5.14849438791612,732.231081214638,22.789037421289,46.4816394338217,49.5351180212725,71.9833618983492,29897.029678263,20737.3256437216,404.186921218992,0
4864,4518,5.96700166297708,1613.01243177338,23.096160887924,25.0633866405643,26.219123618077,38.6775033920205,26158.0963956235,23642.4308198386,256.525549018216,0
4865,4519,5.76289892481442,1872.32452977338,23.096160887924,22.4420495662305,23.3951923141948,34.6097188569205,26207.9011373846,23657.2756952426,196.325573704705,0
4866,4520,5.84477763032078,1819.54313427591,23.0622485073922,22.9109333249717,23.8990032633429,35.3369663969802,26157.8257486694,23632.8987805054,283.356095658942,0
4866,4521,5.39925276708497,1750.43786196801,23.1599288343031,23.5993292967532,24.6417333152373,36.4055274335071,31068.9461962241,23407.0348018396,-20.9956085816403,0
4867,4522,5.56230507689826,1344.19031796801,23.1599288343031,28.7944280616221,30.2555915155235,44.4721264339615,31077.5109817124,23402.7334584677,-83.6463122111681,0
4868,4523,5.59257425592783,1197.07866396801,23.1599288343031,31.49070098647,33.1813032129203,48.6621487602359,31080.9033831222,23401.1218507867,-67.0898518247135,0
4869,4524,5.78511756705268,1089.67988796801,23.1599288343031,33.8953167789434,35.7961892152948,52.4005506217513,31052.5827178544,23431.0445759214,-72.2846285024903,0
4870,4525,5.80040004207058,3570.96230991349,23.4655960036989,14.276214942973,14.6821754145163,21.9613041908164,26743.672500483,25136.5885172717,305.455643361798,0
4870,4526,5.15876512284428,1267.57900898487,23.0031329268989,30.0686855552545,31.6340251157755,46.4511409026191,31104.8746706125,23423.3183131728,-47.5093605587308,0
4871,4527,5.76656076083789,3737.17050591349,23.4655960036989,13.8431159536506,14.2240769352069,21.2915658129761,26759.9745010635,25148.7822035463,308.803415535545,0
4871,4528,5.55309586645616,1542.44146298487,23.0031329268989,25.8926720892476,27.1127909519578,39.9644754053047,31091.4852859051,23402.9650787399,-42.8590945571727,0
4872,4529,5.78184938885043,3564.55274391349,23.4655960036989,14.2936412353254,14.7006184455385,21.9882549458648,26769.8124131298,25157.3884356314,304.684230944253,0
4872,4530,5.49028698778126,1415.02105298487,23.0031329268989,27.637692178226,28.9996454718997,42.6743550147196,31086.8866498172,23409.3109436429,-48.7087082189114,0
4873,4531,5.50572863122276,1513.43322098487,23.0031329268989,26.2655590802478,27.5156704905338,40.543450535523,31107.0396298264,23422.8818423408,-68.2516044181674,0
4874,4532,11.1186882189792,3667.80774145033,22.8954258461804,13.9590549653538,14.3415720200693,21.4694365651965,32032.9356760705,24022.3164859178,-1121.70367075874,0
4874,4533,6.20139156673789,2687.59270818298,22.5638965212915,17.2357318717612,17.8149372583039,26.5385132532849,33319.676004356,24097.2576956534,948.230446704311,0
4875,4534,7.09796270297706,3251.87680218298,22.5638965212915,15.1084425256723,15.5548992273008,23.2461696931179,33352.2016629129,24073.6382176405,956.486817753205,0
4875,4535,10.9438700668035,3726.83742145033,22.8954258461804,13.8095820683686,14.18361602456,21.2383333910526,31993.3343985944,24009.5453332404,-1094.49209752892,0
4876,4536,5.53600955185104,1764.00099698487,23.0031329268989,23.4267304908194,24.4532220065554,36.1369788160797,31075.25005756,23424.3778421288,-51.1342360103614,0
4877,4537,5.56483347194222,1170.59853098487,23.0031329268989,31.9835022180308,33.7132428785726,49.4271927869611,31083.5040606637,23416.3377145557,-93.9880948438484,0
4880,4538,6.65004841614323,6612.95428243093,21.1780255802337,9.40126820112352,9.54722466121289,14.4285722569569,36806.9705150048,17190.5506310384,749.361661273326,0
4881,4539,6.77964728038223,6059.96952643093,21.1780255802337,9.93382348203142,10.1019156142346,15.2497507598027,36802.8779457259,17185.1389525742,733.053620216304,0
4882,4540,6.53347875533363,2573.51803843093,21.1780255802337,17.5438039002498,18.1256972968432,27.0107524366525,36819.5194273404,17176.9127644465,720.655995975753,0
4882,4541,6.05295409701012,1662.63690360366,23.462019775093,24.5975668796096,25.7229610703709,37.9562062860596,25061.8442956098,26007.9954779084,485.38023704414,0
4883,4542,6.43033194141469,1756.84048446165,23.4519123419294,23.6067425455503,24.6545941232638,36.4183776025314,25066.7369274555,25997.9795386386,410.337012659468,0
4884,4543,5.98516133642804,1634.48605446165,23.4519123419294,24.9109469405926,26.0609243214026,38.4426114107992,25067.9915922712,25978.9394994551,476.893399964033,0
4885,4544,6.29035102756743,1517.02139646165,23.4519123419294,26.3480860105745,27.6132779155745,40.6739252589784,25089.3649987003,26008.4427165909,488.562766044999,0
4886,4545,6.05786219371375,1657.10837760366,23.462019775093,24.6588395819812,25.7890643617086,38.0513157904295,25058.3908987708,26020.9597758178,500.101522430257,0
4887,4546,6.23948576467033,2087.51682246165,23.4519123419294,20.8025519140745,21.6396505178152,32.0685131805723,25086.9167816701,26008.3636573179,491.56629541546,0
4887,4547,9.00470087688893,2620.41585469825,23.7199869181834,17.7233205040852,18.3484368785391,27.297404351516,27609.0352802674,27153.8337152518,-1328.65829182702,0
4888,4548,5.95756743998758,2059.89783960366,23.462019775093,21.0066691449203,21.8588138611333,32.3850574100237,25066.8751919058,26003.2449258368,470.954029737498,0
4888,4549,5.65628378913618,1895.00245188555,22.5433761763046,22.120296798584,23.0405183600284,34.1082047334953,33293.0684160746,24931.2750879771,-302.153517907155,0
4888,4550,8.88412768262637,2101.43924269825,23.7199869181834,20.7555905950372,21.5931138975268,31.9967573580943,27590.5962880021,27170.6282909148,-1446.3249723482,0
4889,4551,6.68769001248766,2634.97255930235,22.904878631717,17.5288789447874,18.1313462452159,26.993576647239,29148.2085579884,22251.5638895027,824.127787531273,0
4889,4552,5.53442487130837,2964.40880388556,22.5433761763046,16.0976769737407,16.6042765881582,24.7767423953538,33274.0946552091,24910.5712473793,-300.127302079003,0
4889,4553,5.89634406624527,2272.84358646165,23.4519123419294,19.5647052529482,20.3130763821879,30.1495632973001,25099.4910862238,26009.9438548454,519.619685641667,0
4889,4554,8.95676150733687,2573.32426669825,23.7199869181834,17.951857299247,18.5923334611879,27.6514065691027,27619.1571092733,27141.1622871568,-1425.34680027089,0
4889,4555,6.7565123507417,2482.39616639225,22.7698152734377,18.259112889374,18.9085382204096,28.1241206384325,29139.9258571838,22248.5199533881,837.088746465521,0
4890,4556,6.52881447021018,2643.61825359911,22.7468026424981,17.4642121307836,18.0605231720942,26.8929096200827,29135.080179863,22242.6566589342,825.995066721596,0
4890,4557,5.49244437366524,2978.31451947554,22.4964374020324,16.0393645951787,16.5418256365848,24.6863563836854,33278.4251704284,24911.6523144113,-319.46368378527,0
4890,4558,6.00112286114671,2026.75587052407,23.3474283796185,21.2322278632282,22.099225712239,32.7343641460257,25081.4242391396,26016.1704882195,450.140506005489,0
4891,4559,5.46878918568178,4279.33434833127,22.5360016557734,12.5584694731142,12.8612049946375,19.3038755496767,32895.491756643,24399.716053289,-294.791057943488,0
4891,4560,5.95818694228843,2492.52757005835,23.3605180237608,18.3037158686939,18.9636028953787,28.1952664404459,25058.5301369005,26143.6212813497,504.579230966655,0
4892,4561,6.02922886544529,2655.96505829262,23.3727783552492,17.5030113567636,18.1093532547088,26.9550539480894,25020.9613084255,26264.4957383484,543.345820844548,0
4892,4562,8.81071865328021,4786.6514060524,23.7171350696868,11.7592644215709,12.0293801587342,18.071715067496,25722.1738107284,31012.0879575813,-1237.5035684088,0
4892,4563,4.84732946056121,3956.04077965607,23.5169730394297,13.3277617068705,13.6800919266983,20.4949357057574,25145.9378128197,31283.0139493929,-275.763547289654,0
4893,4564,5.9943128529647,2807.10747029262,23.3727783552492,16.8370586604026,17.3998154861418,25.9238205439594,25030.2306617113,26280.0395875635,511.760732507497,0
4893,4565,9.1300773341811,4591.0164740524,23.7171350696868,12.0871558610622,12.3741697322026,18.5782065248297,25713.4126326795,30978.7109353123,-1264.17433672101,0
4894,4566,5.96662970158116,2491.67312429262,23.3727783552492,18.3101707063755,18.9706491452536,28.2053083617848,25033.5303336677,26245.5190463878,515.239321235458,0
4895,4567,5.26088288980464,3764.61441328856,22.6241852488267,13.6879709952429,14.0527561449617,21.0496607585324,31849.0215704563,23010.3733033787,-319.642286795012,0
4895,4568,5.93905726362718,1953.64402229262,23.3727783552492,21.8142275740677,22.7246680268053,33.6370781345601,25028.3547787205,26258.1359737851,524.082497591285,0
4896,4569,5.23190489368331,3637.43145248548,22.6322236784873,14.0092691051869,14.3922553918943,21.5464174111415,31827.3154499107,23013.1905085999,-345.486931535292,0
4896,4570,5.99977892367368,1640.65456229262,23.3727783552492,24.8200295666107,25.9614238333737,38.3010950468116,25049.2214405565,26279.5429955088,513.573474370536,0
4897,4571,5.79819795455905,1692.70200029262,23.3727783552492,24.2482935070722,25.3447263602783,37.4136592584121,25081.9625775627,26273.1701657809,581.859692746568,0
4897,4572,5.37468814540202,3205.37218234108,22.5869321328794,15.2608866298744,15.7167211232865,23.4820660630989,31894.0904545027,22987.7923888107,-187.803309683425,0
4898,4573,5.98783257935779,1826.59805429262,23.3727783552492,22.9182042519961,23.9118687730312,35.3496386350424,25027.6795399031,26275.5639126596,518.655419683766,0
4898,4574,5.47078937952814,2350.01325244718,22.5269221127631,18.9398960577965,19.6323867501642,29.1779094623409,32059.6255801296,22194.7478440153,-366.524407160163,0
4899,4575,6.25129458113673,2269.45281029261,23.3727783552492,19.5712886516094,20.3190569314595,30.1594729079753,25046.9234923178,26290.5844250309,522.453840633635,0
4900,4576,6.08363106894354,2538.39128945127,23.0796932264049,18.0238581211943,18.66136463424,27.7607845039357,25039.7366400125,26288.6807927295,515.701914068431,0
4901,4577,6.09430357477988,2078.30335280431,23.0434430804704,20.7871468679576,21.6171803435168,32.0429882398967,25191.9273282196,25644.9360968951,526.118203855483,0
4902,4578,6.14242027639672,1651.41744680431,23.0434430804704,24.6128160049242,25.7320928022224,37.9778534662971,25168.367146771,25651.0837281676,563.168283681477,0
4903,4579,5.62452865520146,2993.26611906916,23.2668570052699,16.0873128667521,16.6010996398084,24.7628600109451,31443.7220121882,30266.3062767963,-120.807212087227,0
4903,4580,6.07436462743774,1919.20955480431,23.0434430804704,22.0273400942192,22.9485702608039,33.9662159960355,25180.6071101054,25679.8962021194,564.212294721064,0
4904,4581,5.32316049373834,3291.21182106916,23.2668570052699,15.0695487579581,15.5206789845311,23.1879312424211,31443.9361103924,30256.4039569746,-153.797059337605,0
4904,4582,6.07613456462931,1803.68318480431,23.0434430804704,23.0547553238718,24.0534642236012,35.5600167355566,25176.7888451565,25628.1988042906,508.214378630374,0
4905,4583,5.38527119379013,4926.32549758822,23.2580450463593,11.5044496678529,11.7585538082907,17.6773086994127,31406.9965981021,30109.438866745,-184.819050559935,0
4905,4584,6.06345275419449,2005.30918880431,23.0434430804704,21.3334919230758,22.2033749405738,32.890141307099,25190.8631486441,25665.4974967413,548.224439789977,0
4906,4585,6.2808672628756,1939.93688686624,23.0590726610951,21.8584938116972,22.7673969699963,33.7044019839977,25173.068104304,25657.984460206,562.734725221307,0
4906,4586,5.12012821709435,1908.28170834931,23.3022762257526,22.1770629075132,23.1135401039174,34.1995680767197,30330.7483293008,28868.0451961808,-397.343616201358,0
4907,4587,6.09014736705169,1727.16486080431,23.0434430804704,23.8056057983685,24.8619730784363,36.7250800883102,25177.5663649194,25655.8235952605,562.276276386963,0
4907,4588,5.20006545430209,1797.40282434931,23.3022762257526,23.1756891016501,24.1878882508304,35.7488250076481,30345.0724290678,28853.7759640109,-376.666972716368,0
4908,4589,6.21180829296952,3506.62749670386,22.6262866513165,14.3598115002443,14.7628495284236,22.0884413307902,23968.4289631717,24010.5733606926,590.884307661592,0
4908,4590,5.92825968221477,2843.72974486624,23.0590726610951,16.6411125686796,17.1877358521202,25.6194848889593,25176.9681832488,25673.1257920339,512.122813193073,0
4908,4591,5.29348273646696,2639.95551906043,23.3265173597299,17.5705264907107,18.1807929374531,27.0594656106269,30337.8144785468,28864.560761378,-371.351928631067,0
4909,4592,6.17346850071668,5436.14999887798,22.0010822110128,10.703733155631,10.9110794281809,16.4389224663457,35279.8281310158,28201.6666864618,775.867310610683,0
4909,4593,5.97176334712605,3581.73203480431,23.0434430804704,14.2010945119861,14.5988410082834,21.8440702315249,25198.3219886259,25670.1311938432,543.49065173947,0
4909,4594,6.11147416295605,3789.74970070386,22.6262866513165,13.627140354321,13.9885448484592,20.9556289004913,23986.0553937745,24001.5548838363,557.877988047269,0
4910,4595,6.27041115529117,5404.29880747164,21.9868037183972,10.7432882941993,10.9523646754609,16.4999382841045,35269.0735797627,28213.2220329515,754.642897273334,0
4910,4596,6.0563933509744,4040.89254683754,22.9333423998782,13.0839761411998,13.4180510002213,20.1167940144774,25215.1694603437,25652.9395121694,527.235409968143,0
4911,4597,6.22043303685356,4838.16452947164,21.9868037183972,11.5413549126099,11.7883484841633,17.7318263816593,35270.2110536629,28216.3037231675,764.29508945957,0
4911,4598,6.56550700298127,3633.97493836072,22.2334047870972,13.9749482262697,14.352322542005,21.4923430020783,24549.5780650197,21922.8947330078,862.715772522967,0
4911,4599,6.06902787373801,1722.99334904346,23.2264602416009,23.8940300532135,24.9603605303896,36.8631610206557,30522.3570797314,28930.5333290005,-179.628859026111,0
4912,4600,5.23915307840292,2975.65893404842,23.3180530501299,16.160075087797,16.6789889690745,24.8756334932955,30744.4415141675,30123.6507242514,-279.019200649449,0
4912,4601,6.495562621817,3383.7440356377,22.2117912537221,14.6630599869259,15.079705589132,22.556306533028,24517.9606827727,21933.1964307527,876.459502735913,0
4913,4602,5.39087030283487,3077.17676804842,23.3180530501299,15.7892740558862,16.2849780410388,24.3017361749535,30757.4742888442,30131.6212153654,-291.258064928262,0
4913,4603,6.56053612590749,3146.25322036072,22.2334047870972,15.4116800721028,15.8729275173707,23.7143437109232,24594.6398771296,21928.5953287186,840.742495183946,0
4914,4604,5.94782256325997,9045.38549173303,23.4613032267421,7.83449514004872,7.93116350948261,12.0170512469005,29766.0340122471,30246.9597631067,593.356381784881,0
4914,4605,8.34890971954811,8110.05900660618,23.5653548131823,8.38650419519989,8.5041113325884,12.8676755210279,29091.9587702205,31617.5287210174,-1493.03508081653,0
4914,4606,6.78295354660824,3417.85582636072,22.2334047870972,14.5661311218685,14.9773502160956,22.4064635523698,24564.2767485682,21910.3573945652,898.391086691605,0
4914,4607,8.70057215683406,3505.987581778,20.6295747498322,14.1326699858393,14.5034471438993,21.7319128748572,37522.4559095638,15829.1809940624,1254.48497482746,0
4915,4608,5.96132289829264,10185.913797733,23.4613032267421,7.28503479365221,7.36265824980549,11.1708509302362,29754.2513297157,30233.4998623119,568.052474995122,0
4915,4609,8.48170421234057,9416.97171660617,23.5653548131823,7.64688664830028,7.73729193133857,11.7281901228804,29095.223619216,31622.4913220438,-1492.58632242746,0
4915,4610,6.55086464798201,3592.83037036072,22.2334047870972,14.0825815525107,14.4660462965842,21.6587521740672,24578.7219157632,21895.5504516286,876.910836880343,0
4915,4611,7.37932760249288,7565.26297599184,23.3829738157234,8.7500850923595,8.88108028345484,13.4278264610094,29591.5704258378,31136.9195874576,-200.921489856592,0
4916,4612,8.60890209890635,6546.25705860617,23.5653548131823,9.59595347450294,9.76297277558888,14.7323607213298,29102.7372774894,31661.1289783327,-1376.44471277971,0
4916,4613,5.31353702823792,5301.37087945016,23.6389406596915,10.994132500102,11.2256976480547,16.8900614152228,28300.571995902,32043.7606902444,193.351311466519,0
4916,4614,6.75910064787523,3448.91248636072,22.2334047870972,14.4770975790471,14.8831586801118,22.2687781521522,24567.5212285515,21907.2828065673,881.987200744878,0
4917,4615,8.37415529269988,5694.90810660618,23.5653548131823,10.4912293157602,10.69846618606,16.1136645958189,29081.5818587369,31640.1673556167,-1371.81556662093,0
4917,4616,6.44313495050116,3346.40348236072,22.2334047870972,14.7765943702562,15.2000906136435,22.7319563265288,24568.0793237629,21912.8461044818,904.412391767909,0
4918,4617,8.75220162978325,6397.00541554945,23.6080103675876,9.7402543441675,9.91378313845047,14.9550077768699,28645.2091144631,31093.3670981,-1400.95964587807,0
4918,4618,6.1646900181492,3108.21431836072,22.2334047870972,15.5406885264747,16.0097311269685,23.9139361807324,24536.4923741277,21896.6098364479,872.487125828075,0
4919,4619,8.65851084122443,5472.90956576629,23.610014768726,10.7673188213749,10.9878211436869,16.5398749998449,28625.1042247787,31139.7424575393,-1334.96915214674,0
4919,4620,4.7079995663354,4326.87145537161,23.6266749585031,12.5633876218771,12.8748631997906,19.3138144127394,27682.5500311823,31350.0502847866,609.452439556304,0
4919,4621,6.57286649070253,3108.80902036072,22.2334047870972,15.5386496934202,16.0075687734299,23.9107817572621,24578.2018296867,21943.9534822528,852.009880617669,0
4920,4622,8.80091801595019,5484.31986613593,23.7284706054563,10.7607597668462,10.9816798069908,16.5299521070032,28633.8854569858,31132.3608698243,-1344.73905470572,0
4920,4623,6.33843515787123,3780.37306630783,22.1884948439079,13.6043270420659,13.9605773109255,20.9192924128026,24547.9517952421,21933.5695874064,874.126181655908,0
4920,4624,5.33899148533808,4379.57657648885,23.7407246955216,12.4726013217389,12.7800941186757,19.1737698920588,27755.173048167,31471.8307215949,325.330666822746,0
4921,4625,9.10925422202777,5801.41050643598,23.733818335666,10.3773667769381,10.5803127785678,15.9382165374129,28572.4050133449,30991.6165000202,-1248.31754379952,0
4921,4626,6.55403382385746,3814.07284630783,22.1884948439079,13.5236958132716,13.8754925297792,20.7946603411203,24552.6067918384,21918.9084401298,866.123969041345,0
4921,4627,3.26538674706417,4453.37913430899,23.7368890109467,12.3347429686717,12.6348901582588,18.9607551035083,27850.6376907809,30960.8388363032,-390.276244528535,0
4922,4628,9.49449727096343,5981.68018834797,23.7372822664462,10.1753604454881,10.3690506867115,15.6264951927294,28542.0489371672,30928.0015026884,-1160.96944822583,0
4922,4629,3.63710882504011,4164.92778367151,23.7239657958594,12.8955925981609,13.22577007711,19.8274034525348,27600.1436311688,30656.1963279426,-778.061143623891,0
4922,4630,6.75009952182237,3765.7937882359,22.1259965078188,13.6330567894648,13.990337425503,20.9635466486641,24555.3271771363,21922.3339976453,837.943222000378,0
4923,4631,9.55262752192003,5936.46081034797,23.7372822664462,10.2250780512635,10.4210375193463,15.7032133545099,28526.7265087196,30930.3251168701,-1155.5146555269,0
4923,4632,6.47213787065027,3010.41018430783,22.1884948439079,15.8798203824679,16.3690624808844,24.4385355926085,24558.5251859559,21924.9374221764,865.716053975981,0
4924,4633,9.63550412012898,5709.19654234797,23.7372822664462,10.4853353459618,10.6933199122015,16.104850875031,28523.5869548279,30917.4683710696,-1172.35605522308,0
4924,4634,5.25149149968833,4611.1034102205,23.740266255018,12.054239800652,12.3397079489701,18.5274029472647,27484.1640123322,31085.6761918441,557.197905046041,0
4925,4635,7.68113853145,2186.60979727363,21.6492296241226,19.7699938560117,20.5074139987186,30.4607354834372,24290.3711913617,20166.4539448945,1214.47652507065,0
4925,4636,9.42730880733067,2899.22959234797,23.7372822664462,16.5123969553464,17.0582533214675,25.4222766791446,28496.4052521897,30915.4789842971,-1114.04317843638,0
4926,4637,6.93957814578413,3839.35814609249,22.0433021569725,13.4491217278992,13.7955342884302,20.6790418453861,35323.660883984,29013.1043342421,902.858830565551,0
4926,4638,7.03123056324836,2188.04148727363,21.6492296241226,19.7607614453024,20.4975409583564,30.4464289658087,24288.0847726624,20211.3583775725,1212.0484060605,0
4927,4639,6.50546081559589,5367.91716879413,22.042879253447,10.7940883355183,11.0058812397353,16.5784366841444,35285.5069954013,28940.2108384901,913.099277346613,0
4928,4640,7.10180416010067,2844.52944811052,21.9652750237686,16.4816053264684,17.0056598151982,25.3691456478782,35324.7259884992,28967.0107898217,952.122101508384,0
4939,4641,5.68049951089565,1720.79020195699,21.9673363119328,23.5991625491989,24.6210096133698,36.3995961411426,34855.4809428622,23924.3026586683,262.201549521383,0
4940,4642,5.4812220595472,3152.84846900104,22.0204957091007,15.362338316703,15.8183773455431,23.6373921441213,34850.0680015711,23922.5885414042,177.201976742854,0
4941,4643,5.83241838111132,3702.44383539814,21.925277202591,13.7676190036501,14.1305424893173,21.1710465480049,35170.1266544129,23395.9695870151,304.957961994864,0
4942,4644,5.98506574122437,3761.21480435218,21.880403977544,13.6183295972032,13.9725809318964,20.9401716606394,35347.3226075877,23467.9568000793,376.023018350056,0
4943,4645,5.87489194253792,3942.44198793386,21.8351711316218,13.1925658389855,13.5232184728057,20.2820432600073,35405.7577002888,23506.2946991767,381.867412015942,0
4947,4646,5.79546248137365,3088.39343850208,22.0422569417363,15.5840019071466,16.0536250649021,23.98038639066,34084.3761398341,18609.8019818213,52.4813087919194,0
4948,4647,8.77816515892965,3034.80649611924,22.2398415883035,15.7987450835366,16.2835756492258,24.3132361237536,32760.793314622,21297.8425541621,-1386.15166342339,0
4948,4648,5.82997429594267,2584.98651513223,21.7865065433741,17.5880213441499,18.1805545070157,27.0813569206732,31951.4574960605,16045.3610492691,454.343458760328,0
4949,4649,6.18130385890452,3985.57580313223,21.7865065433741,13.0925817824567,13.4174463322084,20.127423817327,31963.8357947294,16037.6088987055,403.573180569595,0
4950,4650,6.09327418402499,3690.95546630931,21.7998314598635,13.7828379855607,14.1454523609524,21.1942535442193,31972.4664799355,16056.5715317412,447.492138035263,0
4951,4651,6.04853865885022,3832.73682830931,21.7998314598635,13.4395234137518,13.7832471823524,20.6636102684641,31979.3439832616,16051.4270866922,449.208665523062,0
4952,4652,6.13541384513212,3346.75516430931,21.7998314598635,14.723529691517,15.1395880024759,22.6486921672289,31992.1866091868,16057.3186551173,433.324561346695,0
4953,4653,6.29035814689643,2966.86880536613,21.7727911344084,15.9828587134224,16.4738150506454,24.5967060150192,32007.8242012229,15987.6561745449,423.480539936073,0
4960,4654,5.56167379694341,2758.10094796556,23.0910666892945,17.0045105546196,17.574903182726,26.1822058249685,30500.0463276874,29450.9630158944,-20.1504388763099,0
4960,4655,6.47396922273875,1928.64940075789,22.2922257928886,21.7822432647451,22.6734433044496,33.5828200806629,23255.404701086,25350.147030111,895.47358347994,0
4961,4656,5.56561897421849,4000.23519196556,23.0910666892945,13.1878878205893,13.5289515823284,20.2777555384444,30511.4512950144,29444.138221624,-15.9382821890108,0
4962,4657,5.76924484180115,4549.69578796556,23.0910666892945,12.1075771910636,12.3910772755304,18.6084907197517,30465.8637947793,29438.0414779068,-15.086702343366,0
4965,4658,9.60643520186135,5263.62170323766,22.9350020136325,10.9955388047657,11.2226447398347,16.8909813236157,28897.754105584,27177.1481040525,-1055.06331563826,0
4967,4659,10.0705220849685,5161.54020514228,22.9912333431888,11.1402996229224,11.3747353656034,17.1145574855007,29097.2541328289,27863.4329388804,-925.257644000941,0
4969,4660,9.81497353317489,3276.95463026123,23.0648836968459,15.0900923323567,15.5404662999611,23.2191644045798,29017.4852444634,27866.3012518586,-1026.48005903247,0
4970,4661,10.7375782648603,3459.88319354801,22.9233960195552,14.524971298463,14.9404322174996,22.3446384285151,29004.7718174805,27854.8388721399,-1016.94331504653,0
4979,4662,6.00001126248643,2888.40159274941,21.9726563291143,16.3091367765145,16.8225061410114,25.1022424755292,35464.702347467,25767.4792390031,574.668494799827,0
4980,4663,5.93474296588305,5126.92808745446,22.0526787928099,11.1198778470367,11.3470281207653,17.0812892291223,35474.7257823866,25769.5492072583,590.17036349182,0
4980,4664,5.29536160965831,3167.48536948732,22.2710821114548,15.345676541021,15.8033457506954,23.612340789048,33797.5076908458,17884.5251604896,-62.7153517242897,0
4981,4665,9.1451402600775,8138.08908487247,22.2741684832312,8.3119135369578,8.42102597367842,12.7511636231127,34560.907956482,18419.5037368177,-1191.8699543669,0
4981,4666,6.10154570363938,4208.79378822915,21.9991557196876,12.6479475522087,12.9510587969205,19.4409224936198,35579.5639214639,25795.7926155549,689.208058187364,0
4981,4667,11.1326534914926,7732.61299224822,22.1634114672915,8.57443893549433,8.69290865919619,13.1555382016604,34663.4496537435,17562.3857061498,-1342.27265220944,0
4982,4668,5.8973510170013,7879.89666883432,22.0504305209335,8.46936105783615,8.58333071122535,12.9934748552724,35393.3250584304,18158.7489436972,275.764182618118,0
4982,4669,6.09842683358135,4029.54620022915,21.9991557196876,13.0182533666937,13.3409611203612,20.0130714001243,35644.4312336404,25818.1328283498,681.797271643904,0
4982,4670,5.55286739504029,8110.62404403355,22.2886166089402,8.32996464672811,8.43981162379624,12.7789934929104,33790.0387016622,17914.8851544704,-75.3892110712934,0
4983,4671,9.37046096855905,8171.85494287247,22.2741684832312,8.29064895651489,8.39897411116467,12.7184010926977,34549.7590968894,18392.852888321,-1162.27321197488,0
4983,4672,6.34179621733339,4062.51912222915,21.9991557196876,12.9479598184634,13.2669160091373,19.9044541914287,35621.8494342145,25798.7147526244,701.270647902781,0
4983,4673,3.59755183429941,7517.97765278566,21.9950151521974,8.71779729778,8.84095613756324,13.3762399811052,35414.8569332251,17546.2203622164,-487.936639650256,0
4984,4674,8.03300725457458,8894.10950887247,22.2741684832312,7.869140035018,7.962260111988,12.0690889856467,34465.9988297947,18399.4597629811,-1124.34904347798,0
4984,4675,6.19146844754664,3724.92662022915,21.9991557196876,13.7197042612467,14.0806415339061,21.0971666168154,35622.4506288499,25795.1243923342,677.874581162487,0
4984,4676,11.5265677117071,7812.43521624822,22.1634114672915,8.51991096566699,8.63631051239477,13.0715123067479,34627.689581679,17551.149078176,-1269.11964832855,0
4984,4677,6.89155444659664,5846.3140754839,21.9856628574358,10.2151501286463,10.4003382620401,15.6850392593586,34565.913710523,18388.6958512889,-1045.76333262093,0
4985,4678,7.52531167342546,9234.36715687247,22.2741684832312,7.69021780243134,7.77711857239081,11.7935336417312,34403.9391105245,18404.0115756762,-1088.32098617552,0
4985,4679,6.27433474286011,3936.94889622915,21.9991557196876,13.2212425878568,13.5548660400933,20.326751734251,35624.9089500085,25796.3274355156,672.306228698528,0
4986,4680,7.51060843266755,9360.9005355955,22.2603144313771,7.62599007384109,7.71063868261541,11.6946120311838,34405.3086788769,18396.0134631118,-1085.97597623108,0
4986,4681,6.16123057621729,3378.14927622915,21.9991557196876,14.6543413635812,15.0683749018746,22.5422429807093,35621.1755098912,25794.5188195724,689.351432895794,0
4986,4682,10.7348826259157,7198.87669855109,22.1389346652554,8.96431235022156,9.0978159052731,13.7563846544062,34336.582864104,18025.2261915796,-638.290683284549,0
4986,4683,5.93179891048915,7082.54931752238,22.1379866103072,9.0561878377751,9.19334568891844,13.8980076596855,34830.7075741358,19023.8375015495,215.805077202982,0
4986,4684,5.44717117967071,8292.5448067165,22.3416267153568,8.21878349298953,8.32475820962599,12.6077633407384,33755.0328526404,17863.1827939075,-114.364511647787,0
4987,4685,5.9385397303237,8430.09630773534,22.2670778699875,8.13255297011234,8.23505460629819,12.4748293247833,34823.2476722341,19031.00341599,207.065094896002,0
4987,4686,6.18987195697319,3447.02457822915,21.9991557196876,14.4553320468471,14.8578598106561,22.2344926186437,35622.2794889162,25790.2901935906,686.307189600555,0
4987,4687,5.58944544213524,8521.91113194479,22.2779315095926,8.07888822765907,8.17949467516841,12.3921729228037,33779.8172278026,17871.6318824764,-129.387341642444,0
4988,4688,5.92369454954345,8642.93354573534,22.2670778699875,8.00859653245518,8.10663204687398,12.2838824902382,34820.4475772128,19031.8043033109,224.048524322467,0
4988,4689,5.56705702561871,9012.78930148732,22.2710821114548,7.80530414179179,7.8961764232639,11.9707683317172,33769.8172921925,17866.8392999813,-82.76058533981,0
4988,4690,6.1009573086093,3721.07207022915,21.9991557196876,13.7292340458375,14.0907004542011,21.1118976087521,35621.5878843292,25796.514763386,683.698498207236,0
4989,4691,5.88775825040093,8155.32195773534,22.2670778699875,8.30072843265934,8.40939490794561,12.7339217998776,34827.0504984571,19020.0385437781,221.654451092058,0
4989,4692,6.11157858992196,4156.70229822915,21.9991557196876,12.7526395875817,13.0612492070751,19.6026676883947,35626.4436305926,25796.4316435894,667.771017836401,0
4989,4693,5.54767735569759,9100.7984639448,22.2779315095926,7.75924163074235,7.84853997554564,11.8998357191849,33780.4562284567,17867.7889355607,-105.245663270018,0
4989,4694,5.38402332213221,4848.65182438731,22.1946256012572,11.5415337414886,11.790027502289,17.732514562707,32233.2108140596,17608.0832183935,-8.46466894928888,0
4990,4695,5.83805871831403,6194.54477847957,22.3906578345542,9.87009171055284,10.0425461731534,15.1534201179251,34831.3385974736,19033.9043202448,228.8591816972,0
4990,4696,6.15312228186439,4134.02360141953,22.1235103110101,12.8107122228455,13.1234165021204,19.6926759532658,35621.8874082664,25791.0907352718,688.993603641507,0
4990,4697,5.57791893795707,5860.75957641706,22.2643757868177,10.2169115126885,10.4038624545236,15.6882227490061,32226.4581807583,17585.4946590639,40.3513366470875,0
4991,4698,5.84952237261099,4627.72055531288,22.397612784686,11.9155731024528,12.1841438258197,18.3105131793572,34942.158760823,20079.040939381,201.458727123538,0
4991,4699,6.27842784590007,4105.72019141953,22.1235103110101,12.8692344085365,13.1850433156038,19.7830989986233,35610.900667544,25786.5687018748,716.963745571029,0
4992,4700,5.60415660703229,6236.21339508116,22.4883200954202,9.83391960113925,10.0053617124534,15.0977802838467,32883.9916613231,19225.9781719226,-20.3154190196649,0
4992,4701,6.18345334154256,3701.60916941953,22.1235103110101,13.7909354522235,14.1569715642929,21.2075900574388,35604.5438871681,25768.7657012507,670.844585171844,0
4992,4702,5.5501819362236,5497.57134731288,22.397612784686,10.6539072323358,10.8615005152393,16.362734447454,34922.6664623702,20063.9427495533,266.862099434584,0
4993,4703,6.33523775727519,3771.27740741953,22.1235103110101,13.6195082799959,13.9760165987843,20.942598042476,35611.952344856,25802.8015053541,700.427724302627,0
4993,4704,6.24252966205578,3833.60522279277,22.5028390162245,13.5097387793942,13.8635344464811,20.7738507665983,34240.3315040795,20403.2868961877,681.712367903593,0
4994,4705,6.06225752115783,4147.63566941953,22.1235103110101,12.7828195290537,13.0940477187953,19.649579747312,35604.3409373708,25791.3389698166,713.777877122469,0
4994,4706,6.26363750721074,4410.40008479277,22.5028390162245,12.3076702547615,12.597067144701,18.9163540918017,34239.0233513359,20425.3891727619,646.482026576979,0
4995,4707,6.18301602309796,6609.45389879277,22.5028390162245,9.47897115928328,9.63536348959131,14.5503830261054,34239.5451915506,20404.682838862,695.214627375958,0
4995,4708,6.79912445559023,6331.08912852653,22.0189115119499,9.71252662227281,9.87611263706814,14.9098195733448,36186.8963798323,20659.8801803662,738.041044184846,0
4995,4709,6.15774282656028,3798.94206341953,22.1235103110101,13.5529943016142,13.9058283691728,20.8397869496011,35609.7338550324,25789.1363876407,708.968712128264,0
4996,4710,6.29582617598464,3950.21663141953,22.1235103110101,13.2040154673267,13.5377811048542,20.3004253645503,35601.5734397522,25791.5383407842,708.970538628267,0
4996,4711,6.52027414745247,6895.57145652653,22.0189115119499,9.20316136200884,9.34562104711219,14.124411625878,36197.2999020848,20635.2082244728,763.552018567339,0
4996,4712,5.2784282205576,5810.34803396488,21.4698860521481,10.2219183226802,10.4042409458418,15.694604670367,36495.5448228304,19990.6258298916,-231.257043077918,0
4997,4713,6.35564100664191,5102.30264052653,22.0189115119499,11.1520833822779,11.3805335773355,17.1309377549923,36189.8534506522,20680.6936193071,780.326726175159,0
4997,4714,5.95543742287087,3824.16183341953,22.1235103110101,13.4931069477932,13.8426436756005,20.7472216456834,35600.2124170891,25805.3661380443,742.674247259642,0
4998,4715,6.40551132136444,4049.68010052654,22.0189115119499,12.9771239593443,13.2978017541651,19.949564026049,36196.4415755857,20645.5590798108,792.892443623329,0
4998,4716,6.1615580068979,4140.78558341953,22.1235103110101,12.7968357998356,13.1088054413322,19.6712358073846,35606.7124918794,25790.442321764,701.350306386939,0
4999,4717,6.37247407974571,3979.50526452654,22.0189115119499,13.1288605525448,13.4576706439841,20.1840359251559,36192.7939782714,20648.5652474193,764.527439528579,0
4999,4718,5.92099077772555,3649.67186141953,22.1235103110101,13.9225300181255,14.2959364019468,21.4110242833187,35604.8873245608,25806.3465097934,685.654615979185,0
5000,4719,6.38102159203158,3209.93221140382,22.0840860471535,15.1831686288699,15.6291684111892,23.3604105279994,36203.1095920617,20676.215701249,799.063179020094,0
5000,4720,6.20220054820238,2840.08457728949,22.2520431846019,16.5407683636828,17.0718490313273,25.4616289148382,35604.2341753157,25786.9073437312,714.741640308059,0
