frame,id,lobeDist,intensity[photon],offset[photon],UncertaintyX,UncertaintyY,UncertaintyZ,x[nm],y[nm],z[nm],Probe
1,1,5.9260130855718,2285.65311604688,28.3790542342266,20.3427912089713,21.2099703428343,31.3731625721079,24282.9363691666,19389.2435446586,602.207875403141,0
1,2,5.96852691117924,3017.64739050377,27.7035673683195,16.5637761287442,17.1532274177171,25.512919060303,21472.0297242353,18687.6261037297,514.921196070467,0
1,3,6.0855918543255,3026.74857422232,29.3280475123929,16.7267759744386,17.3424453575709,25.7696095829111,29147.8752570264,22817.4077366323,836.115333929458,0
1,4,6.30665161876249,3306.15118350335,29.5621922978655,15.7389284451507,16.2897407112989,24.239861771426,32500.0703222133,16089.0437920458,805.68037709185,0
2,5,5.91933538001995,2756.50291804687,28.3790542342266,17.756945133988,18.4352504158484,27.36351966311,24312.553575649,19390.7943423386,574.19365837976,0
2,6,6.11264559727899,2795.16721022233,29.3280475123929,17.706770895623,18.3909460599598,27.2883468283791,29139.9584302046,22802.1910828462,807.992365431852,0
3,7,7.82047921795686,7338.71559953362,29.5526224191896,9.20575085278938,9.38328867437102,14.1380845746492,33159.6770747463,18081.4138826016,-1429.67116242314,0
3,8,5.85419705665418,2623.04738404687,28.3790542342266,18.4023743042868,19.1265904051337,28.3639867966219,24302.5645954747,19391.6048934632,562.801843685372,0
3,9,6.38092108712047,2506.64863622232,29.3280475123929,19.1597822156362,19.9492405094937,29.541166920721,29140.0777853869,22826.4713885487,778.806030746228,0
4,10,8.18629885905749,8635.01177753362,29.5526224191896,8.29872898296477,8.43634462113632,12.7388838009874,33242.3761403101,18071.4373970805,-1406.95484934856,0
4,11,5.81187299342768,2524.49966640421,28.4957839085171,18.9368434756833,19.7009851673525,29.192984337532,25997.7185909838,22640.4077827338,575.005585114315,0
4,12,6.0286872559973,2488.44649804687,28.3790542342266,19.1179111653222,19.8940111570728,29.4734005154982,24314.4870654326,19409.7630537719,599.70567985279,0
5,13,8.38416825987893,8143.63374353362,29.5526224191896,8.61292793416707,8.76397840318377,13.2234688222973,33257.319039966,18054.3572096335,-1430.77945200088,0
5,14,5.73975146900229,2597.33747853929,28.4742638261366,18.5475738207782,19.2832451229765,28.5893686089946,26026.0216418127,22676.8916378946,516.30927851986,0
5,15,6.10066426998374,1836.19922222232,29.3280475123929,24.1508839054099,25.3303124628026,37.2875380123376,29138.357110483,22817.6172396035,795.076018093123,0
5,16,6.05584135354822,1856.69676604688,28.3790542342266,23.7474298113219,24.8810101025831,36.6573911060056,24299.491131614,19381.3545995991,564.269717866141,0
6,17,8.4281218956988,6138.95937953362,29.5526224191896,10.3368433468575,10.5688159515956,15.8842186335476,33192.5827968027,18096.9157612949,-1485.23483780925,0
6,18,5.95831037952977,2235.19155004688,28.3790542342266,20.6796206778224,21.5723198122936,31.8957101068848,24295.5728884913,19390.9411282428,586.26343454214,0
6,19,5.99938830506239,2319.19532040421,28.4957839085171,20.1457514034519,20.9994510538275,31.0678809564583,26014.5846984651,22654.5325394322,500.433175996073,0
6,20,6.474432110003,1989.32418251385,28.4386855452999,22.559662459327,23.5990495272513,34.8135397724798,25865.1299647521,13472.1391242943,553.638283594766,0
6,21,6.39278408721022,3068.01311915052,28.1375603367617,16.4238272727078,17.0079264097115,25.2972556588862,26117.5678833513,25313.3646344261,915.283753563378,0
7,22,8.09158255795335,4319.30341553363,29.5526224191896,13.075715303286,13.4583218334104,20.1175302231961,33158.2537028214,18101.8965185597,-1486.54784249143,0
7,23,6.00276696735653,1587.09852604688,28.3790542342266,26.7646385207703,28.1479433791363,41.3441517477522,24312.3536490422,19396.0466539847,552.961439245276,0
7,24,6.48939106242584,2574.91705715052,28.1375603367617,18.6147664474595,19.3516931240784,28.6925511900816,26126.4574405382,25343.1328398042,889.906522863951,0
8,25,8.55525387204834,5316.09004553363,29.5526224191896,11.3679784082251,11.6537096093127,17.4771744839981,33174.251763106,18095.6243214183,-1465.09376602042,0
9,26,7.81524690383417,6724.13785561075,28.3757569780395,9.68260347635051,9.87716390815949,14.8725933430237,33337.0493226431,13711.4859750545,963.172159926868,0
9,27,10.7480361031836,7958.99421285079,27.3973407009504,8.65062961911378,8.79488993036999,13.2792895429626,34761.039273622,13617.7552594896,-1206.81431630164,0
9,28,5.65612304229551,3871.02891311523,27.9882649202428,13.9533787514763,14.377637373373,21.4722521188448,24573.4374013155,23598.5967501899,705.991849450326,0
10,29,6.08232383934287,4180.52170504645,28.1137902965543,13.2494241179245,13.6324267948971,20.3834969725898,24584.1116306729,23617.1694139098,660.842910410987,0
10,30,7.6123807041991,6017.59627763431,28.1708255912244,10.3956345349107,10.623656565177,15.9731051527797,33307.1272883253,13802.7642673308,1099.81906505212,0
11,31,6.09175487563808,3597.51551104645,28.1137902965543,14.6893708321269,15.1601944448316,22.6115011362014,24581.0898911207,23610.242543629,696.210803823685,0
11,32,7.23623965698341,5128.18639763431,28.1708255912244,11.5515908515149,11.8393052829466,17.7587348855207,33296.939051802,13814.4145414197,1049.93767618603,0
12,33,5.85541690198478,2774.86643704645,28.1137902965543,17.6367852490313,18.3039726243766,27.1765540014366,24591.9936501931,23597.2521765232,708.231774052946,0
12,34,7.19967472553174,4856.27542763431,28.1708255912244,11.97919903723,12.2901507016299,18.419586549197,33304.5775144574,13804.9654605673,1116.872576564,0
12,35,7.81107337470156,2762.17380409843,28.9283473778078,17.8050053234968,18.4922114375529,27.4395275940591,27942.6016994351,24496.7084754667,1244.58332859715,0
13,36,5.89317004328328,2632.27193778074,28.0940869253277,18.3149389138746,19.029890189556,28.2276153996904,24599.2158827057,23625.8275601429,686.547864612615,0
13,37,7.30015342317676,5011.75696163431,28.1708255912244,11.7296299759162,12.0269461598826,18.0338672941522,33295.8677289169,13810.1424358235,1074.62792724816,0
14,38,7.12722938983018,4661.14709363431,28.1708255912244,12.3133300989716,12.6428531027087,18.9360862955935,33280.0140297621,13807.8107696201,1107.90993601905,0
14,39,5.88349646533582,3111.97436704645,28.1137902965543,16.2568043437018,16.8294749824954,25.0384821676401,24621.9074797283,23576.2699990258,700.907997569139,0
14,40,8.26421199274987,3144.5280856569,28.4059315822275,16.1722078287119,16.7418735962381,24.9081810657675,24807.7248557918,19161.1816418941,-1433.10718146784,0
15,41,7.70061132131982,4341.77009363431,28.1708255912244,12.9177934744373,13.2818049107271,19.8707099253505,33296.1708047575,13804.4605445344,1101.19711520604,0
15,42,8.13089312147341,3066.4238896569,28.4059315822275,16.4622113572943,17.0513797103903,25.3573981317122,24828.753074436,19161.0547856725,-1410.67178150581,0
16,43,8.96984399510179,3725.36280904643,29.6246625482122,14.4839612980955,14.9536245216465,22.2968059100168,29823.9918756643,16716.9053591973,-1232.28480251781,0
16,44,8.54641335458316,3015.27951765691,28.4059315822275,16.659555727967,17.262107891081,25.6631167288377,24834.7007290403,19178.1637811611,-1448.1757682681,0
16,45,7.57432820481173,3844.44503963431,28.1708255912244,14.0366909340983,14.4674241207989,21.6015434466968,33300.3759053735,13823.265419651,1080.7234916807,0
16,46,7.56356618966695,3150.48959438299,29.1030304659095,16.2316485384976,16.8115421611675,25.001971245121,28748.7615599973,14662.3348079053,1091.97537131934,0
17,47,8.38942616905606,3810.06570165691,28.4059315822275,14.1459138053574,14.5851524307421,21.7710499939629,24828.6093731149,19182.6471304538,-1428.47282143953,0
17,48,7.61580823951526,2427.24711902171,28.0437991348604,19.4147527048781,20.208900720454,29.9326845023666,25044.1067211323,12067.9825025473,1265.3376751348,0
18,49,8.29172302109869,3859.07355165691,28.4059315822275,14.0219513222127,14.4535627583391,21.5792266932313,24823.7881342225,19179.1360235248,-1470.51017854241,0
19,50,8.40968325417318,3300.3840616569,28.4059315822275,15.6311481296648,16.1649672324119,24.0702254440863,24821.6094318573,19177.4209512704,-1421.819583001,0
20,51,8.21215769463746,3055.45481120867,28.4613923808064,16.5107282339536,17.1036910425565,25.4326975248273,24797.4310868659,19183.7672126104,-1428.18987803455,0
20,52,7.40216230118242,2649.68807453514,27.8797484325666,18.197546318774,18.9018719812009,28.0450203233969,25029.7367999471,12068.4229932248,1230.69738851284,0
20,53,7.19093342676118,2724.31597602417,28.869061725314,17.9745373480728,18.6732000484981,27.7021497643213,28705.7325599534,14705.2696164956,1034.50274363945,0
21,54,7.98138576580294,5519.73891745422,28.484939765066,11.0216337972994,11.283129749552,16.9404174355355,24866.1571757666,19128.1970835302,-1358.31193430094,0
21,55,7.56810627728248,3880.0597461948,29.5779544614141,14.0771041778812,14.5208384736818,21.6669765199431,31889.943390858,20685.8520240392,1174.18304444937,0
22,56,7.68572080283168,6670.13332171147,28.4906842836207,9.73899616104718,9.93674675714555,14.9597818380514,24843.8077836541,19174.1726690103,-1233.88030342433,0
22,57,7.70607700186808,4556.69846619479,29.5779544614141,12.6104198200904,12.9658783608343,19.3979243795229,31882.8929009155,20683.7810093959,1186.58141769249,0
22,58,7.26074370012992,2763.2487153072,27.8464367451671,17.6534213455862,18.3190593841259,27.2015882685445,24989.6252891139,12098.0303278745,1243.20650050169,0
22,59,7.56990823785326,4394.39693730946,28.2626935373771,12.82017343968,13.1791595993869,19.7199196708923,30723.813707681,12449.5995318341,1186.91591489265,0
23,60,5.81490815180417,5635.35938049745,28.2874313151338,10.8599201272294,11.1119839446301,16.6903164587588,23910.7485265505,19303.676147482,735.270145789645,0
23,61,7.11332921963944,2734.86192819479,29.5779544614141,18.0207957822837,18.7298405338931,27.7758087815592,31897.4110581355,20693.2833741036,1239.58942782154,0
23,62,7.26236015605769,2487.90710453514,27.8797484325666,19.0444486258493,19.8096685129867,29.3579681766834,25019.4711368662,12062.5889585588,1255.28386395783,0
23,63,7.22019473891369,4582.64266719889,27.5327157879548,12.405686424601,12.7362314430106,19.0777170152992,20519.9197751856,16207.8335027992,1124.00012341265,0
23,64,7.30104836961037,4946.96319930946,28.2626935373771,11.8384064267496,12.1421990978227,18.2021329441528,30860.6406554683,12467.7296833196,1108.55018500083,0
24,65,6.23203787717238,5738.28687849745,28.2874313151338,10.7313841554536,10.9768790714465,16.4917830392163,23894.1820548328,19279.5479749251,733.418921531213,0
24,66,7.43935049038468,6656.5031241948,29.5779544614141,9.80628339444838,10.0122211297317,15.065024997462,31901.0317207208,20698.3224228379,1228.83469120765,0
24,67,7.49987163612284,2821.23067079429,23.9001204442821,16.8528248657748,17.4224893967362,25.9498530010121,27825.5246906921,5237.3704848365,1181.81131844686,0
24,68,7.34655524790312,1798.84572053514,27.8797484325666,24.212048423791,25.3762159678706,37.3769203676381,25037.3820019195,12094.1326932369,1268.92378175469,0
25,69,7.79075874896533,8024.4593677644,29.6931869250785,8.69981210251073,8.85518964051688,13.3576383684028,31860.0260050617,19220.0716897289,1027.474237696,0
25,70,5.82937713414519,5181.57058228125,28.2816770996453,11.4797545959077,11.764271220275,17.6479094230931,23803.2967359013,19607.6196386062,439.898681755118,0
25,71,7.45714906075328,3856.46984257761,27.6469440818484,13.9575639036407,14.379470315236,21.4780093878009,32701.841160412,12595.5163804547,1078.35372424747,0
25,72,6.96798481407927,3390.03373784255,27.8650073193104,15.2822052396189,15.7887006242072,23.5286488188098,21380.7730917723,15765.8935411725,1003.19182629709,0
26,73,6.04735044296365,4180.22231352118,28.2776559705476,13.2640193393688,13.6490408327076,20.4063909564844,23798.786052057,19639.9179631485,437.256163270932,0
26,74,7.39416190218958,4021.73092057761,27.6469440818484,13.5625086752456,13.960677473227,20.8668452587686,32740.9296169275,12594.040010733,1102.75164537434,0
27,75,7.30308718533568,3607.31173057761,27.6469440818484,14.6146045692206,15.0769535009453,22.4947384205163,32738.1786938324,12579.7652603726,1103.39253475382,0
27,76,7.24100602903681,1892.5609353072,27.8464367451671,23.2960715817815,24.3860224804001,35.9545488196418,25018.1356879389,12060.4970123924,1252.51510350212,0
27,77,5.65346769854978,1596.04388952117,28.2776559705476,26.6233881546196,27.9931864470286,41.1242360667205,23800.4868272301,19640.4292106663,430.029556858288,0
28,78,7.43830603853003,3278.00100457761,27.6469440818484,15.6207972586271,16.1472988593359,24.0523681862782,32745.9311175823,12581.9087943113,1094.39999813665,0
28,79,8.58532479688755,2889.662290533,29.3328770827281,17.2900444319031,17.9448766543303,26.6424703729576,32758.9840977152,20134.6841664136,-1288.79130589655,0
29,80,7.2628951199952,3396.25859857761,27.6469440818484,15.2390756616546,15.7409331149689,23.4613623470072,32757.0028786951,12584.1195595332,1081.72511086069,0
29,81,9.2469531380379,3053.447626533,29.3328770827281,16.6231826071235,17.2317794745452,25.6091135717216,32750.2228752266,20097.4305310732,-1265.12475761986,0
29,82,7.71906611015359,1356.49756253514,27.8797484325666,30.0895063727922,31.7512191126617,46.5097869125124,25012.5295248432,12051.6065139497,1223.37474562332,0
30,83,7.10554240334676,2729.71632567766,27.3835735920562,17.7441402336163,18.4113412361536,27.3408622180301,32729.8693123452,12601.3621527405,1139.81245325114,0
30,84,6.54580595344094,5120.09656249018,28.9620059960005,11.6171137959682,11.9129914667635,17.8612677852344,32640.8681265947,22424.6756868449,276.842058697371,0
31,85,7.26632076147995,3321.18050367766,27.3835735920562,15.4492347831311,15.9623055103955,23.7860956231606,32721.1890704375,12584.2158693021,1109.51445214126,0
31,86,9.47803794479223,2794.6497163361,29.2874367125899,17.7037582604291,18.3873231018321,27.2835678573875,32751.0773871163,20073.4909332434,-1281.96006293151,0
32,87,7.39063743722199,4098.78640767766,27.3835735920562,13.36501044074,13.7495606584855,20.5608257541614,32754.8111550941,12587.7516932727,1125.33294452994,0
32,88,8.84120940479246,3134.8192603361,29.2874367125899,16.3104673440856,16.8973293191749,25.1245214567275,32761.4903053444,20108.5402802195,-1274.80113964791,0
33,89,9.29254577169067,3110.4364783361,29.2874367125899,16.4009955275378,16.9940068831131,25.2647670765085,32743.6853433826,20110.7686982482,-1378.26634925326,0
34,90,8.71062839398387,2983.9852123361,29.2874367125899,16.8922034693703,17.5189122072862,26.0258343838313,32744.6627187369,20127.7503689873,-1301.56178943659,0
35,91,7.38884108722937,2992.8196444012,27.7982613913396,16.6726705756448,17.2703739626895,25.6818530798911,22057.3951253291,16237.4670674985,681.365502788552,0
35,92,9.46424974804789,2889.25303816297,27.918771945749,17.1101778065115,17.7388861953721,26.3599905907318,23261.8984954494,15943.4962454802,-1248.93354515979,0
36,93,6.88920345411301,2870.92098368055,29.563384418841,17.4003169009666,18.0650858066021,26.8139780765004,31539.5144851149,18401.7409530452,1097.63194616499,0
37,94,7.00909681188883,2411.17228568055,29.563384418841,19.7480333067601,20.5838751789832,30.4542607624592,31505.0428213664,18415.4523238739,1034.06742014246,0
37,95,5.65915716624076,2044.65578851269,27.6468074807459,21.9504052400182,22.9316377253515,33.8650346191527,21923.5778292153,21354.8124920404,478.247789454635,0
38,96,6.86927425752293,3113.33913968056,29.563384418841,16.4223865429986,17.0193101960318,25.2985833527015,31519.8857209132,18405.9941124712,1022.91061298997,0
39,97,6.95118088429083,4932.79686968055,29.563384418841,11.9522022138506,12.2700833472814,18.3801795753181,31536.7266408737,18409.8510968845,1029.89717151674,0
40,98,6.83811379893197,7368.44813825655,29.3233578544251,9.1716658420374,9.3466929572571,14.0852246112162,31525.34040596,18366.6197733947,1123.9960312712,0
41,99,6.74539832330013,7623.64300810058,29.2986595682491,8.9725740233273,9.13850032102136,13.7780063039767,31542.5176901151,18329.0881657835,1154.34784891754,0
42,100,6.72393771425082,7049.29303210058,29.2986595682491,9.43571262164264,9.62281926344714,14.4926768580068,31513.8706257988,18343.5863044373,1109.6237179807,0
43,101,6.60232277350738,7057.63375076931,29.3528522323983,9.43104672925435,9.61816952103035,14.4855403807183,31513.9848352281,18344.9283606345,1178.65245220981,0
43,102,6.30248988712646,2759.40042034191,27.600008613657,17.6372931948804,18.2992840463621,27.175899544338,21348.8592425823,20230.3318679276,552.123046927034,0
44,103,6.94046867354981,7301.88556625654,29.3233578544251,9.22530151388684,9.40278128106386,14.1679899159334,31527.9035489343,18368.526027047,1102.02539494189,0
44,104,7.69410283210868,3889.13639807203,28.7719699378626,13.9809273142928,14.4127607882984,21.5165013991141,30115.9984903568,24373.9806692024,1257.47423654148,0
44,105,6.05540233579846,2714.92992634191,27.600008613657,17.8434659971502,18.5198673166058,27.4954132294147,21351.6905596943,20233.6187268573,583.902317710652,0
45,106,6.54565764029721,7381.68739810058,29.2986595682491,9.16000158765071,9.33439451947409,14.0671975936966,31531.2340660857,18326.7417238991,1154.95011719178,0
46,107,6.74958212594329,7701.19655410058,29.2986595682491,8.91467663609205,9.07801679082224,13.688681573517,31522.7893393836,18360.7772220501,1079.06833875902,0
47,108,6.30592536351532,7100.67257985986,29.1908070726886,9.38661567652806,9.5709726873397,14.4167758590269,30360.9937665436,17411.4919934914,830.526164086491,0
47,109,7.06265945772465,7011.78112025655,29.3233578544251,9.46942163500134,9.65821076923457,14.5447322158277,31508.7909351443,18403.8982325745,1091.62923072849,0
48,110,7.10660935232785,8077.67983676931,29.3528522323983,8.64960787553957,8.80149392430061,13.2798369353143,31510.8993384906,18393.5447938034,1077.8435204766,0
48,111,6.64226679078087,7354.32399585986,29.1908070726886,9.17706043170237,9.35178218342027,14.0933963203438,30369.0104774936,17408.0219967614,804.910130708677,0
49,112,6.5694436031654,7138.51324785986,29.1908070726886,9.35452804663209,9.53739824771074,14.3672560304876,30368.1359808358,17421.3462888039,806.965910435698,0
49,113,7.28862459968187,7261.62203825655,29.3233578544251,9.25816224396612,9.43715041914157,14.2186989465742,31540.5876069385,18390.4058963632,1079.56649982265,0
50,114,6.48983133587497,5410.15334740129,28.954644945011,11.1984899582972,11.4718540154274,17.2143654224812,30431.9901315898,17404.8269269715,809.400469578981,0
51,115,6.65269003624803,5297.21548274821,28.9901169264317,11.3587456035275,11.6408410905435,17.4620408961345,30450.478577425,17445.0186281272,800.40635817515,0
51,116,8.44428986640779,4622.1237403919,28.3902227937492,12.3998348343202,12.7356397215633,19.0702115438887,28905.6057365664,25394.3239551991,-1501.51161484537,0
52,117,6.4414289201485,6165.17203874821,28.9901169264317,10.2774684037142,10.5037236568733,15.7917683991318,30440.3907154517,17419.0004122766,823.831858475097,0
53,118,6.27992278842701,7995.64428182531,28.5804607923127,8.67446764927433,8.82444392946189,13.3173549516127,27997.6915901485,24534.0991366465,759.095431917565,0
53,119,8.69264329115228,7974.1064983919,28.3902227937492,8.6815049444736,8.83103703567131,13.3280022168672,28869.0147029298,25367.1190174331,-1412.21057459257,0
53,120,6.73368778703568,3100.77651106817,28.3173694694815,16.3224763537641,16.9014139920772,25.1407182046462,29321.1863056189,14581.0735363492,955.192372933155,0
53,121,10.4012759953055,7056.35253648754,28.7430342172525,9.40357342255093,9.58677450679999,14.4424092796588,28975.9776491848,24865.2037538365,-568.012605013647,0
54,122,6.33645035407406,6476.18067182531,28.5804607923127,9.93169981124617,10.1390675670055,15.2573648510668,28023.7712825468,24538.0095781539,793.205469504191,0
54,123,6.90347312187609,3094.36694506817,28.3173694694815,16.3463585970672,16.9269018516667,25.1777118063067,29320.7736363513,14547.2742133792,938.223097146013,0
54,124,7.2560827137453,5331.52048725304,28.8292601813616,11.2997929102748,11.5778379666415,17.3706980507592,27953.8197167815,18408.3617864783,982.187203032537,0
55,125,6.91403215140219,3342.00526306817,28.3173694694815,15.4847891633886,16.0082768812141,23.8433800816687,29296.465062346,14590.6996673421,900.816157754226,0
56,126,7.69563449027159,4784.58571682779,28.5302398580293,12.1253692389657,12.4466481566358,18.646143993639,27836.9834404054,24649.5015461866,1228.19790575888,0
56,127,7.08469298871752,3086.74594906817,28.3173694694815,16.3748728038106,16.9573348429496,25.2218808063567,29281.1945262628,14582.6476076376,919.989982533101,0
57,128,6.23545981997841,3085.59353815635,27.4292023980686,16.2722688499562,16.8396272832567,25.060687119454,21699.8554345837,16271.105103887,765.609908339183,0
57,129,7.19718235947432,2609.90507506817,28.3173694694815,18.4603042548176,19.1880311088283,28.4536148304212,29304.6511992436,14536.6255959396,864.902820253151,0
58,130,5.76205158665542,4991.23924049354,27.3336819014497,11.7030049426047,11.9937979558817,17.9913188735662,21574.4766887155,15864.525713546,880.937135347502,0
58,131,6.7706373551564,3596.00909506817,28.3173694694815,14.7141602303725,15.188188442304,22.6503235357543,29300.3090974409,14544.8579440841,914.762782742283,0
59,132,6.44559425957957,7330.98727810108,27.2097352577217,9.1058019315651,9.26889021909248,13.9811199262173,21787.8984737579,15135.3879379861,-236.966460821456,0
59,133,5.8276257961837,1916.55905273963,27.7077380145582,23.0481576839587,24.1164533557228,35.5691441549236,24973.9850907466,15286.6238626409,365.979660720175,0
59,134,6.15863807330355,3082.98276862098,28.75232373478,16.4409629592533,17.0318653803097,25.3253555272134,26591.5332939985,21780.0192528047,596.693411102192,0
59,135,7.09410845848118,2785.65052906817,28.3173694694815,17.6152966284106,18.283025869787,27.1438154557798,29313.2959805076,14544.6025344355,953.924402829838,0
60,136,6.16815175431211,3228.84299932684,28.6087515103833,15.8965846056079,16.4496861115205,24.4817822373855,26578.9050543937,21818.0816121958,614.145800612636,0
60,137,6.96025768533597,5665.41635006787,26.8416207342007,10.733637044285,10.9714001671427,16.4930957494118,21090.5963054663,14757.5396477917,1220.21607553854,0
60,138,5.81482612897556,2328.67890310816,27.5376253484551,19.927105011995,20.7532453316171,30.7256470059021,24938.3329261944,15255.0720696606,393.747068876074,0
60,139,6.38566064306226,4735.34117325725,27.2300263483483,12.1132865205496,12.4256589567828,18.625195497634,21601.8471680838,15808.2839889267,918.70200671328,0
61,140,6.07316721899275,2068.04524510816,27.5376253484551,21.7451148993917,22.7090116306628,33.5460595197531,24961.3250642935,15290.5191302816,376.557897372632,0
61,141,6.73153698592863,4301.36289525726,27.2300263483483,12.9219059449661,13.2796315793034,19.8752713844872,21667.5145541657,15872.4687656559,924.122487177161,0
62,142,5.93612996616793,1598.29674310817,27.5376253484551,26.4063370950592,27.7463063358136,40.7837887530253,24930.7450020626,15278.535373727,350.040916913788,0
62,143,6.45107690945392,3019.97831925725,27.2300263483483,16.4960079905242,17.0763926602832,25.4067037838021,21688.4197250951,15851.967437592,917.535761229636,0
63,144,5.90743307700215,2158.59413110816,27.5376253484551,21.0671284489367,21.9789922332159,32.4940646812072,24952.181916781,15294.4579514621,381.867254358343,0
73,145,7.33627670922569,1999.01340336155,27.5054590068936,22.2941168059308,23.3002612234084,34.3979497271823,29367.3581958909,14178.4722903284,1038.61722081073,0
76,146,7.83045581474161,5681.75761802052,28.4086968813703,10.8087730836343,11.058865273901,16.6114933702091,32209.8186974137,20093.0683360485,1257.70431920183,0
76,147,6.2583269072716,6891.12813313988,28.7348555755012,9.5479063256869,9.73777722310561,14.6651486857426,28244.3408385989,22595.6014074741,725.326981163212,0
77,148,7.87366708052767,5222.86793402052,28.4086968813703,11.4277771933755,11.7102528130985,17.5677964826384,32187.2195216645,20079.8322255548,1232.95058714021,0
78,149,7.96787040540396,4729.68376802052,28.4086968813703,12.2107733361337,12.5360619164504,18.7779583167592,32214.6620948122,20064.6076288299,1220.94564140454,0
78,150,6.13202492743375,3180.27909425423,27.9310244032439,15.9887796386578,16.5419577619074,24.6229061944967,24257.7265517146,19880.127642004,498.201066534172,0
79,151,5.89614237919807,2945.30572625423,27.9310244032439,16.879687624558,17.4927303693016,26.0029142418566,24223.964756834,19860.8363217834,469.294856342164,0
80,152,6.08057550694506,3488.87465137341,27.747892270473,14.9672011625723,15.4525785292839,23.0407241214665,24235.6753117416,19853.6590033956,463.646428215156,0
81,153,6.6898320689072,1266.67411017282,28.7308944380105,32.038483498305,33.8883134403948,49.5447687622703,30792.8090224669,21464.0425299363,1055.05612782163,0
81,154,7.55397154214183,4762.74667964606,25.2375833291167,11.9160522220593,12.2046927228883,18.3167870202359,27955.056576464,5708.64662883544,1111.28741942086,0
82,155,5.76932402013147,2882.55948187281,27.6129060890617,17.0986124071718,17.7235148772852,26.3412414825757,23044.1403240163,20533.3125806205,416.541079039864,0
82,156,7.6289026586837,4849.17670364606,25.2375833291167,11.7750701701186,12.0563118481694,18.0989766379217,27933.7167126256,5716.01448048087,1181.1150241317,0
82,157,7.0566353183385,1793.55805617282,28.7308944380105,24.4548121088069,25.6508783002784,37.757282304663,30823.1152165947,21456.1248442453,1076.07552621642,0
83,158,5.85903115476494,3847.38638587281,27.6129060890617,13.9769587071763,14.3997799025499,21.507944771787,23008.0533150076,20549.5680400299,470.035817459308,0
83,159,7.1580875070521,1670.49879417282,28.7308944380105,25.8172348517704,27.126159548961,39.8736190055729,30809.1897018625,21458.8147698782,1047.51209727186,0
83,160,7.39180133470233,3201.05081915989,25.6831516902545,15.652367844352,16.1629279265729,24.0962956907514,31022.4046592485,7721.27933431571,1205.3363929054,0
83,161,7.53925719682468,3809.43563773071,25.038410032609,13.8227116963938,14.2158407302197,21.2636914670846,27970.8683171416,5686.28548865073,1231.46227489866,0
84,162,5.7890379233528,4037.47076587281,27.6129060890617,13.5233690538647,13.9189593567002,20.8062324059858,23026.1350230583,20549.6150586395,452.136906344038,0
84,163,7.6650415950317,3282.57425797821,25.7776118841899,15.3923680907105,15.8873290648971,23.6940741723094,31008.1056290941,7717.53478430973,1178.15614119437,0
84,164,6.95715912120902,2116.19490417282,28.7308944380105,21.5975448259924,22.5651598168163,33.3212380341812,30792.1219616618,21500.6296448981,1021.45573951767,0
85,165,5.80591237130874,4492.35171787281,27.6129060890617,12.579223928186,12.9200657741574,19.3461506540919,23066.4344571139,20575.7709760855,457.001547930264,0
85,166,8.11731809970474,3358.63003597821,25.7776118841899,15.1501181947465,15.6298673651834,23.3191251040198,31033.7484636342,7685.94112323882,1139.13783274132,0
85,167,6.82932497252543,2043.02453217282,28.7308944380105,22.1710358497362,23.1835312087536,34.2113362631946,30824.7344516951,21488.076992891,1039.24050534244,0
86,168,5.79115968009379,4197.37952587281,27.6129060890617,13.1705486988899,13.5453683591788,20.2605248043044,23057.8151233945,20557.3721111545,452.817734648643,0
86,169,8.07742715795663,2514.02103997821,25.7776118841899,18.5771836396669,19.2850751382272,28.6270290423557,31049.4208649846,7712.02727133021,1196.80365438758,0
87,170,5.69435966383974,3985.57750987281,27.6129060890617,13.6433275811083,14.0460623954771,20.9917950084,23039.6235929611,20554.7307351108,452.473269845276,0
87,171,7.80753285119009,2657.23409197821,25.7776118841899,17.8563496687267,18.5140697803842,27.5099842739586,31033.9107454582,7711.83025112162,1199.03100895775,0
88,172,7.68972850488518,3050.42021797821,25.7776118841899,16.1993138230565,16.7460055112493,24.9433385059096,31047.1277348972,7695.23649300196,1241.30899524533,0
88,173,7.46398258380776,1467.37911617144,28.5267034554025,28.4810176486321,30.0135392317514,44.0122980980211,29152.2286104053,19269.636687935,1017.57726172981,0
89,174,7.8793941448756,3431.17846715989,25.6831516902545,14.9177352456158,15.3821942668058,22.9592555352143,31038.1092772414,7695.95619617507,1193.46556830788,0
90,175,6.95881573310737,1469.85763992822,28.56456607219,28.4541312604392,29.9849444630159,43.9706772872964,30863.3480009774,20021.7046683957,1001.59139357743,0
90,176,8.05500166743726,3045.311413807,27.818423136445,16.4713754674723,17.0556950123935,25.3700880055981,23035.4445019381,20471.2585651617,-1461.98681608383,0
91,177,7.11944546479068,2065.26447192822,28.56456607219,21.961416971196,22.9553424321964,33.8853943987321,30879.7279305135,20029.0110042855,1019.41262745617,0
91,178,8.12662602653246,3176.17843844986,26.7014501541899,15.858950416906,16.3923523770918,24.4187579531893,19938.7933111157,18393.9776126475,1172.80802759121,0
92,179,6.88554492761426,1884.25480392822,28.56456607219,23.5239410045352,24.6420308923099,36.3110713617482,30883.0698535243,20028.0275360611,928.201250081096,0
93,180,6.1568061298605,1923.75111034708,27.3901985291995,22.9179239199087,23.9715244352883,35.3657666263749,25984.1566724596,16716.0991324084,636.747534727263,0
93,181,6.8431088907957,1671.63782592822,28.56456607219,25.7639456064201,27.0659455916028,39.7901451628963,30884.6145446875,20031.4683451843,1020.28104714855,0
93,182,7.80262034383192,3607.36300031995,26.6417006254423,14.5120024118367,14.9597153937102,22.3336760948776,19908.0090177594,18395.7779642398,1179.21401169631,0
94,183,6.88269970387966,1674.30297192822,28.56456607219,25.7325437238819,27.0319214457171,39.7413606779823,30879.1079875684,20035.6716625638,1015.72916493673,0
94,184,7.72410213388381,3258.31339244986,26.7014501541899,15.5787488796949,16.0940481747838,23.9849284791377,19927.7470466816,18418.3082829036,1210.43582583975,0
95,185,5.74121178526913,2867.06569642364,27.9475377596374,17.2080873515017,17.8438203072625,26.5117744359931,23360.7629188366,21811.8323067106,415.157232232528,0
96,186,5.74764615116347,3757.73105842364,27.9475377596374,14.2375147803185,14.6788647844423,21.9118251724486,23381.7005521835,21778.3314400796,407.896373078615,0
96,187,7.10470989546821,3860.1766446253,26.9862063074676,13.886116509341,14.2986048914844,21.3660658187272,29284.0450876861,8717.46249479905,1073.50060912025,0
97,188,7.44470765265042,3931.9153266253,26.9862063074676,13.7125222870467,14.1146425531066,21.0975267173725,29228.7380805572,8778.71329429348,1040.20931944352,0
98,189,7.40403738159333,2239.05688651648,27.6821535725247,20.5328364054294,21.4060044817987,31.6656720873471,28704.0823200668,16086.1948645025,1044.25349968541,0
98,190,7.35333325902975,3692.7349926253,26.9862063074676,14.3148733199649,14.7533314254008,22.0294242885171,29268.3910969934,8716.59786172281,1032.18104629444,0
99,191,7.23766215092029,1894.96671451648,27.6821535725247,23.2393966362513,24.3225505524998,35.8659317867663,28719.6239228127,16071.2018593874,1034.48223631033,0
99,192,7.31028940097036,2366.1310386253,26.9862063074676,19.6061703584326,20.4021272149811,30.2261421304399,29275.6961804178,8743.4152066564,1075.57921421266,0
100,193,7.34590357373841,1390.78138504436,27.7182721575382,29.45904434563,31.0628436318267,45.5288480246804,28694.5701235003,16069.5918143854,1030.59627740608,0
100,194,7.0354429319358,1974.97649785723,26.9941075300916,22.3929025250692,23.3998371632659,34.5493543291623,29253.6104567427,8720.01479050901,1029.11620690473,0
101,195,7.51150984585156,1951.84968304436,27.7182721575382,22.7377596370499,23.7816203886442,35.0873435391348,28727.638897352,16071.9409700628,1057.97350127119,0
102,196,7.34856535257176,2334.79371904436,27.7182721575382,19.9189369432572,20.7466025402097,30.7135668042025,28716.6134406439,16058.1873551219,1087.52772739525,0
103,197,7.08181015097962,2204.53195504436,27.7182721575382,20.7750386817598,21.6669548807055,32.0415272860344,28715.1644720809,16047.4287207718,1088.2573694045,0
103,198,6.61040474946904,1914.59196345204,27.0192713226002,22.9223955892148,23.9711852314207,35.3712804332073,20869.9034087099,20858.5158309888,841.830040407004,0
104,199,7.16714107351507,2198.18846704436,27.7182721575382,20.8191387069087,21.7143994350599,32.109943710539,28724.6666303677,16031.0158282851,1049.29042129932,0
105,200,7.19342022468894,2150.89864504436,27.7182721575382,21.1555372754404,22.0764193675544,32.6318602533212,28695.6541648692,16065.3937572642,1081.97750089437,0
106,201,7.45996906803101,2319.24336304436,27.7182721575382,20.0164283416431,20.8513445937701,30.864774211625,28736.5828940755,16038.2903653585,1054.07418277568,0
106,202,7.71747667202781,5253.95331710242,26.7793092076329,11.2745838369583,11.5394735264158,17.3284856430513,24692.8753717487,9394.27461926984,188.342734271949,0
107,203,6.43702865007214,5456.25328238515,26.8958054108551,11.0051577741059,11.2569057350947,16.9125102939757,25042.6660812991,9821.25977850533,924.675374656505,0
107,204,7.26070708915595,2300.76354904436,27.7182721575382,20.1338779806261,20.9775521290158,31.0469428825173,28719.7022013254,16055.8298144858,1036.82724812766,0
108,205,6.60346260008824,6052.45305038515,26.8958054108551,10.2841039662381,10.5000892888211,15.7990864147582,25032.8527042434,9840.40156080849,920.811984809433,0
108,206,7.17764573782568,2940.24413311052,27.2087769176501,16.8081088919849,17.4092636285918,25.8900895926574,32424.1132405019,15287.3617921205,1004.79203844316,0
109,207,6.56524696012924,5025.97537238515,26.8958054108551,11.6184131910464,11.9020053807353,17.8598669488673,25024.7068331551,9822.56371502619,920.34951066282,0
110,208,6.17387138498865,5484.32568969146,26.9074008185936,10.9688579637377,11.2188275541803,16.8564636905611,25020.316740231,9829.69300516944,916.169679727181,0
111,209,7.24599705490978,4870.42165378899,26.7790044848664,11.8550988518138,12.1505772674357,18.2253866270609,24678.2826227963,9461.65279797106,196.064358877958,0
112,210,6.25281588375096,5269.70434569146,26.9074008185936,11.2609183342968,11.5258599157119,17.3075853858058,25028.4811178941,9836.58253538844,909.343260525117,0
113,211,6.43873563682531,5398.49036769146,26.9074008185936,11.0831993986865,11.3389954177162,17.0330679186455,25035.1737834366,9844.93236163558,952.050812664086,0
113,212,5.67152409222306,1882.68713200182,27.0090379303299,23.2100113999327,24.2813802133423,35.8177009288388,22221.9850979594,17476.52815287,664.964976547738,0
114,213,7.5330353126675,5988.67451748752,26.8243841760224,10.3510398013851,10.5698896197467,15.9023205524345,24721.6857808462,9493.90533859161,157.307189068754,0
114,214,5.87028878076122,1387.05808000182,27.0090379303299,29.3073026008334,30.8854967826887,45.2895098123192,22199.8406578568,17498.8354060403,669.932196521608,0
115,215,6.46216950629706,5505.24981325518,26.9341174302144,10.9431632768841,11.1919815764676,16.8168209943639,25120.4770013412,9971.91941749288,992.773784593912,0
115,216,5.90771176817964,1910.17558000182,27.0090379303299,22.9598202622302,24.0114161868688,35.42933238479,22227.7288469418,17521.9127286068,661.00939113594,0
115,217,7.59268865707388,4136.59932885413,28.1979885616797,13.3523564766773,13.7420422423659,20.5428743134123,29658.8029031139,24493.4707698435,1270.31644488089,0
116,218,6.59124776156681,5973.45109372792,26.9042352578652,10.3728341915069,10.5931637779333,15.9360848811902,25092.6204659211,9936.82425924573,1008.78068809458,0
116,219,5.84455286031345,1914.99927400182,27.0090379303299,22.9166121397503,23.9648026665427,35.3622636037202,22211.8526180539,17521.5836631184,673.628197429534,0
116,220,7.53378340356325,4401.37387485413,28.1979885616797,12.8012118983229,13.158667380415,19.6904775781036,29667.7546189424,24448.273860262,1254.11678092422,0
116,221,7.66221506303935,2004.76711457839,25.8248432784935,21.910940354813,22.8644931120158,33.7969912930352,30868.3793490758,7445.96756433107,1172.23200801563,0
117,222,5.91578654107626,2544.14993800182,27.0090379303299,18.6075455131906,19.3316029700066,28.677952389224,22197.5098508776,17508.099293739,663.632495492306,0
117,223,6.62979585746897,5243.86727125518,26.9341174302144,11.299296846731,11.5663861565768,17.3669152492502,25119.5970433599,10018.7311209286,873.892157380458,0
118,224,6.48392757430883,5521.63175572792,26.9042352578652,10.9199418654625,11.1674148421131,16.7809099709954,25127.4787784613,10010.8681372787,912.888732113555,0
118,225,6.06291717637769,2531.38450441981,27.5012706431756,18.7498552337092,19.4895695961946,28.900069457081,23925.1714311693,17885.7712879789,613.378627805889,0
118,226,11.0695297760236,3323.07667524153,27.0339714518312,15.4040315282361,15.9111083074982,23.7152619424542,23437.777679811,17331.9637294112,-1183.6254356944,0
119,227,6.51372300936403,4794.60053394483,26.9267187509667,11.9905731430403,12.2943023146801,18.4350021344097,25137.9254754903,10037.9411384547,889.914676889554,0
119,228,6.23968633049737,3777.4898125213,27.4442230925349,14.1378385586296,14.569135835971,21.7565033227046,23970.1714895213,17853.942425295,633.051929999071,0
119,229,8.49039012548888,3701.53721890073,24.7970616991069,14.0708177983455,14.4764585869182,21.6468603623756,22183.8995967186,7698.95098971191,-1468.84840436911,0
120,230,6.39878256489999,5268.70338905987,26.8328765521337,11.2573444548192,11.5216603888659,17.3019429759496,25118.9227957685,10025.1033342033,902.18637368982,0
121,231,5.90127533492288,1226.76829356487,27.101557334442,32.3050045080827,34.1485258765722,49.9508719216876,23362.9588040258,17113.2803727234,385.149880477946,0
122,232,6.40780193631082,4932.78122180012,27.3127499804298,11.7936025945802,12.089130985678,18.131282270567,31294.714011499,14894.0907173718,818.342603153691,0
122,233,5.87158946171469,1781.44169014939,27.0423605654268,24.201517320017,25.3526251376087,37.3571891229885,23395.5886459123,17115.8904455797,463.550266693506,0
123,234,6.52797967424738,4764.17995931608,27.2839353911378,12.0682441759388,12.3784968796347,18.5556748222886,31293.7336971269,14890.3870632747,860.780622119975,0
124,235,6.50100182999204,4269.27776531608,27.2839353911378,12.9920440840967,13.3541800489477,19.9838318037284,31289.1284491884,14886.8315023684,858.931003066585,0
124,236,6.70283122416955,3753.83152249404,28.7277914544253,14.3225308536468,14.7751929733544,22.045056719961,28078.5174558409,21962.5709169867,879.861470391443,0
124,237,8.40049883490345,3087.57089391359,24.6536462467659,15.9224439057029,16.4401583039559,24.5116128359033,27979.128841604,5239.54190865451,1220.46455024791,0
125,238,6.16605136225184,4525.66472061808,28.3667599207758,12.5756563010707,12.9212963904805,19.3420132805817,27000.3462863066,23863.4646286664,654.28276321529,0
126,239,6.07242167746346,5049.92757261808,28.3667599207758,11.6839366062826,11.9799469421556,17.9635747209484,27016.8570245044,23866.7381004186,649.864360181232,0
127,240,6.95997754601045,3319.20636755066,28.1952387325528,15.5457252906719,16.0721343214357,23.9374463598592,30868.6519410378,19532.1542791829,1033.72246220815,0
128,241,6.77221431521163,3492.84596315963,28.003299008067,14.9821087829564,15.4705629849459,23.0643874299232,27551.8085989898,25217.2195967504,1012.69001260072,0
128,242,7.03620233762417,2701.6027860612,27.083166621967,17.8336268750768,18.503914602835,27.4786700985653,30079.5348896643,13233.6126957045,1039.10888900169,0
128,243,6.76210891252245,3828.71992249404,28.7277914544253,14.128486967392,14.5690913237384,21.7447547576997,28096.8619264609,21967.1596466943,881.447468544034,0
129,244,6.6038537552672,4950.68031049404,28.7277914544253,11.8650856249959,12.1731502138941,18.2441429363055,28073.0702806497,21966.9398703966,765.22028336463,0
129,245,6.72554351131448,3432.07622915963,28.003299008067,15.1662552868243,15.6664769307476,23.3494614985336,27552.3545075718,25225.6136715524,1022.50747729695,0
130,246,6.70493682961058,3227.47076966095,28.0878334608055,15.8421079206907,16.3870075440984,24.3961475742799,27549.7265859253,25240.0499669211,1012.19601800893,0
131,247,5.88152426402497,5042.31643627002,28.650250241324,11.7151687641806,12.0145586501644,18.0123068546434,24616.285365602,21704.7751999269,487.35026576064,0
131,248,7.01175758259735,6176.12705167355,28.7315391503128,10.251454111736,10.4751489491952,15.7512472491699,28036.149115485,21989.2656527977,829.89262391371,0
132,249,10.6748634516934,7343.32884367355,28.7315391503128,9.16526958794968,9.33753144458433,14.07467053812,27538.5132583161,21460.6758434067,25.4641651146762,0
132,250,6.1098991868266,6264.25283827002,28.650250241324,10.1527467559116,10.3711853389552,15.5987273886434,24602.8536446352,21703.9127522931,449.666450369002,0
132,251,7.16473308148298,3169.76726122808,27.1721033044664,15.9370400128605,16.479891510148,24.5408753555592,30974.6094754886,13715.1591161531,1057.71777948953,0
132,252,6.55515887141689,5411.0749182737,28.5955129099539,11.1745090705642,11.4446165801028,17.1767647598196,25005.1400302096,20441.8612895944,662.769316268078,0
133,253,7.19006424615049,7596.89215567355,28.7315391503128,8.96829283738042,9.13172779240574,13.7707648345425,28017.3094300725,22030.8107729497,808.078110635468,0
133,254,5.96013713798813,5893.22146797097,28.6570493627788,10.5667399930496,10.8058187538346,16.2380294037046,24638.1458753549,21700.4764121158,465.199952262933,0
133,255,7.20713014771237,2351.58946522808,27.1721033044664,19.7249979836459,20.5318783702484,30.4110165729639,30945.5677360348,13711.3617070901,1055.94504695533,0
134,256,7.38423397424385,6850.76140567355,28.7315391503128,9.58402898624884,9.77557606641442,14.7208962735328,27998.8411948123,21991.8216938104,764.636895505537,0
134,257,5.88800517070051,5269.70945997097,28.6570493627788,11.3764543492238,11.6576127368268,17.4888850231663,24639.2620829457,21692.9369431365,436.239320059701,0
135,258,7.24178042968368,7404.75935767355,28.7315391503128,9.11646942889189,9.28652968737297,13.9993751307049,28007.7642657288,22025.2420097847,817.231282625067,0
135,259,6.00803235457089,5115.59693827002,28.650250241324,11.6029427969565,11.8962366565006,17.8388667391826,24626.6716559185,21695.1729445708,414.877602050584,0
136,260,7.32571051332591,7734.70883767355,28.7315391503128,8.86596584572804,9.02487834375745,13.6129068566662,27386.8632427965,21742.9359916059,-172.89926381116,0
136,261,6.08569359825497,5702.82574985585,28.679203899023,10.7986640917137,11.0496769578199,16.5962760999266,24660.768129593,21715.7427390687,415.234093926899,0
137,262,5.89135170738371,5392.30957627002,28.650250241324,11.2037349798906,11.4756877399173,17.2220032999172,24610.8059618077,21694.9990304064,449.852111263834,0
137,263,7.17246440316781,5858.86454767355,28.7315391503128,10.6116876781438,10.8534265591763,16.3075547667045,28039.3195411184,22011.7421708346,767.21810369639,0
137,264,7.59717652316657,2915.61160436349,27.9503464649965,17.004089720469,17.6258255229659,26.1957039994034,31818.4093730948,20378.3681170677,1220.68355524163,0
137,265,6.40646649998029,5522.6113180276,28.6163933141337,11.0259988048642,11.2884409033556,16.9473590890132,24997.3709117243,20421.0162397474,680.664725530864,0
138,266,7.69874383273593,3686.87402036349,27.9503464649965,14.4259779675558,14.8790146274952,22.2034837882409,31796.5286634454,20373.8435135126,1183.31016821472,0
138,267,6.17455844430716,5537.81333227002,28.650250241324,11.0080823522382,11.2697751989065,16.9197317536097,24614.9933243759,21707.0517743736,407.412858818838,0
139,268,7.56133025410733,3330.95588636349,27.9503464649965,15.4803487668551,16.0003833624169,23.8356330555055,31797.5120906087,20390.7308621201,1187.07171355912,0
139,269,8.00030775391605,5665.34784060751,28.6683890141615,10.8450263409044,11.0983674952288,16.6678746808836,24735.1160711303,21957.1073644964,165.615127443088,0
139,270,6.34816689746427,3076.46990459289,28.2258127678887,16.4025240849196,16.9860051022879,25.2644812611501,27484.8987637003,24755.7464915787,802.283841905595,0
140,271,6.40093543185704,5576.53402205911,28.4921676641063,10.9478487154293,11.2055539990306,16.826445519801,27484.4170153333,24725.7109658043,855.284619269807,0
140,272,8.07629076934892,6064.19090882077,28.8599814897168,10.3819048747028,10.612721595448,15.9528643723632,24739.7006798327,21935.608345783,157.253081554739,0
140,273,6.07561508385118,4756.17683338549,28.738237522591,12.1891912768714,12.5153341843799,18.7451631091982,24298.1953260001,22908.1409258418,567.850969157273,0
140,274,7.59778712377913,3187.16053634955,27.8867432400701,15.9593666483307,16.5102012928933,24.5772446663014,31796.0716189388,20350.8610488538,1229.20263972799,0
141,275,6.30572776337256,7143.88215605911,28.4921676641063,9.317616193076,9.49577734376684,14.3094617717567,27483.9600050119,24740.9214207121,874.236980508411,0
141,276,7.75355604053745,6167.28205236135,28.8914808508084,10.269790553144,10.4951802357897,15.7797786483434,24724.6728269691,21919.9823472756,172.248956009338,0
141,277,6.34883264927695,5120.70713338549,28.738237522591,11.6011494599265,11.8948595871773,17.8362369218651,24270.7809766781,22892.3291670146,543.55188431141,0
141,278,7.42629338280321,4154.98297634955,27.8867432400701,13.2853231826691,13.6688256995827,20.4385774443917,31787.9393146722,20344.6022326518,1209.4135082862,0
142,279,7.77612382587041,4678.39053036135,28.8914808508084,12.3366249260931,12.6720416536538,18.9733633728428,24758.9339199701,21934.6741737948,196.21120281461,0
142,280,6.29329152590511,3225.10434005911,28.4921676641063,15.8963209407972,16.4483800252024,24.4810915837029,27481.7946498224,24754.2614276925,886.482493903224,0
142,281,7.65900311792743,3686.66616434954,27.8867432400701,14.4202801103921,14.872457785963,22.1945267102085,31827.3914364284,20371.1101112597,1204.34354507639,0
142,282,6.24147932393614,4431.68980138549,28.738237522591,12.7848022465868,13.1449221866491,19.6660973847198,24296.1349967186,22909.091535526,520.011993685146,0
143,283,6.2173770702045,4985.64376682077,28.8599814897168,11.8185154636437,12.124808216721,18.1723799470986,24667.4535969936,21779.594077212,385.382216427746,0
143,284,6.03969234357904,5088.90158938549,28.738237522591,11.6494598622347,11.9457916187745,17.9108977468428,24275.0830446299,22876.9723102495,548.604298932451,0
143,285,7.24559721425466,3087.49288634955,27.8867432400701,16.320421961966,16.8952567220263,25.1364438699429,31804.0212705963,20384.633668542,1195.84664392175,0
143,286,7.49482483541378,3554.04260839729,27.4336803167908,14.7438790446625,15.2125607870442,22.6943350041371,27889.248692107,16599.2708514077,1165.93195893496,0
144,287,7.83674434597028,4560.88182036135,28.8914808508084,12.5503063058024,12.8979063280262,19.3037560054261,24736.6437613929,21928.1518850164,184.103974110243,0
144,288,6.24224820108035,4470.78595138549,28.738237522591,12.7089425773431,13.0646737636688,19.5487862979704,24279.1521716473,22904.7016462006,536.598467898245,0
144,289,7.8189143866055,3423.86894839729,27.4336803167908,15.1304825646936,15.6235763913981,23.2927487700041,27885.8256656444,16585.210819387,1201.77792401989,0
145,290,5.91538531750135,3441.73129682077,28.8599814897168,15.2270971144568,15.7383945542478,23.4456294080618,24640.6856574014,21741.528656879,447.271028739726,0
145,291,8.65654845412966,5204.57259191879,27.2911869348624,11.3796982378393,11.653099512986,17.4917090720869,33411.1302552677,17383.2663359916,-1385.2087351169,0
145,292,6.06653940530321,2026.48539808168,27.3414737673509,22.0369430758926,23.0208675018289,33.9982199937176,24520.3985344985,17337.9252461156,523.582096682942,0
146,293,8.6420111316603,5299.08615791879,27.2911869348624,11.2451261142449,11.5115009346656,17.283811561432,33381.2942586633,17365.9618426089,-1332.3028432303,0
146,294,5.93996054862878,1674.76152482077,28.8599814897168,25.7976473194065,27.1068401718594,39.8437166180483,24640.1323927907,21710.7231886529,492.920743438522,0
146,295,7.37205897196919,2402.21781704206,27.2298869915279,19.4313007769394,20.2173297355516,29.9557718401626,28428.3811687338,15571.5406379429,1181.38515921566,0
146,296,6.82131029689784,3273.61264015089,28.1322982080638,15.6900851851282,16.2253861194709,24.160835706959,28446.2088096671,18464.8868244116,942.638049599265,0
147,297,8.48073394153635,6507.54264791879,27.2911869348624,9.83347215728177,10.0299988651203,15.1040349082781,33375.5371012802,17387.0474954235,-1338.7145788986,0
147,298,6.17686405475006,2254.24355882077,28.8599814897168,20.6326856463494,21.527519623507,31.8244673804567,24644.433875955,21733.768782932,481.197550555395,0
148,299,5.92769016558543,1806.32282282077,28.8599814897168,24.3517852788294,25.5412182233885,37.5977713663259,24643.6376120085,21716.6109643021,501.536439212607,0
148,300,5.99705016769073,6603.37242594808,28.0035728422571,9.77778278984546,9.9750940105176,15.019021641232,29086.7888956549,17968.1818471761,732.745482978101,0
148,301,8.71859156884902,5042.19691991879,27.2911869348624,11.6213085968738,11.9074786532819,17.8650096117259,33386.1384953914,17378.5506210958,-1354.69535099674,0
148,302,6.80676591636273,2997.22159279713,26.229460489891,16.457874148252,17.0259790361526,25.344958317862,23611.0253244083,11193.6676394812,960.980347881422,0
149,303,8.78321621385791,5868.39217991879,27.2911869348624,10.5162933515476,10.7457063512155,16.1581530410209,33409.9242556988,17359.6537444986,-1386.58275043727,0
149,304,6.0208744380475,2924.53250748047,28.8672739970698,17.0836909961684,17.7197214982276,26.3214703522045,24641.5685187393,21727.9898308403,473.395215920987,0
149,305,6.29220573968146,5310.04975794808,28.0035728422571,11.2765190388926,11.5486521390134,17.3334467014919,29063.8597995643,17941.7833551831,766.637894862572,0
149,306,6.31511636431398,3446.6845772237,27.2704071864876,15.0433398732152,15.5295051735047,23.1574700841281,21587.9097653047,18198.8841630906,820.062524441822,0
149,307,7.20282503684788,4217.90969417442,27.2605603773009,13.0969957531503,13.4650245571416,20.1460820939395,28099.3822545584,15933.0543159901,1101.48019973249,0
150,308,5.88112041128822,1905.85610695245,28.9917669337023,23.4107277795624,24.5254484148467,36.1368744069033,24642.8007659811,21705.3226111377,496.638740613755,0
150,309,8.89900703604763,4626.36247060937,27.7216413456552,12.3412940239599,12.6694777997293,18.9785150742643,33404.2534163279,17356.6146602579,-1378.08780573695,0
150,310,8.86664675048295,4671.49707013116,27.6064976930021,12.2523987944628,12.5748817745236,18.8408913171774,22536.6694228068,18415.0887738028,-662.429157748014,0
150,311,6.35600357778866,4513.00826941223,28.2385470776746,12.5894629760557,12.9350476595758,19.3631287818949,29056.0417492442,17936.6992707571,870.388739201726,0
151,312,5.88732242672894,5061.01452895245,28.9917669337023,11.7095249077274,12.0106173817782,18.0041387158075,24622.9080965853,21697.7886000314,497.466666363332,0
151,313,8.82183148042242,4408.72356460937,27.7216413456552,12.7484442680236,13.0996423706854,19.6079931599567,33363.2095263374,17394.490608155,-1313.27589930044,0
151,314,5.78247513690477,6526.60016959064,28.6420379270989,9.88500016649462,10.0904139675057,15.1853529659671,23676.7897272504,20710.3764901779,559.560213583386,0
151,315,6.40864966598681,4274.15593420344,27.0733606254614,12.9642804272102,13.3233286375181,19.9404890722941,21828.8831646904,17279.3890380268,757.551644697652,0
151,316,5.87326541733212,5343.32153114345,27.988135622597,11.2289952958179,11.4985451497173,17.2600002322118,22833.9054082167,19280.8410573838,391.722931050761,0
152,317,5.90408940903047,4542.30222895245,28.9917669337023,12.5926980250486,12.9433798662564,19.3694850001498,24628.05719288,21695.0447300069,491.315474501097,0
152,318,5.6551003263827,5690.25092359064,28.6420379270989,10.8121514223017,11.063660287189,16.6170549212665,23667.4638228106,20733.9520793812,508.889846783636,0
152,319,7.07068812628194,3624.34167506661,25.954122591461,14.3946391802157,14.8294255161118,22.1504928315858,23635.838843613,11145.5772901587,945.214221999973,0
153,320,8.88301857205034,5227.58416660937,27.7216413456552,11.375326057921,11.6510306010916,17.4856532522379,33402.5934125185,17376.019988605,-1360.98092275078,0
153,321,5.7964012835155,3483.64522614945,28.6817217819966,15.0803871685346,15.5807349064618,23.2180765825432,23623.3723656975,20818.3800286655,538.003648735632,0
153,322,7.13892409985106,2925.93140901228,26.0549824190685,16.7162556146778,17.2997387577728,25.7446422413075,31251.4600024612,8575.73254843705,985.520248071668,0
154,323,8.91063398547898,5538.85559860937,27.7216413456552,10.9490342172639,11.2025723996729,16.8271094851208,33402.5512210903,17355.8720231225,-1359.38985711358,0
154,324,5.58492593073639,2355.23122014945,28.6817217819966,19.9495348624277,20.7906420587542,30.7641042170446,23584.8230204198,20776.0614351514,512.685515476006,0
154,325,7.01864105614684,4010.75596101228,26.0549824190685,13.4432195952431,13.8223697494711,20.6790348587415,31268.9650253508,8573.63167101334,971.141604532353,0
154,326,6.54116495963849,4255.80258406218,25.9871559899852,12.9093301692047,13.2574302772774,19.8533709124794,23710.6575359409,11103.0333305322,923.838804250137,0
155,327,8.78906337078638,5208.06913060937,27.7216413456552,11.403552938236,11.6807472034765,17.529264691004,33427.5203331731,17360.1158419577,-1355.24503471515,0
155,328,5.74239825144817,1940.85608214945,28.6817217819966,23.029581221306,24.10955597501,35.5439438099792,23599.576095224,20784.0864180416,503.441370733955,0
155,329,6.99579004914185,4468.25800701228,26.0549824190685,12.4995001399485,12.8252227797168,19.2199665293644,31274.193462429,8582.33326278377,1005.28367880541,0
155,330,7.22399164382259,4368.88655306661,25.954122591461,12.680998106484,13.0160672442384,19.5003216754546,23687.4710767604,11120.3385814443,939.008359453138,0
156,331,5.76864748957774,2636.21690214945,28.6817217819966,18.379184574888,19.1048997426064,28.3289087562846,23582.3673385062,20778.5207310866,533.395857876974,0
156,332,6.8383683892976,3541.31582301228,26.0549824190685,14.6362579357081,15.0866367185245,22.5245811600262,31269.4071992953,8602.60124722016,1007.64427777609,0
156,333,6.84837438007135,4079.11249706661,25.954122591461,13.2811053996369,13.6501238194238,20.4281303102313,23639.0606884572,11163.8069617043,952.172763155888,0
157,334,5.99675529268906,2337.30205614945,28.6817217819966,20.0616022462212,20.9111211971877,30.9379402263906,23596.7115973026,20776.9206676986,481.879407985139,0
157,335,6.83228573800933,3241.01333901228,26.0549824190685,15.5615500914392,16.0698091845379,23.9566669654002,31284.5027056043,8574.34059748406,1009.45086450439,0
157,336,7.62375223650079,2173.17613002011,27.338326869086,20.9269603925337,21.8256637361185,32.2759105898609,28054.6664955973,15966.470934419,1051.45995340342,0
157,337,6.76521745725958,2714.00709506661,25.954122591461,17.6152563713695,18.2583605241408,27.1369692056537,23612.2205151641,11186.4425778622,1017.08067300994,0
158,338,7.06557164416986,4789.41911301228,26.0549824190685,11.9339897819774,12.2290124988657,18.3460010223938,31271.6837014771,8567.54159999854,1046.76286360887,0
158,339,5.78242286892951,2428.79806014945,28.6817217819966,19.5058407512594,20.313869397783,30.0759202870487,23612.4891668584,20797.8016815313,496.740292134852,0
158,340,6.98634509479415,2990.89594106661,25.954122591461,16.447147443034,17.0118103807048,25.3275932680956,23616.3074513442,11150.0233005257,939.57502973432,0
159,341,7.98260238661084,5319.21855083733,26.3825742763733,11.1568424060202,11.4133281194348,17.1459663436074,30029.6032257514,8651.37653602177,1243.25334127149,0
159,342,5.7607828259802,2308.58015214945,28.6817217819966,20.2445058739269,21.1078019045283,31.2216690891778,23583.2254381772,20779.451495574,485.948272843335,0
159,343,6.73665452811737,3499.58641106661,25.954122591461,14.7454041911326,15.2016184681265,22.6932349492126,23611.3630758269,11135.4765478145,989.255999857408,0
159,344,7.770673345814,4930.15343424555,25.9847669918685,11.7017972496927,11.9840632966654,17.9871175780153,31257.8433068469,8460.8777445371,1146.76779766144,0
160,345,5.73908401932901,2641.37409574278,28.9359517373967,18.3893276654912,19.118407794075,28.345360105735,23606.2431903547,20793.6651763546,537.81272598299,0
160,346,6.72523371311039,2870.85469412814,25.6847300147851,16.8920380085444,17.4834220632845,26.0158502483877,23623.1737551839,11130.5077264342,926.644985672247,0
160,347,7.62891245257821,3271.61142159647,26.0957027286244,15.4649416627841,15.9674295659334,23.8072199110113,30028.0697626236,8638.80738642113,1156.1424764733,0
161,348,5.91070873844192,4062.88808374278,28.9359517373967,13.5817923543906,13.9904793715516,20.8992565514515,23603.7516804614,20790.079041864,545.875248648787,0
161,349,6.54822283475812,4222.26557445326,28.9605642382716,13.2311095605838,13.6189392291674,20.3567970486259,25441.0385868398,20440.5800700508,793.891974840685,0
161,350,6.60211774608835,3654.98029412814,25.6847300147851,14.2842413525303,14.7100928728998,21.9790695546602,23602.2211713667,11134.7552640929,997.065758231615,0
162,351,6.28185491254428,4049.97820245326,28.9605642382716,13.6136084106143,14.024396729269,20.9485293061282,25441.1563493489,20459.7721114517,803.674165652004,0
162,352,5.87870583652726,4144.42833574278,28.9359517373967,13.3982730149668,13.7959114348637,20.6153398750445,23607.6540371807,20795.8819320728,496.811160601785,0
162,353,7.01913956084245,3549.18941612814,25.6847300147851,14.5747794046809,15.0182102627761,22.4285754175118,23595.0763079155,11184.0883900055,959.621152795264,0
162,354,7.69678920886095,2982.30540156568,26.3092422838476,16.5259007162575,17.0992956931305,25.4505288336581,28969.4057218298,10215.3828938654,1137.44782666095,0
163,355,5.68867742163875,3870.84338974278,28.9359517373967,14.041490452306,14.4782762340529,21.6105563440143,23604.8979970987,20779.764205802,513.507470607741,0
163,356,6.41052595090936,3789.34933657641,29.0126109344279,14.2564730684581,14.7071835543228,21.9434189131328,25434.7565438606,20477.9466425771,842.207998944567,0
164,357,6.50995741517101,3775.25269657641,29.0126109344279,14.2932660484027,14.7462749103995,22.0003629817882,25421.1513729894,20469.8183538053,803.913458629274,0
164,358,5.59314524836144,3817.03387174278,28.9359517373967,14.1777769662887,14.6230071854127,21.8214664213144,23618.6891123758,20801.9910973067,485.20149371804,0
164,359,7.58014219549496,3044.98620204025,26.3247010699828,16.2880886221598,16.8459429043519,25.0822812506963,28971.0388568804,10217.827754373,1127.16349028841,0
165,360,5.89105285566771,4055.15695774278,28.9359517373967,13.5995376843493,14.0092982077476,20.9267111798604,23596.6050338828,20779.2412253399,503.679361254873,0
165,361,6.43556256760819,3650.78377057641,29.0126109344279,14.6292919207193,15.1034615212108,22.520473047874,25434.8859192213,20478.6209231872,829.472186623837,0
165,362,7.56402697318744,2842.28611956568,26.3092422838476,17.0962364927071,17.7077981246844,26.3339301664555,28973.8159612204,10217.7126263518,1118.13683909936,0
166,363,6.10061932805894,3033.52714657641,29.0126109344279,16.662098060201,17.270441898247,25.6686031989051,25430.0709802166,20477.4412929298,819.13436855358,0
166,364,7.40633917755828,2535.44191356568,26.3092422838476,18.5465695502325,19.2584154267939,28.5812646109497,28963.2316540267,10209.0110820328,1091.07788238607,0
167,365,6.33960174353383,2928.76669845326,28.9605642382716,17.0778242224482,17.7143321497187,26.3126229169679,25441.6755725814,20461.8538338868,803.600640465246,0
168,366,6.59459711132313,2908.98735045326,28.9605642382716,17.1606355003347,17.8028951517385,26.4409485672012,25434.0215233538,20440.5129697131,851.140206455039,0
169,367,6.14307424273918,3214.09150245326,28.9605642382716,15.9878837556785,16.5501479461918,24.6240377037331,25428.5345328545,20447.6896325809,831.413829648429,0
170,368,6.53848221089466,3623.31239931642,29.1953558661295,14.7243316853132,15.2059778148941,22.6679889951233,25432.0391082798,20460.7840818958,793.542374001136,0
170,369,7.09353502881325,2909.321748293,29.2598250503954,17.1971261598534,17.8447669453345,26.4982794222946,24209.5025680148,24532.8809076855,1072.86524861453,0
171,370,6.40204375147759,3313.40981554463,29.254608713316,15.6811343534261,16.2255096872487,24.149635982628,25439.475704653,20470.1525521563,794.088895956178,0
171,371,5.6106838811504,3086.53396620777,29.2425944592149,16.4857121631571,17.0840924839328,25.3959032662594,22744.8032019059,21844.7078024179,644.590293126452,0
172,372,5.96688146256656,3464.43404820777,29.2425944592149,15.197094670967,15.7095804007539,23.4000384791785,22717.9259120598,21823.5846703824,615.637375760608,0
172,373,6.34088690481806,3210.32489931642,29.1953558661295,16.027721460035,16.5947014500731,24.686307528778,25446.5923420478,20455.9147750512,804.361760048883,0
173,374,6.12718850754033,4305.01228620777,29.2425944592149,13.080182011713,13.4609767907175,20.123867192277,22735.4078721941,21816.2330575831,604.036839084046,0
173,375,6.17338179085469,3787.86864531642,29.1953558661295,14.2775018758764,14.7309073883566,21.9763454601173,25431.5680505413,20469.3343475337,819.36571358234,0
174,376,5.9669964779375,3842.88478020777,29.2425944592149,14.1402332742847,14.5854236060339,21.7639955079757,22717.0870387132,21817.7198153627,580.422367206995,0
174,377,8.70724001703857,4683.32387677493,28.4164622178641,12.2924864552301,12.6224070261905,18.9042952623879,21159.2522851127,24276.4772350356,-1253.01950918711,0
174,378,6.47102882817375,3415.25480331642,29.1953558661295,15.3450286345061,15.8667773761969,23.62900008654,25453.4155412276,20467.409791634,823.482630442628,0
175,379,6.48015192986846,3834.62984331642,29.1953558661295,14.156887634056,14.6027629383373,21.789673376654,25441.738586378,20460.3019303552,815.987093110918,0
175,380,11.0842333234852,7221.68337669484,27.5560686970975,9.20969297626438,9.37889720483903,14.1418125265973,34269.1236510808,16308.0524283179,-1036.3363106947,0
175,381,8.95287476973245,4497.99711277493,28.4164622178641,12.6317419915898,12.9809154785917,19.4288250752087,21153.0671428851,24274.2748573285,-1306.91017764566,0
176,382,6.49439638717702,3878.92412931642,29.1953558661295,14.0450682283386,14.4839982705935,21.6166227282356,25426.9646791681,20461.2599436271,865.324948902352,0
176,383,11.3044963849957,9750.9277327906,27.5539232051818,7.62251775762085,7.72620591244528,11.6945786676728,34238.6939336844,16337.4115819629,-1041.37224218524,0
176,384,7.84028056838498,4630.77258907463,28.6717077119943,12.4054959609527,12.7434253229088,19.0794614562652,30979.3507517524,19365.3794088207,1105.58924242833,0
177,385,6.46651284160342,5495.50499357805,27.6143279795177,10.9990647070914,11.2545715582542,16.9042229089901,31306.8166367533,14663.6116606008,886.087483332548,0
177,386,11.0704143089974,10222.5704707906,27.5539232051818,7.40277491232233,7.49827713293535,11.3560050071347,34197.3157202553,16336.9839440957,-1017.57440803695,0
177,387,7.8811361094799,4602.25473435498,28.6780340278745,12.4577750745564,12.798716090242,19.1603035855796,30957.1839776589,19342.3774752388,1091.667294563,0
178,388,6.55439266667527,6452.84305757805,27.6143279795177,9.90434616777326,10.10577930808,15.2138609281726,31314.306125506,14648.9015131858,888.042221674977,0
178,389,7.36051236798065,3944.77800906764,29.5082915003314,13.911038029084,14.3439617994918,21.409837513984,26973.5349470877,22510.5338164247,1181.88382348791,0
178,390,7.48450001876238,5191.27402635498,28.6780340278745,11.4918541114125,11.7793153456459,17.6672397775921,30960.8059489427,19354.2485665858,1196.50265153592,0
179,391,6.46717868372412,4677.34922357805,27.6143279795177,12.2427083714333,12.5647041125098,18.8259260259431,31302.3372859748,14658.0239257526,855.43012753424,0
179,392,6.49334899866821,3402.10528131642,29.1953558661295,15.3865761953231,15.9110445617469,23.6933369552453,25446.7470240978,20474.4371213453,815.357874196089,0
179,393,8.95752189800073,4153.53249877493,28.4164622178641,13.33392645629,13.724069581005,20.5147935865345,21178.0172705824,24254.5550940223,-1312.25869925763,0
179,394,7.19451780363045,3807.84236706764,29.5082915003314,14.2548000109672,14.7091294162952,21.9418551511779,26962.0160933368,22513.4344559838,1217.5772832079,0
179,395,6.50272410169724,4309.23136253982,27.4025921587325,12.9203198813295,13.2791651813407,19.8731525865648,21008.7698460758,17506.8400874633,1109.11320388377,0
180,396,6.37133454952775,3245.63603337478,29.2376620179849,15.9092035469289,16.4686140049601,24.5028330313709,25450.8911079349,20477.0179401662,826.953843070797,0
180,397,7.63019981823371,3649.56220509719,29.3872967365704,14.669372031982,15.1490091780627,22.5833208834872,26974.736984839,22502.7738006975,1181.18220426651,0
180,398,6.70687686539594,3525.87691019989,27.6988809646681,14.8529069564956,15.3306434336006,22.8636943072732,21022.0671001696,17508.3131336968,1048.7258150462,0
180,399,8.5340289702833,3729.0076229368,28.647789642889,14.380714114129,14.836393629654,22.1349362751012,21159.7930516354,24272.764658111,-1213.45401996615,0
180,400,7.45000257218869,3125.7423277119,24.8382456705779,15.8100543699827,16.3224694026932,24.3381430298783,26050.0273936118,7336.13986296707,1110.79617488726,0
181,401,8.74626757307386,3772.60467257568,28.6995003811196,14.2705479905252,14.7197534855349,21.9645457688167,21164.9032292336,24234.3202194154,-1257.26573070794,0
181,402,7.4399744867632,3379.65560109719,29.3872967365704,15.4786587035887,16.01076659565,23.8363717516682,26961.8182419377,22520.7772223778,1138.15622833091,0
181,403,6.93117609129805,3308.87675819989,27.6988809646681,15.5245325510459,16.0452405573101,23.9034410370424,21037.9556597082,17527.2643173053,1111.98031221695,0
182,404,9.01310258838079,4235.78942657568,28.6995003811196,13.1805599978847,13.5635916183923,20.2781099121864,21175.4276511982,24259.3740119409,-1262.42814931743,0
183,405,9.04610158012248,4943.77114457568,28.6995003811196,11.8742005154612,12.1825968462239,18.2581845129582,21155.1756254389,24243.9935012502,-1227.26111639645,0
183,406,7.90168008166091,3328.52563409087,28.3514697875612,15.5324146271739,16.0593020293204,23.9172063788629,19819.7943675615,21560.9364689526,1264.10464092519,0
184,407,8.67539612025895,4618.42509857568,28.6995003811196,12.4299548499013,12.7694509643514,19.1173270988794,21181.542250175,24242.7313502677,-1251.31446682419,0
185,408,8.92399732116209,4652.36716457568,28.6995003811196,12.3687351714696,12.7047571977229,19.0226741655148,21165.5832273209,24233.1838858002,-1336.60486291764,0
186,409,8.61872345628012,4570.80488657568,28.6995003811196,12.5172158045477,12.8616841179211,19.2522485218492,21174.5822406705,24252.8519817157,-1286.15112627856,0
186,410,8.01761429954957,4190.26560874472,26.6236434464616,13.1005000746783,13.4641281203935,20.1502323765364,32564.3921058611,12580.9284267118,1270.29487982438,0
187,411,6.80722681288257,4146.69494626503,28.3722004171376,13.3451309347469,13.7356262399144,20.5320388447827,30369.8864856669,17420.1164183069,955.568647794515,0
187,412,9.09050564854472,5457.2556869368,28.647789642889,11.1151074828911,11.3823826444664,17.0850708973512,21194.3485279997,24229.4351416957,-1285.16736392871,0
188,413,6.98532327680124,3805.57828426503,28.3722004171376,14.1542255755411,14.5937193855928,21.783841296399,30364.7594315518,17408.5173730011,971.627923845849,0
188,414,8.70475624225303,5774.81212457568,28.6995003811196,10.7110739358738,10.9577063536729,16.4610130565834,21170.87749692,24238.3576483249,-1254.85335339288,0
189,415,6.86613109282074,4418.19266942729,28.3369133873059,12.7793128598244,13.1364399441115,19.6568711021705,30352.1222225227,17398.7491140112,987.24065772029,0
189,416,8.25745588071915,6930.54480566834,28.7678330872793,9.51441664804312,9.70287068548151,14.6135024530977,21180.9697564586,24243.523227159,-1255.69194943309,0
190,417,6.81848024586918,4256.03682276215,28.1539715352905,13.0924412586984,13.4665082625282,20.1407757063262,30358.8617479501,17400.3556406468,997.357103673889,0
190,418,8.79609197543366,5528.32615960635,28.7115618914586,11.0243518917843,11.2872268522066,16.9449580200738,21165.2052848148,24237.716898055,-1220.52921945914,0
191,419,6.8414145446209,5088.31125876215,28.1539715352905,11.6105987246632,11.9013838136236,17.8498918024099,30356.8709816979,17414.5532752084,976.332656948575,0
191,420,6.44567988454206,3611.56249232417,28.8196477183966,14.7203410010252,15.1987714290486,22.6609956188354,21493.6009748856,19694.4916403358,832.524505602617,0
191,421,9.21179690612901,5631.52122727079,28.6606217405563,10.8874592027983,11.1429488023448,16.7334098074189,21182.1605465343,24259.2697106228,-1270.64926418664,0
192,422,6.88374814162207,5323.04234076215,28.1539715352905,11.2680707019466,11.5406185281468,17.320631253044,30359.3016229545,17417.7345994771,1016.42113432227,0
192,423,6.18268792232585,3568.72192232417,28.8196477183966,14.8429987503281,15.3292423559834,22.850873121767,21480.3405847237,19716.0339266446,788.924487634461,0
192,424,8.75600761842758,6104.77379878918,28.773693024669,10.3319215197769,10.5598154016846,15.8755594329815,21224.5508872616,24229.6253908713,-1257.2026954128,0
193,425,6.82375993501115,5851.88660076215,28.1539715352905,10.5863765864398,10.8238345254586,16.2676348715723,30368.4402493559,17410.6730333594,967.359828838954,0
193,426,6.42465587341131,3205.42507832417,28.8196477183966,16.0023290802478,16.5643231444057,24.6460716069568,21477.4101996055,19680.6967040095,815.726807175642,0
194,427,6.74747805343434,5832.85485035882,28.1261498883805,10.6073750212357,10.8457432109732,16.3000235810735,30349.7444719755,17398.6995676006,987.090980995,0
194,428,6.28673329332294,2608.01951041534,28.7666999549178,18.534825336636,19.2726542086986,28.5704522103606,21481.1858157522,19673.4071089653,860.305177029401,0
194,429,9.87453409765123,5288.72532434228,27.7136593499011,11.2875625589421,11.5586063438818,17.3500478083311,33893.2549795269,17114.5972766588,-1104.07484742005,0
195,430,6.70843224334589,4779.74902476215,28.1539715352905,12.1061019307926,12.4239590825631,18.6157123191571,30336.4186533662,17413.4515889568,977.136382316451,0
195,431,7.22527863128437,4856.48288450565,28.8912621075934,12.0304568839052,12.3486679717423,18.500037234034,27154.9202266296,25635.0500127801,1215.29069060016,0
196,432,6.77290425226365,4601.16093035882,28.1261498883805,12.4177065701739,12.752813744835,19.0973714159783,30350.5576439984,17411.7245406709,971.236180056799,0
196,433,6.3767380235766,2578.38891032417,28.8196477183966,18.6965173091972,19.4466248871447,28.8213025218,21485.855844713,19711.9817304076,822.626308858196,0
196,434,7.54836901800381,3964.03341650565,28.8912621075934,13.8093949323161,14.2315934864433,21.2513201696883,27176.8616534006,25618.4280504332,1257.20726630971,0
196,435,6.49052000842183,2911.73737113891,27.2668086042772,16.9319868679528,17.542103006091,26.0821510320989,31800.6387517442,13892.3492747109,997.028814763871,0
196,436,7.39154310838494,5359.11869270314,27.7692792405382,11.1929257646922,11.4593414708932,17.2039319742164,33660.8901196128,16714.9882628041,1041.5702040794,0
197,437,7.72336588805732,8046.46690070314,27.7692792405382,8.60640071576606,8.75027874930185,13.2114936253375,33586.0111456054,16740.4063199906,1160.66149287674,0
197,438,6.51122844069131,3317.47697041534,28.7666999549178,15.6142829412324,16.1500954299221,24.0449626053762,21468.1190206441,19667.1875326275,840.680839864216,0
197,439,6.74677068650519,5086.72410035882,28.1261498883805,11.6111083092836,11.9017556739258,17.8506337099672,30370.5705022078,17408.7695542783,985.335628812792,0
197,440,7.18674582207088,4143.91975850565,28.8912621075934,13.3955918765906,13.7927564124875,20.6111058805585,27173.0989263545,25639.3637924666,1263.80483975971,0
198,441,7.75431660842234,8001.95235470314,27.7692792405382,8.63668181942508,8.78184172172299,13.2581922356539,33632.2805228777,16772.120744604,1108.86952874114,0
198,442,6.44577448095908,2747.63669432417,28.8196477183966,17.8579520801859,18.5478292337748,27.5212974733402,21495.9769354115,19677.6340246929,772.569869232546,0
198,443,7.47091032970598,3829.74089450565,28.8912621075934,14.1411218269146,14.5837400699047,21.764646921933,27184.0345317814,25633.6014449014,1183.03298808711,0
198,444,7.84007208354622,2723.7089708137,27.6511746424069,17.8093917608936,18.4839362525635,27.4427517121415,28862.1514064421,16681.4928551689,1128.13233292995,0
199,445,7.68558622645824,8757.37807670314,27.7692792405382,8.15919080844187,8.28459585683026,12.5219458952471,33653.1973713689,16764.6356541378,1066.80616893567,0
199,446,6.72718792197252,2649.90733232417,28.8196477183966,18.3300883609823,19.053700578926,28.2531885937442,21473.6146862925,19712.4025032128,772.043676097379,0
200,447,8.77684371642783,6804.89394264109,27.6055838871584,9.57011318560574,9.75588636083176,14.6980021900341,33519.1648286557,16542.8016663339,-1525.01967102499,0
200,448,7.23061100553836,3911.39883406102,29.0669978135379,13.9529130141458,14.3852034498136,21.4737519249804,27162.7377651459,25605.5698495095,1223.97030901829,0
201,449,7.91502194472466,6630.51410064109,27.6055838871584,9.73156008968957,9.92482338534655,14.9471606689287,33608.2644555741,16699.2329540242,1162.19643504751,0
201,450,7.14758279873422,3207.24964006102,29.0669978135379,16.0240198751838,16.589632294801,24.6802656279564,27176.7634981044,25606.0108109675,1216.51208979834,0
202,451,7.4292167106748,7132.92716064109,27.6055838871584,9.28519625904021,9.458000256044,14.2583626686144,33612.860631185,16710.2998640243,1166.51917363384,0
202,452,7.31850331218119,2945.93317606102,29.0669978135379,17.0200872136712,17.6535954164865,26.223431151919,27167.0640746536,25627.2991884374,1202.14465094456,0
203,453,8.10236340097828,6970.55148864109,27.6055838871584,9.42330286916932,9.60235330075312,14.4714563410789,33598.8998320058,16700.8866838139,1179.76233705038,0
203,454,7.37313546994468,2998.39910806102,29.0669978135379,16.8073358094669,17.4261501830491,25.8937712271655,27198.795315882,25596.552244301,1190.84308933925,0
204,455,8.93677078979428,3069.84220958598,27.6318994867628,16.3556896336907,16.9305069426476,25.190415594492,33483.0970283588,16454.6562503842,-1375.81140581142,0
204,456,7.71820609233809,2648.16368206102,29.0669978135379,18.3737303368782,19.1030342367406,28.3215505056579,27207.1147304454,25598.2465854361,1198.98087849089,0
204,457,7.57019521340306,2132.64818014359,27.1042254602821,21.1759648824116,22.0906037201135,32.6614002680629,28599.5030411893,15909.8309545254,1174.60908511196,0
205,458,8.86353040532176,4817.19937654372,27.6853412060585,12.0087997545416,12.3183481232445,18.4645025713614,33477.3366686153,16441.0455581102,-1376.88825880192,0
205,459,7.41571797802917,2738.60243806102,29.0669978135379,17.9339105820664,18.6316638801601,27.6397208545327,27172.9343820435,25618.1272170976,1257.36996257673,0
206,460,8.70196139866897,7491.29018064109,27.6055838871584,8.99895755055683,9.15905907335679,13.816773231151,33550.4792693424,16531.8132907534,-1473.07621296073,0
206,461,7.60041829809351,2957.87126806102,29.0669978135379,16.9710683167674,17.6011819662984,26.1474734981419,27179.7219199002,25621.276260897,1236.90143738241,0
206,462,7.60199149447748,2390.81492614359,27.1042254602821,19.4781677760117,20.2661537093958,30.0280400153656,28567.0479185515,15927.9462607666,1103.35864186057,0
207,463,7.57535155670463,3423.89737606102,29.0669978135379,15.3043638903669,15.8223970876657,23.5657400519464,27179.5401811818,25589.3865548297,1230.9591365735,0
207,464,6.4551122814794,4027.88487242839,29.2984820933478,13.6944164009727,14.1125303115849,21.0742225015438,22142.6281104823,23027.3017932712,926.812833018437,0
208,465,7.29802835904639,2631.26974006102,29.0669978135379,18.4589838722013,19.19444916497,28.4537273219834,27153.9887915339,25615.1251932902,1184.20272779374,0
208,466,8.6995679233125,5237.77232535113,27.6504551085811,11.3559249937773,11.6301915690144,17.4555637136183,33498.6146048159,16490.8932241974,-1399.63101670166,0
208,467,6.42828949519009,4381.35812042839,29.2984820933478,12.9290011664368,13.301250027259,19.8901332425739,22132.8649625846,23020.0045026335,904.05231087764,0
209,468,7.47184991009825,3294.73691206102,29.0669978135379,15.7230048720151,16.2685606352496,24.2140431950606,27185.8827048379,25609.4355993581,1205.83418624159,0
209,469,9.11364462131386,4082.28932558598,27.6318994867628,13.4236498868531,13.8134715390809,20.6520247854222,33515.5133805348,16444.278259279,-1402.45339314053,0
210,470,7.26038363534417,3516.31561777123,29.2713994927247,15.0429437928837,15.5456622954313,23.1614231221809,27199.3449509863,25638.4669139256,1232.80493217594,0
210,471,6.49143577985483,4632.50930690078,29.1766317899973,12.4402928570614,12.7834103502811,19.1341474680616,22086.6649533539,22989.8397447378,863.73529926993,0
211,472,7.21303266649757,3891.99107377123,29.2713994927247,14.0194421537794,14.4573451085655,21.5771195771106,27170.0277445893,25637.6466221376,1175.40306342561,0
211,473,9.01105520473639,2471.09640044506,27.6074415720954,19.0960832934103,19.8620101671019,29.4371884837763,33495.4329548705,16419.5910809677,-1440.81952532331,0
211,474,6.43674110927566,3844.44105290078,29.1766317899973,14.1301895968899,14.5742641069068,21.7483164867598,22124.0659769612,23013.0388539971,871.194367110087,0
212,475,7.62082566526285,5698.14509977123,29.2713994927247,10.8397670395847,11.096021580433,16.6606297440871,27198.9147140704,25603.9881284701,1199.15800620511,0
213,476,7.62794179633242,5522.57585377123,29.2713994927247,11.0664521621517,11.3345665709717,17.0108371373701,27191.6590431892,25612.4214111583,1210.26605345251,0
214,477,7.80975719398179,5172.12016777123,29.2713994927247,11.5595404746832,11.8540670833721,17.7727808242528,27174.9290106704,25566.8075101508,1212.7402242653,0
215,478,7.16339134726632,3371.36251177123,29.2713994927247,15.4930024544119,16.0250914271315,23.8583193978039,27170.5418785128,25617.1168120673,1211.75829324979,0
215,479,6.17085179533319,1531.41080001073,28.9504815874403,27.6639859922585,29.1328619993209,42.7442534819334,26706.6172218976,22063.3947317068,810.798029711159,0
217,480,7.3800456059276,5942.67775177123,29.2713994927247,10.5438881387323,10.7849375142165,16.2035996347095,27228.1693606959,25595.8858562189,1250.39801394842,0
217,481,6.69800245402405,2854.68882801073,28.9504815874403,17.3920847489716,18.0504026022925,26.7996012908191,26709.8382766946,22091.2131988586,786.878771990459,0
219,482,6.9253970653896,5543.01598177123,29.2713994927247,11.0394068150452,11.306096772854,16.9690520029225,27185.0473503227,25613.5735921483,1249.9811354406,0
220,483,7.18394674316758,5094.75318983371,29.4739025247427,11.690092951179,11.9929211786716,17.9748773994569,27196.2737595347,25626.4991130173,1243.23467617079,0
223,484,6.6272143871393,4990.246562268,29.3532432486693,11.8452318629181,12.1559192350315,18.2144806273216,27898.8261393988,25057.691309132,249.776350794972,0
223,485,7.58662057549791,2720.97412925635,26.553077484358,17.6681913794497,18.3213721512114,27.220761229658,21009.3424036683,16718.3939546775,1225.6197374998,0
225,486,6.13229771538176,4120.23453011879,28.419947940705,13.4076802483873,13.8022367178707,20.6288882728161,21657.79043333,20317.5791413189,751.337330719841,0
225,487,7.54815939312602,3324.83193383371,29.4739025247427,15.6670226618061,16.2123100726021,24.1282895086699,27207.1811488502,25624.8333449414,1228.0369231975,0
225,488,7.19594194456255,3052.1672175086,26.5856089466793,16.293610469263,16.8543571693821,25.0915289965779,21025.8652012978,16693.9485065008,1223.65256931243,0
226,489,6.28239576213112,5677.97491977518,28.3618007785063,10.8106866940327,11.0606260444915,16.614379885158,21660.7726759211,20298.1713561061,755.569692860733,0
226,490,6.57431885922473,1920.97317838569,27.4237362453383,22.9496607155044,24.0062340093055,35.4151596876456,30861.5263964544,14817.3209181607,983.635100708877,0
227,491,6.04145238419981,5556.10845223545,29.0026692094749,11.0057523771973,11.2692314803995,16.9166588314176,22983.1657421277,21876.5812540756,623.711277686173,0
227,492,6.24748751659023,5116.40443211878,28.419947940705,11.5861635514382,11.8772020773077,17.8125644287167,21654.7820819117,20312.6473215157,713.762688299256,0
227,493,7.21647137069635,3836.32812007555,28.952842585432,14.1300795635424,14.5724752082725,21.7476856267289,21970.5825322645,23327.1442824838,1071.96092951274,0
227,494,7.57207817225841,2772.6793035086,26.5856089466793,17.4376219075371,18.0752909179946,26.8636058508553,21050.2673307562,16735.8297872365,1147.04920878954,0
228,495,6.04292695526532,5816.78277177518,28.3618007785063,10.6404299243856,10.8817021672752,16.351414869053,21661.5350313077,20292.6153771929,779.228398164678,0
228,496,6.0402907594812,5554.52258023545,29.0026692094749,11.007830409589,11.2714182561575,16.9198692042608,22962.2351184437,21845.0738883393,590.819334913992,0
228,497,7.49109711381581,3823.86140407555,28.952842585432,14.1618661490283,14.6062348832442,21.7968779086645,21967.2106822778,23312.7662596461,1080.21004214037,0
229,498,6.25348820088695,2648.01669011879,28.419947940705,18.2828657291244,18.9989426351763,28.1788384649165,21660.7468549324,20312.3653252394,805.448999766697,0
229,499,6.0830188871798,2036.56214537707,27.3835783313472,21.9641405746717,22.9429741454836,33.8853931814639,24046.8012630251,18020.4993371873,739.975322658834,0
230,500,6.16334201211149,2800.8016994996,28.0067652023688,17.5054660503322,18.1624035147168,26.9727485501203,21672.8545868866,20318.2323996524,799.107118504601,0
230,501,6.17229917971338,2341.73087099549,27.1511155437697,19.7819286347289,20.5927503047617,30.4992341115421,23979.497426383,18111.3247352979,719.227121892478,0
230,502,7.693613605404,2525.83002144525,26.2327006745873,18.5854079212628,19.2991256336389,28.6412216783846,21038.9425109589,16710.3464315555,1209.54691809637,0
231,503,6.15282397194397,3363.74515514561,27.2233508289957,15.29505990284,15.7968312970919,23.5470215378781,23897.5684275696,18228.1795655998,735.633979291651,0
231,504,6.35972549337701,3453.18934927082,27.918251459989,15.0926042125469,15.5873946869297,23.2352439304797,21663.7248555806,20277.5571588381,744.019185939164,0
232,505,6.17269761834913,3222.33823514561,27.2233508289957,15.7604425980037,16.2922337489198,24.2675498057404,23906.6900497137,18227.411451425,711.475255551073,0
232,506,6.32302372317646,3415.5253334996,28.0067652023688,15.2178110952585,15.7213723070928,23.4292865635884,21664.9428969906,20317.9500455186,787.742051321901,0
232,507,7.79677460435829,2517.44259120182,26.1969355071454,18.6243090339353,19.3403679663572,28.7014041273009,20989.5098560233,16745.8213433172,1178.49803997694,0
233,508,6.1786102608792,3508.52205314561,27.2233508289957,14.8540471928095,15.3278796729225,22.8643640979112,23899.0051891399,18235.8697592968,721.682665046431,0
233,509,6.20162916949487,3608.58814628977,27.9756889800793,14.6442210218059,15.1110906404899,22.5413110709388,21650.4204946521,20301.0924535038,796.284772300891,0
234,510,6.27935371716675,3441.05641514561,27.2233508289957,15.0553660103728,15.5418899195952,23.1759746458104,23911.8554571213,18231.2371392629,709.32558386228,0
234,511,6.27295862497648,3483.45844028977,27.9756889800793,15.0072798419959,15.4971073615974,23.1032895440071,21649.3942161363,20328.8753498655,756.830035244683,0
235,512,6.25693374189029,3296.65056727082,27.918251459989,15.5892892519463,16.1161281724749,24.0042386409796,21656.7649680426,20300.7026959663,775.196418206147,0
235,513,6.2594705593083,2911.88391951439,27.152658531885,16.9165785757107,17.5245192161088,26.0579696582394,23860.9192239596,18135.6651218524,651.106589371571,0
236,514,6.26321871993473,6848.92455116231,27.446813824136,9.52263348285993,9.70549270639262,14.6245307640861,23057.3414213083,18736.3839407735,616.584345568493,0
236,515,6.12103795094219,5085.21118628977,27.9756889800793,11.6031061786069,11.8924284622076,17.8380211147671,21664.476921268,20301.9463075436,756.457579562282,0
237,516,6.45164099233202,7086.62914316231,27.446813824136,9.31645085757013,9.48995346350793,14.3063896330677,23040.0473083964,18736.4692985738,589.759478991022,0
237,517,6.40526239149457,4756.49516228977,27.9756889800793,12.1326079764927,12.4508108573801,18.6563744362694,21670.2554469924,20295.3391144235,747.842985649581,0
238,518,6.39017087865688,6471.02446916231,27.446813824136,9.87750373408248,10.0768555374523,15.1722043657239,23038.9253724071,18729.9011507149,622.699918821153,0
238,519,6.20636527985342,4527.53489228977,27.9756889800793,12.5417015712908,12.8828351059061,19.2888040564233,21656.2268624154,20301.7325274868,781.68302209037,0
239,520,6.27470672058513,7021.76257316231,27.446813824136,9.37150598474077,9.54749054554448,14.39133553841,23049.5020039334,18726.391069522,592.590535469161,0
239,521,6.08268476200447,5058.5107514996,28.0067652023688,11.6459670972666,11.9377788749826,17.9043052699919,21677.8609280076,20298.6565117783,768.583326871907,0
240,522,6.3364500792533,4381.52518559371,27.6027145179797,12.7921929198286,13.1450796562833,19.6754148897446,21642.2866624199,20286.6317734863,781.37584959555,0
240,523,6.51038793882764,3483.11880029843,26.9587395830331,14.9009438859651,15.375475771583,22.9363312828958,23839.0631638917,18032.3221298801,673.37397386399,0
241,524,6.21714850835433,3619.86610559371,27.6027145179797,14.5750828496291,15.034606767813,22.4334730007729,21657.8804450993,20310.7726331175,764.208108362174,0
241,525,6.23646666422856,1970.57135429843,26.9587395830331,22.4229562202649,23.4317497966933,34.5958635184185,23855.5340699188,18019.6505720023,675.081218595267,0
242,526,6.24967630206301,2679.86250359371,27.6027145179797,18.0108673122795,18.6990640016115,27.7548675347185,21669.6181516878,20307.1327181941,790.574483087308,0
243,527,6.19302906914915,2876.63754013033,27.6512201372805,17.1286347284501,17.7559744037754,26.3878614725565,21653.1869592678,20315.7475944648,775.73190876057,0
244,528,6.19963901849647,2320.98298829843,26.9587395830331,19.8782629234621,20.6938790940161,30.6479929849248,23851.2493701727,17991.7232804948,672.726361657443,0
244,529,6.66870993748578,2752.29198931024,28.3783719505527,17.7763340861614,18.4559989594833,27.3935686763271,26357.2787716686,21702.960034841,869.057992492648,0
245,530,6.1876768431251,2233.5721448694,26.9016188688145,20.433211017634,21.2892976201506,31.5084858832423,23887.2254249464,17850.7106045448,717.621352818761,0
245,531,7.01127222016784,3285.20914001164,28.1162653094488,15.6494450046698,16.1819439495453,24.0978648822144,30139.5967190756,21295.6921966144,1073.44939102111,0
245,532,6.56974583842797,1839.77683531024,28.3783719505527,23.9119994252716,25.0588877201905,36.9129356128017,26381.393662604,21696.6190353074,851.924979896692,0
246,533,5.9745418816426,2130.45232055426,26.8956615050664,21.1533672073541,22.063600532979,32.625599395555,23879.9826255691,17860.8404862387,688.937008009419,0
246,534,7.4159162359473,2975.96410001164,28.1162653094488,16.7793349467217,17.3873103822638,25.8479304862855,30150.4009734828,21273.0746913981,1047.72198432595,0
246,535,5.99133394017778,1676.30312675073,26.7712348966,25.27576754211,26.5100613661159,39.0242726853511,23877.9487286177,17858.379435481,693.744695531075,0
247,536,5.9974018897925,2108.2221788694,26.9016188688145,21.3185623357718,22.2414359458763,32.8819128217601,23887.3539874906,17856.5595414419,702.637672914501,0
247,537,6.61881878485988,2226.82714642983,28.322751175817,20.7270728427115,21.6227060072333,31.9691435630329,26349.9949151571,21689.5624852578,877.754927980078,0
247,538,7.94679835403703,3592.40309816302,25.0252333848934,14.3849558524838,14.8112059110935,22.1333208308626,27432.173546064,9093.9472178243,1037.25321215878,0
247,539,6.88936485170849,2420.99700401164,28.1162653094488,19.4626789224244,20.2611749478696,30.0072332182669,30131.6495043662,21307.6706534958,1064.14997473006,0
248,540,6.87186356331696,2426.08501001164,28.1162653094488,19.4329488369072,20.2292546667685,29.961128217014,30166.331969946,21333.7991129219,1030.29647906323,0
248,541,8.11477966907792,3020.69624216302,25.0252333848934,16.2147378601391,16.7549180088196,24.9651512821472,27425.5682922967,9052.19119520525,966.149462744611,0
249,542,7.17308221237707,2064.46214201164,28.1162653094488,21.8831007377827,22.8651866716333,33.7622643346261,30192.3161908006,21303.5904855628,1177.6600814734,0
250,543,6.88441571665709,1889.3870105953,27.9559029869845,23.3484554273812,24.4441061383819,36.0362952634042,30119.8157638494,21331.2295494636,1068.95783068689,0
250,544,8.17151295768015,3349.94079912701,25.794598050931,15.1792082294347,15.660930285961,23.3641902987054,28662.7056728766,10290.4701369821,1265.64277089873,0
251,545,7.08021016407143,1711.8133985953,27.9559029869845,25.1579357304208,26.4005924377571,38.8462574541421,30158.1250619352,21271.3741777346,1058.80639080207,0
251,546,7.91953986579032,4964.75496312701,25.794598050931,11.633971539108,11.9114670757536,17.8819959292673,28644.5477952286,10230.4517918594,1240.0840826195,0
252,547,7.36925182458593,1448.2502825953,27.9559029869845,28.6119973064887,30.146403254453,44.2132686187224,30124.3887389829,21326.1080802826,1077.89356295914,0
252,548,7.02799469949574,3439.63377010281,25.2097682482991,14.8402938911954,15.2957517682003,22.8382534494518,27325.8032730033,9339.27188479068,1180.25438505831,0
255,549,11.0604471254866,5454.30950288945,26.7667632613201,10.9994257595546,11.2501420108445,16.9034527698221,34564.7247274202,15045.8066724762,-1002.02576357746,0
256,550,6.09913697551195,1935.05227423556,27.4471108016641,22.8295264825258,23.8769303897724,35.2287666779419,24433.3021526917,19983.3794565725,725.405902399671,0
256,551,10.6522958754321,4900.20142088945,26.7667632613201,11.8062517649508,12.0990356602767,18.1498842391234,34527.2408556667,14999.3383712034,-1001.93446777419,0
257,552,11.0629323478799,7669.95611579255,26.7268186691126,8.82646352236014,8.97540174771802,13.5496895774844,34601.5257845381,14992.1289496172,-969.140363047374,0
258,553,10.4747955827283,5466.1895369312,26.8096964186515,10.986479025797,11.236784521707,16.8835248408099,34561.4984163723,14983.3963695405,-1069.54335484551,0
258,554,9.04111727687306,4235.80947833628,25.6968737118435,12.9251681269745,13.2720270577454,19.8772682862642,31002.0296993428,9404.24105190233,-1382.86718773677,0
258,555,6.57864415730898,1957.4461896074,26.8725158687818,22.517112488708,23.5320663018706,34.7416667089668,24970.8885561677,17898.5832510613,878.743449174992,0
259,556,10.6791537309793,5063.4000749312,26.8096964186515,11.5553922410434,11.8351255268109,17.7623505087902,34552.3052572073,15009.6020342142,-1062.74275080333,0
259,557,9.26643570395346,3805.95006233628,25.6968737118435,13.8961171992449,14.2989451934075,21.3787098039744,30998.9053845769,9412.95733266799,-1350.67889907243,0
259,558,6.24042177125869,3992.59491239314,28.9588121540051,13.7474452863678,14.166354127247,21.1556011699161,27112.6020313155,24902.5471207538,912.396401031584,0
259,559,6.26483462604125,2238.8503656074,26.8725158687818,20.39285045596,21.2455633539682,31.4457847151993,24973.631020303,17921.190497478,894.793012137053,0
260,560,6.27047914411945,3723.79826183353,28.6520556408853,14.3950387149968,14.8516469707669,22.1571156348825,27113.0521856335,24916.4949081125,992.787129778799,0
261,561,6.4463160015972,3641.06860583353,28.6520556408853,14.6208396047106,15.0916407363982,22.506609132628,27130.1400874198,24910.7457320562,957.252421670132,0
261,562,8.84451109422966,3335.09632024029,25.8259976553142,15.2294967278928,15.7146545654629,23.4421023025327,31033.8435636528,9394.68926947452,-1349.70360465726,0
261,563,7.36357177524189,2304.6161913161,27.2483154270434,20.0300610582542,20.8603862113346,30.8843721182658,28333.805997174,18824.3090639833,1078.18314081658,0
262,564,8.98678102719854,3399.12590224029,25.8259976553142,15.0305205807028,15.50324883617,23.1341492299967,31006.0958868607,9403.87540759825,-1353.45128663983,0
262,565,6.50329756492615,2651.79514852814,28.6174843897188,18.2920814393233,19.0108722541662,28.1936909455371,27104.4950965216,24903.3273215775,915.347313897051,0
263,566,7.84946204988927,3201.00409031796,22.6415834824542,15.2819640628575,15.7396277608606,23.5148286183864,27291.8448565449,4896.91907198419,1213.58465712756,0
263,567,7.25077649926725,2327.64471910225,27.2609972696248,19.8874293597996,20.7073447152392,30.6632076864498,28320.2977563333,18867.1435638737,1064.43395639425,0
264,568,6.41862324577121,4098.59297644781,26.6286252929159,13.298657882194,13.6737614284733,20.4566712083116,25581.666563302,17582.5725471654,894.842106680693,0
265,569,10.5214449654605,4970.91554623587,26.592370776937,11.6819511150562,11.9670210941968,17.9575175046964,34610.3500690242,15010.5071301902,-989.443712004129,0
266,570,7.57923834177007,4105.78811831796,22.6415834824542,12.9182055064055,13.2409104072437,19.8599504443616,27303.0404712907,4918.82277452076,1262.13719423211,0
267,571,8.4895068102799,6836.17917262229,28.6110842039696,9.591350857475,9.78269946126515,14.7320472024867,28630.5616301392,24626.4840252292,1114.57128219521,0
267,572,7.93840625186275,3174.41870831796,22.6415834824542,15.3695472457295,15.8325007390384,23.6503302999311,27337.8109847249,4940.41433164465,1252.73942345081,0
268,573,9.33238166801547,7908.46253834958,28.6267856314521,8.73704494746227,8.88990860673368,13.4139256353241,28622.2944551509,24714.0772060415,936.910504523468,0
269,574,8.3088568875977,7136.70191662229,28.6110842039696,9.32917732045218,9.50838305790549,14.3274444630902,28581.2380477473,24749.6686299744,1054.30997043761,0
270,575,8.28285093526251,7520.76800658418,28.122006201897,8.99938091810875,9.1616739691001,13.8180276623946,28551.7070649894,24793.5788127656,1018.38150142323,0
270,576,9.17940667357466,3523.17479297167,25.6052676505395,14.6401379003319,15.0868628063832,22.5295127923369,30933.6616125733,8671.28717343822,-1277.39523198288,0
271,577,7.85498229653285,8154.83042808813,28.106029256019,8.54752374355621,8.6902345838869,13.1210622521683,28551.6510156244,24715.3836773795,1096.09726693211,0
271,578,7.97423024449029,5334.68463241549,27.5820313454776,11.2145706966376,11.4810406202343,17.2370737789436,30321.0672956626,22524.6192105741,1255.66698827473,0
272,579,7.79393975103833,6958.97281008813,28.106029256019,9.45757251881112,9.6404436168033,14.5249612013336,28588.0884811144,24641.3110214518,1195.64122696159,0
272,580,9.31195228321521,2764.86366497167,25.6052676505395,17.3357334191039,17.9560554458943,26.7028888598943,30948.1416546759,8654.79501150061,-1332.97964207603,0
273,581,8.81251736471856,5879.38235638372,26.9641404474654,10.4841684920639,10.7102551916605,16.1080682650379,33149.1067445112,16571.1217486423,-1374.62999108141,0
274,582,8.99391555998208,5584.65245038372,26.9641404474654,10.8427085985573,11.0866211188024,16.6617240566623,33156.2421178383,16575.4172064647,-1356.21270165385,0
275,583,8.81703991599664,5932.46501638372,26.9641404474654,10.4229368252869,10.6460254240248,16.0135272899745,33156.6308366938,16579.937545945,-1417.11163964863,0
276,584,8.97614430864403,6061.88979238372,26.9641404474654,10.2776044240113,10.4936318312127,15.7891507620934,33147.8370927493,16584.8035941328,-1379.530757094,0
276,585,7.6063960002981,3770.13663408813,28.106029256019,14.2204136808791,14.6619419370942,21.8857013658959,28560.3670264052,24661.5300288786,1266.74080894824,0
277,586,8.72190429945415,5145.60819238372,26.9641404474654,11.4434888628557,11.7182803138646,17.5897221951767,33149.9158644641,16564.7452360964,-1402.7094765708,0
278,587,8.45256417891225,4569.38226909087,27.0091798750525,12.3890287270506,12.715162944861,19.0510065817707,33401.7922760549,13679.0032264125,-1419.75577243952,0
279,588,8.52608704880655,5502.29349909087,27.0091798750525,10.9518005146799,11.2014829059223,16.8302785788647,33407.3886857786,13677.5233075907,-1350.14112216005,0
281,589,6.82553347796478,2452.19388063614,25.4879821817386,18.865627949308,19.5904509230713,29.0731523157436,22410.7033911447,15283.2881939641,897.231125320706,0
282,590,7.26373899126475,3801.06110955512,27.1392695157658,14.0483205945566,14.4717805672347,21.6173387039725,30130.543897821,14200.342022525,1030.75178918585,0
283,591,7.23545805036051,4593.70400379973,27.1179480140271,12.3534689296988,12.6783550243184,18.9962390943374,29920.7270590314,14391.708003088,1064.82804492446,0
283,592,6.77832306448541,2723.83827436539,27.8304812255588,17.8336910556111,18.5117959291962,27.4809223276551,26050.6191317421,24909.3637822342,1019.51758904932,0
284,593,7.54707285896599,3476.87567379973,27.1179480140271,14.9364038705511,15.4145197647128,22.9915893375141,29961.8037560264,14399.1055546063,1056.43598598797,0
284,594,6.92212079977541,2308.60412236539,27.8304812255588,20.1026309531253,20.9453032990983,30.998844036374,26047.3632330218,24924.2175121096,1057.32038684989,0
285,595,7.32302623870837,3594.91300779973,27.1179480140271,14.5954978134792,15.0523176240734,22.463972861539,29923.6609759637,14412.7135079439,1086.89279065311,0
285,596,7.0674360541218,2796.50204836539,27.8304812255588,17.5009866289801,18.1558368348601,26.9653177891351,26027.0291897293,24920.417975874,1014.68994421239,0
286,597,7.48058419776397,3958.49618979973,27.1179480140271,13.6617517633712,14.0618582781179,21.0192686283674,29942.9474576475,14405.4709338355,1098.91809815421,0
286,598,6.89155553823192,2839.36464436539,27.8304812255588,17.3120907548047,17.9538444806372,26.6726082796824,26025.0575215681,24922.7971311378,1033.68420802472,0
287,599,7.23097187793726,3644.95520218051,27.1135744930611,14.4565758446992,14.904770451995,22.2489794617825,29920.5606801017,14405.5176575262,1065.44477964154,0
287,600,6.64567108634822,2008.81050063614,25.4879821817386,21.8103492475671,22.7515109373974,33.6396202154413,22417.2950387012,15238.3554282885,962.506702318172,0
288,601,7.44230850052893,3590.19944379973,27.1179480140271,14.608721548564,15.0663616794291,22.4844375066105,29945.4239765494,14414.820686364,1118.53526196028,0
288,602,7.49075676383945,2217.00038434863,27.1466952225247,20.5883250365948,21.4590770058715,31.7499285868525,30275.8687907511,20911.1837334176,1131.04467137929,0
289,603,7.27535796817485,3560.46346618051,27.1135744930611,14.6924226100382,15.1552294210899,22.6139636246694,29949.5969454912,14412.1733160607,1098.32520443429,0
289,604,7.60287028108587,2386.40235034863,27.1466952225247,19.5112232418353,20.3021230406476,30.0794339167632,30310.3541861165,20910.5579086592,1130.54312503937,0
290,605,7.69482493648004,3584.75490945173,27.1848248918115,14.6308991085966,15.0904700010152,22.5189116932074,29929.2286794357,14390.1115581519,1042.79333804596,0
290,606,7.56044806380017,1890.05274678928,27.3004905676275,23.2041204711482,24.2791391912548,35.8096943488835,30285.4478731088,20880.8417054606,1135.03233681564,0
291,607,7.47024604798953,3675.38287117835,27.1815909788875,14.3808347135987,14.8249196857093,22.1319270129581,29930.331008822,14402.2083281079,1075.0670894892,0
291,608,7.14418052118954,2143.08743478928,27.3004905676275,21.1359980008292,22.0501052678333,32.6000859131752,30321.4624500546,20898.2087584778,1113.4090918219,0
292,609,7.38593503825334,3626.82456945173,27.1848248918115,14.513564128144,14.9658600292609,22.3373287244012,29938.5134201344,14409.6249531036,1087.93859971246,0
292,610,7.49600004703001,2580.08327478928,27.3004905676275,18.4641492178717,19.1812106130381,28.456559658672,30288.0064859176,20913.3459889269,1151.17168740095,0
293,611,7.5382069450046,3125.96632717835,27.1815909788875,16.0945220596449,16.6478041830471,24.7847717399016,29933.682519827,14422.3786791813,1079.53384865418,0
294,612,7.23572638691496,3207.28631917835,27.1815909788875,15.8073208269996,16.3417852334789,24.3400323956642,29932.3989383853,14415.2486960518,1068.19846725933,0
294,613,7.4503833870334,2157.60256878928,27.3004905676275,21.0311596509923,21.9372932520003,32.4374341707238,30291.3003591099,20883.3893825029,1153.12762527065,0
295,614,7.41443230433225,3167.81572717835,27.1815909788875,15.9450411257608,16.4885040818306,24.5532893303401,29949.3446456335,14398.517009441,1036.09076142902,0
296,615,7.73649605016756,2937.03632745173,27.1848248918115,16.8180217883843,17.4196108792745,25.9053807418477,29952.3446077837,14378.4161982899,1078.39492610792,0
296,616,7.5443229146823,3421.77102101786,27.3379144843218,15.1266063817199,15.6186323175294,23.2865222095738,30207.6289750175,20951.2534511924,1058.6986206056,0
297,617,7.31472931752594,2806.20188745173,27.1848248918115,17.3708055693281,18.0100896575288,26.7617897169004,29935.1052411731,14372.3673390463,1082.09976550814,0
298,618,7.40336701215542,3597.04541745173,27.1848248918115,14.5963632419117,15.0537890117124,22.4654643005457,29944.281386474,14407.188753104,1086.08317500377,0
300,619,7.85394008875863,3033.07287846741,27.062128669052,16.4249430553433,16.9989758621539,25.2961906226481,29386.4426528716,14511.6679543292,1223.18340306742,0
301,620,8.29151230812472,2913.38359446741,27.062128669052,16.8986598184183,17.5044885938663,26.0299635981928,29379.4610092015,14466.0689459582,1156.75709245928,0
303,621,7.75061133431663,3352.38380046741,27.062128669052,15.3132821013857,15.8148037766085,23.5748415109912,29434.1611522777,14488.4617174842,1206.04839525675,0
305,622,7.83126460224857,2685.10613046742,27.062128669052,17.9089074420803,18.5842270594071,27.5952718585918,29397.9512233358,14521.0920231142,1211.69526869106,0
306,623,8.11204073030378,2031.48458046742,27.062128669052,21.9421336562235,22.9149883584016,33.8500612492112,29412.7661160658,14510.3819921667,1164.26370212081,0
307,624,8.28629578273461,1473.74636025235,27.0620796940861,27.9760371121209,29.4408171935202,43.2206720854032,29373.2833251061,14605.7726400641,1181.89923005479,0
309,625,6.43938347721616,1491.81199515629,27.596614207192,27.862215545821,29.3262547584622,43.0462760590934,25631.7040081205,21777.7529628133,878.122190876248,0
311,626,6.13611397931454,3229.44861381337,26.1906659278368,15.6161875283346,16.1291946909005,24.0415963553596,23663.1661125346,17305.998767283,762.566170299974,0
312,627,6.13804612407102,3262.20127581337,26.1906659278368,15.5069242065539,16.0129561186977,23.8724495820317,23647.2072952203,17303.0768150811,757.858712564228,0
313,628,6.88554268017447,4128.92437581337,26.1906659278368,13.1936190798371,13.5593952219193,20.2933408840626,23587.4037887981,17335.173354314,702.024239326078,0
314,629,6.75357425600807,5016.4038581119,26.0759955211214,11.5748580476282,11.8510522338933,17.7911655217808,22649.4862850801,18004.4565275762,746.446430071104,0
315,630,7.38493335009521,4748.88363537017,26.2169973521508,12.0139081298719,12.3142778208084,18.4697888390881,23581.3349791937,17389.2082256413,760.709606097301,0
316,631,6.57895239643501,4455.74616381337,26.1906659278368,12.5340637619299,12.8626446118964,19.273653433331,23654.1061162958,17295.5976220104,709.683197814094,0
317,632,6.86679086781123,5951.45459712171,25.854170635808,10.3360231382647,10.5489598327984,15.8777039844838,23151.8603342878,15812.9053007145,1128.37121869715,0
317,633,6.27410578944533,5531.09302708971,26.165273122318,10.8606326877439,11.1009083381993,16.688151736103,23586.7469749328,17229.3484380591,716.539213377526,0
318,634,7.09118619114738,4523.48699112171,25.854170635808,12.3810242736085,12.6988420994804,19.0364623848212,23145.7806690149,15761.4696587079,1027.7395145073,0
319,635,7.55847169462857,3023.97893712171,25.854170635808,16.3080547658483,16.862598074593,25.1119271494825,23108.73301609,15795.7051135339,1160.05415831715,0
322,636,6.90138319205445,1622.05389122541,27.4511941027267,26.087951587727,27.3999716627577,40.2887824505456,26694.2183479364,20875.6578079975,1141.48682699787,0
323,637,7.20996542073937,1465.49308322541,27.4511941027267,28.2079332408635,29.6991087830936,43.5828904221909,26684.7005800058,20905.7426861037,1142.17612717783,0
324,638,7.14427866897808,1452.10127522541,27.4511941027267,28.4094105860547,29.9178668494693,43.8960260772637,26649.5039900486,20876.6327814312,1118.05334549621,0
325,639,7.09028937250379,1733.37329522541,27.4511941027267,24.8022955694981,26.0082455624364,38.2918141008878,26687.0572341723,20889.5271219319,1163.79435726447,0
326,640,7.12937584075567,1573.97113322541,27.4511941027267,26.6963996250031,28.0593194645067,41.2340643392489,26675.2402440077,20859.8797278165,1148.72463353393,0
327,641,6.50062403753038,2925.44151292446,27.6837683596572,16.9293535144895,17.5433856087012,26.0791994682377,22330.0069190389,23387.8671732901,1199.67584876951,0
328,642,7.00929453555636,2296.93053122541,27.4511941027267,20.1133461120589,20.952297801633,31.0142167370955,26685.7481309945,20886.3714324741,1163.98289358962,0
329,643,6.70776578987023,4361.85047489518,27.4415590393231,12.8179609405379,13.1712110244834,19.7149523749728,26621.3478792183,20792.7196937332,1172.01575235605,0
330,644,7.60329095119549,4631.90676111109,27.2973678142543,12.2988797435594,12.6219239156408,18.9121838968726,26049.3875362284,20614.4242282829,1190.23610408424,0
331,645,10.2353073500894,3606.44227911109,27.2973678142543,14.5815607482079,15.0389936404564,22.4428113208768,26258.1752674009,20561.272189716,1130.88371448244,0
331,646,7.99716747417835,3436.05401906453,27.3011583472386,15.0789424555087,15.5676267455859,23.2126530184506,27670.8758143293,20243.0577695158,1087.11912984109,0
332,647,8.28815870543975,3867.60943706453,27.3011583472386,13.8975410942041,14.313157827673,21.3844128336196,27657.0887110657,20225.7357117164,1037.06668438973,0
332,648,10.0703449497755,4398.27697911109,27.2973678142543,12.7344615647717,13.0819579255087,19.5855725124945,26247.7243612254,20559.5370096074,1159.16933103651,0
333,649,10.1158687987594,3399.12667366593,27.3512649479148,15.1980485461509,15.6947379062711,23.3971476284999,26206.1963726998,20567.2942841982,1136.7799869652,0
333,650,8.49688904396219,3576.01246732427,27.2959423988691,14.6670178899268,15.129756313575,22.5750633311329,27630.9442340276,20206.2808554143,1032.34046584136,0
334,651,7.51769391136021,3052.00380711109,27.2973678142543,16.3820746909415,16.9554974084916,25.2304133203385,26031.3284591085,20583.3147519803,1132.3317218275,0
335,652,7.40978776943934,2590.77936711109,27.2973678142543,18.4088095346787,19.1218999397799,28.3707691752259,25986.6108861938,20600.8407583688,1127.09045722096,0
336,653,7.25341143615167,1570.53725040429,25.7354050102817,26.288273847897,27.588994373431,40.5922257916489,26530.7816647896,11109.3714075458,1144.97717862266,0
337,654,6.25764450504542,8703.46490120564,27.5146201560105,8.18125262961298,8.30660763088276,12.5556964580911,22401.3645300515,22753.5057174564,955.120870889357,0
338,655,6.0447206618715,8742.95751920564,27.5146201560105,8.15805079279414,8.28247276641006,12.5199287938967,22397.2294041387,22754.3524887904,997.709254768628,0
338,656,6.22570702645402,4255.97751475928,25.7290365869817,12.8867235301086,13.2316601712031,19.8178998189849,22172.7865184987,17372.8679931579,913.595622798009,0
339,657,5.98292829741047,9047.07050120564,27.5146201560105,7.98525545473111,8.10280374368796,12.2535702833476,22397.0015026872,22735.4453403444,994.925268378776,0
339,658,6.50562220565357,2962.47863875928,25.7290365869817,16.5286365254907,17.096402726344,25.4531655985426,22181.4669772309,17377.3661267606,912.806552046529,0
340,659,5.57791806745915,11576.9598726327,27.5753464750978,6.85862067229003,6.93490939215081,10.5178791490831,22633.6220641033,22784.972242835,793.2740041867,0
340,660,6.34321487869186,3303.96780529213,25.6758975084947,15.311527166076,15.8004600038997,23.5686882011583,22182.4489863404,17369.3643266343,918.725473778758,0
341,661,6.14477310131863,10988.2929966327,27.5753464750978,7.08132972629736,7.16533537540004,10.860863154502,22600.9876758031,22774.2644855939,912.965298172126,0
341,662,6.50599925449525,4586.71048590455,28.1331711206965,12.4445771363932,12.7812470041356,19.1389269682183,26483.0681517301,23077.3447889142,913.972131714176,0
342,663,6.20906129466893,6451.71783975594,27.675972882478,9.90871773213123,10.1106567990429,15.2206912742713,22838.53829051,22854.8153938166,824.231901021437,0
342,664,6.42074489319193,3974.91630990456,28.1331711206965,13.715392618401,14.1263179639603,21.1043457442611,26475.9952676446,23050.8924644924,913.965691170151,0
343,665,6.35042133888923,6405.06677175594,27.675972882478,9.95539563117986,10.1595528616813,15.2927429592621,22863.8920782937,22861.6249521393,879.311776841312,0
343,666,6.41077812447076,3410.00024876457,25.7810986425324,14.9924320679447,15.4623918305579,23.0750928676809,22350.0875396212,17674.3231872275,910.674208241985,0
343,667,6.42930114837386,4611.56303023781,28.2826167683951,12.4107710661359,12.7465003328533,19.0869283184132,26149.3992305276,24104.4023794164,998.404781779668,0
344,668,6.25103587589904,5022.34056975594,27.675972882478,11.6787273732651,11.9703080427213,17.9543801138331,22856.6866841045,22871.6348819923,862.380697283753,0
344,669,6.78301884179724,5136.11222023781,28.2826167683951,11.5472832469756,11.8354236944421,17.7522597654846,26176.4149230127,24108.1610658158,984.012879003241,0
344,670,6.42345792650585,3170.68775876457,25.7810986425324,15.7682795362269,16.2871723338477,24.275991562111,22325.0212837873,17654.0197257877,911.638375799973,0
345,671,6.15661406194332,6420.00147521561,27.33179467076,9.92208550460115,10.1229806864393,15.2408615094759,23018.9250021974,21885.0276197241,773.394692627686,0
345,672,6.60003238579925,5352.64982623781,28.2826167683951,11.2350625046598,11.5066026842754,17.2698351977099,26201.1499381294,24118.6236363034,1000.68385283659,0
346,673,6.31748435322914,7504.18848667605,27.9748869845424,9.00553951339176,9.16748807998769,13.827357764886,23593.7859431015,23175.1680413049,886.069163807963,0
346,674,6.58838254326139,5612.69104483421,28.2713330810591,10.8878039433333,11.1412132749685,16.7333631305279,26228.2561533169,24076.4554218903,991.351421539573,0
347,675,6.27061529206877,4394.31552067605,27.9748869845424,12.797147103826,13.1528585260785,19.6837757766015,23574.2521187312,23165.6498572765,883.24327903412,0
347,676,7.91329323334425,2958.9546146618,25.0291861123793,16.4509999290873,17.006538978163,25.3309764654315,23332.3264565761,12250.3632994017,1197.80319578947,0
348,677,6.65718292869564,4213.57523623781,28.2826167683951,13.1928507570292,13.5737089106123,20.2963217185916,26197.4615096633,24106.9351563087,1009.51089045778,0
348,678,8.58041839934123,4890.74212984229,26.9440076257142,11.8343154779696,12.1297237157336,18.1935589486615,31281.8332022384,18386.9889685523,-1525.15271990687,0
349,679,8.33685076805256,5339.42578325109,26.9304225998701,11.1652804431998,11.425421343728,17.1598896271155,31282.0544159597,18377.7480055682,-1471.67269998328,0
349,680,6.94683535277004,3555.15201823781,28.2826167683951,14.8278067580683,15.3087495520363,22.8261620369838,26180.3084973021,24108.0216336023,1008.23498351342,0
350,681,8.72364851796313,5123.63415576834,26.8776587676309,11.4699804446232,11.7456381722644,17.6305057721884,31309.3257783568,18422.254344776,-1412.4193842887,0
351,682,9.18426142492966,5106.42260111878,26.8529104963879,11.4938378997026,11.7705974088933,17.6673229010718,31384.7745464585,18498.2679490102,-1209.02026854096,0
352,683,9.31726255641731,5604.76085111878,26.8529104963879,10.8102514416371,11.0519098930578,16.6114270687978,31388.8770007547,18476.3713478432,-1227.43910760948,0
353,684,9.39340678289589,8329.62905110103,26.4331305131335,8.3668839554923,8.49558156235313,12.8407212827128,33370.916509571,16368.7136753362,-1214.79591013044,0
353,685,9.32192886662653,6305.74754976834,26.8776587676309,10.0133382029551,10.216291177442,15.3810887050076,31374.5482221809,18474.3397941524,-1267.78649211738,0
354,686,9.40768330587057,7888.22801110103,26.4331305131335,8.65856705894972,8.799215833791,13.2904372691081,33389.8384980783,16369.5451877961,-1249.94414577066,0
354,687,8.96749294302199,5658.01971911878,26.8529104963879,10.7435145930877,10.98183327347,16.5083664115304,31388.6953751603,18493.7201274029,-1217.44050510966,0
355,688,9.79208092960376,8433.74595310103,26.4331305131335,8.3019396797901,8.42802584621839,12.7406040463384,33392.1525033978,16355.9992745209,-1205.48511943264,0
355,689,9.13762341236742,5780.44022711878,26.8529104963879,10.5942318745287,10.8251372224962,16.2778471783349,31438.2866829389,18507.2071169301,-1273.39023527733,0
356,690,9.4265896230701,7828.93401910102,26.4331305131335,8.6999094721816,8.84228127433831,13.3541868559723,33385.5470501973,16377.7531668769,-1261.21374199201,0
356,691,9.55213421490934,5386.7743482335,26.8401502308646,11.0946675352586,11.3506606342417,17.0506739077693,31619.7144769724,18561.3668604798,-1455.98230358553,0
356,692,8.3153065277637,4236.43338013521,27.0669092527761,13.0417026819958,13.4051537947457,20.0601956072735,21540.9246463786,22477.931802974,-1486.35302884732,0
357,693,9.53343995445037,8200.62276910103,26.4331305131335,8.44932374913701,8.58136244410599,12.9678165691484,33380.1728218589,16345.4278723348,-1210.85555151165,0
357,694,9.14089475836875,5625.5141622335,26.8401502308646,10.7833200546241,11.0235576655844,16.5698171726299,31626.1060702933,18569.8545956017,-1428.21908650497,0
358,695,9.61831451931729,8189.52166510103,26.4331305131335,8.45652248205994,8.58885430660834,12.9789150486195,33370.0209188621,16340.4514055314,-1218.98073040135,0
359,696,9.66887407200188,7866.26808910102,26.4331305131335,8.67381558435099,8.81509903838461,13.3139501134192,33379.3111410118,16366.1488548522,-1200.59699114942,0
359,697,9.25741729895154,5442.1256862335,26.8401502308646,11.020335778345,11.2725366374262,16.9358647372957,31666.8649210088,18551.6679907052,-1367.59637163729,0
360,698,9.32804475559419,6173.1993052865,26.5419626602309,10.1332024540848,10.3401233231096,15.5656326705217,33412.2868057174,16362.2058370974,-1195.69343431387,0
361,699,9.2209484131132,9211.3996672865,26.5419626602309,7.86113958524434,7.97038152467796,12.0613155790497,33408.1127906041,16339.4421119799,-1193.27091826861,0
372,700,7.68470541929453,3855.34966907979,28.8011195251893,14.0679185974858,14.5053302432195,21.6511765268,28672.4313160149,23437.881939523,1231.99229447531,0
374,701,7.33129642622866,3130.12159307979,28.8011195251893,16.2710696956086,16.8509299201227,25.0622953928328,28669.8022351935,23419.3184485604,1252.20739663251,0
376,702,7.55613341197994,2418.68179307979,28.8011195251893,19.5841008949656,20.3992692796743,30.197664282893,28660.9138292921,23421.6582195651,1215.37019496127,0
377,703,7.8046002748915,2517.35827307979,28.8011195251893,19.0216544720489,19.7952950470261,29.3254043630431,28668.9899453651,23400.5254919494,1233.60743648504,0
378,704,7.35991023896039,1717.70434307979,28.8011195251893,25.2890389149874,26.5549528461823,39.0533432769659,28640.6195542731,23415.8575372591,1240.6703126934,0
379,705,6.52255257087202,2586.05514864516,27.6604961030004,18.4866768128307,19.209264252621,28.492560691955,22794.6264998151,20839.2061984435,837.052413255151,0
379,706,7.33554939670847,3025.18972907979,28.8011195251893,16.6690301407666,17.2759010377839,25.678806842729,28667.9446366365,23389.9008464575,1219.41957351986,0
382,707,8.09575405633344,3184.45601315893,27.3802895693583,15.9098676319554,16.4528484831928,24.4993241322282,29706.0100269917,15846.1241488941,1261.98262090223,0
384,708,7.91666717552299,2537.24402915894,27.3802895693583,18.7002976289354,19.4351135724392,28.8228725638213,29716.772051226,15798.6379331311,1192.44325097249,0
387,709,6.74290439791809,2672.7767189475,29.1498846606561,18.2628661466957,18.9850239670299,28.1499058524695,26817.690518396,22256.2976079979,970.5390219791,0
388,710,6.44595908188161,2020.6749629475,29.1498846606561,22.4344465395153,23.4730958240582,34.6217005069584,26803.5745412168,22279.3394231818,915.360318717588,0
389,711,6.3102736982841,3249.61093412946,26.8782301710138,15.6281952548285,16.1482846568076,24.061924608466,22492.840561172,18811.0584424932,809.994213885742,0
389,712,6.40315471847093,2333.2018769475,29.1498846606561,20.1638226180929,21.0263951415828,31.0979868970638,26818.8560438668,22292.4606579076,922.434749041149,0
390,713,5.84283182166846,3003.78981281212,26.8626369977007,16.5125856633618,17.0905286972414,25.4314030850508,22486.1973328499,18764.4563360485,844.585483221375,0
390,714,6.53483226476278,2805.5909780534,29.0735270744446,17.6259127975921,18.3018756766351,27.1623321867578,26821.508325032,22257.3809578839,954.810110222906,0
391,715,6.21892614308126,3040.41905081212,26.8626369977007,16.3722587848456,16.9408746220656,25.2140662599188,22490.2933662623,18773.2096438934,780.441020079072,0
392,716,6.10077293437262,3022.68812081212,26.8626369977007,16.4397979761951,17.012897208911,25.3186686709421,22503.6463124739,18789.9903906915,794.309400283073,0
393,717,6.37402150312076,3577.83837890596,26.8166369917762,14.6124783996212,15.0678451597951,22.4895610714507,22449.6802503297,18782.4751428044,877.849741514707,0
393,718,9.23181085327223,2248.44010893639,27.3421049680502,20.4110057984053,21.2708681128711,31.4755433437034,25658.158994172,18124.2302633351,-1172.8269370745,0
394,719,6.3505114785603,2418.81925614021,26.7178541896378,19.2522091948637,20.0192409122794,29.6764393992608,22216.5548770596,18698.7584911492,874.182614264649,0
394,720,9.33040727785622,2567.83913493639,27.3421049680502,18.5337020091783,19.2561773813883,28.5645006843602,25701.7280255032,18131.1008679155,-1152.11427172594,0
396,721,6.0637363929012,2905.61588214021,26.7178541896378,16.8856826463242,17.4871974033899,26.0089139491419,22221.9799261375,18667.1794489068,888.33568122812,0
397,722,6.52106615847841,2714.42962108953,26.7704925512547,17.7292911370548,18.3890103714738,27.3160745654834,22235.3252479161,18691.6085950781,818.507472000026,0
398,723,6.15419928526573,2423.62034308953,26.7704925512547,19.233067612096,19.9993300521982,29.6469316514546,22235.8417552339,18698.0724829654,864.419821686908,0
399,724,6.05142043866815,2904.00798414021,26.7178541896378,16.8922931993266,17.494253485341,26.0191540008156,22221.5532630274,18650.6244123026,848.886564642313,0
400,725,5.80575950797411,2997.30545545784,26.6355465576574,16.5090697823255,17.084562975403,25.4253473130282,22244.4183521534,18687.4848923287,816.358613853308,0
400,726,6.71396218458348,3150.39483019162,28.5591287926306,16.16882767855,16.7396452476792,24.9033250655888,25508.9548135953,22092.4694649535,963.340490019838,0
401,727,7.7394619243797,3603.89982861324,27.0813447065642,14.5666354028248,15.0213643983241,22.4192235432606,32474.3731455576,14425.8675668827,1203.72402446437,0
401,728,6.62246791904983,3398.91418819162,28.5591287926306,15.328932336812,15.8443335331051,23.6026167086396,25520.7397361645,22091.6822704412,977.692783330631,0
401,729,6.16307446722763,2850.85458145784,26.6355465576574,17.1036505332255,17.7190675094318,26.3463392166119,22240.2173828621,18677.6875241942,863.493181902948,0
402,730,6.73359049941227,3820.75614019162,28.5591287926306,14.1330022757079,14.5726095615351,21.7513906948573,25495.2868462434,22095.9421362083,952.292763960286,0
402,731,7.5892724558707,4149.21953661324,27.0813447065642,13.2280761653533,13.6024150417076,20.3484367706076,32484.0700256944,14491.8951583802,1181.94621885863,0
402,732,6.36361925879485,2818.36623145784,26.6355465576574,17.2432052507167,17.8681089754607,26.5625383586101,22234.4684366262,18688.8803367891,792.659542497124,0
403,733,6.12576940329927,2959.83922945784,26.6355465576574,16.6560516658149,17.2413384737628,25.6529979844941,22244.5148168562,18693.5384479594,852.733092815454,0
403,734,6.71491211947353,3540.38718619162,28.5591287926306,14.8990396216823,15.386761428182,22.9370498251464,25480.6195791368,22105.3035242337,958.991999595638,0
403,735,7.57609271725359,2104.37817907831,27.0324848815274,21.3718859691355,22.3005312277795,32.9651157019584,32485.7626464438,14515.1501377988,1209.6502740198,0
404,736,6.90115295143518,4138.19485219162,28.5591287926306,13.3798638694714,13.7737495346665,20.5861310572389,25479.7885215952,22103.3851383433,965.579790050077,0
404,737,6.21441608987946,3113.69083945784,26.6355465576574,16.0731440425427,16.6198902172797,24.750252878377,22216.2946738464,18694.1146627834,846.394812507854,0
404,738,8.77325585588527,4270.57257292403,28.2928402407433,13.0736870316595,13.4476199656283,20.1120358353414,26220.4843973756,20087.1281913444,-1528.27825395512,0
405,739,8.68437200804347,4830.40167682072,27.9900763425466,12.0090143722279,12.3204841136742,18.4653609642498,31303.4094871403,20288.2141803893,-1316.22075325306,0
405,740,6.4057789313133,4450.54555819162,28.5591287926306,12.7339409516606,13.0899321988267,19.587117399061,25505.0981323701,22105.5464285051,939.327009647368,0
405,741,6.17855679559826,3501.98719345784,26.6355465576574,14.8111101671766,15.2772690479809,22.7965360813253,22233.6990715352,18700.389725754,844.347586483711,0
406,742,8.74787824539776,5302.15454482072,27.9900763425466,11.2867521760834,11.5593461571912,17.3492353770255,31335.5014442735,20280.6515125582,-1327.44575518615,0
406,743,6.54148207314524,4248.74334619162,28.5591287926306,13.1415027409325,13.5212592467507,20.2174311255769,25483.0886100486,22080.5677023055,975.129685413823,0
406,744,6.03255994222214,3317.78375545784,26.6355465576574,15.3763287179155,15.8780819332481,23.6713970151587,22246.9248110902,18699.6679801501,868.977327528136,0
406,745,8.75578468269744,4496.77959292403,28.2928402407433,12.6243787038364,12.9723153344894,19.4172147937678,26229.8319923105,20061.8347258392,-1431.04448877159,0
407,746,6.99979934592623,3690.29614219162,28.5591287926306,14.4763197444893,14.9372952766515,22.2827177205716,25492.8542763486,22134.0108814041,1014.90596880257,0
407,747,9.09851480291905,5125.28957418226,27.9723825036172,11.5424692730323,11.8285236670081,17.7443165777357,31303.5069976808,20264.1712035815,-1367.90442310183,0
407,748,6.18669532001074,3301.88098345784,26.6355465576574,15.4278043647018,15.9328399609127,23.7510836486886,22225.0556317151,18671.8819758625,863.124988273722,0
408,749,9.01118948668166,5021.05873282072,27.9900763425466,11.7025890944142,11.9973539392408,17.9917782115826,31311.6533763493,20292.999542105,-1368.47045588949,0
408,750,7.07874488284442,4577.72368219162,28.5591287926306,12.4937079676888,12.8359288011641,19.2156507979292,25497.8109853628,22096.176767471,940.53516158348,0
409,751,7.20665100691442,5448.43348819162,28.5591287926306,11.1214376958931,11.3885551845522,17.0947155629853,25458.3806032516,22131.5120943743,976.271760205423,0
409,752,7.11858527249097,5773.9236794751,28.1564359554542,10.6800623245725,10.9222583357843,16.4123259017129,23890.7997786557,23262.2432457142,1039.1823080611,0
409,753,8.87113754553993,3962.93350218226,27.9723825036172,13.7292279655605,14.1397942361394,21.1254215327733,31308.9382600981,20251.1216503113,-1367.45769678048,0
409,754,6.31872727599851,4794.15112597956,26.4974500834371,11.9593380113943,12.2586074263754,18.3859673821916,22051.3263246484,18323.6084168176,972.272248925813,0
410,755,6.88391897951785,4998.71194325275,28.3400662046134,11.7618163318551,12.0618982911558,18.0838904956749,25486.6664723558,22132.2458843541,995.230068709286,0
410,756,6.22208411900511,5426.80177762152,26.7164233922424,11.0327620131475,11.2848817431728,16.9548602395646,22025.451372301,18343.9838398609,917.775816770976,0
410,757,6.97790519489114,3977.87530850588,28.0070385391322,13.6970319778646,14.1059175723575,21.0756831759204,28809.9386361543,18589.5137383211,1220.32024948169,0
411,758,6.62397168789471,4368.01945925275,28.3400662046134,12.8788337683238,13.2417374954254,19.8107776986536,25474.7497534135,22090.7057515344,1004.46750586525,0
411,759,6.34872063809032,6206.42555343135,27.0877435318483,10.1284868619326,10.3379790265531,15.5591263781978,22019.6709205238,19990.3444045587,869.810638306161,0
411,760,6.34127400963153,5936.63759962152,26.7164233922424,10.4036548042258,10.6244864267423,15.9833933055129,22034.8977995684,18319.3794239999,947.619871186508,0
412,761,6.69996338552164,4115.51339525275,28.3400662046134,13.4112784003469,13.8054797317971,20.6342973138945,25470.5278391996,22111.4308829977,939.796152886576,0
413,762,7.09418943264613,3971.41930325275,28.3400662046134,13.7423103045657,14.1563891273477,21.1464115292562,25494.641819883,22140.8923029985,1011.76207195888,0
414,763,6.83184705619904,3392.97249125275,28.3400662046134,15.3241903365724,15.8374371136547,23.5947657792398,25500.9832391743,22117.1346893342,1021.25401792993,0
415,764,6.88496396723836,3322.99588925275,28.3400662046134,15.5492617148699,16.0771515240586,23.9432666398005,25471.4963024572,22130.4592060108,1049.47692002133,0
416,765,6.9183056686428,3879.96735125275,28.3400662046134,13.9638802989152,14.391438553326,21.4892335400383,25517.5883255036,22109.3173248662,1069.5575438291,0
417,766,6.99962652018484,3053.72803925275,28.3400662046134,16.5026631124234,17.0939581403914,25.4198945982221,25492.5115779301,22127.50731237,1088.21198465924,0
418,767,7.07955242867936,3258.76807325275,28.3400662046134,15.7635852003384,16.3055363094359,24.2751578308653,25496.7634523204,22100.6864957886,1065.10751931711,0
419,768,6.85466991801237,3496.53874325275,28.3400662046134,15.006170217245,15.4989463034758,23.1024034056631,25497.2521270649,22105.7806485986,1054.4297147422,0
419,769,9.189340082872,4158.52168021586,27.9632799969246,13.2842049263305,13.6681881422795,20.4369984439284,28089.6271615926,18279.1151660736,-1319.47316983505,0
420,770,6.87844560748136,3581.62886313321,28.3137446282798,14.754764092145,15.2313304866323,22.7131661276213,25497.8672804625,22122.8424266653,1048.17961562203,0
421,771,7.2127325726458,2864.94687513321,28.3137446282798,17.2649400533358,17.9082021398195,26.6008606828823,25512.9186793334,22100.8060187509,1071.40366846603,0
422,772,6.70584947602589,2477.17914513321,28.3137446282798,19.1710465775563,19.9503188869062,29.5555974535882,25511.7962264862,22145.3977705049,1083.5972264697,0
436,773,7.68873275241112,2642.84477719909,27.9026035329643,18.2347050480542,18.9419138108699,28.1026854619399,31407.9113416956,15333.6365896056,1228.91809617293,0
437,774,7.72115710146521,3154.70699119909,27.9026035329643,16.0765045369303,16.6352356577806,24.7586970705892,31467.6529078011,15322.4188424504,1261.22919200259,0
438,775,7.68350029314246,2513.17771519909,27.9026035329643,18.9089921169844,19.6646285486937,29.14801355828,31414.5481747232,15330.2875951623,1176.16613204126,0
439,776,7.47600558497232,2790.63923719909,27.9026035329643,17.5369685496366,18.1950515429104,27.0212780811407,31421.0027127611,15354.4748133349,1202.10399152065,0
440,777,7.24840503710603,2173.02453796542,28.4489756146915,21.1270595979305,22.0548169843968,32.5901748166547,31415.6949317691,15355.8725412401,1197.22331862359,0
441,778,7.72187884123957,2918.27424796542,28.4489756146915,17.0567279385461,17.6869001195397,26.2785899193039,31421.0759317652,15324.3396848108,1227.03823716507,0
445,779,6.53415192881233,3463.80276111231,27.9376172398894,15.0624537056556,15.5554813801124,23.1886135854369,24143.7218595548,20057.9763100857,940.728179179349,0
445,780,8.59213386148327,2562.9655078019,28.4385907846874,18.7219547991382,19.469856737252,28.8596257637931,29781.038225819,21667.6436171348,-1440.8491791178,0
446,781,6.67229231530969,3013.67942511231,27.9376172398894,16.6081511381782,17.2028141004721,25.5822697748983,24152.5584046644,20075.4936962849,886.627112528967,0
447,782,6.64681665299372,3338.93736711231,27.9376172398894,15.4530709387182,15.9712259813224,23.7933671415582,24158.9064613906,20070.4745750324,956.467032556695,0
448,783,6.60629834157517,3202.44224511231,27.9376172398894,15.9116942109418,16.4598402595859,24.503542323387,24157.0049734588,20062.3925400135,995.262882529722,0
449,784,6.70522017619061,3644.10759711231,27.9376172398894,14.5414966798586,15.0016288615028,22.3822375321057,24139.5486489247,20061.3450519223,933.643519492835,0
450,785,6.65162884086428,3559.08018776783,28.082069495739,14.7959733432177,15.2732661965185,22.7764362422485,24158.8153072025,20054.0064790882,993.447780164,0
454,786,9.10006721668342,1907.33767931233,27.1950090903508,23.0244020223413,24.0837038171837,35.5303010429467,30836.9757579017,9833.71534057155,-1271.88873012602,0
456,787,7.31225459799958,4420.65602277769,27.3923872179564,12.6986424486613,13.0447568126881,19.5303712614431,21650.5379068423,19402.7700552581,1153.91413740966,0
457,788,7.09311644947488,4861.66059477769,27.3923872179564,11.9140632688192,12.2166017458847,18.31757757883,21641.0655294588,19401.3872991838,1166.01837477141,0
458,789,7.24182350195099,7538.08676466725,26.8298923566521,8.92869657929687,9.0824429752437,13.7074832436463,23014.6541902107,15775.9743451376,1158.10965897747,0
458,790,6.93949786783372,6945.73634211397,26.8250627568954,9.40672829791356,9.5814629061951,14.4448958434986,21946.6208398034,16873.6217317018,1032.14932986826,0
459,791,6.90278926530403,6535.37514066725,26.8298923566521,9.78221348902007,9.97410789674214,15.02430494164,23016.8683675864,15748.6679464241,1218.46075383843,0
459,792,6.21415895485688,6637.33760904361,26.8614569844176,9.68682834361729,9.87446926363285,14.8771459988385,21998.2090978935,16850.5353697936,1128.81965887616,0
462,793,7.22000157582281,1914.39762482554,27.0645491133742,22.9336121242979,23.9839201125416,35.3888663655375,21994.4609476011,16877.9626337137,1171.47329810272,0
469,794,9.48017129689626,4045.67105333877,28.1231840784398,13.5499302291704,13.9508443321802,20.8483506426854,30653.5373241529,22294.7242147841,-1198.59517373341,0
470,795,9.22696561595001,4228.79749416354,27.8129004700754,13.1209668114952,13.4943113521038,20.1842343132544,30674.0254608238,22257.1210397662,-1179.86630372503,0
471,796,9.35353695464915,4568.50449216354,27.8129004700754,12.4532162927998,12.7882765235868,19.1517051859356,30648.3098718248,22311.7020599838,-1224.99972230063,0
472,797,9.35054675597513,4352.05499016354,27.8129004700754,12.8678912411203,13.226566197315,19.792864855386,30670.6511557105,22275.4039093581,-1233.78216267103,0
473,798,9.16010089206686,4181.63982816354,27.8129004700754,13.2213284825847,13.6005435617546,20.3394534534645,30686.0460964181,22273.9746750041,-1186.62366200318,0
474,799,9.21690400364796,4645.50738816354,27.8129004700754,12.3140546653075,12.6413097919468,18.9365698957737,30685.3653884906,22276.46345987,-1200.86674958112,0
475,800,9.4027904925708,4448.72710416354,27.8129004700754,12.6782223100401,13.0260303352114,19.4995856539975,30679.1376086744,22276.8383421186,-1202.37650549835,0
476,801,9.29686097629991,4347.01103616354,27.8129004700754,12.8779947421741,13.2372516477561,19.8084884296556,30673.3331406885,22282.7034595324,-1211.69731711842,0
477,802,9.12479164937019,3909.13415616354,27.8129004700754,13.8437315426166,14.2600103659857,21.3022408141426,30652.3620546682,22275.7730815992,-1188.98613729854,0
479,803,8.5238534821692,3293.07812223933,26.9779260947665,15.4953461770874,16.0077816946475,23.8564933481765,25604.011363794,9277.79053832115,-1418.08195515521,0
480,804,8.71861512763824,3148.82666136018,26.9679808639142,15.9870140454936,16.5312465922921,24.6177401118208,25582.3382910386,9238.04821502563,-1441.40124486148,0
481,805,8.50923310393962,3224.26571136018,26.9679808639142,15.7242886011862,16.2514083618425,24.210930128899,25582.6642682336,9270.61307312424,-1376.83362688113,0
482,806,8.71135133592611,2730.61899936018,26.9679808639142,17.6819506057117,18.3404762912186,27.2432920256645,25615.850414195,9291.25515287238,-1477.85222341557,0
483,807,7.47486206714897,5065.5763475674,28.441867003722,11.6650002112645,11.9604297808202,17.9344329219685,30676.0789933947,16232.6876898945,1176.36080355221,0
484,808,8.03175359299053,8048.0729555674,28.441867003722,8.63289118594973,8.78054003511282,13.2530799573472,30720.1309193868,16260.8053730691,1121.74683800407,0
484,809,7.13086237880404,4304.91649942102,28.2803452956057,13.0017177810417,13.3713597231774,20.000705955289,27344.6447467148,23851.4830462057,1180.82789636839,0
485,810,7.34523634360927,3623.36598142102,28.2803452956057,14.6333364656064,15.1019711589878,22.5251386312823,27339.6406827863,23850.8913708438,1140.47096423849,0
485,811,8.05858700334994,6960.2969195674,28.441867003722,9.47256319454962,9.65762523343061,14.54850965541,30730.3485797586,16232.3527766728,1197.31408562464,0
486,812,7.31356830112924,3468.61130542102,28.2803452956057,15.0839617737406,15.5812254979912,23.2226980332095,27310.8849293381,23851.2860760749,1165.88213200764,0
486,813,7.67047006252167,7414.4289875674,28.441867003722,9.09592562224619,9.26384947234535,13.9673427451677,30717.9350073494,16241.9541575764,1175.18550452157,0
486,814,6.80508045807924,5092.61485637917,27.9648538398804,11.5911411632089,11.8797570163006,17.8195141232707,21878.8532910662,18925.9683522933,1048.93662500838,0
487,815,8.17236195758393,8139.5249075674,28.441867003722,8.57125948634438,8.7162774602947,13.1580273927649,30758.6417762225,16235.2048184307,1123.71216495925,0
487,816,7.17259681187563,3776.88720142102,28.2803452956057,14.2195271752485,14.6623485949784,21.8847008083267,27313.9226832634,23876.6304925821,1207.76373221553,0
487,817,6.70728104933241,5232.52400837917,27.9648538398804,11.3843845734801,11.6619850640652,17.5000402268163,21876.8570593634,18903.5805815239,1064.32092785914,0
488,818,8.33453401659115,9493.1327375674,28.441867003722,7.78085166058962,7.89359810028217,11.9394107728016,30769.5724717878,16217.6716487601,1197.57112618016,0
488,819,7.29345284106287,4249.49908342102,28.2803452956057,13.1166835512805,13.4930493691567,20.1785115130764,27323.8471210718,23842.053444175,1191.66165963711,0
489,820,7.02525785287352,12565.2911269012,28.2898928794587,6.54293878679913,6.61060019557777,10.0323528512864,31780.998850773,15711.8604332164,595.761327855266,0
489,821,8.58279706823533,9288.9296915674,28.441867003722,7.88729149542072,8.00422134999641,12.1034704377814,30755.3902314045,16227.665757972,1156.74817525679,0
489,822,7.3558895265458,3981.00214342102,28.2803452956057,13.7142628110657,14.1262059763123,21.1028970164311,27316.8981919552,23876.4861369371,1184.1721101759,0
490,823,7.2538689663287,11521.1146237036,28.2261725345655,6.89687709389217,6.9763323838177,10.5773068989909,31715.0477844974,15740.334935242,604.043683927415,0
490,824,7.10295591081406,4451.44524108615,28.1783122338568,12.7020601649702,13.0536832286948,19.5371205652807,27316.1342902325,23852.390017333,1245.19950512619,0
491,825,7.30654053477843,6011.12832708615,28.1783122338568,10.4033675240335,10.6318113275842,15.985056702327,27306.1032181994,23884.1466539111,1128.65784032219,0
491,826,8.73137296351434,7964.56571118028,28.3532343466088,8.68657833674594,8.83618267545874,13.3357867892091,30824.7088831851,16204.467927999,1132.11577598824,0
495,827,6.3016014102448,8747.85325378302,26.9207670060412,8.13271540893952,8.25391943894487,12.4802627227116,34379.2379022688,15628.7410901659,737.146230115105,0
495,828,10.7278008556706,11577.1484648319,27.6525926352478,6.86068143512514,6.93726098912064,10.5211137199031,33190.608945951,15584.7661937335,-1005.00798395602,0
499,829,7.96903797515424,2575.57784768829,28.3176823978241,18.6378048621586,19.3783243964538,28.7288013331169,31405.8397920457,15260.7618073747,1259.86918691252,0
501,830,8.54129827671481,3828.91410321862,28.2467086595815,14.0829636072237,14.5171125357545,21.6733038459612,31438.6969530275,15232.3906385179,1218.6281602436,0
508,831,6.78476242192443,1824.69240525999,28.7969370960537,24.1519939123719,25.3242166551886,37.2872415322038,23411.1769995192,17876.0720210969,906.950868503802,0
509,832,6.71498138972047,1791.25693725999,28.7969370960537,24.4932488952836,25.6933960851228,37.8172367915918,23410.9113698428,17879.1047213109,930.607997759015,0
510,833,6.40817866613257,1715.85547087931,28.7931603519718,25.3080038821664,26.5753780485809,39.0827720822096,23435.3499470071,17870.8454893529,951.188163330057,0
510,834,7.41561056948519,1582.43755783396,28.7110652737626,26.9100456873822,28.3108099940057,41.5715263306095,25297.4169914921,13979.7278711339,1100.39001044906,0
511,835,6.41098358988012,3618.26717576743,28.9846352905461,14.7177547088461,15.197324992996,22.6573512975248,24145.4663795527,21549.7986860565,790.060642026498,0
511,836,6.74189655002415,2212.46235752406,28.7663302619875,20.903415242128,21.8178431432899,32.2442167526372,23414.7673247899,17827.9394886781,950.047553418127,0
512,837,6.25691511575732,2069.55766952406,28.7663302619875,21.9653238541156,22.962108154891,33.8921636704437,23386.2888086645,17784.3766868495,938.181440136995,0
513,838,6.61557866854805,2236.16233352406,28.7663302619875,20.7395958722935,21.6414848567761,31.9900365332509,23390.3402930043,17816.6340979371,940.599275339798,0
514,839,7.05763828360728,7052.4134246046,29.0289489497342,9.42039093562041,9.60561594405923,14.4687074084269,23352.234333504,20822.9376698833,989.246826760567,0
514,840,6.39612175323747,3227.11207352406,28.7663302619875,15.9204275476839,16.4764944319549,24.5190902069698,23402.4994794563,17809.7773333429,950.185859456575,0
515,841,7.08052656853432,7067.2809746046,29.0289489497342,9.40761429496186,9.59224640393323,14.4489893795531,23373.511710889,20818.7701312463,955.791383808196,0
515,842,6.60979882462259,3101.69602952406,28.7663302619875,16.3723225597997,16.9587052965602,25.2190576865117,23398.6822567102,17868.1826904827,915.672749518011,0
516,843,7.60110190652994,6840.19969029102,29.0210880218912,9.60766398887263,9.80161840120543,14.7577341622046,23759.0397928491,21167.1969519166,138.917659373619,0
516,844,6.39442671211927,2849.25604352406,28.7663302619875,17.3918635999601,18.0483798098845,26.7987663877965,23399.681703009,17818.3299165366,952.708743102513,0
517,845,8.03253656868597,6774.62330512944,29.017440127654,9.6675468875677,9.86431618791366,14.8501605193069,23898.6958535311,21166.0624216498,271.599288460328,0
518,846,6.53683229045622,6069.24091150808,29.0446897495613,10.3865021737623,10.6184692688424,15.9602180904308,23689.1373064268,20740.0719644998,992.237054816819,0
519,847,6.61042359085736,2795.03697627885,28.7404293535429,17.6294111607892,18.3023435292843,27.166851214794,23394.9522527127,17801.1291467312,958.00656011717,0
519,848,7.61928762179473,5728.1702510479,29.02708120022,10.7878058272222,11.040092103271,16.5800094576462,23921.2775243225,21093.8849514594,310.521364793072,0
520,849,6.39771617010685,6108.90234950424,29.0750784984003,10.3439693726003,10.5739576354492,15.8945767009261,23793.9633165606,20246.3018740828,958.410313251796,0
521,850,6.8544196118237,2469.81652247849,28.7250776896494,19.2757800361548,20.0672768603433,29.7192600694679,23369.6459360921,17834.343015114,940.175881645128,0
521,851,6.14349802543562,4349.04030385361,29.0798531676634,12.9767475216734,13.3503481636394,19.9635805019041,23825.518873526,20331.5005836152,1065.35412181571,0
523,852,7.13277908710524,3025.11400847849,28.7250776896494,16.6600722216388,17.2656281393506,25.6647346718924,23378.4132819316,17817.167405335,917.387538842395,0
523,853,8.68772273841214,2076.01367424188,28.1031211077524,21.7900788182995,22.764758628421,33.6178530786413,29411.2711675366,19345.0490974747,-1523.71446494913,0
524,854,6.31215764670717,2993.43979693768,28.7582080929636,16.7891947898777,17.4038934010952,25.8648728935625,23363.6115524147,17831.5006867779,947.546660935555,0
525,855,6.57069328810965,1729.63585320611,28.9097462895872,25.1806951656736,26.4391810270744,38.8854746791897,23613.4350231608,22240.6639296211,991.838598610657,0
526,856,8.36491057864548,1803.11845534578,28.10911694658,24.2194440754971,25.3874932014357,37.3893132654222,29394.5081615456,19321.0402939607,-1430.1132410374,0
527,857,6.8653142460661,2307.09149520611,28.9097462895872,20.2918327832187,21.1613431551691,31.2958161340353,23580.910327641,22265.2308453652,939.617075190652,0
530,858,9.04990094923793,3401.83775513343,27.7087692653608,15.2283474466778,15.7300473099991,23.4448995982847,21097.0329010091,17535.8360459755,-1366.80542950012,0
531,859,9.32407968679666,3189.94763513343,27.7087692653608,15.9289108668944,16.476129234874,24.5296365996316,21139.5306101533,17504.1612654306,-1430.2185544975,0
532,860,8.80421830199253,3529.85286713343,27.7087692653608,14.842327398378,15.3194782779965,22.8473411875486,21123.5914236909,17566.3646271353,-1324.7384138053,0
533,861,8.95719522150309,3681.21553913343,27.7087692653608,14.4174461350934,14.8680300902421,22.189750358549,21138.3740174518,17534.0862731843,-1405.33226119639,0
533,862,6.97459261879956,3198.75060147664,28.7730508107907,16.0205478480601,16.5833485054532,24.6741772707738,22648.3823979686,19428.6229611748,1019.24836802545,0
534,863,8.78136448541001,3770.75122913343,27.7087692653608,14.180694450167,14.6166862499917,21.823386696236,21105.4908172966,17528.3472078548,-1346.03328182062,0
535,864,8.97183784484716,2906.07654713343,27.7087692653608,17.0125920984178,17.6325515747915,26.2082273716389,21129.1608857166,17552.1358005056,-1398.53499890553,0
536,865,8.70940705890251,2672.00624513343,27.7087692653608,18.0639115191911,18.7569672135928,27.8373895004133,21128.6426818906,17552.3938832961,-1385.75613942512,0
536,866,7.43445341422827,2851.43489856216,28.417199216973,17.336822650965,17.9860908829175,26.7125303182878,21634.8748370929,20542.7365497515,1223.61023461131,0
537,867,6.96942515846385,4328.36230518513,28.3992101324887,12.963586641039,13.3318191577669,19.9419586772319,21646.1559759353,19883.2145826098,1174.06089467632,0
537,868,6.27227728131393,1988.27593757587,28.9603117260508,22.6709308786911,23.7259431098916,34.9881493526883,23936.3613932987,21610.7359922812,867.882008635436,0
538,869,7.13928996911374,5094.73494918513,28.3992101324887,11.61755669722,11.910167357798,17.8610444045362,21641.7784237043,19863.6894204211,1145.33648701137,0
538,870,6.08580177459427,4803.03975243998,28.9651614582001,12.1255277433579,12.4495032238774,18.6471301269847,23812.1375753581,21549.6445201451,772.823663695279,0
539,871,6.92779540976241,4813.24266918513,28.3992101324887,12.067383644585,12.3846233511985,18.5562847708134,21618.4451090005,19894.1554778819,1225.56131692524,0
539,872,6.50762958367027,3123.78932121686,29.0215825774762,16.3202138476956,16.9053684736625,25.1389679846713,24509.6008623382,20691.3771131228,1041.92687336236,0
539,873,8.57406767525647,3607.93503713343,27.7087692653608,14.6191131893589,15.0822468408349,22.5018549317362,21086.1030132138,17572.2564416455,-1387.92904933736,0
540,874,6.78875833086269,5195.28004103737,28.212141663959,11.4549785165683,11.7377674062694,17.6095136949011,21646.0024668718,19881.4945345149,1183.17443970587,0
540,875,6.75822667594346,2872.61857005324,28.8745777895058,17.3045642751749,17.9560291386219,26.663764813329,24490.8720842721,20710.2547788246,990.898818213724,0
541,876,7.58131479491169,5397.96329303737,28.212141663959,11.1680435256082,11.4356680988206,17.1661841955294,21641.8436948122,19863.7317858832,1179.30094040572,0
541,877,6.65004729804711,3278.16355466098,28.8709022402028,15.7571663791885,16.3033036287117,24.2664869338976,24517.6657993685,20716.8433400429,998.889480972615,0
542,878,7.20786846776123,5995.41854303737,28.212141663959,10.4231011224161,10.6526978655868,16.0155766901012,21621.5225623689,19885.7791793559,1168.05416051789,0
542,879,6.71914149098652,3677.45088266098,28.8709022402028,14.5417640486883,15.0092903937462,22.3846834126182,24505.4344347926,20706.223477228,1023.81432873487,0
542,880,7.83746722911712,6002.51778482623,28.4363462589008,10.4277461678379,10.6587175049002,16.0230654397231,22628.0518842408,17648.6217080556,1218.97616060508,0
542,881,9.76775018596968,6080.27957356207,27.6717288329111,10.2974792878695,10.5181206708871,15.820843380978,21227.0042176243,17592.5091367554,-1312.07224663759,0
543,882,6.98883051170098,6178.47662903737,28.212141663959,10.2204630658772,10.440061581515,15.7026849854302,21620.4242239044,19869.947559637,1179.41058298064,0
543,883,6.85151124471709,3393.53574266098,28.8709022402028,15.379257376251,15.9005479748689,23.6812603900703,24517.5533882427,20696.4358494776,1034.61854965542,0
543,884,8.27703451160272,6431.0872109568,28.4943224890068,9.97237221029852,10.1812899083954,15.3200406219042,22712.842144348,17672.1364518988,1188.95318840319,0
544,885,6.69049616327896,3375.58228005324,28.8745777895058,15.436910300135,15.9619992588096,23.7705433453595,24496.2732481482,20668.5962818187,1021.10105195349,0
544,886,9.03259455406652,6768.07059543313,28.5185362648075,9.64902014746755,9.84265499634793,14.8209396248696,22714.7850115538,17706.4428767789,1269.70220941708,0
545,887,6.70409656682241,3764.53941405324,28.8745777895058,14.30830420546,14.7612018961653,22.0233479838986,24510.144775182,20676.9993729766,1003.03639491198,0
545,888,7.1383424433658,6246.0972950835,28.7729335930404,10.1785922285918,10.3988972975518,15.6387985321982,26180.6053919775,13763.4243057288,1155.37549520095,0
546,889,6.92892213745279,4199.5180123896,28.7994982655803,13.266472258771,13.6552907131774,20.4111913630515,23850.7354107569,18116.4584003809,1142.68003899119,0
546,890,6.69063860332346,3301.77542666098,28.8709022402028,15.6778636039784,16.2187574922726,24.1436712548717,24509.9557022658,20684.9566691271,959.888084336501,0
547,891,6.79095320824169,3922.3648543896,28.7994982655803,13.901805217982,14.3289852465859,21.3941246325499,23856.2447387489,18126.7101045571,1144.00394570648,0
547,892,6.42420824983273,3482.89295205324,28.8745777895058,15.1026689364122,15.6060323493756,23.2530090317996,24486.5537446804,20680.1179515671,980.513613275446,0
548,893,6.51734326239886,3732.75589605324,28.8745777895058,14.3924911022094,14.8506572711139,22.1536456817621,24496.3444008586,20712.4800495513,1001.04093543004,0
548,894,6.94933750273501,4032.7151143896,28.7994982655803,13.6394082970033,14.0506039580137,20.9881277413969,23842.3391561826,18165.935572465,1057.43289483132,0
549,895,6.85536580980684,3558.39808005324,28.8745777895058,14.8785162468962,15.3674705626138,22.9059786311758,24507.8709491192,20691.8881274842,972.472817233878,0
549,896,6.66070385616704,4079.6745463896,28.7994982655803,13.5316383188072,13.9363259940601,20.8213949530469,23868.2134438082,18142.6065016729,1138.06856275999,0
550,897,6.28689035037181,6136.50265549454,28.8129427716253,10.2991218413488,10.5255800248074,15.8249642085574,23877.7923958572,18184.9682111498,970.596331057034,0
550,898,6.39583336769691,3998.56968499615,28.6900275855049,13.7094780069084,14.1241284852698,21.0963198433326,24502.2410736091,20709.3471180553,967.810448223585,0
553,899,7.95578752659373,1325.45022607548,28.0521374868376,30.6958708994188,32.4140089745006,47.4534382721495,21577.8812316014,18836.5832894623,-1425.27978376421,0
554,900,8.57068574195826,3336.90503011675,26.833617507996,15.3371922491802,15.8382192745747,23.6112993278888,31556.0762245783,14002.2601765395,-1370.34563776759,0
555,901,6.67132110976139,1831.80148055209,28.3628772436346,23.9872810080244,25.1400570875874,37.0297779684627,22150.9053006906,19292.747451024,1029.15238734207,0
556,902,6.85064115582734,2494.76205455209,28.3628772436346,19.0802783160258,19.8534471358643,29.414996285302,22175.0265000761,19267.9764109394,1061.32486737396,0
556,903,8.53172344829862,2737.79783011675,26.833617507996,17.6301010617428,18.2836232064671,27.1625588286125,31580.2804709415,13988.2231660335,-1348.02633597809,0
557,904,6.77312024828176,1618.41359255209,28.3628772436346,26.3613677363713,27.7104032427038,40.7174821582164,22135.0577368373,19285.8041417946,1037.97483806894,0
558,905,6.66620101445461,1951.64494655209,28.3628772436346,22.8698450430217,23.9328383657024,35.2947817560095,22142.6372604522,19309.1604522421,1019.61251434267,0
559,906,6.5248910757808,1657.37758655209,28.3628772436346,25.8847329371305,27.1938056251108,39.9769591108152,22126.0445863959,19314.1129974504,1019.49771514336,0
560,907,6.79430923661344,1560.0919618157,28.1633464132686,27.0650408640209,28.4704133181418,41.8100077161859,22146.020467768,19278.3020903552,1051.27187893418,0
569,908,6.53301956480511,3257.05831711574,27.7436721989703,15.7020051291035,16.2346570595232,24.1783493655841,28798.7803001739,14658.395556421,1027.40828704489,0
573,909,6.46447038610874,2936.0528221203,28.0565117087002,16.9333928689929,17.5513151742117,26.0864532958334,27227.0516625461,22292.4766239493,1051.72738950654,0
574,910,6.92021165725286,2863.23988643034,28.0759959225255,17.2412634735665,17.8805530161087,26.5635296758035,27195.461715144,22315.7257697201,1050.79088684118,0
575,911,8.58295156295917,3140.27895283845,27.189897512759,16.0439795605683,16.5940127173584,24.7065224776766,21202.1386983463,21729.8977697186,-1520.68857177737,0
576,912,7.08957892369489,1331.73870930972,28.1929565015132,30.625722843717,32.3401485383232,47.345054401958,25911.7942956611,15124.4462516307,1113.75114600821,0
585,913,8.58367895361568,3602.93105028019,26.9577947151385,14.5567058264662,15.0097991270707,22.4035759385739,30447.115635194,15074.876317022,-1499.24436582666,0
586,914,8.60099464082435,3898.78428228019,26.9577947151385,13.789318459292,14.1957955752083,21.2162621285671,30451.3763457498,15091.0498413508,-1482.33172251898,0
587,915,8.54763474746861,3386.41547028019,26.9577947151385,15.1946574906682,15.6877122979944,23.3909566068225,30455.1593191128,15114.2411549154,-1498.28542331221,0
588,916,9.02990948916384,3473.04372828019,26.9577947151385,14.9307614862021,15.4071563315514,22.982479720481,30466.2056445095,15093.2006463797,-1509.48494166939,0
589,917,8.64951971094664,3875.94332028019,26.9577947151385,13.8447906635579,14.2545825787419,21.3020745167944,30430.6506313518,15103.7715601109,-1433.69543760894,0
590,918,8.75942237525884,4134.8587498896,27.0132556459336,13.2532735195212,13.6285803144873,20.3872675069066,30470.2018188485,15083.3133013323,-1507.61400387828,0
591,919,8.65304939996641,3192.2340538896,27.0132556459336,15.839768161508,16.3748053958417,24.3898502434157,30464.699995201,15093.4443100655,-1470.31906823581,0
592,920,8.89255393936891,3651.3880498896,27.0132556459336,14.4289272818255,14.8746000386421,22.2059691643758,30449.2161006168,15113.4332244625,-1496.84236496814,0
592,921,8.20682213408459,1422.34919172779,27.7412265831662,28.9545355638335,30.5149297655102,44.7447002174657,24964.6296659466,17811.8101898901,1207.46034940723,0
593,922,8.53230953088052,3708.3252598896,27.0132556459336,14.2761562828086,14.7124666272184,21.9695769398187,30467.055352376,15100.8799448871,-1473.85108190799,0
594,923,7.8647443349564,2525.43329772779,27.7412265831662,18.8181269583195,19.565410625171,29.0066441459611,24942.1283577433,17812.5309981239,1223.88773586165,0
596,924,8.50585594896971,4391.24418291764,26.7164669575085,12.7006575166217,13.0422128354745,19.532198344908,31736.9707283315,14906.1130305907,-1475.42565574604,0
602,925,7.8955770208672,3232.05615677126,27.2079264677721,15.7254973156919,16.2548759582739,24.2134021980886,24906.0064950112,17798.218949803,1231.90732109102,0
607,926,7.50742875351522,3577.4220065668,27.2303647372724,14.6562877883152,15.1178150469469,22.5583074891231,24920.9751955145,18056.7563494216,1208.9690129675,0
608,927,7.55980836871035,3368.5053965668,27.2303647372724,15.2807841537615,15.7817045360215,23.5249383625509,24937.0085173853,18045.5206992693,1249.48147864908,0
609,928,7.31789714456596,2609.3793065668,27.2303647372724,18.3045399609014,19.0095029163927,28.2089471676734,24922.5266865267,18074.9930872,1258.46376459403,0
612,929,7.57533205919711,2206.29164262622,26.9230224536062,20.6217304065037,21.4921933988161,31.8009745146081,24925.3892011023,18056.6872643883,1230.44303053658,0
624,930,8.25178684884963,2227.6688395276,27.1047580141509,20.5086263678908,21.3728783259501,31.6261592082925,29115.8108616415,17829.811781923,-1500.12625806177,0
636,931,7.81807375030221,1603.68204702306,25.9642585151249,25.9336699343222,27.2089999749262,40.0425019413775,25782.0876340296,14871.9249560643,1105.1011887853,0
637,932,9.18111943227619,5840.58819258006,26.3635727499575,10.4936223242497,10.7169278174803,16.1217685370793,32580.5025340398,14140.0177061679,-1367.83260761157,0
638,933,8.98517606062813,5897.65755858006,26.3635727499575,10.4274509869332,10.6475431013479,16.0196080488172,32586.4742485339,14127.9940977317,-1323.2056760445,0
638,934,8.64794455959581,6237.36526593729,27.0071769093115,10.0914302083001,10.2987439535626,15.5018106168316,30325.2466152854,18374.3776014945,-1127.3910779534,0
639,935,8.957127844274,5232.56046258006,26.3635727499575,11.276828227724,11.5393472444942,17.3312661485877,32580.7344613545,14133.1582767574,-1311.6731462107,0
639,936,8.42060130793764,5725.72331193729,27.0071769093115,10.6696558570967,10.9051428885538,16.3945462941077,30302.4988398709,18371.3537313576,-1219.9923843235,0
640,937,8.44715418499485,5745.11287170607,26.9612386148526,10.6433106793666,10.8772370133365,16.3537949079769,30293.2120221951,18403.5147750579,-1078.88409362389,0
641,938,7.48574435764879,5935.96124963666,26.9714299711585,10.4193639491985,10.6423166778727,16.0080216051206,30431.6249113895,18538.5410724737,-1194.00445840933,0
642,939,7.97456345444799,5437.49084363666,26.9714299711585,11.0349821784249,11.2886833501232,16.9586947860135,30478.6013525657,18480.6272801212,-1197.42702453514,0
643,940,7.81727097199351,5611.14382763666,26.9714299711585,10.809579618785,11.0518665089667,16.6105724316072,30460.0131871304,18511.3904543403,-1152.69615668075,0
647,941,9.61977415405107,6677.59001496149,26.9195716332123,9.65221460963845,9.83854247501426,14.8238081079716,30380.0043932664,17463.3275386608,-1308.8698354523,0
649,942,9.61777978864468,5736.57321696149,26.9195716332123,10.6511329997225,10.8852198731216,16.3658110140891,30350.5052848825,17491.6486888205,-1281.87763851705,0
650,943,9.74346628032531,5421.66252454448,26.9643408589533,11.0557021521184,11.3104206990361,16.9906868698103,30384.2453966322,17479.7536745375,-1374.91245275873,0
651,944,9.69880307383207,4449.56704054448,26.9643408589533,12.6085188226122,12.9466095284661,19.3902272186642,30314.5834230211,17485.3518998007,-1404.24403368124,0
663,945,9.03562790251335,5853.8064656878,24.4396195927178,10.3612535022891,10.5675210146272,15.9144743167115,24356.7414812363,8409.64212169121,1033.4326006949,0
671,946,8.94143908655469,4013.91049914091,27.022594233197,13.5242590726376,13.9155059894073,20.8063977056288,21736.4177597463,23050.9786787143,-1232.76023440187,0
676,947,9.09617589200607,4752.72861714091,27.022594233197,12.0681306223911,12.3766941842886,18.5550351210904,21711.3928225702,23074.3825914849,-1114.79897464426,0
677,948,9.97677167284816,5167.21388514091,27.022594233197,11.4158050167303,11.6894973813951,17.5470496417583,21745.1371868349,23163.3123755227,-1108.1773629768,0
680,949,7.70934286112471,8304.55564079309,26.5101950155056,8.38585680056482,8.51562593209768,12.8700550627347,20997.3405366329,19669.9873272376,-1424.60645142418,0
680,950,9.42611180910771,4342.58926340632,26.6294366319294,12.7890521810873,13.1349804970228,19.6686897696004,32244.5325999131,12593.7423223243,-1210.37907691717,0
680,951,7.26287405699736,1508.73323266205,25.1587224866207,26.9446136680454,28.2896721618129,41.6089796567877,24446.0234187838,14556.774973322,1146.92626500017,0
681,952,9.9745542789649,6202.84385363665,25.8424521806565,10.0624387226734,10.2623907620631,15.4554052554355,20448.7584299056,18457.0066570632,-1240.29336429396,0
681,953,9.98809841690822,3690.22166735142,26.6857885805261,14.2916025310553,14.7261987180723,21.9927448903537,28917.0521965812,24603.5517530353,-1105.19163506776,0
681,954,9.01174257236182,4705.39340717099,26.6166206103051,12.1182647135879,12.4269097509713,18.6317863574494,32233.8442391195,12590.0227638082,-1131.81401395048,0
681,955,7.23138555129212,1451.55373666205,25.1587224866207,27.7530192073394,29.1655033722188,42.8648572685816,24427.2286946936,14553.7720714336,1207.90862179043,0
682,956,7.30658460409334,1113.34450666205,25.1587224866207,34.1359411650227,36.1036210865158,52.7874002974112,24445.3143082971,14561.9493232591,1164.68897448538,0
683,957,7.68112862532765,911.167852662054,25.1587224866207,40.1027249197636,42.6177441683762,62.0712100862162,24475.7650770346,14514.7921474997,1205.52311938696,0
687,958,8.37639788575466,5202.05878700024,27.1768900765613,11.3756210410447,11.6481305397183,17.4852229303423,22078.3980646934,22735.5934278443,-1343.89320538848,0
688,959,8.61712456501986,5516.65614500024,27.1768900765613,10.9436891318773,11.1939075579236,16.818012415114,22094.2974645137,22725.2001497495,-1394.9911773596,0
693,960,7.80733863613274,2726.2448246347,27.3176224286316,17.7510916266577,18.418089463224,27.3514451957158,31039.0456675788,16027.3041221739,-1479.12807229366,0
697,961,9.01937252679057,5422.72633840767,27.0336901246215,11.0587592935976,11.3140327452645,16.9955189258233,30554.7521590655,13645.8327199048,-1381.31555546427,0
700,962,10.2902679354821,4639.80613184368,25.2870183866297,12.1284995022927,12.4287509231973,18.6451347723775,25643.2513769157,9284.06729239492,-1230.58901443496,0
702,963,8.76027663319864,3923.34769840288,27.23156445673,13.7557170334116,14.1622893138143,21.1648620693962,27909.4345336716,22527.5062076655,-1487.10398978528,0
703,964,8.80001899405411,4408.85014920116,27.2351157054787,12.7088032559576,13.0544149796756,19.5457835491514,27950.8123801505,22487.5232377925,-1414.08778155573,0
724,965,8.6388985520875,3346.40904948326,27.0798807935252,15.3342753344213,15.8372944103791,23.6073837112854,31154.265816542,15491.0821512421,-1488.9127667383,0
725,966,8.43879434511891,3739.83765179469,27.0582769720351,14.1978250891126,14.6297199405915,21.8484761599876,31172.4295192142,15500.2067783448,-1462.0588892599,0
736,967,6.88953708513586,2497.17522401908,27.5646799786763,18.944885707945,19.6993713384116,29.2026304274251,24402.0375561051,21068.9674602264,1086.07117807644,0
737,968,7.36154323644813,2961.57140801908,27.5646799786763,16.7675760485007,17.3694590773852,25.82825545217,24425.9984961646,21063.8901182687,1097.41161558505,0
738,969,6.84154600309668,3098.57312801908,27.5646799786763,16.2405698211273,16.8070866174907,25.0119405064306,24398.6348526185,21081.5083517455,1110.37826098961,0
739,970,7.26948061683153,2445.61235801908,27.5646799786763,19.2334458030041,20.0088860404498,29.6500409069631,24408.9791727509,21094.8217256254,1106.44046573581,0
739,971,8.91402384038122,3887.23499304427,27.5497945550598,13.872681234705,14.2887087552724,21.3464784989908,30103.4688915148,17647.0824715695,-1308.10951806493,0
740,972,7.10476102596764,2711.06227299172,27.6250068857479,17.8651879308534,18.5433733000287,27.529149770061,24374.015470703,21102.2868550948,1129.71177125954,0
741,973,6.99105179715571,2898.57626423716,27.6247220879049,17.0329637858959,17.6534903888644,26.2395620743591,24428.1004091138,21076.4222454609,1096.24596575564,0
742,974,6.95005052308596,2313.21328823716,27.6247220879049,20.0389035806521,20.8743844592182,30.8993275442741,24409.7002737516,21070.4599414382,1156.08274387531,0
749,975,8.74622266346688,2752.6176591619,27.8424022323783,17.7016195200112,18.3705867432542,27.2762718600634,26088.0965666177,20847.9842056457,-1323.22864496289,0
750,976,8.69985554637384,2802.27218708163,27.9075661286034,17.4855981172921,18.1401552034697,26.9416852360746,26076.851230863,20866.8273306367,-1352.81167940878,0
758,977,6.69140094708041,2307.69379545601,27.4080215921842,20.0374851862954,20.8702772546179,30.8964149949844,23685.2827100629,20396.8484437612,1114.37082326139,0
759,978,7.00778979009148,2976.85713569606,27.3987974621209,16.6856711999114,17.2804149828721,25.7009350460645,23831.6586325398,20266.1537967425,1133.98027814107,0
760,979,9.24510339773654,2341.73112286167,27.8674216072853,19.9004105463493,20.7284481267211,30.6853154059408,26732.4818204981,20718.7446748085,-1243.38972409166,0
760,980,6.92144035147428,2986.377922602,27.3234456809232,16.6385648580381,17.2294081748886,25.6277652660874,23878.1581157443,20227.462833729,1200.1307254602,0
761,981,5.48020748760033,5672.97090251095,27.4427697198361,10.7611670258375,11.0036196517094,16.5365245278324,24334.9780567076,20552.9207092561,151.983128526153,0
761,982,5.80070258501382,4815.90533401125,27.272630609097,11.9806892960226,12.286092427839,18.4203369579896,23247.8968002288,20713.8374935148,77.0768123733677,0
762,983,5.63947931885631,5377.88858051095,27.4427697198361,11.1459737986244,11.4080822507625,17.1308846416193,24331.2401500511,20569.5243211243,130.052935737308,0
763,984,7.2197682416724,5291.28565559749,27.4001714613211,11.2632785643772,11.5312332668452,17.312029358742,23736.6359832109,21076.1808728101,1106.88696279095,0
764,985,6.90753277214809,4092.14979405027,27.3006473102226,13.372439137333,13.7568178678463,20.5721479514772,23864.8686733617,20228.763947379,1237.62488279814,0
765,986,7.11973421477559,2684.97473205027,27.3006473102226,17.9434594087996,18.6237295042801,27.6495169803494,23873.33042319,20203.6245697295,1176.46204478449,0
766,987,7.25219408802244,5133.56357498124,27.4895322590029,11.4972482026289,11.7780253787017,17.67365100757,24281.6078068134,21380.3535882234,1050.49977440236,0
766,988,7.2838020127013,5454.94246605027,27.3006473102226,11.0328622262405,11.2883339688407,16.9559391285237,23896.223657579,20186.8630954536,1187.8331469885,0
767,989,6.99294195864132,4958.28464045809,27.4860932617042,11.7655138305017,12.0606020818444,18.0881718420956,24290.1023311748,21382.4784103416,1158.75200503858,0
767,990,7.10184375325022,4728.45890805027,27.3006473102226,12.1303747420594,12.4441407016488,18.6517328807657,23884.2283620602,20215.1289665597,1210.78639157715,0
768,991,7.29577846874201,5425.78649045809,27.4860932617042,11.0837801783659,11.3429231601068,17.0348808163477,24306.0923501469,21363.7199260813,1101.78587269856,0
768,992,7.36965080796278,5136.79892205027,27.3006473102226,11.4795423448092,11.7582531872947,17.6459825416081,23900.9521676355,20204.4561097434,1193.37543501537,0
768,993,7.5883162812791,1979.48746868671,26.3540683525386,22.2253235149518,23.2104169992488,34.2868497839846,24972.217752698,16831.6014097875,1159.62019763663,0
769,994,6.56492983319813,6251.05772584978,27.4222878525105,10.0999355121294,10.3097472878765,15.5155180653013,23734.618016225,21520.0597890003,1126.85069989767,0
769,995,7.13968742916172,5780.59687605027,27.3006473102226,10.6209703002412,10.8556271736325,16.3198056050274,23887.6305850565,20226.7120303472,1193.5342248957,0
770,996,6.77250451908388,7022.07870386577,27.4922050377062,9.37342091438434,9.54969661617078,14.3943467873248,24699.105601834,21354.5243346893,1137.16729432662,0
771,997,7.04160505219017,6301.07961986577,27.4922050377062,10.0516546626776,10.2595019335366,15.4410832837083,24721.9300816061,21323.5211015077,1200.17914399211,0
772,998,7.08543986990543,4511.51284548664,27.4870600098185,12.5332937561941,12.87069916717,19.27490826451,24698.0352971922,21418.9251627721,1240.53050890945,0
773,999,7.05398758592281,4220.92382748664,27.4870600098185,13.1099436142623,13.480338906454,20.166550737021,24670.6477035622,21413.1874940476,1135.73472813479,0
774,1000,6.69678867066517,4538.80754116693,27.4433335394809,12.479107176761,12.8131734349605,19.1910564513421,24313.6600826256,21143.0569767695,1081.78091835478,0
775,1001,6.70260390069054,3287.62061116693,27.4433335394809,15.5658960210663,16.087030267564,23.9668645002062,24294.1584052896,21096.7909183972,1076.70660057358,0
776,1002,6.86389695888171,3265.34298095118,27.4162919884811,15.6369801175314,16.1624826488481,24.076860599308,24168.9825115366,21031.9271330121,1081.75262224602,0
791,1003,7.66266209572368,2204.75125472031,26.6305357784423,20.5799675183772,21.443614148887,31.7351772153736,22916.5267039685,17755.9968937609,1227.45643363941,0
792,1004,7.30333436304939,2130.1051407203,26.6305357784423,21.1065729500076,22.009820189766,32.5520544590223,22891.5940584221,17770.9236243483,1173.9431896015,0
792,1005,9.34500383666447,4601.03400682183,27.0401483007367,12.3342304938469,12.6575324645017,18.9663583426413,30935.5787568923,16943.591797531,-1339.2076474796,0
793,1006,8.96621313350374,4960.77212274942,27.0424050204583,11.7300136987794,12.0204508271066,18.0325567452791,30986.2467084032,16943.2420748519,-1276.36256981559,0
794,1007,6.9238841393909,2225.2134087203,26.6305357784423,20.4413624324335,21.2946663983801,31.5201936474062,22905.1116547694,17778.1795203041,1197.29432776065,0
795,1008,8.9957123673944,4546.56852502883,26.8034153375,12.414475664354,12.7406374581239,19.0899600284667,31777.371777643,16489.0562175507,-1277.38037545779,0
796,1009,9.25724954729015,4446.55786264259,26.8699497003872,12.6066281475176,12.9439636564374,19.3871253645482,31764.4873195315,16486.8115106083,-1321.67831608862,0
800,1010,9.45537194742091,3043.20576304186,26.4888846810642,16.3152573907395,16.8764948120913,25.1247943862249,20685.2240606772,20573.4901705246,-1259.03099333668,0
801,1011,9.43382533995022,3402.60400504186,26.4888846810642,15.0930722396818,15.5755963417029,23.2325816503388,20680.1532626569,20526.8323562491,-1234.18289502231,0
804,1012,9.51284145669088,3895.61833096241,27.1702262645905,13.8168512061854,14.2266120075634,21.2593051835174,30279.4923429573,17528.2476139543,-1201.37530851815,0
822,1013,9.9448544197744,3813.8847830302,27.5255286098896,14.0528037906392,14.4795565766225,21.6251073113745,31001.5656872341,17487.7626798478,-1235.29400740874,0
824,1014,9.7218937462558,4182.22415700314,27.8953020227102,13.2271154282131,13.6072563103002,20.3485653786695,30357.6361496096,18715.8856787212,-1169.0642582515,0
826,1015,9.50926164300686,4524.64296909628,27.9469242178071,12.5448575525012,12.8859797094872,19.293631069158,30360.5339440822,18741.4548791654,-1134.96490908506,0
827,1016,9.8899063287225,4437.30987909628,27.9469242178071,12.7109516885817,13.0615315703137,19.55044126644,30337.3245598925,18739.4789997072,-1221.47387972337,0
828,1017,9.67059134426013,4488.45425109628,27.9469242178071,12.6129807258661,12.9579716326973,19.3989584251764,30360.1421658711,18752.2960043177,-1194.55131883631,0
829,1018,10.2740389914507,4528.93542300314,27.8953020227102,12.5328106792146,12.8729086522594,19.2749112755941,30351.4567527377,18713.5242038488,-1223.7904592612,0
837,1019,8.02259546237898,5441.94426349983,28.145265513382,11.1040516357779,11.3679595060499,17.0672209006456,27042.2091739039,22949.0448756051,-1526.43214558225,0
839,1020,8.20772666311886,6078.80402749983,28.145265513382,10.3257196434026,10.5501547252494,15.8651122442761,27013.8467107784,22954.7777709458,-1460.84596311747,0
841,1021,7.99335454598864,3106.95497164403,28.1235556076274,16.2764945762142,16.8505726776442,25.0690053881344,27003.8732036188,22904.3397076768,-1527.49577581341,0
846,1022,8.45882166222522,3065.78837764403,28.1235556076274,16.4305587766932,17.014981238526,25.307647161976,27022.3738896056,22932.2421332349,-1487.93252028091,0
848,1023,8.30747019420405,3541.39579564403,28.1235556076274,14.8514827696915,15.3326295042788,22.8624539231302,27031.5956784514,22943.4894777879,-1479.40574223591,0
850,1024,8.27211363627499,3696.45425944738,28.054613301761,14.4103711303377,14.8632629878898,22.1795579262495,27041.4976673811,22926.654901167,-1520.78534415151,0
852,1025,7.91519527016413,5200.69070433472,27.1311472302959,11.3745079509122,11.6466872257078,17.4834282405599,24357.3884533277,19067.5503263465,-1482.45931131056,0
854,1026,8.36439050546563,3511.82512833472,27.1311472302959,14.834689351458,15.306530462612,22.8341887611647,24307.9522994561,19045.3451945084,-1448.80000876202,0
855,1027,8.29267243201118,4838.58326433472,27.1311472302959,11.932830989404,12.2347373371634,18.3461266428612,24330.2832561714,19023.7778599837,-1420.46992849702,0
856,1028,8.04849591600076,4396.41131433472,27.1311472302959,12.7245553642822,13.0703426646135,19.5699401569985,24280.5243080027,19030.3064786865,-1370.73897543897,0
857,1029,8.26452431653804,4705.19380833472,27.1311472302959,12.1576675112714,12.4718333638741,18.6936139823522,24307.5620049212,19025.6428263948,-1365.23977228657,0
858,1030,8.39266796727571,3740.19069633472,27.1311472302959,14.2040403183013,14.6368959205458,21.8582531239857,24310.103958728,19019.3130852954,-1475.21677567926,0
859,1031,8.47412213418312,2911.74878433472,27.1311472302959,16.9143421281517,17.5219178648534,26.054446299781,24299.0915200067,19037.7028171811,-1476.25363180155,0
860,1032,8.28094581228472,2846.79425220167,27.2160865462374,17.1984748372056,17.8262499161725,26.4948703293814,24308.8561101808,19053.6590695151,-1442.10438645241,0
861,1033,8.09246908483261,2440.92890058246,27.1844494207678,19.2001115966655,19.9687816472708,29.5971571733907,24311.7363353794,19007.3605918166,-1472.15502723734,0
862,1034,8.0831725909256,2794.76884020167,27.2160865462374,17.4256121996367,18.0689913273842,26.8467983402326,24319.4693171771,19029.0948521597,-1418.87781181217,0
863,1035,8.29594653845374,2549.42122620167,27.2160865462374,18.6111016216423,19.3377139843247,28.684099120697,24322.7239532332,19018.5940453662,-1435.03474727608,0
864,1036,8.26338643940699,2717.34745020167,27.2160865462374,17.7783925533933,18.4462304252404,27.3934601360003,24324.5375752972,19004.8696197036,-1407.68170284389,0
865,1037,8.29881980952486,2471.80160220167,27.2160865462374,19.0311806434034,19.7879777856137,29.3353397129798,24345.7251013994,19040.6014097815,-1396.64906272822,0
866,1038,8.23720713201137,2599.17796020167,27.2160865462374,18.3540307657203,19.0623457420244,28.2856154674318,24319.7045134479,19020.62549027,-1436.78136193608,0
867,1039,8.61477298422121,2203.06237620167,27.2160865462374,20.6961464603598,21.5758736131757,31.9174218566879,24331.6537006032,19017.4981718811,-1455.22329140951,0
870,1040,9.78485956870245,4934.06671237951,28.1362518033042,11.850136874649,12.1538007756693,18.2200505374643,28265.2515547254,24016.3207307301,-1223.31604039843,0
871,1041,9.66962015550483,4567.33381237951,28.1362518033042,12.4803592160149,12.8190729614494,19.1942540206426,28264.7534318622,23978.0581424558,-1227.00939505429,0
872,1042,9.54659350144582,3997.89563437951,28.1362518033042,13.6616416531418,14.0693524965648,21.0211953414002,28269.4349815673,24049.9480854332,-1177.13123373387,0
873,1043,9.78464559488776,4236.59139637951,28.1362518033042,13.1317680430201,13.5080140691606,20.2015649782808,28239.8290273254,24016.8052131855,-1204.62634837362,0
874,1044,8.72982338452825,9108.44496902402,27.9582946420289,7.96752551908693,8.08594965870908,12.226678301879,31389.781977952,16205.1286768409,-1505.32977386734,0
874,1045,9.41572871364874,3858.18471637951,28.1362518033042,13.999076532175,14.4272460351153,21.5432690819413,28285.230546403,24029.8899222344,-1173.2593585524,0
874,1046,7.59406057514999,7365.40678182749,27.6612594755798,9.09927615270988,9.26403127668128,13.97159380135,30318.9793136802,15771.5928673243,-477.699749324588,0
875,1047,8.56052542692778,9968.56026902402,27.9582946420289,7.53204043124146,7.63365133085938,11.5555323325491,31402.3441249453,16197.529382072,-1409.42599098455,0
875,1048,4.91965493975723,7208.01875382895,27.7756265898967,9.23109420801236,9.4022172989662,14.1750969944114,32301.1914468271,16013.3075323237,536.967993636791,0
876,1049,8.42664656707252,10561.874631024,27.9582946420289,7.26745450320627,7.35928224667694,11.1478859047232,31386.2615114748,16194.8068770907,-1458.14164337785,0
876,1050,9.93482602053874,4733.71821637951,28.1362518033042,12.1836292387842,12.5056820996493,18.7355227696477,28259.8945796406,24023.7954961475,-1220.8334469257,0
876,1051,4.93958719980105,7546.86673782895,27.7756265898967,8.96422383170514,9.12352169008213,13.7633925546859,32312.2876765635,16034.8037933354,644.374634000369,0
877,1052,9.7569091153923,5463.88011637951,28.1362518033042,11.0740174163891,11.3363121560588,17.0208092781268,28252.4638866395,24022.1008619001,-1172.75989338308,0
879,1053,8.71404728105973,4185.84607063545,28.2614510700025,13.2505009395901,13.6346097199254,20.3854498296155,25868.1605598837,23710.5064174019,-1254.40927659403,0
880,1054,6.60122164103676,3978.87640967107,26.5419486168644,13.5611751859924,13.9509477224391,20.8624907038494,24802.5414698903,15767.8231022292,1160.66606589844,0
881,1055,11.722347801509,8542.58647924398,28.0679857868446,8.29900437846013,8.43120946277749,12.7378068442979,31816.2961342869,18070.9594116407,-923.831179485251,0
881,1056,6.8970016325638,3930.68352167107,26.5419486168644,13.6741260757479,14.0705495032491,21.0371923533112,24807.9056839434,15763.1524585926,1139.96850626132,0
882,1057,11.4961785657232,9030.32482344916,28.0956989658618,8.01555881773613,8.13637794226974,12.3008542894661,31798.0754900156,18029.5771996603,-969.338185987927,0
882,1058,6.84189637659753,4236.78504989121,26.5594767104829,12.9976068972501,13.3548775573815,19.9910044226006,24833.3624513109,15732.3957141015,1191.34279850025,0
883,1059,11.5727631715576,9371.87582850349,28.0371372126642,7.82959032267204,7.94286571676747,12.0141491987938,31818.1417246873,18033.7012732369,-923.628585611787,0
883,1060,4.76567682983911,6456.02470510751,27.8055035324418,9.91126074941526,10.1139467712201,15.2247897298797,32885.6120348757,18257.5962431811,669.348279804935,0
883,1061,4.70208395682152,6907.49344232907,28.1049436923855,9.50281650007502,9.68776676184509,14.5947800701793,30748.7215187093,17952.1225896659,508.531033630954,0
884,1062,11.811636385475,7457.93813524399,28.0679857868446,9.04529739210077,9.20939404038829,13.8887996998592,31807.102587891,18128.0504430748,-888.63890744167,0
884,1063,7.22616721623516,4114.73277767107,26.5419486168644,13.255594832896,13.6275591625685,20.3898989879002,24804.4346199055,15767.1170339529,1150.75732706218,0
885,1064,9.53721099233728,4522.80215402639,27.0818923418582,12.480266722988,12.8119720153666,19.192180110209,25758.1909427761,17599.9107387166,-1134.65243964493,0
885,1065,7.36221359353469,4812.72089789121,26.5594767104829,11.9332249052779,12.2314918689344,18.3457255040828,24853.4613936713,15737.590767209,1175.00491316997,0
886,1066,9.80875448722249,4210.78385887972,27.1189122272457,13.0998879410303,13.4670682977124,20.1502746670032,25780.9389315642,17607.6654159607,-1160.75896088054,0
886,1067,7.1455799196009,4631.72704967107,26.5419486168644,12.240870295328,12.5557089537537,18.8211390354622,24826.9781977377,15748.8572199639,1135.35941885396,0
887,1068,8.99950938980196,3756.56128709718,27.1055617806458,14.1590085792819,14.588918288628,21.7885213625229,25815.2759083498,17580.6198696349,-1184.90436238822,0
888,1069,9.43236461894921,2666.29871287972,27.1189122272457,18.0073630899221,18.6901809017106,27.7480221775756,25805.3462058794,17604.5369852827,-1181.27164401462,0
889,1070,8.94981738836631,3333.75057002639,27.0818923418582,15.3750141407368,15.8806569695897,23.6704563921449,25772.2886189428,17594.7578593036,-1239.46378756572,0
890,1071,9.91864161178687,2530.58709111948,26.9070723813798,18.6637604615881,19.3906853764612,28.764778305781,25767.4555951648,17568.61726573,-1227.49913644616,0
897,1072,9.77684081103744,5268.89573274468,26.9985701095323,11.2681497118077,11.5340041514122,17.3189047505017,29895.3072190166,14955.7858691483,-1148.21508562424,0
898,1073,7.06830226397086,7071.47767462655,27.8549034891187,9.34867730066717,9.52545429541034,14.3566165051199,31044.6010916561,17139.1066584698,939.096512170123,0
899,1074,7.91540204461605,5943.83457862655,27.8549034891187,10.4616343906908,10.6913036477705,16.0745704065307,31158.1718101711,17163.7107075889,990.382200098482,0
900,1075,7.57255112858318,1868.87245933157,26.8777263817689,23.3100647003833,24.3874887888544,35.9725004743307,24151.4711319876,19640.5713524162,1244.47614359191,0
900,1076,6.00753159149458,7274.93137310717,27.9177346753557,9.18322443768105,9.35282071439728,14.1014121568784,30983.9653525687,17216.768520452,1003.95442514356,0
901,1077,10.0424359567705,5093.69688062495,27.0956337279061,11.5296755325968,11.8097970838743,17.723099069409,29892.0745764637,14941.89773163,-1221.53131042511,0
901,1078,9.14922578922688,6900.23998042722,27.9521224584593,9.50180189213117,9.68601441064426,14.593023235958,31198.073247216,17517.2536191364,-1102.43141361234,0
904,1079,8.78503848624291,2582.77827118358,27.2082002537703,18.4365786376937,19.1506680235598,28.4135444398571,30425.2065378818,15112.2876225516,-1412.25305550178,0
904,1080,8.4044577840319,2243.81050625959,27.0180012789629,20.3853287470881,21.239283876945,31.4346157248689,24117.8333690372,20483.4170253508,1246.15781973137,0
905,1081,8.54681849608996,2791.34246518358,27.2082002537703,17.4397712579475,18.0840459051944,26.8687152096396,30394.654923603,15159.51526677,-1357.14443067203,0
906,1082,8.90617763088861,3169.48064050475,27.2167369642414,15.9433108440463,16.4869841625922,24.5506991041349,30436.8207065308,15112.323222663,-1446.9334310204,0
907,1083,8.47131716220532,2709.33966718358,27.2082002537703,17.8148285643029,18.4851248275038,27.44990204154,30430.3661076441,15117.6780857104,-1448.74512144396,0
908,1084,8.67784927998982,3035.49648250475,27.2167369642414,16.434852503658,17.0110260258043,25.3119464921311,30425.7183659479,15143.4267778425,-1427.37596542783,0
917,1085,7.9386166095679,4299.22740545514,27.2630659885697,12.929005409555,13.2873706433724,19.8863132490666,23054.4885017385,22561.784809614,-1482.58208645285,0
943,1086,9.43277787932009,2682.61869621499,27.0749956290932,17.922618818482,18.5990338623463,27.6165586586849,28631.1202587476,22799.7895874386,-1110.24288684105,0
944,1087,9.5411634683325,2708.60937621499,27.0749956290932,17.7994937397411,18.4673160999967,27.4257507750134,28636.9093509304,22758.0430252527,-1189.08061680103,0
953,1088,8.73629454430594,4714.00746626702,26.4499694176509,12.090798149049,12.3968538168272,18.5890353115418,28875.7389679715,11978.4314587088,-1324.56275037131,0
954,1089,7.85176893195184,4833.93263916289,26.9521003551326,11.9273275970546,12.227797057759,18.337307478262,22213.4007792556,20493.6310966539,-1508.62406169651,0
955,1090,8.05766810174183,7421.59117116289,26.9521003551326,9.02307775041352,9.18143008081229,13.85320388138,22251.0927735115,20435.5737326732,-1449.0979742796,0
955,1091,8.38607594800808,6865.80762111299,26.6311395899821,9.46706329517245,9.64360844925506,14.5377366105779,21050.2373596585,20078.9747431586,-761.451213674183,0
956,1092,7.84832036539055,6787.72571674124,26.9713746354823,9.55389359316126,9.73596798109066,14.6721558552894,22371.0138637546,20458.1159656256,-1492.43704608543,0
957,1093,8.13230549847873,6743.36535274124,26.9713746354823,9.59421900533534,9.77813470914657,14.7343813375957,22371.4750936295,20487.9600369698,-1448.6462059352,0
957,1094,8.14897354728035,5128.71114808696,26.6912940886499,11.4496030387331,11.7230620166086,17.5987119743047,23357.6612654653,18953.1596284566,1171.57648919301,0
958,1095,7.14468697177063,6414.35891876882,26.9316209645488,9.90631782850856,10.1045000606317,15.2159797418875,22496.7145977414,20246.1200156628,-784.674470890539,0
958,1096,9.27861823020182,7277.49493592878,26.6267370347363,9.12125212762756,9.28245054595811,14.0042426599775,21290.5724156277,19802.7220153779,-1236.06135163793,0
959,1097,7.02355573659197,6768.27675874124,26.9713746354823,9.57151666622091,9.75439496979807,14.6993495167707,22480.0468293763,20367.1687078273,-1079.52843288308,0
960,1098,9.07912796444043,3276.05769082884,27.192828800729,15.5758766123696,16.0954243576957,23.9817026577652,25254.4852792314,24159.2405876243,-1198.78549379802,0
960,1099,7.68565385230045,7673.8528982292,26.9413558803065,8.83306644904055,8.98319095149957,13.5601234588055,22346.698554447,20514.6528780979,-1524.81361677236,0
961,1100,9.45925031513396,3642.97807858134,27.1857297910213,14.4692541857365,14.9188197995265,22.2687610915925,25240.3379371892,24112.0032161531,-1238.45065932417,0
962,1101,9.43447214042934,3732.68997658134,27.1857297910213,14.2289958941979,14.6638099252682,21.8969866688728,25231.7483722877,24117.5651846159,-1233.81739683623,0
963,1102,9.17761008254908,3174.12136282884,27.192828800729,15.924152473407,16.4663509910245,24.5209713549368,25223.2669850222,24153.3956769128,-1231.43516031423,0
964,1103,8.87855404026439,3307.53284482884,27.192828800729,15.4722945485685,15.9851637304593,23.8213326784158,25244.9306593912,24159.8614693643,-1215.44321505039,0
965,1104,9.10494848875481,4109.70901858134,27.1857297910213,13.3234593646792,13.7041241124865,20.4961619886075,25257.0901210334,24126.0077990242,-1243.82741572132,0
966,1105,9.34962714116141,3905.31848482884,27.192828800729,13.7954859120252,14.2041408375553,21.2263013436505,25234.5292848306,24162.8007571851,-1245.81587419998,0
967,1106,9.03481971062405,4171.23838282884,27.192828800729,13.1903288714487,13.5632832750337,20.2902838344367,25256.8979725875,24163.831218844,-1191.88180783562,0
968,1107,8.1327584066075,5687.50668778604,26.4805347411013,10.684102625798,10.9173988396215,16.4160513419067,23316.1018734605,18261.9174424167,-1445.2194858212,0
968,1108,9.32523533909435,4097.18697082884,27.192828800729,13.3517463079375,13.7341191454875,20.5399252488589,25236.778660647,24154.2813965722,-1231.7147709239,0
969,1109,8.1477754425128,5990.67255178605,26.4805347411013,10.3288024118674,10.5447564230044,15.8674868921383,23327.5102549747,18273.7626111038,-1392.16031198038,0
969,1110,9.18193633694169,4077.27546682884,27.192828800729,13.3960471288168,13.7810182293907,20.6084427031068,25256.6766600323,24166.4304553195,-1187.54183098166,0
970,1111,8.09726352579261,4602.07136096824,26.5357758541784,12.2930680833015,12.6107261088752,18.9018038781336,23315.8119512417,18284.1085479039,-1456.96081718122,0
971,1112,8.19299561988685,4999.77281696824,26.5357758541784,11.6331769958962,11.9153149658476,17.8820611705622,23322.7357175986,18256.0958649984,-1450.95802314691,0
972,1113,8.15331226262499,5458.59642296824,26.5357758541784,10.9788520892885,11.2271959209651,16.8713103933917,23311.4636614382,18264.0273340723,-1404.75588690413,0
973,1114,8.43491315928592,4251.76985696824,26.5357758541784,12.9646384621385,13.3198580132878,19.9399816193628,23341.0965219574,18275.9870774417,-1425.61282146503,0
989,1115,10.5663041402136,4160.06921049321,27.029244631477,13.2001353848883,13.5724719128089,20.3051221824703,30961.465447106,11818.8610157143,-1019.03169846787,0
998,1116,9.12224586485107,2325.15453896361,27.3666983280845,19.9206272053679,20.7442582294333,30.7150407760059,31124.4603968584,16010.1018439095,-1336.00890401737,0
1054,1117,10.3975998076511,2431.14394891175,27.4407865880854,19.2968105085035,20.0754572412109,29.747902874782,30345.2543807029,15075.0400482886,-1101.71788057742,0
1055,1118,10.3671744198291,2691.85078696361,27.4922206061808,17.9377232572434,18.6196116359139,27.6411838589538,30381.9521735509,15028.4056885592,-1185.47897536093,0
1056,1119,10.1442584405291,3116.46801496361,27.4922206061808,16.1662024248808,16.7271095372184,24.8965774302519,30358.1148089954,15029.5636388671,-1120.62928720145,0
1057,1120,10.3588855929331,3089.45703691175,27.4407865880854,16.2593394928023,16.8259471868728,25.0406921889668,30342.6968470195,15050.9355217399,-1093.75969398006,0
1058,1121,10.5084511764605,2961.84549496361,27.4922206061808,16.757298458308,17.3577839744827,25.8121408326215,30375.4193564813,15050.9696054738,-1105.52467624804,0
1065,1122,7.5794365243862,2405.51557089424,26.1663417862295,19.2394606351944,19.9990517293322,29.6548768551513,24746.2260624032,16348.7553001786,1211.33622878508,0
1086,1123,11.4598519403325,11917.1416445985,27.3222743360817,6.73173441003583,6.80303182683822,10.3223022806204,32586.9708363154,14807.5445396061,-1219.07658516873,0
1087,1124,8.13150256883893,4061.6213693542,27.2979946752413,13.4405163510652,13.8288799799826,20.6774367605639,23485.5235852284,21639.6577050934,-1462.23851840346,0
1087,1125,7.86898052000238,10010.6151365985,27.3222743360817,7.49180873622448,7.58984309591791,11.492968333322,32343.712904706,14515.3601968093,1194.90412562802,0
1088,1126,8.16655065641132,4399.5442613542,27.2979946752413,12.732038451032,13.0794014763095,19.5818272394707,23484.6018173846,21622.5927059344,-1477.89248550635,0
1089,1127,10.0917160721585,10863.1738394132,27.2768478601005,7.12245387906971,7.20700534453743,10.9239526690741,32634.673860481,14574.7231817064,-1102.04940466918,0
1090,1128,8.83807292477013,4399.38664764357,26.3601556272169,12.6555328216725,12.9920594934176,19.4617496516629,21657.7229890134,19227.586412398,-1300.1846468027,0
1091,1129,8.87679398557383,5593.85662764358,26.3601556272169,10.7931064522296,11.0311325756396,16.5841840548295,21625.8102617144,19221.8190694305,-1285.70984840469,0
1091,1130,10.1994627003266,7395.0024500266,27.5955145887211,9.07303389598388,9.23634767546328,13.9310324417355,30843.5651192938,14782.325266552,-1066.87981003189,0
1092,1131,10.4570557451994,7938.25709497283,27.6467424446065,8.67539244525344,8.82170511826796,13.3177560484114,30865.9557037156,14750.769851391,-1061.12665304411,0
1093,1132,11.0313667547307,7087.7838020266,27.5955145887211,9.32255913101507,9.49700065815164,14.3159978078222,30923.1706899248,14737.9972336288,-1063.27240342988,0
1094,1133,10.8444123532595,6613.3878140266,27.5955145887211,9.74730014597518,9.94125131403768,14.971440324212,30914.1667229348,14765.0359017918,-1032.61446560044,0
1095,1134,10.6083676224396,6554.6444720266,27.5955145887211,9.80362269066078,10.0002135950435,15.0583693496101,30884.4428176472,14728.735135557,-1052.00154061578,0
1096,1135,10.5506193071652,6417.5766740266,27.5955145887211,9.93854776610406,10.1415116969288,15.2666281683322,30887.6415364766,14731.371839721,-1073.93506260554,0
1097,1136,10.5102619367517,6033.0027140266,27.5955145887211,10.3456645164567,10.5682733334248,15.8951325399595,30881.0635608346,14670.5628841483,-1104.04974950205,0
1098,1137,10.2883071535929,6575.40973251493,27.6120536754467,9.78446761628236,9.98023825242054,15.0288265613581,30890.0413727535,14709.7580949379,-1032.44879897967,0
1099,1138,8.94977685211206,8044.60192295619,27.465198995157,8.59510465548109,8.73729858062313,13.1937392540802,30746.823730013,14238.4517876823,959.654177882892,0
1100,1139,9.40795527571305,9850.94568457958,27.5068799091871,7.57286034061549,7.67452304255364,11.6180192468728,30773.089051041,14228.8731921381,984.691491222395,0
1101,1140,9.59030883847091,10367.1029685796,27.5068799091871,7.33740850530565,7.43037086603883,11.2552611289389,30831.8937832925,14181.5688725947,948.298170039107,0
1103,1141,10.2132837863054,8258.71544115053,27.6006634939689,8.45916061274625,8.59620836006568,12.9842588145838,30898.8667772636,14705.9530723062,-1097.30425609081,0
1104,1142,10.3764167152162,10233.4067103371,27.6233240803196,7.40012512282085,7.49575189178139,11.3519841954333,30980.1016211637,14712.8021662794,-1103.9804025986,0
1105,1143,10.0786783365767,6833.12093433712,27.6233240803196,9.54553697970676,9.73026055600658,14.6600991458611,30949.5481673109,14724.2323933154,-1099.12179471836,0
1106,1144,10.0917753566854,5649.68598033713,27.6233240803196,10.8013072057511,11.0467749874551,16.5987902389073,30911.2112830097,14711.3660711848,-1069.2753176454,0
1107,1145,9.05224968094699,3488.7471390289,27.1973227697429,14.9095718495592,15.3866737120915,22.9502441075796,25533.602521901,20868.2935003492,-1240.14775266305,0
1108,1146,8.99305356283466,3132.4325370289,27.1973227697429,16.0730666497549,16.6250824779528,24.7515858392493,25538.1087788825,20879.9684971484,-1220.00900679594,0
1109,1147,8.87565427003756,2811.9542370289,27.1973227697429,17.3471972679345,17.9849851238424,26.725245478919,25495.3562577943,20864.2864298286,-1240.65469905156,0
1110,1148,8.7674805180352,2438.38150924364,27.3508191852159,19.2410070390621,20.014557784899,29.6610921697333,25532.9713646708,20898.0509619708,-1257.27936753325,0
1111,1149,9.0702972848149,2516.15531524364,27.3508191852159,18.8088036737565,19.5510855004494,28.990996240231,25532.0112689415,20861.0964181527,-1236.08680577148,0
1112,1150,9.0864881016369,2844.82728724364,27.3508191852159,17.2248466198094,17.8557869596595,26.5361038107332,25509.9213969426,20844.8139595402,-1256.58626648185,0
1113,1151,8.88139895579725,2621.48364724364,27.3508191852159,18.2613770957289,18.9645868941141,28.1424042683777,25565.409457385,20896.3895214977,-1196.23103376531,0
1114,1152,8.51042036357092,3522.45717724364,27.3508191852159,14.8266557907973,15.2998388378568,22.822263171458,25533.5561934514,20864.3046321787,-1255.35903857899,0
1116,1153,9.03740925033461,3322.16159142688,27.3379973124152,15.4409695101301,15.9531065104783,23.7731885952579,25508.3164691097,20907.110849664,-1208.03891556667,0
1118,1154,9.36002312948427,3203.58677524364,27.3508191852159,15.839784261858,16.3779084280002,24.3907251054348,25522.1457504962,20859.8044151261,-1299.74522375461,0
1147,1155,8.06136815386719,2416.00963501845,27.2871165753285,19.3599022961577,20.1413827115474,29.8452443525104,22316.2842836229,20321.4177260884,-1454.5616205383,0
1171,1156,10.853450905927,4029.98309965927,26.9381416612196,13.4799017464452,13.8679030994562,20.7376154071578,21265.4433726269,21716.4770155707,-1094.4053287853,0
1172,1157,10.5464057723024,5465.43954565927,26.9381416612196,10.9957162165467,11.2472260715245,16.8979945842567,21260.2955539394,21683.6883041161,-1089.93159239766,0
1175,1158,11.1289125302413,4090.07487689989,26.8459847084478,13.336778431617,13.7157145479833,20.5160701163826,21292.0851525724,21672.0231517208,-1078.82352343902,0
1176,1159,9.60415646744672,5263.91961731179,27.6532064822488,11.3187344773904,11.5910626907866,17.3981098921625,23515.7494351319,22966.1052419947,-1308.48620319059,0
1182,1160,9.15106376781876,7452.10941232538,27.6225888224707,9.02984860597221,9.19137738614409,13.8644454776177,22571.6093601605,22795.5388771539,1264.57177641983,0
1184,1161,9.55900504926717,4859.7053625743,27.6167275789913,11.9335416166914,12.2385461524628,18.3480688632628,22644.1138111314,23143.5329385171,-1099.30132355912,0
1190,1162,8.66115359525552,4632.78879944011,28.0098276148986,12.3517491727088,12.6823908023448,18.9951941128168,23734.0469823817,20270.8321922766,-1514.37207760853,0
1191,1163,8.38762541602398,4487.92379744011,28.0098276148986,12.6189453158177,12.9646948753469,19.4082962234616,23716.8405277704,20265.4095196189,-1452.72737085849,0
1220,1164,8.83153091023003,3264.43918565822,28.2159442176008,15.7304054448857,16.2690858565489,24.2234759561096,24334.0720468228,22162.1325507708,-1304.69265242569,0
1221,1165,8.97930986660174,3161.99625965822,28.2159442176008,16.0870231406098,16.6492906987754,24.7757696693509,24323.4771165343,22130.5354670433,-1378.91322080558,0
1222,1166,8.92016039397939,2043.93447365822,28.2159442176008,22.0654576358321,23.063061696442,34.0456394371906,24330.4222541891,22164.7672216223,-1290.65754176744,0
1223,1167,8.82134201663124,3354.21716165822,28.2159442176008,15.4342599511924,15.9535906732616,23.7649010664955,24348.8035601107,22128.3896839554,-1409.36687438223,0
1224,1168,9.07479142808724,2535.35655965822,28.2159442176008,18.8361560518333,19.5899384945767,29.0360288552461,24328.1877077017,22155.9811049156,-1319.27544041321,0
1229,1169,10.9316943458776,6810.98012467706,26.3295878930782,9.50059357215796,9.67722373211797,14.5890766391761,30805.3000468198,14183.7040083633,-1043.90823667113,0
1257,1170,10.0043391077627,2410.53550934258,27.2775903539212,19.390271563314,20.1738580226677,29.8923043410764,21513.508113853,19923.9412785851,-1100.52521994002,0
1276,1171,9.27732771089497,3964.08909733188,28.7292542252367,13.7947401160574,14.2148609384492,21.2283188701018,24540.6192975113,22323.3964043561,-1318.12226926832,0
1277,1172,9.38448906440673,4564.67105233552,28.7734957639273,12.5342397787688,12.8801588442507,19.2787032132547,24528.2018089866,22345.7151469295,-1332.75487208846,0
1278,1173,9.03033744516047,4016.86339333188,28.7292542252367,13.6700932710713,14.0826404547344,21.0354628299231,24544.7313567442,22296.0771289237,-1346.51649348552,0
1279,1174,8.88218655466888,4200.36199933189,28.7292542252367,13.2587503672933,13.6466218578422,20.3991122392918,24553.0289269108,22319.1770351495,-1248.46480883798,0
1280,1175,8.82092613524215,4442.04121660011,28.6909709752022,12.7608679589949,13.1192885321926,19.6289981375394,24543.8555525482,22319.8547110064,-1316.2408873633,0
1280,1176,9.09351108546996,3270.12982743634,28.2443307802203,15.7143793785444,16.2522556236022,24.1987268539643,22141.3231479646,20282.8804228844,-1242.10255744456,0
1281,1177,8.74829496427144,4577.92369027825,28.7141793996035,12.5051884628197,12.8490646389054,19.2336777398569,24551.3507054989,22290.3639692936,-1306.50122480888,0
1283,1178,9.14734318355742,2889.20821660011,28.6909709752022,17.2099526889311,17.8530595920831,26.5166609202718,24550.1142203107,22308.2800710031,-1290.18685428965,0
1284,1179,8.81887651384518,2729.87213260011,28.6909709752022,17.9238557103195,18.6171169320625,27.623094049571,24548.0620767214,22301.942335509,-1262.47527769517,0
1285,1180,8.98169122480223,3170.61647227825,28.7141793996035,16.1139212008153,16.6824457186349,24.8186600918529,24534.0987550943,22277.1015342588,-1248.48522676228,0
1286,1181,9.00755943248117,3680.51837227825,28.7141793996035,14.5180819448096,14.9828930571535,22.3476904958101,24537.7941586319,22322.1603767867,-1316.93533645357,0
1287,1182,9.28272825248248,2917.33541860011,28.6909709752022,17.0913996952247,17.7262852160783,26.3329528962117,24574.7714339985,22295.0772122285,-1328.77201868334,0
1289,1183,9.28314887621551,3043.43426860011,28.6909709752022,16.5847141695911,17.1848183490876,25.5478988084206,24552.8746147248,22319.1800270446,-1347.24871643419,0
1290,1184,9.62381691605744,2459.56694417464,28.6569818043362,19.3237815419769,20.1180705489051,29.793494930218,24526.3024882903,22290.3428117866,-1240.30201792782,0
1294,1185,9.07284222852484,4789.52953165799,27.3324243259384,12.0291207747599,12.3375449390056,18.4952932303894,21065.7871676645,18535.2075047898,1027.17708895294,0
1296,1186,9.13309631328594,3825.02876477349,27.9916632391743,14.0687933711405,14.5001224815497,21.6508397727765,21811.2346735052,20035.5224174605,-1221.92658318953,0
1319,1187,8.73796837071166,6337.18612769704,28.5592335511777,10.0716416846492,10.285678929627,15.4733832252468,23232.2950305572,22017.6263871097,-1335.99691683352,0
1320,1188,9.00451462472793,5330.73531602148,28.5596614227125,11.2835389098449,11.5592040888633,17.3451651164583,23209.2300509311,22046.2841935742,-1378.54505862886,0
1321,1189,8.72582659458153,4556.98396202148,28.5596614227125,12.5321048587803,12.8765180803249,19.2750206656318,23212.2489040934,22067.4735926107,-1299.60439835719,0
1322,1190,8.60556081424605,4951.27987640076,28.5313709150473,11.850375231581,12.1564490481204,18.2210800351813,23208.5220509866,22035.8935742106,-1258.21968378645,0
1323,1191,8.98740442017285,4266.31532840076,28.5313709150473,13.1023406002311,13.4796007245041,20.1568063969336,23196.3812960602,22038.0982616044,-1313.26040438154,0
1325,1192,8.73182298734747,3234.37520240076,28.5313709150473,15.8686915094559,16.4192640063172,24.4383957748357,23240.4813518076,21997.5993371892,-1299.48838787198,0
1394,1193,10.2232971722464,2908.064404151,25.8596648744291,16.7627373531132,17.3473207856171,25.8160847685634,25833.5058900184,15934.2624919537,-1206.11674061739,0
1395,1194,9.34997403741575,2771.745490151,25.8596648744291,17.3408772711639,17.9642743753157,26.7116084945161,25747.3263655242,15901.6786944137,-1187.06070398136,0
1396,1195,10.0418587553074,2862.911104151,25.8596648744291,16.9486535445445,17.5456359909169,26.1040413322454,25803.1254182933,15898.7245798695,-1197.57167841205,0
1398,1196,9.47435226320703,3067.796956151,25.8596648744291,16.1453022951777,16.6892854127591,24.8599288006154,25781.9049807748,15911.19374066,-1187.11414347012,0
1399,1197,9.77998567932175,3027.797740151,25.8596648744291,16.2943342759739,16.8480347159639,25.0906960324951,25797.0451612101,15922.7612751119,-1183.51914066494,0
1439,1198,8.34225580880917,2760.36991335614,27.7208186928979,17.6494123575546,18.3134869613452,27.195021809925,24365.956871509,21702.7074389178,-1347.06720174284,0
1483,1199,9.05038984725325,2407.43418726695,27.3560842118728,19.421014357337,20.2077557314529,29.9402252310982,22723.1553503331,21603.769584576,-1248.46052424476,0
1484,1200,9.29777244564655,2749.63012326695,27.3560842118728,17.6484270771929,18.3086768291414,27.1924599889759,22709.925232849,21629.0892754812,-1231.04907057144,0
1485,1201,9.27695303196466,2777.25072726695,27.3560842118728,17.5229890305833,18.1745340843691,26.9980813647106,22709.2049019925,21625.4262538112,-1241.18822471062,0
1486,1202,9.1538492524122,6040.70141824836,27.4613076935697,10.3294332934641,10.5505556408508,15.8698805992515,22931.7493185391,21616.0173546641,-1218.4566056776,0
1487,1203,9.21604707830317,5477.17578126695,27.3560842118728,11.0068960495736,11.2613515092155,16.9159182257983,22709.9978764649,21587.6056752029,-1208.91539997562,0
1488,1204,9.2300120047038,5684.19815526695,27.3560842118728,10.7419368174616,10.9829476638195,16.5066952332613,22663.501849778,21630.7001284082,-1170.11153375861,0
1489,1205,9.41576228270752,6010.33713726696,27.3560842118728,10.3573749918692,10.5793178127782,15.912870947447,22651.495595055,21609.4015878765,-1131.55071168542,0
1489,1206,6.63062072798794,3329.90724853144,27.7177484003142,15.4580522054562,15.9746199879545,23.8005537116343,23621.6834101707,21365.9682802859,403.120418504153,0
1490,1207,9.49005394323706,5239.28100314124,27.6355932791039,11.3527699971795,11.6267837471952,17.4506653199179,22615.3380742915,21669.6551475135,-1185.00848690579,0
1491,1208,10.0253749216795,4838.03336114124,27.6355932791039,11.9705901167538,12.277734837818,18.40536084553,22655.3287739106,21641.3529396623,-1340.6848633319,0
1491,1209,4.54246282976802,3018.76666707083,28.0079500467996,16.5970062151026,17.1915794149175,25.5651879531242,23657.9351603341,21545.3511733913,612.008776458842,0
1492,1210,9.47058308896115,5206.10984714124,27.6355932791039,11.4006294284286,11.6771641045169,17.5246083304407,22609.7892804986,21601.0928037729,-1202.49041900362,0
1493,1211,9.84076958490182,4447.46832914124,27.6355932791039,12.666475692288,13.0124176023839,19.4810933056214,22596.9978956137,21591.287034538,-1236.61099330154,0
1494,1212,9.74372244726765,4584.5975056837,27.634070315026,12.4099751655509,12.7414288517273,19.0845313692873,22612.0428536815,21552.9936342466,-1190.22173935922,0
1495,1213,9.45100381759986,5942.15051863693,27.6925837480355,10.4541981723934,10.6826544096871,16.0628544791468,22630.4950098721,21584.4830031458,-1272.64741354309,0
1496,1214,9.31544745792668,5035.36212463693,27.6925837480355,11.6597821711422,11.9504463139479,17.9251321971822,22640.8715191031,21588.4140594598,-1229.29188118476,0
1497,1215,9.61404471871304,5288.0198416837,27.634070315026,11.2833159776648,11.5536763559269,17.3433599383215,22634.5082724401,21589.0771444631,-1213.41471465196,0
1497,1216,3.87085946599246,3079.82273907083,28.0079500467996,16.3637006575247,16.942558148652,25.2037891684338,23534.0574226803,21569.6616397,531.404543763377,0
1498,1217,9.55529025058515,5793.30098114123,27.6355932791039,10.6257152307392,10.8624060101248,16.3276293152617,22598.9527377033,21593.544484541,-1255.00137577988,0
1499,1218,9.74384035830098,4837.94308663693,27.6925837480355,11.9748870136804,12.2826241829787,18.4121005333588,22671.0853695697,21597.4936170753,-1216.89249043869,0
1500,1219,9.58523665184652,3949.81290840121,27.6977155010654,13.7354040827838,14.1442885179161,21.1344105784626,22704.7812717048,21534.7592766924,-1246.63459102482,0
1504,1220,9.74764519863007,2856.28808640121,27.6977155010654,17.2214763896417,17.8556571712141,26.531838462652,22687.2556522905,21584.5125513905,-1250.12468561516,0
1526,1221,9.68871833204406,3119.59949427955,27.7675595237942,16.1876310392166,16.7525066605381,24.9304666099504,23262.3574673933,21662.2871948407,-1182.9631966674,0
1530,1222,9.66084764938062,2650.85652376465,27.8127085758073,18.1821881884779,18.8847152859917,28.0210193848191,23238.470147258,21635.8064057716,-1174.27631433045,0
1531,1223,9.55122756958631,2386.45641976465,27.8127085758073,19.6187645690722,20.4253055179655,30.2483361118051,23222.8888978617,21646.5083058382,-1211.63209126548,0
1532,1224,10.0312903563917,4040.76320176465,27.8127085758073,13.5336364017776,13.9313078049007,20.8225198009824,23218.3699008125,21649.4763135741,-1219.16241283942,0
1533,1225,11.0609361456769,5563.90695429573,27.7715765725139,10.9196709381837,11.1719814055262,16.7818310621995,23240.0672508945,21743.9351570184,-1057.1468621628,0
1547,1226,9.60552100384126,2640.81123950641,27.6734459528418,18.2118612619684,18.9150172325769,28.0666066294569,25867.6133190461,19872.3381324656,-1096.92579378712,0
1548,1227,9.11611159622294,2777.72485550641,27.6734459528418,17.5640966626367,18.2217429273172,27.062676747179,25882.206689553,19872.4588590545,-1338.58047910624,0
1548,1228,7.35754734757666,2274.55052529621,26.3398937179008,20.0663297099233,20.8882235666003,30.937554577876,23009.9648901242,16833.338942848,1166.11218282274,0
1549,1229,7.29147146013737,1685.46515529621,26.3398937179008,25.066365552112,26.2768070230675,38.6971957069493,23044.507184749,16833.9638729617,1142.24551817544,0
1549,1230,8.99639515593037,2479.00824350641,27.6734459528418,19.0621230978005,19.8263242701978,29.3847375708775,25923.5352164156,19865.4445775486,-1433.92150487252,0
1550,1231,6.82956703029779,3756.02602420054,26.4068749940741,14.0919791740799,14.5122323716578,21.683273776734,23024.7337185715,16853.7262987232,1120.22616583683,0
1551,1232,8.5741248279457,3043.94968439941,27.58105982639,16.4474960269357,17.0279766321052,25.3324835312033,25902.3159032594,19857.8760605058,-1342.80393618877,0
1551,1233,6.98777235136177,1970.77467220054,26.4068749940741,22.3089218130776,23.3012190794143,34.416782579113,23016.2122517823,16846.2099838325,1109.10786020964,0
1552,1234,7.05077691684845,1921.87695220053,26.4068749940741,22.7292909656108,23.7542882197016,35.0691695105699,23027.8127370176,16858.357230811,1126.53486847466,0
1552,1235,8.67656006387637,2532.72622439941,27.58105982639,18.7547502489683,19.4956985263412,28.9079012937298,25918.1092758339,19849.6164447863,-1416.39327535242,0
1553,1236,8.21361773489121,2470.34859239941,27.58105982639,19.0961703857373,19.8618064512031,29.4372415957321,25919.7485650121,19843.387311718,-1377.38914501315,0
1553,1237,7.09359575363219,2374.15883620054,26.4068749940741,19.4626165992824,20.2412064079785,30.001648624559,23036.073732447,16861.8681058696,1084.75954293361,0
1553,1238,6.96801523185114,2115.30409173441,27.1910665788764,21.3200195736893,22.2467583530513,32.8852101146052,22635.5597519147,21255.7011475388,1096.6632925704,0
1554,1239,7.36635732593918,3160.52084959777,27.3274889348922,15.9880742569665,16.535704445566,24.6202985508397,23338.1325503201,21497.3046791601,1166.3738494104,0
1554,1240,8.38225073686043,2733.18172435481,27.557301538572,17.7521788321278,18.4217461667636,27.3538171379315,25932.5675183553,19844.1465767711,-1344.63876570464,0
1554,1241,6.83718776849088,1985.77437820053,26.4068749940741,22.1838576684527,23.1664793936114,34.2227056458431,23021.2025994168,16805.7531334014,1095.79075474937,0
1555,1242,8.26357936987793,3265.97176439941,27.58105982639,15.6535707659601,16.1816199271464,24.1029537019339,25902.0799244281,19877.3466792641,-1404.06133813653,0
1555,1243,7.34509716095073,3187.61282959777,27.3274889348922,15.8926478954557,16.4340181492916,24.4725260263143,23308.2622012168,21503.2160053452,1181.09165017377,0
1556,1244,7.48839582906646,2806.23263959777,27.3274889348922,17.3899512247411,18.0320102910118,26.7918562617323,23326.4676506775,21505.8906095961,1155.25231669997,0
1556,1245,6.83825427481428,2412.68231020054,26.4068749940741,19.2372780509675,19.9995701471357,29.6522810520915,23036.8405817086,16881.4183987984,1128.50551648088,0
1556,1246,8.52352421288858,2532.52799039941,27.58105982639,18.7558106086851,19.4968352040465,28.9095451843774,25894.0429996671,19862.6524081731,-1474.77718328334,0
1557,1247,7.2558628808473,2524.21173559777,27.3274889348922,18.7618907688548,19.5005408898394,28.918196160871,23307.7268117532,21514.8793694148,1166.06097618493,0
1558,1248,7.25116816419583,2104.19794159777,27.3274889348922,21.4285879633817,22.3653949021387,33.0541489850713,23334.9760987941,21518.988662659,1165.5629455174,0
1559,1249,6.92800586011484,1901.80102759777,27.3274889348922,23.1023812450406,24.1697080321967,35.6518620748685,23311.1373255353,21505.2794545012,1190.24187753549,0
1560,1250,7.50261095414652,1729.52335139351,27.2871659409495,24.805757051174,26.0095319837256,38.2965093997669,23334.1873382858,21504.5187516163,1178.99087340908,0
1561,1251,7.11981735701999,1764.19227539351,27.2871659409495,24.4359796289228,25.6096730954548,37.7222666592327,23301.0170575977,21493.479264756,1134.35469968282,0
1562,1252,7.13079980677832,2328.56447339351,27.2871659409495,19.8860722318747,20.7061991792726,30.6611890087509,23305.3221929061,21500.8848085165,1132.24148348382,0
1563,1253,7.09131191280958,2320.96550339351,27.2871659409495,19.9335314602468,20.7571694786794,30.7347922373761,23297.3031248599,21508.0013990476,1180.24775899602,0
1564,1254,7.36627382446102,2394.37816139351,27.2871659409495,19.4867481696575,20.2774981205984,30.0419342364553,23343.4050190929,21518.4365974016,1131.85538548475,0
1565,1255,7.04486150800507,2537.87755139351,27.2871659409495,18.6828389230661,19.41537096504,28.7955229166507,23327.7676780276,21524.219042418,1151.54580255294,0
1565,1256,8.08656947768573,2139.4818515261,27.3378634624501,21.1691137789803,22.0862199832056,32.6515960719948,27006.8849098203,24721.9089725206,-1388.63172927624,0
1566,1257,7.42627779465881,1780.33733339351,27.2871659409495,24.2684159357503,25.4285381889577,37.4620670278266,23341.1150257609,21485.7838049131,1126.21170039611,0
1567,1258,7.10789338202454,1650.80270530614,27.2908000680106,25.7006367470595,26.9779987166352,39.6864281495544,23355.3847183808,21350.3654071866,1193.9019917647,0
1573,1259,10.0118973590991,6064.52530212337,28.1547442936656,10.3421153007897,10.5674073944723,15.8904419123612,31940.71502513,19541.8365180074,-1189.47727937111,0
1574,1260,9.39866961702965,6146.41797012337,28.1547442936656,10.2520084921858,10.4728663528314,15.751311947586,31947.661640902,19540.7682359202,-1278.64399311035,0
1575,1261,8.74994165348027,5933.00805612337,28.1547442936656,10.4913983144649,10.7241023667146,16.1209612211044,31903.8556301926,19549.1547682816,-1317.41924645413,0
1576,1262,9.31995392292129,5144.85169812337,28.1547442936656,11.5256087265213,11.8118363227432,17.7185598220174,31911.1628410267,19526.9071171718,-1330.00140988216,0
1577,1263,8.63564949642652,4401.56230212337,28.1547442936656,12.7973660629089,13.1543080015625,19.6844500677798,31928.7729134035,19546.8433204336,-1309.29561272515,0
1578,1264,8.99119066095845,4687.35255336726,27.3117150362782,12.2023023066715,12.520098879386,18.7629276253818,33974.0380278275,14453.2086130781,-1279.21913328092,0
1578,1265,8.58445288973395,4731.51178212337,28.1547442936656,12.1888128495178,12.5112714894819,18.7435680407373,31912.0248483554,19535.1796035209,-1379.88440950264,0
1579,1266,10.0883168799696,5125.22308431392,22.59865530281,11.162716082312,11.3956137221564,17.1484398898641,28885.5161928957,4916.34224597013,-1195.31083603712,0
1579,1267,9.07925009041904,3331.91710857481,27.3208051095779,15.4075164564366,15.9173503347652,23.7213549437916,33943.7686759418,14430.5974315145,-1355.15547394907,0
1580,1268,9.01654799500839,3531.64561008722,27.4436263619493,14.8095871576627,15.2824733142956,22.7960581611759,33988.3994314744,14441.8346262252,-1290.39851596855,0
1581,1269,9.29311785309667,3365.74577808722,27.4436263619493,15.312944430369,15.8177806983809,23.5752376445415,33972.1386746584,14448.4116582993,-1276.50450594746,0
1581,1270,10.2926685206541,4731.71704518798,23.254386292516,11.8121612503766,12.0817175525607,18.1525172873612,28854.7783589402,4923.26776823381,-1215.45819040316,0
1582,1271,8.69036114536146,3829.32700008722,27.4436263619493,14.0061146181272,14.4293956479856,21.5526939988178,33976.1314304596,14442.9866560158,-1453.44043635555,0
1583,1272,8.41355745654023,5509.5071240458,27.3975962588328,10.9669813361252,11.219628939503,16.8543310276263,33982.4510353144,14430.4484992443,-1505.17062730966,0
1587,1273,6.11499813154852,1746.30759466987,26.7545649587006,24.5011570635102,25.6721531300451,37.8212693214455,24255.4800282944,18239.2397690416,779.920872674735,0
1587,1274,7.97093767784495,2664.21767808722,27.4436263619493,18.063965378006,18.7542222360308,27.836700632683,33993.3730157585,14423.6785096248,-1517.44835984478,0
1588,1275,6.14857369652939,2016.91903066987,26.7545649587006,21.9987556303252,22.9718448038636,33.9367831878406,24250.2323213006,18240.8061128154,743.323558821756,0
1589,1276,6.21534736387205,1738.55444266987,26.7545649587006,24.5836115326364,25.7612800777021,37.949306343494,24241.4970451189,18222.672261827,715.267489260363,0
1590,1277,8.02874703952564,4823.0883784681,27.3305707370435,11.9730311634519,12.2783851485963,18.4086028535284,33808.9257536124,14503.9091659082,1257.90083194621,0
1590,1278,5.97405055012072,1900.79683858818,26.404899121426,22.9163373968834,23.9559433277019,35.3594705831099,24238.5335855035,18233.0886465739,766.110669962171,0
1591,1279,6.23674029757004,1973.43858658818,26.404899121426,22.2861778127031,23.2766861704559,34.3814798955797,24225.2276020628,18222.0320691982,717.596328280863,0
1591,1280,6.29574517847693,3214.52223252116,27.2903864425928,15.7950207478077,16.3296730873067,24.3212591018154,28664.7733523276,22380.8863290496,953.511908354426,0
1592,1281,6.13245029827457,2228.40175328582,26.3675931494476,20.3733332767675,21.2182648543457,31.4137677497473,24241.4805548203,18223.3849330376,753.894376330227,0
1593,1282,6.24452963829062,1839.32227258818,26.404899121426,23.4859960948394,24.5704999472187,36.2437100286356,24241.6144268701,18275.6388584331,738.971587910923,0
1594,1283,6.41210434296499,2416.78301701797,26.43350481997,19.2179956044698,19.9792121999516,29.6224732982679,24393.0386043436,18436.7804588417,867.922856171245,0
1595,1284,7.54441620996745,2986.99033368418,27.1713107627436,16.6169937310584,17.2049151605296,25.5939462201479,29053.7868604032,18628.5754379041,1159.70485382306,0
1596,1285,7.39559657148037,2913.07107768418,27.1713107627436,16.9141147004935,17.5220732369423,26.0542036734878,29089.8143151656,18585.5413808204,1168.383759792,0
1596,1286,6.28742767162717,1821.46428901797,26.43350481997,23.6646290262602,24.7637329586254,36.5211333884816,24430.0317772274,18432.2650652066,914.477382501038,0
1597,1287,7.28937001648079,3147.29556168418,27.1713107627436,16.0166618522991,16.5647274248739,24.6641712784447,29080.5632342194,18614.002881747,1146.69252921502,0
1597,1288,7.1425093551952,2771.65929368547,26.1873813333674,17.3869471435937,18.016958733089,26.7839396419112,28933.0272592929,9613.80541082191,1000.16148732302,0
1598,1289,7.40904912761231,5344.91038953676,26.9467694772243,11.1588063838933,11.418709548421,17.1499156728788,32432.410333299,12488.2718601347,1128.22195231184,0
1598,1290,7.63525464912108,2022.84623568418,27.1713107627436,22.0330148679191,23.0143654065372,33.991497079617,29083.043819214,18602.6624243704,1112.09643417678,0
1598,1291,7.24031839845077,3406.76981036406,26.2042833079172,15.0489997046194,15.5262479181057,23.1636762188869,28949.9681446298,9617.23251453094,1037.56087646333,0
1599,1292,7.38850016304494,5279.95571553676,26.9467694772243,11.2491162396838,11.5136792714679,17.2894181874077,32435.7709807306,12468.3167371766,1123.16606795555,0
1599,1293,7.51276708632909,2110.66389768418,27.1713107627436,21.3509037346897,22.2797468889818,32.9330579480452,29083.4188379988,18599.4127131758,1118.74525770779,0
1599,1294,5.89645209968941,1449.56332799136,26.6390354896058,28.2145112719338,29.6923430375523,43.5892520256484,23116.0822263397,19318.5833201907,615.451679604308,0
1600,1295,7.53176756948244,5436.63422362346,26.6621242861342,11.0161322532802,11.2670935035465,16.9290891041813,32427.0532292479,12477.1863901408,1139.09645147385,0
1601,1296,7.34303470421677,4997.32565362346,26.6621242861342,11.6459527408283,11.9295537794386,17.9020177877653,32439.0501919618,12469.8674026117,1109.42690943957,0
1601,1297,5.95980720068476,1921.6431415573,26.3629883524301,22.7221195975836,23.7459328442513,35.0578669734303,23136.0085969815,19324.9365688332,545.690473349404,0
1601,1298,6.87437001207168,2929.2090995832,25.8494174961316,16.676132779354,17.2548632407238,25.68192590118,28920.0505954333,9584.86959983261,1060.29861418239,0
1602,1299,7.44029152615289,4995.65167762346,26.6621242861342,11.6485397661117,11.932277628864,17.9060149043317,32415.8503734881,12481.280866467,1129.15405102137,0
1602,1300,5.79040672970872,1999.03803596715,26.3427082888638,22.0618285752275,23.0341488576013,34.0331009705123,23132.7956223841,19298.3329390382,577.183036933357,0
1603,1301,6.07433470912596,1593.2134555573,26.3629883524301,26.1673251559788,27.4684885443975,40.4072473902607,23151.6988159019,19327.251034495,559.267350668925,0
1604,1302,8.35108738672283,4002.42746935667,25.6394164184489,13.4238003081649,13.7986125631828,20.6481184653598,20052.7451406374,15527.5449605506,-1425.99190682531,0
1604,1303,5.82435611380905,2031.4207255573,26.3629883524301,21.8052409082621,22.758125307857,33.6350384732635,23132.1677866893,19321.6305606077,584.996917422166,0
1605,1304,6.03175790288734,2645.47910996715,26.3427082888638,17.9958175977165,18.6694214590884,27.7278132309726,23148.0505196403,19305.4659893715,551.635502609313,0
1605,1305,8.99614713367419,4132.09453135667,25.6394164184489,13.1376972827597,13.4961366677106,20.2057314597406,20066.2592786234,15536.1245317238,-1462.41537816301,0
1606,1306,5.9869278736434,2405.2680235573,26.3629883524301,19.2729785666091,20.0373254458889,29.7074861836266,23150.4919544884,19341.3057339102,526.704798104806,0
1607,1307,5.93397144176762,2603.18918996715,26.3427082888638,18.2043376815737,18.8924904689998,28.0509574914772,23138.8512794862,19307.9545495037,578.213073953737,0
1607,1308,8.25211795294227,5793.78570878716,26.6960615097214,10.568845151989,10.7976446571817,16.2384120318482,26215.1789788333,26001.4574176934,-1393.65603987891,0
1608,1309,6.70070028828595,2719.99713441128,27.5060159937867,17.8065518696688,18.4793887105447,27.4379347783974,30620.4646590688,19104.8444206012,988.107410518152,0
1608,1310,8.49408174072842,5042.47293039044,26.6923065664659,11.5788820776788,11.859130126047,17.7984429997012,26225.8812013881,25992.9142499358,-1433.36567637238,0
1609,1311,8.36539103956136,7005.30381278716,26.6960615097214,9.3491689600321,9.52073392980457,14.3559270553339,26245.0041912585,26008.2181150964,-1438.48267097298,0
1609,1312,7.00398042689975,3071.99464041128,27.5060159937867,16.3323148200974,16.9043911272064,25.1538858802978,30650.6280427092,19111.3254454839,962.129654484341,0
1609,1313,6.08490677796417,2889.41705996715,26.3427082888638,16.903047554287,17.5019385145236,26.0347678910772,23104.0370694831,19313.4462781699,605.56376846363,0
1610,1314,6.48312906798631,2810.32546532695,27.5674312018856,17.4042043924556,18.049684205188,26.8146128810752,30633.5686170654,19109.6052594158,976.429111753119,0
1610,1315,6.08634051896537,3516.82865785641,26.1922717559918,14.7209433248431,15.1777114851987,22.6559506349926,23146.7078959926,19328.8074954009,533.550644021431,0
1611,1316,6.76065015184677,2782.19826332695,27.5674312018856,17.5295259473406,18.1836883943044,27.0088071191122,30632.4259429657,19096.1333234107,938.196772275117,0
1611,1317,5.79156719025014,2630.27856025633,26.4684589724047,18.0885601099896,18.7700087105562,27.871915147978,23975.5058368034,21162.2914372557,378.37569531704,0
1612,1318,5.66565955434181,1953.63984025633,26.4684589724047,22.4666865465081,23.472087562886,34.6618532305756,23972.1294159381,21134.0339977409,468.219905537005,0
1612,1319,7.51529817329712,2327.63217622015,25.9132011053171,19.6602274068872,20.4471487032647,30.306383443977,20257.4575698434,20550.1793439892,1215.58327446967,0
1613,1320,5.79329243971364,2535.39055225633,26.4684589724047,18.5712693172988,19.2866711332909,28.620046998922,23988.2033843134,21154.8607419586,387.300353163799,0
1613,1321,6.46987290028604,4747.89442281671,27.0117879818455,12.0755239662415,12.38442078524,18.5664423422484,27688.0085524448,24139.2864990778,901.262978258013,0
1613,1322,8.6566659365422,2687.54888814563,25.4904986643822,17.6711636240384,18.3130118314953,27.222188176075,19930.620371846,16872.4034287715,-1469.07750765309,0
1614,1323,5.70996845911064,2544.72957625633,26.4684589724047,18.5222892415415,19.2342240647986,28.544128679884,23979.9030325783,21156.4242113015,384.464704804002,0
1615,1324,5.70129146224575,2532.65932825633,26.4684589724047,18.5856566425079,19.3020777714494,28.6423473749334,23970.2453016961,21172.3280664514,398.078475477391,0
1615,1325,8.47006502440613,3190.10815990185,25.5384124192549,15.6723734792373,16.1828323683391,24.1268860884185,19933.3533709379,16889.1393675125,-1436.95041751531,0
1616,1326,5.81414734987108,2514.86232025633,26.4684589724047,18.6801120988795,19.4032355913294,28.7887563581191,23986.533234251,21156.2016097809,412.187487485505,0
1617,1327,5.70736430287717,2442.74919625633,26.4684589724047,19.0758288057844,19.8272251912791,29.4021836947948,23963.0633462947,21145.541401881,450.093723176807,0
1618,1328,5.9336957724905,2375.39368825633,26.4684589724047,19.4654568730965,20.24499045809,30.0062557909447,23988.7137273555,21177.5702009062,398.80828525253,0
1619,1329,5.6957916146911,2101.43430025633,26.4684589724047,21.2873733582709,22.2021898485331,32.8319553301147,23980.352490261,21133.8374648587,415.388804798767,0
1619,1330,8.41415345185542,2997.90928390185,25.5384124192549,16.3668859084913,16.9221229391509,25.2021582491566,19921.1106218649,16886.7098199987,-1458.08126749856,0
1620,1331,5.691418450529,2258.01434687853,26.438152468393,20.1904508506362,21.0227254396624,31.1303810672701,23972.8967147283,21143.4797014544,448.286579267708,0
1621,1332,5.72346262117909,2663.64516287853,26.438152468393,17.9219653768241,18.5914787571668,27.6136569368679,23970.0173091014,21161.6183293625,411.252455952985,0
1621,1333,8.67836031594128,2900.08876417239,25.4177123809363,16.7363331041405,17.3146090894922,25.7739362492677,19917.5752532146,16843.5430202495,-1476.30232592477,0
1622,1334,5.64907382403712,2979.89447087853,26.438152468393,16.5517819680609,17.1281702738055,25.4909640947162,23998.071676944,21175.6584647715,409.201874398911,0
1622,1335,8.6821762568657,2791.81942206142,25.3642978025376,17.1835999399735,17.7910887842049,26.4665164466614,19923.2546550654,16860.1178531241,-1456.40482177469,0
1623,1336,6.11471701514086,3351.84753287853,26.438152468393,15.2455213405253,15.737206833944,23.4684256640946,23959.355077662,21147.6920891898,417.833848795764,0
1624,1337,6.48371600719212,5286.1207375218,26.7865985003652,11.2297847660797,11.4924039260669,17.259295416691,31873.6217696009,15523.6572277865,782.444408629511,0
1624,1338,5.52641783569823,3557.70252887853,26.438152468393,14.6300184376535,15.0832823201068,22.5158264959293,23993.1123897579,21148.2015879026,407.561275969566,0
1625,1339,6.81939101075202,4997.7563455218,26.7865985003652,11.6541385984179,11.9389475548489,17.9148793085676,31882.0266533688,15523.0826619046,792.5192009454,0
1626,1340,6.60784671749496,5066.91819145108,26.7522935793435,11.546060935114,11.8249504409269,17.7478363867088,31890.9349868878,15529.0678612474,775.443689400127,0
1626,1341,8.9322807718316,2790.65204406142,25.3642978025376,17.1886749150985,17.7965041244777,26.4743773558891,19924.9355924548,16887.6005740519,-1442.96838512794,0
1627,1342,6.51272382300393,5057.2485715218,26.7865985003652,11.5630821597846,11.8430787697756,17.7741923494301,31882.0040894463,15555.6033636933,797.676005498348,0
1627,1343,8.28109176161533,2960.86897206142,25.3642978025376,16.4874324905424,17.0487872819514,25.3883376677093,19930.753773139,16892.539179295,-1434.62919896145,0
1628,1344,6.39271689745512,3508.8207715218,26.7865985003652,14.8071575524844,15.2743589048555,22.7907738297139,31873.4631287503,15536.695569476,733.579340457022,0
1629,1345,6.26382081125555,2905.1101375218,26.7865985003652,16.8967563064055,17.4997072675596,26.0262575900453,31874.2593560576,15536.6195731293,777.156413009589,0
1629,1346,8.34526988773856,2526.20788806142,25.3642978025376,18.4485007385997,19.1425587219684,28.4262708607528,19929.5124287226,16866.228510021,-1405.68209454396,0
1631,1347,6.38009661829118,2464.45080206149,26.3873523101814,18.9416474690281,19.6824802099316,29.1939107928666,31727.4604150018,16490.3973784517,840.225595868308,0
1632,1348,6.30446122794222,2807.77006406149,26.3873523101814,17.2554957649275,17.878661804859,26.5808700711215,31721.4734980597,16504.1619962143,811.626713246779,0
1632,1349,8.72911559118669,4339.1024072468,24.6089491951121,12.6249218279825,12.9471088611943,19.4109456769868,22398.627794252,6615.58050470531,-1277.19959155632,0
1633,1350,6.58068528347788,3156.28292306304,26.3773251950838,15.8900886521043,16.4224762394703,24.4661350926692,31661.3834626821,16578.5042881467,805.599680996882,0
1634,1351,6.49496095884174,5009.26987471427,26.4134799599043,11.6098556232418,11.890000981307,17.8458186596016,31566.3030955425,16652.9896641996,865.466055633595,0
1635,1352,6.30766853264757,4935.53900856537,26.3640891008349,11.7209143410649,12.0066069088458,18.0173212777808,31576.0274814084,16670.9792037394,835.396243028757,0
1635,1353,9.00838369608065,5631.95142115298,24.497153052768,10.6271551340702,10.8463260436087,16.3249923845522,22435.8262194991,6612.21028222875,-1377.34133200183,0
1636,1354,7.17151558404807,1886.05986038405,26.6063926344401,23.0929385065037,24.1493121965422,35.6343826923354,31590.3123946991,17558.7326324002,1069.6333669353,0
1636,1355,6.57758829219065,2646.73175662352,25.6042693812087,17.8811879040665,18.5386877494945,27.5479380111951,25230.2158494499,10575.3545436724,874.770543279398,0
1643,1356,9.56518428895932,3253.25743126627,26.5661415756124,15.5800203336552,16.0941676773529,23.9865571386343,21651.5290838165,23532.2356872011,-1166.40436584883,0
1644,1357,8.80307871865304,4658.15775253053,27.265163139195,12.2499232212233,12.5700455500994,18.8364515182737,31165.5922860255,22310.6329258218,-1417.07983901342,0
1645,1358,7.51056257338069,3442.37284435827,26.8064339852274,15.0064943865662,15.4863459285545,23.0993396758205,31471.9005731922,19265.6423066336,1227.26861712166,0
1645,1359,9.33128733852486,3735.03212926627,26.5661415756124,14.1619122651565,14.5876694299142,21.7918213689683,21631.1876678445,23497.7874609747,-1198.78743607875,0
1645,1360,8.5238871591685,4684.94136853053,27.265163139195,12.2029767674208,12.5205075347925,18.7638865622697,31194.0271509119,22312.8945537802,-1424.64381483598,0
1646,1361,7.32692506622758,3408.84927235827,26.8064339852274,15.1086471561827,15.5949351443515,23.2574555041704,31462.5787563778,19238.7660765772,1169.52770721229,0
1646,1362,8.55717719270256,4413.45385471525,27.266054848311,12.7023760147611,13.0478361117061,19.5359050171153,31165.9707375283,22347.2149199703,-1376.73783664814,0
1646,1363,9.69072560727485,3854.63981500016,26.5683434370439,13.8600273541966,14.2676844240758,21.3248057289839,21659.7491187701,23540.2715389538,-1104.88343316991,0
1647,1364,7.41731975963025,3540.21233635827,26.8064339852274,14.7184080141361,15.1802546947985,22.6534693317343,31451.6109727085,19272.8655439482,1129.33550342991,0
1647,1365,8.7382286127374,4744.36751653053,27.265163139195,12.100503932533,12.4124023642127,18.6055013750283,31223.0105727283,22283.6715153904,-1461.00563436713,0
1648,1366,7.72537213849376,3373.43146435827,26.8064339852274,15.2185715219906,15.711815731312,23.4276087735715,31456.8871895678,19269.5629255964,1233.73087496593,0
1649,1367,7.42470002768117,3505.78569835827,26.8064339852274,14.8181147679642,15.2861682229002,22.8077783597371,31469.3153078697,19240.4097234158,1211.08443302658,0
1649,1368,9.66403794980574,2948.39556526627,26.5661415756124,16.6926767577637,17.2797220165235,25.7095363758727,21620.90926104,23547.5891203616,-1077.98553128873,0
1650,1369,7.45381229482265,3591.28278442427,26.6403169832123,14.556573157747,15.0070159096179,22.4026427501373,31473.6984526357,19262.3485519464,1159.17051961087,0
1651,1370,7.7770696249895,3738.68077642427,26.6403169832123,14.1597560803493,14.5859825661031,21.7886506721771,31489.7897920324,19257.9180130006,1166.72136882565,0
1652,1371,7.33973577949599,4020.52547242427,26.6403169832123,13.4744673620947,13.8599051383651,20.7285917272156,31472.5199026889,19233.8691418849,1190.35692546642,0
1653,1372,6.21443501230524,2616.26623537253,26.1281106623896,18.1073521746504,18.7863460831602,27.8999996420493,24894.5705664547,18565.8256228494,783.539670207538,0
1653,1373,7.38473160860038,2640.55477366758,26.6964900998326,18.0715270004425,18.7542800887004,27.8462057894137,31156.0328320429,19372.8763771014,1100.28636532216,0
1654,1374,6.37235905940981,2027.24694337253,26.1281106623896,21.791836597598,22.7404834726369,33.6133537959387,24906.2731001324,18573.0014543206,797.665554201335,0
1655,1375,6.29023628083258,2790.88787280379,26.1473961866683,17.2963871719087,17.9198172377659,26.6435263209596,24756.8601459041,18706.2260786646,805.51601700184,0
1656,1376,6.51737570212895,3555.63064700193,26.1926662153053,14.6101641590541,15.0601200694112,22.4845286434582,24760.2431337452,18723.1081881335,826.505189125523,0
1657,1377,6.39311650620728,2998.10853500193,26.1926662153053,16.4497712842414,17.0169772083022,25.3323094255143,24753.6678876667,18737.7057145932,801.124808003488,0
1658,1378,7.12504078953163,3225.95136949648,26.7573083842185,15.6940953694116,16.2173355097892,24.1636513716855,21844.7797034482,23098.4946510928,955.113837665472,0
1658,1379,6.4380401423388,2927.71343900193,26.1926662153053,16.7271049971282,17.312703945363,25.7618298002258,24759.3917128354,18720.4708488858,783.875913484815,0
1659,1380,6.53926558466675,4013.52916100193,26.1926662153053,13.4495473318437,13.8301219012011,20.6891118982049,24747.9580197166,18737.1422367238,775.51603335734,0
1659,1381,6.87962384115574,3723.89315149648,26.7573083842185,14.2098611418642,14.6400687376775,21.866432272164,21849.4815930582,23078.1840305127,978.420250923326,0
1660,1382,6.98669587675185,2886.82583381266,26.734058300445,16.9654914110078,17.5725551952883,26.1325882930378,21825.1700533852,23107.5729263913,1000.69218653381,0
1661,1383,7.74937226222375,1789.4751991306,26.9182810951766,24.0915077081972,25.2319206068233,37.1858681820115,31159.0453185035,19350.4307858031,1202.2379824603,0
1662,1384,7.12085580963568,2919.6953371306,26.9182810951766,16.8541364749058,17.4555271607951,25.9605989437742,31166.5434050493,19385.9029111166,1225.29029484249,0
1664,1385,6.87962243842537,2237.50602629156,26.814025788952,20.3915311110507,21.2434178586211,31.4435375844053,25917.2140375588,21358.5808016544,1024.42669510682,0
1664,1386,8.48080552369635,2322.45114637753,25.766105421723,19.6668651282696,20.452446890133,30.3161729727588,21019.1224047984,17058.1445315349,-1395.00443185001,0
1665,1387,7.01642985938821,2289.20104829156,26.814025788952,20.0542847434164,20.8811375617221,30.9204878719346,25911.5249575499,21379.8896457792,1015.75096887678,0
1665,1388,8.6818589057364,2327.16471037753,25.766105421723,19.6380200309724,20.4215120913285,30.2714502258875,21054.9839055952,17056.7680794017,-1415.33205665262,0
1666,1389,7.16669909588018,2634.63480629156,26.814025788952,18.1177565313813,18.8050279739641,27.9182041024146,25907.9187195485,21351.6612063288,1013.12031140645,0
1666,1390,8.25816587413001,2629.91208037753,25.766105421723,17.9865821207172,18.6531573618353,27.7117420136298,21014.2589167712,17042.1149630802,-1348.72049269848,0
1666,1391,7.37135202061409,1854.15473299383,25.7133013012924,23.193130519292,24.2443246297265,35.7862894122239,26207.5172057347,17502.5527778554,1068.39945671057,0
1667,1392,6.98206140626541,2576.00159429156,26.814025788952,18.4125593564475,19.1205999459344,28.3751164678349,25920.4032889822,21346.7178204917,1023.09897082521,0
1667,1393,8.49585560661193,2424.49760437753,25.766105421723,19.0656188026496,19.8079722030272,29.3840649451183,21032.5115397951,17033.0272935009,-1405.07962630627,0
1667,1394,7.25918711556701,1992.16964899383,25.7133013012924,21.9904480392056,22.948516288837,33.9199209691108,26190.0701242029,17482.6208311608,1012.10137440684,0
1668,1395,6.1487925461313,3046.23548769484,26.5483873769027,16.3112632597651,16.8728139272179,25.1187677168673,22016.7821940756,20553.2519573417,674.410472161262,0
1668,1396,8.64102244146848,2544.62159265548,25.7925519346699,18.4191962622433,19.1161710953808,28.382224720703,21040.7336892913,17077.1923290569,-1374.9481277632,0
1669,1397,5.93326653639826,4374.88785969485,26.5483873769027,12.7187063742125,13.0600984167341,19.5597766338766,22027.040682163,20577.0257355925,655.64036167976,0
1670,1398,6.11196454565702,3566.98344404834,26.470633489656,14.6071722842968,15.0593038428275,22.480548969865,22021.8714348468,20565.3959359122,674.896147768474,0
1670,1399,6.25287520155229,2514.86741231622,26.8787297549234,18.7433713841234,19.4756611685727,28.8880995337659,25071.3305281927,23746.7620439731,861.458170506514,0
1670,1400,6.21966774695725,3145.4428762839,25.5005858493343,15.8222741928274,16.3419332390638,24.3588404785939,24154.6748198683,16464.1275641783,533.97626144571,0
1670,1401,8.84028196405459,2811.63543820765,25.586050068547,17.1286993226407,17.7348731974023,26.3821298518163,21057.1750755829,17052.439227925,-1407.14790679142,0
1671,1402,5.83000600354169,2708.65225004835,26.470633489656,17.7137094502958,18.3691508048361,27.2910485111401,22030.9255880841,20575.6931711375,661.72303062332,0
1671,1403,8.53836553274221,4159.36232620765,25.586050068547,13.0748313116171,13.4293040225955,20.1084231100906,21010.3122723266,17068.5703782457,-1388.26756590641,0
1671,1404,6.44693678087836,2110.13596333053,26.8781656142421,21.29990566695,22.221052553971,32.8528829166348,25047.5856237185,23783.2819156899,918.036869041029,0
1672,1405,6.26471415477975,2496.8465767104,25.5374990357124,18.6308550519318,19.3397140891617,28.7094385438813,24154.1050457373,16489.0658692535,517.603646701349,0
1672,1406,6.33026865226098,2476.21178231622,26.8787297549234,18.9539664724895,19.7013511864208,29.2145707431426,25056.1546162382,23724.7915889925,931.053970520343,0
1672,1407,8.81983626762054,5372.44427620765,25.586050068547,11.0312614069685,11.2766572748704,16.9507067481746,21032.2438864647,17061.0616628085,-1504.41647460855,0
1672,1408,7.25000232116536,5687.1456663832,25.675743482043,10.6345414701056,10.8608811142164,16.3382779895553,20147.7846218142,18553.2643907905,-1368.16586460576,0
1673,1409,6.41621902759956,2462.33170333053,26.8781656142421,19.0309863624527,19.7839070473396,29.3339737151536,25085.1544467679,23758.9828454147,957.562221698307,0
1674,1410,8.57357265376127,3940.45100888349,25.6175556733693,13.5644352526358,13.9472107705506,20.8655518116958,21040.9818887003,17046.8876703162,-1412.57795435383,0
1674,1411,6.37215199374556,1953.44299933053,26.8781656142421,22.5526043443379,23.5704089325707,34.7967727690317,25053.2044971467,23751.9762825529,899.069456168335,0
1675,1412,5.91710747714269,1713.9731362839,25.5005858493343,24.5481651052424,25.7034767597763,37.8888723323649,24148.7506793104,16458.7087479862,520.764290964967,0
1675,1413,8.39696480501087,3742.07975620765,25.586050068547,14.0463207100673,14.4571337747907,21.6107933784647,21024.173620651,17051.2863041688,-1363.67232303799,0
1675,1414,6.28760899406045,3255.17959933053,26.8781656142421,15.6095257655865,16.1284106509696,24.0330195279373,25053.5197518694,23764.5830261154,963.027971114451,0
1676,1415,5.88031926929946,1901.1721102839,25.5005858493343,22.719295832797,23.7304208122135,35.0500401026389,24135.30790001,16455.8402700687,518.749224771299,0
1676,1416,6.17918825462974,4698.752922899,26.8921357981082,12.1506747971113,12.4628969087723,18.6823757212702,23799.4753008791,23732.8917680412,1035.89472947956,0
1677,1417,7.17905750489021,4981.19485076888,25.3533010658858,11.5765511010025,11.8482316016864,17.7925107589442,21250.392777423,15591.5098260083,1112.02177037074,0
1677,1418,8.0957344325481,6065.23315088349,25.6175556733693,10.1962901276491,10.4013275561402,15.6616649807278,21054.240587803,17053.4835083482,-1320.31275883814,0
1677,1419,6.48113383288429,4319.949774899,26.8921357981082,12.8561506566742,13.2077392901479,19.7729427798081,23768.725454885,23704.8433900661,1014.96642608228,0
1678,1420,7.10539154973353,5772.58903076888,25.3533010658858,10.5120289636844,10.7306209487018,16.1486365884363,21234.4811751982,15587.7413614064,1189.74653886795,0
1678,1421,8.20873726061981,6343.00303688349,25.6175556733693,9.90610964574767,10.0976491049651,15.2138242801276,21019.7931742931,17051.286303209,-1371.46231472078,0
1679,1422,6.72727401787384,5526.60266276888,25.3533010658858,10.8140700462027,11.0473251562868,16.6149500282876,21276.9961764921,15593.4774528229,1182.53116353592,0
1679,1423,5.80891234464292,2633.19225472059,26.6071903632488,18.0945957661032,18.7779877027966,27.8816880615412,23421.1792215892,20588.7416718085,487.553043973658,0
1679,1424,8.06975162516807,6260.62579688349,25.6175556733693,9.98981570208637,10.1852165488712,15.3430004831921,21040.2433615599,17038.2316114586,-1369.95558066154,0
1679,1425,6.37561615015533,3474.56829918371,26.888846471583,14.9188711192357,15.3939298863592,22.9639137145326,23732.4954156175,23687.7792319837,934.420400933624,0
1679,1426,7.62680009960809,1775.35680369915,25.6570470591571,23.9450181010897,25.0546682405317,36.9531673087593,30136.3091843321,10907.2876577614,1044.97196089678,0
1680,1427,6.29903266650918,2490.94792886459,27.0969393295937,18.9068537874826,19.6533344464851,29.1422168089836,23741.4281249721,23678.9439525941,911.620654972278,0
1680,1428,5.78350750880038,1914.35486036862,26.8084995661826,22.8803147296301,23.922829889741,35.3051439065515,23429.0438594529,20596.1824534838,443.261424539461,0
1681,1429,5.97042656556986,2719.29686562335,26.7686474841036,17.7063918569086,18.3645053397407,27.2805852837367,23372.9499872936,20570.6377266862,449.273388550742,0
1681,1430,7.55083951385669,1663.9696614562,27.1096901260123,25.501139779644,26.759216154705,39.3757727405061,31046.0727830342,19978.5972361579,1076.29386283765,0
1682,1431,9.08690319207825,4121.33855023198,25.0625366068318,13.1088761226396,13.4612873397173,20.1599594516387,32366.8303794498,10306.3421013787,-1199.07795251661,0
1682,1432,5.71489658989374,2454.69852762334,26.7686474841036,19.0564055283446,19.809894572155,29.3730337490899,23408.3356218519,20553.7544597153,523.706986696904,0
1682,1433,6.42686445752449,2286.97143399966,27.093951656141,20.1164554862188,20.9513253339442,31.0178495029165,23729.5301302881,23654.3587452274,882.642382979314,0
1683,1434,9.30566016210341,4496.11094023198,25.0625366068318,12.3668087296717,12.6782925794978,19.0129587031198,32368.3400671643,10298.3845517594,-1184.4140536313,0
1683,1435,6.13141619132279,2552.26831286459,27.0969393295937,18.578186824713,19.3011292937368,28.6327123305262,23708.6241693677,23652.6317719041,869.461607388937,0
1684,1436,9.02568865116584,4752.49358023198,25.0625366068318,11.9196016222248,12.2072481773373,18.3219449561931,32371.2450760409,10299.9738021798,-1190.98642061196,0
1684,1437,6.00081980085121,2269.47804731134,26.6796562278816,20.1580004757543,20.9908740685876,31.0808820622958,24540.7800277219,20226.0084995015,624.095158545843,0
1685,1438,9.33717847842277,4707.25217623198,25.0625366068318,11.9953686731959,12.2870088486996,18.4390060888068,32380.708854364,10296.2614176284,-1218.29731813484,0
1685,1439,5.94013781613525,1907.89703455463,26.6845906838755,22.9119374421375,23.9551855867796,35.353743248455,24519.5562999544,20222.384652854,578.335210126064,0
1685,1440,5.93652543173804,1812.05745309637,26.5267027893595,23.7776079301175,24.8870872070788,36.6969094467688,24519.7334650167,20222.231498751,578.266521187818,0
1686,1441,9.59269015620512,4786.14930823198,25.0625366068318,11.8640622229308,12.1487931318715,18.236139050022,32371.9355193326,10293.6369951754,-1200.29387367268,0
1687,1442,9.4408542403142,4068.34399423198,25.0625366068318,13.2236182104549,13.5825061543397,20.3373549320289,32379.1081670302,10337.9612882011,-1146.90341519324,0
1688,1443,9.45967569498133,5219.44478023198,25.0625366068318,11.2060401115219,11.457000701442,17.2197359022777,32360.5536059794,10321.779371939,-1191.13754772996,0
1688,1444,7.35935794797,1358.56649943747,27.1011109295754,29.8139676234326,31.4377871004498,46.0775746705879,31073.0626311351,20005.0532754962,1116.54699238751,0
1689,1445,9.50607144744326,4599.01641223198,25.0625366068318,12.1819918632799,12.4835473698879,18.7273629823422,32381.3001913357,10283.1435822309,-1211.38189544865,0
1690,1446,9.78620891271751,4972.28515936125,25.2254734931659,11.5808919423587,11.8519712423482,17.7989883003564,32367.1647030229,10295.7962470927,-1210.62890847819,0
1691,1447,9.54755147154803,4090.98084736125,25.2254734931659,13.1891184486107,13.5473141303634,20.2843630704485,32362.2549418755,10303.1447557856,-1215.87498647266,0
1692,1448,9.61871191174784,5445.09527536125,25.2254734931659,10.9109941131555,11.1482619817711,16.7643971005203,32392.3983431307,10314.5686810043,-1205.67638085093,0
1693,1449,9.54332965192289,5393.97292936125,25.2254734931659,10.978416970657,11.2190183324172,16.8685060325195,32402.7766380802,10294.020047756,-1196.94674619985,0
1693,1450,7.43554944592804,3973.3758872764,27.2354260320089,13.6375665140556,14.0371248569414,20.982102571526,31091.921622863,19934.0636015252,1049.01063335412,0
1693,1451,6.49468304052741,5010.06548183,25.9929793149339,11.5785905429168,11.8544562503653,17.7967873165112,21770.1249266518,17768.826327315,846.434079312171,0
1694,1452,7.3087481677899,3638.0080112764,27.2354260320089,14.4878900271531,14.9390121755566,22.2977116680307,31095.7983531258,19934.3762351511,1139.45207228112,0
1695,1453,7.04917197447133,2071.15038316396,27.2734490813211,21.6706301531555,22.6253308643746,33.4295244708173,31073.0351035935,19993.5224460025,1066.42258798561,0
1696,1454,6.43383132514067,1905.83488217547,26.8217273886505,22.9593969789134,24.0083197613027,35.4279457147636,25445.5577958612,20040.4501889676,937.586238161297,0
1697,1455,6.64773339770152,2204.99201417547,26.8217273886505,20.6125434835722,21.4810432602417,31.7863725719504,25465.8964644124,19991.8326897228,950.566782806602,0
1698,1456,6.28026194042617,1638.50064854683,26.648798984972,25.6870283929641,26.9531629310446,39.662491260817,24886.5989796368,19355.5575068153,724.936563955646,0
1698,1457,7.38607149033793,2138.2356452764,27.2354260320089,21.1593640366535,22.0744204919802,32.6361086611766,31029.1415522529,19977.0023983696,1067.73196031665,0
1698,1458,6.11413292527736,4048.84071423533,27.1942282032085,13.4601149241231,13.8488641580414,20.7075382078058,23128.0574884769,23687.1971841437,1021.5680240497,0
1699,1459,8.76209872164562,3736.44017107858,27.2046072401801,14.22102773748,14.6555058206474,21.8846990110589,23997.1836916668,22198.5917435904,-1439.32667360162,0
1700,1460,8.47902908814909,3959.97268354282,27.0540896631872,13.6524112812465,14.0514778954697,21.0046866766533,24008.390164552,22200.0264706165,-1344.91244067664,0
1700,1461,7.52173762724387,2618.24520333558,27.1514695233408,18.2484542356746,18.9485934267306,28.1217799137036,31110.3810438903,19982.3862987181,1142.27529656134,0
1701,1462,8.59939667019953,3743.92676068089,27.0676255963194,14.1880897066986,14.6194665382644,21.8334336380588,23988.8563143798,22194.5198570177,-1359.18109101838,0
1701,1463,7.22470267136666,4249.74340201899,27.1674228621885,13.0225751333686,13.3856423815181,20.0308155429444,31064.5047561508,20021.8747653227,1128.21721257719,0
1702,1464,5.65046979025793,6340.84877135793,26.986824230398,9.98338786821916,10.1854726149938,15.3350109891873,23050.5923349735,22420.7470944079,584.40238520472,0
1702,1465,6.9940430348757,4207.75149333558,27.1514695233408,13.1090733985083,13.4770187929162,20.1645436574415,31091.8017802893,19970.1291750232,1102.10384904431,0
1703,1466,5.71593540749455,5369.34798935793,26.986824230398,11.1279501899761,11.3865000966487,17.1023177447901,23068.5810073769,22431.5150931821,555.180429686029,0
1703,1467,10.7788875401599,5572.00101641765,25.755833887027,10.7823516621294,11.0163890227542,16.5666224035255,34105.0477396535,15788.3342002642,-1024.84655942403,0
1704,1468,6.20209319302606,2962.03834535793,26.986824230398,16.6922602867147,17.2834338857788,25.7100361082938,23082.5723232518,22400.5598480768,587.465632740741,0
1705,1469,8.89623752463724,5470.95388488792,26.6948246845563,10.9728144336677,11.2217685167041,16.862238502837,30890.9995737308,18000.6169608276,-1323.43728821732,0
1705,1470,10.968426794807,6710.24978351988,25.8014788678326,9.56444713372042,9.741400508352,14.6868909211856,34060.3993166582,15792.5074791759,-987.30510700255,0
1706,1471,8.61612964297658,4962.39557088791,26.6948246845563,11.7026012941627,11.9894084724181,17.9896013187289,30894.9165037469,17985.6265379479,-1391.86959330525,0
1707,1472,8.71136490747528,4833.25786172105,26.694972563944,11.9094821017177,12.2073449289522,18.3092763703584,30875.7008019792,18006.6939461976,-1349.65354858155,0
1707,1473,10.9612715551005,5208.68994341343,25.7227014246146,11.2669081914056,11.5250248943123,17.3148684185413,34088.38641855,15772.5316987451,-1027.31061618136,0
1708,1474,6.89696351431784,5125.59838614025,26.7178697083167,11.4560373458996,11.7299943277308,17.6086969190949,31212.6462636988,18132.8216421653,1082.32111415952,0
1708,1475,10.940826757568,5567.10962300538,25.7710278207983,10.7895044754535,11.0239820584292,16.5776911205146,34093.9162691077,15754.5590687044,-1038.46862274595,0
1709,1476,7.15712948765639,5159.60653014025,26.7178697083167,11.4060701871438,11.6774185614546,17.5315038495504,31212.86813569,18144.2744866974,1053.95019388703,0
1709,1477,8.01839296813256,3521.4774576626,25.4352616703446,14.6267668380462,15.0711913483116,22.5084149069793,30325.9934684436,9133.22733915935,1248.6884154557,0
1710,1478,7.28554517217646,5461.90285951595,26.46698472651,10.9700470764373,11.2175490514409,16.857602161747,31206.9901397427,18132.8084488777,1063.33211549977,0
1710,1479,8.1788696359849,3356.30669419923,25.4045293479692,15.1152090040477,15.5893884920699,23.2641630439876,30360.3161746651,9151.75616949199,1256.17380274011,0
1711,1480,6.96615757115092,4560.68704351595,26.46698472651,12.3621616497555,12.6831527142289,19.0084688868659,31202.8530234624,18134.1096965047,1108.88339294823,0
1711,1481,6.50508596372219,3107.84083625773,25.9817145346215,16.0145802008825,16.55126312921,24.6578502709182,32578.9482727923,14997.4645424888,935.717945066183,0
1711,1482,7.66869525969581,2670.90162619923,25.4045293479692,17.7367036818152,18.3820718834943,27.323465644753,30329.9565346864,9158.45653075458,1267.42176899789,0
1712,1483,7.2400755924788,3767.04621151595,26.46698472651,14.069649850508,14.4890457559383,21.6488630032454,31218.9861408003,18143.5204414067,1066.22502378358,0
1712,1484,6.55837767834656,3186.05516225773,25.9817145346215,15.73922713993,16.258159807489,24.2315383625406,32595.8560749655,15009.2567312775,892.922064069376,0
1713,1485,7.14009401547403,3664.64733751595,26.46698472651,14.3379618607866,14.7735842833539,22.0639796540036,31209.7976200119,18149.7409872281,1110.24621688709,0
1713,1486,6.6478575493494,3459.72821225773,25.9817145346215,14.8652781405332,15.3291330123751,22.8788044986786,32564.136329934,14993.8625053761,850.276847765874,0
1713,1487,7.94064174688599,2507.55681019923,25.4045293479692,18.5528837284325,19.2547097957523,28.5881671943476,30332.5853094386,9139.67242224159,1218.60437403685,0
1714,1488,7.07195740621473,4052.94369151595,26.46698472651,13.3855329490487,13.7644712542329,20.5906883917801,31208.0886300069,18164.8770753487,1088.79011521796,0
1714,1489,6.37247593054903,3296.20718825773,25.9817145346215,15.3716414854615,15.8671712339421,23.6625091365933,32573.9976763204,15013.7474459938,885.587887595464,0
1714,1490,7.66304295445049,2676.16584019923,25.4045293479692,17.711925258399,18.3556015378679,27.2850766602568,30319.2617954387,9173.84179429311,1259.82921283918,0
1715,1491,7.44781382084453,3830.43703951595,26.46698472651,13.9100443796428,14.319882680446,21.4019567480619,31212.8437788208,18136.9032202197,1049.13376904727,0
1716,1492,7.28239700868992,2986.75313551595,26.46698472651,16.5286910892577,17.1038309204447,25.4552800432914,31196.4846748939,18136.8753602219,1042.43762817613,0
1717,1493,7.89215076099824,1946.59864219923,25.4045293479692,22.3051835351773,23.2829655555436,34.4070526217653,30301.2339951079,9150.23866925859,1177.48461087307,0
1717,1494,6.97618916002144,1268.08638151595,26.46698472651,31.2575726964718,32.9960574402329,48.3186973704773,31206.163170593,18131.973756171,1132.05931755579,0
1718,1495,7.6241647491607,2048.27065819923,25.4045293479692,21.4839076636749,22.3991772681444,33.1328682465962,30293.3863164949,9119.63788156252,1211.78486372687,0
1719,1496,5.91563636144013,2894.4725060839,26.5976598715563,16.9158213018372,17.5181565320871,26.0552666053594,22252.6982793988,21578.0736469617,635.901597607545,0
1720,1497,5.8810018300602,3244.62936783241,26.6767182417617,15.6216762316967,16.1395104263732,24.0513262154761,22265.7425804003,21582.5758954504,591.740467163131,0
1720,1498,8.69554277087607,2157.60313660502,26.1828984827793,20.8261513141471,21.7024608777235,32.1154463440128,30726.5743506121,12374.9502497354,-1513.30610060155,0
1721,1499,6.68300726597667,6022.69241872986,27.5251964392787,10.3531943849937,10.5758092215196,15.9066583678358,28707.0538370141,22942.8544083491,155.110842986193,0
1721,1500,6.05443343348574,4478.5129392654,26.6964294005138,12.5321602150462,12.8641372829928,19.271676651026,22267.8132416642,21596.5440773873,600.230228379375,0
1721,1501,8.3143436960479,3627.99281860502,26.1828984827793,14.4082231051803,14.8457575433457,22.1720398539961,30693.0061764356,12351.0357801839,-1476.70557390917,0
1722,1502,6.43646544070051,5269.8410412654,26.6964294005138,11.2466025405183,11.5095549436408,17.2851264330357,22267.2795536852,21574.9567100657,582.720900573245,0
1722,1503,6.88069725399598,5902.92361787268,27.514123294854,10.4891305403486,10.7183800834715,16.1165362593654,28136.5228509239,23746.9364881681,914.746703922769,0
1722,1504,4.97198879808211,5308.6657621839,26.7687668882267,11.1971487011721,11.4579815876274,17.2088539214626,22526.2079689341,20896.566261327,-179.285196228345,0
1722,1505,8.36117275849653,3381.01528060502,26.1828984827793,15.1258706140065,15.6077435634741,23.2825996122444,30704.8908692624,12349.5407104909,-1508.06273739781,0
1723,1506,6.68328353962648,6215.82497387268,27.514123294854,10.1421240404715,10.3544254626459,15.5807739190843,28139.8008186038,23740.7735634134,928.956648345341,0
1723,1507,6.36503975373823,5034.2282768204,26.514410548267,11.5788710261363,11.8580165775815,17.7981218203576,22748.9943029498,20227.0682143089,470.256811448156,0
1723,1508,6.37390658834992,4893.33442601824,26.7243179105401,11.8141736202738,12.1071123694695,18.162051118759,22278.3549003909,21550.3724999742,566.17745204685,0
1724,1509,6.19279598810967,8367.43243159998,27.5671556703935,8.38837073312908,8.52236087012827,12.8750717638102,29028.7981294645,23790.7365255922,-745.489333956209,0
1724,1510,6.27326899385474,4917.4023728204,26.514410548267,11.7604951147791,12.0492404662454,18.0787407918669,22762.3316482391,20246.6223656512,440.290243694046,0
1724,1511,6.66621822089948,5350.8306432654,26.6964294005138,11.1342008945993,11.3913788969579,17.1115054600277,22245.3363790325,21527.3346709999,544.248222690977,0
1725,1512,5.81806537623117,3174.1546028204,26.514410548267,15.8438347216658,16.3745123522267,24.3948732977643,22748.8337789409,20176.3771560736,517.037858309089,0
1725,1513,6.72510743750293,3793.07353496344,26.7482194015107,14.030829058622,14.4501402061217,21.5894252206924,22075.8477993817,23119.3157635202,1041.9075319983,0
1726,1514,6.63882861051934,3519.42251096344,26.7482194015107,14.772276755611,15.2369794960474,22.7367011617958,22063.8134675715,23110.9975914135,1013.9818238276,0
1727,1515,5.6996952158797,2891.6271008204,26.514410548267,16.9166089676067,17.5181551767249,26.0562547748295,22759.2740585363,20175.7654932115,520.184376571046,0
1727,1516,7.32216703171473,2973.67099884466,26.7477813068792,16.6157099596064,17.1994094904043,25.5908185309574,22050.9220099856,23136.4406326743,1005.8852294544,0
1728,1517,8.31618615009708,4746.35027218868,26.0063458670827,12.002164869328,12.3005125516792,18.4512582730705,32606.8252725053,12474.6741951092,-1518.65543987273,0
1728,1518,6.21480008896051,2675.45884063619,26.6129484903454,17.8906377607908,18.5598686696215,27.5656328546948,24800.8097291744,20241.9829468392,702.681759845567,0
1728,1519,6.9516957718755,3749.96865296344,26.7482194015107,14.1411241575357,14.5670924536463,21.7600637547899,22032.6921711413,23111.3236323052,1046.50620999264,0
1729,1520,6.17111279892308,3562.53396463619,26.6129484903454,14.6345720409533,15.0895942820419,22.523280071229,24788.1268805703,20292.3705925204,683.619250551269,0
1729,1521,11.9618404507084,5388.06845260502,26.1828984827793,11.0498129321048,11.2996844936722,16.9803352417332,31000.205473565,12413.476017765,-1407.24444557371,0
1730,1522,5.96471772608384,3092.6383037719,26.6551968209017,16.1521762636391,16.7042878617542,24.872688085343,24787.4214085913,20285.8766720912,671.973313086651,0
1731,1523,6.17025206605521,3597.92503926425,26.6983438514421,14.5440307464041,14.9941859841583,22.3833676259194,24803.9295586148,20299.7968284755,733.627070539661,0
1731,1524,6.55254898806475,3507.38824119352,26.0312215613215,14.731051242408,15.1870511514501,22.6712089815638,25693.4324539678,18032.1921944716,918.53882149233,0
1732,1525,6.69370180324708,4372.92193719352,26.0312215613215,12.6795784723408,13.0151185834857,19.4982788360165,25678.3596063271,18043.8140252389,922.5561272815,0
1732,1526,6.30498268562829,4291.8658997719,26.6551968209017,12.8929032606993,13.2448990754256,19.8293039725325,24788.3011447639,20273.4166039711,679.649260080753,0
1732,1527,8.76348823700751,3785.48713416861,25.8263851705323,13.9600045835323,14.3676668169307,21.4778201786471,33543.3955390408,12129.5904704574,-1423.91408992715,0
1732,1528,7.90251832253368,7163.47465903218,27.4362623408049,9.25185825680783,9.422417619524,14.2067194214896,30391.6636409937,23468.2921364561,-1436.97621150556,0
1733,1529,6.49294169272774,4563.35988569329,26.45953351547,12.3567264149151,12.6773676990755,19.0000539445666,30621.1978387196,15423.5850873949,885.897535923112,0
1733,1530,8.98181202639613,3905.68301616861,25.8263851705323,13.6661044062868,14.0564543884793,21.0232416641368,33496.4384024406,12131.8497751152,-1439.98650252073,0
1733,1531,6.68420583159799,3581.2509279223,26.0794884674514,14.5263861187425,14.970249483874,22.3546295887518,25686.409527472,18058.6557173516,946.272149678479,0
1734,1532,6.43081085330324,5415.45772169329,26.45953351547,11.0312112394496,11.2817618151291,16.9520535407211,30620.6774305465,15412.0684853307,891.942103172867,0
1734,1533,6.77582796776289,3465.2179599223,26.0794884674514,14.8596220167448,15.3239834924708,22.8702874570004,25661.3927697129,18060.8524314125,922.128884617904,0
1734,1534,8.75191907916779,4740.70276303218,27.4362623408049,12.1195510480046,12.4335952887445,18.6352442741768,30410.5164808158,23462.4686910662,-1486.23353160828,0
1735,1535,6.83726536774587,4118.45671169329,26.45953351547,13.24017117926,13.6106314160893,20.3658788804989,30622.5975702367,15438.9946364882,870.645136989082,0
1735,1536,8.38162042509066,6039.73100600388,26.0478951755871,10.2491947736967,10.4590355972027,15.7439611185333,33091.3170048244,12089.5867444103,-1517.62633704416,0
1735,1537,6.47722639859746,2359.7990979223,26.0794884674514,19.4937449930976,20.2706383496232,30.0488220484885,25699.953549734,18029.595539775,940.490960734855,0
1736,1538,6.68369734882217,3784.82888969329,26.45953351547,14.0236641977113,14.4402392995223,21.5777057126975,30607.3181505989,15433.6096620366,869.921270399494,0
1736,1539,8.50294119020815,4887.37473800388,26.0478951755871,11.7741908448952,12.0606788157588,18.0990787502992,33115.0926223811,12069.8679020615,-1465.57785199278,0
1736,1540,6.6483448130537,2295.9457239223,26.0794884674514,19.8852773514731,20.6906502315165,30.6559034878843,25689.7183457933,18027.6273131096,918.646140277242,0
1737,1541,6.94400402618153,4267.72691369329,26.45953351547,12.9254184574763,13.2778574245792,19.8791898345264,30618.392554444,15411.4214484875,863.254151095498,0
1737,1542,8.50783484469887,4946.41671189856,25.9801880518149,11.6759828398196,11.9568636107207,17.9472271555985,33110.1253027443,12108.2478711806,-1503.2579198222,0
1738,1543,6.48388024549901,4581.31107569329,26.45953351547,12.3243103838924,12.6431694166077,18.9499505777718,30634.9147697836,15429.0894834629,895.22977622122,0
1738,1544,8.37180115164532,5585.24652200388,26.0478951755871,10.7842248182073,11.0200322347548,16.5699781789172,33102.470888832,12084.6594028634,-1514.8813466053,0
1738,1545,6.52723270536429,2306.6723859223,26.0794884674514,19.8181014640268,20.618567649094,30.551739788796,25695.4933697091,18047.9708606263,941.775981041611,0
1739,1546,6.64307727398393,3757.18625969329,26.45953351547,14.0941787608252,14.5149896794264,21.6867938613714,30613.4927993906,15453.4592565567,856.953886433223,0
1740,1547,6.77751719241275,3829.43993692458,26.5588220084165,13.9213470394916,14.3325882288738,21.4196417774327,30605.650290923,15442.1942692796,891.756685672088,0
1740,1548,8.22664018229187,6881.03848803658,26.0217425970753,9.4231290269567,9.59483803898821,14.4691592562146,33102.0592759334,12102.860114305,-1526.32936817445,0
1741,1549,6.87004112541788,3723.90394298986,26.534495358772,14.1877695913503,14.6148334403352,21.8317554875734,30601.5320179489,15428.7997383399,882.739456125903,0
1742,1550,6.55980096019425,3077.95686892458,26.5588220084165,16.1943601061075,16.7483196286339,24.937758682835,30617.1944086047,15466.4619659879,852.463206171095,0
1742,1551,8.02236385719479,3721.69029505457,27.4700028461036,14.2857934993236,14.7263519635621,21.9854967865276,29309.2538019507,24773.76623195,-1461.38952015637,0
1743,1552,6.6674574274557,2899.67842492458,26.5588220084165,16.8892405883182,17.489394062462,26.0139843439472,30621.2075808271,15450.2441799908,886.464128486427,0
1744,1553,6.8524500512202,3319.09751692458,26.5588220084165,15.3634412454064,15.8636855364428,23.6512573619272,30630.1293729433,15430.3861704243,847.892026939124,0
1745,1554,6.75384526310531,3689.70699292458,26.5588220084165,14.280263618111,14.7131326840259,21.9749150961671,30616.1812457927,15417.4078966265,901.846099550786,0
1746,1555,6.87770352978297,3220.53116692458,26.5588220084165,15.6893877391465,16.2104997877269,24.1558602951165,30623.9676055276,15435.6052605559,861.648735110926,0
1747,1556,6.27008445443371,3985.4261993266,26.5985006107565,13.5512079229678,13.9408276220063,20.847193910243,32164.6222041825,14996.1975209796,813.792777738969,0
1748,1557,6.41263079385452,5050.0969613266,26.5985006107565,11.5607009213919,11.8394126189041,17.7701933346,32178.6091938953,15018.1066324902,817.048103354605,0
1748,1558,8.23803609848257,7215.31319181043,27.3905329364858,9.20715962620597,9.37552336523794,14.137702800892,29977.0872593031,24079.4785847594,-1408.84665550801,0
1749,1559,6.24363945742248,3926.7709613266,26.5985006107565,13.6886866526624,14.0864081393422,21.0598346959566,32179.7709427113,15028.5339202474,813.638694839692,0
1749,1560,8.36500670117119,5978.04669381043,27.3905329364858,10.395785725455,10.619788895494,15.9722263002081,30008.3969763256,24035.0738989764,-1408.98060172001,0
1750,1561,6.40271380960337,3602.36252092136,26.7195574999914,14.5338673307212,14.9835736321459,22.3676890422385,32170.8834583893,15014.9932343093,788.844784302762,0
1751,1562,6.44992776191507,4192.96768492136,26.7195574999914,13.1030992457186,13.4675759122001,20.1544442627323,32156.5282434649,15011.4603107672,785.483712134238,0
1752,1563,6.58425279901157,1292.08870361848,27.3056861305335,31.0764414462201,32.8147106254089,48.0414449338436,25085.5083246174,23725.5507246406,964.079758763828,0
1753,1564,6.54992654173274,2164.06881021691,27.3133311210732,20.987208044894,21.8901665962972,32.3692916609362,25063.8591604692,23773.4277524118,901.523299212851,0
1754,1565,8.0191972144962,2163.28776514046,27.6053288124463,21.0456764971893,21.9567564684881,32.4610170103111,29305.3075043746,24764.9899041238,-1402.83345139268,0
1756,1566,6.96989615646647,2226.61946765648,24.6687446926059,20.0794033463964,20.8808092455591,30.9519139139138,24429.5078737814,10785.6422567931,915.188631425205,0
1757,1567,7.0102303971409,2311.70590565648,24.6687446926059,19.5429083131246,20.3057220283848,30.1201840055842,24425.0651451797,10778.8907568882,951.617017680208,0
1758,1568,6.61405653679312,2321.04492965648,24.6687446926059,19.4862396961726,20.2450088758326,30.0323393249929,24451.0599810709,10764.5726417918,977.339009846232,0
1759,1569,6.76199293334526,2215.98090965648,24.6687446926059,20.1491599857224,20.9556232440657,31.0600688262812,24444.4611630922,10755.8498310699,979.350360302003,0
1760,1570,6.59387664502,3848.95967749462,26.1146831206266,13.8305197386239,14.2328320135255,21.2781722005197,21271.1210139046,20641.5907722099,796.063995360137,0
1760,1571,6.97595204291999,2195.42931336675,24.7008910258568,20.2916393060072,21.1088904563535,31.2811037718045,24445.7301758335,10773.7998703889,953.898003316232,0
1761,1572,6.54686999832891,5662.79307791794,26.0765690851475,10.689392802167,10.9206848033905,16.4235940684078,21249.1785718538,20604.1012055871,747.655038223172,0
1762,1573,6.54032504019376,5698.76153591794,26.0765690851475,10.6453504076789,10.8744800755305,16.3555915193122,21258.2761559674,20598.1148767525,784.364685771863,0
1763,1574,6.54604894874536,5666.69937949462,26.1146831206266,10.6869628378258,10.9183502818081,16.4199014716057,21236.6329933661,20607.5958957512,742.08479211272,0
1764,1575,6.43464964103637,6003.95379191794,26.0765690851475,10.2904028309033,10.5023603444998,15.807613378991,21250.4810882172,20608.0550734454,795.69253308212,0
1764,1576,7.22052635969264,1774.06339710333,26.3749292918192,24.1243075709463,25.259223666707,37.23454551087,29196.8474426885,15568.2546580277,981.338654579494,0
1765,1577,6.48049372371564,6069.23885591794,26.0765690851475,10.218556394922,10.4270938111507,15.696710094173,21255.1280346794,20603.9665134864,794.554799362318,0
1765,1578,7.37099907327769,6750.53697748601,27.0772839788485,9.59303008983881,9.77739105295382,14.732684906075,30954.9578202683,21918.3355517233,1155.22673509903,0
1766,1579,6.24431601574815,5240.27601949462,26.1146831206266,11.248985577962,11.5085749516163,17.2878451170607,21276.0520740068,20722.9909863012,804.442684800256,0
1766,1580,8.34720207701443,7746.42945895502,27.0103360852557,8.78352799941025,8.93183169015703,13.4838032620181,31201.4405845294,21889.3503814387,1242.51467421714,0
1767,1581,6.24760291903495,6032.39705749462,26.1146831206266,10.2611501175217,10.4719159833538,15.7625139587711,21253.5195690363,20726.7099586682,821.834541491432,0
1767,1582,7.81863004870864,5843.53724095502,27.0103360852557,10.5288178567375,10.7573476427048,16.1770773140498,31227.8230439804,21880.917203947,1221.82972987952,0
1768,1583,6.2449428186444,6892.00575949462,26.1146831206266,9.41820946565684,9.59013973957815,14.461691326792,21249.4373091797,20717.1227967261,813.809613081057,0
1769,1584,6.2805605621858,6767.69101549462,26.1146831206266,9.52849802753923,9.70535470674134,14.6318457608218,21264.9219137073,20730.7235038094,825.989570116778,0
1769,1585,7.66262230973247,1873.71492294393,26.1793985167308,23.1141008904655,24.1659647130543,35.665524056624,28265.386714266,15813.9050167879,1092.49460580288,0
1770,1586,6.37273318788388,6246.20998542037,26.2741822890089,10.0414828364023,10.2426920326192,15.4236807697774,21260.091824664,20719.065755874,802.647512340121,0
1771,1587,6.33269662364238,5579.63714742037,26.2741822890089,10.8056504528881,11.0438120198276,16.603419579957,21265.5063662849,20718.1317095811,813.673266156223,0
1772,1588,6.4967232124277,6501.22701342037,26.2741822890089,9.78576162618499,9.97508650357643,15.0290246224759,21262.2085562695,20728.4610246574,813.876050979094,0
1772,1589,7.73883612279534,3635.62738401806,24.6704553977,14.2308465883741,14.6448417563283,21.8940831149446,29623.5443918881,8816.87734886161,1239.82198167745,0
1773,1590,7.46502507017237,3400.44837520955,24.6756283104849,14.8977315855911,15.3518400657934,22.9257889882588,29652.9978204555,8813.73237045333,1199.30612009029,0
1773,1591,6.77453354217045,4828.1582876143,28.0637988625384,12.0180991387564,12.3305286574197,18.4795296467163,27219.0357878698,25058.1909204325,897.828482016003,0
1774,1592,7.51101315822774,1614.26443705487,26.2782150193567,25.8852030847327,27.1616904455055,39.9686481982666,28289.6159662901,15824.5457319822,1165.69667297129,0
1774,1593,6.98736456371084,4105.33104561431,28.0637988625384,13.4099841523161,13.8021279254291,20.6317495447663,27211.0833558208,25085.3861037539,869.890118061384,0
1775,1594,6.57366485524562,3549.75184845161,26.4963223365339,14.6586831100278,15.1142079378729,22.560320053861,30943.5153160485,13814.1523892285,891.946101719788,0
1775,1595,6.94259064939711,4121.0576096143,28.0637988625384,13.3750634449681,13.7651356665094,20.5777333304403,27219.8125649654,25090.7089335197,856.179467087561,0
1776,1596,6.34525625693226,4033.39875645161,26.4963223365339,13.4321808358322,13.8140574707006,20.6628917277829,30954.5768366811,13801.2766500719,922.021810818891,0
1777,1597,6.7621518024575,3844.15136445161,26.4963223365339,13.8789484123414,14.2871649237893,21.3539181584259,30953.629283276,13792.0560671241,872.442404718385,0
1778,1598,6.44203467334672,2252.58899470114,26.3496122343358,20.2103584835824,21.0429966136191,31.1609493184843,25146.8338437718,18287.3877932948,777.043096807431,0
1778,1599,7.15683291822997,2749.76518744309,26.3735050643766,17.5111908338703,18.151664900691,26.97697439787,27720.2203336479,17125.6387509265,1181.68309925068,0
1778,1600,11.0669154596317,3540.7818843188,26.3482939391142,14.6687111508408,15.1235957373429,22.5754914150805,26361.8949534442,17614.6636413449,861.531432998259,0
1779,1601,7.41912256448388,3124.55960344309,26.3735050643766,16.0022628496038,16.54189726546,24.6398116945765,27712.1324653073,17128.6138144531,1222.27913972779,0
1779,1602,6.92651124807748,2800.41297102951,26.3073586099344,17.2766579998047,17.9004273073864,26.613424649388,31778.4487673336,12902.8626594171,1026.63070993277,0
1780,1603,7.8166160753817,4991.46787351695,26.4555593364487,11.640268086279,11.9222780795848,17.892878536575,27701.7497545495,17117.1640239909,1207.65989972051,0
1780,1604,7.71344139402609,5617.88926419045,26.5005162479127,10.7716933645068,11.0094469641885,16.5513368666732,26942.7415624261,17794.2971963814,148.303397766549,0
1780,1605,6.76227146762155,3196.46104699413,26.2966189540467,15.7408230099186,16.2628143110408,24.2348232430144,31748.0212214724,12890.3386134527,1050.93901176441,0
1781,1606,7.29376691619659,2907.79678539729,26.6289200100309,16.8650895774471,17.4643243233307,25.9767686022189,26277.7241009413,18588.4731301786,1150.33678389356,0
1781,1607,6.99674246649559,3070.16396299413,26.2966189540467,16.1908152532957,16.7420173743576,24.9315738842815,31752.3252182989,12907.0577620603,1026.76564877297,0
1782,1608,7.12545132593909,2586.83175486602,26.6410174560601,18.3313514517706,19.0317385340089,28.248720498906,26276.5705098727,18601.6176527945,1164.69236162584,0
1782,1609,6.92989590598596,3262.40689099413,26.2966189540467,15.5184920901733,16.0262347875007,23.8906252253648,31754.1514898751,12881.0937847529,1064.51857156739,0
1783,1610,7.17256203246538,2549.72010339729,26.6289200100309,18.5206614016625,19.2342891881213,28.5421038741868,26249.92609915,18588.7870850376,1136.50773213314,0
1783,1611,6.69286049387908,3008.18279899413,26.2966189540467,16.4242214857225,16.990766968189,25.2930240057438,31789.3578311489,12896.2288457947,980.499378812944,0
1784,1612,6.94449742255033,4064.80880790088,26.4026253049182,13.3532230093476,13.7297991420971,20.5405877351698,31052.6665353567,13414.891861121,895.07325896413,0
1784,1613,7.14288609235584,2554.74203139729,26.6289200100309,18.4944998929475,19.2062749774647,28.5015537144647,26258.7946916856,18592.2674341173,1123.58172240881,0
1785,1614,6.73841027655973,3817.40982666669,26.4462793123702,13.9404550814647,14.3519441409876,21.4489545333259,31039.742142264,13419.7632573237,918.030705340081,0
1785,1615,7.1585280053833,2207.45808939729,26.6289200100309,20.5612058033861,21.4234300121171,31.7060706425825,26247.5136496616,18590.3930912181,1109.09872357371,0
1785,1616,7.31523965149679,1292.65716041795,25.1037047770951,30.336000957582,31.9675278295898,46.8786169338027,24836.0436021374,10422.4534005935,1206.46846370537,0
1786,1617,7.05065770910084,1677.77468286602,26.6410174560601,25.2271133849045,26.4553908872662,38.9481455218001,26296.6829791991,18615.6228417301,1139.87186697669,0
1787,1618,7.01429992989709,1696.47691539729,26.6289200100309,25.0131562829568,26.2237840840302,38.615814679769,26247.2311498957,18586.6546715861,1106.00961765884,0
1788,1619,7.29158105432043,3043.29597592384,27.8713230429964,16.4855530755652,17.0713228307638,25.3921860354184,26652.6107037723,25229.094168898,1237.83409852964,0
1788,1620,7.38616386469359,2414.74477539729,26.6289200100309,19.2613465963057,20.0279955479583,29.6903184148598,26235.094942719,18599.5306966481,1129.70763284852,0
1789,1621,6.97352605038362,3198.00659992384,27.8713230429964,15.9195349176668,16.4676023709768,24.5155207386416,26673.7118570539,25184.4483338335,1143.6380404387,0
1789,1622,7.37420473229686,2730.66369339729,26.6289200100309,17.6341855691645,18.2858264621597,27.1682917862597,26257.1057817966,18613.9189817326,1139.96942679397,0
1789,1623,7.46004170343373,2266.74985939421,26.3193735568762,20.1130103209796,20.938086773835,31.0098755192127,29537.615500507,13995.3138526238,1147.44921504796,0
1790,1624,6.9655044685617,3000.88908740346,27.8852427453034,16.6517333990508,17.2488480483585,25.6496469501851,26645.422355497,25205.3371327539,1093.05399988246,0
1790,1625,7.77865358718958,2361.63517001373,26.1950920585406,19.5020709716355,20.2809695829502,30.0621175714514,29533.3064545631,13960.4835863722,1182.87588994983,0
1790,1626,6.93103664886296,2541.70185252406,26.4971181746671,18.5425116331187,19.2562014010646,28.5755622173905,29740.9739094394,16414.051281166,1012.30179325499,0
1790,1627,6.9206127988314,4390.07484952089,26.7277540483949,12.7038619284661,13.0456765102006,19.5371740964664,26256.2308235277,18587.8958252,1073.21250228832,0
1791,1628,6.72129431999239,3476.87094740346,27.8852427453034,15.0175422052826,15.5072682005581,23.1189679462163,26634.4352864129,25163.9330486629,1132.89144687579,0
1791,1629,7.09959218482929,2709.69415452406,26.4971181746671,17.7126201648841,18.3682701080312,27.2894388496259,29753.2651791894,16429.3460284344,998.772558712542,0
1792,1630,6.80281479609012,3059.67648140346,27.8852427453034,16.424840623108,17.0066600641128,25.2981786289446,26642.9261092439,25168.5526291611,1094.06698070588,0
1792,1631,6.70568307202075,4354.47878441276,26.7210773729507,12.7731351090202,13.1188105620469,19.6442593836885,26259.4995423378,18617.9947682101,1100.01455374308,0
1792,1632,6.58318114550036,4279.68443274675,27.1666120924221,12.9608021586264,13.3203117967815,19.9352928586472,25936.5167978668,20157.0555778597,1045.19172956963,0
1792,1633,6.79489598639829,2847.64827723227,26.5051809343991,17.0998012724245,17.7136218801803,26.3400082537258,29757.0334547462,16451.3798520031,1030.61783993729,0
1793,1634,6.85999677263907,3380.26491140346,27.8852427453034,15.315194937523,15.8239877924132,23.5797717553976,26622.2243358488,25174.2965747537,1054.9312481587,0
1793,1635,7.51706565237287,2790.61354601373,26.1950920585406,17.3041767939505,17.9286381892793,26.6557322875996,29549.1813571092,13973.1151034182,1142.45568281005,0
1793,1636,6.72274774846096,3980.39514474675,27.1666120924221,13.6148802542283,14.0125719364835,20.9468673787624,25945.9087828273,20170.5457389603,1003.10536065078,0
1793,1637,7.06564927436677,2894.53932655968,26.5065530644555,16.9035415426505,17.5041288176401,26.0359911818171,29749.4820264068,16469.5956845359,959.93706597289,0
1794,1638,6.14702392567196,2046.15363722242,25.7153658574281,21.5617938276935,22.4872526215562,33.2548820440129,26127.8284025141,13696.2485902202,723.003917216851,0
1794,1639,6.96381826180582,2583.19786074675,27.1666120924221,18.4282449129209,19.1412861848608,28.4005010092709,25968.7587828886,20142.4046439041,1052.95549952524,0
1794,1640,7.65532220223406,3193.66732001373,26.1950920585406,15.7384051233382,16.2592912668382,24.2308183205575,29533.0262132936,13983.971148062,1108.68012750725,0
1794,1641,6.76851382391147,3780.43506419416,26.5130878845,14.0400360926058,14.458023244556,21.6031516132327,29743.0931091906,16442.1121252021,950.448743185667,0
1795,1642,6.72299626867301,2448.29105614386,27.1224205951937,19.1484797790635,19.9126938026712,29.5169075806727,25953.3748655928,20162.1720726514,1076.92957742469,0
1795,1643,6.74630535960162,3914.53838052406,26.4971181746671,13.7083204238783,14.1064160804671,21.0899868638946,29746.6738355463,16429.7287715339,940.549405939808,0
1796,1644,6.1644636232681,3503.26254199983,26.5192110936418,14.7950333113866,15.2591963257221,22.7713809780338,30647.5819771055,16223.7560543136,814.263340117516,0
1796,1645,6.17359308261533,2559.09848439017,25.6652048604275,18.3250657809844,19.0139988820372,28.2359442274141,25915.0589671361,13316.6093993123,786.606513445346,0
1796,1646,7.13333248792908,2994.68759274675,27.1666120924221,16.5862363114932,17.1720496839066,25.546291893865,25957.9233892219,20194.6523563083,1054.27424752303,0
1797,1647,6.1756255304521,3183.95407839017,25.6652048604275,15.7086312817876,16.2226076970956,24.1833468479063,25884.041083757,13319.5141495686,720.396345530114,0
1797,1648,6.92780654922024,3392.65336074675,27.1666120924221,15.1980795427858,15.6931716007297,23.3967551218335,25948.3596897993,20174.5512635133,996.51644364162,0
1797,1649,7.85747182385333,6159.26749899556,26.1718132864676,10.1270844165943,10.3317930710233,15.5556577405131,32476.1600833694,13740.5411963058,916.085065492083,0
1797,1650,6.83065082395379,6138.03879739851,26.3916047876111,10.1622303785767,10.3697495101361,15.6102240467551,31420.6546062881,14218.421547065,886.992604906123,0
1798,1651,6.12230602987842,3095.23322092381,26.0392045744274,16.067224994456,16.6078787335238,24.7395158657906,23569.8207608223,17194.81039549,527.98849820803,0
1798,1652,6.4378752527599,3357.95382036155,27.163499283929,15.306809759484,15.8088082470977,23.5650670341269,25948.6447481924,20176.6342709141,1061.95873555871,0
1799,1653,6.02994883626239,2540.64056692381,26.0392045744274,18.4778602213462,19.1817808412629,28.4739225642185,23571.5597503443,17192.2385164074,597.035610821164,0
1799,1654,6.75716354186186,2378.81860674675,27.1666120924221,19.5596437077853,20.354321355679,30.154581749499,25965.5886161131,20143.1077139025,1055.39770065303,0
1800,1655,5.92924640429108,2918.10880736125,26.2840140291771,16.7778691959458,17.3677788788793,25.8407108422058,23587.1280094704,17186.8185099218,559.365145207704,0
1800,1656,6.97075126398692,3069.38615809076,27.4131708309022,16.3307897162629,16.9018910567531,25.1512831921964,25969.3913402262,20169.7084638024,1045.73464194218,0
1800,1657,7.47642568769803,2010.40721875502,26.9587434454549,22.0920595667605,23.0751285188116,34.0823366999733,30132.2539838409,22230.0238269014,1211.95337658188,0
1801,1658,6.66725689071566,2437.12982809076,27.4131708309022,19.2580438895998,20.0335487950896,29.6877053907232,25958.6144013307,20173.1890331191,1071.00839805043,0
1801,1659,7.16784092050659,2937.48155875502,26.9587434454549,16.7871314523865,17.3844073914497,25.8569155743697,30122.5482499556,22234.528523502,1183.66699370463,0
1805,1660,6.84303480941568,4687.8352063073,26.4649193530259,12.1369231073708,12.4455803543365,18.6603458489587,31327.9149997528,17456.222985881,1021.31309653479,0
1806,1661,6.80687045557253,4764.1552963073,26.4649193530259,12.006971795287,12.3085947316132,18.459518739469,31304.8203677198,17431.8287132563,983.994296538889,0
1807,1662,6.45141657142799,2494.7724643073,26.4649193530259,18.7876775852657,19.5184148732496,28.9554811604941,31338.7972675475,17440.4374467452,1004.69364345688,0
1809,1663,6.69341794521348,2226.69049494714,26.0876421335842,20.3348705049141,21.1734002151526,31.3531359016526,32317.6636832909,13625.4559143189,948.487232597348,0
1809,1664,6.93792301415276,1654.91941091046,26.5560448737504,25.4699939067082,26.7168200894441,39.3249905754988,30594.9402151973,19022.08520953,1001.43432655107,0
1810,1665,6.38865799075652,2088.38636598369,28.4665573041791,21.7619487870433,22.7390566569598,33.5754723098938,27125.6511592906,24294.0611255,767.729518038793,0
1810,1666,6.705549880581,3267.63377414501,26.3694520557054,15.5096124997998,16.0174555735066,23.8770628159199,32358.9796400787,13606.7324812613,976.619458376157,0
1810,1667,7.20676149082376,3892.37819388252,27.0452078630778,13.8130119529753,14.2215795646534,21.2531005278397,30541.0942844337,19075.6046848567,948.895442179005,0
1811,1668,6.43235735121387,2667.95650398369,28.4665573041791,18.1908615829503,18.9008442235878,28.0363486605231,27145.4571759542,24309.9205377473,749.893483642711,0
1811,1669,7.44838591859093,4600.88853588252,27.0452078630778,12.3348847985945,12.6582566685621,18.9673790144167,30520.8466896578,19058.8198434412,1010.05419105077,0
1812,1670,6.21908887780697,2547.51833598369,28.4665573041791,18.8082642717852,19.5627298889313,28.9935296381112,27138.7381347374,24292.1279830021,815.465055523813,0
1813,1671,6.26605673026698,1714.18665198369,28.4665573041791,25.2508457153278,26.5087163639652,38.9926631050267,27134.6223695714,24284.6287565319,730.24456370999,0
1813,1672,7.1240463790274,2533.95633212716,27.0486614479831,18.6674528853367,19.3962277586919,28.7709393653477,26254.9199456791,17775.9625152739,1169.49906266258,0
1814,1673,6.07988362055162,2509.17106998369,28.4665573041791,19.016336022992,19.785963671245,29.3161580400282,27142.9684044876,24315.1419764669,775.230097501842,0
1814,1674,6.72022013563157,1997.56741044523,26.9692201287166,22.1994558395203,23.1909975415077,34.2490417106756,30683.3708696979,16253.891226317,836.095601234175,0
1815,1675,6.35127577836701,2404.48149198369,28.4665573041791,19.6156417497472,20.4294052151247,30.2455489240251,27155.5466954802,24308.3921461074,790.188857485923,0
1815,1676,6.59403854096473,1641.45104244523,26.9692201287166,25.7320907312791,27.0070177640286,39.7338909913478,30673.0901152609,16247.6771747693,838.22254273781,0
1816,1677,6.28715915492886,1551.12817398369,28.4665573041791,27.2649815824958,28.6921316250035,42.122038746593,27154.6938908005,24316.7819909263,752.321351410551,0
1817,1678,6.02274021736886,1702.29261198369,28.4665573041791,25.385374360101,26.6544008176643,39.2016382559117,27143.1729365988,24329.1636491206,779.200849154118,0
1817,1679,6.79967333488515,1028.79173876106,26.9731255982047,37.1370984426954,39.4177610200418,57.4674549499937,30693.5480273999,16285.9158719588,851.37867502916,0
1818,1680,6.08127593467603,1952.35378998369,28.4665573041791,22.8844697560445,23.9500069873121,35.3178673965909,27155.2534697976,24301.250956555,791.262682921208,0
1819,1681,6.1344745165789,2147.37199398369,28.4665573041791,21.3167432040443,22.2593265906069,32.8845709455792,27131.8830912668,24313.6409699847,763.498812234428,0
1819,1682,7.62812853828227,3192.64703943214,25.0521738354257,15.6053212250764,16.106872724681,24.0218104035199,30417.1439084858,9506.9927250758,1249.7524144212,0
1819,1683,6.7829954885939,1707.50701644523,26.9692201287166,24.972188757776,26.1847230570755,38.5536449739926,30666.4709516397,16257.2975015577,876.236763689545,0
1819,1684,8.14682436429196,3801.64900871084,26.9520009353211,14.0288143660606,14.4496191455181,21.5867532892669,19839.2199252351,21639.7254610715,-1510.22821236081,0
1820,1685,6.18968229725665,1742.86729382668,28.5107994001488,24.943719331716,26.1768466244638,38.5157781947083,27140.1819874568,24275.0450765542,752.574890466788,0
1820,1686,8.08695431771575,4706.26536385848,26.8927769142481,12.1377604559714,12.4492806996438,18.662417102968,19849.5234762575,21668.9761896034,-1492.86273974611,0
1820,1687,7.89840332286332,2382.75351829353,25.1382098631921,19.2010626390531,19.9454232127744,29.5919116130368,30394.8642472508,9455.30427780854,1189.53454139525,0
1821,1688,8.23020324739961,5544.13440385848,26.8927769142481,10.890114505685,11.1360155519857,16.7348262006678,19863.5419864489,21668.3075065919,-1432.33177990953,0
1821,1689,6.38329938309416,1689.51122194926,27.3939607307884,25.2759901311954,26.5199080006638,39.0272787878222,30687.8480294716,16246.2810226988,840.135370847029,0
1821,1690,6.06489112431116,1969.33616521884,28.5037802054359,22.7437947433645,23.7986364403253,35.0996157302891,27151.5448012074,24300.6212096036,802.800545700968,0
1821,1691,7.42246223232364,2033.09076829353,25.1382098631921,21.5483070578976,22.4647097055438,33.2317416905145,30307.2803586052,9365.30540424314,1048.24937263501,0
1822,1692,8.07717268749609,5600.80730185848,26.8927769142481,10.8177408507305,11.0599983038691,16.6230547625678,19836.4955927113,21668.2985481457,-1480.82550062077,0
1822,1693,6.67734148485809,1537.00319794926,27.3939607307884,27.1734116117571,28.5756013429312,41.9749738429508,30665.7125499056,16272.6571402518,773.728303745038,0
1822,1694,7.22171733711581,1809.70307629353,25.1382098631921,23.4857293404296,24.5511368894635,36.2380234537827,30316.1199403794,9362.1432299787,997.597170611559,0
1823,1695,8.17102909219388,4843.55342185848,26.8927769142481,11.9071830981858,12.2061872172875,18.3060726790552,19838.8776929286,21670.1684269191,-1466.29333589922,0
1823,1696,7.29528408986287,1779.48340429353,25.1382098631921,23.7826643904359,24.8714134041699,36.6989166368388,30278.3041211538,9370.0696722387,1006.16271971921,0
1824,1697,7.13481064071545,2131.83332629353,25.1382098631921,20.8131775019576,21.6746386081327,32.0914940526008,30334.8350169823,9374.48957487072,1073.30062520113,0
1825,1698,8.28764904136921,3613.37701574826,26.1352441884391,14.4433028450943,14.8825717518802,22.2262065398794,34065.7090904386,14204.7865857972,-1453.27369931411,0
1825,1699,8.2520856610928,4206.13908009886,26.8750994748265,13.0887342349266,13.4535131071446,20.1325422574307,32354.6210552785,18535.1034416004,-1400.12840072945,0
1825,1700,6.42446028602307,1698.67867772926,27.8998136164239,25.2926343094492,26.5455675471198,39.055248705922,28885.0114863268,22762.3014744457,928.074900323241,0
1825,1701,7.51014237173318,4527.44038124423,25.1059478048415,12.3132828745139,12.6221869449488,18.930327296844,30452.0560533019,9427.67594756787,1216.81155665771,0
1826,1702,7.84376387452355,3896.39136985848,26.8927769142481,13.7890078860255,14.1949637803643,21.2156431867194,19831.2336415078,21647.3804125533,-1489.22092665369,0
1826,1703,7.61634720980466,3793.40190524423,25.1059478048415,13.8690660025965,14.2654607608152,21.335535697564,30420.8843269191,9448.93235104061,1175.73884943747,0
1826,1704,6.39419220565622,1853.28681872247,27.9655878223297,23.6918924967956,24.8152366783387,36.5695629276733,28834.704254541,22780.1231306651,868.349559728166,0
1826,1705,8.53274090385611,3654.87399974826,26.1352441884391,14.3305665012526,14.7629887842374,22.0517795726585,34046.7105515048,14182.4018894413,-1477.28972286914,0
1827,1706,7.52868910583739,2313.93751124423,25.1059478048415,19.6053539318159,20.3782166027265,30.2185253539073,30413.141486084,9446.04354642644,1164.53681964676,0
1827,1707,6.28458584512245,1887.81593972926,27.8998136164239,23.3512623555813,24.4463621481155,36.0404387027593,28874.0522304359,22779.7800530408,916.937248716072,0
1828,1708,7.36108948155006,2498.99996324423,25.1059478048415,18.5510140796427,19.2491807704872,28.5842974179381,30432.6373967653,9472.7546775961,1217.95062458669,0
1828,1709,6.67508564806784,1869.97487972926,27.8998136164239,23.518550526519,24.6270478732012,36.3001677664706,28893.0980968389,22795.2325456738,870.250327498711,0
1829,1710,6.26739555545802,2109.14472290879,28.5186692876562,21.6122007439283,22.5783124037147,33.3432528600192,27060.144735621,22926.876437283,665.608726500857,0
1829,1711,8.1996350364029,3103.36498574826,26.1352441884391,16.0495457029273,16.5899764653893,24.7123966066315,34022.6347004389,14206.6535934556,-1478.53452495006,0
1829,1712,8.06059659436958,2422.70189924423,25.1059478048415,18.9676933133615,19.6951174855523,29.2300778187687,30432.7534739175,9445.60063831752,1192.68589052725,0
1830,1713,6.12510428215937,3215.55585133863,28.6312954380724,15.9453672477377,16.5019083415686,24.5573905851498,27038.5720274599,22937.8242965702,658.717764818206,0
1830,1714,7.66611190629021,2793.45996266033,25.3165169477222,17.1698070889305,17.7758580336241,26.4450106757284,30428.0858032561,9449.5716803682,1172.59615013252,0
1830,1715,4.87560619597691,2798.24672340353,28.4054074358995,17.5702629309679,18.2357149176326,27.074264876471,27212.5332560462,22313.3103601917,-385.430979830187,0
1830,1716,7.07721948133292,3730.9790290332,28.0504031278362,14.3177819345458,14.7648951782108,22.0362601151391,25633.8857701568,18928.9523429533,1020.71167295337,0
1831,1717,5.95609113862864,3094.34677333863,28.6312954380724,16.3838108537604,16.969744742582,25.2365166660377,27047.2305873117,22918.2244956076,645.015562213228,0
1831,1718,7.96183893802018,3137.1925461763,26.278192456061,15.9456599505795,16.4807119959528,24.5519198496451,34030.0809725538,14201.0071360055,-1510.11908421741,0
1831,1719,7.60055573162144,2758.6246134321,25.3563512788092,17.328316725976,17.9454476812328,26.6906587477702,30379.9349110622,9455.27536656081,1205.28497117352,0
1831,1720,6.71102288162521,4003.0662070332,28.0504031278362,13.6418787809627,14.0477701299485,20.9904473633755,25620.1699900737,18886.1560613951,953.249398311468,0
1832,1721,6.11740788012625,3674.86402933863,28.6312954380724,14.5254541545596,14.9900803509764,22.3589225961731,27051.0922848809,22927.9804159334,671.140373020166,0
1832,1722,7.5546617777144,2681.4455094321,25.3563512788092,17.6801262577498,18.3210978917265,27.2356638386302,30396.2102743538,9434.26173331298,1217.58886586202,0
1832,1723,6.58462710810165,3710.3478734706,28.0242149496056,14.3701230863495,14.8202751317418,22.1172043407592,25605.6193938208,18888.5408376313,951.013560193271,0
1833,1724,5.99619932080927,2860.14431533863,28.6312954380724,17.3269561268604,17.9776275024146,26.6978164241662,27050.7395745409,22922.2475905378,634.636092941129,0
1833,1725,7.80412165576358,2663.39643266033,25.3165169477222,17.7592270305825,18.4051505025977,27.3580901574454,30422.8058862843,9436.98380656309,1206.78297062692,0
1833,1726,6.78551813653965,3777.02057547059,28.0242149496056,14.1947282009435,14.634038940345,21.8457793674339,25619.6952965498,18937.2687214499,949.647231951035,0
1834,1727,6.31204665853469,2455.90113733863,28.6312954380724,19.3408275094591,20.136091093342,29.8198520298383,27058.7765796206,22946.1855089132,681.181867465797,0
1834,1728,7.86368864381249,2585.0817594321,25.3563512788092,18.1463612700963,18.8193399091985,27.9580449143587,30388.0865367792,9447.22790149327,1216.58659225551,0
1834,1729,6.83829605043961,3288.3885850332,28.0504031278362,15.6314814804933,16.1622298295585,24.0698898637964,25614.7876260133,18897.8604439796,962.552733179845,0
1835,1730,6.27904328665511,2014.45604533863,28.6312954380724,22.3862777482123,23.4144651679104,34.5450888277761,27059.8048697227,22936.7580899752,653.419630115613,0
1835,1731,8.13609683223347,3587.7493314321,25.3563512788092,14.4326291809685,14.8646113145843,22.2078631880194,30394.2694694622,9422.5466250227,1191.64183774025,0
1836,1732,5.92089903065453,3043.10632970686,28.6075012169219,16.575876892499,17.1746099752015,25.5339958274029,27075.5552392433,22924.2377910738,679.527028528355,0
1836,1733,7.89617921149351,3613.1012574321,25.3563512788092,14.3632302567869,14.7910367088775,22.1004990783641,30400.1575382864,9442.35919105196,1230.01279585204,0
1837,1734,6.14466575688091,4498.26198733863,28.6312954380724,12.6480082828965,12.9995269380685,19.4543666847143,27037.4260779524,22914.5564847419,669.794976346424,0
1838,1735,7.74066535039262,7117.07954883616,28.6578093994689,9.34788493251553,9.52815106590472,14.3563688876652,26780.5316866598,22426.0228717692,-1200.52506210899,0
1838,1736,6.7505377603789,5897.73687713711,27.0827661249978,10.4698678010409,10.6958851835794,16.0861624720318,21046.5551325298,20420.7884748054,818.229715326369,0
1838,1737,8.82270150584561,3146.1130761763,26.278192456061,15.914048234488,16.4470513906091,24.5029743566675,34070.3487481987,14194.4297217398,-1496.76272727166,0
1839,1738,8.26563109387559,6452.59918083616,28.6578093994689,9.95928495306857,10.1683489078836,15.300051531647,26793.8601388961,22452.8284525279,-1127.50682186104,0
1839,1739,6.73850633404652,5283.65852346282,27.1188556943672,11.2553639323092,11.5212626626803,17.2993487772059,21049.2171002495,20422.5847625051,851.17679419078,0
1840,1740,7.5034536829525,6851.16778704538,28.4946344238728,9.57212173205026,9.76204639825257,14.7022241666485,26573.9950355184,25553.5440135339,1262.44625711835,0
1840,1741,6.59488016536199,4927.26484446148,27.2879241111521,11.8006124549208,12.0963638858526,18.1420721821078,21057.7239184078,20440.267529126,831.647759391682,0
1841,1742,6.7875608762113,4081.26821046148,27.2879241111521,13.3955571065828,13.7812005416786,20.6078780153679,21053.8072980145,20422.0646370211,827.439231464558,0
1843,1743,7.61037650058365,1904.60718573708,27.9658335660231,23.2102531232933,24.2949981369094,35.8217695464704,31462.1935669054,15390.9305401618,1033.51723287333,0
1844,1744,7.18691595914396,1918.92408573708,27.9658335660231,23.0802023431533,24.1545811250739,35.6198685317289,31477.2091317725,15399.6848651613,1141.92936284755,0
1844,1745,8.03620489900651,5351.57405594519,26.2407863106999,11.1030567317863,11.3559656756609,17.062661684788,19802.1297636202,18884.1664593658,-1438.89735052802,0
1848,1746,6.314688047093,1470.74339957133,27.8855887384569,28.2517252647505,29.7539238771809,43.6529704209426,31893.7113486909,15592.9824387702,801.888477363201,0
1848,1747,7.52137318249029,3884.1460179011,27.7276289759056,13.8968039608055,14.3156459964544,21.3841732653477,22425.3721874812,24396.3394025516,1234.89748738471,0
1849,1748,6.38691265284288,1378.36635557133,27.8855887384569,29.7166472411326,31.3458158643053,45.9301277095144,31906.1834948568,15595.4742363321,780.954537618317,0
1850,1749,6.83780879538895,5221.81456569692,28.0664133687699,11.4066162725495,11.6859850252122,17.534553080642,23101.2478650869,23805.8120534695,1099.35806605436,0
1850,1750,9.34830621820078,5415.28348588868,28.1337046270179,11.1394115122316,11.4050985925623,17.1218290947852,27224.1152509914,26045.0338304079,-1176.2512749098,0
1851,1751,9.86085673943832,5259.47156188868,28.1337046270179,11.3568181195668,11.6339362538235,17.4577175453644,27235.5151084332,26059.0043181812,-1201.39976106938,0
1852,1752,9.4580094478649,5660.95714544445,28.1130431237514,10.8169987615208,11.0659238320803,16.6237602368399,27223.0063227399,26054.282012144,-1118.37141020633,0
1853,1753,9.48178693848951,6073.74641144445,28.1130431237514,10.3295239864522,10.5539835423533,15.8709414036672,27252.4002852342,26065.1815457237,-1126.02334861717,0
1854,1754,6.38468641964875,3344.03794361424,28.7765943810477,15.5282369030881,16.0584812886625,23.9117370484313,24953.9630760445,21506.7496449168,616.934105597777,0
1854,1755,7.11618424008706,2446.34223995808,25.8697420778478,18.9596380954229,19.6956757541879,29.2201233564962,24577.4980412744,8224.05026631157,1032.07633216507,0
1855,1756,6.03357919327942,2642.59794761424,28.7765943810477,18.3605911795196,19.0859530457688,28.3003546649634,24972.7519428197,21469.8455852467,594.494073751874,0
1855,1757,7.32986537073629,2526.18648995809,25.8697420778478,18.5273386459193,19.2327914740391,28.5500703956238,24616.4055008231,8201.04041846216,1066.27428980093,0
1856,1758,6.20313607481557,2436.72092561424,28.7765943810477,19.4743077977622,20.2810513834487,30.0273056904405,24940.0806710702,21509.8579795026,601.249463242032,0
1858,1759,7.72791056001872,5904.97133840991,27.8375603488664,10.50558975997,10.7373525582309,16.1424207020817,32854.1092455414,16736.0558887458,1246.75320793788,0
1858,1760,6.09193640246088,3585.77526888478,28.7606899148857,14.7879354172952,15.2701962134816,22.7655026787209,24946.0365021531,22217.4715119877,621.369126973324,0
1858,1761,6.87048416819927,4307.15706406204,27.7014167566548,12.9493406918094,13.3119419506052,19.9186035258736,30555.2090258173,13617.3236890788,975.999213093873,0
1859,1762,7.88411140937489,6186.88211240992,27.8375603488664,10.1908043098632,10.4070850983914,15.6563767418287,32867.8650384365,16720.7831698493,1254.51588245493,0
1859,1763,6.26041071015536,3170.87150688478,28.7606899148857,16.1183749614808,16.6876112488747,24.8256725452728,24957.4009208795,22265.4669727517,658.105658179549,0
1859,1764,6.89373180017041,4804.65832606204,27.7014167566548,12.0309280356403,12.341791281796,18.4987319323764,30531.1630357348,13646.4397547361,952.488310408428,0
1860,1765,6.85778357206889,4366.46109118037,27.918613560698,12.8477568920462,13.2059969462608,19.7619298391261,30559.0689727543,13625.2560399498,959.647571723941,0
1860,1766,6.34434951999844,3711.98802174988,28.7600582270499,14.4371532476916,14.8972364181492,22.2225283122563,24938.0248340444,22273.0501328577,632.557802214884,0
1860,1767,7.22462732049872,4580.63731656605,28.0435613187777,12.4487951635363,12.785118708605,19.1452870685117,32864.0649539489,16562.8312897866,1196.90436341206,0
1861,1768,6.0157122043509,3283.00964574988,28.7600582270499,15.7285165785482,16.2718037521509,24.2218539197457,24947.2891468202,22249.8320025273,649.398935525618,0
1861,1769,6.69404407482467,4896.69298918037,27.918613560698,11.894950492194,12.199725520559,18.2889429621848,30564.422526207,13639.4647556787,990.153535257932,0
1861,1770,7.33422387341218,4261.41798088128,28.0484201704688,13.07240181424,13.4445629892371,20.1095805560555,32829.8154993081,16459.3213890412,1139.49192755191,0
1862,1771,6.91812017295083,4929.93022318037,27.918613560698,11.8413456203603,12.1431988016145,18.2060963195311,30566.0490951185,13641.2939996506,996.250990055339,0
1863,1772,6.71105156465897,4738.7659426053,27.9864663809266,12.16382170976,12.4838238966247,18.704642391827,30634.1667761697,13783.0723689357,933.705693551477,0
1864,1773,6.67604264735279,5611.83315718037,27.918613560698,10.8672833443322,11.1177216691865,16.7011368142535,30649.6809530623,13745.6432926957,958.213587462389,0
1864,1774,7.03886675431428,2569.93058962619,26.6698563428942,18.422113272296,19.1292261860011,28.3894828571805,24459.8705566078,10166.0278873565,1134.65848561608,0
1865,1775,6.90860308992115,6700.13719060529,27.9864663809266,9.68545307614374,9.87834759913168,14.8764939480594,30651.5772272312,13756.8301567716,918.44423337023,0
1865,1776,7.10873075287509,2781.66652762619,26.6698563428942,17.4091647148814,18.0457645300126,26.8197581294697,24445.977933911,10169.2962076938,1056.9992477299,0
1866,1777,6.71515946669939,6763.06547260529,27.9864663809266,9.627209847198,9.81738603884036,14.7866036415934,30652.3404316189,13732.5775551218,931.496947177207,0
1866,1778,7.32303583070253,2640.98646562619,26.6698563428942,18.0655272647876,18.7475704653604,27.8368277187319,24428.300509644,10204.4189752454,1028.40534512253,0
1867,1779,7.2242750018548,2703.45220162619,26.6698563428942,17.766333613277,18.4275475036258,27.3731791066359,24467.7647627581,10171.7874768591,1085.58982181928,0
1867,1780,8.08380233882723,4731.16981576902,26.9435263618025,12.0988755464581,12.4086033479035,18.6024104690016,31879.6636643925,12382.7446135341,1256.65273283282,0
1868,1781,7.04920626566628,2456.8491056262,26.6698563428942,19.0287155413703,19.7790695329606,29.3297907361728,24443.8821044019,10174.1929234041,1067.09719871093,0
1869,1782,7.16045933150577,2121.26096962619,26.6698563428942,21.1786135246409,22.0878287047625,32.6639568169819,24452.91615267,10177.0907906075,1059.67387213961,0
1870,1783,6.936430279534,3167.63112448487,26.4039564660347,15.8534708718377,16.3837377558751,24.4095081267787,24456.9357418875,10184.4467626095,1057.93870419321,0
1871,1784,6.0010740703798,2875.3222697038,28.2183665523302,17.2081029522259,17.8464960713222,26.5125312066614,23128.8669787969,20353.6918242093,624.807868077811,0
1871,1785,7.10255942632009,4664.34187648487,26.4039564660347,12.1729840414065,12.4831967738176,18.7159651216848,24431.8858952544,10191.8964259681,1028.94479396661,0
1872,1786,6.00260574806633,2935.0347557038,28.2183665523302,16.9581149851021,17.5792887530204,26.1251857421567,23108.7510330686,20338.2984399284,569.202632249592,0
1872,1787,6.38257068192253,2580.68496211858,28.1942082709569,18.5930158385268,19.3289826990698,28.6589978716397,25593.8404893548,17651.3502036029,803.913921396895,0
1872,1788,6.89233807154398,3946.37379446457,28.9044548972137,13.8530380300206,14.2780020073102,21.3188769130242,29520.9815983216,19233.6771368197,992.066914582461,0
1873,1789,5.84358197571032,2578.2576077038,28.2183665523302,18.6092135404088,19.3466067174488,28.6841812170029,23127.9994013483,20343.5708472987,591.886773523724,0
1873,1790,6.62828885673041,3264.48213211858,28.1942082709569,15.727815725021,16.2661353381362,24.2194130614077,25619.5868550446,17683.8309455201,818.628671857674,0
1873,1791,6.55308397459456,4427.99431046457,28.9044548972137,12.8051888445167,13.1675926984651,19.6979280758059,29518.3185364913,19240.7218343585,989.830351979932,0
1874,1792,5.85291416421969,2916.3346817038,28.2183665523302,17.0353918264014,17.6618735598191,26.2449187131537,23114.9014290095,20362.5513235303,557.394544752354,0
1874,1793,6.27198844709304,4734.34319011858,28.1942082709569,12.1868419826277,12.5094405188706,18.7405902586232,25582.0707560776,17643.5733000673,841.440197345706,0
1874,1794,6.76184889140832,3924.83236646457,28.9044548972137,13.9053008475967,14.3334683115104,21.399746643099,29486.3149439555,19228.5302605751,965.273444108575,0
1874,1795,7.19213953773768,5349.64947797288,28.2856775735722,11.2394325083278,11.5112200582261,17.2765916140541,31753.4228332625,14336.5231710564,1211.43475778416,0
1875,1796,5.61355136417203,4765.57605811858,28.1942082709569,12.1331897044582,12.4528029061581,18.6576536749777,25608.6798605591,17619.5747198603,841.247546766894,0
1875,1797,5.70202984157892,2592.2441177038,28.2183665523302,18.536613636244,19.2687770682785,28.5716273195652,23097.9974824247,20360.8101589069,521.802237533243,0
1875,1798,7.38843816918072,5618.21249597288,28.2856775735722,10.8816303792366,11.1347999963033,16.723848527201,31763.1926303208,14348.8094050991,1186.15335792587,0
1876,1799,6.0555786833138,3038.8212677038,28.2183665523302,16.5451195158198,17.138155581699,25.4853529140192,23096.577668585,20358.4186769394,601.047184780798,0
1876,1800,5.93875119356802,5540.857394492,28.1341341208097,10.9721312351079,11.2291363079937,16.8634157841705,25643.7503910037,17607.233997162,900.018597547545,0
1876,1801,7.27671158979862,4354.49354846457,28.9044548972137,12.9515771998093,13.3225253601578,19.9243269114628,29509.1198048372,19246.9002574956,938.608097387009,0
1876,1802,7.49450084055571,6115.09702997288,28.2856775735722,10.2934984752183,10.5170523887598,15.8155555758011,31720.5746352986,14365.9451063903,1259.74435034847,0
1877,1803,5.79424132745456,3129.2600237038,28.2183665523302,16.205759470136,16.7759705608716,24.9596814491452,23101.4489837118,20329.0018127072,540.434282771595,0
1877,1804,5.46352944760823,5135.92122211858,28.1942082709569,11.5415980112455,11.8289141685127,17.743331267025,25631.8621485149,17607.5404450438,898.446566250477,0
1877,1805,7.48602383299603,5276.25884597288,28.2856775735722,11.3428104909426,11.6200595706895,17.4363154522424,31725.910956369,14359.4667166643,1244.14360477302,0
1878,1806,6.64611132464457,4231.30849397163,28.9060648597704,13.2072773170834,13.5933159197675,20.3198287833104,30644.6230288214,17567.1704926896,963.781581863295,0
1878,1807,6.1616890828533,3095.2518797038,28.2183665523302,16.3312406230907,16.9098598597504,25.1540440541481,23108.1546044263,20336.9050419445,561.171121390364,0
1878,1808,5.78274999521585,4867.62969503295,28.0719163425137,11.9533886138451,12.2623098632361,18.3795244332243,24893.0782641655,17894.1396971651,880.273308435721,0
1879,1809,6.68355381031494,4175.80138909485,28.9147595471759,13.3275970236786,13.7208591377487,20.5059659343309,30630.0835256468,17556.0276903334,948.408652968245,0
1879,1810,6.05245124944031,2896.0927877038,28.2183665523302,17.1200726015826,17.7523862223923,26.3761276122202,23130.0834735629,20366.7722154394,580.456365304727,0
1879,1811,6.35274143219169,5635.30187303295,28.0719163425137,10.8468615245823,11.0970901439634,16.6698240458857,24944.1327093271,17873.2426554073,864.580640509809,0
1880,1812,6.94736858723845,3667.37988802671,28.8986372051497,14.5721620923114,15.0418242817477,22.4317953652582,30649.3112060567,17563.0255763948,959.979191911826,0
1880,1813,5.88720949744552,2896.32578586364,27.9755151909695,17.0877755742948,17.7154995511092,26.3254332223343,23129.4159203925,20348.1304952952,584.174516794062,0
1880,1814,6.43731447450516,6827.64833649238,27.9019217544263,9.56424127914255,9.75110676779903,14.6893175729711,24961.0367587603,17863.0940388327,829.601043762513,0
1881,1815,5.88811122694897,2854.76272386364,27.9755151909695,17.2645648416601,17.9044737202162,26.5993625736223,23132.962294391,20363.1317980067,577.606194037585,0
1881,1816,7.31763146797492,6034.3540094028,28.4278470028006,10.3912485070604,10.6203587501595,15.9666931004092,32779.5876165267,16252.4416133345,1113.37385124372,0
1881,1817,6.19634772493673,3045.19077192334,26.5592266150702,16.3165422529497,16.8785459227881,25.1269718930841,25694.7904376591,12152.4386909715,622.146280794238,0
1882,1818,7.23486964818665,5896.35141306464,28.3538568410797,10.5455734963809,10.7820209721352,16.204908197781,32781.1966095126,16248.980295131,1004.99526982432,0
1882,1819,5.7081556913482,3445.58814786364,27.9755151909695,15.121852484967,15.6189950013906,23.2806557151973,23118.9777621133,20345.4488047711,595.000304351756,0
1883,1820,5.81795899598885,3646.35513786364,27.9755151909695,14.5390724816648,14.9993569115909,22.3785692779267,23088.2088432857,20330.2882173729,586.602406474709,0
1883,1821,7.02656573759571,9012.68770340281,28.4278470028006,8.03736497814737,8.1602310940864,12.3347946029961,32782.2775174236,16192.8125897487,1226.56181289292,0
1884,1822,5.7794515678865,2939.80510986364,27.9755151909695,16.9077543545456,17.5231424455613,26.0465159199541,23115.8357185231,20351.2468522463,645.153667074756,0
1884,1823,7.27146643243456,7212.67421687821,28.3140906184316,9.25224247501462,9.4266590567766,14.208374546027,32835.620618307,15883.0030461772,-962.861894404522,0
1884,1824,7.16664731515723,4052.06428531805,28.1039701599082,13.5336203945489,13.933419465731,20.8230815537766,30790.6305647442,21593.5850288478,1243.62675752272,0
1885,1825,6.7094688367767,4925.07731819309,28.7079658571125,11.9049495758843,12.2150916923146,18.3057265621489,31830.4325829828,15896.6457587503,894.999921804614,0
1885,1826,5.87250512584481,3310.50268986364,27.9755151909695,15.5499755007144,16.074754323552,23.943502230897,23125.0792276549,20338.6878416395,550.157985927951,0
1886,1827,6.69553207277911,9055.34878619309,28.7079658571125,8.02360692193958,8.14690107727922,12.3138572307547,31812.4429377101,15856.2867070601,862.998395176029,0
1887,1828,6.55355862595705,4121.87720219309,28.7079658571125,13.4288184215725,13.8266817526273,20.6621509571759,31808.1916976438,15866.2620429405,808.872726489773,0
1887,1829,5.65888412558051,5196.74894967484,28.2612276309964,11.4560994976879,11.7392335162132,17.6113245495926,32082.9181099007,15205.7407189578,-292.910183256929,0
1888,1830,6.48563068807021,4340.68348619309,28.7079658571125,12.9636742963886,13.3340076500878,19.9426718129515,31821.476156495,15856.1250126785,889.46127106553,0
1889,1831,6.38779190190185,4829.74879019309,28.7079658571125,12.0619634092161,12.3808078999748,18.5484317834457,31804.729181024,15862.6997015184,879.731819161956,0
1889,1832,10.3565953666304,5122.96184967484,28.2612276309964,11.5655503877598,11.8545464550617,17.7804531252182,32698.5443415282,14947.1302181231,437.749988965584,0
1890,1833,6.34012835238897,4288.02816618179,28.7689057777387,13.0767108067417,13.4540912205169,20.1176137117944,31837.0482398323,15856.3655995907,875.152157461347,0
1891,1834,6.27323083922769,3936.6253621818,28.7689057777387,13.8643840600015,14.289047611214,21.336159030734,31833.5965309809,15874.6525933964,863.232385868037,0
1892,1835,6.29219560747612,4463.00271018179,28.7689057777387,12.7263573819926,13.0832965066803,19.5757721868893,31810.8480463008,15858.6921019499,889.09738836623,0
1893,1836,6.47370717055108,4754.93531418179,28.7689057777387,12.193573727069,12.5201534568414,18.7519907769504,31819.2682146763,15865.8539884104,866.045380575717,0
1893,1837,8.29015612505337,4786.75433749306,28.317775752323,12.1061930698565,12.4250806495559,18.6161359617685,31985.6356417401,15044.0811619781,-322.367369594553,0
1894,1838,6.44704757126107,5590.93214418179,28.7689057777387,10.9461505440151,11.2052631974398,16.8242350153928,31825.0222895354,15837.3953344872,862.441921479701,0
1894,1839,10.1963504282167,5526.07905349306,28.317775752323,11.0029009967776,11.262507175722,16.9112258813606,32714.4090615846,14926.8469489801,443.583725846309,0
1894,1840,7.37945942091594,2037.89109785093,24.0007897629189,21.2814552528839,22.1616709479467,32.8133506786323,26797.7282929088,6354.73002068944,1154.3642559194,0
1895,1841,6.44187344173127,5130.23632818179,28.7689057777387,11.5888387274594,11.8820604077808,17.8172609693717,31804.3148711603,15859.5639553466,853.856651381003,0
1896,1842,6.31109061148807,3523.72596618179,28.7689057777387,14.9695479940285,15.4634829999767,23.0466729370845,31812.3075865838,15886.2804775549,859.011768238993,0
1896,1843,7.65037415043315,2052.15870038124,25.8835256898015,21.5484486225009,22.4752045781814,33.2348157948393,21517.3964710555,15602.3560215438,1159.55809968602,0
1897,1844,6.48319638836419,2356.8545641818,28.7689057777387,19.9535592110869,20.7959612825883,30.7706206224838,31795.0608110368,15858.2919185316,843.971521989066,0
1898,1845,6.51189685717673,2676.38574618179,28.7689057777387,18.1919323030599,18.9051056855767,28.03886685207,31820.7108573803,15861.3159807081,835.990009103379,0
1899,1846,6.65586359502547,2680.1081401818,28.7689057777387,18.1737102389195,18.8855788567885,28.0106188025564,31814.6509121526,15859.3217347365,864.096184915243,0
1899,1847,6.23698675389263,2057.56183802477,26.3009463519988,21.5883322957544,22.5237962108701,33.2982598427262,23377.9896158301,15470.8048859372,750.753830745365,0
1900,1848,6.43692787959776,2789.33351313828,28.7403873487094,17.6552501183122,18.3300024596873,27.2068986807592,31819.079076672,15894.4820412061,869.727253002599,0
1901,1849,6.48502982723469,2628.05914113828,28.7403873487094,18.4287584806206,19.1586543584373,28.4059327881508,31805.6382116874,15866.8775891122,879.729213678117,0
1902,1850,6.53472258049669,2698.96083513828,28.7403873487094,18.0781846437402,18.7829341461331,27.8624570313037,31817.172350998,15876.6646116188,897.125409299465,0
1902,1851,5.90032753938044,2468.91000856259,27.6511649212172,19.1151366632601,19.8829407426946,29.4668667010797,23241.5736086046,20365.3293383689,535.340854431629,0
1903,1852,5.80876530845537,3487.8899485305,27.7067878796062,14.9658189899513,15.4507646302649,23.0384898187974,23259.5254212274,20362.5155826473,521.486139632418,0
1903,1853,6.60835313590646,2752.81440513828,28.7403873487094,17.8230704356545,18.5096805460498,27.4670115618387,31811.7074931573,15868.9753298692,867.125122112247,0
1904,1854,5.93446151895002,3687.47643256259,27.6511649212172,14.3948670392213,14.8435930862215,22.1546816913453,23239.1117960952,20344.3396812025,506.113222391446,0
1904,1855,6.5934745712942,2921.20317513828,28.7403873487094,17.0815223831349,17.7161956790936,26.3177774037261,31794.7358798272,15870.957225251,878.996913447339,0
1905,1856,6.65079185033534,3314.45537913828,28.7403873487094,15.6213863724572,16.1574412787567,24.0559010502654,31803.0211850657,15886.1356078402,870.074527048887,0
1906,1857,6.51347650467726,2786.97866460727,28.6974399612997,17.6602103998291,18.3348863705315,27.2144692321339,31814.5198792795,15859.3326610059,856.838331525007,0
1907,1858,6.5236754070959,2607.66306513828,28.7403873487094,18.5328682494653,19.2702799382031,28.5673419291507,31832.063202076,15891.5929665824,872.451364898698,0
1907,1859,6.76278340430002,890.566936907184,28.622273036695,42.5935165474904,45.4252175257515,65.971512993833,26372.2155801644,20670.894079322,988.229109739123,0
1908,1860,6.62335453766593,3244.96334913828,28.7403873487094,15.8557909764424,16.4073358270875,24.418919559371,31803.7252658149,15853.6463346376,884.810339853556,0
1909,1861,6.60824742019828,2772.41754513828,28.7403873487094,17.7324790810928,18.4126807987491,27.3265975490951,31811.8963088319,15884.4599935926,862.692804585418,0
1909,1862,6.81174317113726,3620.71098210964,26.8906941007953,14.5005643885671,14.9496390886081,22.3165455336255,20952.4854224573,21640.072889008,1041.05518671582,0
1910,1863,6.44168716883917,4370.15094684219,28.3703373001198,12.8770211732214,13.2400246802052,19.8080310649004,31821.0749223774,15884.4158538858,848.534160185197,0
1910,1864,7.24320999818795,3503.8329785082,26.908071963936,14.8345705404772,15.3045157986545,22.8334847153622,20947.726816083,21629.9665579732,1032.77268108222,0
1911,1865,7.17472526828476,4159.1285045082,26.908071963936,13.191610703887,13.5625696535772,20.2916956724202,20941.6463400317,21617.4222749792,1053.96013795203,0
1911,1866,6.48741108579856,4758.22704084219,28.3703373001198,12.1587074311676,12.4808467295039,18.6974044496949,31816.7221315113,15890.2695755753,859.247257040034,0
1912,1867,7.82874467659743,5251.02734768814,28.5787052975887,11.3981990573047,11.6800715095007,17.5223616436532,31811.2549417098,18086.9559205709,1239.8995828304,0
1912,1868,6.31459887872021,4256.73317705487,28.3316516920225,13.1057966571685,13.4818799097251,20.161771494339,31835.1381062578,15878.143214736,831.766588371156,0
1913,1869,6.17031214422448,4063.96162505487,28.3316516920225,13.5265404683729,13.927566304454,20.8125838845296,31824.3977823902,15874.9000394516,861.962537816671,0
1914,1870,6.57950603369623,5929.87808484219,28.3703373001198,10.5074179375569,10.7420354469926,16.1460071392094,31808.6919252327,15908.2030125496,785.589877064837,0
1915,1871,7.08527452787155,7648.42197197423,28.5437309427616,8.92156652077933,9.08216714349151,13.6984681535522,31836.2518183043,17965.3437728378,-1387.85140741485,0
1915,1872,6.85636916247527,6321.63252084219,28.3703373001198,10.077678387187,10.2910938222982,15.4824503334593,31784.8065546036,15898.7665053275,836.185362699465,0
1916,1873,6.81102332634233,5588.69534484219,28.3703373001198,10.9246600247636,11.1805052130544,16.7904425426186,31816.336691819,15960.4150837359,814.82615840788,0
1918,1874,6.67726928338055,2039.32046921864,28.442063946253,22.1459445511387,23.1527695797664,34.1713683266254,31913.6486778159,16373.3826978527,890.776067257084,0
1927,1875,6.62962793343006,1666.73298782155,27.9747470684863,25.6796660327795,26.9657887386914,39.6567622019328,27935.7966107472,22728.8481280876,870.115865549078,0
1927,1876,7.96757879568701,1504.57420786467,28.1001599211916,27.8166056947193,29.2850069665366,42.9776870248066,31405.7535095514,21096.7936453326,1255.84301663659,0
1928,1877,6.59257422153684,2643.2285632678,27.9269516068176,18.2362911930644,18.943870119914,28.1052150396872,27991.0598542447,22853.1722733967,862.405587247183,0
1929,1878,6.21085312582966,2138.13343982155,27.9747470684863,21.2955635761406,22.2303971700142,32.8500163572044,27984.2467053528,22842.241492246,891.559503486005,0
1930,1879,6.22055952969713,1987.70769708744,27.7280668014431,22.4327828737931,23.4527648243991,34.6139942882009,27992.8000809363,22832.8450594317,906.361823778921,0
1931,1880,6.3329001469619,2212.90318742694,27.6890439505622,20.7120597931413,21.5988464747011,31.9437248765906,27980.4553404146,22863.7399864784,848.502934824218,0
1932,1881,5.91484320124958,3535.25445708744,27.7280668014431,14.8285945366781,15.3050389246575,22.8261286943462,27979.9074521236,22813.584589607,881.132070746169,0
1933,1882,5.9571327603792,1526.91323030385,27.540843317385,27.3511750815832,28.7708124018951,42.2518626054843,22398.8396029784,20121.7150119939,655.875266378187,0
1933,1883,6.31427416068069,3314.70978542694,27.6890439505622,15.5043400688948,16.0236532470745,23.8721526263374,27998.4149641471,22863.112061957,841.37202026018,0
1933,1884,9.45103134218899,4138.8854568743,27.4020852515627,13.2784478069681,13.6580567790321,20.426981851551,30680.7581437975,23623.6904097094,-1226.09813833036,0
1934,1885,7.32923777884516,5560.13502331531,27.7184574293704,10.9212402313588,11.1733374564537,16.7841739341403,26438.1458153687,22897.3707687555,861.669978706775,0
1934,1886,9.80050326098358,4674.31549087431,27.4020852515627,12.2319483161311,12.551970386154,18.8089137742924,30714.1353245454,23590.6990380405,-1213.14717585927,0
1935,1887,9.475164105099,3885.0798588743,27.4020852515627,13.8641666560797,14.2785501460097,21.3329941573136,30698.5825868042,23613.5134390838,-1212.83559603234,0
1935,1888,7.31009131939453,4797.35987892205,27.7512532218557,12.0468252376607,12.3588760595234,18.5233896886382,26425.7837593556,22868.5000702973,823.03097561864,0
1936,1889,7.44202673898905,5414.71937131531,27.7184574293704,11.1136308979424,11.3756354261897,17.0813562533715,26427.2437927206,22876.8832666188,830.766475748473,0
1936,1890,9.89621535294213,4231.2625008743,27.4020852515627,13.0810033646301,13.4491155218812,20.1216290909151,30688.5563463825,23632.626487426,-1219.24478755784,0
1936,1891,9.22745373465322,5004.04917123614,27.765821133404,11.7134117004278,12.0074038251335,18.0081287093672,27685.3400261367,22550.8542852991,-1477.97866149189,0
1937,1892,9.8030925486955,4689.5795088743,27.4020852515627,12.2052615644921,12.5238085257873,18.767663633923,30705.0751581305,23615.9802029069,-1230.65457775968,0
1937,1893,7.84761446175069,1753.1389595987,27.8510638462707,24.6819814251026,25.8840139135896,38.1065983601066,26312.1836735509,19938.3025025786,1269.00237160429,0
1938,1894,6.33940739513668,4176.95994108744,27.7280668014431,13.2241299639089,13.6029042800845,20.3436195907613,27958.1767296599,22806.7221673796,867.650581669278,0
1938,1895,8.02451611403664,5578.75069547768,27.8466220088797,10.9051930234376,11.1571758732044,16.7595826731744,31376.6524856357,21135.4000321221,-1479.21186433815,0
1939,1896,8.31425574375577,5099.15657147768,27.8466220088797,11.573163411082,11.8601121792724,17.7915397712355,31385.010782761,21139.9346887001,-1514.93381409233,0
1939,1897,7.36101244770659,2087.83502011866,27.9095207726521,21.662148394184,22.6244280657622,33.418636725867,25998.5137855559,20495.9915493769,1149.67422056076,0
1941,1898,7.88591914085837,3681.65527985441,27.5662275293122,14.4021549135274,14.8506521274731,22.1657726109091,24004.0356129588,24204.4548091051,1156.91814023675,0
1941,1899,9.8900312985779,3732.21146948531,27.1640196209181,14.2281210212991,14.6627082227035,21.8955852045361,30697.724128353,23598.9259769355,-1199.81791839468,0
1942,1900,9.5197348722779,3670.53866948531,27.1640196209181,14.3921453618862,14.8367834885407,22.1493901238842,30667.0924650823,23598.4350808707,-1217.3537676391,0
1943,1901,9.60993635358061,4498.53835681858,27.1499498461056,12.5308699610214,12.8658678337372,19.2705349030285,30733.4190552044,23601.8226419205,-1193.40525022718,0
1943,1902,6.57922311798192,2866.03970260703,27.6646637201934,17.1754195432995,17.8061043921955,26.4603862679383,25263.3869045563,23473.8270790966,921.444432739217,0
1943,1903,8.43856488098117,3481.33056423416,27.4560402576015,14.9589553481827,15.4413586350025,23.0272848835422,24003.5168291338,24719.1530867314,1174.13852150694,0
1945,1904,5.63606531205597,2340.60697378709,27.4892505739232,19.8449452955696,20.6644267098624,30.5980675368389,22856.4789722519,19690.838872415,563.901465722438,0
1945,1905,9.49242606388816,4114.05420548531,27.1640196209181,13.3119886769277,13.6918235271243,20.4783776471882,30696.0739635121,23613.6309041196,-1181.03031320228,0
1946,1906,9.57491103755474,3731.11016948531,27.1640196209181,14.2310070379512,14.6657704490537,21.9000507402059,30706.3590212704,23605.2938105983,-1201.30585043603,0
1949,1907,6.89437696382501,3369.0181873487,27.3189103520632,15.2888956522045,15.7911065967648,23.5377083258312,21037.5483301269,21529.2218806099,1015.63019119451,0
1949,1908,7.00761210344607,4402.62644601579,26.6179581913269,12.6704759203632,13.0096465871016,19.4853487041915,21602.7053441638,16730.4689717318,1013.12421014561,0
1950,1909,6.78852053297325,3939.26959918157,27.5081956529462,13.7431648699641,14.1510870788779,21.1460231877385,21034.7552284803,21515.5123809932,990.180802980053,0
1950,1910,6.90774752038853,3471.30560433755,26.560657071626,14.8934439226782,15.3640901786637,22.9237824375415,21588.5268250439,16731.2810086973,1001.24430735584,0
1951,1911,6.75256125172151,3622.86651033755,26.560657071626,14.4609498869915,14.9048563003704,22.2544925616218,21596.8835089624,16729.7796809655,1007.47139956339,0
1952,1912,6.7188675216637,3398.20131033755,26.560657071626,15.1145101443569,15.5990147565517,23.2659374906763,21632.5056903359,16752.6630657156,1009.86444382221,0
1953,1913,6.92544373535962,3516.67916433755,26.560657071626,14.760429714106,15.2227991331951,22.717926755196,21605.10655423,16723.3650086462,1036.26705270199,0
1954,1914,6.84092042922147,4460.07477033755,26.560657071626,12.5559443020226,12.8883113825658,19.3081851021779,21593.6406678271,16730.568192759,1009.00737783332,0
1955,1915,6.971374308888,4192.65710433755,26.560657071626,13.0899828639031,13.4525472712046,20.1338428491419,21604.2533356374,16733.9848218226,1015.29669880253,0
1955,1916,6.31304671563098,3544.88135502887,26.7828858400432,14.7025610223005,15.1632251257103,22.6288900549264,24237.0959519333,17343.6559855047,653.758025148017,0
1955,1917,8.55912903616629,4286.88530083084,27.6139465810871,12.983501576805,13.3474662929339,19.9712617613592,22913.3633314306,19872.3696059811,-1232.87773333434,0
1956,1918,8.94433875142997,5425.54139683084,27.6139465810871,11.0923083076556,11.3526171080101,17.0482546583316,22936.5516894667,19900.1628101735,-1108.56156300427,0
1956,1919,6.72447998681096,4000.67848833755,26.560657071626,13.5125927196455,13.899658441102,20.7873903721066,21589.8218428967,16717.3077414405,998.093611242587,0
1957,1920,9.06468069459535,6244.62047717734,27.625052825867,10.1178080129569,10.3294932370535,15.5433889500438,22954.363503482,19842.6354344762,-1178.53954786132,0
1957,1921,6.81872953283048,4436.44087233755,26.560657071626,12.600818588392,12.9356895356772,19.3775544258378,21592.0526220057,16739.2773259175,989.039600048546,0
1958,1922,6.00922158585815,4859.29164216636,28.0756370810059,11.9673717960406,12.2770839638794,18.4011434367523,23914.0378543145,22602.6576021995,634.716787741555,0
1958,1923,9.60642964107127,6932.60436883084,27.6139465810871,9.45679878706456,9.63741361259363,14.5231530094591,22933.608862117,19872.9819148217,-1206.96231337007,0
1958,1924,7.04156084894019,4651.67894433755,26.560657071626,12.2072098223056,12.5203328110258,18.7691494306937,21598.6903611674,16725.1678253582,1009.74527695197,0
1958,1925,7.39731727882877,3916.61601359677,24.1204475354313,13.4766054511715,13.84227747994,20.7264158073937,29196.5276456543,7100.09442791723,1168.08175950078,0
1959,1926,5.99213086885351,4409.89516416636,28.0756370810059,12.7746475664859,13.1297479127706,19.6491723360569,23909.4221617954,22607.2404025933,608.925522216024,0
1959,1927,9.27811782853294,6570.42906917734,27.625052825867,9.789930352979,9.98601933030093,15.0372750547047,22938.9429264966,19874.8326885309,-1176.56144813648,0
1959,1928,6.67246697352696,4380.49483233755,26.560657071626,12.7087668936008,13.0496865243947,19.5444342650891,21584.2030700215,16726.0087903934,1027.55454321975,0
1959,1929,7.64902221703031,4018.81665359677,24.1204475354313,13.2450331154171,13.5976744075064,20.3684075892789,29204.2289528604,7067.09050480072,1172.01757114877,0
1960,1930,5.96158422114873,4821.69743156542,28.1104794072837,12.0322680472487,12.3457696425097,18.5015104333752,23904.68693166,22608.0650177312,640.487199057096,0
1960,1931,6.66834923710306,4497.99696903268,26.4862224502742,12.4788483782006,12.8064171693465,19.1888687087478,21611.3035988417,16736.901951062,1018.04271433312,0
1960,1932,7.73381222762067,3094.81800158295,24.3590724871553,15.8594567923426,16.3702196679778,24.4132974912665,29208.712441745,7134.70087595205,1153.52636770048,0
1961,1933,5.91565328392349,3732.33552356542,28.1104794072837,14.3200102077675,14.7677317815262,22.0398380169955,23899.0687880022,22618.2861353868,607.751050800535,0
1961,1934,6.75571440227145,4748.76297903268,26.4862224502742,12.0344909108513,12.3377385002169,18.5020841166094,21591.6945689995,16749.0782301737,993.385644058836,0
1962,1935,6.09519954240869,5489.70195956542,28.1104794072837,11.0379843257053,11.298265376466,16.9651060095356,23909.8584775841,22620.2777811665,610.951057590133,0
1962,1936,6.24370878177562,5468.82736295866,27.9860153337953,11.0579202610669,11.3185419785125,16.9957113150428,25955.3517691946,22969.5959756113,808.852475877979,0
1962,1937,6.54510064711775,4997.21625903268,26.4862224502742,11.6335851280646,11.9154348354923,17.8826062519927,21580.9968014131,16734.9154856659,1030.11684209962,0
1962,1938,7.78775131353901,3463.72402375458,24.2467201929779,14.6628556183441,15.0988191025926,22.5613169840873,29254.3806577959,7077.6135677796,1213.28397229665,0
1963,1939,5.86811408262977,5075.54708156542,28.1104794072837,11.6270494157106,11.9184616134773,17.875242094982,23920.6676054949,22618.6722741655,648.564997854752,0
1963,1940,6.0922241956908,4696.33316492536,27.9571457755458,12.2352579796543,12.5590461679044,18.8150176856863,25960.2303682541,22972.5847034431,870.537803174795,0
1963,1941,6.16014170653607,4814.85079333427,27.1773131421152,11.9754236949489,12.2799341604264,18.4120318733101,21729.3934235054,19064.3545452814,732.996988741778,0
1963,1942,6.70095729303042,5630.06729103268,26.4862224502742,10.7555586771063,10.9924293290364,16.5263994565487,21594.0341865626,16729.2942745157,992.391344174448,0
1963,1943,7.75036990135573,3072.26337758295,24.3590724871553,15.940172447042,16.4560417174488,24.5382378425636,29229.5134243045,7104.10262306916,1190.1713952064,0
1964,1944,6.20562845213448,5497.35103295867,27.9860153337953,11.0200366347268,11.278697657224,16.9371904793779,25941.5400296205,22951.2046548908,801.454217712641,0
1964,1945,6.10575056146256,5231.73344756542,28.1104794072837,11.3951854769982,11.6742032029891,17.5169617484583,23916.2754884893,22628.0147164872,677.349583142212,0
1964,1946,6.09739652266663,5054.33949133427,27.1773131421152,11.5948259420544,11.8788937299602,17.8238986564934,21705.9939996754,19092.6120970041,694.32284085028,0
1964,1947,7.28733370537559,6850.77023703268,26.4862224502742,9.47310441165607,9.6492404907939,14.5468690837394,21646.9607304442,16715.1506143434,978.370344681003,0
1964,1948,7.56670536564517,3714.86447575459,24.2467201929779,13.9800754580446,14.37569907358,21.5052206169424,29225.7934215968,7088.02735014377,1211.18302883733,0
1965,1949,6.03369923056962,5552.45403356542,28.1104794072837,10.9555523103451,11.2115721446187,16.8377703273033,23920.8604788023,22636.2935243239,607.389844166592,0
1965,1950,6.67033966678305,7336.11443364475,26.417277621776,9.06506131356963,9.22288870214471,13.9173123384973,22648.7641234021,16206.3731977204,721.043773714526,0
1965,1951,6.33679686738447,5558.97978095866,27.9860153337953,10.9393606513867,11.1938629246241,16.8125706027146,25952.2303912255,22973.3769933552,809.724395000616,0
1966,1952,6.20873339725905,5012.71462892536,27.9571457755458,11.7132714327781,12.0084146731774,18.008231597928,25974.9080118373,22987.1067671299,760.202765206625,0
1966,1953,5.98234250028664,5381.81861156542,28.1104794072837,11.1836726779714,11.4515426942105,17.190171836581,23899.0906724413,22616.3012510573,632.674121570604,0
1966,1954,6.00886127447219,4335.6045321315,27.134833039984,12.8449723326511,13.1976306364203,19.756129512285,22803.3535454633,18530.0693984404,601.818653452001,0
1966,1955,6.19584921644197,4816.71447564475,26.417277621776,11.916066688377,12.2124929341843,18.3189575318985,22712.5740173586,16215.3839988352,690.934026722364,0
1967,1956,6.01176129098903,3591.36912356542,28.1104794072837,14.706458327329,15.1783315621701,22.6379423478125,23900.7340045979,22605.365597114,647.998199209119,0
1967,1957,5.98190787544551,3125.45617891718,27.0834354024072,16.084603838626,16.6363168698071,24.7691599039215,22812.6279098977,18517.5538079411,639.295900576716,0
1968,1958,5.91606409846373,3744.67008356542,28.1104794072837,14.2874515907363,14.7331568270902,21.9894522387019,23903.9851293594,22614.560804766,619.361114743632,0
1968,1959,6.03857948386549,2948.1867921315,27.134833039984,16.7665959826816,17.3642230746453,25.8255831450997,22806.2191839803,18539.0483009685,627.053954018803,0
1969,1960,6.0428812919718,4197.78895556542,28.1104794072837,13.2120234357404,13.5928005857585,20.3256427588402,23901.218484701,22592.0818433159,598.682225901308,0
1969,1961,6.07777968566209,3299.2371801315,27.134833039984,15.4928849714554,16.0065635077728,23.8530688764329,22819.1174783242,18553.2524743368,602.732280767718,0
1969,1962,10.7868553396491,9387.60382517334,26.6610455406828,7.77334605727645,7.87967296989579,11.9261444158507,34657.2977583336,14695.1762227307,-965.947755424404,0
1970,1963,6.18825932503341,3490.81695527833,28.1323870713425,15.0016469188895,15.492417709766,23.0949282604411,23898.540573567,22631.1426229803,634.115135008061,0
1970,1964,6.09291703621388,2308.47529426608,27.2038452552305,19.9981123307233,20.8255343563022,30.834674863497,22818.3795703896,18549.2109494095,600.164044914819,0
1971,1965,6.13114180471159,3226.94547527833,28.1323870713425,15.8490019213757,16.3947515298585,24.4069328318257,23891.3042494061,22603.3208617486,604.587342913247,0
1971,1966,10.8101680938545,4504.28032382197,26.5064984846363,12.4688015682521,12.7959527872058,19.1733771877856,34646.1913856683,14644.0663200044,-1013.72616113826,0
1972,1967,6.05310867202003,3520.00140527833,28.1323870713425,14.9150486608349,15.400303851595,22.9608719937559,23901.2489414798,22615.4064940603,627.165769682022,0
1973,1968,5.99896938079895,3035.38535327834,28.1323870713425,16.5478741424389,17.1402934616861,25.4893989292267,23922.8220471499,22612.1210349275,624.809980164722,0
1974,1969,5.94100099495022,2953.42660727833,28.1323870713425,16.8721550401232,17.4866181394992,25.9917770459946,23892.4121668501,22607.9638039673,622.221175340634,0
1974,1970,8.64150242121345,3942.7708625865,26.7025578032111,13.660482979394,14.0573397300833,21.0164312979686,32478.029334764,11649.487528554,-1469.01403674993,0
1975,1971,5.96252141534033,2954.99008534157,28.1281333809259,16.8652787199642,17.4792311791797,25.981112300518,23893.9932597458,22616.845062764,662.787143373866,0
1975,1972,9.04105977311675,4117.11915458001,26.7405141577923,13.2679548369304,13.6421073683942,20.4094187966666,32464.6892108854,11644.566554732,-1471.4272591002,0
1976,1973,5.91595291902831,3397.09632527833,28.1323870713425,15.2888702186384,15.7980735660354,23.5395952952133,23913.733337488,22607.0989548759,650.931039845342,0
1976,1974,8.75724658398949,4348.08379058001,26.7405141577923,12.7874025106396,13.1340215493495,19.6663554228451,32473.4665941131,11646.9500860792,-1447.64880252355,0
1977,1975,5.97254216925066,3818.25547127833,28.1323870713425,14.0992400987659,14.5335145043927,21.6982492707181,23911.858959931,22600.9668430558,664.25974100569,0
1977,1976,8.54174099744172,4396.38680858001,26.7405141577923,12.6926329188098,13.0339044628367,19.5198386654497,32452.0316209271,11655.9440736585,-1379.04572213205,0
1978,1977,6.00329140024581,3428.06488127833,28.1323870713425,15.192381976007,15.6953695615044,23.3902097515466,23911.8712487461,22623.7184663785,613.812714884654,0
1978,1978,8.46257514866348,3583.12081058001,26.7405141577923,14.5897623035948,15.0430890934567,22.4542325727404,32463.902852957,11656.2739562452,-1414.8486339272,0
1979,1979,6.04193758483167,3835.61195927833,28.1323870713425,14.0553118842804,14.4868925861452,21.6302759257762,23919.6727897095,22633.7584001629,619.351312855943,0
1979,1980,8.40837421856682,4419.69031658001,26.7405141577923,12.6475747333817,12.9863134742157,19.4501799456288,32456.535940891,11633.9355977892,-1446.00930456065,0
1979,1981,7.09458498701321,3861.06795330207,27.7769579251751,13.9583405324662,14.3812903956509,21.479485471605,21664.8577497028,22375.7728322049,1017.48661645222,0
1980,1982,6.00297247813564,3740.05964927747,28.3042298388299,14.3182883517132,14.7674139622533,22.037589502978,23920.8860236808,22627.3915610122,602.600611425915,0
1980,1983,8.5477043194058,3688.53864455093,26.8915707362972,14.3166359422459,14.7544342269246,22.0319401778332,32466.1490127922,11646.3194964743,-1476.17206287969,0
1981,1984,5.83714788804449,4363.41747527747,28.3042298388299,12.8851392139915,13.2481656321979,19.8204618522457,23907.5219826174,22609.5080923533,595.740081600538,0
1981,1985,8.57263869995742,3992.69567855093,26.8915707362972,13.5612181494225,13.9536559954913,20.8632909458347,32443.0952586297,11647.3759918093,-1414.89403663671,0
1981,1986,6.00989248215722,1842.13074913775,26.8769415213901,23.5630027551948,24.660514292485,36.3651605225696,25223.290066192,16569.3427678517,591.896002996136,0
1981,1987,7.08245731376589,2968.39722003523,27.4533273167433,16.7261921569596,17.3241981485263,25.7638502126947,29166.0248542728,16733.7363707786,1159.02498120856,0
1982,1988,5.99824874325853,4353.17538527747,28.3042298388299,12.9056866433682,13.2699049988229,19.852237731429,23899.4604872387,22609.1696332284,640.954499387273,0
1982,1989,8.63181970343053,4749.39850544945,26.8523007618823,12.060998924313,12.3680707008197,18.5437087731663,32450.524950569,11658.8934975351,-1462.75117741764,0
1982,1990,6.08212654966452,1745.23837513775,26.8769415213901,24.5410421616164,25.7171167895714,37.8837159782602,25238.5776609797,16583.6509823709,573.134240251134,0
1983,1991,6.01702707854115,3692.39538527747,28.3042298388299,14.445749037528,14.9028125075957,22.2348522439731,23912.6690223784,22633.4741699277,636.670618354413,0
1983,1992,8.64679269662583,6160.43970129016,27.6269362248038,10.2075609125265,10.423595437126,15.6819539936356,30790.7155468719,16348.5682651193,-1442.82743806275,0
1983,1993,6.26775130171964,1470.77238913775,26.8769415213901,27.9673492190365,29.4282348654293,43.2062951564842,25252.3320659435,16575.7821399176,555.835857666391,0
1983,1994,8.55526931110702,4121.59183055093,26.8915707362972,13.2715049637873,13.646978402879,20.415216241167,32413.1736262122,11659.4383145614,-1484.13549390997,0
1984,1995,5.96095853420987,4359.32063927747,28.3042298388299,12.8933477881888,13.2568502246369,19.8331560823996,23900.2834427702,22608.0139512729,666.180409970361,0
1984,1996,6.06481949914779,1485.81614713775,26.8769415213901,27.7485386869556,29.1908295589675,42.8662695731565,25213.1837830206,16579.0334546686,609.489284854579,0
1984,1997,8.66272864971762,4915.17776529016,27.6269362248038,11.8442350088103,12.1444476941545,18.2100659157236,30808.8074779072,16351.5864616608,-1454.60895536993,0
1985,1998,5.88807105699692,4893.20885327747,28.3042298388299,11.9281486811598,12.2371132741931,18.3409073859611,23910.7245367255,22615.5918580714,647.502824972449,0
1985,1999,5.91231381994539,1506.80692513775,26.8769415213901,27.450173645076,28.8671928080087,42.4026423178468,25229.8843110225,16570.7361328463,627.718107575932,0
1985,2000,7.01988578349693,5362.53514688376,27.7912832908052,11.1896381979405,11.4560080830769,17.1988878163968,21683.5320113775,22332.0625890626,1011.21931529009,0
1986,2001,5.94808497869923,4054.92131927747,28.3042298388299,13.5447428867404,13.946661029596,20.840688163891,23909.171986944,22623.2724946231,623.866958164156,0
1986,2002,6.76161330684799,4646.84432888376,27.7912832908052,12.3100321133668,12.6369223780535,18.9303128795843,21681.1217865609,22326.7404159872,1027.63155169413,0
1987,2003,5.97779146266857,3856.26882527747,28.3042298388299,14.0195092117751,14.4502023379089,21.5752361157665,23898.9523746043,22619.8746627894,636.981243297522,0
1988,2004,5.82341820092175,4092.87211727747,28.3042298388299,13.4587822545486,13.8555594079123,20.7077107022473,23926.2777715175,22626.3566773168,604.432660752952,0
1988,2005,7.18360111226523,2480.59439087249,27.8781547820599,19.0848941856728,19.8530399794356,29.4206756828708,30776.0212186652,19070.6619272322,1128.29849694649,0
1988,2006,6.99408320240663,4621.49240288376,27.7912832908052,12.3553574761693,12.6847819302158,19.0003809151092,21690.377625519,22328.6331344407,1047.12391735446,0
1989,2007,5.86968856940522,3965.05523927747,28.3042298388299,13.7541983683825,14.1687323938592,21.1647313833723,23907.0668056704,22620.8943934408,619.325289177703,0
1990,2008,5.97663611759005,3904.71331675307,28.4745910383089,13.9153306466208,14.3409287305666,21.4143892428731,23904.1659329294,22621.6318408122,659.093271945369,0
1990,2009,7.28592873258765,2532.59515857423,25.5273695808065,18.4406192272929,19.1360278295767,28.4145805289506,27854.1637930826,10180.4448960798,1189.63623115405,0
1990,2010,7.28898881178599,1937.18812023105,28.0454902570142,22.9331672021344,23.9969339697219,35.3919061884814,28621.1184573252,24410.0061748894,1158.77541366381,0
1991,2011,5.9985464267007,3524.50050475307,28.4745910383089,14.9370644769808,15.4265265392798,22.9957255120082,23916.3592420295,22613.5462239325,661.004563697673,0
1992,2012,6.02474127074332,3838.56923875307,28.4745910383089,14.0798797277949,14.5155704018563,21.6690087368636,23914.5740516034,22617.0160554358,634.878454040749,0
1993,2013,5.99028815651339,3336.97114075307,28.4745910383089,15.5183442345846,16.0453682971144,23.8957095299274,23893.8347587449,22614.6705988121,611.054929950268,0
1993,2014,7.99403434508461,5174.09304756062,27.8184369764331,11.4596720136383,11.7404067641264,17.6161301415442,22707.0615846015,20152.0887766575,692.686168142383,0
1993,2015,7.56461839598687,5372.3132333582,27.7272624286151,11.1720386696402,11.4371266028141,17.171598485783,21682.659462479,20825.4173055564,849.031863156928,0
1993,2016,7.11272192962537,2096.59255817368,28.0070795529169,21.6132237041785,22.5729619773307,33.343057951988,28658.5825337643,24400.8427885017,1124.11944217166,0
1993,2017,7.08836904316906,4517.71400706007,27.4501434944874,12.5188047259373,12.855147122997,19.252440091634,31802.9367044404,13302.561840591,1068.87933037527,0
1994,2018,5.92782993033515,3367.34499475307,28.4745910383089,15.4201983810741,15.9408200454771,23.7437356380757,23919.6191947321,22629.0386065196,639.79668483261,0
1994,2019,6.90258447645346,4333.99560358154,27.4766724998533,12.8764742147457,13.233318816131,19.8054963644716,31805.849258368,13335.9167102843,1109.5430435334,0
1994,2020,6.79187148018936,3134.12962523589,27.6718111020782,16.1234093084891,16.6831395804972,24.8307591868906,21620.1740168887,20837.552272568,815.119732987386,0
1995,2021,5.83823257430713,3101.05065475307,28.4745910383089,16.3401493120676,16.9217112345108,25.1684892048326,23919.4967649808,22600.7058713035,599.475369263307,0
1995,2022,6.74137177106039,4381.75564698208,27.4693459950119,12.7808732950151,13.132196551181,19.6576594884152,31833.4552624082,13321.3027957587,1076.89542191126,0
1996,2023,5.79337158151574,3178.84648675307,28.4745910383089,16.0568443268345,16.6194206331966,24.7296665798919,23940.8657035606,22602.7119116854,618.078099266444,0
1996,2024,6.87658370319204,4295.56023358154,27.4766724998533,12.9543026912143,13.3156216335484,19.9258443001043,31799.6907419866,13331.5177994408,1072.69430360466,0
1997,2025,6.01381104815228,3416.92552075307,28.4745910383089,15.2634103110817,15.7738545347722,23.5009711218839,23953.5644330603,22601.3152553301,621.383864371329,0
1997,2026,6.75684610162627,4292.71887958154,27.4766724998533,12.9601057788557,13.3217590724191,19.9348179467939,31803.9092996698,13315.0221136905,1055.47291479926,0
1998,2027,6.76624779886449,4267.74139558154,27.4766724998533,13.0114170306273,13.3760310901204,20.0141646823111,31815.3686026269,13318.206748223,1120.24603095663,0
1999,2028,6.96409232327073,4032.13903512835,27.6671662814294,13.5404120715012,13.9374155884093,20.8327057886738,30071.4062622277,16224.7303463189,952.698633595361,0
1999,2029,6.7223223689812,4387.41632898208,27.4693459950119,12.7697368882359,13.1204247145199,19.6404403253167,31825.4841608044,13324.1012913012,1072.34757679701,0
2000,2030,6.96338218627241,4795.34142276647,27.6166193632942,12.0403243480926,12.3511673561972,18.5131071394164,31656.0977424933,13566.8191034041,1085.59024543051,0
2001,2031,7.25190955004248,5221.58857476647,27.6166193632942,11.3769610279314,11.6521367821068,17.4880095895282,31611.3875479555,13580.0852671642,1059.36585894962,0
2002,2032,6.96215292140679,7174.19767037058,27.5802779236926,9.24977699613749,9.42087971283311,14.2036844813722,31702.6565417991,13427.4502896922,1073.61908114393,0
2003,2033,6.94693285170059,6315.29380037058,27.5802779236926,10.0417462689158,10.2495559089212,15.425908501241,31733.2153327439,13412.7639831014,1080.23984545829,0
2004,2034,6.9423663860168,6108.68353710167,27.6047066107187,10.2625087322224,10.4811017399062,15.766756371973,31728.7566577232,13435.5834684132,1057.74894635821,0
2005,2035,7.10398911303484,6632.02768037058,27.5802779236926,9.72883063670999,9.92184671877299,14.9429150079054,31730.6782482913,13437.7414808138,1082.43212344999,0
2006,2036,7.27107787834573,5522.75426837058,27.5802779236926,10.9611659710409,11.21453890087,16.8456310801108,31726.1973287183,13414.0174653923,1038.04875918205,0
2006,2037,7.71167384746108,3727.21902122319,27.8494906330602,14.3082231315919,14.7531669391753,22.0210329454001,27572.5171968155,17509.8169131745,1228.24658541163,0
2007,2038,7.84556237773572,3359.62710722319,27.8494906330602,15.3768880620997,15.8893529427079,23.6752033702436,27603.5025288867,17480.6718644978,1247.97392590365,0
2007,2039,6.76805989797496,5717.94868037058,27.5802779236926,10.7139223380419,10.9547430809418,16.4637676131301,31712.8960374592,13388.8594278783,1070.97619950496,0
2008,2040,8.77185530792347,4337.32000277756,27.9733908089111,12.9106266523738,13.272870372828,19.859254053177,30087.9008353979,23842.7229560246,-1514.33802165437,0
2008,2041,7.72242261376407,2991.17617922319,27.8494906330602,16.685548113302,17.2846118295336,25.7019366278276,27620.9589030092,17504.214805267,1200.88043996836,0
2008,2042,6.81480218397197,5969.99219837058,27.5802779236926,10.4158726261967,10.641852010697,16.0035144846794,31718.9937760195,13396.6429704087,1090.03354010582,0
2009,2043,5.72219347367828,1577.98468210834,27.8156395202168,26.738636711517,28.1109151258057,41.3012996033293,23340.1376575968,17799.3593587395,566.21145579705,0
2009,2044,7.02979073298285,4783.14321437058,27.5802779236926,12.058170457669,12.3697623045852,18.5406266388005,31691.9991847989,13382.767474265,1053.22373102221,0
2009,2045,6.69349662454478,3027.37178921442,28.3323800404176,16.6033561468993,17.2014021098766,25.5758630230668,29409.2825193793,19545.7088410309,961.086045812503,0
2012,2046,6.83066772384535,2598.57799891868,28.5969676629048,18.5589662497888,19.2967563431896,28.6073885246359,29395.0123033352,19563.7674765003,931.820516900919,0
2017,2047,7.57272629495393,2158.64170118834,28.4834961581712,21.2373104272829,22.1739761972592,32.7613686001962,29810.4897819451,21800.1906753293,1209.08704155765,0
2018,2048,7.15646346573493,1247.71205759537,27.2945621770535,31.9412172383672,33.7559770090431,49.3861443738301,21374.3860311425,17508.1438556404,1022.44453778814,0
2019,2049,9.03324924237242,5175.75139604961,28.7837679123003,11.521818167577,11.8115028994211,17.7137122802235,27637.8041131678,26500.1488925681,-1282.88241745261,0
2019,2050,7.19387152640697,2004.39326159537,27.2945621770535,22.2078675195213,23.2044564233546,34.2633096776753,21461.639691767,17516.7284085601,1097.45860314276,0
2020,2051,9.5749538710032,4912.81358891811,29.0097159673692,11.9460864749377,12.2603230462857,18.3698146053129,27643.5145731808,26540.4506586099,-1211.32022490376,0
2020,2052,7.12038827291715,2387.3747629697,27.089387240618,19.4961289720729,20.2852532977031,30.0558429994281,21448.6470316116,17491.6687897255,1067.48853795082,0
2020,2053,9.2357024086743,4856.50443572873,25.3312999375629,11.7703503753058,12.051964358481,18.0918559076632,31379.1358967939,8578.32090130736,-1377.03564895723,0
2021,2054,7.10499691781874,1919.0579509697,27.089387240618,22.8971872427435,23.9449714214457,35.3324226135442,21452.7345246111,17535.10195908,1096.89885888972,0
2021,2055,9.06459230857278,4724.54666972873,25.3312999375629,11.987067040425,12.2800932254483,18.4266831818138,31358.211007354,8594.22832277805,-1300.47235040512,0
2021,2056,6.6148807485763,5488.75976442664,29.1403644246272,11.1034769944619,11.3728354358143,17.0678457559727,27361.7640572116,26255.1270732878,923.960479090669,0
2022,2057,7.34292397026986,2157.2030629697,27.089387240618,20.9955321213363,21.8962814507507,32.3814215350273,21447.0367994499,17516.0906688636,1078.14654798647,0
2022,2058,8.96287236766478,5007.33848372872,25.3312999375629,11.535073247022,11.8044717467986,17.7284003691955,31359.7717994032,8605.36314327064,-1391.57252371468,0
2023,2059,7.41636343564905,2061.0595729697,27.089387240618,21.7137731455944,22.6693749105671,33.4958016203319,21444.1605312778,17498.4314240788,1044.59849212325,0
2023,2060,7.01814455513745,6076.98612042664,29.1403644246272,10.3831230798767,10.6153955052167,15.9551308413222,27375.1810595412,26231.1713794517,971.455495400113,0
2024,2061,7.20158970958966,2145.6614389697,27.089387240618,21.0785790396925,21.985626606583,32.5102598539736,21435.7341702543,17471.4762077824,1047.16008714193,0
2024,2062,6.59614011779838,5213.65502442664,29.1403644246272,11.4894365985033,11.7794139671141,17.6642339909598,27383.7925449699,26233.271752943,960.855079496097,0
2025,2063,6.90930379155751,2562.5255149697,27.089387240618,18.5234957426545,19.2424588703158,28.547912203291,21451.9726920514,17519.0332370048,1052.14444405697,0
2025,2064,8.85411157559755,3927.80109636648,28.2595873006117,13.8394888506932,14.2588634275207,21.2966003431593,31548.5511031927,17835.2453545204,-1231.68086456951,0
2026,2065,7.26211496001743,2538.2969149697,27.089387240618,18.6506339335737,19.3786621005199,28.7449925680292,21473.2920276725,17492.9077188549,1059.79043907488,0
2026,2066,7.04162899846638,5833.24640442664,29.1403644246272,10.6660069878497,10.9126215177439,16.3920347555985,27393.1088419524,26231.8556738737,1024.60841956105,0
2027,2067,7.15245503722494,2189.9116729697,27.089387240618,20.7646159721153,21.6479146871675,32.0231974095255,21446.7912525342,17518.3211069217,1111.26694323198,0
2027,2068,6.52197728880332,6116.28050442664,29.1403644246272,10.339384976682,10.5694659976833,15.8875860756436,27379.204216434,26260.3370868066,948.051349701366,0
2028,2069,6.54282807580353,3602.87143335545,29.3941200918593,14.8021383508402,15.2903204722182,22.7888709230061,25535.3059311655,23300.160842975,1010.76321302632,0
2028,2070,7.17328293305449,2226.6730669697,27.089387240618,20.5126382965486,21.377000108257,31.6323296276632,21450.2053080096,17511.5831221245,1089.6411800303,0
2028,2071,9.3516630786511,4745.43801491811,29.0097159673692,12.227598354096,12.5575887828438,18.8050049658395,27609.5890504166,26519.5027527809,-1192.85513140773,0
2028,2072,7.56373616866632,3842.79006321336,28.4808920039239,14.0698139777453,14.5049327544269,21.6534457562614,31158.5423975193,20676.1932410978,1190.66462118257,0
2029,2073,7.15734114515178,2571.0716029697,27.089387240618,18.4791786501054,19.1949896203801,28.4792172063113,21444.5054118428,17530.2698542357,1066.23505325618,0
2029,2074,6.86609734809997,4253.91594135545,29.3941200918593,13.1996084886511,13.5885245430522,20.3088846666996,25511.072822375,23315.5897284289,965.911557816813,0
2029,2075,7.68735244579656,4535.61789321336,28.4808920039239,12.5658558295872,12.9116832126155,19.3270655307661,31153.7485743378,20698.9342409608,1146.26050232574,0
2030,2076,6.86562044594581,2127.91605162618,26.9502635456152,21.1820750275561,22.0951945276684,32.6703321898987,21457.7210369887,17528.5850374437,1080.04133331471,0
2030,2077,7.43760738780403,4463.46533399903,28.6235318134028,12.7140431840602,13.0693127652706,19.5564654230567,31157.9859905733,20681.7452978765,1183.7594139945,0
2031,2078,7.0309791900106,2591.01270162618,26.9502635456152,18.3561719589705,19.0617281176263,28.2881322030496,21468.9542141864,17509.433954334,1156.63518539824,0
2031,2079,7.46875685657619,4610.46685799903,28.6235318134028,12.4386678311027,12.7781725268086,19.1306644639797,31150.6399269984,20687.2598374537,1227.15120937441,0
2032,2080,7.6098733966658,5468.11524599903,28.6235318134028,11.0989770409768,11.3652727433721,17.0601134648639,31171.9151401847,20668.207158045,1157.25073236868,0
2032,2081,6.979397822579,1707.65997162618,26.9502635456152,24.9659679322534,26.1777042766531,38.5439035701762,21490.3520692491,17510.9691590209,1096.67004302603,0
2033,2082,6.96370197801628,3446.95549686358,28.2833488171207,15.150265428285,15.6518112888255,23.3253540261067,31151.316139858,17041.7037973302,1000.24749533005,0
2033,2083,7.6545089125353,5206.31420999903,28.6235318134028,11.46614652854,11.7519129607265,17.6274275241991,31139.9214680024,20631.9634664591,1175.53320286815,0
2034,2084,6.99865161091324,4415.48276886358,28.2833488171207,12.7803413483716,13.1371683160475,19.6583624572633,31142.8959812381,17040.2784081504,982.717746387798,0
2034,2085,8.30996033769573,5988.48597046903,26.3734320507506,10.3250014767717,10.5402024441977,15.8614616028856,20520.6997369786,16580.5733374027,-1418.57072363594,0
2034,2086,7.29149719108906,4393.52079766446,28.6358666067672,12.851843460278,13.2151723062427,19.7695868258264,31132.3683559815,20619.2892328305,1169.53189673703,0
2035,2087,7.07302493816072,4081.94305086358,28.2833488171207,13.4815662359979,13.8795536207093,20.7429145703805,31159.6761917144,17053.3937131892,985.7635683392,0
2035,2088,8.41931437488501,6689.41936846903,26.3734320507506,9.61315198259046,9.7950753863058,14.7628063223321,20526.7290466337,16545.5732472877,-1458.27120004745,0
2035,2089,7.76388427447796,4483.34282566446,28.6358666067672,12.6768267007107,13.030033081309,19.4989377894297,31153.7758683815,20598.5661302671,1187.70282761659,0
2036,2090,6.87996259282564,3818.82045486358,28.2833488171207,14.1120287401462,14.548243861895,21.7183566596403,31155.509366066,17049.0433776346,1032.87539206041,0
2036,2091,8.19695794447391,6057.05290846903,26.3734320507506,10.2490198029406,10.4605785212214,15.7441681688065,20501.4643642932,16544.3995657177,-1448.72800786047,0
2036,2092,7.7656097234304,4947.46465799903,28.6235318134028,11.8629469623354,12.1702667452223,18.2406643566955,31158.3421960417,20642.1731006931,1155.8598656829,0
2037,2093,8.49371818435396,6314.91129046903,26.3734320507506,9.97628175327145,10.1749425031824,15.3231887691696,20507.4145974765,16550.1909582784,-1486.99079805725,0
2037,2094,6.8089430103379,3664.77061086358,28.2833488171207,14.5189365525598,14.980412520982,22.3480798130016,31159.45634487,17036.2058212165,1028.90422412595,0
2037,2095,7.35466037883129,3425.66629199903,28.6235318134028,15.2519901239437,15.7629397549829,23.4836319275355,31145.4724666773,20628.3379601654,1196.68897640147,0
2038,2096,6.9198904182876,3601.22560086358,28.2833488171207,14.6959509266306,15.1685557719218,22.6220624740714,31156.4513959045,17057.9919249258,1026.33180239046,0
2038,2097,7.01698857435943,3035.59731980167,27.0454098219098,16.4132470437481,16.9863410766036,25.2780315130384,21641.5079930534,17083.3741191277,1020.94253151243,0
2039,2098,6.87464752235797,3380.70392934644,26.9937120689268,15.2164352397648,15.7111873255096,23.4247545509178,21632.1292013984,17128.985939814,1114.57349948705,0
2039,2099,6.78504735336613,2388.14290169881,28.6289958812827,19.7394935845555,20.5643016083871,30.4381466720344,30173.4640620013,18140.8392054684,1001.61225351769,0
2040,2100,6.26747777415064,4004.05349906542,27.5156871777472,13.5915363479668,13.9904583530503,20.9114790387777,22877.9675533269,20034.4962691413,774.667973057934,0
2040,2101,6.92437723262289,4280.64215161731,26.8534986880428,12.9324643366868,13.2881281743654,19.8908623927203,21639.0190081315,17110.2377852879,1011.67862574303,0
2040,2102,6.89425907071661,2313.22123074967,28.4445923329834,20.1754298095534,21.0307665638019,31.1137543808151,30231.2513899815,18161.0971574904,1004.89235378878,0
2041,2103,7.55608462118271,5607.73436918338,28.6429574636675,10.9168254604666,11.1737392570673,16.7787470051435,30872.8224591337,19806.2940685864,-585.970641280917,0
2041,2104,6.60255107804602,4164.74062651603,28.2429278704034,13.2946324939809,13.6812186462085,20.4536748843775,22765.6378895219,22714.0771564678,793.314760258827,0
2041,2105,6.76050148566335,3521.72864445142,26.8628668942727,14.7776560555998,15.2436660076662,22.7452941576252,21643.424518762,17106.4101968905,1026.28008928614,0
2042,2106,6.40368148943691,4725.39043051603,28.2429278704034,12.2059510508588,12.5299235619454,18.770215044625,22784.9328727414,22719.6179330965,737.995661797386,0
2042,2107,6.9758906789749,6585.55292161731,26.8534986880428,9.73537255400876,9.9252136101023,14.9520491687711,21651.3111456444,17086.7140445548,1023.29204158308,0
2043,2108,7.1255780602239,6110.76415718338,28.6429574636675,10.3180719744633,10.5446270671418,15.8539934272767,30839.2929856347,19821.8642411872,-570.622865276789,0
2043,2109,6.45619302984515,3904.19003179107,28.2938923352677,13.9000436862705,14.323358679767,21.3903638857231,22801.3743945335,22711.8424714544,774.954252547393,0
2044,2110,6.22258274314091,3271.25089579107,28.2938923352677,15.7161568638468,16.2545833086148,24.2015988044599,22788.1657597608,22735.4982732315,762.082153301465,0
2044,2111,6.7689298707117,3115.50528507027,27.643668609605,16.1878247163702,16.751569461174,24.9304515444272,24797.15991041,18594.4526203944,963.253947252982,0
2045,2112,6.39973474716138,3477.15498451603,28.2429278704034,15.0542187217533,15.5492661833471,23.1765663957275,22785.9938925447,22711.9606079217,790.464710923472,0
2046,2113,6.50668726066537,4943.26658179107,28.2938923352677,11.8465185442232,12.1509441142043,18.2147228742772,22784.496055433,22711.6966979624,783.103290310513,0
2047,2114,6.1611136939642,7435.65471279236,28.6028576099456,9.0864743567447,9.25464958117101,13.952947578536,24154.596187308,22814.2746061213,736.895042409182,0
2047,2115,7.23557010950532,3295.99608711826,28.7136876523187,15.6798209317165,16.219495106987,24.1463309639091,29890.2765994636,19590.37500504,1032.24125936238,0
2048,2116,6.18653472646405,7461.40310679236,28.6028576099456,9.06639757119447,9.23367398429943,13.9219723351892,24167.3587896562,22824.4499242195,793.630644122531,0
2048,2117,6.70244019774413,7025.80789651603,28.2429278704034,9.40615376598509,9.58727387797192,14.4457828718806,22813.7650115528,22740.2603981783,777.552704803601,0
2049,2118,6.20422159414092,6767.16561279236,28.6028576099456,9.65402114614664,9.84827503759163,14.8287645793701,24157.9239825598,22815.663827752,770.323875631882,0
2049,2119,9.14901454246362,6435.46043825446,29.1906082303371,10.0042271136737,10.2179882602566,15.370131648278,25018.9412869991,25882.043059831,-1238.81962022094,0
2049,2120,6.58443923901868,3677.85660961731,26.8534986880428,14.3413983667398,14.7804002597571,22.0701701633673,21680.8974739631,17093.493448499,1031.38712633545,0
2050,2121,6.22089577602409,6357.86313814826,28.3695525790271,10.0402543830651,10.2518521511697,15.4246721356143,24164.01039628,22834.1802197771,762.85852270003,0
2050,2122,7.23167154812911,5194.23404983412,25.6071558760854,11.2795196072466,11.5375675186663,17.3341507414376,24643.3507562718,9605.09151579142,1191.23878284794,0
2051,2123,6.14261382485131,4057.46769814826,28.3695525790271,13.5446691901558,13.9470553655198,20.8407043275111,24174.8968885644,22828.1234212815,764.696447126875,0
2051,2124,7.23582693300051,5196.10625983412,25.6071558760854,11.276848673398,11.5347607035417,17.3300254536291,24635.5457632926,9608.72390795812,1151.15949949448,0
2052,2125,9.46688364453362,6972.59270335607,28.8745303728701,9.48245746896767,9.6698935615509,14.5643088765069,24893.9284219256,25912.4917252694,-1210.41480112989,0
2052,2126,6.04408293198164,4186.87044814826,28.3695525790271,13.2574638740764,13.6427447297945,20.3964294289865,24167.2483317216,22819.4968424895,780.912715417188,0
2052,2127,6.64313791811996,4627.88847767412,26.8063803740029,12.2681631368184,12.5862632552462,18.8638094934835,21665.5832331953,17113.2620836446,1049.63599207179,0
2052,2128,7.40463215456175,4105.22455783412,25.6071558760854,13.1927481275984,13.5540736954889,20.2907810608877,24645.5960941712,9625.60690629633,1167.46779291349,0
2053,2129,9.07295189073555,7196.26673335607,28.8745303728701,9.29162044551983,9.47024037775393,14.269803359033,24897.9396375715,25920.8870506307,-1214.27255886553,0
2053,2130,6.06333766608555,4187.95581536273,28.4128505339517,13.2587911394949,13.6444546008612,20.3985662104181,24173.0277613226,22839.8552806321,764.652891910826,0
2053,2131,6.81926694153384,4054.50764567412,26.8063803740029,13.412576778002,13.7956433508481,20.6332161022117,21640.401832115,17122.00163197,1016.6108158192,0
2054,2132,6.13694944730136,5136.91790614826,28.3695525790271,11.5519415465181,11.8408418943315,17.7595988008659,24151.6050797147,22817.2025070027,728.299701275571,0
2055,2133,6.04928877275074,5818.10328190947,27.2661415684869,10.5740973737536,10.8062388036123,16.2473735627885,23716.7330847466,17388.1742502981,679.294138540111,0
2055,2134,7.0228440575821,3733.29914716423,26.2333032861742,14.1334378869953,14.5547734597844,21.7470237042528,25820.4175463336,12173.5022334066,748.466327361243,0
2055,2135,6.64531634079368,5266.53234767412,26.8063803740029,11.2586304422117,11.5228559254933,17.3038861660381,21670.8057033586,17094.9978953282,1023.09900500284,0
2056,2136,6.47341076899022,2410.99026316423,26.2333032861742,19.218810890286,19.9777139997524,29.623083314871,25862.9132374011,12147.9981106995,747.900560372407,0
2056,2137,6.83748031172685,4569.58565567412,26.8063803740029,12.3727586467295,12.6966293340664,19.0254814562526,21659.5283007156,17096.4366091473,1007.44642200279,0
2056,2138,7.36304141710196,3270.56646702262,25.6401775012945,15.4155843035479,15.9107357818354,23.7296586410406,25755.4539356982,9118.18079678994,1152.9242936052,0
2064,2139,6.63155523115185,3818.42393361659,27.0482934169848,13.9957986688656,14.4153697293402,21.5358835287249,22539.2923454202,16217.4753913244,854.717484714195,0
2064,2140,7.31676926680856,2819.86223442086,27.16904869822,17.3087684873333,17.9436275859225,26.6656241436469,32313.1794143357,16228.248763893,1067.50937789596,0
2065,2141,7.49666123292675,2975.94736203959,28.2135309917085,16.7915542821467,17.4012873311096,25.8671161227522,22775.519529337,24202.8332401282,1256.3289555583,0
2065,2142,6.49572980132035,3322.61189126503,28.7002229849318,15.5900626599676,16.1237149447024,24.0072989103063,25743.0771085268,24246.6644968365,912.940070281236,0
2066,2143,6.22516619414661,1712.92219984542,28.6791056570946,25.3145848099777,26.5808472267298,39.0925354491908,25746.8012602271,24251.6400458551,898.408707470772,0
2067,2144,6.30970951010977,2196.47430175943,28.7042761643968,21.0049251327098,21.9263983118331,32.4015183706672,25745.6535881743,24276.4661683086,917.925296373008,0
2068,2145,7.32711505612968,5924.32250408953,27.7303225694565,10.476927227441,10.7067060822847,16.0980057780447,21686.695063672,22663.0434962817,1157.32165945508,0
2068,2146,6.56821863678661,2437.12466797798,28.2304447798981,19.3867307326079,20.1809180096438,29.8898085895192,26428.4993446886,22332.7830770049,855.420587185198,0
2068,2147,6.66941361039254,2655.01053606655,27.2556448639411,18.0818642164009,18.7713783677271,27.863889727824,25718.0148892696,17009.8128712834,958.153746496961,0
2069,2148,6.54364212221643,3281.38124797798,28.2304447798981,15.6750099799398,16.2101809586833,24.1377275774529,26418.8650112487,22334.8519723193,885.591970956696,0
2069,2149,7.13984701663649,6684.63005694034,27.6701402723139,9.68394495318592,9.87529181372948,14.8737579084995,21667.166261076,22640.5657724389,1110.91676804868,0
2070,2150,6.50875282982367,2886.65022492941,28.0608212506893,17.1395665425091,17.7716882642563,26.4059098250359,26436.224590355,22351.2587148465,859.173394495072,0
2070,2151,7.14218108190304,6885.94663487006,27.663646900046,9.50036147408523,9.6831954557332,14.5904374886702,21663.646560815,22645.6695899385,1112.45411083864,0
2071,2152,6.1745851473325,3110.56654092941,28.0608212506893,16.2556942192522,16.8278050227416,25.0366289391718,26428.0422763341,22316.3653735734,889.951026808809,0
2071,2153,6.09404584367544,2581.16317014871,27.2223312791063,18.4469767794806,19.1619602779701,28.4297049680899,23632.1158441021,17248.7744950138,680.685613411843,0
2071,2154,7.52235215979825,1536.12089874289,27.3468505818184,27.1728046256791,28.574173262021,41.9738170963457,29279.5634162836,17256.1531575194,1185.48495104744,0
2072,2155,6.42243576009954,3050.82356814871,27.2223312791063,16.3773149709913,16.9497076868151,25.2228449520973,23650.4110791913,17242.1426842537,639.136396043016,0
2073,2156,5.93640681533679,3375.35465214871,27.2223312791063,15.2583180492506,15.7577337645903,23.4901399569834,23612.3461144493,17215.3793555568,696.360271545839,0
2073,2157,9.18091651940148,3965.29404571275,22.6398075919839,13.2214242600495,13.5605438051298,20.3285458533684,30065.2622862844,5450.94880759684,-1280.0047171362,0
2074,2158,7.89254395449777,2788.43346683582,28.1792344571221,17.5841480178975,18.248310404794,27.0951603475269,22744.0020199611,24192.9460026674,1195.72338171385,0
2076,2159,6.51412127431991,2685.46606833608,27.1466123080913,17.9192168290377,18.5961556714405,27.6114963188111,25268.3669899649,16949.168293402,747.700113690867,0
2076,2160,9.10567725269221,3526.05155371275,22.6398075919839,14.3076999918727,14.7078548064248,22.007891202788,30034.2635526783,5463.65416374019,-1240.19682707833,0
2077,2161,6.04472984166835,2433.73091433608,27.1466123080913,19.2352190659912,20.0060022534595,29.6514707750773,25274.9397112471,16942.7231471035,760.668828821846,0
2077,2162,9.538183548261,3365.90050771275,22.6398075919839,14.7664646716226,15.1933779960197,22.717394713743,30066.2453447084,5447.96927665815,-1253.32204518157,0
2092,2163,7.23353437392782,2080.2478333837,27.4091343918185,21.6262039328413,22.57925332005,33.3610762121366,28529.8171381626,21857.3176834163,1068.94721068208,0
2093,2164,7.05025198049673,2733.9648536407,26.3874266237852,17.585054979764,18.2307457134104,27.0914591484939,31273.2982937811,13852.5724485956,1092.25768695259,0
2093,2165,5.93265174970299,1932.13756977255,27.1637733303613,22.7967697088446,23.8376808609005,35.1768397152835,22933.6599067451,19692.8445866053,628.269246961367,0
2093,2166,7.41087398115885,1980.1176373837,27.4091343918185,22.4330845918028,23.4488044331257,34.6132782380021,28509.7560511593,21751.8175423238,1055.91190427237,0
2093,2167,6.5223747729121,1551.85615931955,27.2087306333115,26.9239974992548,28.3021330444776,41.586599303113,25647.2257580713,19932.7641461286,1016.74118722133,0
2094,2168,7.36552261311975,2996.7570596407,26.3874266237852,16.4797467733516,17.0508574367525,25.3792618696683,31277.3993393776,13847.6741834758,1108.88702873435,0
2094,2169,5.97577740603099,2034.60252177255,27.1637733303613,21.9370403737227,22.9108573015136,33.8425319969055,22921.3683634107,19673.8116665427,624.761595871405,0
2094,2170,6.49341886948992,1817.55579731955,27.2087306333115,23.8754626309976,25.0027727319784,36.8516013703651,25663.4584941007,19949.928214423,1037.21731978538,0
2095,2171,5.81202792482993,2250.65555577255,27.1637733303613,20.3653226818442,21.2195800439246,31.4040805452196,22937.7882194462,19671.2914671191,614.863871530661,0
2095,2172,7.01896721293026,2628.1299236407,26.3874266237852,18.0872042571656,18.7676663716269,27.8695682288503,31271.8012753334,13851.605040627,1152.88105540296,0
2095,2173,6.86083149967053,1835.26470131955,27.2087306333115,23.7019895260174,24.8153925792228,36.5822656775406,25651.0196987222,19927.6949514316,974.753947958768,0
2096,2174,7.34027725057505,2567.4482936407,26.3874266237852,18.392258980067,19.0941039929078,28.3423398411806,31273.2694850423,13854.6244504134,1095.64014149414,0
2096,2175,5.86773431097417,2471.08759618089,27.1449980854661,19.0240480337642,19.7795212663774,29.3240584671148,22907.0754077301,19693.2801038877,603.899530022474,0
2096,2176,6.79677584722275,2064.53333531955,27.2087306333115,21.709627835814,22.6664830815798,33.4898035751687,25683.7221095168,19941.7676598528,1044.69419433919,0
2097,2177,7.15097076644042,2460.0054656407,26.3874266237852,18.9663261243493,19.7089252707992,29.2321677338559,31259.9045678246,13839.9772569668,1142.86005167338,0
2097,2178,5.74860932946244,2195.43637377255,27.1637733303613,20.7395539917388,21.6218978789395,31.9845775235001,22940.7796907936,19686.1009118734,574.594846443976,0
2097,2179,6.87822564304207,1772.86504331955,27.2087306333115,24.3277365125513,25.4915008102827,37.5538606813755,25665.6416481701,19923.0564614193,979.92942816198,0
2098,2180,7.23767022509583,2922.7717256407,26.3874266237852,16.7725051618246,17.3630993746087,25.8326898345122,31279.7812510679,13860.8028060848,1126.54342127961,0
2098,2181,6.75454796502923,1398.99571931955,27.2087306333115,29.1722117682211,30.7422377794177,45.0805012819031,25662.4021284256,19908.2349897759,1006.176751391,0
2099,2182,7.16532610956501,3376.7275856407,26.3874266237852,15.161895005707,15.6478522038496,23.3388592677433,31291.4052719827,13841.1723130255,1052.54738604234,0
2099,2183,6.75652852967221,1889.51473931955,27.2087306333115,23.1896261600409,24.2622038416525,35.7868367912449,25664.0951650769,19938.5113112324,1040.0243985539,0
2099,2184,6.60591700581851,1811.16630597882,27.1027563396564,23.9152396362389,25.0442011692993,36.9129341753847,22871.4082449574,19425.4503310603,956.451877911458,0
2100,2185,7.38324142249635,3374.51551038042,26.2627832046175,15.154930135443,15.6393399974599,23.3277734591664,31292.1513763331,13829.1634802799,1126.15668729519,0
2100,2186,6.47847001794974,2733.7683969498,26.8023468519986,17.6442410543001,18.2984110434599,27.1843782838655,22893.8420570406,19422.5985249035,1000.87478882487,0
2101,2187,7.30902536652775,3408.98620038042,26.2627832046175,15.0486667735895,15.5264115250898,23.1633034442815,31270.2699393962,13823.9177793908,1089.69766230104,0
2101,2188,6.58920262437449,2064.3762309498,26.8023468519986,21.6327425156624,22.5783180706977,33.3690194200846,22871.0087212759,19400.5719102416,922.730067462434,0
2102,2189,7.24942758924074,3905.55435805854,26.3055248357361,13.7117553360198,14.1085587142652,21.0948878168549,31213.8359827058,13979.1212908449,1024.90265255513,0
2102,2190,6.27042926664549,2098.3403229498,26.8023468519986,21.3737772782508,22.2995601935358,32.9672200629176,22855.3966753883,19430.036685653,920.823201870634,0
2103,2191,7.03632431170837,4946.96566405854,26.3055248357361,11.6987228678656,11.9828710516318,17.9829317557462,31216.9949617702,13996.4635520285,1058.93849314247,0
2104,2192,6.73976244448611,5149.07432699578,26.7260285549867,11.4220434728232,11.694274270412,17.5561939897874,30884.4231670066,15505.3383558932,962.784888401306,0
2104,2193,6.48483973002049,2036.8217049498,26.8023468519986,21.8487577323368,22.8109271673317,33.7042028685401,22846.0977587413,19439.3925627114,959.462365357238,0
2104,2194,6.56778202608951,5178.21663805854,26.3055248357361,11.3507055888203,11.6166803171407,17.4452868880064,31239.5513874015,14016.8581658283,1072.88583290793,0
2105,2195,5.81638981161735,6094.7273337466,26.6905706160357,10.2260305917374,10.4381515599913,15.7091395429179,30914.977906567,15504.5183698579,926.194743570795,0
2105,2196,6.75084622922076,2419.8538449498,26.8023468519986,19.259852731133,20.0284263251228,29.6885627085044,22850.0348860321,19436.0507706775,948.772511897407,0
2106,2197,6.08403082720291,8047.19503980537,26.7680700502908,8.56436614382337,8.70247778867417,13.145565025661,30273.1259355541,15793.550979989,1023.19169093143,0
2106,2198,6.58350812880885,2670.3335169498,26.8023468519986,17.9424356456131,18.617315683115,27.6464649245739,22864.2148887727,19425.292958134,917.322749258215,0
2107,2199,6.13482264333066,7559.56142580537,26.7680700502908,8.90981813026092,9.06248931712094,13.6782930724449,30293.1457052338,15797.5802923486,1002.79746275323,0
2107,2200,6.42704134806372,2452.0338309498,26.8023468519986,19.0767068874534,19.8320479724112,29.4046149895214,22857.5253342585,19394.1029777668,925.439577950238,0
2108,2201,5.89943947122743,6075.46586099578,26.7260285549867,10.2490841712518,10.4624964376796,15.7447789721036,30897.5709683486,15536.7532248769,940.675675535848,0
2109,2202,7.14868022011664,2671.78808099578,26.7260285549867,17.9244745033733,18.597280252239,27.6184042430291,30895.1669844794,15549.283040844,940.881998868781,0
2109,2203,6.62148130669947,2389.3037829498,26.8023468519986,19.4379435145503,20.2194463736077,29.964690347157,22864.9931099875,19424.8203862352,935.840145491802,0
2110,2204,6.30278968903137,2374.90037474834,26.5596831019068,19.4834359291995,20.2653659316265,30.034432951219,22871.1353744466,19389.5017590531,933.553725617178,0
2110,2205,6.74313788867623,3318.59883616494,27.1475079068057,15.4312292689852,15.9410569652126,23.7576452837865,25614.2496781466,24927.8482587351,989.124017811197,0
2111,2206,6.32319713608621,3077.99232074834,26.5596831019068,16.1943350748808,16.7483012109102,24.9377221945276,22851.1295447213,19397.168514733,953.308001639649,0
2111,2207,6.34496477892894,3539.43151216494,27.1475079068057,14.7562473631286,15.2233183890707,22.7128208210975,25600.3157325437,24924.0718647711,1026.7691827421,0
2112,2208,6.56369505810476,3016.07682440411,27.1535163131026,16.5015200590885,17.0815380552292,25.4150389071281,25587.581288817,24837.3700121551,1018.39051767983,0
2112,2209,8.73637223865856,4157.35947716562,25.5056062205098,13.071923519483,13.4256254556383,20.1037603069177,28646.0650246705,10548.9516849928,1247.63852142881,0
2113,2210,6.6043429915338,2471.81186570301,27.1536086410953,19.0213629761106,19.7767403532312,29.3199226337753,25647.2798619534,24792.2769360786,951.710698772281,0
2114,2211,7.05068417628224,3759.58302040084,27.1533492996349,14.1558453898937,14.5859424717217,21.7837317832387,25814.5205149378,24835.0083183211,1105.16427920468,0
2115,2212,7.14376812987399,3883.34711440084,27.1533492996349,13.8451119067419,14.2564367130211,21.3029885257711,25817.3366170287,24840.6173489224,1096.10170081708,0
2116,2213,6.83977086279454,4010.04066640084,27.1533492996349,13.5449848948739,13.9384372464889,20.8387258639059,25810.9289466981,24816.80771531,1107.44535178912,0
2118,2214,10.0100375497407,3286.30130374436,26.8146545987655,15.4990687833034,16.0102771899398,23.8618527520168,21640.2780560953,24558.049892669,-1115.79394324038,0
2120,2215,7.67163763666061,3081.56058266136,25.1116162107373,16.0016073642973,16.5289425336717,24.635420956579,24440.825364454,9766.71604199746,1181.11321051824,0
2121,2216,7.41605548096853,3016.40767466136,25.1116162107373,16.2419247103267,16.7847355027667,25.0074848256224,24395.0816007659,9742.07018408502,1189.19102936561,0
2122,2217,8.10999319934193,3756.68583961968,25.7381716421922,14.0241805055767,14.4349320308673,21.5768913099041,20527.8122863523,19059.5869309644,1209.59021329123,0
2122,2218,7.23230443062533,6909.43648613456,26.7516339366887,9.43471392756928,9.6103659899487,14.487980350004,31670.7060051286,16452.5936438351,1017.64049073048,0
2123,2219,7.14255010847587,7220.45369159851,26.7770005211037,9.17417543664695,9.33836045088769,14.0860657572356,31644.4831046982,16486.1065378761,1053.65758109266,0
2124,2220,7.0083493615407,5617.40141159851,26.7770005211037,10.7895800886614,11.0297781208307,16.5793869873609,31636.1006869484,16469.5384093451,1027.41620375232,0
2130,2221,6.86901360505041,3993.26669217261,26.5778847502674,13.5312175210736,13.9195064905943,20.8162323218796,32041.5871802385,15017.7019424552,952.891651161323,0
2130,2222,5.87414762057069,1871.0013822247,25.8579878907356,23.0690665381183,24.112688889403,35.594323993312,24281.8010899532,16009.177507183,629.244114348617,0
2131,2223,5.97219419865327,1897.60757627032,25.8745772619569,22.8315167291504,23.8568321891221,35.2257085295112,24280.1120451357,16030.3086163527,679.324533423428,0
2134,2224,6.03442804951156,1863.40119827032,25.8745772619569,23.1427655265418,24.1924048183867,35.7087789201445,24262.2732964503,15989.305019348,663.816710449823,0
2135,2225,7.89719088249784,5320.58055421467,26.9625995413135,11.1934509774375,11.4552310917732,17.2034561842698,26106.3082124946,23333.7311792526,1167.9428217009,0
2136,2226,6.72598048401138,2603.07548488019,27.0018737511993,18.3026889541301,19.0050302022223,28.2053917344532,25056.6603026127,23811.9216291901,985.889478883612,0
2138,2227,6.68465393999083,1373.05554088019,27.0018737511993,29.5377457082991,31.1357802328421,45.6476865407994,25038.6758845049,23834.8025665651,1025.15575226265,0
2140,2228,6.06932370014198,4036.39310779842,26.0987988244655,13.3892816206953,13.7656416795514,20.5957150457191,22961.2116960262,18158.1713311704,621.303288978019,0
2141,2229,6.08363221069011,4038.46355179842,26.0987988244655,13.3846294555493,13.7607202197003,20.5885207924575,22952.8507376826,18155.8009274652,634.691701871786,0
2141,2230,6.60219378066194,3451.49819578268,27.3442510363433,15.0366671439788,15.5230401384653,23.1473147975154,24863.263121991,23673.9102307167,931.518859238907,0
2142,2231,6.78793520260594,4679.32589412206,27.3231579584867,12.2171836834586,12.5358759803732,18.7859501866979,24777.5711757668,23529.9011072458,1038.00581621885,0
2143,2232,6.77911014597997,2702.8586100675,26.1550982066289,17.6956816098213,18.3464814407025,27.2621785214393,22668.6436274588,18546.370696788,978.997473731998,0
2143,2233,6.64497511899932,4518.73432812206,27.3231579584867,12.5068882286492,12.8417089811113,19.2337826550982,24765.945170035,23559.8231134077,1031.91708929078,0
2144,2234,6.46663276757502,2831.3803200675,26.1550982066289,17.1219069214018,17.7336042211846,26.3732556488814,22655.7022989674,18561.298830732,973.519247079951,0
2144,2235,7.09817809519088,4843.57531650559,27.3547074067393,11.9409751141126,12.2447381336685,18.359103153278,24998.2360847706,23592.406423585,800.299875042322,0
2145,2236,6.85988991566986,3161.1976440675,26.1550982066289,15.8462129874029,16.3736654757539,24.3976249059798,22635.0823053427,18549.8032719508,979.481679081062,0
2145,2237,6.85406453129232,3188.82953346712,27.3630437311862,15.8925502910877,16.434238798251,24.4724643000838,25097.6965598575,23822.5597001462,1128.41725572379,0
2146,2238,7.02229791163551,6631.88747834876,26.102566750729,9.65245507816864,9.83484596664253,14.823087201825,22409.832663406,18575.167318864,1051.60241513174,0
2146,2239,7.42972192968696,4356.73615746712,27.3630437311862,12.8216748483389,13.1745934429645,19.7205450405011,25123.5544111066,23750.0289328314,985.9419317839,0
2147,2240,6.85934979623357,3409.46165234876,26.102566750729,15.0295775946432,15.5047110986654,23.1333685397752,22296.0108949722,18607.630563076,1117.39330881114,0
2147,2241,6.56135470451358,3649.59142746712,27.3630437311862,14.4689833583961,14.9199746709354,22.2687393258452,25064.382324462,23842.0276686985,1061.96522107733,0
2148,2242,6.63431214076663,2646.28510146712,27.3630437311862,18.1400987388567,18.8348659493243,27.9544639300939,25051.6078596786,23845.752257319,1021.53625075427,0
2149,2243,6.90208516021375,3144.24248097558,27.1768615722754,16.0282327634984,16.5771099051268,24.6821038830308,30659.4598649141,16100.9250709449,893.53424276833,0
2149,2244,10.1475927373925,3586.4243383095,25.3416943239441,14.4347378805136,14.86672051614,22.2110906482302,31987.1016916938,10716.0329883885,-1171.26036932873,0
2150,2245,7.07392005216901,4320.83671981714,27.5377118539115,12.9080335313337,13.2671154329786,19.854413840739,30674.6022020788,16286.5705552894,946.881571215857,0
2151,2246,7.13493444225654,4722.48082981714,27.5377118539115,12.1584309086292,12.475268462548,18.6955191891731,30680.3350155123,16282.8953314975,970.277694405766,0
2151,2247,10.0432465681867,3512.05961914888,25.3392054452307,14.643344406507,15.0879340369835,22.5338320389424,31982.1228480503,10727.3150710931,-1150.69021022556,0
2152,2248,6.80982885918022,5416.41192967105,27.5776180917586,11.1023035404034,11.3629228630999,17.0636377383364,30693.4084997329,16305.5394006914,932.252148374842,0
2154,2249,9.09698654953464,2910.66491773852,26.4493594713152,16.8298298029997,17.4248877250436,25.9216536613073,33966.5702245825,14836.248883569,-1409.32194051622,0
2161,2250,7.37614565860173,1958.79724363168,27.1935936159622,22.5710458541327,23.5946399844611,34.8265962882227,29221.2680283101,15603.9561211746,1137.86987784904,0
2162,2251,7.50283941953236,1915.64830963168,27.1935936159622,22.94939091827,24.0027468507546,35.4138573849911,29213.3031040778,15573.6648936171,1153.94038248141,0
2165,2252,7.72954646692452,1684.65757722906,27.492724379295,25.3551510533252,26.6070924804803,39.1506502798666,29357.9513094761,16720.8008474409,1219.47755100838,0
2178,2253,9.51469201335957,3649.12377998266,25.6438788615414,14.295730507362,14.7219280696112,21.9967488123637,32991.8793411084,11702.0556407753,-1200.32121335404,0
2179,2254,9.50772941443234,4009.82155598266,25.6438788615414,13.4074528493383,13.7813577882226,20.6228489800991,33014.9956629344,11702.7578061901,-1183.75734650346,0
2179,2255,7.06653015787195,2008.51732422688,28.1449339250191,22.3410201343436,23.3593111214894,34.4730892826401,26791.3145306674,24782.3104030711,1131.45983804284,0
2180,2256,9.49475870995681,3523.9904220164,25.7344463510807,14.651612208679,15.1001624135069,22.5475768414919,33009.448245867,11687.0913345533,-1167.53896378277,0
2180,2257,6.60358688643868,5185.57888817746,28.2491405002902,11.4716831430271,11.7555789870904,17.6353850336372,25976.0647317068,24533.4257329201,1041.85670064977,0
2181,2258,6.41919482167685,6577.11549017746,28.2491405002902,9.81561085333897,10.0158670757881,15.0777299837345,25981.6133348484,24538.1541028664,1085.68385990739,0
2181,2259,9.40290531087378,3384.0630089898,25.7900248506085,15.0727006397715,15.5477319100853,23.1993394067422,32980.1210837373,11694.7633892158,-1151.89331307376,0
2182,2260,9.76477273444319,3599.4074460164,25.7344463510807,14.4401263187105,14.8758057923848,22.2203560518942,32983.4463031292,11666.9780555734,-1231.17679948448,0
2182,2261,6.57887755770667,4767.33957576227,28.2575829151398,12.1348322506727,12.4549347879271,18.6603024866102,26011.7329000366,24144.3384372946,1029.63927554131,0
2183,2262,9.59707044286142,3631.1028600164,25.7344463510807,14.353614904693,14.7840642468554,22.08651113443,33038.1146897037,11667.7916948771,-1199.0458254143,0
2183,2263,6.60667421431843,4632.88866094636,28.2564125228629,12.3702887424903,12.7035647589955,19.0242947882473,26038.3482444945,24122.7057386729,1079.87973634839,0
2183,2264,7.39588535942991,2931.70504289042,27.5658795448556,16.8885941634974,17.4987008463979,26.0157367204146,26115.5688776492,20478.9123698923,1182.42980577752,0
2184,2265,7.96531156310717,3531.44775739535,27.569666550957,14.8232546904279,15.2980492139476,22.8175017173346,26144.3371021375,20524.9138168677,1245.75242139816,0
2184,2266,8.38686969271941,2960.37432502818,26.1886497026136,16.5964148464097,17.1732837936175,25.5594063025151,19812.4722813119,21535.8685433813,-1303.06149060579,0
2184,2267,7.23590680626036,2464.2582576074,28.1466972507157,19.2182437351534,19.9991211911904,29.6282739055683,29539.7606576831,18797.3475690411,1083.93176544095,0
2185,2268,7.35412339676684,3432.5652696074,28.1466972507157,15.1800140256258,15.6823269533317,23.3710950021881,29562.4904426039,18776.3156904829,995.672168198111,0
2185,2269,8.76898552830752,4365.15388339535,27.569666550957,12.8218930099617,13.1762524564838,19.7212761161547,26178.0989179831,20422.6987151369,1089.56544266544,0
2186,2270,8.21466378580053,7284.94356766693,28.3264787243,9.19386727294189,9.3656997754319,14.1183191829417,26508.4784824471,24063.6281106408,188.495235131844,0
2186,2271,7.70476577109792,4036.08544339535,27.569666550957,13.5226751430701,13.9179049939377,20.8050710679981,26141.5268118192,20477.9907842442,1166.03233265691,0
2187,2272,7.92209205614748,6429.16738966693,28.3264787243,9.96550608211249,10.1732905624936,15.3092191175178,26505.0130207254,24045.2056504957,153.833836342616,0
2187,2273,7.66851124327234,4188.61549339535,27.569666550957,13.1855550635087,13.5609417834118,20.2836479844181,26142.3255101621,20501.611335387,1153.53312165572,0
2188,2274,7.85349917778557,3886.37472139535,27.569666550957,13.8766367151409,14.2930547799303,21.3526398808426,26124.4621687013,20481.8954313652,1232.95111731352,0
2189,2275,7.40174074335694,4419.16163539535,27.569666550957,12.715854148957,13.0641576971887,19.5573168514185,26088.2612936602,20506.610422634,1240.03787221447,0
2189,2276,7.61046308465764,1796.66176703263,28.3373826788854,24.3358669204272,25.5166444276051,37.5710129721087,26803.5854330898,24722.0562491735,1146.17343919513,0
2190,2277,7.27420232296132,1701.98502297473,28.2979277602803,25.349204772188,26.6127428762351,39.1447630939284,26823.228167061,24753.0354743966,1168.60600739078,0
2190,2278,8.12356805907525,4654.77815770888,27.4518253783416,12.2701263627033,12.5925874252523,18.8680168319201,26136.4971146978,20513.192492988,1265.68742604061,0
2191,2279,7.26176659340447,3980.89268770888,27.4518253783416,13.6396792854947,14.0409913579903,20.9858193508934,26110.4148833387,20509.3403326513,1208.97755955333,0
2192,2280,7.34467228342581,4285.29200770888,27.4518253783416,12.9732293080507,13.3354646493473,19.9550636288032,26030.34307604,20469.0950644241,1069.62042644004,0
2197,2281,6.99296188799735,2338.80063443889,28.3043739144108,19.9904604607611,20.8302960135854,30.8263884784546,26891.2603983075,24719.4488077167,1131.64037243411,0
2198,2282,7.01352822715777,3153.76813401553,27.930868802037,16.0831900848461,16.642621867218,24.7691221690084,24770.9890128584,23940.8316895428,1076.54377068788,0
2199,2283,6.87082999788941,4012.36364001553,27.930868802037,13.6095635761198,14.0126373357519,20.9402132916582,24761.0094018182,23936.4917356481,1136.02532779819,0
2200,2284,6.83135299016289,3897.09031864023,27.8195109823306,13.8736570188908,14.2917959827834,21.348553634469,24777.4451577578,23928.0967103362,1096.03578181107,0
2201,2285,6.8603459602365,4455.47144464023,27.8195109823306,12.6657919358773,13.0129361129296,19.4803782704142,24755.6047448823,23935.6209016767,1094.17581873785,0
2202,2286,6.86030851323305,5079.60018064023,27.8195109823306,11.6009030979953,11.889174517051,17.834359433272,24762.9585292139,23934.1195210202,1172.38352688425,0
2203,2287,6.80890412346701,4405.00987864023,27.8195109823306,12.7636040687986,13.1163353043566,19.6316174859753,24765.6909582953,23926.6098211213,1137.48770807558,0
2204,2288,6.90540890691117,4083.37085229977,27.8309200897643,13.4387304227022,13.8308951019633,20.6757508575069,24790.4807878789,23952.9440149435,1108.85048244118,0
2205,2289,6.66413742332675,4403.46805864023,27.8195109823306,12.7666242567065,13.1195284732116,19.6362874931351,24786.0867238591,23910.2827740475,1138.55671566937,0
2206,2290,6.62281091752031,5019.33704464023,27.8195109823306,11.6933902075012,11.986629069032,17.977278609804,24778.54230153,23910.6885523859,1182.26608947074,0
2207,2291,7.20316898004704,7556.90845264023,27.8195109823306,8.95857180477344,9.11780617270811,13.7547248328179,24739.5202236927,23906.140899081,1148.49785672091,0
2208,2292,9.37097593375208,5460.0930983539,26.6520170126681,10.9843790041939,11.2336724590684,16.8800313707338,27229.2741830184,16209.129247025,-1463.40146641788,0
2209,2293,7.38799431446391,6666.36609124207,26.3318146334475,9.63231542069528,9.81490800342203,14.7923201800343,20535.0308704995,21349.3354180772,1255.74583444842,0
2209,2294,9.55020754423132,5479.01506980712,26.7197027424623,10.9638118881759,11.2124530064756,16.8483740126392,27234.6376662209,16209.5484167006,-1431.45234514231,0
2210,2295,9.41052421186382,7547.17576566478,26.6468785716267,8.91365115469886,9.065966491601,13.6840608087007,27228.9860721268,16234.4771892928,-1469.98070608594,0
2211,2296,6.41973410309819,7444.59688779674,27.2769627137384,9.02006036318812,9.17968287879158,13.8489374789317,28663.4576605419,16303.8562967898,1178.43540159537,0
2212,2297,6.4345433013755,4872.7863332569,26.1425929149618,11.8045400939495,12.093245482818,18.146139205617,21612.6051483431,19868.017520698,899.749869215108,0
2212,2298,6.55237362369224,6748.44313179674,27.2769627137384,9.60503364797232,9.79088417575085,14.7514677715363,28711.2296969327,16314.2577875398,1190.11895520146,0
2213,2299,6.5454843247492,4689.2657012569,26.1425929149618,12.1096895890821,12.4147272438002,18.6176672623466,21626.4806656498,19862.887026808,914.90155855846,0
2213,2300,7.70066776603217,6893.19800379674,27.2769627137384,9.47493046068801,9.65483028563401,14.5507049334764,28675.3292097631,16317.2946836103,1229.48183156551,0
2213,2301,8.20758928643392,4453.28894406277,25.046285313117,12.4446038656111,12.7601823732264,19.1331514014371,21449.4794111923,14187.0632956534,-1503.58431557316,0
2213,2302,7.85504501691089,3799.58856748,27.313846452347,14.0688173620981,14.4948908452236,21.6494286218314,32891.5017304556,14503.4778399953,1151.68583017536,0
2214,2303,6.651535653867,5981.8615112569,26.1425929149618,10.3189024298772,10.5325763766545,15.8517052303728,21626.8111978911,19859.8558949139,921.203580744513,0
2214,2304,7.95289287774007,4636.78755006277,25.046285313117,12.1146991626827,12.4125541332287,18.6233525478119,21451.8797446921,14206.5814318482,-1495.24050659466,0
2214,2305,8.02494143910569,4656.34757379674,27.2769627137384,12.2540147258831,12.5744405218566,18.8427971429843,28664.85488362,16288.4994736398,1222.62739831024,0
2215,2306,6.28143579074403,4949.15734272295,27.0466432201604,11.7486063268656,12.0400639506293,18.0612937520286,23107.2613345504,22046.9311450578,754.846970828082,0
2215,2307,6.531809863828,5118.11843330941,27.2789122863003,11.505803096541,11.7857705741522,17.6865205579906,32967.5212279128,14458.5663816614,1057.08241052177,0
2216,2308,6.34030598366254,4445.379316047,27.1233892752163,12.6293437177682,12.9696969639919,19.4227229966378,23121.4054424779,22038.9716879704,720.481289689263,0
2216,2309,8.50428399600276,5745.61024737432,27.3500109584466,10.6662209662989,10.9034025875074,16.3897573838975,31797.9906827982,14389.5111668699,-1111.23735941066,0
2217,2310,6.31565197590632,3975.93853272295,27.0466432201604,13.6143216901484,14.0110731065661,20.9457534153151,23109.3591393887,22027.1887988448,712.519042743239,0
2217,2311,7.04230652770721,6301.48730930941,27.2789122863003,10.0396335502852,10.2458450160631,15.422233341973,33054.9948629891,14420.8179726899,1075.41901509932,0
2217,2312,8.35574643375545,3310.42009759023,27.8787314112675,15.5394934269803,16.062746390868,23.9270393407124,28435.616609808,25170.4507737801,-1384.26828444521,0
2217,2313,8.97035095351059,5788.89133737432,27.3500109584466,10.613968122442,10.8485419879618,16.3090661110217,31811.1983197905,14377.4182162231,-1218.28436738692,0
2217,2314,8.31466100023139,4040.85209406277,25.046285313117,13.2826998525159,13.6448107283952,20.4286664193439,21463.713167591,14209.4635823746,-1516.28650724607,0
2218,2315,6.2950682246545,3372.53626272295,27.0466432201604,15.2478688034957,15.7450837318939,23.4735414075949,23090.1484563659,22022.8089591946,738.535709880501,0
2218,2316,7.21500679502004,5313.64455145903,27.1820789691486,11.2175822385078,11.4818915476068,17.2410864410835,33121.3874854582,14362.3313952082,1111.41091932168,0
2218,2317,8.82565820486662,5586.61455649742,27.3516431327362,10.864392390971,11.1115615280137,16.6958096261384,31862.1341249046,14314.0907669384,-1232.37367661398,0
2218,2318,8.61533445316609,3916.39940959023,27.8787314112675,13.8321857664209,14.2482634964736,21.2845148328683,28434.8686359569,25167.7258862358,-1368.2029904618,0
2219,2319,8.29696506077129,3489.57958159023,27.8787314112675,14.9788195969038,15.4660276285896,23.0590101541246,28442.6345589441,25185.8178891412,-1340.9740776435,0
2219,2320,6.63091565264891,3416.73836326988,27.1134420494119,15.1177937471993,15.6073262416829,23.2723478523494,22902.6060604397,22499.1035179848,837.867971345741,0
2219,2321,9.07128188965365,5043.76176049742,27.3516431327362,11.6231337576643,11.9097692577044,17.8679313912603,31875.3926774784,14354.2747384496,-1262.74001088865,0
2219,2322,6.72977110545099,5002.39514545903,27.1820789691486,11.6749591138342,11.9633206919477,17.9477247397168,33096.8091881216,14371.1359450657,1054.22511463126,0
2220,2323,8.48233874502514,3377.8083750959,27.6513311664553,15.2975066079782,15.803150345019,23.5518327278522,28434.0609015821,25184.4670798617,-1338.48220002313,0
2220,2324,6.91679684769436,3014.93914575702,27.2948028222391,16.5235245210167,17.1063717449568,25.4494956295567,33113.5573081882,14356.1605013339,1056.79509379259,0
2221,2325,8.39924790558146,3910.4851590959,27.6513311664553,13.825536050264,14.2394932947247,21.2737533625027,28446.9341455553,25182.2655351938,-1379.75382724459,0
2222,2326,8.29707019563149,3894.7365690959,27.6513311664553,13.863807578013,14.2800737908909,21.3329633083732,28422.3542360197,25170.5474934736,-1346.59926135005,0
2223,2327,8.43779216692253,4027.5313230959,27.6513311664553,13.5495665765356,13.9469976887763,20.8468343861322,28440.9340791504,25150.3185760205,-1386.21453530701,0
2224,2328,8.62661573819881,3755.8846650959,27.6513311664553,14.2137443761003,14.6513130034752,21.8744033543195,28452.7709621788,25138.4360003887,-1424.39253865632,0
2225,2329,8.35868452896633,4679.3247150959,27.6513311664553,12.2420388733258,12.5642368273228,18.8249571405602,28446.1816374185,25173.992287136,-1352.44982264914,0
2226,2330,8.62764030543248,3748.1755650959,27.6513311664553,14.2338583356527,14.6726617250001,21.9055275317584,28453.4487622219,25164.7848771129,-1356.84592062808,0
2227,2331,8.48672556023398,4068.2573970959,27.6513311664553,13.4569026369964,13.8488337768148,20.7034986882396,28437.8341068448,25157.5629002261,-1413.01772739601,0
2228,2332,8.91263650522982,5545.7614770959,27.6513311664553,10.9356669355684,11.1881302674516,16.8063545740467,28460.2940754209,25160.4098468662,-1379.84699014127,0
2229,2333,8.69905611792958,4821.7888830959,27.6513311664553,11.9986729630433,12.3074525745221,18.4487917715191,28440.5721944979,25192.8698263905,-1344.47180734926,0
2230,2334,8.68085840282168,3525.7106015229,27.7275314378598,14.8563661962777,15.3345587097858,22.8691142214414,28460.0086816707,25175.2843719646,-1330.89058731454,0
2231,2335,6.62726633943645,5185.53731286106,28.1039327844178,11.4620340218985,11.7445684066911,17.6202417005936,26906.1310894071,24166.2858876296,926.162341602521,0
2231,2336,6.20500418746245,1457.62607588686,26.679369966514,28.1054358612279,29.5746762616788,43.4199398738022,24321.902747589,19727.1109063554,715.367365060243,0
2232,2337,6.26433497055965,4785.16357594454,28.1158365279356,12.094125325077,12.411079593911,18.5971334636376,26904.4618555101,24191.6913575267,807.621381589867,0
2234,2338,7.37124640375794,1068.78628202543,27.4601726540033,36.2093553717019,38.4145376272788,56.0266507244759,30469.4308754765,20163.3962534153,1219.74138217711,0
2242,2339,7.27818999993188,1637.24946936834,27.5726692717475,25.9329204788046,27.2339315812209,40.0484706648219,29644.375729053,18806.9107043404,1145.7796118915,0
2243,2340,7.08235330568223,2509.40277080163,27.5477735583758,18.8754850235451,19.624767007148,29.0949800047882,29355.4124008594,18611.8830696291,1080.09850999326,0
2244,2341,6.92335805943963,1507.96865480163,27.5477735583758,27.6178397741165,29.0602423836865,42.6662809849776,29309.0282758476,18575.5701568508,979.736603887154,0
2245,2342,6.58926730629752,984.71907221727,28.1855672225775,39.016687022051,41.4987232346778,60.4000805635919,26249.8657649333,23414.4929321119,934.360662941562,0
2246,2343,6.28259180051302,2403.26537619127,28.1688544785027,19.5755769966337,20.3830032687623,30.1824831308353,26253.1310224173,23394.516998584,916.288028662041,0
2247,2344,6.42177740115557,4026.47144619127,28.1688544785027,13.5981270266412,14.0022615419885,20.9230021550481,26222.8393614123,23434.6097443565,905.406102195591,0
2248,2345,6.62119685614031,4590.18286419127,28.1688544785027,12.4409721776861,12.7776705754901,19.1334175369314,26237.5871343689,23401.717151061,917.35224093213,0
2249,2346,6.67965419877208,4862.82069219127,28.1688544785027,11.9682649114524,12.2786027423832,18.4026828836063,26236.3611994671,23439.4945793328,879.338883215638,0
2250,2347,6.38233482292153,3899.14307459486,27.9778162508967,13.8832799542828,14.3031994057907,21.3637718718516,26252.7551517305,23426.0656663118,912.904711039649,0
2251,2348,6.53704488656592,3216.95380259486,27.9778162508967,15.8658621738243,16.4113469954637,24.4326642195938,26227.7383133157,23377.829784501,926.051396457277,0
2255,2349,6.6967801569488,2221.60575382523,27.9391221923332,20.6961316244058,21.5847708242273,31.919858768453,25949.6275783788,23184.3737458154,925.663198753782,0
2256,2350,6.33424256944476,2860.62406582523,27.9391221923332,17.2345796441336,17.8720575370209,26.5528010882834,25971.6099122345,23140.6300274931,913.540981482413,0
2257,2351,6.53494047936023,3935.43565208928,27.8943429705357,13.7877329647199,14.2012431726242,21.2157733407596,26016.0756034438,22954.2960910841,898.971750233943,0
2258,2352,6.27454475006335,2191.30684208928,27.8943429705357,20.8985353790815,21.8020021475425,32.2337221532641,26039.3996749911,22949.0414065517,905.971879594962,0
2269,2353,6.63978738430853,1252.15970970227,27.9057380166223,32.0576056815777,33.8941584775018,49.5703299375202,27787.2248597307,23373.0884976368,1022.35203663363,0
2270,2354,10.2107757731932,3670.1246715888,26.8197634227684,14.3587786687989,14.7985679932905,22.0969873032871,34292.4622649146,13374.7390163298,-1089.10212986243,0
2272,2355,7.89065993173303,3548.77194105628,26.3144267948577,14.6423932094353,15.0953679089365,22.5346861879046,29647.3742479127,9436.62202306286,1252.55353644549,0
2273,2356,8.03449039982983,3167.43580305628,26.3144267948577,15.8434712930791,16.3722500054046,24.3937940667356,29627.694680344,9476.72277250226,1219.09391409753,0
2274,2357,7.97413426404178,4138.49606505628,26.3144267948577,13.1839261490573,13.5500681153686,20.2786069256827,29653.3971546089,9441.12788196412,1203.72954822673,0
2275,2358,6.76763555715703,5591.10738671045,27.4421793934515,10.864284522141,11.1119501510292,16.6957816353519,26366.3536807253,21381.1148747622,922.632967132704,0
2276,2359,6.68599392853962,4630.37731871045,27.4421793934515,12.3127181692244,12.6374816039001,18.9338373402414,26346.9701002837,21396.534484807,945.879928062777,0
2276,2360,6.77042314448958,2157.13303292702,27.8454228271616,21.1334101015421,22.0541930285765,32.5979682148,27778.2713420416,23327.2100486004,1025.73386272938,0
2277,2361,7.3638621936094,3296.86545623893,27.3517665095887,15.525096603044,16.0427799686512,23.9034712464576,30201.9355422417,15628.8064755258,1089.52247694394,0
2277,2362,6.52241930052908,4495.07160071045,27.4421793934515,12.5605782703729,12.8992197009664,19.317007291585,26356.4657651149,21433.956466144,982.899224283872,0
2277,2363,7.86838230134733,5072.76175836261,26.2873282558989,11.5046397215874,11.7784901436695,17.6830518171139,29639.3861288915,9471.73950774176,1220.08833768668,0
2278,2364,6.37006726249515,1763.89165271045,27.4421793934515,24.4746022423508,25.6537217458457,37.7828774945533,26341.7776694188,21402.2774322191,950.380874980079,0
2278,2365,7.84024124650563,5278.91424105628,26.3144267948577,11.2082262696348,11.4669316460709,17.2252203730915,29658.8802373331,9425.757463735,1184.26129911584,0
2279,2366,6.6907918851112,2535.9592512613,27.4035529176068,18.7106529188749,19.4464694551615,28.8389968800606,26351.6924648044,21416.8792640658,917.362994794539,0
2279,2367,7.90955088557893,4290.58559505628,26.3144267948577,12.8666526954981,13.2147176873642,19.7880444541826,29594.1418539724,9352.27008525568,-1497.54167155599,0
2280,2368,7.72631593798098,3090.14204460776,27.6459568049963,16.2815693012108,16.851572202127,25.0756496802191,28992.5430749725,24428.4812479517,1228.22074816509,0
2280,2369,8.00812510200499,4900.4203678773,26.3952009520959,11.7788364765516,12.0677981173455,18.1068713472997,29643.2146961089,9423.33685460248,1213.49716343586,0
2280,2370,6.198125534403,2259.6619259609,27.5563310508231,20.3736544445306,21.2333268054105,31.4183260684332,26342.3455662011,21391.2623053238,958.817439821922,0
2282,2371,8.09637843500449,4360.2181137265,25.8656858897365,12.6904994370799,13.0254643174428,19.5148344551613,27839.689630227,8958.65732353533,1260.04530434862,0
2285,2372,7.86401137495085,4589.89012367279,27.6844057100457,12.4042409570355,12.7357044299627,19.0757580128102,29000.3036448455,24393.0786141515,1212.21327078848,0
2285,2373,5.93554098344076,2563.83890388376,27.2677452780763,18.5434004866284,19.2657504061399,28.5793093844352,24393.3974208313,21469.5722257165,625.366342130675,0
2286,2374,7.88706865036102,4950.69802967279,27.6844057100457,11.791596987414,12.0893132386554,18.1288163238705,28988.5025940237,24408.7160187987,1248.25818913231,0
2287,2375,7.74346073436151,5712.05760738623,27.6528281926054,10.72555371745,10.967352771333,16.4818391841663,29036.4840436054,24357.1065094435,1243.02962639875,0
2288,2376,7.92893497969228,9375.4350916728,27.6844057100457,7.81548859327702,7.92700177135629,11.9920788629507,29006.8775818713,24387.3475098798,1234.67160839376,0
2293,2377,7.80456457692285,2277.29550486563,26.4873577961648,20.0742719974352,20.8985812850111,30.9503761720404,28946.9183452164,9621.43715269328,1151.32837330649,0
2294,2378,7.91347400966209,3226.21150695397,26.5402321725866,15.6679454267138,16.1875053737059,24.1226157232313,28921.948976236,9669.04974438369,1136.4306974743,0
2296,2379,7.56764157108707,2164.71866831952,26.8306327577432,20.8947519038123,21.7845804111174,32.2241673941964,21490.1296188576,23227.8539692252,1249.5765145659,0
2297,2380,7.28369504658869,3771.51536831952,26.8306327577432,14.0937356967357,14.5174978746691,21.6869288674383,21482.1531048602,23217.9787680368,1205.08325014612,0
2298,2381,7.62735577890821,3212.86993031952,26.8306327577432,15.7472487556532,16.2745992665978,24.2461337973175,21486.5909999008,23244.2669723909,1250.33560137621,0
2298,2382,7.74221019479487,3911.56195586636,25.2221913405188,13.594611152726,13.9759884968649,20.9113499589792,23779.6345543939,10355.2873459374,1188.10899275571,0
2300,2383,7.35915796648091,3303.50944076443,26.9630338155033,15.4595475984629,15.9695516839705,23.8010345712456,21483.3716120636,23212.5427148766,1224.46678276484,0
2301,2384,7.3898855853516,4405.69364758572,27.497995797114,12.7362758942308,13.0852529680008,19.5887574982722,30332.3768154667,15856.0959311527,1103.01299606982,0
2302,2385,6.28189672961929,3006.16234872337,27.1540849758553,16.5399618403803,17.1225555034969,25.4745828056044,24016.7239011953,20388.7865500397,679.98191142855,0
2302,2386,5.03850069708994,2771.66673456769,27.1680768344556,17.5223964794581,18.1719630799084,26.996629389383,24203.5286595555,19751.2716538419,-369.031259421458,0
2303,2387,6.10956216393839,3270.45232272337,27.1540849758553,15.5901049461026,16.1102248131749,24.0036364498886,24016.2976818744,20389.9838641809,728.543593652261,0
2304,2388,7.9738046886764,5661.14796747255,26.1241279903902,10.6943880561969,10.9261941467518,16.4313811350526,20678.8575430513,19019.75750147,1165.86275533846,0
2305,2389,6.31403740451289,2393.00746078321,27.567668752814,19.5401746318181,20.3380987326769,30.1256802151696,25219.6508450321,21175.6416312544,793.746911549444,0
2305,2390,7.54652083611822,4625.00087547255,26.1241279903902,12.2201801724618,12.5310805286509,18.7883870920266,20646.3220087083,19041.2320133511,1247.06778284602,0
2306,2391,6.48867921456177,2579.8980707832,27.567668752814,18.50473089494,19.227601523355,28.5202700648259,25220.4610651986,21166.9063109621,773.033250082962,0
2306,2392,7.4676224946961,8136.48289477938,27.0137690516698,8.51513516885258,8.65219525508557,13.0699283573236,21541.8642054469,23153.427462094,1231.46868203337,0
2307,2393,7.28693326023123,8883.27999135976,26.7415764947603,8.048259043559,8.16546769969444,12.349899682773,21134.8319917259,21860.2907758347,1207.74448582718,0
2307,2394,6.27335346994238,3359.9488607832,27.567668752814,15.344977888998,15.8529483148581,23.6251275211217,25226.5541932798,21190.10369706,805.321220063067,0
2307,2395,9.367600577894,7673.74046888879,26.2199733572279,8.80127904110189,8.94699710140558,13.510254385079,19825.2976852845,21757.8182814833,-1213.46562150106,0
2308,2396,6.45302051262447,2305.49816278321,27.567668752814,20.0783080938746,20.9160438739466,30.9602568395086,25229.5847363513,21176.9888192363,791.412347927961,0
2308,2397,7.17803662550435,5150.66668632848,26.7594737571307,11.4220083825772,11.6944398437246,17.5561956710157,21153.879137786,21924.0139462896,1121.06155254331,0
2308,2398,9.11180985617739,3910.96496092002,27.1583422856029,13.7786603097835,14.1860440939935,21.2001998712335,33071.0248833694,12456.5583368562,-1254.96181105706,0
2309,2399,6.14242899462441,3007.4227307832,27.567668752814,16.586680254293,17.176379393047,25.5480416717881,25223.6979681413,21203.6028627998,772.801531805692,0
2310,2400,6.70908884905153,7196.70915136603,27.5407499166282,9.22940400975172,9.39942108147486,14.172204223627,31604.038511257,16496.6137954605,1112.11992619456,0
2310,2401,6.39310994347796,2301.24502615587,27.5436065422796,20.1013732284144,20.9405397798244,30.995951933407,25207.7486801427,21177.0217840383,804.547360484816,0
2311,2402,7.00693477746856,4759.00362736603,27.5407499166282,12.0961196573673,12.4095445530692,18.5992123766514,31607.0808095996,16523.349083096,1023.86124769286,0
2311,2403,6.63846148546873,2729.87098615587,27.5436065422796,17.7656751632411,18.436043886432,27.3746937955979,25223.4124431384,21200.9869081697,835.959894676321,0
2312,2404,6.69373285258702,3623.18888536603,27.5407499166282,14.5595968922997,15.0176528825216,22.4093676823818,31617.753523701,16531.4384151161,1050.17929798341,0
2313,2405,6.81256516558324,4600.06401136603,27.5407499166282,12.3747235138008,12.703590264908,19.0298663412497,31605.1190034566,16510.5754189452,1081.28605904043,0
2313,2406,6.68411282808457,3522.76580130764,25.9687469041527,14.6800922429764,15.1324181494344,22.592205114473,22400.7319370914,15955.3374219326,950.916765667251,0
2314,2407,7.0513251813836,3958.46865736603,27.5407499166282,13.7005337371037,14.1061481189627,21.080141251328,31612.3961709778,16527.688281208,1042.94523346609,0
2315,2408,6.80484878703227,4203.77221936603,27.5407499166282,13.1507911920619,13.5239446127569,20.2298271748787,31608.7873334058,16530.1103793091,1045.65524176626,0
2317,2409,7.59023489861346,4062.61594414105,27.5639755674626,13.4618991608174,13.8534853551921,20.7110507080564,31924.5399777886,14816.0719208381,906.854116931435,0
2317,2410,9.93809141306374,4179.97110814293,27.5356195398684,13.2011452644423,13.5771983619824,20.3076920842915,30708.3412034983,15481.0302104085,770.697744002009,0
2318,2411,7.35550087000536,4087.28506414105,27.5639755674626,13.4064917416188,13.7948038252432,20.6253486356597,31925.8739774649,14758.8489272218,976.587973883759,0
2318,2412,8.00190681912862,3959.13843214293,27.5356195398684,13.6984810554716,14.1039340228115,21.0769551902113,30646.5778714084,15691.7889466128,980.910844606117,0
2319,2413,7.11344298321497,3823.65666878249,27.5410799901016,14.0296182548403,14.4550821343623,21.5892672191796,31941.0988510162,14754.8397087526,975.633610339914,0
2319,2414,10.8396046883137,4359.13059214293,27.5356195398684,12.8310757508448,13.185726271589,19.735410313639,30707.6914005695,15454.5236144486,713.90115817528,0
2320,2415,7.16713098038892,4368.68929728324,27.4441440265511,12.8046154802694,13.157120737897,19.6943221549871,31935.0211327243,14775.2675640957,951.485095523581,0
2320,2416,7.972084134501,3913.59671271199,27.526069440494,13.806429983328,14.218285974859,21.2439329880325,30653.699079253,15711.4773299669,978.686117631191,0
2321,2417,7.0918721073889,3919.38092328324,27.4441440265511,13.7849123116577,14.1948528629159,21.2104728894497,31891.2103892611,14775.4550701636,906.871273675775,0
2321,2418,10.4976511694019,3778.42315071199,27.526069440494,14.1433200079363,14.5755941485865,21.7651616868833,30693.4804221443,15470.2102889375,736.382316606278,0
2323,2419,6.49909518334302,2643.90389095686,27.9013288635549,18.2292667069092,18.9360751584196,28.0942518834039,26358.127251984,23012.5116651035,937.529795354417,0
2323,2420,7.1179671885707,3464.69677990533,26.0729388463121,14.8604551519185,15.3248109425252,22.8715609887924,22309.8754311201,15833.5230549511,996.109906889646,0
2324,2421,6.70968550208625,3110.10620695686,27.9013288635549,16.2383886647387,16.8078775248769,25.0094209078806,26383.9836985466,23004.0840877934,947.676283314551,0
2324,2422,6.92973360254079,3178.46890990533,26.0729388463121,15.776287423276,16.2984603255409,24.2891509223776,22265.9703861851,15854.3396010764,1030.07253367131,0
2325,2423,6.28993470955429,2334.35438703394,27.5452892845942,19.8930056223255,20.7167080892991,30.6727865753682,31448.4584499653,15727.4302253362,846.470319788478,0
2325,2424,7.05648295316413,4002.26333590533,26.0729388463121,13.4642109068593,13.844717901435,20.7115355373227,22308.3927872707,15866.4727906598,1038.94771390109,0
2325,2425,6.50288933334721,2912.44488295686,27.9013288635549,17.0109345356856,17.6326622985912,26.2061776393487,26372.9551062798,22982.1765063409,959.461178509004,0
2326,2426,5.95338791094056,3039.49740218737,27.2056272626105,16.4182291676044,16.9931881565022,25.2861702450782,22880.8536984461,20562.958304298,720.453180418521,0
2326,2427,6.63023981096406,3888.89551390533,26.0729388463121,13.7296560212853,14.1256847443193,21.1220709513999,22279.842331513,15865.296956729,1029.37842174479,0
2326,2428,6.61044709118916,2679.54100419471,27.5398940655763,18.0035081286902,18.6905247403668,27.7432792771454,31467.7261400347,15699.4300279798,877.291752342254,0
2326,2429,6.45542193538923,3400.42786208375,27.8910691103374,15.2524299449754,15.75723303447,23.4826121507521,26372.0137523896,22978.6092248641,956.281795342338,0
2327,2430,5.91690987430831,2739.17289218737,27.2056272626105,17.6756327332673,18.3362093276095,27.2341877234957,22883.4317105679,20528.1812589446,748.289674983137,0
2327,2431,6.92355191993871,3807.55349590533,26.0729388463121,13.9288483667852,14.3366567868108,21.4301765354483,22303.7580290915,15845.0334497027,1055.72058143278,0
2327,2432,6.42718629348724,1979.11905903394,27.5452892845942,22.4688024004824,23.4891586181846,34.6692235859169,31455.1980503962,15727.450549279,865.380138972039,0
2327,2433,6.79166025479631,4174.36018523123,27.8852862196838,13.2432029782503,13.624217555585,20.373427788631,26224.6476783588,24505.0867921277,1048.41768056032,0
2328,2434,6.15498061304467,3634.33155818737,27.2056272626105,14.4949862872673,14.9463037566244,22.3086261648169,22848.9082354039,20541.1614048453,734.094301558343,0
2328,2435,6.62158081902649,2520.67232103394,27.5452892845942,18.8140694501295,19.5588940703092,28.999756335896,31461.5343648756,15687.1389599956,927.618483926301,0
2328,2436,6.66208408295951,4157.73436491567,26.0600317975254,13.1202428559028,13.4808453027528,20.1796141954149,22190.3981051692,15915.1025241292,1042.41053461304,0
2329,2437,5.98694448098097,3742.74353018737,27.2056272626105,14.2046647869034,14.6381522044767,21.8593829186387,22893.0507501706,20538.1178533588,735.09140486377,0
2329,2438,6.94316904232067,3687.91316175369,27.8945624893385,14.417683169812,14.8697617203855,22.1905248361362,26333.7252264399,24570.592441907,1151.39941576,0
2329,2439,7.70132120360372,3809.10613816706,25.6758618532995,13.8862176758765,14.288290674653,21.3633507489099,25319.8078833192,9526.5566447249,1190.50890401578,0
2331,2440,5.99536596999176,3883.09169984383,26.9673274009228,13.8282632547413,14.2371405331815,21.2765276507299,21978.8492505535,19692.039915575,737.902706475443,0
2331,2441,6.57857997105946,1873.59754708727,27.5983297920167,23.4202542821922,24.5166671031649,36.1463894254308,25543.9081344348,22972.0206404054,970.744506933812,0
2332,2442,6.21071908700604,3587.26049384383,26.9673274009228,14.6015125674085,15.0574566911805,22.4729371128638,21972.4424753649,19680.0310789063,724.027240362272,0
2332,2443,6.49810971872347,1548.75382432045,27.5910277847576,27.0668588867251,28.4632430461589,41.8102957844026,25510.9478118294,22985.1076662449,1015.33174416515,0
2333,2444,6.03174619261268,3107.6620148943,26.9361576444398,16.1314240387975,16.6848345589719,24.84128493117,21979.0344321807,19670.2912680205,771.889464630018,0
2333,2445,6.37313389385523,1598.40042832045,27.5910277847576,26.4186632179039,27.7605083969116,40.8031728208117,25517.4000961732,22958.4750887831,966.654296906372,0
2334,2446,5.99598800150071,3184.27904093664,26.9855968973705,15.8642055506741,16.4005802825902,24.4276196198423,21978.9295519646,19678.0952003109,704.134618165551,0
2334,2447,11.2384716278479,5677.46896146211,27.1178581188197,10.7356965653325,10.9750881221199,16.4966975413934,33940.6118969422,16125.3230106507,-974.255170182564,0
2334,2448,6.52470858711787,2031.60779632045,27.5910277847576,22.0442324505748,23.0320274265824,34.0104452512701,25518.0524175553,22960.9783401482,1001.67873113715,0
2335,2449,6.11049181803056,3096.21909293664,26.9855968973705,16.1792612618443,16.7362886370432,24.9154951442411,21989.2343712649,19674.0591191136,725.941254128539,0
2335,2450,11.3708422132695,5984.22944374993,27.0361771335151,10.3683194709622,10.589124323458,15.9293066074645,33953.6091286794,16132.9778007498,-995.809725983649,0
2335,2451,7.54999894969937,2055.65000244322,27.6652244759378,21.8667135930723,22.8416891676811,33.735220402663,29514.2146018035,18871.8497580633,1108.01189225388,0
2335,2452,6.70022838026469,1816.01730832045,27.5910277847576,23.9752764227098,25.1161395638453,37.0081090364904,25540.5366129526,22949.6555214639,950.956720466459,0
2336,2453,11.4055895687454,5937.09568543953,27.0702174777912,10.4238380945095,10.6475326417858,16.0150740679171,33942.7944126346,16126.9264174844,-1010.61961097811,0
2336,2454,7.57547612369701,2380.44539844322,27.6652244759378,19.6309806518634,20.4367178086532,30.2668107408554,29557.1401558903,18868.9025068559,1148.99091590399,0
2336,2455,6.46463318117017,1779.92096908727,27.5983297920167,24.3431087863339,25.5138402685716,37.5793150720565,25508.3495501259,22990.6450324327,957.626700278357,0
2336,2456,6.95847535703541,3943.42839136348,26.7000245600644,13.6586959323277,14.0554275463876,21.0136617784417,21407.0007584001,18741.6054447756,1017.07366581424,0
2337,2457,7.5087215679905,2300.13860244322,27.6652244759378,20.1289468955409,20.9716210874863,31.0391201535033,29535.0473562931,18879.9711459661,1119.76562275452,0
2337,2458,6.72056756096535,1813.18022908727,27.5983297920167,24.0051742978555,25.1485546596953,37.0545620988314,25507.825236161,22978.2519603693,983.808422709895,0
2337,2459,7.1640771938381,3088.09273336348,26.7000245600644,16.1743314138383,16.7283251286712,24.9071145399787,21356.0508718555,18751.8275830351,1014.84236976723,0
2338,2460,10.9225496614557,6596.60560824235,26.999137620879,9.73244286963096,9.92285172352316,14.9477224345557,33940.8067184805,16140.4816092161,-988.007335474411,0
2338,2461,6.78727283263603,2528.45255308727,27.5983297920167,18.7802596355717,19.5232354049391,28.947501644871,25513.6567014835,22982.4062371715,933.537587643197,0
2339,2462,6.65995815580218,2159.47300108727,27.5983297920167,21.0718103801084,21.9847941755166,32.5015393658076,25527.1454829184,22999.2103993005,923.519479109787,0
2339,2463,11.2900991753391,4126.50817146211,27.1178581188197,13.2806420888038,13.6583086608294,20.429804836983,33929.9998652149,16115.9067373844,-997.084578182319,0
2340,2464,6.72899797592115,2037.38197322982,27.3447799040215,21.9500474124077,22.9272748788009,33.8633806579037,25523.4704837261,22963.7242082207,958.760507938427,0
2341,2465,6.53031780538348,2173.92114722982,27.3447799040215,20.9228475701669,21.821320271387,32.2695524230996,25516.148158081,22978.2523977341,970.984880160272,0
2342,2466,6.5992293248402,1985.33453522982,27.3447799040215,22.376296904905,23.3867042484058,34.5248998208301,25497.2533718452,22985.413095232,954.208394506239,0
2343,2467,6.51564291023326,2910.07411922982,27.3447799040215,16.9489512697493,17.5609904013266,26.1086444497699,25543.3681150227,22961.8726175095,985.164627396168,0
2343,2468,8.7964605719852,2568.09895356053,26.5938648383277,18.4200921315098,19.1262137827038,28.3861163738309,32053.6329097773,11926.8511569991,-1389.85006423161,0
2344,2469,6.73098049250695,2720.50925151985,27.3468609480988,17.7819244295716,18.4513789199223,27.3993110346552,25520.8837349763,23019.637623074,949.628526668768,0
2345,2470,6.49465639742103,2442.01250751985,27.3468609480988,19.2196366007251,19.9915874292511,29.6279441961843,25501.290187561,22971.6760297679,979.638961122567,0
2345,2471,8.76062244977802,2528.69443956053,26.5938648383277,18.6258556616066,19.3465503313951,28.7050487968903,32065.5973770451,11989.3689385905,-1364.92858220732,0
2346,2472,6.63724468161737,2334.50360151985,27.3468609480988,19.8591132837276,20.6779570231812,30.6195752874779,25493.6292471712,22972.3641489905,934.507962833693,0
2346,2473,8.68255883550318,3229.82607156053,26.5938648383277,15.6619564402377,16.1816242471217,24.1134793920265,32061.74988893,11981.8348235221,-1289.49676126414,0
2347,2474,6.47943988838381,2900.43964551985,27.3468609480988,16.9891278072245,17.6039205001103,26.1708923975704,25512.6053249625,22987.0333797377,979.250648435394,0
2347,2475,8.75921383305046,2239.47103356053,26.5938648383277,20.3397192553593,21.1850015938358,31.3624193947234,32071.7269795416,11976.6033897149,-1419.5619619935,0
2348,2476,6.55987464455306,2542.71537951985,27.3468609480988,18.6662165157564,19.3982193753079,28.7699368833107,25525.4718441373,22983.0770628349,983.451336412567,0
2350,2477,6.22306080327863,3195.44437821782,26.7777449151687,15.8010138842955,16.3313623613909,24.3292460995388,21908.2270151166,19986.0724082823,858.062283637944,0
2351,2478,6.29687214311675,3984.81216621783,26.7777449151687,13.5690663177211,13.9611027824442,20.8751917875663,21891.3456791926,19978.2816942221,818.172245010454,0
2351,2479,7.51257066837211,3808.81542072918,27.3286401239742,14.0468396522126,14.4716950274683,21.615456586063,28940.7802697052,24048.050357678,1174.79964862042,0
2352,2480,6.46002013872191,3970.75957821782,26.7777449151687,13.601745127676,13.9957084459057,20.9257369699388,21880.0864510245,19994.0521572688,836.501490056943,0
2352,2481,7.56886146387537,3763.70617272918,27.3286401239742,14.1622065653779,14.5940796081999,21.7939566981245,28937.1234298336,24083.794576742,1154.3217647389,0
2353,2482,8.34414095181397,7717.98811212433,26.6300263558408,8.78739016452302,8.93426383391868,13.4893181629367,33824.2184236203,14420.9186829905,-1370.81838509767,0
2353,2483,6.21417527722382,3759.50821221782,26.7777449151687,14.1194059388688,14.5442972933155,21.7265277532124,21904.6754897872,19984.8903518187,852.68889784199,0
2357,2484,7.49769252382161,3767.5461597575,26.639867188167,14.0852903540448,14.5070169939015,21.6734426301375,20890.0590188647,20919.5898107253,1239.03510431708,0
2358,2485,7.60512414758984,2671.9949457575,26.639867188167,17.9110766126642,18.5820198288049,27.597385871657,20902.6107002327,20907.4491895601,1180.64635421479,0
2359,2486,9.93025807056758,3658.04631228156,27.417362281235,14.451345716134,14.9016861040598,22.2415659391437,32130.7871224407,20929.3847666135,-1094.60807560128,0
2359,2487,7.64520952254236,2619.9254817575,26.639867188167,18.1649434505034,18.8536204281297,27.9908099337361,20905.4889382535,20917.0381435713,1197.5650479932,0
2360,2488,9.91568729035125,4103.15009908818,27.2836195764966,13.3465494678472,13.7292841050654,20.5320713076153,32130.9825397552,20932.6594572846,-1127.37387804592,0
2360,2489,7.57297275925681,2416.14455950483,26.2618791773025,19.1938356840628,19.9512815561034,29.5844577157024,20869.8383568803,20910.2153697459,1209.41890039098,0
2362,2490,8.14331299477482,2464.60175950483,26.2618791773025,18.9209123694622,19.6588019102247,29.1613650083562,20879.3899112066,20901.2169724582,1105.42600388442,0
2364,2491,7.22504571417776,2687.07214992792,27.0351914189815,17.895699859731,18.5698100701725,27.5747246991695,23915.838153437,23796.5126362094,1147.68128824177,0
2365,2492,7.20452509107676,3501.13108392792,27.0351914189815,14.8559201144014,15.3282800372042,22.8668249619799,23918.8706841793,23761.5217652157,1192.0120006837,0
2369,2493,7.95279651038986,2627.78471134391,27.0430147364129,18.1850614773227,18.8795518817563,28.0232020851568,29997.8764281303,16266.1979338365,1267.73492004915,0
2370,2494,7.83500014782543,2622.40093508982,26.8436327293317,18.1826099266802,18.8747583050344,28.0188046558907,29966.8620103087,16269.9702864703,1178.13638717015,0
2375,2495,8.49484850755327,3724.28824285432,27.3928522058973,14.2713771429682,14.710436662576,21.9630199055192,31363.015428294,19276.1909536571,-1471.50103344843,0
2375,2496,7.85899100013077,2186.64280131347,25.2694139510374,20.4560349720871,21.2928817265474,31.5381100419815,26542.7541033594,9681.59369229896,1181.44896394832,0
2376,2497,8.38002645929127,3294.8986308202,27.3897882452238,15.5358454353268,16.0545604979179,23.9202063012886,31370.0429761831,19287.1720719762,-1515.56352693694,0
2379,2498,10.0168267136374,3980.98868087347,25.8576779896214,13.4930209593823,13.873534272575,20.7556303970596,31409.5538517898,11097.2024692628,-1086.60018133854,0
2381,2499,6.26891390834459,2885.49541915492,26.0222511649103,16.8766815665454,17.4705292665716,25.9930260815774,23862.996516351,18610.7073922219,871.119502232872,0
2382,2500,6.21621330663125,2841.66367915492,26.0222511649103,17.0600681175805,17.6662154013652,26.277083730107,23885.8054834906,18634.5632694792,842.53352645796,0
2383,2501,6.1735461025982,3237.09645715492,26.0222511649103,15.570816579866,16.079362254185,23.970928095089,23876.4043980009,18614.9095149947,866.794911378242,0
2383,2502,8.15381721712385,3235.5684598026,26.1821035456387,15.5946191057526,16.1061676732547,24.0081845262235,21604.9616393525,22864.3786734227,1240.8862650343,0
2384,2503,6.50357214586276,3214.36562515492,26.0222511649103,15.6473498639783,16.1607808174673,24.0894064843941,23882.9078094277,18632.7406937787,839.932521761018,0
2385,2504,6.32969829989336,3258.65991115492,26.0222511649103,15.4991109820664,16.0030928406768,23.8599269309365,23867.9254646574,18624.979110549,861.706173653447,0
2386,2505,6.21860050669325,2618.69448115492,26.0222511649103,18.0796286007,18.7555140740149,27.8567128397703,23862.5172355993,18621.2676882829,838.082862905743,0
2386,2506,7.83903925275605,2757.4060258026,26.1821035456387,17.4499468137309,18.084198638114,26.8815275029204,21591.8379796305,22841.0103444292,1245.90021237566,0
2387,2507,6.49462120904241,2675.82992515492,26.0222511649103,17.8035193455886,18.4602965812236,27.4288687692966,23872.787709445,18639.6980790581,796.02643881657,0
2387,2508,7.79004138942094,2520.6926038026,26.1821035456387,18.6047650827781,19.3192716055375,28.6710647452997,21619.2829896245,22850.580532751,1250.90574497992,0
2388,2509,6.55851742631359,2900.12068315493,26.0222511649103,16.8166204755196,17.4064565856734,25.8999987090595,23877.69331703,18617.7151481368,826.694448282896,0
2389,2510,6.24506659390457,3478.72167715492,26.0222511649103,14.813636323861,15.2746524065135,22.7989856835383,23851.6495942475,18646.9797292136,866.916505364848,0
2390,2511,6.49531003705278,2764.61113778972,25.87490821475,17.3747061231176,18.0005605903955,26.764059830183,23835.7471929341,18641.1768096515,861.103059378962,0
2399,2512,6.55265591219366,3859.63572952232,26.267867578339,13.8191044863719,14.2219574513162,21.2608503933658,22236.7982582101,22213.761782742,964.46004355314,0
2400,2513,10.0135575690215,4137.51966560804,27.3379107634998,13.2758378902616,13.6548283927608,20.4228169886829,27895.6639914758,23554.572811396,-1091.68184073556,0
2402,2514,10.0448178233406,4365.55931632691,27.3720124169609,12.8049045264176,13.1569276324999,19.6946316207103,27861.8148564746,23550.1465376633,-1113.28621779664,0
2403,2515,9.90277800912441,4607.91139432691,27.3720124169609,12.3475592985834,12.6737996087941,18.987568003402,27882.3873288036,23562.0536133886,-1166.06138593775,0
2409,2516,8.12838954067657,2878.92239007297,25.6025257212211,16.8476336391139,17.4352070810268,25.9468405708049,27207.4951438613,13389.9574550994,1243.10972499787,0
2410,2517,7.46313896350359,3849.26303792166,25.6103179922571,13.7811161990647,14.1764761806604,21.2006453231498,27023.4837386111,13463.6472161681,1188.19828158416,0
2417,2518,7.08576707810028,2299.58707638327,26.0625865392727,19.8594979745156,20.6627770259146,30.6158715504997,25663.9758283809,18882.3361116688,1098.837478949,0
2418,2519,7.28391461534348,1795.65468719547,25.9879040655134,23.8178702897798,24.9224804540182,36.7571819993325,25597.3987848998,18771.5886489794,1125.97920727677,0
2419,2520,7.21310131419424,1851.90909119547,25.9879040655134,23.2747651437754,24.3364439823368,35.9141241682316,25606.55785752,18754.7814366622,1101.38809026186,0
2420,2521,7.31838859772907,2478.93221120849,26.1005569539576,18.8166225652874,19.5452025156995,28.9991861536619,25564.6769487419,18755.963479882,1138.01189863906,0
2421,2522,7.04281584763965,2217.24130520849,26.1005569539576,20.4003510513504,21.2438908000704,31.4547336207,25611.008768947,18729.1704587099,1131.38398997966,0
2422,2523,7.32900180202793,2777.97921320849,26.1005569539576,17.3468248834692,17.973186764216,26.7215279000789,25580.6920986612,18795.0548141054,1168.18565051955,0
2423,2524,6.03129059903137,4331.8723936594,26.3357114088516,12.7857584099221,13.1294148075092,19.6630223504618,24024.2884807526,21305.3296480477,598.434789299041,0
2423,2525,6.56074946477946,4790.56446982786,26.6938943719288,11.979970689304,12.2816250068972,18.418203017524,25825.2328142754,21187.2165696056,796.361921840174,0
2424,2526,6.45021569803397,3339.50996120458,26.6621610202469,15.309702913029,15.8074549375246,23.5683253481653,25787.3824106932,21118.2427594883,774.831622705404,0
2424,2527,7.00493282401597,2399.35227320849,26.1005569539576,19.2643615262003,20.0249574864298,29.6932640147236,25551.9922529868,18792.2748202563,1179.38554842458,0
2425,2528,6.37716577769077,2856.1462771673,26.1337028363231,17.0139120367755,17.618110299348,26.2059058390437,22602.6987254981,22101.0411311625,828.633372366562,0
2425,2529,6.44425600814608,2787.42827120458,26.6621610202469,17.382525689209,18.0172207004053,26.7784628784175,25794.8984545565,21152.9527840179,798.866960290469,0
2425,2530,7.39408307673738,2790.24769520849,26.1005569539576,17.2927281283193,17.9154160188177,26.6377217795528,25598.8941571033,18733.094780659,1148.06239088777,0
2426,2531,6.47627142450817,2997.78022582786,26.6938943719288,16.5146060146861,17.0910382790133,25.4340790724139,25810.4002033576,21171.3014123202,804.415768339266,0
2426,2532,7.15337627612977,3162.90558920849,26.1005569539576,15.8337008053303,16.3598302304842,24.3781108252444,25587.2299270851,18741.8659997638,1198.3094278497,0
2427,2533,7.3449235812854,2883.37362320849,26.1005569539576,16.8958751474623,17.4918108561354,26.0229766380123,25600.717626053,18757.3266153973,1157.78953205472,0
2428,2534,7.08526971495985,2495.67197120849,26.1005569539576,18.7258004672943,19.4479345112702,28.8584086153558,25576.3913869554,18741.0967855297,1135.45607069075,0
2429,2535,6.85659548697119,1585.31536520849,26.1005569539576,26.1978224435656,27.4971814588689,40.4534207805844,25600.2669823881,18757.5741849913,1136.88596772201,0
2432,2536,7.17079520133156,3994.45333701415,26.313822213376,13.5042500782326,13.8889407051415,20.7739675943053,22212.2455290505,22845.6585225208,1074.74497963687,0
2433,2537,7.0909668444412,4311.64976301415,26.313822213376,12.8242417116311,13.1699089259081,19.7224744539565,22240.0910042257,22852.8472408483,1103.71833737058,0
2434,2538,6.81868798294277,4125.10577966119,26.3023654493374,13.211792110859,13.5794461767563,20.3216719110628,22223.4789369023,22833.6674499057,1100.30250887924,0
2439,2539,10.9856393169715,5679.50057300447,27.1358582139792,10.7342847075893,10.973704514386,16.4945445485942,33034.0709466113,17069.2874191587,-886.108880088861,0
2440,2540,9.78503855262123,4891.75560195472,27.2221121484332,11.8528371775007,12.1509926101074,18.2226637544785,32245.2251225532,18732.3522637304,-1137.68476536619,0
2441,2541,9.56004384006475,5166.97047195472,27.2221121484332,11.4297527799749,11.7053711471893,17.5689277918479,32245.8663193232,18724.3741891078,-1216.00273247091,0
2442,2542,9.61746279718415,4220.67104619898,27.2264931099587,13.0882826380958,13.4555636001992,20.1325407532315,32274.2157657784,18742.8983971502,-1153.19791529334,0
2447,2543,9.24073413772166,3634.15825091497,26.8551919597061,14.4599868531704,14.9062720554024,22.2536739586463,33612.4789907657,16077.1793125206,-1327.69730043893,0
2449,2544,9.42793159597291,4034.92132091497,26.8551919597061,13.4611974558124,13.8474778341247,20.708514640821,33640.1265107167,16082.417440209,-1270.73984618833,0
2450,2545,9.27022154060987,2818.51009865369,26.7756015083144,17.2615576570006,17.8891564892529,26.5913688003396,33595.8470167587,16115.2782589376,-1255.60464799103,0
2451,2546,9.02778127865442,3061.01954790484,26.7274914209729,16.2780286915788,16.8391133471325,25.0677744449993,33657.1104887745,16080.8561911091,-1293.93307183821,0
2452,2547,7.53045463201618,4156.59525617123,27.1659954680431,13.2195073783366,13.5939637962112,20.3353548344237,30935.3565795656,17837.8270856065,1229.49880688083,0
2453,2548,7.44546527683236,3852.65848217123,27.1659954680431,13.9216784676752,14.3377020310763,21.4214666808927,30959.5446761735,17805.0649196685,1192.03757854251,0
2454,2549,9.50493094292379,2909.61282390484,26.7274914209729,16.8705383285175,17.4711294044439,25.9854814197861,33651.9941982213,16065.9355585733,-1267.10725816676,0
2455,2550,7.69147561417456,3231.23894417123,27.1659954680431,15.7234430246282,16.252308398579,24.2101167745295,30942.0694326467,17807.8254021427,1166.43929138023,0
2456,2551,7.60530227911497,3527.18028017123,27.1659954680431,14.7936132480665,15.2631754754189,22.7706948225896,30935.1244409069,17784.1703534471,1203.33858536544,0
2457,2552,7.42349626638465,2884.26336617123,27.1659954680431,17.0329848686681,17.6489629569671,26.2383413320794,30923.5235025658,17798.7177843743,1231.22349470593,0
2458,2553,7.33058221269616,2250.92776217123,27.1659954680431,20.363906459613,21.2180852994473,31.4018914039768,30949.0920600373,17814.9527228395,1128.43597931831,0
2459,2554,7.32001740550763,2395.22008817123,27.1659954680431,19.4621638834051,20.2497030064925,30.0034233282794,30919.6669476824,17818.5331790053,1214.61074285367,0
2464,2555,8.37349250085516,3315.74570769125,26.726118718153,15.3931174227988,15.8967525901868,23.697610177594,29902.6180228294,14489.9766290942,1152.80613558147,0
2464,2556,7.96705839879248,2578.35013926671,26.1405279310418,18.2992463269392,18.9917807216314,28.1974204296558,20744.4998083137,19177.3669701304,1269.16843758281,0
2465,2557,8.01220486582818,5315.26598769125,26.726118718153,11.1851573499353,11.4451226328176,17.1902620528304,29945.349258304,14515.7339924426,1149.88766694832,0
2466,2558,7.96483259983685,5371.21202769125,26.726118718153,11.1083352032282,11.364363785907,17.0716015844294,29938.1405825842,14520.3167633439,1163.35490792612,0
2467,2559,7.91166749462545,5467.6411295622,26.7722937796742,10.9821599770936,11.2320319851228,16.876794992556,29927.3647551767,14545.4279843551,1192.90875378862,0
2467,2560,6.94903338044129,5654.14015362266,28.0790497714606,10.8235091616601,11.0725830615773,16.6337652645661,25710.0553873645,24378.1112215098,1021.28521784578,0
2468,2561,7.00179637882753,4426.82940762266,28.0790497714606,12.7418500598783,13.0950897217525,19.5984636519466,25707.844335686,24384.9963614497,1030.81503388496,0
2469,2562,6.84724129728254,4444.84667562266,28.0790497714606,12.7069115323678,13.0581481200098,19.5444389317271,25727.012093717,24362.897206214,1098.03398717816,0
2470,2563,6.86189865293173,4618.54293771578,28.1102790227024,12.3850192434238,12.7181813765164,19.0468080394202,25739.4404644335,24335.7644593104,1052.43917520294,0
2471,2564,6.97780664158246,3258.76782771578,28.1102790227024,15.7376988714757,16.2759298342446,24.2345146260573,25725.8492464606,24367.6694107431,1057.52923444015,0
2472,2565,6.53984357815206,3626.42581971578,28.1102790227024,14.6077908941627,15.073458021199,22.4852242022873,25748.7797170542,24381.3991560415,1104.28092421893,0
2473,2566,6.71310018577682,4046.94621171578,28.1102790227024,13.5458715558432,13.9464489218651,20.8420461461272,25734.7043068026,24371.3948000845,1061.9820674194,0
2474,2567,6.75168251505401,3454.73314971578,28.1102790227024,15.1082191577915,15.6056194961848,23.2598611596221,25716.2515872047,24357.3397377764,1045.50258486554,0
2475,2568,6.88684651686938,3347.86299771578,28.1102790227024,15.4431876020092,15.9621911413031,23.7784745652321,25725.7371293658,24368.1785632689,1071.72958370598,0
2476,2569,6.90122384194123,3182.33760771578,28.1102790227024,16.0023068101983,16.5579952351908,24.6443007106865,25728.4342576971,24368.3562021501,1060.96851429179,0
2477,2570,6.6671279171789,2709.04291971578,28.1102790227024,17.942431827068,18.6310847929225,27.6502543487985,25723.0682135269,24380.3014295143,1099.07015388534,0
2478,2571,6.96924128205394,2724.28491171578,28.1102790227024,17.8703341568161,18.553897491842,27.5385079387175,25732.7628561377,24373.013558017,1100.80773234081,0
2479,2572,6.4769644626029,2938.84017771578,28.1102790227024,16.9288021030176,17.5469279504964,26.0794832913751,25731.8509909493,24366.6871972585,1091.81022188511,0
2480,2573,8.19341878317823,4751.82919691855,26.1075931407758,12.0006532746797,12.2995895505979,18.4491072179778,20614.6312102672,18865.2439481577,-1508.97882281625,0
2480,2574,6.77542909735778,2162.46318114774,28.0767697950427,21.1365983513672,22.0605043586732,32.6037099792147,25733.5751615839,24377.570210313,1073.98867593798,0
2481,2575,9.40341799810104,5533.81678888821,27.4849476555224,10.9407614506075,11.1925588333745,16.8139676778776,32480.4411415832,19957.0560635333,-1153.25420363671,0
2483,2576,7.1243642058822,2648.68713114774,28.0767697950427,18.2306514045542,18.9394073373959,28.0969078826146,25731.4080208846,24370.3246007718,1060.57122802627,0
2483,2577,7.82072707666917,6562.3025423339,25.930063273831,9.70888203577968,9.89298519805597,14.9099196844719,21427.3559702147,17653.2871403928,1223.08297574682,0
2484,2578,8.74541517965984,4310.08708118034,28.1800719229805,12.982883022874,13.3507386397715,19.9713874731301,27366.1864982819,25587.9729120957,-1354.0243098213,0
2485,2579,7.47773205983865,4530.9326663339,25.930063273831,12.3735239447366,12.6914576079382,19.0250152981012,21444.9599208441,17620.5492770497,1163.06862589676,0
2487,2580,8.01557616381732,5839.89368485011,27.9818700317971,10.5905298317001,10.8272931687574,16.2737994234656,27877.4649558871,24888.6246907902,1236.31432388011,0
2487,2581,9.43145202371741,5606.01801688821,27.4849476555224,10.8479451407248,11.0950178955023,16.6706110932615,32453.2276512588,19958.1295628766,-1169.27760146531,0
2487,2582,7.17313544494628,4973.15698914774,28.0767697950427,11.78369469804,12.0833776583683,18.1172646325701,25751.8124972186,24398.7376685901,1069.50751474386,0
2489,2583,7.38794464382366,6546.91820827815,28.0603862922842,9.83517411643198,10.0354673353005,15.1076809500908,26750.300124253,24548.7695704395,-779.902255625142,0
2489,2584,9.64320479336825,5234.39534488821,27.4849476555224,11.349731993414,11.6227038130292,17.4457281976486,32439.6724779994,19957.3502234258,-1205.53831787083,0
2489,2585,7.60761896122786,3646.6548443339,25.930063273831,14.3317272238426,14.762503617883,22.0531025854139,21443.7260264321,17607.793725489,1161.75174237864,0
2490,2586,7.86710542146488,4709.96039972196,28.2480963628522,12.2331794626657,12.5587059152566,18.8123158883524,27875.3080248287,24883.0620067315,1264.61830499134,0
2491,2587,7.45791783208516,3180.74566033,26.1172506122127,15.7736954889052,16.2961194697385,24.2852531660479,21428.8769772313,17632.8867242573,1169.92436893294,0
2492,2588,7.41039856548801,3749.78737033,26.1172506122127,14.0794105728189,14.4965583823949,21.6631821840138,21424.7611063,17647.8534752194,1267.15575698716,0
2494,2589,8.65508830498689,4750.72842341673,25.791008838832,11.9784083997844,12.2740567507296,18.4141549533188,20696.3792351927,17244.6739419131,-1501.09344290023,0
2495,2590,7.17619418036403,3723.53596828068,28.4253782859983,14.3738605424812,14.8273863319976,22.1238537644899,25395.1631528686,24439.2391836762,1246.14610757051,0
2498,2591,6.48595123784463,3055.25704355539,28.0210967315062,16.4581411940693,17.043467607034,25.3501105375638,28567.1940587095,24688.3563025096,660.767889420084,0
2501,2592,7.4706179033642,4033.08431414132,28.0753691662824,13.5745808460561,13.9766211186139,20.8863881932007,29224.8063575818,23817.5541700212,1229.80112225546,0
2501,2593,9.55582861403028,3096.19764918055,28.5343150416098,16.3653569886203,16.9491621593836,25.2076869990647,23098.2185382805,24363.8015545667,-1235.81410390864,0
2503,2594,8.47837090153122,3389.3514300788,27.6751020058274,15.263761394553,15.7674434969177,23.4996459850974,30900.288442678,21015.7586845784,1133.95459103014,0
2505,2595,8.98210994150207,4098.42074742379,26.7988000152609,13.3141525995944,13.6914209253418,20.4809821502729,31478.6163581788,14182.8235822004,-1416.524927799,0
2505,2596,8.31796916496459,3031.4393766052,28.5834602945864,16.6181707342948,17.2195587159346,25.599457090513,23283.66723492,24398.1091146632,-1343.57625443994,0
2507,2597,8.33362328759179,4319.23843000667,28.8943686685183,13.0225599240303,13.3976063316259,20.0340937889578,24543.2975643765,25144.2659842216,-1436.99657472884,0
2507,2598,9.15825129001274,3604.25017025504,26.2734716925429,14.4827014140638,14.9255364501036,22.287487707342,31627.4028412646,11598.5938728699,-1299.21854324679,0
2508,2599,8.47140047512115,2606.90348946271,26.849823280051,18.2609535899169,18.9586839117185,28.1402460553735,28908.6166018779,16381.8877067384,1270.8370120141,0
2508,2600,8.33767601695842,4220.65005400667,28.8943686685183,13.229044507783,13.6162951231481,20.3534769731489,24541.67734272,25164.2540246648,-1437.02655441665,0
2509,2601,9.23931255876209,3670.41627425504,26.2734716925429,14.3029343802504,14.7348305318712,22.0093442118579,31602.4176295291,11600.633818271,-1225.29917255481,0
2510,2602,9.28805843523628,4543.08704660803,26.0268125690023,12.3591346070403,12.6769489050811,19.0029599070886,31626.2248135745,11599.6836820983,-1276.52765998906,0
2511,2603,9.55973726395539,4001.75404460802,26.0268125690023,13.4611245645587,13.8410968411391,20.7066645872836,31605.307102644,11624.0260800262,-1217.0217673998,0
2511,2604,7.5448820724275,2149.55077480713,24.1558664974385,20.501529819424,21.3266564322562,31.6045065924654,23731.8034605025,9906.35583467809,1261.96136538429,0
2512,2605,6.24848188010676,1432.27842829834,26.8473487173656,28.5384853318358,30.047630252439,44.0937500713303,22665.9022376186,17578.1470715144,938.156909461331,0
2514,2606,8.76223592915655,4157.94426667399,26.0887656087142,13.122330001835,13.4832655202525,20.1829003373798,31557.4752428728,11876.1559346532,-1357.82162932798,0
2515,2607,8.99278846227733,2974.80292113219,26.1082691940175,16.5294180294159,17.1010464352098,25.4554254466269,31514.27349598,11895.1250524875,-1342.92617932716,0
2526,2608,8.3306542650753,3205.47755780417,26.1318230021096,15.6904941601739,16.2077122077821,24.1564811415272,30686.5856064284,12705.7475819449,-1385.41186655582,0
2527,2609,7.02043376588417,2160.74863941325,27.9770256462838,21.1310304945405,22.0532715981046,32.594728932486,26148.4794349201,21251.4485228563,999.406467409348,0
2527,2610,8.80755049003363,2570.41322550808,26.1038265779725,18.3341169215554,19.0286801643715,28.2513481553685,30741.986913416,12671.5413779645,-1468.68837397304,0
2528,2611,6.69059561524589,1984.82697741325,27.9770256462838,22.506545877695,23.5356457355906,34.7294043481671,26153.4726562731,21242.0860191095,1035.51519292165,0
2529,2612,8.34851256936597,2442.16652780417,26.1318230021096,19.0251510865219,19.7689620391679,29.3225318625124,30711.4512687584,12651.4943321657,-1404.17737459504,0
2529,2613,6.69434458477348,1906.59719244634,27.9189938984121,23.1823306320713,24.2642053978836,35.7782422179895,26157.9724616601,21245.8388960343,1033.30712011523,0
2532,2614,7.14828506893321,1984.30311800617,27.4003737123133,22.396078820201,23.4087838881756,34.5558098686648,25385.9462016506,19372.5897004802,1122.0757433427,0
2533,2615,6.90882885939809,4707.31521877644,28.8948917128331,12.2857457421941,12.6183040857585,18.8947060337748,25652.9285007124,25025.3142447515,1226.2943768287,0
2537,2616,7.39940697358191,3033.45506168794,27.0505901839998,16.4220534964682,16.9957832374952,25.2916847288347,21241.3363892303,18327.884150645,1190.07348981806,0
2541,2617,9.00799666075404,4901.75097415865,27.0512764533906,11.8243918468088,12.1199425669409,18.1784104441986,20552.8514095309,22083.3112272459,-1350.97279416304,0
2541,2618,8.0979883867684,2045.43037155481,27.0343783634339,21.8258060187938,22.7893090042104,33.6694446359845,30236.3721248221,15668.3863757483,1196.15113725355,0
2542,2619,7.94903105959123,1896.06579456854,27.0667355940918,23.0996050330726,24.1630515350859,35.6465405103998,30280.1543495738,15665.7741631127,1207.55623362127,0
2543,2620,7.95732473564623,2182.05137856854,27.0667355940918,20.815435649837,21.7022810771558,32.1019537269411,30252.3616193278,15683.3541293586,1235.46863285504,0
2543,2621,6.92795677007084,2288.97851217674,28.6881298982021,20.3728557045743,21.2459298298129,31.4208020420191,25928.7191945459,24086.09760675,1115.04656077134,0
2545,2622,6.39164125619127,3437.22095565996,26.6912816690549,15.0096144298763,15.4886641010661,23.1038939761964,24466.8868325105,17465.4611663294,888.413793255288,0
2546,2623,6.3624950596712,3055.02580365995,26.6912816690549,16.2959841604938,16.8579057739622,25.0954854959896,24452.5587137526,17469.3904054257,902.489552135141,0
2547,2624,6.25593479818052,2008.19610165995,26.6912816690549,22.0569274563569,23.0336491611609,34.0268156024426,24479.8861332459,17456.7983516326,849.524545648296,0
2548,2625,6.42143142376491,2280.56961765995,26.6912816690549,20.0884701702832,20.9163444195211,30.9730892774443,24451.0511727805,17477.0617401505,875.864761399216,0
2549,2626,6.29133866036758,1959.89308365995,26.6912816690549,22.4591236551654,23.4670434366798,34.6509744602398,24498.5472081247,17467.2298021065,875.884635442921,0
2550,2627,6.41679945102975,2472.21026737545,26.6181396922771,18.9351704921576,19.6782124803642,29.1846069020756,24477.9007062341,17468.3011661795,838.649672933642,0
2551,2628,6.5809340798536,2083.18705537545,26.6181396922771,21.4531612335659,22.3825653545897,33.0897134684292,24470.2891254544,17470.551363187,890.763605930665,0
2552,2629,6.27735489821719,3211.40282737545,26.6181396922771,15.7274396508203,16.2515531763702,24.2149247620976,24472.7716977537,17459.1529972343,884.336949708508,0
2552,2630,6.71597460406035,3016.77431514937,26.0962816312163,16.3660308411043,16.9267689950758,25.2023647422043,22919.854112384,16043.3455952601,945.213379057745,0
2553,2631,6.39752911023424,3234.99267337545,26.6181396922771,15.6473244090483,16.1662730906188,24.0908872593429,24470.7904460382,17466.6411882497,881.800166193219,0
2554,2632,6.22918246413226,3059.26924537545,26.6181396922771,16.2710609478036,16.8306351979059,25.0566944250548,24480.5888144112,17481.4005031301,890.687282979564,0
2554,2633,6.35288517383676,3398.48489514937,26.0962816312163,15.0624357464573,15.5395656268385,23.1842072405574,22913.7847577816,16039.8995447914,951.323889985513,0
2555,2634,6.42824018034891,3225.56554537545,26.6181396922771,15.6792126577704,16.2002151935722,24.1402573490082,24464.7415551415,17475.2864500715,845.68191418914,0
2555,2635,6.91118289383966,3294.83053914937,26.0962816312163,15.3892321427034,15.8869230961666,23.6900265966229,22921.1875497226,16077.4455850832,990.641609108642,0
2556,2636,6.5290139739639,2880.59433337545,26.6181396922771,16.9761306374125,17.5827407742238,26.1487464692887,24467.3169840548,17486.7208530716,878.673027780294,0
2557,2637,6.68743747805261,2941.20988537545,26.6181396922771,16.7281592706605,17.318095753826,25.7646380871075,24478.0312094294,17463.0407774867,850.304813505313,0
2557,2638,6.54000272576276,2610.65281067636,26.0853079673747,18.1287852919317,18.8087944993624,27.9330823167297,22884.1781540015,16035.9141193275,959.374248943844,0
2558,2639,6.35257166221325,3083.31612127143,26.5691253814246,16.1758732973932,16.7287180391002,24.9091579061394,24467.2900793103,17452.4477540003,850.38370138148,0
2562,2640,8.68202637862152,4356.67777370291,26.5733584532632,12.7565290638622,13.1002260627806,19.6182987882738,20209.9765789088,18899.2442290428,-1501.08401304856,0
2562,2641,6.84898697604974,2788.62304160226,26.200101031787,17.3136243338682,17.9387805328632,26.6703829642151,22883.2825878746,15970.3420383095,955.833631864391,0
2563,2642,8.42182665042084,4148.95056770291,26.5733584532632,13.1842234633463,13.5522996625913,20.279595109939,20220.3650914007,18911.318642557,-1430.02155271854,0
2563,2643,6.37894394693658,2709.31147657497,26.6808198639226,17.7404749595767,18.4000144939537,27.3331416633034,24481.0902272183,17471.4749549191,852.907631590871,0
2564,2644,7.09455294460971,3561.33521746167,27.9039845131274,14.7712667362681,15.2455441077455,22.7377926456435,29303.8160378348,20851.5106579308,1110.85217939846,0
2565,2645,8.56408793658066,3997.56867170987,26.6307089207355,13.5261475272499,13.9145415198178,20.8085017516269,20226.5873079102,18886.7630861052,-1477.83372423623,0
2565,2646,7.31148915093722,3607.65589546167,27.9039845131274,14.6396121608806,15.1056127440238,22.5340179217647,29328.9395750346,20843.8065368875,1073.5839669283,0
2565,2647,6.89205115827625,2479.79763758932,26.1436416016649,18.8187039171473,19.5479337768228,29.0025507321927,22914.9396046892,15933.0103839587,969.668142800586,0
2566,2648,8.93290445230921,4479.69298370291,26.5733584532632,12.5200392132321,12.8504948620299,19.2527062489401,20211.0335989671,18902.2914187218,-1472.2625733979,0
2566,2649,6.78595362501533,2703.46277585103,26.2063542839542,17.7002013500528,18.3518665764783,27.2693343068553,22897.3759381993,16020.8465866813,920.157728706657,0
2567,2650,8.33579730340793,4721.76152570987,26.6307089207355,12.0912893246913,12.3985607947235,18.5901224247934,20235.384226758,18894.7752461258,-1347.09877824638,0
2567,2651,6.03407585987439,2952.46017766427,27.6270425326993,16.8121311915596,17.4176386502626,25.8974446577701,24149.7775306819,21322.3761415533,611.760214255115,0
2568,2652,8.05077807709774,4907.24247170987,26.6307089207355,11.785111697017,12.0759050198078,18.1169807917752,20244.1747264669,18912.1429158329,-1316.25122734657,0
2569,2653,6.26634968164703,3306.26140033865,27.2367398868266,15.4813768690483,15.9952203196308,23.835501349467,23897.9602187329,19552.4673956848,810.066545497078,0
2569,2654,8.38683749071836,4072.28086370987,26.6307089207355,13.3570696048591,13.7355828063897,20.5470087362718,20265.0117016073,18832.892058559,-1339.97291708322,0
2570,2655,6.3499197448097,2889.81855990237,27.4751815929176,17.0501447792969,17.6703687456207,26.26577387935,23863.3843474024,19508.9608372515,810.077871871045,0
2571,2656,6.83939825234015,3095.69491052256,28.1984187356139,16.3272076494372,16.9053729351485,25.1477466217114,25447.5514390945,24080.7395181423,1148.98813359246,0
2571,2657,6.06250888008036,2845.35776007219,27.5693925573593,17.251564357931,17.8865349260388,26.5781050771066,24093.9429483988,19945.6539207144,689.477640620715,0
2572,2658,6.21028881477519,3458.36784691947,27.6028865748475,15.0434463967591,15.5324452464103,23.1584135724056,24144.4560336516,20003.4611230002,714.30457019142,0
2572,2659,6.63203600532178,3130.62814652256,28.1984187356139,16.1984116126714,16.7679501236161,24.948250429245,25421.3743223209,24097.4273274266,1102.03922974607,0
2573,2660,6.16639392497874,3286.03642291947,27.6028865748475,15.5891123325767,16.1131651197853,24.0032004974654,24127.3189626339,19996.1181292463,738.71035697637,0
2573,2661,6.89146070133982,2866.36019852256,28.1984187356139,17.2438493077591,17.8845204763928,26.5678678958521,25412.934933034,24061.9306681939,1164.39345603225,0
2574,2662,6.31332895754084,4206.23865091947,27.6028865748475,13.1508541670421,13.5244539081647,20.2300465633201,24141.2990298822,20000.9552098414,755.120861325912,0
2574,2663,5.73719942835847,3418.77866886686,27.4636818413626,15.1493776121563,15.643931761288,23.3220695234611,24348.1327744772,19331.0627836962,-341.681401746329,0
2574,2664,7.05821682297442,2377.91162252256,28.1984187356139,19.7324065601908,20.5517908995817,30.4258040123392,25419.9765943285,24074.067520841,1173.58195721553,0
2575,2665,9.22907292340369,3641.33584244928,26.6417110787011,14.4187115826575,14.8607041068438,22.1893204116961,33506.0635900535,13951.5487186916,-1348.91996834948,0
2575,2666,6.07061358859435,2045.47731702271,27.5050640072833,21.9165342891894,22.8932777378495,33.8119568067597,22228.6390137755,19763.5480721478,773.064686198575,0
2576,2667,7.4837717721774,4142.71447527114,27.4778819614454,13.2766917099685,13.6567468723019,20.4244171490282,31805.307757091,16725.986498575,1187.45149526135,0
2576,2668,6.27002421697601,2428.57553502271,27.5050640072833,19.3218233076834,20.10303164374,29.7868905644329,22223.0625918805,19733.6488141667,793.563136502264,0
2576,2669,9.04525681264836,3594.09007244928,26.6417110787011,14.5488848095072,14.9988659666001,22.3907487230643,33499.7894043035,13941.5688293333,-1289.91354464856,0
2577,2670,7.51002509469874,4170.88572927114,27.4778819614454,13.2156974141245,13.5921856836615,20.330083750909,31832.2865759709,16720.9111235533,1265.61484748195,0
2577,2671,6.04739792045157,2405.00771502271,27.5050640072833,19.4591748539929,20.2504314019632,29.9998738169349,22223.9017084726,19747.7471891585,775.529568054365,0
2578,2672,6.19109817136673,2377.47521502271,27.5050640072833,19.6228280397093,20.4261034968497,30.2536544950149,22245.6292810519,19776.2654094068,822.47907992372,0
2578,2673,6.68406468208036,2428.17495452256,28.1984187356139,19.4337007401883,20.2309880734586,29.9625496792272,25432.0796304219,24054.4993649512,1114.42220298109,0
2578,2674,8.03278340552779,2201.19065010695,26.470772544135,20.5756107122759,21.4369030550842,31.7278597441569,21343.7213290397,16579.416312916,1269.50545730972,0
2578,2675,6.93854387843197,4552.30462943678,27.3830958005664,12.4495100543378,12.7815153835088,19.1451905774157,31686.1619597102,16081.2797263676,914.572960664842,0
2579,2676,6.86566299324833,4397.21956343678,27.3830958005664,12.7435021287404,13.0921023597662,19.5997131840575,31676.5685015753,16076.5234777376,1014.69893591131,0
2579,2677,6.24988860596073,2424.72098502271,27.5050640072833,19.3441180111494,20.1269549183118,29.8214610171814,22248.9330622767,19773.2603271035,828.664287992989,0
2579,2678,7.21951841134678,2583.74459252256,28.1984187356139,18.5777217332158,19.3126317844202,28.6352993211316,25419.9335551589,24074.4791675284,1158.06206631029,0
2580,2679,6.73576580576241,5244.74276519386,27.4499104626513,11.332574138198,11.6044407476197,17.4191636366936,31674.7154733595,16064.1890787778,1000.88612261388,0
2581,2680,9.04699009135636,6210.91636433504,26.6885426743802,10.1015177211288,10.3076882293223,15.5169331185072,33538.3654501177,13949.4569514434,-1268.72375125373,0
2581,2681,7.03001126019843,5404.82773319386,27.4499104626513,11.1097652251072,11.3700429111473,17.0749632780714,31684.2264002236,16059.8018844831,998.077227554403,0
2582,2682,8.98879694705763,5897.35422833504,26.6885426743802,10.4470630151903,10.6698584429907,16.0503704517316,33519.5536420096,13930.1978939985,-1255.86548561285,0
2582,2683,6.72057772071358,4946.22438719386,27.4499104626513,11.7820334686002,12.0777885730253,18.1136386199072,31692.3961803893,16058.9746409582,988.222846465562,0
2583,2684,6.96757691941476,6109.17516119386,27.4499104626513,10.2532742291756,10.4706281217312,15.7522809471572,31698.332978886,16045.7356015955,977.240077411248,0
2583,2685,8.84189081032578,6453.79706633504,26.6885426743802,9.85421096196663,10.0487556778981,15.1352267286099,33540.5339516098,13952.59258254,-1268.91207136742,0
2584,2686,8.87060647604418,7229.79507233504,26.6885426743802,9.16244994704994,9.32572543578023,14.0678687575794,33537.4479227149,13948.2371397607,-1238.58943712081,0
2584,2687,6.90076418728085,7137.23871119386,27.4499104626513,9.27424943333532,9.4458714798291,14.241282069936,31693.8900866157,16071.9072900396,993.907840348701,0
2584,2688,6.66461751845734,4004.93265068863,28.2033651133718,13.6512051487449,14.0587812074289,21.0051853487013,25480.7090686437,24026.2620622667,1141.35026299518,0
2585,2689,8.88583861385654,6997.42077233504,26.6885426743802,9.35553468551298,9.52734898754101,14.3657384814183,33520.1538345552,13956.8809312876,-1254.79992337542,0
2585,2690,6.90201136617354,6340.19901184754,27.4505380775617,10.0091550943141,10.2147664521104,15.375421478566,31682.19535551,16048.1712081334,994.339148939989,0
2585,2691,6.58226936658614,3491.83698068863,28.2033651133718,15.0059997848134,15.4976362659844,23.1018286815674,25465.5615271159,24025.6854025899,1134.25617551174,0
2585,2692,7.44768197441604,1924.84039881924,28.2627252563637,23.087901545382,24.1669243752614,35.6329359416292,28554.3272265675,22114.7215913713,1105.29955111065,0
2586,2693,6.84314071615606,7062.50449319386,27.4499104626513,9.33697165769787,9.51141184810312,14.3380551347447,31702.4293865899,16046.0044085498,942.898589936237,0
2586,2694,8.76682436403629,6732.99864233504,26.6885426743802,9.58930936278584,9.77165927582543,14.7264342700395,33519.413125927,13946.7640716999,-1251.10645346312,0
2586,2695,9.41367568032089,3967.86038240501,26.063702283061,13.5424645441045,13.9274545803583,20.8325364823599,30182.322431068,9823.46419911404,-1333.45551376076,0
2586,2696,7.3516868331389,2608.15299681924,28.2627252563637,18.4613410058167,19.1885637931434,28.4550626007317,28588.2109945506,22150.8395210637,1129.71276940639,0
2587,2697,6.92297842672272,7572.36234119386,27.4499104626513,8.93059695975608,9.08705998394567,13.7111436713749,31703.0519373945,16045.2104930251,984.032023782342,0
2587,2698,8.8174718773441,6908.65255973025,26.6459552130036,9.4301611324501,9.60511711739821,14.4808199372067,33528.723625393,13932.8199030113,-1264.37947137305,0
2588,2699,7.11242186476414,7910.90196119386,27.4499104626513,8.68609829168636,8.83207134479248,13.3340467674477,31716.0805864022,16032.6676473447,1028.45008266345,0
2588,2700,9.04179085938023,7959.84684233504,26.6885426743802,8.62017936115785,8.76028427072606,13.2315362792091,33530.8428051204,13942.2411372047,-1247.43765591189,0
2589,2701,7.42140036460409,6896.62668719386,27.4499104626513,9.48041495350989,9.66135882753161,14.5593874802064,31744.4242408007,16064.6866711629,997.250152522284,0
2589,2702,9.05591527804244,9052.27785705591,27.0036903803148,7.96378235716608,8.07865033992447,12.2199640694616,33597.6727870564,15388.5551186312,-1459.6760105335,0
2589,2703,6.97286661019014,1588.23906681924,28.2627252563637,26.7201977565682,28.0979378683922,41.274596019315,28563.1260288364,22129.0948100684,1121.45825471085,0
2589,2704,7.05753778033777,1992.587209808,28.2455412521557,22.4940410386005,23.5257059912623,34.7109754382829,26231.2149093367,24704.4273081614,1218.0919399077,0
2590,2705,7.36742570491839,6117.51137049837,27.6292216170851,10.2542401252802,10.4725552202619,15.7540248111544,31723.0689688078,16053.1326439487,1011.10667072514,0
2590,2706,9.44075936372868,7574.96160688244,27.1455258437807,8.91514540084987,9.06965368613092,13.6869547514935,33580.6712990926,15424.2698698577,-1445.71753567761,0
2590,2707,7.20968321674964,1860.3657834785,28.3179445178774,23.6990894061515,24.8279201124197,36.5820953479965,28554.5832860552,22097.0785728435,1146.20205194783,0
2591,2708,6.97848671790466,4523.68798449837,27.6292216170851,12.5217556601335,12.859461199255,19.2573322550227,31692.0004718723,16068.4452636083,980.462912555253,0
2591,2709,8.75829171340537,4424.72760593305,26.7621810122421,12.6396558396329,12.9781003512806,19.4379791603165,33551.1856837023,13943.9787118038,-1270.75129175972,0
2591,2710,6.87515527142583,2115.20178423569,28.1123105670372,21.4915479230757,22.4432111190981,33.1546088118815,26224.5516087956,24715.1711797445,1099.21951960901,0
2591,2711,7.2323902270044,1719.6636954785,28.3179445178774,25.1549406181471,26.40269741338,38.8430866607842,28514.7104286811,22173.4498295865,1063.43190656067,0
2592,2712,6.90356298252958,4297.52501649837,27.6292216170851,12.9629922537438,13.3258789356929,19.9395755899123,31703.8861149561,16043.2035930141,1007.17052465649,0
2592,2713,8.80845888198455,4884.28196873383,26.8093060309042,11.8349218939038,12.1295105279494,18.1942609231765,33539.467470853,13940.6671950159,-1308.38793462763,0
2592,2714,6.99751921482885,2015.33590023569,28.1123105670372,22.2782604364716,23.2911937969475,34.3755584432621,26249.4925779098,24731.6918418726,1151.34844037884,0
2592,2715,7.13990874041839,2107.32835933358,27.4283638115387,21.42391335761,22.3616618772768,33.0472546988914,21374.2208525147,18703.5263901042,1123.31587118081,0
2593,2716,8.92896099377838,4715.77916993305,26.7621810122421,12.1115011905364,12.4207338614432,18.6215970761959,33526.9941060614,13923.5194691824,-1255.62693295004,0
2593,2717,6.96218859338862,4439.87905449837,27.6292216170851,12.680567436027,13.0272674754093,19.5028693675483,31691.4223057985,16048.8821664894,990.116184903251,0
2593,2718,6.98884575360676,2192.88748623569,28.1123105670372,20.926034896452,21.8342754321634,32.2771268340419,26203.9792078286,24727.9968261087,1165.70165417808,0
2594,2719,9.01292128126168,5299.20775673383,26.8093060309042,11.2130095203351,11.4748978627363,17.2334197325307,33529.2422454133,13948.2794184835,-1223.18290818338,0
2594,2720,6.73913364034171,4490.25251649837,27.6292216170851,12.5844774036338,12.9257259344008,19.3543030860999,31714.1196608575,16018.9832472657,985.796708148232,0
2594,2721,6.97689087068671,1923.21403884567,28.0911055525268,23.0673418929548,24.1424013943318,35.6003746793476,26246.7519586726,24738.6714194982,1154.52550488121,0
2594,2722,7.27909850567366,1737.11498577157,27.3987137265272,24.7495789063298,25.9504414463132,38.2097269046224,21321.9428156235,18720.2240909856,1156.88956120314,0
2595,2723,8.93686842235516,6195.68798273383,26.8093060309042,10.1243421583956,10.3322165403191,15.5523359299443,33524.8562048749,13957.4587778293,-1298.61810098096,0
2595,2724,7.45082819420806,5379.6597418085,27.5368076201911,11.1496453536847,11.4124824956652,17.1367049825304,32181.5113122846,15720.1260526624,1088.888779655,0
2596,2725,7.30091444882934,2335.78203133358,27.4283638115387,19.8647304160646,20.684955951585,30.6285532579835,21344.775061799,18716.7446240369,1073.62998919548,0
2597,2726,7.12642693315082,2307.45622977157,27.3987137265272,20.037424073163,20.8701002135261,30.8962894839307,21307.6927032388,18709.8044697908,1121.73980851146,0
2598,2727,7.1344604784964,1984.63237415018,27.4006078982884,22.3933586236231,23.4058540309612,34.5515888223357,21347.6782396175,18705.9410787692,1119.54204296203,0
2599,2728,7.12144426219206,2315.67192777157,27.3987137265272,19.9854915134318,20.8143121302869,30.8157449188919,21318.574675472,18710.2505052064,1061.13328969597,0
2600,2729,7.30672655618915,2890.26681179763,27.1280679381981,17.0029240084547,17.6164792414402,26.1916663357202,21318.9296371972,18721.2988544924,1090.18943508611,0
2604,2730,6.81797688656236,4010.94193778681,27.2082156437003,13.547871624685,13.9419059261879,20.8433043032014,21274.9647489785,19734.2846515734,1003.39620372133,0
2605,2731,9.0697562756606,4412.57431274309,27.6343914269166,12.7338900481254,13.0836627662653,19.5853253558918,33197.3353693151,16747.7791717568,-1257.01752226844,0
2605,2732,6.01535914766084,2967.37598335714,27.7541941400852,16.7682589120937,17.3720169594603,25.8298170627043,24038.395297078,21252.4162287205,583.84553409698,0
2605,2733,6.98842690687499,3877.11196178681,27.2082156437003,13.8654915670023,14.2784630891394,21.3346328841185,21257.3070210765,19759.501362779,1037.47143167515,0
2606,2734,6.09175507072443,3183.12065335714,27.7541941400852,15.9581830670723,16.5077415053776,24.5750817095405,24035.0805940277,21227.2905756052,594.128869665175,0
2606,2735,9.12506836148395,3318.21250274309,27.6343914269166,15.4868248753351,16.0045254158864,23.8449017686268,33179.4854669811,16718.2819698645,-1281.38966991847,0
2607,2736,5.89324377388594,3410.47302535714,27.7541941400852,15.2063741301885,15.7070540945351,23.4109889159663,24027.8857812367,21254.1328805209,598.637207366046,0
2609,2737,7.53432573270723,4562.90463149321,27.8933390232353,12.469735025105,12.8062554960739,19.1773892816652,29684.6975329021,17277.727727113,1144.73592563954,0
2609,2738,8.08172395252984,4821.65598928807,25.5623073108495,11.8439815761767,12.1309862328669,18.2060337936783,25139.223332445,9986.25176831708,1144.60718314466,0
2610,2739,7.75413906703806,2586.12054029743,28.35141973249,18.5877724315008,19.3250401077094,28.651331580951,29650.5904488669,17215.5117302056,1258.88517733595,0
2610,2740,7.18330465338401,4989.44570318462,25.7090320641852,11.58971257866,11.864355682881,17.8134717522676,25125.6041312404,10004.8341047169,1192.16193999774,0
2611,2741,7.54038814039973,2435.50675229743,28.35141973249,19.4150489646387,20.2126782876446,29.9340980590724,29666.8167342224,17216.3350603138,1227.34675718504,0
2611,2742,7.35673799337473,5350.76007370867,25.6874767694117,11.0673049326705,11.3151145136941,17.0065366501422,25110.0494312024,9983.04806712639,1216.81847017761,0
2612,2743,7.61301861407732,2716.58053829743,28.35141973249,17.9400641585506,18.6310245548438,27.6472665885307,29682.2516195148,17222.2180525653,1256.59588356503,0
2612,2744,7.45266144404158,5271.53255170867,25.6874767694117,11.1761056705423,11.4293987352584,17.1745664918024,25140.2550484032,9976.06653777827,1219.7422655953,0
2613,2745,7.74448666813553,2607.99235829743,28.35141973249,18.4750085424254,19.2041527818993,28.4765100725497,29650.8579351859,17222.3469694064,1210.42157957134,0
2613,2746,7.37237279251359,5097.63728170867,25.6874767694117,11.4253509951882,11.6913580412572,17.5595380075247,25116.9905726202,9974.18946664388,1174.21869542024,0
2615,2747,6.90666973457453,1551.69384504141,27.6838046003648,27.0518642099812,28.4484759495595,41.7874112273713,31954.8563934238,14201.8576146928,1211.1694396344,0
2615,2748,7.41512797232293,4472.78168770867,25.6874767694117,12.4610766585611,12.7821098575065,19.1598671232146,25131.2307972914,9980.12763327673,1221.69985299889,0
2615,2749,7.52596294435213,3700.04378539123,27.159707563142,14.3126302954458,14.7523520728584,22.0263395004053,21842.9364558697,19422.6066027998,-1499.64947451176,0
2616,2750,6.55501880504238,3771.2928831047,27.5246587262431,14.1615591634378,14.5949366891057,21.7933803260472,24176.0782437539,19563.8327193887,770.786154113874,0
2616,2751,7.62005360033835,2854.90618704141,27.6838046003648,17.2255765838841,17.8599011182228,26.5381533309969,31978.2382952935,14190.7984214807,1258.07649831237,0
2617,2752,6.20000239761517,3912.7218291047,27.5246587262431,13.8084123102761,14.2203767896461,21.2469967893139,24190.5066697035,19559.300694529,761.947786815606,0
2617,2753,7.66672446599081,3007.34813304141,27.6838046003648,16.6014120828762,17.1932114199834,25.5711669699066,31923.3739380559,14167.6138135958,1194.65123372464,0
2617,2754,6.67708091816977,4134.45835058531,28.4719518222193,13.3806390733828,13.7739536375752,20.587160129564,27927.2712496796,22624.0548906722,1080.36129552866,0
2618,2755,6.38577587533885,4230.8653731047,27.5246587262431,13.0922321468932,13.4618660239644,20.1392338909555,24178.3393184485,19565.3579373213,808.415955250062,0
2618,2756,7.78697518588882,4042.12961304141,27.6838046003648,13.5190490718853,13.9149052133409,20.799694016834,31952.2251858447,14176.4746253654,1164.40042458695,0
2618,2757,6.87234199620111,3881.37961058531,28.4719518222193,13.9725566839982,14.4016363442285,21.5029316990031,27938.2585404292,22642.8908719812,1077.32313844699,0
2619,2758,6.3306661402673,4337.4932391047,27.5246587262431,12.8734091527966,13.2304110558535,19.800848721293,24189.8313890153,19568.8125357592,769.481619674668,0
2619,2759,7.58056891670069,2945.60925504141,27.6838046003648,16.8470577099144,17.4554877352529,25.9517041030818,31931.9952676206,14185.938513033,1190.92910859618,0
2619,2760,7.0051484665371,3902.92103858531,28.4719518222193,13.9194810856664,14.3453131142099,21.420805857407,27923.535723099,22615.5320115788,1106.02719419382,0
2620,2761,7.89173632631698,2109.81003742526,27.8192927395257,21.4779895518789,22.4248963380697,33.1325447729484,31966.6585744698,14196.5283927172,1233.25110817521,0
2623,2762,8.73144808663297,3520.62323839423,27.1226281204971,14.8081307579254,15.2782369050805,22.7930634278113,22187.2428882359,21653.036454804,-1407.96741998348,0
2623,2763,6.00338561758329,1961.62510076073,26.5600299111076,22.4175071487544,23.420363698619,34.5858837753141,24885.3228718999,15699.9569072145,710.529441735137,0
2624,2764,6.10639631083569,1554.29828276073,26.5600299111076,26.7189021550794,28.0691751726304,41.2649952271853,24898.3730695876,15711.5364353293,667.750225054873,0
2624,2765,8.57672971914847,3332.60930239423,27.1226281204971,15.3832230556707,15.8897515248672,23.6832639219179,22214.6357057274,21686.2977622636,-1384.72648983865,0
2624,2766,6.66027005376016,1358.9257604409,28.4366534367511,30.217184653844,31.8998040004544,46.7109972819973,28357.2360221895,22411.7525197052,1019.75402174705,0
2625,2767,6.22706528565331,2221.68608276073,26.5600299111076,20.4525521319867,21.3058018682699,31.537304129547,24895.9926409052,15716.3031933783,641.109002843147,0
2625,2768,8.41955478506289,3709.69442239423,27.1226281204971,14.2833479010437,14.7209784474633,21.980947266579,22173.479424227,21691.516802791,-1411.89110275355,0
2625,2769,6.71403276147382,1322.4066524409,28.4366534367511,30.8723051820505,32.61284061648,47.729679154363,28354.5126337674,22441.875070376,1115.50607701892,0
2626,2770,6.18836826657168,2596.67462086389,26.5212267277327,18.2636583900107,18.9579536721289,28.143439107901,24895.2896210376,15705.5386900633,616.389963399743,0
2627,2771,6.16093037136707,2645.95089476073,26.5600299111076,18.0252684386319,18.7033017697301,27.7741075755868,24899.9197389895,15666.587106494,661.156697591571,0
2628,2772,6.14994554746208,2087.76800276073,26.5600299111076,21.4073630509957,22.3325084467464,33.0184456638075,24900.1100799301,15698.8732780939,606.447354256684,0
2629,2773,6.20113516931435,2048.99813086389,26.5212267277327,21.6978837166102,22.6446880599722,33.4690543753034,24875.6429706489,15687.3032435675,672.274884654384,0
2629,2774,8.42869333313402,2984.58203634941,27.8640291454187,16.7134687659148,17.3145632412025,25.745228059917,26318.6501328932,19946.7694384383,-1360.54780586601,0
2630,2775,7.57138727461151,5621.20406407792,27.6836499715159,10.8409322463065,11.0887415963795,16.6600815080035,29951.245810634,14483.3416875372,1221.59233797797,0
2631,2776,7.71271039234378,4215.66479142387,27.6407961591121,13.1341092106089,13.5070025810646,20.2042241132442,29954.0105533522,14479.5578837629,1243.86979766946,0
2631,2777,5.86840881292138,1426.86964258828,26.4536628036832,28.5064557352302,30.0059472428295,44.042051906955,24886.1096128118,15703.4229061259,701.781062433169,0
2632,2778,7.68844958668247,4666.61925007792,27.6836499715159,12.2668350645978,12.5906202312958,18.8633447277868,29976.8221915398,14465.808194125,1224.82907016176,0
2633,2779,7.71996361197382,4748.26963207792,27.6836499715159,12.1250385329005,12.4409679827308,18.6441626458238,29952.9194982914,14502.3090677306,1194.49618514897,0
2634,2780,9.60445773964861,7030.4363490978,28.2406950307442,9.40206584771992,9.58298863162778,14.4394719236693,33329.3569352713,17289.3666455539,-1167.30977799156,0
2634,2781,6.28661963085308,6031.40082791179,28.7014886817663,10.4099505912405,10.6413747444741,15.9959550537803,32205.8210052577,17508.1846088203,598.481563851835,0
2634,2782,7.66857168139808,4910.82151207792,27.6836499715159,11.8553003011021,12.1564644270393,18.2272634756439,29953.1278056279,14464.6541310512,1202.73196962386,0
2634,2783,7.55552873921605,4790.09056448418,27.190007297593,12.0176400942219,12.3245284493766,18.4772987573078,24521.8880781086,23968.7566721844,1262.95410796737,0
2635,2784,9.50685464453379,6314.64273153593,28.2566180698016,10.0788424388195,10.2917607551368,15.4840944977359,33333.3063028923,17295.3206524491,-1160.76836920661,0
2635,2785,7.91996014267814,4057.45203342387,27.6407961591121,13.4803906198254,13.8736361738681,20.7398087340441,29937.9254283744,14461.0594026998,1250.69846498027,0
2635,2786,6.41412118256112,3968.82490063652,27.9578285870161,13.713954065152,14.1234925521094,21.1017619685206,26876.1979671126,22130.3915645182,920.766224309421,0
2635,2787,7.68688898238076,4648.85777410102,27.2134071944008,12.2623751424902,12.5828464416888,18.8556050779209,24531.1447430305,23957.8233974252,1242.15521944424,0
2636,2788,7.79419490563666,3623.20357807792,27.6836499715159,14.5739567231221,15.0340672869013,22.4319110778007,29969.2970857133,14447.9092063306,1184.44099909256,0
2637,2789,7.7185778842517,3402.52508407792,27.6836499715159,15.2234902795238,15.7246638582603,23.4373208361343,29952.1629539861,14486.4469797355,1237.82211874046,0
2638,2790,8.09063990205438,3151.93528207792,27.6836499715159,16.0606918441921,16.6163780125091,24.7336573436122,29965.9315002736,14457.200364037,1244.03225288409,0
2639,2791,7.71346371593727,3101.95828807792,27.6836499715159,16.2423722639995,16.8101146483944,25.015036686135,29961.9694038765,14477.318705308,1200.65698823808,0
2639,2792,7.61425278034395,1457.51605610433,25.7591722506317,27.8412295290605,29.2719332815262,43.0049074381932,25477.8386303833,10154.30587543,1119.10112608059,0
2640,2793,8.12435462062781,3668.45907559681,27.4828494695899,14.4295714162739,14.8790938045143,22.2080154524375,29976.3162526246,14456.1489572615,1208.32376514699,0
2640,2794,7.31872015539245,1581.29366416805,25.7757598875623,26.1627491826284,27.4537984146153,40.3974421115414,25495.0842363297,10156.3753834467,1170.04070777336,0
2641,2795,7.2510268277365,2215.75259416805,25.7757598875623,20.3519053329561,21.18769421769,31.3784511915963,25486.5576451975,10160.6111277785,1134.30502108594,0
2642,2796,7.38525286430217,2223.08860283778,25.7402274796591,20.2965876967559,21.1278428480095,31.2925389124938,25494.9790768619,10125.9481386172,1207.39510363355,0
2642,2797,7.90611557722447,3190.47321469002,27.4500822209909,15.8969628737365,16.4397339019457,24.4795158359417,29931.2368328906,14451.0787431521,1185.43279966099,0
2643,2798,7.80316048995495,3580.99382959681,27.4828494695899,14.6720581794557,15.1366528510636,22.5832887067776,29958.9044949669,14466.5242502736,1185.9662484835,0
2643,2799,7.6104629232723,2241.10452016805,25.7757598875623,20.1840680942921,21.0075057703637,31.1181752384466,25525.3968063376,10158.8330309876,1127.35563401416,0
2644,2800,7.77851075979119,3694.73609359681,27.4828494695899,14.3587539777635,14.8039044938305,22.0984263929352,29950.76074168,14511.2281663394,1251.70114240211,0
2644,2801,7.26509663148285,2179.27753816805,25.7757598875623,20.5997339822081,21.4538531996873,31.7628007371631,25492.4849398661,10149.5474440557,1147.79251813629,0
2645,2802,7.49702158995906,5071.03106869002,27.4500822209909,11.5884177043132,11.8738005389383,17.8144539186623,29923.4504757647,14482.6893581646,1210.50652773949,0
2645,2803,7.17456936649822,2486.09971816805,25.7757598875623,18.7263158630994,19.4446991637247,28.8581637520109,25503.4815293881,10120.3839738695,1215.91036602058,0
2646,2804,7.82067355515916,5665.40267869002,27.4500822209909,10.7710405010931,11.0140309615272,16.5517840460139,29931.2748250554,14464.0620070239,1215.47524382256,0
2646,2805,7.33701640278024,2613.56512520116,25.7493074582108,18.0642103125884,18.7359680806294,27.8319782068906,25472.1057429937,10144.2891530636,1138.62702036992,0
2647,2806,7.65638103701773,5229.94865869002,27.4500822209909,11.3537855374157,11.6267652664445,17.4519341960317,29947.900129324,14461.7536957649,1228.80254060089,0
2647,2807,7.42624538033141,2675.58939616805,25.7757598875623,17.768831282798,18.4205140346526,27.3743758738524,25499.3656175171,10174.643569323,1133.4636565823,0
2648,2808,7.75822041670883,4971.69344359681,27.4828494695899,11.7441503546764,12.0380686175869,18.0551529095915,29960.6373107273,14483.2539712752,1188.35071357641,0
2649,2809,7.77237041417571,3690.19873759681,27.4828494695899,14.3709171257516,14.8168175568845,22.1172484389898,29961.5080516627,14488.8830242062,1261.20632246138,0
2649,2810,7.37923107220867,2855.76207616805,25.7757598875623,16.9672405687748,17.5645934273528,26.1325904627356,25498.4454225573,10141.1660860636,1146.83265806742,0
2650,2811,8.05050481241326,3976.41923953478,27.7211956787512,13.6746113574689,14.0800254700046,21.0404124066231,29950.7238244368,14456.1994979408,1217.0563922165,0
2650,2812,7.24037535441114,3461.59485701828,25.7420059632499,14.8336881339943,15.2934816915956,22.8293378349681,25533.9873119913,10116.7505594242,1161.24542438046,0
2651,2813,7.86784263295763,3737.74722869347,27.7570817548514,14.2714634188977,14.7134122872047,21.9639478894755,29949.5492856331,14468.3487652514,1184.67225101288,0
2652,2814,7.89980540139544,4499.31820469347,27.7570817548514,12.5774784050428,12.9191867590805,19.3437180670674,29968.6460200551,14462.2959177539,1214.03191337432,0
2653,2815,8.00654168433216,3475.15325669347,27.7570817548514,15.0092037932435,15.4973255160412,23.1057642869516,29955.6666798734,14476.5796107645,1198.71578411312,0
2654,2816,7.71443128908637,3816.18008953478,27.7211956787512,14.0655968231485,14.4946464512907,21.6453195555446,29922.7183614247,14471.1839810829,1202.48734714266,0
2654,2817,7.07593891628034,1968.33511956402,28.033100727346,22.6585102684008,23.700347006011,34.9654975977979,26932.3074857722,21132.7150253074,995.354850321387,0
2655,2818,8.06884192170408,3263.63757869347,27.7570817548514,15.6813469067389,16.2127690878659,24.1463936140511,29952.3506118377,14468.6597909379,1187.42047023455,0
2655,2819,7.02337001407606,1907.08081356402,28.033100727346,23.201619824994,24.2865975421197,35.808621205501,26922.3019969555,21121.7471164964,999.532405962299,0
2656,2820,7.01581684358441,2400.41916156402,28.033100727346,19.5708358104617,20.3763661337541,30.1747039605386,26940.7047258375,21094.3129701553,961.41162008388,0
2657,2821,6.78907509060849,1435.74643956402,28.033100727346,28.8279029637393,30.3822737180942,44.5492319930384,26936.2600842597,21102.6717500516,986.240316005416,0
2662,2822,8.27580906385838,3694.79768855684,29.0501411040433,14.5117531591248,14.9787766265244,22.3386137732369,31303.28015184,20249.7923145334,-1482.91175190125,0
2664,2823,8.55165597786721,2922.61306404821,29.0068656483547,17.1093203342304,17.7484528175968,26.3615501762666,31289.5780514643,20277.4429625479,-1496.71587229503,0
2664,2824,9.04979971906865,2440.39363332855,26.7458543571016,19.1334343478288,19.8922112777864,29.4923820174994,21534.8904930254,20784.6550997181,-1367.51658867661,0
2665,2825,8.77144070029573,2345.2555900432,26.6923470255019,19.6839287431823,20.4820689731019,30.3457510685326,21507.3759052959,20788.8719571087,-1393.97250642956,0
2666,2826,9.92625356747739,5204.68407912289,28.9904846639391,11.4927678463263,11.7820710520355,17.6691463850841,31810.4430769081,20477.7521916154,-1195.83836380482,0
2666,2827,8.82603508312846,2665.47756472634,26.6908159953535,17.9497105150207,18.6238949162811,27.6574072825992,21500.225070309,20792.7214284935,-1431.89778474367,0
2667,2828,7.81358144088311,2365.71452787284,25.8963038077111,19.4278871808241,20.1977938314956,29.946102336372,25783.205933207,10691.7515215148,1237.80246882803,0
2667,2829,8.77783476564347,2684.11132332855,26.7458543571016,17.8684845764665,18.5376052776264,27.5316975110388,21493.6375461306,20824.7146063736,-1356.22429791763,0
2668,2830,8.59661771187367,2368.2066820432,26.6923470255019,19.5452630048319,20.3332768061355,30.1307349637731,21449.958059928,20754.1345355475,-1377.49318595268,0
2669,2831,8.87764756344987,3097.07758241142,26.6360671113321,16.1336021490325,16.6843131034024,24.843874954122,21253.6496754754,20641.9169496588,-1347.3687379414,0
2669,2832,6.08415256459585,2048.92685230314,26.7199832696433,21.7371711968203,22.6896573968221,33.5307509247999,24496.2610262521,16068.1368199122,654.573725856818,0
2670,2833,6.11250087157376,2407.91169553733,26.6827917512422,19.3096144259627,20.0803904947484,29.7653288154663,24479.5772778715,16090.8757817765,622.603387989925,0
2670,2834,8.93260256317314,2992.80381521874,26.4578239680291,16.5040024799883,17.0774139108669,25.4170185058076,21268.6259405127,20639.7467131851,-1278.90435457578,0
2671,2835,7.42358133923416,1252.42232911374,28.524280797339,32.2591427483053,34.1250783406607,49.8869378879375,29391.8106881501,20906.0599456734,1165.36934557228,0
2672,2836,7.28673463669097,1118.46019711374,28.524280797339,35.3158827036634,37.460036332115,54.642332560719,29428.6440397953,20811.2346465866,1141.10465550713,0
2679,2837,6.9750779201952,2273.01872663623,27.5477048725646,20.2844075057682,21.13728971013,31.2798633925246,25613.505949421,20785.6032706681,1040.64759883654,0
2680,2838,7.11538296005651,1662.03518375815,27.4006710494462,25.5950914818785,26.865426916887,39.522953772158,25699.4795962318,21155.243664749,887.258919103189,0
2681,2839,7.28487190759976,1239.30337805259,27.4057358969632,32.1505372443708,33.9860587774036,49.7122576071374,25729.0291690358,21286.6571668531,1222.09765619325,0
2683,2840,6.38864074751633,2754.58304641488,27.0692634178921,17.5861514265736,18.2391019946399,27.0951373420612,24247.5488257336,20707.8040473848,814.693871203658,0
2684,2841,6.15843112499147,2409.45765241488,27.0692634178921,19.3630583065058,20.1422407489377,29.8494409057171,24262.2438828124,20724.9834695693,865.506045005436,0
2685,2842,6.18204382285194,2935.59271441488,27.0692634178921,16.8090072088358,17.4088492285816,25.8911028523946,24256.906581569,20714.9481276201,829.664673257242,0
2686,2843,6.27666305893689,2851.18908241488,27.0692634178921,17.1601171625867,17.7837867687713,26.4350336760635,24239.5017521499,20697.6352529679,809.18156339682,0
2687,2844,6.21065103339599,2502.87819325231,27.0355163507055,18.8322682033395,19.572695204383,29.026396793392,24248.2957907677,20742.2729413757,829.230668652779,0
2689,2845,8.67163087489954,6554.93505096437,28.2068193423344,9.83492900709684,10.0359032016783,15.1074940597453,32917.2190305731,16379.8830355101,-1486.15515469829,0
2690,2846,8.65358635254927,9109.39697747423,27.763807590898,7.96003262075389,8.07747369988008,12.2149384107746,32923.0365193719,16385.5603747449,-1455.743154364,0
2691,2847,8.58964754979755,9374.87635547423,27.763807590898,7.81854115208443,7.93044669102209,11.9968593857416,32936.1014812889,16375.0445636406,-1473.04245845953,0
2691,2848,8.35122507319582,7409.04768190662,28.3551478824678,9.09626928930042,9.26384360772451,13.9677720046571,31046.6775338712,18187.2889721359,-1225.29504797738,0
2692,2849,8.9090433469877,10125.6766174742,27.763807590898,7.45319387804434,7.55123103481702,11.4338712798747,32940.0719369001,16381.5709549952,-1480.22809176474,0
2692,2850,4.65268460925427,6316.76253237862,27.4177489204256,10.0314310090078,10.2379422519398,15.4097625585541,33814.6742772049,16173.7548562791,451.820031595818,0
2693,2851,8.54724864356651,10109.4434554742,27.763807590898,7.46059900782871,7.55891107692753,11.4452806370138,32919.5865930982,16400.7892440453,-1487.88188664612,0
2693,2852,5.04946794793751,6847.03966923357,27.2335458613811,9.51373833490172,9.69520515632133,14.6105320284896,33781.1266823788,16137.6439984602,412.05313653431,0
2693,2853,7.57352353063634,5722.71761126327,27.0515515784679,10.6760211485687,10.9120679160145,16.4044427377095,25938.0293435227,19654.921295519,1166.03492979509,0
2693,2854,7.24121084559622,5944.01328233072,26.9713374297663,10.4101634161166,10.6326664171444,15.9938162969795,24749.3368478313,20385.7560225465,1134.64594388964,0
2694,2855,8.76173440417614,9934.11649547423,27.763807590898,7.54189783009737,7.64324505567917,11.5705454158098,32923.3567758497,16379.3876470202,-1494.56484423494,0
2694,2856,8.63942041834464,6847.93645853494,28.4184232646014,9.5713137507813,9.76085680693601,14.7008820722238,30971.0593557079,18526.6091008213,-1452.4437074806,0
2695,2857,8.59195892451884,8232.29963147423,27.763807590898,8.48283989229517,8.62150650621657,13.0209470535722,32927.0990312509,16371.8045505085,-1474.6005032967,0
2695,2858,6.10553367546573,4009.92110372005,26.6680514670016,13.5012052714973,13.8884198047853,20.7700031473428,23184.8658655161,19699.4897145181,763.565410884435,0
2695,2859,7.48702591193546,3707.84520926327,27.0515515784679,14.2812167042369,14.7181448804166,21.9774920198606,25944.2865351444,19595.0573717435,1218.85289139718,0
2696,2860,8.5949922638855,8250.55918547423,27.763807590898,8.47098115002203,8.60915310882453,13.0026608768451,32942.8546888342,16375.2605350215,-1444.74741040651,0
2696,2861,6.0282385508044,3379.40482772005,26.6680514670016,15.1846190170775,15.6744938018274,23.3747170128997,23187.7778284612,19697.5076752269,781.941519099279,0
2697,2862,8.62049786661328,8686.74006347423,27.763807590898,8.20057979883287,8.3276377615236,12.5857474516059,32938.0539606673,16382.9629115667,-1467.67550264695,0
2697,2863,6.03098452632041,3463.38996572005,26.6680514670016,14.928516526824,15.4022814411524,22.9783194482569,23183.2006345996,19708.5003940234,765.449460903802,0
2698,2864,8.56830590685902,8428.11077147423,27.763807590898,8.35799258530751,8.49148189664513,12.8284408913885,32932.8323578533,16389.2775576214,-1479.15586620707,0
2698,2865,6.36117188691913,3375.39609572005,26.6680514670016,15.1971320096959,15.6877982550363,23.3940859211768,23183.8904900815,19691.2903555611,773.154839001585,0
2698,2866,8.30844965452279,6531.16406223545,27.5027220236274,9.82154579150452,10.0185337646423,15.0859096529857,32954.6557177744,16386.1386928208,-1470.33215386215,0
2698,2867,7.59786144831975,3101.68968926327,27.0515515784679,16.1671986441692,16.7240525145179,24.8969857329722,25945.3833132903,19616.1455143539,1214.94585614654,0
2699,2868,8.64526635988442,7413.54915947423,27.763807590898,9.06615314465482,9.22988298196596,13.9206169194739,32932.9358393877,16372.2106450377,-1430.85484962265,0
2699,2869,6.08761240120272,2760.47422772005,26.6680514670016,17.5038527337755,18.1469319651218,26.9664612805146,23190.8659889844,19685.9098348353,771.589202190132,0
2700,2870,8.59479545315878,6958.39633358552,27.4199414810468,9.42484380711331,9.6031221842134,14.4736011181111,32941.3946251962,16374.0472647718,-1459.42476639564,0
2700,2871,6.29801703616517,3131.80007027831,26.7247809631107,16.0187128751676,16.5627423712929,24.6661986880855,23183.7300508924,19702.0264003495,762.346536985105,0
2700,2872,7.36629895678456,2815.97550755825,26.9421160051315,17.2951251060442,17.9267293442642,26.6438465421035,25939.8730013023,19615.3400468498,1263.21482848016,0
2702,2873,7.56143771169381,2883.00062555825,26.9421160051315,17.0088486501725,17.6209432252967,26.2003315239659,25939.2719501194,19619.1896995911,1256.41778318521,0
2703,2874,7.8083091613544,2781.21847955825,26.9421160051315,17.4485574080254,18.0906928400761,26.8815728803279,25943.6739233836,19608.4911507895,1225.95419241608,0
2703,2875,7.18675470882888,2636.63099722162,26.3219836818057,18.035891612644,18.7120563770378,27.7898512612235,22428.6301667015,16062.042020231,1052.23251738256,0
2704,2876,7.60633219282537,2898.69098822736,27.8038594423712,17.0556802131145,17.6795215082754,26.2752422665509,29313.5475137935,18774.4639266473,1143.30593503997,0
2705,2877,6.18891236527733,3512.13796894805,26.676335723674,14.7858421000148,15.2507770852542,22.7575266435877,22748.463665651,19620.6843046339,760.075719543059,0
2706,2878,5.99487416020556,3162.43116694805,26.676335723674,15.9041541879963,16.4402602014229,24.4886862968335,22752.9438925588,19637.608628273,723.807546829966,0
2706,2879,6.83774540794617,3505.8115709257,26.3973895244362,14.7746600483462,15.23651343798,22.7395638711872,25974.2593746987,16520.6469338135,953.767198139951,0
2707,2880,6.76380906362086,3679.7949449257,26.3973895244362,14.2904169037447,14.7225771121336,21.9902592104399,25971.7949150744,16525.9227444207,966.494677201382,0
2708,2881,7.83222217160337,4093.52214072407,27.4707385653217,13.3843774653319,13.77070449045,20.590956200467,32176.4724848134,16336.5557965265,1265.52907834112,0
2708,2882,6.86551599823613,3718.6047569257,26.3973895244362,14.1879941711026,14.6139554801559,21.8317954448173,25954.9916783678,16523.6904130997,907.91718303353,0
2708,2883,8.31131742904297,3946.96460188972,27.0587969875603,13.6835249950321,14.0844756896003,21.0528247073743,26413.4822852721,25319.2803237794,-1482.71628136224,0
2709,2884,6.96606185340057,4614.09706594057,26.3790189990944,12.2593984689171,12.5741568750356,18.8494737368294,25960.1889051287,16528.122891232,967.78442680086,0
2710,2885,7.80223312183316,3220.0627005048,27.6528473970668,15.8177951835056,16.3572104991795,24.3574268246298,30441.008433516,18664.6383376731,1231.23426739643,0
2710,2886,7.49416132600282,4451.51326121933,26.5065814523494,12.567761897363,12.9004130286106,19.3263499408048,22453.1523185749,16073.469811093,1064.12574083744,0
2711,2887,8.57859634899578,6389.28312844491,26.4044904503775,9.90289844389346,10.0982925000394,15.209975613115,24821.5484569432,16897.7109854863,1029.80325563553,0
2712,2888,7.01619543441807,2902.97178117054,26.2704990665065,16.8377622219737,17.4315412768782,25.9334418246631,25981.102010524,16539.8078143206,907.626940636434,0
2713,2889,7.68198183540843,3484.61174624237,27.6639314632777,14.9710877176098,15.4560081744119,23.0465465761595,30404.4734357858,18710.2347770314,1245.46500142465,0
2714,2890,6.34374111198001,2245.41932460487,26.8484138760419,20.3449919904141,21.193838941482,31.3714724860615,22016.7380181607,20856.2081650131,886.883094472468,0
2715,2891,7.91320606103939,3238.7234891249,27.6282323967711,15.751047272493,16.2858738845576,24.254006468942,30413.7222788336,18678.2113979686,1238.28945872391,0
2718,2892,6.36412330048165,1280.22031252882,26.2068236681276,30.9377030332947,32.643098687884,47.8199777311708,25378.3930785273,16169.9883201483,749.370918104738,0
2720,2893,7.68025462732526,2237.32617925809,27.351671995194,20.4869275064502,21.3526005885348,31.5933420349828,29170.8140881052,23853.2803455605,-1524.70347924344,0
2720,2894,6.27707309514541,2073.96787431302,26.0890805154164,21.4213988097145,22.3413115277013,33.0384824234878,25391.0632439074,16171.1180446398,752.04072843731,0
2721,2895,8.12481236440549,2680.02675325809,27.351671995194,17.9744359043688,18.6574197784388,27.6976736157374,29179.3812960651,23874.3732952117,-1513.08492677867,0
2723,2896,6.13367437103246,1430.54436231302,26.0890805154164,28.3422704416533,29.8212877689057,43.7851015569127,25358.3611243358,16168.4251537804,707.967463063097,0
2724,2897,6.15181935654529,1664.65871631302,26.0890805154164,25.2410294220906,26.4617082757756,38.9673390946138,25370.8388295729,16175.60802635,759.625464354643,0
2725,2898,6.20330141332167,1529.24286831302,26.0890805154164,26.925174009184,28.28475654501,41.583254930885,25359.3207109604,16172.9611805356,774.319904843588,0
2727,2899,6.35882338846793,2387.87468998769,27.2981169008131,19.5270749221984,20.3209058434355,30.1045027198869,27105.6241912389,22455.5374672041,1001.45423023083,0
2728,2900,6.48931435052544,2721.19414798769,27.2981169008131,17.7719087484791,18.4401544021639,27.3836491707423,27109.6338998329,22451.9174796839,932.90845668217,0
2728,2901,8.55117329097415,2937.6200259892,27.3301100636455,16.8343004890828,17.4384170492879,25.930991205561,29315.0453707103,24112.8912874471,-1388.9061766397,0
2729,2902,6.70396785966431,2009.26977598769,27.2981169008131,22.1684972151405,23.1620687972076,34.202221888809,27079.3981842094,22452.5231455804,940.386208707201,0
2730,2903,6.74125395812685,2874.76679860715,27.3618076406629,17.0986274238887,17.7210364222499,26.3405775554499,27089.2174446861,22453.8612666291,943.482811325944,0
2731,2904,7.33930093164715,4334.83166100711,27.3346479525622,12.8630631489445,13.2181507929461,19.7844867424181,26126.9185801897,23791.0919787385,1045.83397978417,0
2731,2905,6.79208701304588,3984.72301660715,27.3618076406629,13.6225523397418,14.0221691319935,20.9591398016975,27092.2212650034,22484.5831106577,955.244268975792,0
2732,2906,7.03703596235453,4609.65006300711,27.3346479525622,12.3415508458903,12.6672103617478,18.9782120715119,26145.351277329,23790.248045281,1029.28762259093,0
2733,2907,7.24954277534633,4233.88650300711,27.3346479525622,13.0697850862892,13.4367679788825,20.1041485292944,26141.9612266278,23781.933356533,1074.34775535177,0
2733,2908,6.80885968982483,3836.64221860715,27.3618076406629,13.9800400946879,14.4011066493542,21.5121773679251,27062.1866329688,22521.2357237438,992.526571509187,0
2734,2909,7.13080976660763,3875.41335300711,27.3346479525622,13.8815162854809,14.2964261587285,21.3596924389979,26148.2504728151,23773.3773282605,1091.12859940871,0
2734,2910,6.72892034453516,3477.83867860715,27.3618076406629,14.9594039724192,15.4410393737994,23.0277599906937,27099.578155506,22466.1422337011,931.003415083029,0
2735,2911,7.24206793540081,3890.80952700711,27.3346479525622,13.8438934155657,14.2565400180665,21.3014878336277,26123.4593239112,23806.2283738455,1115.73870552746,0
2736,2912,7.25062337703592,3686.79161715314,27.3343645472527,14.3653546450731,14.8097202586709,22.1083123717095,26153.3583717868,23809.8235547148,1122.86165814645,0
2736,2913,8.38911505488957,2998.05412591284,27.4574111688371,16.6095273265548,17.1997079436116,25.5831413181561,28030.443163062,22593.5811618881,-1355.07058397592,0
2743,2914,9.01525478542395,4672.85750394568,26.8589542887475,12.1931043947063,12.5074314966693,18.7478935969983,20534.9888197916,21862.2438334601,-1422.95296745185,0
2746,2915,8.17816912822898,6040.4612066303,27.3715245574501,10.3245846158923,10.5450062955047,15.8622662958737,29704.0446718205,21234.6996457927,1224.54907797458,0
2746,2916,8.9416037618363,4865.49178548079,27.2041003651208,11.8941194552479,12.1943920203461,18.2864290948113,26237.2584713716,25605.4434238279,-1297.14319679339,0
2746,2917,7.83001458892099,5311.39210149746,27.4463638649372,11.2381320483913,11.5050451192203,17.2732559515081,28935.1597684426,23881.7197891118,1215.06827975863,0
2748,2918,7.79568692822394,1878.8907936775,24.4995524667013,22.6987937370364,23.6933490199815,35.014086537548,25266.1510783467,9580.18943065694,-1527.57432490435,0
2750,2919,6.85829337436977,4076.8491520567,26.2993641952354,13.3172006516344,13.6909119041959,20.484666741047,22933.5475493901,15823.9679963255,1035.12777402586,0
2751,2920,6.82153987124204,3113.50920925141,26.3673019636208,16.0412328819489,16.5833453994848,24.700137177813,22889.5790684026,15843.3116472636,1029.95546930041,0
2752,2921,6.9131171797954,3946.20952583309,26.3325410682191,13.6179819719652,14.0094769304694,20.9499068920657,22922.4768022054,15798.808186858,1053.16595387148,0
2753,2922,6.87304146140778,3707.41746787764,26.3337966521595,14.2109662621493,14.6377949417015,21.8671927357143,22934.025333619,15831.7810067734,1017.19905477298,0
2754,2923,6.69472747908982,4197.43808183309,26.3325410682191,13.0600998666477,13.419283816042,20.0871758010432,22897.7074108362,15818.3683897194,1023.58572345805,0
2755,2924,6.9529863396252,3555.23983387764,26.3337966521595,14.626072781653,15.0782079703177,22.5094768218827,22908.0240766657,15868.4377002918,1026.90052684714,0
2756,2925,7.07194282421597,2709.17792725141,26.3673019636208,17.6965596543187,18.349708715447,27.2641695613132,22908.8926183459,15850.4740890103,998.652233585781,0
2757,2926,6.89519363165771,2801.06959387764,26.3337966521595,17.2774134138473,17.9015105960602,26.6146711157187,22914.5694894357,15877.2265955172,1008.49453402245,0
2758,2927,6.7464175480502,3022.01320525141,26.3673019636208,16.3802794887395,16.9446191118055,25.2251639964022,22927.64729076,15865.9939438533,1030.89368302086,0
2759,2928,6.94304093376758,3053.66376187764,26.3337966521595,16.2567324218589,16.8126157168415,25.0337482736041,22911.4830498639,15860.0838432529,1017.06281033619,0
2760,2929,6.63393922245174,3098.68336594085,26.2843237543781,16.0847769787569,16.6289335025633,24.7673436257024,22905.4979494733,15845.3252572671,1039.7819611249,0
2761,2930,7.05089526570266,2900.95596394085,26.2843237543781,16.8478424051761,17.4424369579766,25.9490939864235,22921.0442255829,15853.9016170558,1009.18158836032,0
2762,2931,6.91551278683463,2938.70852794085,26.2843237543781,16.6949114864335,17.2792883852076,25.712221611654,22898.9288833586,15857.3359247206,1024.74746198096,0
2763,2932,6.8275832927023,2693.11862794085,26.2843237543781,17.75977107481,18.4163849631129,27.3618679269079,22905.1331949973,15846.8231922942,1030.54610076908,0
2771,2933,7.73272937160115,2691.04029113912,27.3631440546505,17.9233422830997,18.6028621266316,27.6185214316479,28859.3576430536,23910.0178617412,1251.60518902938,0
2771,2934,6.74956627604438,2276.86744914723,26.7551274295274,20.1232972584479,20.9545325682325,31.0273180524511,22382.5767545201,20243.1425924955,1032.56187518101,0
2772,2935,6.79210079232977,3450.65501514723,26.7551274295274,14.9760091613467,15.4535021692593,23.0520329488774,22362.3096754173,20241.6722777643,1045.70752074991,0
2773,2936,6.79968083620812,2838.13398114723,26.7551274295274,17.1740215197065,17.7954428695011,26.4556946872596,22364.0743049272,20258.3852104753,1048.37867355337,0
2774,2937,6.82833626932355,2740.42664514723,26.7551274295274,17.6070803587986,18.258185467126,27.1266602029132,22389.5673348937,20255.2231241496,1069.3981258622,0
2775,2938,6.7342224974954,2750.58063114723,26.7551274295274,17.5607614255662,18.2086720215028,27.0548899184613,22375.9753874061,20255.2483911551,1054.81234836395,0
2776,2939,7.09723740925487,3526.09406514723,26.7551274295274,14.7536919222479,15.2172973765744,22.7079551647755,22371.8268027035,20252.2396371583,1057.51715219743,0
2776,2940,8.45104073520146,4868.96938041325,26.761262026633,11.8561527606181,12.1515748409128,18.2269840593225,21797.7193877757,23037.470160549,-1501.7329317558,0
2777,2941,6.73602700376267,2764.12662114723,26.7551274295274,17.4994562698901,18.1431459546964,26.9599007576958,22356.4003913398,20255.5325228106,1051.63099723047,0
2785,2942,7.25290819467023,5845.60534137912,26.5351223092388,10.4980403181877,10.7224945224412,16.1288474983369,21387.0196038279,20234.1670295968,1101.528387852,0
2786,2943,6.07795521277473,3815.01473199534,26.6768639335479,13.9686808795652,14.3836910223552,21.4931236927607,23296.5283419802,20374.1951650913,785.648321458342,0
2787,2944,6.16042222087038,1618.55998599534,26.6768639335479,25.9347611955979,27.2217822184008,40.0474107475664,23307.1250073612,20368.2438696692,782.049352286197,0
2788,2945,6.14218663180855,1856.81522799534,26.6768639335479,23.3796442576961,24.4596892228528,36.0797123130475,23301.693793455,20365.3649881757,783.244328710064,0
2789,2946,6.10896730224163,2046.39300999534,26.6768639335479,21.7486600287722,22.7014496822068,33.5484178472923,23296.2277666062,20377.0718653006,821.497079844478,0
2790,2947,5.94936789715861,2445.74936530576,26.5153898743599,19.0664266415609,19.8176956666037,29.3877588210663,23320.2462866018,20385.028914604,807.658632015606,0
2791,2948,6.27775489220101,2136.54837730576,26.5153898743599,21.0383604148188,21.934954084358,32.4458215935529,23308.7365681793,20374.0055059085,756.19182589682,0
2792,2949,6.31743438345905,2499.25051930576,26.5153898743599,18.7713004190104,19.5014496728855,28.9302542390502,23302.4336424197,20381.4235086863,782.611038475542,0
2793,2950,5.8873422831142,4356.68107330576,26.5153898743599,12.7517031554775,13.0947188264897,19.6107250101485,23296.4566256126,20373.6713624257,800.083801582724,0
2794,2951,7.66128896680975,5122.26172817372,26.4464566782048,11.4421570346593,11.7137331432149,17.5867964125358,23267.3998863746,19661.3454066138,-530.329744037533,0
2795,2952,7.59231157521086,5161.75434617372,26.4464566782048,11.3842804522159,11.6528498812574,17.4973883281369,23275.0217931737,19671.6579089957,-530.279247413218,0
2796,2953,7.7231315088925,4487.71469417372,26.4464566782048,12.4948098351286,12.8229898018266,19.2134658244183,23248.5719853948,19670.1715508189,-517.664263244053,0
2797,2954,6.14200801857837,3777.15498730576,26.5153898743599,14.0486020579289,14.4671222326675,21.6164085063874,23324.8265417359,20362.55183164,770.80014182104,0
2798,2955,6.04126061569332,3181.31339109252,26.5072390941285,15.8180670694276,16.3470094428247,24.354958424199,23291.9076974804,20363.7636878935,780.988500968993,0
2799,2956,5.9719813668307,3786.22969930576,26.5153898743599,14.0255563587099,14.4426926265108,21.580756240584,23300.0648247798,20344.5154384205,789.959551212843,0
2800,2957,6.19706655119469,4565.97003294019,26.3974360640869,12.3470925683225,12.6667821619312,18.9850471377622,23301.2683847224,20356.5597795153,803.13565538732,0
2800,2958,10.020939991773,4981.4815585128,26.169497008266,11.6351859972693,11.9151283220032,17.8845299310226,24598.3068388152,18459.324083286,-1329.11419832226,0
2800,2959,6.36425576425297,5258.48690203406,26.205087703079,11.2294666807356,11.4886028639797,17.2578470129425,23384.4201847405,18684.3281426865,759.506179049852,0
2801,2960,7.27335495471439,3435.93971156912,26.8649219105724,15.0322814327992,15.5142616831802,23.1393926185193,25361.1379152817,23019.9736307122,1166.18949749306,0
2801,2961,6.12366054964755,4748.85191094019,26.3974360640869,12.0276287504642,12.3299238465048,18.4913190192607,23320.1395709907,20349.2167031556,792.999503069668,0
2802,2962,6.62044549003366,4407.82335294019,26.3974360640869,12.6423243574516,12.978374766855,19.4414031244672,23332.9854713911,20361.7451797812,800.723398311162,0
2802,2963,6.93872790162242,3430.328949508,26.8539015088965,15.0481284778703,15.53101169726,23.1638949493418,25334.944577504,23003.2121305337,1185.93684039518,0
2803,2964,7.2974216371726,3503.763633508,26.8539015088965,14.8290474315013,15.2981871389259,22.8248098096631,25359.3484068931,22964.1971562494,1111.12641450025,0
2803,2965,6.01366344763354,3841.16045094019,26.3974360640869,13.8768436586243,14.2841520228713,21.3504466450713,23314.688316443,20363.1510675482,833.398720415831,0
2804,2966,6.93891263551467,4451.32044056087,26.841698688488,12.5952750632591,12.9317793725635,19.369520583221,25423.1375314536,22823.7975643732,1093.44989570015,0
2805,2967,6.94349743915641,4595.570427508,26.8539015088965,12.3295557793094,12.6513568277805,18.9587898990954,25405.4322960034,22846.1199129328,1046.48605427501,0
2806,2968,6.92688712917513,4424.88924056087,26.841698688488,12.6458184467927,12.9851598926008,19.447658173635,25414.5081411764,22822.5578969392,1079.44080143969,0
2807,2969,7.03304120745141,3923.75368856087,26.841698688488,13.7185418516074,14.1199099443719,21.1065322742483,25396.5912745458,22819.1742103822,1064.98741730903,0
2808,2970,6.97044830131681,4529.24842856087,26.841698688488,12.4493283259744,12.7776847048067,19.1439062632317,25377.9727140925,22842.6697547335,1093.84507713529,0
2809,2971,7.11654358020727,4099.03659656087,26.841698688488,13.3165993119795,13.694328020872,20.48485367114,25397.3631705976,22835.6042358544,1119.47416392709,0
2809,2972,7.47521784633789,6538.43540659777,27.1375323552923,9.79541088431834,9.98941374890995,15.0450859851805,32427.7805520058,15261.8072749318,1137.58618141,0
2810,2973,6.85168133397006,3946.60874842808,26.7279260175542,13.6537814687158,14.0504369991387,21.0061193327042,25423.2879063969,22847.3631640032,1137.36472262038,0
2810,2974,7.69367456197544,4703.75955046317,27.225757788439,12.1673006595921,12.48261088502,18.7086728658501,32401.2635022021,15234.8982315565,1162.23179579972,0
2810,2975,6.17636236782954,3289.6680416077,25.8007418633435,15.372009922896,15.865900034755,23.6626214053895,23155.0390319013,17694.0812269443,839.81642121017,0
2811,2976,7.78629640865131,4880.31996646317,27.225757788439,11.8715969932918,12.1707883322248,18.251660866138,32417.8219486502,15252.6367503773,1167.30518664729,0
2811,2977,7.15921269505944,3535.18509442808,26.7279260175542,14.72462951065,15.1861989923207,22.6629148600273,25405.4985653634,22835.7192077866,1059.86404433327,0
2812,2978,7.54821686580121,5209.27827646317,27.225757788439,11.3684873665973,11.6409134366962,17.4742820521465,32407.2841185153,15243.0098704714,1153.52137783699,0
2812,2979,7.38138066296215,1780.89183564372,27.0356173477056,24.2056177495662,25.3569564003564,37.3635284062511,28301.7679342127,22624.8957581757,1141.76843194463,0
2813,2980,7.68706741136244,5055.80110846317,27.225757788439,11.5959794302922,11.8804036698047,17.8257623929276,32393.2457365795,15256.8262344127,1143.96715362475,0
2813,2981,6.13249281799712,2049.7804496077,25.8007418633435,21.5505513062813,22.4763320736816,33.2377646947595,23158.0111593779,17702.4548471729,796.091412704891,0
2814,2982,7.62589162656747,4834.48386046317,27.225757788439,11.9465137928459,12.2497621159149,18.3674379593801,32405.2209242849,15258.8245517416,1146.83650257811,0
2814,2983,7.19103966200108,1764.32828364372,27.0356173477056,24.3768502474913,25.5420170031649,37.6294137340392,28282.6557129845,22595.8414925021,1136.99347104606,0
2815,2984,7.63003643195532,5268.32998246317,27.225757788439,11.2840950270871,11.5521146002818,17.3439061592167,32386.5417423556,15250.7765619854,1145.51465766716,0
2815,2985,6.14700734147896,2386.4478596077,25.8007418633435,19.2899851375312,20.0488087466272,29.731991716411,23140.4848810601,17703.6303617291,823.324989464002,0
2816,2986,7.55661925466913,5340.61931446317,27.225757788439,11.1830383689951,11.4458133011214,17.1877946737489,32407.94109343,15240.1806768688,1150.68849265597,0
2816,2987,6.4075824226428,1907.1620996077,25.8007418633435,22.7306674733569,23.7470613639452,35.0688992768393,23157.8802290975,17701.054012444,786.876508309362,0
2818,2988,6.1665936130977,2058.8331356077,25.8007418633435,21.4808045769933,22.4013004550289,33.1295614875693,23163.5372686792,17693.628254898,812.682035763519,0
2821,2989,6.90290630595784,1859.95855111777,26.1978617778492,23.2455872762388,24.3080617284093,35.8696890197765,23924.97735726,19054.8045181035,985.223036895221,0
2833,2990,8.83264647798955,3882.42873512489,21.4817967495531,13.2919864109929,13.6248821659286,20.4348222681784,26981.1280995091,4854.66739864012,-1372.28695619952,0
2837,2991,7.85165787643735,2398.30060537466,26.6943282675801,19.3674933606528,20.1426016698545,29.8551053163031,29132.9312237445,21041.0367511177,1200.48708791263,0
2838,2992,7.26170978187785,2315.73574436932,26.8589058672417,19.8942021090129,20.7097875729937,30.6723789295456,25892.2925126136,23600.333114287,1204.59767357272,0
2842,2993,7.34373132277837,2088.81065884638,26.820511275668,21.4490980678401,22.3808654403045,33.0841473906364,25323.996245055,24624.6032513319,1259.74530363592,0
2843,2994,6.76269235232847,1759.46608134011,26.6481653596048,24.3381490854206,25.4943771278982,37.5677109676509,28663.1109241069,20827.9502442023,1025.92527419939,0
2845,2995,7.12869330576693,2021.96078382768,26.6574074853735,21.9389133828356,22.9060701345781,33.8435591226294,28614.1321708354,20846.0136176098,1035.28264645413,0
2847,2996,6.61873674428865,2426.84570567849,26.4507543535818,19.1631678444774,19.9206377616214,29.5375280288253,23180.867815281,20995.0759789181,900.303306723872,0
2855,2997,7.15775486693275,2764.06238813265,25.7091093764078,17.3538878086439,17.9765543519175,26.7313196340938,26026.1090307812,12914.1528246841,1071.81352169832,0
2857,2998,6.9518248979716,3159.86676477299,25.6739546815898,15.7929415331116,16.31239044279,24.3138894825643,25636.8533203762,12984.788877501,1027.33675543188,0
2864,2999,7.33184598170057,5175.51978886056,26.4775794093305,11.3664273923355,11.6342604536926,17.4698615621112,25739.7748390841,20639.154936469,1066.33319320935,0
2866,3000,7.5686312853764,2657.95116192524,26.4063139856637,17.9447406668875,18.6154894926977,27.6488544328624,25782.7899650202,19942.6246108747,1184.33431242339,0
2867,3001,7.3462628702862,2680.16370516779,26.4061541462985,17.8384640661746,18.5018378650487,27.4841683540458,25801.193656661,19956.3772619932,1255.40736896387,0
2868,3002,6.892719540728,2284.32412392524,26.4063139856637,20.0152839110422,20.8342451389132,30.8586218008242,25757.9209588939,19968.1870325389,1243.8228462931,0
2869,3003,7.65393291675479,2432.77936392524,26.4063139856637,19.1222552250748,19.8762594295552,29.473956977098,25794.0409457311,19936.2732465641,1262.49088264309,0
2870,3004,7.5454061370798,1921.59223018479,25.5917400436186,22.5594499637596,23.5595353387053,34.8023546763483,26367.7997374552,13764.9754782756,1059.33315506704,0
2871,3005,7.44722889081172,2670.81261353393,26.3673449807323,17.8773829727716,18.5430322514341,27.5443598625794,25767.5046235282,19947.2846870035,1225.28097758068,0
2871,3006,6.88485102387066,1844.30953438033,25.5820351038545,23.2561259751228,24.3102930888938,35.8835220298452,26361.6908651357,13749.1087663263,1079.69777859812,0
2872,3007,7.52444240985524,2938.62674753394,26.3673449807323,16.7060257692061,17.2919769624125,25.7296654447453,25770.4010574813,19965.0277357525,1270.57200025366,0
2872,3008,7.11230799584858,1763.09313418479,25.5917400436186,24.0544250138925,25.1717572054669,37.1227318257179,26358.4993316515,13784.2266694669,1056.81355742421,0
2873,3009,7.79707020924957,5191.51948709394,26.3516869058599,11.3346864746724,11.6001146224584,17.4206192995244,26889.2444140913,19977.1831889444,-1334.16258623908,0
2874,3010,7.00861618809031,4812.04817753393,26.3673449807323,11.9200281935604,12.2163429846579,18.3249897426628,25770.0583051734,19950.3336172717,1244.96691271088,0
2881,3011,6.43815852815184,1771.1999694257,26.385310572588,24.1560247624611,25.2936398205951,37.2838330849648,24526.598243207,20307.0591694207,830.683625432488,0
2883,3012,8.26213441844684,2778.58152008033,25.7543832652627,17.2959683501984,17.9152012988735,26.6417291698386,20793.7748224049,18892.6074768754,-1445.01611873026,0
2883,3013,6.75085271911033,1830.75372352468,26.3661399674692,23.5596325175204,24.6494026384371,36.3578620333267,24446.9695519281,20038.1734570473,921.99082998177,0
2884,3014,8.43803200102732,3152.80326008033,25.7543832652627,15.8273130197007,16.3497352731789,24.3673133785048,20787.1789663759,18909.4891998576,-1430.99290954312,0
2886,3015,8.21726743055494,2632.04254208033,25.7543832652627,17.9744657723711,18.6400727067528,27.6929314144698,20735.9868156536,18922.8022674592,-1431.67675016889,0
2886,3016,6.52193208345483,1666.08734752468,26.3661399674692,25.2933513803195,26.5227101006909,39.0498167757468,24412.6241406688,19947.232707355,915.438965378729,0
2887,3017,6.60378288661077,2184.44723152468,26.3661399674692,20.6719089377328,21.5390538950391,31.8768554260062,24442.2653912762,19993.9709124164,882.702971979302,0
2888,3018,8.53247641061737,2048.17733408033,25.7543832652627,21.553819429757,22.4792109455015,33.2426589844768,20771.6567510394,18901.0421986542,-1403.31363605755,0
2888,3019,6.50184202097492,1746.24151625537,26.3453039163072,24.4060805251778,25.5631723304031,37.671914192378,24454.024727287,19964.1431825663,889.379700574896,0
2889,3020,6.4697372623719,2168.52243352468,26.3661399674692,20.7829549655444,21.658408365335,32.0490996918816,24434.5094861129,19979.4487182393,911.276078144008,0
2890,3021,6.61758601209636,1812.13487892268,26.545400467662,23.781041104081,24.891071148975,36.702316010101,24430.3140115965,19996.5596797602,942.873033334607,0
2891,3022,7.72958642909864,2214.5148803772,25.8364683114018,20.3711417863732,21.2091326243537,31.4084992809251,26410.1448455994,16427.1204122608,1218.3124955062,0
2892,3023,8.52714597040797,4820.74931263222,26.5028377117969,11.9157921868753,12.2127570937446,18.3186860324534,24273.8055791286,19693.7429254052,-1364.18254160271,0
2892,3024,6.34267620957891,5121.12602899048,26.4731907770709,11.4456900392445,11.7176137934772,17.5922995150939,23142.9819023049,19893.8692277665,892.961582131074,0
2892,3025,7.99820845387673,1716.6171503772,25.8364683114018,24.6008629586954,25.7657229341247,37.9721641689616,26416.4488875329,16445.2666071758,1199.26374446998,0
2893,3026,6.38132505447909,5076.42098999276,26.4853584156303,11.5130646702905,11.7885798985615,17.6964054224079,23158.6139176395,19865.5387575995,939.235030325555,0
2894,3027,6.40487927252954,4176.88704868008,26.6648841854062,13.1324585688441,13.4982253511602,20.1997336122467,24686.4341572289,21612.3556100965,880.687081489783,0
2894,3028,6.36010863735323,5974.04656799276,26.4853584156303,10.3477463404222,10.5646391614671,15.896739241569,23145.792584379,19865.7258789116,963.145537592638,0
2894,3029,6.48451697427828,5994.23352492268,26.545400467662,10.3285937315584,10.5448821666385,15.8672599367621,24403.5820206035,19972.3349619946,1034.35491919611,0
2895,3030,6.08086698853137,5385.7825073796,26.6658481805319,11.0846157818072,11.3390821838089,17.0348685272443,24684.282953013,21608.2719489688,887.16740796423,0
2895,3031,6.61365847027427,5903.34310799276,26.4853584156303,10.4281418515184,10.6489246124547,16.0208562371197,23143.3107840307,19899.5491098794,996.849324513214,0
2896,3032,6.29089913897904,5056.1634173796,26.6658481805319,11.5562506782602,11.8351442130701,17.7634325671809,24678.9025437376,21608.6779003467,876.420596322793,0
2897,3033,6.49858818913987,5570.55227399276,26.4853584156303,10.8305397431407,11.0711424618902,16.642185964995,23157.4877538777,19934.6405277603,1006.42943898647,0
2898,3034,6.90482107571365,3328.29458892268,26.545400467662,15.3324133144553,15.8305648312754,23.6031932471109,24425.3004818641,20011.7100451984,903.078737297447,0
2899,3035,6.8120596774953,3101.86437920909,26.5249476271697,16.1026063840436,16.6502287563803,24.7955858023184,24402.5493158207,19925.0585720986,893.678566570722,0
2911,3036,8.68673060901051,1333.04565684851,26.1629932335648,29.9610802117602,31.5805010498876,46.3014868231278,20780.9010903524,18893.0315743764,-1492.12003325004,0
2921,3037,8.95306573490189,3619.73233806337,26.3064184457121,14.4434914351518,14.884209053869,22.2268942781933,31357.8903825755,18479.7726545607,-1357.98163708323,0
2922,3038,9.11868010389896,3980.09972406337,26.3064184457121,13.5366303422577,13.9231560913043,20.8240306036377,31358.7395507235,18464.3213896336,-1339.74645814346,0
2932,3039,6.81713424659278,2947.32857946267,26.2624640390071,16.6576625670725,17.2393398643852,25.6544692362922,21887.6603298735,18576.3931178146,1039.98591733754,0
2933,3040,6.79479517122168,2780.74594146267,26.2624640390071,17.3570253852596,17.9857917421775,26.7378019377046,21902.7049744149,18602.3057259918,1011.0922852889,0
2934,3041,6.57579390090798,3700.66183146267,26.2624640390071,14.2215910346534,14.6484759427957,21.8834692275521,21875.5916768909,18601.9798039736,1016.93272254215,0
2934,3042,6.75774660795227,3067.87947977177,27.493047872073,16.3461735779541,16.9190520501879,25.1753174075654,25529.4801370458,23680.5073917623,1117.25395542031,0
2935,3043,6.73501493749141,3954.75376746267,26.2624640390071,13.5914477504973,13.9808428954678,20.9087181869302,21875.6611051937,18596.1391292403,1036.53659097579,0
2935,3044,7.38856546615839,3664.52554023876,25.7421895163677,14.264643309179,14.6898000769027,21.9488837323876,21976.7340155034,16490.2268585477,1223.44474039036,0
2936,3045,6.66162028826619,3570.24588546267,26.2624640390071,14.576277271689,15.0247476797618,22.4322561903161,21911.7860889892,18588.3324204087,1062.57310134454,0
2936,3046,7.10876693743044,3119.09570223876,25.7421895163677,15.9448972532626,16.4747641397374,24.5493244306266,21946.5563904867,16478.9739509901,1238.45482485131,0
2937,3047,6.75870655531724,3962.22058146267,26.2624640390071,13.5740325332299,13.9624075693844,20.8817834592374,21905.0401862739,18620.0001030723,1019.65405662467,0
2937,3048,7.08808205241923,4377.75088658242,27.4781529089677,12.7894863592637,13.141361991902,19.6709938423178,25230.9335248495,24868.5266567647,1222.55737121311,0
2937,3049,7.23611363067892,4125.330296069,27.4961280976576,13.3162955106726,13.6988050084111,20.4857062557674,24794.8545337596,23357.0821700659,1251.48594622851,0
2938,3050,7.55792842119387,2067.20002023876,25.7421895163677,21.4054200806311,22.3194141906184,33.0123940884542,21941.0010122462,16454.101912113,1252.82393908455,0
2938,3051,7.00337643877496,4722.25955258242,27.4781529089677,12.1543491284389,12.4705784326835,18.689104389862,25224.5031129339,24870.045770797,1246.95925718652,0
2939,3052,7.27099593698139,3980.487320069,27.4961280976576,13.6446514485961,14.0465920561851,20.9936023275285,24769.7321366981,23358.4537220273,1205.90077098012,0
2939,3053,7.73047162568523,1595.77754223876,25.7421895163677,25.9731613142405,27.2480527471286,40.1028186378566,21957.8112861619,16439.6015168458,1222.15936072502,0
2941,3054,8.57898616456711,3226.41565859266,27.6216713116541,15.792373794684,16.3298442279445,24.3179841632089,25107.8467164639,22398.403148654,-1447.38820878827,0
2943,3055,8.40813929041532,3834.64162259266,27.6216713116541,14.0096476217787,14.434521437562,21.5585399995326,25120.1630398312,22385.0005178225,-1382.008643844,0
2944,3056,7.58491647856907,3583.50689498279,27.5894639037615,14.6758309087656,15.1415371425861,22.5893689781287,25215.3491824319,22248.2240426873,1191.44849089688,0
2945,3057,7.2527231561536,3898.55113181598,27.5636439622555,13.8463743595503,14.260921088015,21.3058083831051,25275.7818675412,22130.6134344833,1039.99172866635,0
2946,3058,7.17495101137676,4411.91111381598,27.5636439622555,12.7294679983279,13.0785059980941,19.5783549782576,25290.994371367,22135.9466359461,1049.79479551268,0
2947,3059,7.10531469059474,4850.95537181598,27.5636439622555,11.9440553560566,12.2493004731114,18.3642261959462,25281.3670741851,22112.802738924,1122.89897079077,0
2948,3060,7.07747880340595,4390.65602381598,27.5636439622555,12.7710416190545,13.1224513541211,19.642636189796,25276.5993094674,22106.3111653628,1063.92760817698,0
2949,3061,7.11796230720056,4349.31322181598,27.5636439622555,12.8529471794473,13.2090449902956,19.7692829535417,25268.9140198257,22111.9180286989,1028.29369786944,0
2950,3062,7.12005847875113,4657.73444329072,27.7464473583335,12.2872976672329,12.6126289940809,18.8950885477227,25249.8093260997,22143.7629198664,1043.54283961794,0
2951,3063,6.97499194553658,6193.73957929072,27.7464473583335,10.1784393174389,10.3936629716172,15.6371605077977,25283.2677693613,22125.7690616823,1050.65110163111,0
2952,3064,6.93304579910394,6196.97740129072,27.7464473583335,10.1749804116105,10.3900363508856,15.6318204480907,25252.407625938,22121.4165886829,1041.56999442929,0
2953,3065,6.85798220644282,5761.08286129073,27.7464473583335,10.6712343854343,10.9108017502006,16.3980891416262,25263.9459858656,22123.5357169821,1059.07113090527,0
2954,3066,6.80413233634239,7037.59969129072,27.7464473583335,9.37234769003162,9.54971569561992,14.3930064213858,25278.8866327042,22105.3224068334,1058.39672631351,0
2955,3067,6.92445779089932,6766.79002129072,27.7464473583335,9.61181639325408,9.80016843137573,14.7625402343098,25272.118271334,22097.3479867247,1038.06033406149,0
2955,3068,4.56548241954675,4929.36805491995,27.58278102739,11.81834095403,12.1168779103986,18.1699735693319,25595.5420067849,21696.4489425952,-472.123309466938,0
2956,3069,7.08857078833643,6269.20065529072,27.7464473583335,10.0986424789243,10.3100083127309,15.5139686243707,25242.0808470454,22090.4879884075,1020.1771491246,0
2968,3070,9.7202217158729,4488.34187431971,27.5766901640286,12.5839249393828,12.9247894081941,19.3533516688378,26701.1196852578,25658.6709706884,-1102.88987275452,0
2969,3071,9.70476547681974,4787.98357831971,27.5766901640286,12.0497524123508,12.3608595697984,18.5276093782985,26733.3909624596,25638.1712673974,-1146.74685575132,0
2970,3072,9.82628967260056,3938.04497481277,27.7004341857808,13.7637273486255,14.174334318705,21.1782333494493,26696.6791021467,25639.859703367,-1111.00874650588,0
2973,3073,7.06311593260801,2866.04218483652,28.0351951410721,17.2239191058977,17.861608475512,26.5365436156449,22157.5885664744,22246.3287845861,1217.21015359633,0
2974,3074,7.54897241064061,3137.38047883652,28.0351951410721,16.1545971165842,16.7197263790678,24.8799786476825,22161.3344901937,22263.2882577853,1186.31545723062,0
2975,3075,7.50200279122139,3649.37484883652,28.0351951410721,14.5366859804888,14.9972986622716,22.3750071982504,22195.2703809091,22252.1969671047,1185.30599144912,0
2976,3076,7.57599236541346,3190.15207046091,28.0218886284669,15.9644998736495,16.5168904583476,24.5855295321289,22155.9362083317,22233.122776338,1210.86583732942,0
2977,3077,7.69813884312363,3697.12721683652,28.0351951410721,14.406657697402,14.8591653059462,22.1737687422129,22174.2773876235,22237.8637261612,1220.86323663476,0
2978,3078,9.99743318523202,5545.62277660178,22.7835168781626,10.6204698462137,10.8289438060201,16.3118035605383,28570.1901919734,5469.92247826295,-1251.36669067297,0
2978,3079,7.47818635878817,2993.65812446091,28.0218886284669,16.6972102961651,17.298704445241,25.7204548766159,22168.0611868718,22222.745725836,1200.38399364021,0
2979,3080,7.46687553537795,3452.46240883652,28.0351951410721,15.1071993864012,15.6039053383653,23.2581091639985,22204.9003513901,22250.9799792203,1201.67184054229,0
2980,3081,7.28267428593701,4962.75970857045,28.3584424051974,11.819936005752,12.1232991047949,18.1737460112216,22179.3566127901,22204.0524378137,1217.16659562808,0
2980,3082,10.1149068553262,5225.41879907683,22.8987493120472,11.045017200111,11.2742554293887,16.9672952764588,28556.3578074208,5434.70626891798,-1214.87881588693,0
2981,3083,7.51040245604958,6009.3475641921,28.3639670704566,10.4158980937694,10.6459108825283,16.0046676505208,22137.6024771503,22263.4276267965,1146.3293951605,0
2981,3084,10.2274616021749,5356.12108307683,22.8987493120472,10.8696126615387,11.0904924786863,16.6965357114934,28577.4247386062,5454.44859765717,-1196.96408500962,0
2982,3085,9.4782472045506,5559.97171307683,22.8987493120472,10.6105286829784,10.8192578914219,16.2966596343841,28565.2347690898,5464.20481550791,-1243.68699604798,0
2982,3086,6.95210637624535,5131.06081419209,28.3639670704566,11.5603395148597,11.8496588043086,17.7725672165879,22164.1447591752,22240.5662609652,1172.04365556176,0
2983,3087,9.71583955174367,5585.1516941881,23.1097943617676,10.5937193665492,10.802969729964,16.2710778275152,28552.6300396545,5493.81225544826,-1234.00546859804,0
2983,3088,7.14451162039163,5476.5386241921,28.3639670704566,11.0714219585919,11.3348451794103,17.0171485055903,22150.4490259178,22259.4304653508,1179.15975843198,0
2984,3089,9.8133917814993,5716.55454707683,22.8987493120472,10.4225422159021,10.6226032359496,16.0065576459832,28573.70940933,5450.31789786945,-1214.53270680132,0
2984,3090,7.32339805215704,5246.9396001921,28.3639670704566,11.3899829157686,11.6701866502041,17.5093266569604,22184.281201075,22252.5294457008,1192.48972985429,0
2985,3091,7.58632120449883,4965.0068001921,28.3639670704566,11.8167486551481,12.1199709338572,18.1688290213797,22173.1271875343,22263.8594794287,1123.2808965371,0
2986,3092,7.17699057102791,5535.51680073119,28.3702034214797,10.9937693634861,11.2531894723841,16.8971988657097,22302.3880330618,21728.9461208097,-647.312751538276,0
2987,3093,7.18656761967414,3476.51174619209,28.3639670704566,15.0688207868052,15.5658069483463,23.199448570851,22159.8130525139,22231.7120402074,1204.93241074604,0
2988,3094,7.31261298360739,2519.83446219209,28.3639670704566,18.942457884685,19.7055783619498,29.2012954413506,22177.8856512793,22251.9530376192,1185.19986719297,0
2989,3095,7.29118747574433,2899.40852019209,28.3639670704566,17.1248324986026,17.7588862550875,26.3838919539792,22175.7590113198,22253.9599144339,1159.79146505006,0
2990,3096,8.77862795214307,4585.04451684684,28.3965532998427,12.4678146708776,12.8075112832125,19.1753258781174,22282.296373247,22203.3013719602,1135.69756276826,0
2990,3097,8.5333710107614,3702.99406439599,28.665050403176,14.4522201769542,14.9125107520907,22.2456451023858,23558.7280373624,21754.8269465622,882.678663764084,0
2991,3098,7.33667183616571,4630.16162064869,28.6444437717128,12.4045431522127,12.7422443489513,19.0779403043847,23685.8584309829,21704.1703911879,880.257016636089,0
2991,3099,10.1657089927368,4988.71501884684,28.3965532998427,11.7814802317656,12.082973154011,18.1143747150414,22393.2685792234,22153.0360175212,1098.33667835009,0
2992,3100,7.54788929103476,4440.49573464869,28.6444437717128,12.7601994977946,13.1182731021887,19.6278794406133,23640.57487772,21715.4391266709,890.679162631038,0
2992,3101,10.0573371645967,4553.56936284684,28.3965532998427,12.5258840348404,12.8688816869948,19.2651096173673,22346.0243873372,22166.2501130914,1078.69525301581,0
2993,3102,7.06889487975229,4546.37471664869,28.6444437717128,12.5583792340055,12.9048441348354,19.3157985237331,23697.2762733354,21660.8080927426,893.672723239973,0
2993,3103,10.5854873430682,5060.34357084684,28.3965532998427,11.6699382478378,11.9653668738821,17.9419901800119,22393.4270273158,22118.9733532662,1055.53325584468,0
2994,3104,6.9030937655511,4609.94175264869,28.6444437717128,12.441209164952,12.7809924205174,19.1346307054541,23720.5333526574,21683.9287490163,888.584348587794,0
2994,3105,10.6746401640204,5364.69883884684,28.3965532998427,11.2256664356312,11.4973546255823,17.2554956675843,22419.1045264111,22124.9960244975,1087.50235397082,0
2995,3106,8.2129995388717,4473.83524284684,28.3965532998427,12.6762573898418,13.0278519566936,19.4976221872085,22197.838490626,22257.5850919532,1103.96327835914,0
2996,3107,6.95287813459103,7588.5377138623,28.4468331429725,8.96221934550127,9.12421771007722,13.7610721258621,22307.3470866092,22309.7051186853,1012.29896122213,0
2996,3108,3.66910342067337,6457.16045287939,28.6659197210112,9.95513514670438,10.164037205604,15.2936556833426,22904.6063762165,22255.0349652758,-486.742898737073,0
2997,3109,6.50147617348005,7407.7703318623,28.4468331429725,9.10137843451973,9.26956721053459,13.9757613132836,22350.5298278903,22351.8676349236,892.106418826206,0
2998,3110,6.77492904657792,9515.93734811952,28.4863766974086,7.77071667043,7.88321668805426,11.9238314349869,22572.0731716297,22558.1124126351,1251.23097106773,0
2999,3111,7.78771426828133,10931.3060821195,28.4863766974086,7.13057892487317,7.21904825645216,10.9374743212699,22517.8546611192,22494.3563244702,-1411.29929387566,0
3004,3112,7.00403286419888,8107.24172339065,28.3429643725976,8.58887166877531,8.7342561035807,13.185083403022,22413.641086748,22404.2546160555,1178.57551543071,0
3005,3113,7.23152831696881,4733.0835819128,28.304114662667,12.1971517236629,12.5210195758683,18.7567190506561,22270.436874504,22278.9116648635,1202.36990470466,0
3006,3114,7.04432361405539,2461.12573095772,27.6933701819211,19.1655359876675,19.9374839608235,29.5451439876284,24517.8889353659,19000.7537392003,1108.97749168949,0
3006,3115,7.21250222615067,2832.1957299128,28.304114662667,17.405987891098,18.0589581553932,26.8194062650881,22172.1686378904,22252.5602660553,1235.70372799445,0
3007,3116,6.86171802629806,1959.41750295772,27.6933701819211,22.667073494123,23.7050202479369,34.9775278276144,24548.2867682641,18985.7020358109,1096.13244592264,0
3007,3117,7.3119317817682,2403.3935619128,28.304114662667,19.5963324245225,20.4068288692737,30.2150954699562,22159.6483178629,22256.635953705,1191.37676783616,0
3008,3118,6.79410436788267,2520.77213895772,27.6933701819211,18.83602487859,19.5840727542031,29.0342471047673,24540.8640152806,18971.6684459552,1062.05554124659,0
3008,3119,7.22401097702384,2400.5081559128,28.304114662667,19.6135156441347,20.4252851138669,30.2417449597345,22170.9789721507,22266.9177158881,1181.27419708396,0
3009,3120,6.97086296297774,4203.27448522093,27.7537300957876,13.1700003714399,13.5457897338212,20.2599528464239,24546.5209022096,19054.3276001876,1047.59424874131,0
3009,3121,7.29321030036386,2676.7362219128,28.304114662667,18.1250444115497,18.8286520483907,27.9338600257374,22183.0990831611,22231.5323409031,1194.86805425701,0
3010,3122,6.90832634232915,4675.56655682331,27.9988274160099,12.2748560928198,12.6011209125821,18.8763044578384,24578.8987316058,19100.4091814975,1076.54040955162,0
3010,3123,7.52199870728537,2165.79756544242,28.5506505425732,21.197334197143,22.131743105587,32.6995636147819,22162.9385712522,22244.8651108983,1145.55306274556,0
3011,3124,7.06657786325936,4488.58784282331,27.9988274160099,12.6168186398396,12.9623738340379,19.4049878172865,24574.8750783219,19113.9491359657,1067.98160650608,0
3011,3125,7.17039835748978,2360.72766544242,28.5506505425732,19.8943198040946,20.7297972551597,30.6780462733609,22170.4493279811,22237.7033267312,1208.67573796787,0
3012,3126,6.99110222859326,4165.31224082331,27.9988274160099,13.2725054290908,13.6560524716863,20.4189724238696,24580.575257358,19127.0836841377,1062.9733131444,0
3012,3127,7.42284470799351,2511.73792144242,28.5506505425732,19.0149035646109,19.7853408791259,29.3141889717367,22170.3102671408,22253.8831057037,1081.69424156693,0
3013,3128,6.97578500650579,4490.04155882331,27.9988274160099,12.61406181954,12.9594600407124,19.4007252989255,24568.5144605711,19117.6177786829,1052.15397943509,0
3013,3129,7.06410608196976,2693.01190144242,28.5506505425732,18.0805587678041,18.7835389469263,27.8656029050962,22155.1574107655,22244.1846511147,1220.21410612395,0
3014,3130,6.99580156266224,5229.58653482331,27.9988274160099,11.3908809107849,11.6690227538604,17.5101320502376,24575.058877049,19091.1197065612,1024.56936242865,0
3014,3131,7.44725338486886,2501.64695980533,28.4978340542396,19.0625940345306,19.8359452505391,29.3879813226163,22164.1582154758,22247.4490653363,1220.74223205229,0
3015,3132,7.26296407544876,7606.63245482331,27.9988274160099,8.92907976589157,9.0877702035146,13.7094381744339,24583.4372707689,19130.9550088441,1056.2319855321,0
3015,3133,7.44157996832971,3422.84053908295,28.1150892357532,15.2067019518434,15.7104646420078,23.4123397072594,27383.0911104017,23884.7563210288,1154.36400764118,0
3015,3134,7.41449635103076,2633.09812780533,28.4978340542396,18.3686540736262,19.0916946816655,28.3120548341053,22142.7879316311,22246.8022064738,1211.22768908434,0
3016,3135,7.06521166748958,7807.77388682331,27.9988274160099,8.78203056839838,8.93432961401668,13.4826176015116,24582.077587221,19133.5876071855,1032.84705204826,0
3016,3136,7.1838535634827,3128.60154513947,28.0909489795566,16.1931199903403,16.7613261457691,24.9397847105151,27383.4178406585,23907.0633250262,1158.66833995347,0
3016,3137,7.52527359487439,1911.33118744242,28.5506505425732,23.2696727519902,24.3671256939627,35.916222232339,22182.8189250159,22246.4652148147,1202.05082775504,0
3017,3138,7.04800081879429,7872.24398882331,27.9988274160099,8.73628237270537,8.88661138543046,13.4120569312088,24591.6580294908,19106.0024936072,1043.05469596453,0
3017,3139,7.14859633107534,2734.99058508295,28.1150892357532,17.8207990349953,18.5009210356763,27.4617472331513,27371.835373313,23921.750887768,1162.8272710884,0
3018,3140,6.97580538047451,8406.30841082331,27.9988274160099,8.38085365038543,8.51617895464282,12.8639370655207,24580.6159436762,19124.2309199133,1040.7417433804,0
3018,3141,7.32386523020678,4024.01818308295,28.1150892357532,13.5990166801174,14.0028113804137,20.9242701240459,27364.1170249429,23890.4990196517,1139.26113743317,0
3019,3142,6.98893923465731,6092.65331882331,27.9988274160099,10.302205707173,10.524742383212,15.8286006214538,24593.7823254923,19127.5244287892,1130.55186885454,0
3019,3143,7.45155700459753,4556.58483708295,28.1150892357532,12.4985574596339,12.8381633676105,19.2223519335223,27359.8462945575,23902.2633397473,1159.55782705279,0
3020,3144,7.24789739105394,5557.94867752931,28.1171210479457,10.9488242950966,11.2045338208449,16.8273876681449,24584.1386910194,19118.2587078665,1102.56240764809,0
3020,3145,7.33301309968495,4673.30327536649,27.9894235792626,12.2781406418329,12.6045285829662,18.881365322107,27378.3546617889,23878.3186854677,1134.53416102911,0
3021,3146,6.88324876509811,6256.56543203201,28.1668362104398,10.134748290341,10.3499403218664,15.5702844248329,24543.8575884908,19238.2363718239,1058.12464958483,0
3022,3147,6.95430148303096,5864.42434088638,28.1857093338416,10.5733887678725,10.8103599024844,16.247623055739,24490.2427652084,19209.5115131531,1044.55330992453,0
3022,3148,4.475149130142,4376.28884804309,27.9483166797215,12.8306354110212,13.1880924015024,19.7355099789633,25188.5373038804,18784.182008126,470.453017417131,0
3023,3149,6.53761542836155,6486.43858088639,28.1857093338416,9.90099755002283,10.1050182958019,15.2094512673541,24352.6485967851,19135.2073386672,953.102967755852,0
3023,3150,6.82791989717608,3185.9405117367,27.211241159287,15.8848881768192,16.4246869566798,24.4602170876104,23044.8310979636,16647.8867882161,994.365405710332,0
3024,3151,6.84442364520063,6541.51666822462,28.135158620215,9.84429236660712,10.0453725403856,15.1218535780799,24350.7354667041,19133.9173297821,1022.09239750037,0
3024,3152,6.8131499423102,1575.52023295047,26.3846332125255,26.3969507608567,27.7175061506975,40.7640420206313,26131.0050771556,13463.283054945,1068.32610890713,0
3025,3153,6.81846663514663,6028.97685399746,28.150675049459,10.381669578791,10.6088968833456,15.9515127940107,24278.8685305443,19104.7534849624,1001.07033887936,0
3026,3154,6.94848037578435,5408.17404399746,28.150675049459,11.1501725638593,11.4165169927975,17.1384799591079,24199.4879155582,19078.2441804376,1011.08565500294,0
3026,3155,6.68614835267385,5373.21755590506,27.3969763086053,11.1493913353356,11.4114138126588,17.1360913306981,23125.1271266947,17232.2017528232,924.988092357795,0
3027,3156,6.96375128863828,4846.09254999746,28.150675049459,11.9945873338632,12.3062615426077,18.4433371792441,24232.8958580238,19075.2781194924,989.295052542077,0
3027,3157,6.85452195277118,5154.32722493528,27.4161881258373,11.4615294554292,11.7399798253545,17.6183425158372,23100.9324472544,17241.7117416593,928.082209437016,0
3028,3158,6.83588259207346,5206.32777999746,28.150675049459,11.4347363466993,11.7160892863068,17.5781374733786,24220.7398199615,19093.5441227013,1041.57336372632,0
3028,3159,6.58335166462171,5030.05653293528,27.4161881258373,11.6486755989496,11.9370671792743,17.9075069183592,23111.960053718,17233.9027899684,940.91536421373,0
3029,3160,6.74562351867771,4836.18084999746,28.150675049459,12.011038397217,12.3236191600891,18.4687650914919,24218.4087633787,19062.51143119,1041.00298337821,0
3029,3161,6.49175624960701,5089.30647293528,27.4161881258373,11.55843566183,11.8420190746138,17.7680708293743,23111.1894132423,17226.7338506605,930.334199709137,0
3030,3162,6.78441218976255,4427.46957551881,28.2893620522542,12.757391066407,13.1129361692391,19.6228842689361,24231.4819483067,19060.4903381993,1005.47069162958,0
3032,3163,8.55713356884201,4461.76178796044,27.046805199202,12.5919648071594,12.9296904079443,19.3647910635262,20808.5140077367,17774.4354588437,-1498.76954132961,0
3033,3164,6.19420694544333,1641.14430447845,27.2641751982255,25.8092835224588,27.0952253972807,39.8550795713648,23868.7826024799,16310.6322752847,872.574903237889,0
3034,3165,8.53841483428527,4608.74128596044,27.046805199202,12.32091889539,12.6435281339546,18.9457942700443,20808.1875871922,17789.5427969997,-1442.29483322574,0
3035,3166,8.28999728259492,4478.12710596044,27.046805199202,12.5609998196827,12.896986899415,19.3169206104853,20812.404228436,17783.1951246323,-1463.43468811979,0
3036,3167,8.15921925468287,4447.40083596044,27.046805199202,12.6193050581905,12.9585681370832,19.4070585155531,20826.0471458379,17804.9058290687,-1430.84333994391,0
3039,3168,6.56374950779422,4193.26895522848,28.623510820366,13.2651340273531,13.6526478001636,20.4087837256746,23242.3544621252,22612.7309776756,981.041843444924,0
3039,3169,8.50038946782739,4411.87214144807,28.1297065697267,12.7751126607206,13.1306046292223,19.6499920992863,21779.4815662069,19541.2537769448,-1351.36231208724,0
3040,3170,6.32593025830953,5834.41132436755,28.7750145611239,10.6434132490745,10.8869891822665,16.3566168657314,23284.6450856868,22613.1324575941,1002.4629855341,0
3040,3171,8.71861851638126,3463.59675098454,28.2189158900737,15.0927166025305,15.5900305596814,23.2361109800511,21780.7089609488,19546.4448079616,-1314.30722046664,0
3041,3172,6.04424054563756,4375.77028831724,28.779826215243,12.8987547725435,13.2657790498182,19.8424019893075,23302.774169249,22614.0994452478,1009.67145564287,0
3041,3173,8.59122236469993,2514.80477498454,28.2189158900737,18.9480339532561,19.709978644057,29.2095052541442,21798.3928789215,19557.6848724674,-1369.20094936405,0
3042,3174,8.5990329356639,2165.34025898454,28.2189158900737,21.1413389283542,22.0673664580911,32.6115510070378,21779.946895492,19541.5618440698,-1339.10595400685,0
3043,3175,8.82878141123718,2226.927121989,28.1680960738486,20.6995585669319,21.5912348111409,31.9259418549006,21792.4154261758,19505.3704803223,-1458.44594109987,0
3044,3176,6.57924991487049,1797.25337099219,28.2389540207416,24.3080094254586,25.4851162430782,37.5273630392948,22103.8427012838,19297.3744160069,894.143752030742,0
3045,3177,6.36939430698869,2031.54290443056,28.3475022220005,22.1909718051901,23.2001122098317,34.2409198827978,22110.1273466158,19320.9532040209,963.819068361306,0
3046,3178,8.95708764274453,3439.31108116349,25.8607829035678,14.9128845534439,15.3786207660367,22.9521834609809,26224.6109243865,8993.85058893267,-1437.8652985194,0
3046,3179,6.39521246461953,1684.58971082216,28.2931632361631,25.5476588385377,26.8275962801089,39.4530233666978,22086.7908652225,19354.8620848034,987.044210228497,0
3047,3180,8.79832505064671,3923.13419716349,25.8607829035678,13.6280300640051,14.0164264363183,20.9644313429719,26182.5191266628,8975.32367890479,-1503.27038123632,0
3047,3181,6.55822305396351,1326.75598499219,28.2389540207416,30.7306507327967,32.4551634554548,47.5084381750892,22115.2974242749,19294.1943315968,969.468822304852,0
3048,3182,6.41441275677155,1666.68257282216,28.2931632361631,25.7572261166105,27.0546081897551,39.7785814158457,22084.8014882553,19321.3919042278,980.223656796332,0
3048,3183,8.75526705017202,2697.38729716349,25.8607829035678,17.6788974356619,18.3253445978431,27.235291553558,26190.5729985058,8946.87870519987,-1401.39277633761,0
3049,3184,9.45177024747738,2721.17683409651,27.6392809182018,17.81959928624,18.4947357592699,27.4585372254071,27933.1491945125,17608.9491843823,-1221.67925225658,0
3049,3185,6.25628009785459,1440.69545443056,28.3475022220005,28.8404182849543,30.4011268519162,44.5701467881413,22086.0981556393,19312.2738433351,935.126076118543,0
3050,3186,6.30622372422651,2477.72245962876,28.3227699870013,19.1693766957163,19.948626308254,29.5530354914584,22092.9304068433,19341.725890123,1006.32320568355,0
3050,3187,9.26607507858425,2663.54688752756,27.8314546810921,18.1225558038088,18.8210518401252,27.9286424937065,27927.3108376519,17622.620129937,-1219.62146912931,0
3051,3188,6.15033772603011,6639.47290527898,28.868911560497,9.78714345733206,9.98892682540407,15.0345839602435,23905.2095770932,21729.0744781368,859.219779959475,0
3051,3189,6.86010601660655,3160.64551829228,28.3783026721673,16.1107824397666,16.6760948463232,24.8129715206093,22094.2471705075,19361.0321626824,911.103796888996,0
3052,3190,6.06931922988251,6662.09612642963,28.8690601478773,9.7655958111154,9.96635159670497,15.0013221699717,23928.4998625511,21708.3520014261,850.989887781069,0
3052,3191,7.47679653535321,4936.68763842646,28.0408439188138,11.8391852285775,12.1416691586274,18.202963887651,28158.5001847645,24586.1965479024,-1497.63888841146,0
3052,3192,5.92518144176712,5305.631092889,28.8153806431484,11.33548554959,11.6153544312059,17.4258277552208,23941.2041516548,21689.5781815414,865.786887565164,0
3053,3193,5.91040818298635,6851.27744042963,28.8690601478773,9.59024477183724,9.78269964248525,14.730660241865,23898.1230983861,21740.1882236494,896.84966658919,0
3053,3194,6.69118427431339,3048.15180762876,28.3227699870013,16.5219327915734,17.1143711938984,25.4497014351663,22101.1570291283,19335.474956365,950.486023729662,0
3054,3195,5.86268643786889,5781.65082842963,28.8690601478773,10.712697970882,10.9602991066688,16.4637660475092,23947.2939226161,21682.8109417393,868.298823220765,0
3054,3196,7.81676556433251,5166.44084442646,28.0408439188138,11.4859168135042,11.7693549919251,17.6570429428129,28165.8358304165,24591.5969726771,-1432.25538669247,0
3054,3197,5.62067287853767,4466.881012889,28.8153806431484,12.7225146804357,13.0795373058201,19.5699140373318,23974.6262800126,21661.2586618785,873.089821059292,0
3055,3198,6.0906406677329,6343.11559442963,28.8690601478773,10.0819376023848,10.2979678038811,15.4896913832011,23968.3021692333,21671.533343276,861.152218729018,0
3056,3199,6.38007871408147,4717.11102231819,28.8770248131344,12.2672400994732,12.5986413459387,18.866064607746,24047.3352238966,21558.5756637166,730.211775034025,0
3056,3200,7.598313581793,5794.96848706718,28.0208844258384,10.646577905253,10.8863651790136,16.3604140456776,28173.6055407298,24582.3823896546,-1470.57873510966,0
3058,3201,7.32253416676113,5033.37585273831,28.5270397903506,11.7205883578416,12.0195426699678,18.0204812371354,25660.4952628122,19448.3470037532,1235.25785370994,0
3059,3202,7.48160014604922,5885.80407873831,28.5270397903506,10.5679725106595,10.8064432748429,16.2397478249407,25657.2933104439,19448.6529301271,1215.84621470576,0
3059,3203,7.67125005276546,4428.21024483131,28.0723649514115,12.738629121574,13.091638986665,19.5934707404349,28150.4512141075,24584.3683118678,-1472.24495576014,0
3060,3204,7.47872397968848,5095.04493547279,28.8494309552699,11.6476079916067,11.9444894603904,17.9082151479258,25662.3018429268,19409.0205945436,1252.13978717967,0
3061,3205,8.29983118777657,3261.0706704293,28.3204801857228,15.7535668407141,16.2946866759935,24.2595959511834,30142.6835383254,18373.1837447328,-1522.52469570335,0
3073,3206,6.29967799990011,2623.57657515649,28.4592813972603,18.4112207052199,19.1369152805415,28.3779335321979,23164.3264337034,17942.8259257581,913.901335377048,0
3074,3207,6.41644404275298,2556.48537915649,28.4592813972603,18.7593679535807,19.5102048330856,28.9176947236826,23161.6769830445,17917.2019150938,892.452442092068,0
3075,3208,6.36191320281518,2096.45034315649,28.4592813972603,21.6983529136091,22.6704179955947,33.4767489777135,23180.6729287584,17937.8597854633,834.844577009383,0
3076,3209,6.56766539658062,2205.67727715649,28.4592813972603,20.8973216351066,21.8075902371445,32.2337423604205,23184.2632952257,17938.6169846334,911.382609272039,0
3077,3210,6.77152864350347,2041.80383715649,28.4592813972603,22.1291468073511,23.1348746892934,34.1453571182383,23159.1048652238,17941.7205849774,907.505074198089,0
3078,3211,6.73176299070872,2532.08057115649,28.4592813972603,18.8902395190999,19.6505898655661,29.1206129448433,23173.0073332699,17933.1960755509,852.052493534311,0
3079,3212,6.2884764360178,1826.74197315649,28.4592813972603,24.0584056289549,25.2183054105856,37.1406005601009,23149.4506162387,17941.4380429698,889.561151396917,0
3080,3213,7.17838233782656,3547.79467781296,29.1043268886459,14.932753370765,15.4270267172505,22.9904526012794,22724.301116949,22388.7987289931,1144.14716625389,0
3080,3214,6.3525408734224,1890.33295503862,28.4699368530597,23.4471972201713,24.5578186696177,36.1915541027908,23174.7848917019,17923.1132733941,887.181144983752,0
3081,3215,7.31319417790451,4392.68255504292,29.0700235528831,12.8881610243458,13.2565008924494,19.8265510654813,22742.5967083554,22376.634336259,1060.34728261613,0
3082,3216,7.28790534672423,3589.63831533893,29.0880870360488,14.8096385455286,15.2958884405792,22.7998176496174,22750.0028250932,22398.6747027787,1083.67408452072,0
3082,3217,6.4895289295815,1940.06766303862,28.4699368530597,22.993802945656,24.0680999008665,35.4876172099674,23159.0029233182,17926.2890637562,916.49805535705,0
3083,3218,7.2600865008109,3453.16352504292,29.0700235528831,15.2137962962486,15.7259581554112,23.4255108217413,22752.519127174,22415.7303810717,1123.89018099622,0
3083,3219,6.39968773370849,2211.51608703862,28.4699368530597,20.8584444100229,21.7658694739508,32.1734574165321,23159.5121323337,17906.6369838729,845.752466158823,0
3084,3220,7.20402564097891,4785.07574504292,29.0700235528831,12.16370405403,12.4904675851303,18.706326700195,22749.0975813197,22413.1784228288,1123.41364236297,0
3084,3221,6.80205268772485,1836.94193103862,28.4699368530597,23.9596125782888,25.1116371418326,36.9872255353676,23144.8858642591,17922.9448883086,865.54057530672,0
3085,3222,7.30690998244593,6192.80315133893,29.0880870360488,10.2527837093476,10.4782918404844,15.7537830475344,22759.6704028908,22399.7119614795,1063.57668992963,0
3085,3223,4.37011720775811,6489.83509006936,28.8312608521444,9.93108949121701,10.1396109096499,15.2567496050521,21994.5434635588,22768.280347939,510.094884246478,0
3086,3224,7.22683943757087,7010.05416104292,29.0700235528831,9.45899183948584,9.64619138412346,14.528330361358,22748.4971678749,22404.8106521633,1113.1488323244,0
3086,3225,5.0766359715723,6830.43254918177,28.7792284575822,9.60476978163846,9.79750453458587,14.7529675163055,21919.1962086024,22792.4742382222,549.396747344562,0
3087,3226,7.02791242616147,4899.15009333893,29.0880870360488,11.9739432541568,12.2901994639566,18.413005585006,22745.247820228,22381.4240873295,1036.16660008149,0
3088,3227,6.96682821681761,2814.80416980721,28.9889201473116,17.5733577244324,18.2447852435766,27.0806480199571,27549.3848839065,23199.7536973122,1024.88451208285,0
3089,3228,6.851391293034,3385.07933580721,28.9889201473116,15.4187787402053,15.943638802206,23.7427302673613,27587.9528417749,23227.5925085657,1026.89899598029,0
3090,3229,6.87925559808137,3046.88020724053,29.3208732599141,16.6472136721667,17.2573502801797,25.6463168230324,27582.7198301759,23204.5088564659,1064.41657498677,0
3092,3230,8.63568003573968,6550.37461469232,27.9588139418398,9.82657004956716,10.0259739273001,15.0942669494761,33058.5119685742,15737.7199276792,-1381.93990458479,0
3092,3231,7.91806916559194,3178.39700758128,29.2196194459902,16.1440900708953,16.7191062886012,24.8666211296611,28689.5518086837,23294.5319056465,-1499.46219446988,0
3093,3232,8.54286781869384,6903.89191469232,27.9588139418398,9.49889368678905,9.68300261588743,14.5885437109716,33080.1319003529,15707.6989553378,-1404.15484943444,0
3093,3233,7.86477969074889,3941.1712920545,29.2009445904047,13.8922788236056,14.3218159251769,21.3801939839726,28668.9047301313,23314.5613202974,-1511.01727305559,0
3099,3234,6.6724807939251,1849.75846779131,27.504341461583,23.62642697372,24.7380071808997,36.46611808819,25235.4304235538,15421.8139715351,862.173808822613,0
3101,3235,6.69103098561548,1639.9072259485,27.6561403205088,25.9214906604574,27.2228443294649,40.0310733712822,25263.1321871006,15475.3783969839,891.07412213042,0
3106,3236,6.31390899200808,1719.22056668532,29.7655992310992,25.4938167033921,26.7906179538124,39.3752985513034,23762.7524074763,19810.6222988063,912.267846956701,0
3107,3237,6.26448741627644,2199.96004268532,29.7655992310992,21.1646946558354,22.1111326047707,32.6529328864886,23765.0752814441,19807.1975496248,960.024429397976,0
3110,3238,6.89509648680827,5729.3531291028,29.1308201059248,10.7924686154735,11.0455382909868,16.587361959018,21994.6708012855,18491.0407991751,1020.79073277585,0
3110,3239,6.64753404448597,2743.70762901161,29.530981005197,17.9725343457211,18.6776538261405,27.7008639062542,25611.3635457263,21870.1132907147,1073.80779055311,0
3111,3240,6.68455433138221,6680.4137831028,29.1308201059248,9.76128376745865,9.96302965563875,14.9949964315568,22020.1450503728,18488.5208523562,1080.30650995155,0
3111,3241,7.14564625782023,6671.04659782702,29.8593147526684,9.80630201721835,10.013508798442,15.0654041893775,22924.2574372138,20390.8792725765,1220.75203135674,0
3112,3242,6.52996497867692,6442.1365151028,29.1308201059248,9.99437796882023,10.2073777223705,15.3548475488538,22009.9947433473,18510.2461422721,1079.31449833631,0
3112,3243,7.41901077237734,6758.29158382702,29.8593147526684,9.72384843135282,9.92707156352821,14.9381114843637,22927.1126010215,20393.6235957401,1139.70071443409,0
3113,3244,7.18013940856687,4980.84861896692,28.7577207364414,11.8190340393149,12.124745650324,18.1730133317624,31420.1414820938,16103.51869958,1111.60730906005,0
3113,3245,6.88149557354382,6979.4828111028,29.1308201059248,9.4885846758278,9.67743149143745,14.5740763576423,22010.7214671913,18505.6194799895,1042.89480618645,0
3113,3246,7.017531515005,7037.86760182702,29.8593147526684,9.47176132933479,9.66296986549519,14.5489819042555,22923.9371584948,20396.4610146675,1227.26479448368,0
3114,3247,9.36272879301573,4815.183237437,28.8826312283982,12.0990285380899,12.4210137402569,18.6060250081929,32482.8941360269,17005.4734671851,-1244.35308729686,0
3114,3248,7.38321618384032,5217.17641582702,29.8593147526684,11.5311922953723,11.827497105057,17.7298852434124,22938.2766591552,20389.206097687,1171.46996264323,0
3115,3249,7.39088921110511,3597.59171433186,29.8682559356212,14.8641880828085,15.3600678538139,22.8859570823492,22910.6656486753,20404.6500955055,1149.12934541221,0
3116,3250,7.03891829138691,2735.57307382702,29.8593147526684,18.0553378967162,18.7696380925969,27.8301233000171,22927.5304610307,20401.7236686305,1189.88707214977,0
3117,3251,6.93995641375114,1773.58752382702,29.8593147526684,24.914169926581,26.1638741464554,38.4751490651547,22931.7551318768,20429.5580566622,1154.28559957966,0
3118,3252,7.20530388033492,1677.80555433186,29.8682559356212,25.9999588347003,27.3408201596704,40.1621170569577,22923.8290607688,20393.9471727468,1207.11398937939,0
3119,3253,7.38399876810057,1632.09249982702,29.8593147526684,26.5575521033416,27.9455735854807,41.0285386503366,22930.1142213359,20432.1597158258,1093.20969260518,0
3120,3254,6.99798675786767,1674.62691244021,30.1503599959079,26.1042075722446,27.4579203905076,40.3252242757433,22914.7693511385,20404.0271001612,1195.65289861956,0
3121,3255,6.14168632830874,3295.29300232214,29.3573620152113,15.7530325897813,16.3030528753851,24.261229769133,23103.8992725859,18511.6538847476,874.88288140581,0
3121,3256,7.27339610602793,3350.7174084402,30.1503599959079,15.6541416511608,16.204190533135,24.1098868479196,22883.2234328845,20428.4260472126,1092.70152030897,0
3122,3257,6.13785251507246,3434.84833155971,29.346652972875,15.2995047091003,15.8195198070652,23.5588490273206,23137.9089237072,18519.0721394051,879.877549296238,0
3122,3258,7.26633999062179,3624.61071844021,30.1503599959079,14.8143185015733,15.3091548978038,22.8093451908234,22901.9392845161,20401.4428399897,1084.65231747032,0
3123,3259,6.28723448831069,2656.84595955971,29.346652972875,18.3695180051909,19.1013762909023,28.3158078583689,23133.8868859152,18536.4340886739,807.731014835294,0
3123,3260,7.19694799616568,3027.89280312237,30.138550478008,16.8196204888582,17.4490431768395,25.9154953943055,22930.7186600196,20396.7247228068,1116.34535613608,0
3124,3261,6.41904072687902,3731.23159432214,29.3573620152113,14.4427073656927,14.9077281650486,22.2323888146435,23116.582119104,18518.0075070545,886.570247462435,0
3124,3262,7.44490639430839,4008.7882104402,30.1503599959079,13.8137491182055,14.2452323809273,21.2605418528651,22899.4742539496,20408.6286859368,1047.45076898763,0
3125,3263,8.64479615551904,4866.77566271021,28.7367609449144,12.0023775348934,12.318085777906,18.4563723710593,31831.1194309185,17448.8472968926,-1345.28159492669,0
3125,3264,6.11395648935291,3121.83825232214,29.3573620152113,16.3666557278804,16.9579540757547,25.2117387867167,23114.9784679654,18517.4643198787,875.830132380866,0
3125,3265,7.41045894136965,3508.9962444402,30.1503599959079,15.154225571648,15.671191960209,23.3356621657109,22912.5708730087,20409.7332224706,1090.68533102251,0
3126,3266,8.75777952239238,5064.85400937106,28.7286013816137,11.6856881730838,11.983934302377,17.9668721797535,31859.4357631009,17439.4293518353,-1330.77221114635,0
3126,3267,6.17988896538,3079.70110755971,29.346652972875,16.5239936985948,17.1259235340648,25.455470228895,23128.2931341852,18494.0397338839,892.248841194715,0
3126,3268,7.04472969413971,2852.12532312237,30.138550478008,17.5563339460565,18.2375912508683,27.0573025431299,22933.4523690236,20388.447515853,1114.35691054325,0
3127,3269,8.52532478359404,5113.20255071021,28.7367609449144,11.6124006158065,11.9067119913915,17.8536223404945,31851.7208017208,17432.6098695766,-1381.95362439781,0
3127,3270,6.40581805357606,3148.90679955971,29.346652972875,16.265587747483,16.8499311021325,25.0551402924376,23124.8938065683,18512.2462242466,842.641310687191,0
3128,3271,8.67310791978772,5370.88325337106,28.7286013816137,11.2383422269673,11.5125615676805,17.275594060015,31861.0365073624,17434.398138213,-1363.95799464721,0
3128,3272,6.07085475388105,3245.18244555971,29.346652972875,15.9229406592746,16.4842078681064,24.5243688625363,23136.7691277658,18509.1168618103,830.178311095478,0
3128,3273,7.17618863375854,3450.48363912237,30.138550478008,15.3329360217759,15.8615619212381,23.6123867207043,22918.3839780527,20406.8083841405,1189.75501888793,0
3129,3274,8.62949115070879,4489.68907137106,28.7286013816137,12.6719377330139,13.025471322989,19.4915455320884,31872.9397993953,17441.6417498872,-1410.50877061887,0
3129,3275,6.3258999798034,3357.36086355971,29.346652972875,15.5464334305315,16.0826721868235,23.9412375367119,23146.9335115167,18535.3608323346,834.427902364682,0
3129,3276,7.21708186936427,3734.00231112237,30.138550478008,14.5092853150172,14.9844317834252,22.3370741272966,22934.8337293434,20386.8376986778,1081.04906993926,0
3130,3277,8.74377588834648,5242.65392057532,28.3036005853864,11.3921849973848,11.6721586515361,17.5126333867965,31861.9232318321,17433.9926167803,-1369.12231617381,0
3139,3278,5.98042993299329,5624.49213641134,29.6720463217097,10.9573845554546,11.2218870580195,16.8429159247566,22501.8059528342,18693.085061777,892.340369648719,0
3140,3279,6.11059002356708,7206.92671521584,29.5046679572399,9.31157419252715,9.4937900987385,14.3013361455336,22535.2263699889,18700.403641067,926.093589397568,0
3145,3280,9.59402321967392,4504.11268715066,28.3580021278003,12.6155839063563,12.9634475075797,19.4037344403183,32126.0289866552,20005.6651237236,-1215.49827681626,0
3146,3281,8.06234071810776,7922.64843333455,27.3797520949923,8.67498524005089,8.82020362948002,13.3168298559879,21172.482274915,15641.0770209236,-1189.91921008591,0
3147,3282,7.13678481730093,5263.76481299096,27.6481064523878,11.3186169764224,11.5909093479165,17.3979201688324,22321.540195572,15341.0567903842,610.70855984405,0
3148,3283,8.52572291604116,5449.67267901627,27.4418026268548,11.0489129634342,11.3060093433959,16.9809527529802,21263.3777037799,15582.8802602531,-1259.2522421334,0
3153,3284,7.16357112666173,2383.09334841834,29.255751742771,19.8698454876209,20.7114424256829,30.6422777557961,27471.3974443076,23465.3142258734,1141.13405717902,0
3154,3285,6.69293189355056,2150.85120441834,29.255751742771,21.4325261620002,22.3937252308038,33.0669130504804,27506.4768454132,23386.7007559133,1096.31218201786,0
3154,3286,8.33534701055804,2972.82800834684,29.1160589006001,16.9162299463583,17.5430095884183,26.0626259475033,21081.7100420331,19248.1050059664,-1516.02604590065,0
3155,3287,7.04633666733987,2075.03771241834,29.255751742771,22.0132123424048,23.0198878248463,33.9681879306873,27527.8173668948,23379.5809384485,1126.56308569265,0
3156,3288,6.82445478086814,2090.72022441834,29.255751742771,21.8898561173893,22.8868263820967,33.7767159326286,27511.8626669543,23373.134478519,1131.82755898054,0
3157,3289,7.01176145697383,2397.27809241834,29.255751742771,19.7835761198788,20.618694808607,30.5084581507449,27518.8375013958,23364.907183082,1092.8785934037,0
3158,3290,7.18190056536426,1862.35465641834,29.255751742771,23.8780901712645,25.0342537946419,36.8636075865068,27522.4549176998,23378.5164151034,1096.40729824891,0
3158,3291,8.94235101822478,2452.1556637719,29.3087003025447,19.4667008812679,20.278717935239,30.0171182936444,22694.2990581002,18747.7949510683,-1144.61353144943,0
3164,3292,7.76073203558217,1791.55286846082,27.8807219509391,24.2867563077051,25.4570045259882,37.4929381615228,30850.0913628056,15766.0534314668,1258.43693940099,0
3165,3293,7.29600698470948,1665.73879573709,29.0230888778206,25.9437739427692,27.2676238400515,40.0714130902374,26033.7940144246,21603.6195304285,1071.99656258977,0
3166,3294,7.20854570459024,1835.80154173709,29.0230888778206,24.0896915671418,25.2599485719699,37.1913485413666,26034.4864225152,21627.9416708888,1194.24830325547,0
3168,3295,6.80171113609038,3309.05460373709,29.0230888778206,15.6703183417061,16.2120128058907,24.1323438688259,26052.9246915263,21647.0675191164,1078.86869902013,0
3169,3296,6.74125906329948,4042.98468386592,29.3990530413744,13.668013443514,14.0852309657745,21.0335663461212,23883.7455344069,23094.7459206297,1014.86255610086,0
3170,3297,6.82905904357793,3702.44325973511,29.2175880714213,14.5071049102379,14.9751257511267,22.3317744253712,23868.9486890722,23080.1312493465,1099.51269572868,0
3171,3298,7.2983424657906,2552.33406199817,28.074727021029,18.7243550719292,19.4685110312034,28.8622665725728,23929.9734317143,17160.9168386953,-1444.54475810237,0
3173,3299,6.04572994992085,5559.71079189442,28.0044184854284,10.9395544470313,11.1941678811087,16.8128978891163,24464.1982411339,17038.3334618334,1012.70132846061,0
3173,3300,6.64098779597107,3153.33507973511,29.2175880714213,16.2345195725527,16.8156209768546,25.0066980025949,23861.032859491,23084.0649777985,1078.37373301734,0
3174,3301,5.72618208295895,5271.39052107984,27.997226709518,11.33081122364,11.6057678501549,17.4173183409725,24483.2911947888,16974.5852502348,980.82303837017,0
3174,3302,6.86386380862213,2024.72283973511,29.2175880714213,22.4137877483209,23.4516574451224,34.5898679640502,23847.3635835301,23105.5806526641,1088.59754324581,0
3175,3303,6.11660810719237,4990.88941107984,27.997226709518,11.7501880908895,12.0475709134567,18.0653492616578,24485.1740332092,16941.6332878353,941.121387763461,0
3175,3304,6.4722536483307,1520.45811094072,29.2199700487944,27.8899955557891,29.3825368811351,43.096706813805,23904.5978029577,23085.0249193094,1053.89026382314,0
3176,3305,6.85001095287147,3515.80691854941,28.0775705524509,14.9217373248516,15.4069660853801,22.9711015954819,23605.4511037758,17223.4642283733,959.366902932131,0
3177,3306,6.42679360752692,2123.35378294072,29.2199700487944,21.6321752927667,22.6085123348217,33.3766479079835,23857.0586253874,23099.4701219342,1081.45455789999,0
3177,3307,8.31346247617332,2451.82024145715,28.0591472745449,19.27542916665,20.059519046842,29.7166803375053,29038.9482785023,17540.2735937632,-1479.39794862242,0
3178,3308,6.81588812541432,3097.39445443916,29.0480284156995,16.4217322407915,17.0140069025289,25.2963012831514,27455.2627279493,23470.5401961597,1121.81230640033,0
3178,3309,6.83865514188126,2424.03219373511,29.2175880714213,19.6174843697948,20.4397493911635,30.2507143294672,23864.7451522446,23099.9473025364,1027.60962874811,0
3178,3310,8.06379752817986,2323.54081745715,28.0591472745449,20.0459680039787,20.8870986688146,30.9116980872273,29035.040508227,17552.9760645685,-1346.51591408691,0
3178,3311,6.89148741190106,1441.55242054941,28.0775705524509,28.7501358070376,30.2985197912063,44.4285558760798,23642.4275420748,17224.8087189968,946.46874215063,0
3179,3312,6.58334911685668,3131.08881973511,29.2175880714213,16.3161089962689,16.9027334174123,25.1330904608631,23891.4011581921,23079.3488848216,1141.47104503872,0
3179,3313,7.08414097957094,2951.06399296808,29.0735007819431,16.9997857033282,17.6319483671852,26.1919893950349,27451.8600401946,23469.252173897,1084.47024888146,0
3179,3314,8.14748981642816,2496.73125545715,28.0591472745449,19.023064284013,19.788715701968,29.3253590444905,28993.6636361047,17536.1152793625,-1467.32397392002,0
3180,3315,6.73659508780644,2366.62106693618,29.002143685854,19.9306388686556,20.7739616347644,30.7357959506816,23860.7904251684,23086.1344716913,1046.92741011339,0
3180,3316,8.49799101575433,2534.9959700656,28.0429816023172,18.8121641338498,19.5623251940274,28.9983114733668,29043.147623071,17545.3819017849,-1464.8498323646,0
3180,3317,7.51094363821236,2950.23915446841,28.853815372147,16.975740067161,17.6041740610353,26.154160754646,27594.7649688358,23443.229452237,1121.81169514334,0
3181,3318,6.29305072467539,2915.22264893618,29.002143685854,17.139680487083,17.7808781260985,26.4085847507472,23908.859969496,23087.8252451903,1068.5564904111,0
3181,3319,8.42843396573276,1984.86766597839,28.0352547142168,22.5177526847309,23.5485088564001,34.747013522848,29024.2978795259,17542.2674272824,-1483.17629140431,0
3182,3320,6.6129453172696,3734.30351093618,29.002143685854,14.4005713667724,14.8602242036433,22.1664218741697,23905.8730802011,23092.0442393571,1056.2192408469,0
3184,3321,6.66342206300658,1677.86978428922,27.7385609083302,25.4925654749191,26.7595927408002,39.3651303740221,23636.9099142125,17226.1927099909,960.973134987248,0
3185,3322,8.7877085013169,3334.91299348648,29.0496861887241,15.5877349000851,16.1242036108328,24.0045120407175,24340.8182668285,24018.7546571937,-1295.8741316117,0
3185,3323,6.67099791802313,1233.91372828922,27.7385609083302,32.375837236471,34.2377704418369,50.0644010325968,23619.5135992671,17238.5839393953,1008.96630798308,0
3186,3324,8.53907822656981,2969.74393948648,29.0496861887241,16.9205341632174,17.5469924446732,26.0691249257753,24336.6469406327,24030.2499487791,-1306.43834760962,0
3187,3325,8.85018542446064,2801.77366348648,29.0496861887241,17.6399951199771,18.3167192866003,27.1840946503596,24349.8332938767,24032.0750242854,-1255.02906904861,0
3187,3326,6.60912931638326,1250.05878628922,27.7385609083302,32.0439781802197,33.8762161937313,49.5482727833153,23646.1891540702,17205.1795342191,989.644354830904,0
3188,3327,8.81543622567633,2422.83835948648,29.0496861887241,19.598390432294,20.4173794712904,30.2205879333591,24309.0401043585,24039.5980484378,-1305.82157351549,0
3190,3328,7.36516487413351,4110.88526306486,28.7534458054099,13.4572761828154,13.8571668765183,20.7062635643217,27233.0302846044,23786.0791345272,1146.60191928017,0
3191,3329,7.25127303541183,4494.64426106486,28.7534458054099,12.6644160985027,13.0176790510505,19.4799592521507,27245.6670886346,23771.6619342232,1171.5559848598,0
3192,3330,7.15341724940451,4514.46766106486,28.7534458054099,12.6267594123796,12.9778551372677,19.4217292207995,27236.308014671,23777.5038810802,1149.29624906198,0
3193,3331,6.78039033407853,4026.08689161809,28.7115724772176,13.6470521119457,14.0580764980566,20.999779260492,28044.9147343942,23757.897162097,-1425.0452697599,0
3203,3332,8.60870349385937,3544.14560709827,27.4659597232022,14.7757086160712,15.2466536134692,22.7436729874369,31550.6787970684,12974.4750187006,-1442.7277139547,0
3204,3333,8.53187019895607,3491.51225480006,27.468403034908,14.9299796950515,15.4106562962384,22.9824625722646,31528.1244213395,12971.6180255949,-1416.3942678003,0
3210,3334,8.43538831282416,5356.19857064994,23.9804662436503,10.9443813406191,11.1756872687271,16.8138476632527,30123.5117356193,6990.39864260988,-1397.73971228795,0
3211,3335,8.99665952754064,5290.62716864994,23.9804662436503,11.0324619518783,11.2680514122129,16.9498351026641,30117.1426327149,7039.586965321,-1352.67996936654,0
3212,3336,8.98813041698787,5410.73494664994,23.9804662436503,10.8725550010701,11.1003877352147,16.7029605934684,30131.5943412959,7017.53279784977,-1417.5015367423,0
3216,3337,8.13530842945286,6563.03402547987,28.3991377867406,9.83693758731103,10.0389127158595,15.1108447796693,30767.7534688228,15415.0513485335,1182.7504435609,0
3216,3338,8.18899003347975,2399.77781493687,27.6786180108292,19.5178819187914,20.3154480139479,30.0914631839498,26661.1291618273,16006.1623042337,1248.71321063371,0
3217,3339,7.76902438872839,6708.31752147988,28.3991377867406,9.69852520245461,9.89394265354192,14.8971977870487,30764.7039605085,15402.1730131858,1222.9189919806,0
3217,3340,8.03134132767993,2076.03966693687,27.6786180108292,21.7097458697111,22.672737419866,33.4916789424116,26629.0657179538,15988.25869283,1160.1316095636,0
3219,3341,8.1067657868176,6445.93013423558,28.359789856251,9.95041936676381,10.1576379992553,15.2859731419616,30821.5224031021,15350.5219585923,1214.78853124877,0
3222,3342,9.19318048588888,3344.75409005341,27.6018655368335,15.3973352821745,15.9089732151667,23.7062697192738,33208.1260483721,14176.1415053447,-1342.98158190148,0
3225,3343,7.47851640706335,2571.34820795162,26.9388454910799,18.4552096792058,19.1676548472104,28.4416056481646,21680.8521868706,20505.9749297455,1159.20270269173,0
3233,3344,9.03771810646041,5128.38347735975,28.8792753293869,11.5990382740559,11.8934539518316,17.8332004439996,30213.9910567359,17360.4886275189,-1315.68766390004,0
3234,3345,8.99968018456922,4541.45665535975,28.8792753293869,12.5856444551883,12.9351941575363,19.358377615207,30266.1110187803,17329.1665581431,-1361.10911124577,0
3235,3346,8.7654869818058,4058.38242335975,28.8792753293869,13.587185547937,13.9957941101295,20.9074891111691,30211.4863026905,17367.8064339962,-1333.91115869512,0
3235,3347,6.96386789086255,2143.85895626404,28.2918294617809,21.3110187208089,22.2509977456747,32.8750906454325,25654.5199477334,21362.0214437464,1105.49426590531,0
3236,3348,8.88170518782683,4277.68749372772,28.8811537799327,13.1074545757779,13.4874131602027,20.1653768387617,30258.3771636512,17360.9073214521,-1327.31792558064,0
3236,3349,8.07571102365555,3781.25839920871,28.2200048317988,14.2024449838162,14.6437458030608,21.8581379626576,31061.6145324819,14007.7706220121,-1498.28539545632,0
3236,3350,7.1689374721638,3250.00912546371,28.2458695166877,15.7827768378666,16.3251651211842,24.3046507035074,25592.173107281,21389.3570079339,1153.19075739619,0
3237,3351,9.10893100975,4303.31154335975,28.8792753293869,13.054108445479,13.4309089085841,20.0828614768839,30243.4673075307,17375.0987262925,-1323.28724730431,0
3241,3352,6.40828981901912,3047.81601823776,26.6201436774041,16.314235755542,16.876676179376,25.1235621351153,23586.3081490968,17963.4394644828,894.326113808775,0
3242,3353,6.89803185998005,3428.94044004896,28.0545255309588,15.1813810912339,15.6830056031729,23.3729976639613,25633.0889933216,21032.2756130247,1039.59052061011,0
3245,3354,7.90465750816351,2538.6003481693,28.5062569600425,18.8620487710884,19.6208535372822,29.0770416638836,25777.3272273979,23724.4405784601,1167.10014162056,0
3252,3355,7.35565369928165,2454.88323905408,28.6514883347564,19.3497900567718,20.1459380880423,29.8338128591292,25813.4079860545,23641.9896238812,1221.33168423807,0
3253,3356,7.5019401134393,2866.48310105408,28.6514883347564,17.3021849904286,17.9513265810086,26.6594832243871,25817.8737783417,23637.2442245081,1239.72348392097,0
3254,3357,8.1454683353034,4569.85669926274,28.6247927784275,12.5132513359058,12.8570107106812,19.2459855699587,29854.1767460697,18505.0637789347,-1480.91164810851,0
3257,3358,8.2404719677622,5525.08026726274,28.6247927784275,11.0232629266864,11.2856082253419,16.9431452010013,29829.132673948,18495.1921804928,-1477.10282723245,0
3258,3359,8.01689633796702,5413.60668126274,28.6247927784275,11.1729031248406,11.4430888692986,17.1743285032533,29836.241917184,18489.0366099466,-1500.74589227275,0
3259,3360,7.93238931052748,5249.51298126274,28.6247927784275,11.4034063736733,11.6858203514616,17.5304806945676,29817.537960331,18500.0781718094,-1444.43692893108,0
3259,3361,8.4084766222134,5044.46386527589,27.5992103094078,11.6392980909418,11.9282994061806,17.8933231659065,22667.3573222498,23372.3350547781,-1525.12155024324,0
3260,3362,8.10934698440694,5604.17352477769,28.6342483748076,10.9208707693942,11.1779471376345,16.7849830890245,29850.9837913141,18494.4927235281,-1447.02047287292,0
3261,3363,10.2336175188425,6000.81219862767,28.6861799917678,10.44380342155,10.6768446206151,16.0482121531709,29888.6356763066,24193.3308990245,-1048.65862112533,0
3262,3364,10.3370564516087,5520.86378170416,28.7529332697051,11.0367598031279,11.3005080918978,16.9641889605041,29854.4692641512,24189.8656367776,-1024.26258370251,0
3270,3365,6.71907753563328,3239.7935345494,27.2618728412476,15.7054229529539,16.2339846429279,24.1824537284828,22540.4442657596,20569.7950173408,1002.99043761891,0
3271,3366,6.36820555963642,2768.12235158611,27.2980668781875,17.5562346129997,18.2094854642322,27.0494330114835,22573.7817586166,20554.8900770359,968.628108567679,0
3272,3367,6.50703141038377,3331.74437802216,27.3089702190015,15.4067571112221,15.916438104674,23.7201506707247,22541.4614134194,20614.0427289126,965.337994481421,0
3273,3368,6.44641333010231,3350.0556905494,27.2618728412476,15.3428109898831,15.8479753028489,23.6210382405687,22559.309416088,20580.1946528596,938.994556545322,0
3274,3369,6.54794682150781,3235.11631602216,27.3089702190015,15.7267187972323,16.2570901017029,24.2155450583022,22556.4320274979,20570.3140576711,962.037164212639,0
3275,3370,6.55996898523718,3536.4617285494,27.2618728412476,14.7767262392572,15.2460347181621,22.7447796693484,22551.9903045614,20560.9718978025,895.526280676402,0
3276,3371,6.44255002521216,3121.90267602216,27.3089702190015,16.1244929331542,16.6809381399386,24.8315128406152,22528.5098351893,20587.0407153627,931.17116226969,0
3277,3372,6.75289768343854,3176.5789145494,27.2618728412476,15.9236299901448,16.4664286712773,24.5203370046642,22540.383751523,20582.7334114284,970.988081868979,0
3278,3373,6.81670573456169,3076.4927705494,27.2618728412476,16.2857996291614,16.8524832389191,25.0812098638581,22538.503721338,20571.7296987543,983.143536334746,0
3279,3374,6.71882677656204,2505.2925125494,27.2618728412476,18.8540150440108,19.5985537038212,29.0608131723017,22539.675557416,20557.2320366059,999.807748629825,0
3291,3375,7.90094254886136,4874.04957970457,28.3148564518874,11.960265411413,12.2710624281225,18.3905665158364,26541.6641068467,23073.8319191789,1086.42954011035,0
3292,3376,8.02377281382956,4464.05761570457,28.3148564518874,12.6885822309082,13.0403422021511,19.5165306521733,26561.518524124,23058.2893739456,1151.25465780161,0
3293,3377,7.37687666301552,5756.23493170456,28.3148564518874,10.7110161613581,10.9556207838019,16.4603647278771,26535.2415066923,23060.5719360707,1142.02617764424,0
3294,3378,7.72396155990915,3974.87232392207,27.5660415108572,13.6641684630271,14.0677980100325,21.0239380719786,31667.4885824346,14960.5922253412,1261.42402930854,0
3294,3379,7.84862055546139,5194.02128170457,28.3148564518874,11.4636706172632,11.7475203920078,17.6231094011925,26524.4819626383,23061.801887666,1119.59998953627,0
3295,3380,7.9297817897346,5852.11410970456,28.3148564518874,10.5954980463175,10.8342556434549,16.2819538524614,26570.5278994885,23053.298072921,1088.68167704502,0
3296,3381,8.22020640688801,6630.13850770457,28.3148564518874,9.76807277224673,9.96638364461922,15.004437226476,26577.5334921612,23038.2895536802,1135.59526350509,0
3296,3382,7.68167805931692,3049.77632695329,27.7515756600749,16.4461719930548,17.0281708080935,25.3308753077335,30868.2229694937,16199.276397229,1186.40141377284,0
3297,3383,7.51590870904068,3081.71402695329,27.7515756600749,16.3257032113324,16.8996350719311,25.144278028572,30878.8694271546,16181.2114567199,1185.2558569168,0
3297,3384,8.01518569428485,5451.10875370457,28.3148564518874,11.1024328298195,11.3672014155907,17.0649809442151,26612.6674696155,23045.4923534126,1139.78348288122,0
3298,3385,7.6119396686324,3024.33629695329,27.7515756600749,16.5437963386109,17.1323573228386,25.4820951239902,30869.1759160935,16212.0487800699,1217.6591222433,0
3298,3386,7.40611081757744,3696.23125570457,28.3148564518874,14.4364186393725,14.8929830127678,22.220434764412,26593.4907918079,23058.4948532237,1226.76334687071,0
3298,3387,8.55406802391488,4163.85620008014,28.4260113132394,13.3121819426374,13.7011016213632,20.4811769525466,28381.2420652245,22343.9132246429,-1472.55792748959,0
3299,3388,7.63103004230396,3854.20989895329,27.7515756600749,13.9730014199001,14.3966476224372,21.5021155089343,30863.0389920333,16198.2726639177,1206.29888367156,0
3299,3389,7.76715166665419,3795.92093170457,28.3148564518874,14.173607774844,14.6138584295257,21.8137138726,26599.1099113109,23051.6373137467,1086.41017352115,0
3300,3390,8.94587760429925,4798.09333802348,28.2592684243076,12.0827366343509,12.399957253447,18.579776837414,28382.5386993103,22403.3330402819,-1467.18719822372,0
3300,3391,7.52552387936696,3729.51101920904,27.5036869828428,14.2684589606418,14.7082203601192,21.9587470348649,30892.2808931553,16239.7284503148,1173.96721855229,0
3300,3392,8.31908301975495,3068.99713157916,28.2671815031642,16.4357373767906,17.0218382751715,25.3160352456349,26616.9643850565,23058.7464609826,1162.94895569455,0
3301,3393,7.11103585163613,1882.89703157916,28.2671815031642,23.4744037796827,24.5844397389682,36.2330298573747,26588.1181980024,23073.3347777175,1169.32523058672,0
3302,3394,9.19222983934675,5911.64915260356,27.7502000074907,10.4927554067036,10.723423497111,16.122475831916,32130.7588210445,17478.723478263,-1249.33314469265,0
3302,3395,8.20848237874847,5539.29490961924,27.6982362981222,10.9469994890628,11.2003034733647,16.8239307455326,30908.0772866036,16978.1153350237,-669.926923439621,0
3302,3396,7.46798148808168,1935.64930157916,28.2671815031642,22.9919956240892,24.0634314777424,35.484059995446,26571.846453276,23057.2021802655,1165.21391448905,0
3302,3397,8.45149205865981,4620.79536846256,27.3538853557544,12.3230539076989,12.6478118751743,18.9496543995227,29736.3859483103,16511.9355175254,-1517.92902772196,0
3303,3398,8.94319699359654,4592.77632460356,27.7502000074907,12.4040723536511,12.7359583988333,19.0756164844985,32138.2665312544,17465.1717799401,-1302.48598797434,0
3303,3399,6.74802441618862,2334.24265746896,27.4694720236539,19.8811137316521,20.7030386592233,30.6540961233168,24384.0293585022,19814.0809537347,985.935647282082,0
3303,3400,7.250768556295,1972.30056557916,28.2671815031642,22.6711309760782,23.7170808311165,34.9859498993014,26574.8433292285,23049.9534797184,1162.52161213303,0
3304,3401,8.42839056759264,4031.37850878622,28.1097162643304,13.5815567590707,13.9842658071925,20.8972489500062,29132.0879737518,23330.3469735038,-1413.39148557554,0
3304,3402,6.66519410720686,2010.89806168846,27.4008169371906,22.1754023739269,23.1708854984264,34.2133179743898,24391.2275969032,19785.0309510596,1004.67063639284,0
3305,3403,7.95736040661542,3362.3681386169,27.1570215753617,15.2921062785166,15.7931086768961,23.5422892641296,21018.9074337624,20456.7248017309,1264.55164836508,0
3305,3404,7.08171875786174,2028.02634557916,28.2671815031642,22.204174723658,23.2133112243621,34.2611251288184,26571.9873694759,23064.4500057378,1192.18479462226,0
3305,3405,8.14199711566572,2969.87281754257,27.3106918778457,16.7022629319144,17.2972709621134,25.7264011721066,29758.151650692,16506.9964035882,-1500.80067382822,0
3305,3406,6.64866940386015,1702.24772368846,27.4008169371906,25.1337543050834,26.366088321342,38.8063905610127,24389.8103939926,19796.5233184026,1031.02774775269,0
3306,3407,6.77066344824914,1595.54583557916,28.2671815031642,26.6271245791079,27.9970757388588,41.1299966697505,26579.9283566109,23078.1694574726,1210.87779867379,0
3306,3408,6.76639461368633,1509.58921746896,27.4694720236539,27.5735799270421,29.0109275229581,42.5971432445751,24394.3349858766,19816.3726607544,996.702714510303,0
3307,3409,7.98172071596321,2866.0562806169,27.1570215753617,17.1084992304341,17.7295316998558,26.3553069595468,21023.9771726731,20427.0442925657,1239.09169206816,0
3307,3410,9.42506830761354,4250.05858178917,28.0486391561059,13.0961409023538,13.4696899693594,20.1462951885166,31546.1183197098,20123.7594424069,-1262.01935430422,0
3307,3411,6.67125798353514,1379.37150546896,27.4694720236539,29.5741597278389,31.1836393962646,45.7065952913345,24390.405241664,19802.2095719907,1017.88567824614,0
3308,3412,9.28082009152177,4395.10172911031,28.0115464782508,12.7985564086396,13.1545976526117,19.6860235967359,31560.5017677934,20138.5943839777,-1274.58380629372,0
3308,3413,7.09528478449962,1421.65056557916,28.2671815031642,29.1182824828144,30.701792148501,45.0017184929943,26572.6067303036,23066.4521973449,1218.59582481992,0
3309,3414,6.80829089641558,1499.343459744,28.2697978211323,27.9379896088141,29.419545716003,43.1671036257758,26588.7011495774,23064.2960680201,1191.38189548662,0
3309,3415,9.25152936606873,4746.56457157345,28.0497884852068,12.1551020195333,12.4750213893097,18.6912743058889,31546.6423320111,20162.9139197741,-1248.19897458257,0
3310,3416,8.13824598838093,1965.92280007724,27.1739620678753,22.5060860242031,23.5243236547487,34.7256986645142,21031.5133345082,20492.2888164352,1269.16154461502,0
3310,3417,7.40477766791281,1526.06133081752,27.988323946948,27.4831209323649,28.9212355690431,42.4589192435329,26573.8968152032,23067.3756642521,1162.33408944951,0
3310,3418,9.27514634233545,4515.80461618308,27.6618265202006,12.5390333207248,12.8779312706075,19.2841040245078,31534.6132720516,20128.5373494725,-1268.7825835119,0
3311,3419,9.21629972583131,5060.41834382425,27.6535230135591,11.6186533766052,11.9068779297678,17.8615127547688,31547.7111962577,20146.3627757389,-1274.8287368779,0
3311,3420,8.06205945902505,3679.87775996987,27.2255671775035,14.3731177379958,14.8170838404569,22.120083583449,21003.6354276402,20472.8791425992,1208.47050625368,0
3311,3421,7.28492201816747,1868.16916281752,27.988323946948,23.5544786629007,24.6670923209721,36.356292009453,26567.9424780068,23078.9496865829,1162.75103100122,0
3312,3422,9.05088589970932,4433.44825382425,27.6535230135591,12.6949261826522,13.0426082084302,19.5251157817266,31538.4538897462,20156.5524158484,-1207.78356847244,0
3312,3423,7.88080105595007,3826.00695154775,27.2223910694011,13.9934024232013,14.4141917580078,21.5325517683144,21047.458386515,20447.3426877182,1234.65107397418,0
3312,3424,7.31492909929242,1525.70891481752,27.988323946948,27.4880261470569,28.9265586320978,42.466542097552,26583.0944374168,23043.3584793676,1192.43614441081,0
3313,3425,9.23159144312047,4761.11476331228,27.6345826435036,12.0994907114818,12.4136993688327,18.604587840234,31548.3783708688,20111.7822633802,-1252.82186293237,0
3313,3426,7.44186007415286,2071.51319481752,27.988323946948,21.8035577752124,22.7778130054697,33.6383646426246,26560.8441144141,23077.7399301569,1103.59058000693,0
3314,3427,7.09904575301949,2490.16137681752,27.988323946948,19.0486039431315,19.8153317082153,29.3647435302491,26565.6034485605,23056.249133546,1175.06263943793,0
3314,3428,9.37283518394547,4323.58256582425,27.6535230135591,12.9120564934788,13.2721746216496,19.86085651284,31528.704920067,20167.7083501567,-1216.80608198264,0
3314,3429,7.86130661009957,3908.72613007724,27.1739620678753,13.7855074936545,14.1934205647875,21.2108251786706,21014.3790429445,20476.9039437414,1265.88946065862,0
3315,3430,7.01158898588653,2519.76432081752,27.988323946948,18.8861667333905,19.6410912321555,29.1128836667316,26566.0094802329,23067.3920319024,1169.28944580232,0
3316,3431,6.94792882412507,3136.9702985911,27.9789748554478,16.1494541452193,16.713728297466,24.871871892167,26588.0491719216,23052.2164919942,1181.54474046457,0
3317,3432,6.87292492118963,1609.38568881752,27.988323946948,26.380754277229,27.7256422726686,40.7460008976309,26566.2113420831,23084.2197891192,1121.38683550887,0
3318,3433,8.19636379449462,4998.46661879286,27.4106218936499,11.697172443729,11.9881251151413,17.9824364643597,21371.0517796861,20788.2526305374,1227.66746560553,0
3318,3434,7.25536009016676,2384.41455081752,27.988323946948,19.6593162920208,20.4708739895793,30.3117829108896,26573.8973111941,23099.5685057158,1164.90730402202,0
3327,3435,8.05777074095481,1768.18554585136,27.2996585931017,24.3971201438563,25.5678476206726,37.6619742472041,29526.2981617126,19551.7211797674,-1478.23478563609,0
3329,3436,9.91435767537015,4134.32837165985,27.1154202933651,13.2633693457482,13.6400111511306,20.403086871842,32722.998493863,17464.8305541255,-1039.04816342939,0
3332,3437,10.3517064842686,3950.05931056179,26.9351297275711,13.664805312087,14.0637007937719,21.023608320011,32735.2947254901,17469.1253415306,-1074.17782168827,0
3333,3438,10.2974844344451,4659.03219856179,26.9351297275711,12.2231312692605,12.5396083534193,18.7944418575508,32728.8126078884,17416.1832673325,-1104.99431734999,0
3333,3439,8.32335783231022,3885.26202274003,27.1058316273386,13.8359887026669,14.2463998100336,21.2887739029284,29509.2802212503,19548.7324002362,-1467.47724023657,0
3336,3440,6.40042603646324,2623.29056907891,25.6800110573322,18.006104347751,18.6730633227079,27.74172610345,24870.5300621514,16083.020687146,844.888834797324,0
3337,3441,6.4229816119567,2739.98145361599,25.6572071024603,17.454441782755,18.0833652551581,26.8869391517735,24860.4089862781,16097.6985134872,786.717580075984,0
3339,3442,7.13420644274958,1624.92504323408,27.2931414830953,26.0129843145336,27.3162841538236,40.1716351258514,25624.6277700516,21310.0028184562,1100.82575155395,0
3340,3443,6.2306124356432,3392.99091804355,27.2701876812441,15.208328307176,15.7049716292095,23.4128679404762,23394.437527458,21710.1478148714,904.109077059689,0
3341,3444,6.6211711348634,3917.52956239058,27.3690915747572,13.7824222984498,14.1916422053003,21.2064634207373,23950.9859592785,22497.7325994308,931.89468099973,0
3342,3445,9.28625825058022,4688.28577441305,27.2694003146456,12.1974694624338,12.5147242536104,18.7553816742975,24063.1979841793,24164.5528710877,-1131.79145757692,0
3342,3446,6.5044548138837,4657.03048639058,27.3690915747572,12.2598412148311,12.581192028253,18.8519695214816,23920.1853327689,22496.8321239334,1023.0072210275,0
3343,3447,6.31580121792866,4495.21417583566,27.3724472857899,12.5547800423963,12.8926249562048,19.3079136452826,23923.2707297546,22497.5453081056,1001.76072247046,0
3343,3448,7.76385213501438,2720.10392659717,25.6372564051583,17.5419256925798,18.1765787613641,27.0224099348073,25965.5645544306,11365.1955601067,1138.55845257617,0
3344,3449,6.69337144654315,5363.42633239058,27.3690915747572,11.1609988871063,11.4234615886923,17.1539778134069,23939.258370223,22478.0853146223,990.019479584982,0
3344,3450,8.95107343856495,5112.88097641305,27.2694003146456,11.5129607373123,11.7932493632454,17.6975637203507,24035.2267591539,24148.952786037,-1220.53557715968,0
3345,3451,6.26020715000166,5182.24045639058,27.3690915747572,11.4174047622679,11.6932489231966,17.5500918695529,23916.2172665946,22495.061654729,979.050920106259,0
3346,3452,10.2983884501521,7444.8451817351,27.2264076633052,9.01758108753714,9.17687825422122,13.8450530223376,23560.489139894,24539.7238186388,-1032.52878100449,0
3346,3453,5.9887625304704,5596.21912639058,27.3690915747572,10.853229196679,11.0999292381892,16.6785952286938,23926.9670576379,22464.4897050243,1060.11182143982,0
3347,3454,10.3121950353865,6192.61467885978,27.2047855611648,10.1496446686093,10.3607453887735,15.5919520948115,23543.6338622487,24524.2588044042,-1035.25022465738,0
3347,3455,6.07533832716688,4483.39952839058,27.3690915747572,12.576772069496,12.9158334391018,19.3419072640806,23936.5673715306,22473.667668668,1042.21354618157,0
3347,3456,4.46556801146242,4364.69552892031,27.2459278258778,12.7962666495511,13.1469232844687,19.6810348690496,24558.8035194816,24625.1172465403,720.304123070933,0
3348,3457,6.37554426634431,3285.42741439058,27.3690915747572,15.564777774746,16.0851802828312,23.9649515046401,23921.4477804843,22501.6542354062,1023.80344780725,0
3349,3458,7.84138824669153,2931.03060808491,26.6218019183068,16.7696206877009,17.3623718238197,25.8288693141116,21024.7857190135,20504.9665773149,1236.19565785968,0
3349,3459,6.3678437142663,2687.18793983566,27.3724472857899,17.9430579676754,18.6240589445721,27.6491039822834,23947.1808778948,22538.1170842695,1020.2539089302,0
3350,3460,6.62122240854744,4061.19756553008,27.1752438221306,13.4305356748156,13.8174031936722,20.6617492686087,23949.8969878927,22483.1801061338,950.72244415823,0
3351,3461,6.91156328074392,3966.04524553008,27.1752438221306,13.6492545595959,14.0490527270937,21.0000569596343,23910.9772311741,22471.206015002,950.478144118344,0
3352,3462,9.08662495711216,4035.4925342734,27.3835323888893,13.5073844227147,13.900329956564,20.7810394961513,32883.6698656091,16216.6187270505,-1278.38539756755,0
3352,3463,6.92269691054636,4550.85095702789,26.9238335033799,12.4161327626706,12.743199147026,19.0927456265983,24394.1327197497,20038.4893440341,940.884822725693,0
3353,3464,7.66841567123607,5193.34937702789,26.9238335033799,11.3710774970032,11.6418405473299,17.4777871540206,24455.1243087085,20060.3446856624,1025.55578025473,0
3353,3465,9.22420272318354,2821.6617002734,27.3835323888893,17.3297175934123,17.9681958490981,26.6986833916946,32887.6175139354,16217.1499934896,-1365.31520496977,0
3354,3466,6.84075159681777,4614.68230502789,26.9238335033799,12.3007620194983,12.6214397457374,18.9144120555571,24421.222105623,20033.8257555732,992.025574757936,0
3355,3467,6.90993147867583,2987.59965902789,26.9238335033799,16.5833547800653,17.1666166294355,25.5411789591484,24412.4882136747,20024.0653848266,1008.43129576182,0
3356,3468,6.59743561909382,2188.34219702789,26.9238335033799,20.7457735216616,21.6255650183049,31.9933919194248,24383.7980241046,20049.8800541314,989.529476456802,0
3357,3469,6.55498452299907,1830.00120302789,26.9238335033799,23.6904522309848,24.7988086022618,36.5632127942246,24393.9295575109,20049.4848945351,936.210720055145,0
3368,3470,11.4139993303672,6437.59540976454,26.4618335365531,9.85801935503127,10.0516152156942,15.1407929316963,33724.3142209991,13532.2712042633,-994.369079774193,0
3369,3471,5.63378649049855,6241.36577576454,26.4618335365531,10.056983316519,10.2598853225587,15.4478715809895,33252.7462000738,13040.7453546995,789.698404464714,0
3379,3472,8.93142676267704,2744.72635500253,27.6025306554434,17.7049925893144,18.3717312927651,27.2808202142737,30901.7735368206,18122.3564816024,-1385.06471210131,0
3380,3473,8.46751708135779,2908.14035639484,27.5234419948838,16.980076307747,17.5959955662062,26.1573495914433,30865.5409786864,18151.5705020668,-1356.38208845402,0
3380,3474,6.51579022099857,1612.1356218108,26.5774270860031,25.9880374098489,27.2778610361928,40.1297217118993,23245.6105661662,19518.7785362821,912.443379815802,0
3381,3475,8.57547571675985,3499.64858639484,27.5234419948838,14.9116730573914,15.3916559187127,22.9542535095867,30866.7832325556,18180.6564692831,-1333.19284933442,0
3381,3476,6.52053471558294,2469.39838031095,26.6851484991547,18.9612764658029,19.7069632093059,29.2252904416242,23439.3986279784,19861.1351580793,931.754886800497,0
3383,3477,9.49769237366825,3963.90111964335,26.2337038885393,13.5674512385038,13.9552185142123,20.871543443833,31731.1864029023,12270.1752232344,-1140.40775121784,0
3384,3478,9.33867238356516,4407.87920164335,26.2337038885393,12.6287373168547,12.9628789745255,19.4200821920383,31753.6448564499,12252.455246882,-1122.20186245105,0
3385,3479,9.68201417171885,3357.24820922672,26.1786848652871,15.1994885374028,15.6859483790129,23.3965339383388,31742.4122886108,12224.2207778277,-1165.68029572795,0
3386,3480,9.6168771934798,4015.94855764335,26.2337038885393,13.4478060386686,13.8285935332424,20.6865055728489,31721.0645034104,12234.430202584,-1157.23567095024,0
3395,3481,8.11110323903933,4541.69079790491,27.0732748234228,12.4447087879263,12.7743714520704,19.137196398245,31861.2192089655,15102.9654647988,1210.28831171835,0
3395,3482,8.81456599448111,2952.89945006889,25.2072529308996,16.4980169498356,17.0584555993648,25.4042846668961,21241.8534750285,16235.8048134458,-1283.13023897552,0
3396,3483,7.09375120195279,2913.71504132104,27.1503865368749,16.9087531072247,17.5161409716434,26.0458406567892,25098.7875623467,21267.41322494,1024.57383081204,0
3396,3484,8.06698630820324,4800.24401246427,27.0737570535319,11.992067724389,12.2968211912892,18.4375721016345,31878.0511887743,15069.6779736084,1267.18027420068,0
3397,3485,7.20550416148063,2920.23473732104,27.1503865368749,16.8820108181551,17.4875877009136,26.0044132295926,25081.3787430354,21263.4725018712,968.96903526844,0
3398,3486,7.01277132792051,2900.03689532104,27.1503865368749,16.9652156998546,17.5764325281745,26.1333103317545,25077.9871149318,21285.7271625399,1036.68829560143,0
3399,3487,6.86320326890644,2489.31807332104,27.1503865368749,18.924083442469,19.6724093308847,29.1690950054991,25085.1340338918,21267.832772424,1037.99057414843,0
3399,3488,8.55389563815261,3659.63664160549,25.2684754887441,14.2290547965384,14.6480793919858,21.8927266632121,21409.7036174117,16183.2052106931,-1432.86789990846,0
3400,3489,6.83632436333671,3407.12674399984,26.9808267095048,15.1329669306467,15.622311293993,23.2955183209741,25112.8571459221,21258.0922688191,1027.63883124511,0
3400,3490,8.85045179789146,4746.96045438092,25.2807389050476,11.9456148551721,12.236105999837,18.3625423877328,21393.5140958666,16220.344656375,-1386.23153824476,0
3401,3491,7.05482143808554,2565.42517999984,26.9808267095048,18.4921368588049,19.2076682055402,28.4989723646886,25092.1229301859,21261.5828885971,1012.77804240812,0
3401,3492,8.54397180191889,4010.19075438092,25.2807389050476,13.3729595966155,13.7420512254094,20.5687311127332,21376.2345541728,16227.9041246684,-1374.89081156911,0
3401,3493,8.20380627526005,2913.57962098911,27.04201094665,16.8952418937477,17.5006395633636,26.0246137759019,27406.7103737711,24819.2350217562,-1526.02519288124,0
3402,3494,8.7306430730085,4011.11584638092,25.2807389050476,13.3708755615651,13.7398479419266,20.5655086761827,21395.7279369222,16210.1396452001,-1337.40092059663,0
3403,3495,8.78678734951066,3868.43141838092,25.2807389050476,13.702846522896,14.0909729238307,21.0788618225284,21387.1858525636,16188.1112016965,-1391.47553987416,0
3403,3496,6.70371532918055,1696.88095973601,25.9816767184694,24.8516188875591,26.0389913973949,38.3621572287063,24557.8857856057,14917.1786038893,945.091084576794,0
3403,3497,7.30499134143248,2815.32309640129,26.0377367388854,17.1749067181723,17.788957246512,26.455019063386,21549.4093986184,19963.2514728186,1195.44081210099,0
3404,3498,8.88289518429577,4343.30647151905,27.268721977337,12.8406584604796,13.1940057034544,19.7497171550103,33113.8287421842,15269.3862278557,-1358.71724047355,0
3405,3499,8.69914339837436,3751.78854400284,27.2353707404859,14.1840261552757,14.6164911163867,21.8275142211471,33124.7839783774,15250.8936605042,-1413.74640933925,0
3405,3500,8.72442996263493,4863.47799438092,25.2807389050476,11.7554035185489,12.0359029620268,18.0686726214045,21398.205775014,16193.4984069345,-1443.06374019459,0
3406,3501,8.63865424768397,4249.45919238092,25.2807389050476,12.8611019389636,13.2012906245185,19.777377461097,21413.8964100851,16241.1122119408,-1374.70495573974,0
3407,3502,6.68156067294485,3488.62415282774,26.8108809747317,14.8689564186949,15.3402228973136,22.8864756015671,23167.7674286492,21911.5904712358,1040.35064677203,0
3411,3503,6.84808794768125,3596.98285298836,25.9462358532412,14.4688593128098,14.9080851095314,22.2653083349221,23857.6445172309,16086.5077569159,995.631508929864,0
3414,3504,6.53209942804709,3373.33084898836,25.9462358532412,15.123310215779,15.6029045835664,23.2780533423205,23844.1779697387,16048.1514013061,1013.22127206439,0
3416,3505,6.68144991877055,3153.88581098836,25.9462358532412,15.8466967247091,16.3721973023292,24.3978276507447,23862.1851634255,16072.0736151227,967.785650578169,0
3418,3506,11.27588883145,4386.59813325934,27.7085402741731,12.7907930068192,13.1443247016123,19.6734501444338,31155.3586784657,22415.2851274558,-917.542821652289,0
3422,3507,6.32315016504396,6356.50799771607,26.6387512237007,9.94857532892111,10.1472790406414,15.2807971781841,21984.9402018604,23829.8841740335,1139.53254442712,0
3423,3508,8.30328940433214,4665.30766571607,26.6387512237007,12.1893875534776,12.5020558292595,18.7417475414826,22098.6240407293,23673.4810784308,988.898179235263,0
3425,3509,8.0774515245979,4408.08803771607,26.6387512237007,12.6616223267432,13.0004413109501,19.4717015438169,22078.0844466702,23832.25955285,1207.89401169955,0
3449,3510,7.63329750875276,2974.07172153475,27.3074504355225,16.6851769389103,17.2790024130921,25.6999256367989,25810.6736739157,20966.6735724916,1231.03709918169,0
3451,3511,7.58426993692566,2461.02169376583,27.3864391117608,19.1181619844005,19.8831929526172,29.4707322811609,25812.1921879043,20980.2194147324,1153.42728333751,0
3452,3512,7.5515507389358,2425.57706429495,27.3422391330085,19.3132547998688,20.0919691272194,29.7730890179094,25817.7762564703,20932.6172139368,1226.42417346135,0
3458,3513,11.3454177068248,4600.95684330403,27.2652202559584,12.3518207622049,12.6775925093139,18.993960848496,33442.0056195848,17311.1151713435,-972.764330321177,0
3459,3514,10.9950947019985,5213.47280766206,27.2203103165217,11.3620700869245,11.6341279607404,17.4643589964192,33466.4262258966,17316.5607856255,-934.101594170064,0
3460,3515,10.9981516622073,4917.50338403309,27.1787300420336,11.8083539877705,12.103841094719,18.1538474396525,33463.8437235656,17308.5787936376,-950.117439230599,0
3461,3516,11.0832337437038,4648.79091480943,27.1378298342015,12.2567025596444,12.5763637914433,18.8466999446075,33426.2457309606,17294.5871569233,-954.683158417388,0
3462,3517,11.5041036420598,9304.42615105401,27.2573776548336,7.83759138983222,7.94847201641375,12.0257306298532,33366.2076665477,17494.5136397525,-1104.26194680924,0
3464,3518,11.2607251204061,7859.18828550563,27.2628898996084,8.71430593075393,8.86071376847283,13.3773375013419,33345.0117708774,17509.3303738107,-1235.04031367038,0
3465,3519,7.80768209292959,4814.75667265713,27.1802930586935,11.9757993963408,12.2803492534325,18.4126177392975,33263.0628770272,16927.5246389209,1181.06795333785,0
3470,3520,7.56763685000203,4533.8406822158,27.8260530179446,12.5182666179187,12.8570832793295,19.2522987064868,26929.5770876766,23815.5405917028,1219.29109411332,0
3471,3521,7.3917003243005,4646.0411262158,27.8260530179446,12.3141039684878,12.6414471191289,18.9366696248077,26946.6701240973,23846.6523007494,1255.2343701842,0
3472,3522,7.2210653141086,4253.00676039676,27.8207726240666,13.070881995824,13.4413633166928,20.1067915396202,26934.9037980151,23805.3426608757,1232.85335057749,0
3474,3523,7.37192411903073,3851.73709239676,27.8207726240666,13.9856517791125,14.4105972823092,21.5218345842986,26949.2499911493,23789.4828256979,1260.82476328391,0
3475,3524,7.29832342445405,3390.02808039676,27.8207726240666,15.2774329020183,15.7832427235646,23.5211560178194,26955.2128702853,23811.2031677691,1243.12219237983,0
3476,3525,7.49128700083547,3186.15542439676,27.8207726240666,15.9552434567053,16.5052103245819,24.5706951819496,26924.3947010853,23809.1764534255,1231.91193045948,0
3477,3526,7.51163944506639,4189.84579775748,27.8262326168165,13.2048563016662,13.5832005764701,20.3140031689277,26919.0743014611,23816.0284017793,1251.78507057464,0
3483,3527,7.9280403721828,3846.45509998545,27.8718353495695,14.0036317908197,14.4300631008156,21.5497619665533,25839.781963324,24865.7298804717,-1428.34185327387,0
3487,3528,6.67999772402575,2118.40108035513,26.1255689476651,21.0972251372725,21.9931331354573,32.5357225380765,22497.061856537,18946.4021715221,1073.85676797813,0
3488,3529,6.32384819713909,2356.23782835513,26.1255689476651,19.5227785565941,20.3023343219141,30.0939911293394,22503.9656416483,18955.2635651954,1040.03702785043,0
3489,3530,6.70936523888317,2831.38270035513,26.1255689476651,17.1178847677249,17.7290032230082,26.366940370923,22526.0041608825,18955.1097406358,1067.25449190437,0
3490,3531,8.53431832895077,3296.96137086288,26.5554270166411,15.4347133269228,15.9394671155825,23.7615800749763,32731.26574593,14961.8375992945,-1477.6427864945,0
3490,3532,6.8445830467977,2642.1744352944,26.3057417776475,18.0064730045854,18.680411964676,27.7442134339148,22511.6630922271,18954.3797264836,1050.6539667858,0
3491,3533,8.39917528011135,2683.77955686288,26.5554270166411,17.8427671621516,18.5080527050001,27.4912808719356,32735.6031755961,14955.1896055033,-1432.0066202431,0
3497,3534,7.49730046596431,7062.76656522288,27.8770564916128,9.35712769085918,9.53438673715822,14.3696827777457,29774.9948853803,21837.5500174672,1262.7176057121,0
3498,3535,7.10360342482329,4424.19405886379,27.1012770877343,12.6682392647029,13.0106350329485,19.4828147663615,22809.3080234713,20991.1133523812,1003.62012577648,0
3499,3536,6.81869561512913,3286.81547086378,27.1012770877343,15.5299075584025,16.0456705119292,23.9103053985118,22788.4916915051,21017.902147467,1041.85887075572,0
3504,3537,7.15509645707775,4739.94760447975,27.5661008973261,12.1305331478007,12.446014438891,18.6524484026093,23597.9144074258,21870.7063231835,1050.86284939794,0
3504,3538,9.71749302571007,6401.7493462357,26.8012190763263,9.9118981477985,10.1096951929111,15.2244136807392,20552.9332911887,22239.2277193977,-1174.96695341628,0
3505,3539,7.07550961020924,4859.02016047975,27.5661008973261,11.9309949025038,12.2355438078058,18.3440455120785,23608.3339476295,21882.7696124177,1115.10613816943,0
3506,3540,7.0444925777519,4416.73808047975,27.5661008973261,12.7202749938209,13.0688060133041,19.5641455524617,23623.1367947121,21887.1355672739,1116.84188944219,0
3507,3541,7.28537515255592,4038.04506247975,27.5661008973261,13.51788069622,13.9127996854048,20.7976476114782,23613.1568166034,21863.6403562919,1076.46870039108,0
3508,3542,7.04538603382317,4011.1749824383,27.6143454048277,13.5839355111018,13.9831385423829,20.899923553127,23598.7037477255,21904.2065817899,1093.66141758818,0
3509,3543,7.02063887808747,4938.75428047975,27.5661008973261,11.8021793622039,12.0997393272402,18.1449692176322,23607.6898416692,21860.1370335526,1073.37657948356,0
3510,3544,7.00947626662485,4726.85301123204,27.7197529572025,12.1645036641434,12.4828441865312,18.7052278651608,23598.8875206395,21909.2094750586,1072.01800315871,0
3510,3545,8.41467026962985,2357.18186620433,27.895701629489,19.8096930689177,20.6313223421337,30.544707648762,27919.7829902923,21583.4769698879,-1441.67631620712,0
3511,3546,7.36964125216355,5278.66161025766,27.6720215896174,11.2990498147583,11.5704546423659,17.3677283191801,23590.2600161734,21858.1343994026,1048.24074510994,0
3511,3547,8.70407166219065,2171.76699820433,27.895701629489,21.0372547066687,21.9513148246021,32.4489505471063,27941.3034989766,21567.7338699107,-1501.77937026927,0
3512,3548,7.71731505554059,4897.95097923204,27.7197529572025,11.8786657769087,12.1813234305056,18.2634356329996,23606.6971460126,21896.8082157011,1057.84630378336,0
3524,3549,6.98913485377209,3341.30718416121,26.8443386989251,15.3243325120837,15.8246351008143,23.5914181959544,24524.9430281653,19046.854252722,1067.58246180595,0
3525,3550,7.36110379240322,4630.53301616121,26.8443386989251,12.2664101793652,12.5846662391768,18.8611696499452,24530.6835536363,19054.2884217169,1066.4523096766,0
3525,3551,7.3110242702445,2347.58508232429,27.6654004434219,19.8309432682885,20.6514601759385,30.576923524348,26975.4215067162,21812.6548833764,1208.03471058575,0
3526,3552,7.18647090242156,4074.83906216121,26.8443386989251,13.3704715472894,13.7513610679713,20.5681750178302,24529.8626542291,19083.6217130131,1132.56894877286,0
3526,3553,7.15060264412918,2096.55476032429,27.6654004434219,21.5496897352259,22.5001547252066,33.2432611466396,26959.8252103049,21797.0307686196,1237.90393822185,0
3527,3554,7.49003680945549,4489.52256416121,26.8443386989251,12.5233744324175,12.8558744214909,19.2583744397613,24560.5023531254,19201.9950919734,1188.8841480191,0
3527,3555,7.84527238406897,3006.86731432429,27.6654004434219,16.6010020247278,17.1925983445047,25.5704834614139,26944.4487102997,21816.649556999,1179.54514565461,0
3528,3556,7.0226584611563,4881.9140133601,26.8889584860652,11.8445437681721,12.1401533003193,18.209268569642,24476.1429721574,19318.4681021313,1162.42385201398,0
3528,3557,9.2977022182823,2794.56679578477,26.0542270378876,17.2673929033963,17.8878740795128,26.5983388248134,29217.4446276327,9356.29414830451,-1397.40503653894,0
3529,3558,6.9048332866805,4507.3618833601,26.8889584860652,12.493628026803,12.8247721505029,19.2124744890841,24463.9288675013,19309.6069666653,1165.74348793884,0
3530,3559,6.83737003276425,4338.0231080463,26.9506284167151,12.8248567968901,13.1750779426304,19.724671322025,24456.0286329724,19317.7792171613,1141.03539857209,0
3530,3560,6.88128789307291,3554.13652939363,27.0907929367091,14.708129070137,15.1717240110663,22.6382191653355,21874.5471548038,21002.4076735384,1049.27854937054,0
3531,3561,6.82550605471782,4260.4255100463,26.9506284167151,12.9821238265711,13.3413211765875,19.9678390728499,24468.0828296016,19304.319174648,1105.18961344846,0
3532,3562,7.08211271662561,4058.0726480463,26.9506284167151,13.4174961428432,13.8019283661793,20.6411214361499,24446.3958964861,19311.2507229872,1124.22316690921,0
3533,3563,6.97356283949268,4700.3948600463,26.9506284167151,12.1522808853784,12.4649737486798,18.6849636358153,24476.4843743449,19288.1275584622,1126.03423223688,0
3538,3564,7.93821140619197,3066.39606111582,27.6498821495391,16.3708382867515,16.9468365846426,25.2139256281131,26713.7666625392,22516.6840040278,-1524.1162554252,0
3540,3565,8.1186057193927,3385.76898586718,27.6135823447161,15.2683252510221,15.7717708266649,23.5065657411816,26740.266668706,22524.4812655456,-1462.23334107521,0
3542,3566,8.04059155862368,4157.29571386718,27.6135823447161,13.2567544947655,13.6366202235972,20.3938514823413,26691.099584662,22557.8856035654,-1469.96191627445,0
3543,3567,8.4572704273634,3963.95848480535,27.5119028191822,13.68493173264,14.0893960501006,21.0559458297357,28249.8731280223,24201.8507932185,-1455.54915301729,0
3547,3568,7.08113798082351,2686.19710381134,27.5954550510451,17.9793725274251,18.6652745814076,27.7060331519693,27249.9515610815,22911.2083734812,1179.75384888717,0
3559,3569,6.67194599200011,2450.64395146906,27.0871470479042,19.1295998368356,19.8920419068999,29.4875238318082,23908.802399457,20202.3673728443,976.669624724542,0
3559,3570,8.46388273058048,3420.06054763598,27.6397334891106,15.164378137356,15.6613948031205,23.3457058128598,26474.9986894032,24397.6137266204,-1501.31724926443,0
3561,3571,6.38943655052117,2155.43320528678,27.2648866464053,21.0402535822011,21.9466266573916,32.4514181555773,23679.1697586429,21094.8799421467,1080.96814806456,0
3562,3572,6.80944886539628,2436.59509528678,27.2648866464053,19.2376114381067,20.0099295642623,29.6555554398127,23660.6225066567,21095.2786547133,1031.73286054854,0
3563,3573,6.76222829313428,2464.03949128678,27.2648866464053,19.0821796652635,19.8432208123878,29.4145623463364,23663.0422114949,21093.309911435,1057.36234659613,0
3564,3574,6.48355274397344,2373.17600079558,27.1868501663137,19.5967455453725,20.3943802401151,30.2121804320803,24008.5131298159,20672.1007242657,1008.20893963192,0
3565,3575,6.46033392754437,1425.16843625664,27.1750694197964,28.7448816594379,30.2774460280601,44.4161190021134,24027.1771003621,20626.3693306485,1029.58609873702,0
3566,3576,6.39932827312686,1644.52537025664,27.1750694197964,25.7466704353942,27.0260352100156,39.7574334761961,24002.6827020435,20617.827044599,1027.55986079218,0
3567,3577,6.39430367090552,1968.88024625664,27.1750694197964,22.4811288348499,23.4974287879415,34.6869676236068,24034.755556128,20648.7120462409,987.71142939694,0
3568,3578,6.72497883226835,1879.45468625664,27.1750694197964,23.2753555026693,24.3542614839505,35.9197899232732,24037.8171942595,20640.1382289019,1018.96798677197,0
3570,3579,6.73879624966351,1475.86641044855,27.2307492682049,27.9924180896594,29.4614504583685,43.2469218069231,24001.0416267403,20659.063719527,1009.38761407044,0
3571,3580,6.84330524702415,1562.80303244855,27.2307492682049,26.7848649010354,28.1516627404842,41.3705267926721,23981.7380763624,20636.4978432601,970.482951403427,0
3572,3581,6.94869136034545,1443.06969644855,27.2307492682049,28.4838501017226,29.9949380819547,44.0106773775002,24003.4078982174,20627.9491971853,1005.92917197774,0
3573,3582,6.45630153228931,1741.30173644855,27.2307492682049,24.6654507451921,25.8569463424604,38.0783822077968,24016.5532838385,20633.2090285814,960.322711963053,0
3574,3583,7.28081944743642,2093.07898244855,27.2307492682049,21.4944235631267,22.4350250349224,33.1559551141968,24020.1061885719,20643.8729452707,948.583786708235,0
3575,3584,6.25431981697563,2207.57563899245,27.2048930114079,20.6630945659184,21.5401931079947,31.8661118194663,24042.1705976056,20589.9807491149,1027.09789797787,0
3576,3585,6.62042595180246,1974.30412778575,27.2436488487519,22.4489606922383,23.4636791472476,34.6372990332995,24017.1337039253,20645.9450071724,1018.74256119958,0
3577,3586,6.64028534665275,1502.67205244855,27.2307492682049,27.6059320911779,29.0420693781533,42.6463185719551,24013.2652685329,20648.8727899735,1000.06818432135,0
3583,3587,8.46579170509692,3631.1773045926,27.6420592235222,14.547652365328,15.005786927642,22.3911084474736,24702.0284021443,24122.5255268553,-1380.66940772483,0
3583,3588,7.37805015447946,2751.28439466468,26.0644965091868,17.4609955667595,18.0947474465742,26.8982996819132,26567.3020026077,11866.0444947347,1146.36803637166,0
3584,3589,8.29856976933155,3488.78895398502,27.6452832661627,14.9566782747528,15.4405291582219,23.0241985833596,24709.3987920581,24096.8375930989,-1299.91774249875,0
3588,3590,5.30755416802348,6610.79192072981,27.6400314696966,9.75205812008299,9.94644301486667,14.9788421146834,24271.3951818284,23804.7083326014,699.43638282538,0
3588,3591,10.8223319452926,4017.76044482166,26.4113958850337,13.4599208652533,13.8427703326393,20.70561532277,33692.8438098128,15902.5005386475,-1078.8750726034,0
3589,3592,8.37463735942324,6933.26940277226,27.637437860287,9.457360777281,9.63810799009518,14.5240497267382,24724.3927131563,24089.5113704299,-1265.77750630237,0
3591,3593,6.48501084324486,6681.22350698786,27.711068151441,9.68920540390003,9.88098929784615,14.8819296375165,24959.8623484904,23874.8685732809,-645.38059353859,0
3592,3594,6.52886444040222,6275.92308098786,27.711068151441,10.0896921362378,10.3004513208681,15.5001028401163,24971.8556113944,23861.601742507,-661.413237495087,0
3595,3595,8.21986585711728,4485.83217899046,27.6897684647895,12.5976283238417,12.9400277855401,19.3747475396717,24700.8892228327,24221.7892458543,-1365.96588426363,0
3596,3596,8.56675504526862,3889.44382229095,27.6917768478529,13.8804926284324,14.2980748792353,21.3588620209207,24678.4828405543,24222.77102441,-1332.34883005718,0
3597,3597,8.40369846107299,3981.51250229095,27.6917768478529,13.6599870839125,14.0643062652454,21.0177285742115,24679.6396280732,24246.7504005437,-1365.85754188077,0
3598,3598,8.41803068228672,3421.30321829095,27.6917768478529,15.1661355945779,15.6637083129383,23.3485487231579,24659.0563120158,24219.9699147586,-1357.68278015199,0
3599,3599,8.43932003870926,3107.76310829095,27.6917768478529,16.2219690092705,16.7884287778956,24.9834565902375,24649.6800589526,24201.1048646699,-1291.17501304187,0
3601,3600,8.6494499525618,1702.12587164358,27.8519757338762,25.2422869327137,26.4903486939984,38.9768469014686,24683.2387733436,24220.5394259822,-1308.82589863166,0
3609,3601,7.33695343509164,4540.6961059712,26.8136916509132,12.4260517660584,12.7529253711952,19.1078732293535,21245.7056921188,19838.5532816501,1147.32445897624,0
3610,3602,7.64632889236754,5220.6953658199,26.7250225736945,11.3182486256732,11.5850753889783,17.3958478270775,21215.8748645349,19843.8804049025,1142.16666921452,0
3610,3603,9.89339848907231,5560.86396883979,26.6254189052899,10.8517495366205,11.0942081754343,16.67515934747,32917.4343170632,13170.2237900468,-1197.56174124824,0
3611,3604,7.3029484827746,4808.2364898199,26.7250225736945,11.9529371099926,12.25333337775,18.3764818750067,21258.659667684,19828.3913894818,1204.7759128883,0
3611,3605,9.8052113979502,5663.06460883979,26.6254189052899,10.723184812005,10.9592256377393,16.4766232795065,32925.7421100731,13179.2442939054,-1147.94777537171,0
3612,3606,7.45503877544628,3769.36895366795,26.7865771691578,14.0949422034625,14.5184255869664,21.6886985918304,21226.307718046,19848.7483624019,1172.56431124439,0
3613,3607,7.31800009306728,2896.6219758199,26.7250225736945,16.9236871202055,17.5278367527956,26.0678048807741,21226.1598150179,19798.2630906437,1209.84902078194,0
3614,3608,7.51599265557954,3260.14985966795,26.7865771691578,15.5824097604094,16.0987177909351,23.9908092251946,21236.2134903379,19831.7323108746,1188.5375465902,0
3615,3609,7.60276784837977,2283.9247338199,26.7250225736945,20.0727592469793,20.8998871125154,30.9488383568127,21247.5446765732,19797.7200222279,1155.71630245213,0
3616,3610,7.46203352351453,2420.7502458199,26.7250225736945,19.2422498370859,20.0086449528202,29.6610213708611,21248.5907105617,19772.9998914073,1196.45602690295,0
3617,3611,7.36269663811675,2263.31550798562,27.7672348230824,20.3857400023434,21.2488685516132,31.4377762428353,22546.9696163873,21979.4045639738,1169.47364338124,0
3623,3612,8.60544112325631,4868.76067647606,27.2833864053343,11.894559782019,12.1953555246347,18.2872473271637,30352.5350468696,18083.4221514784,-1481.99488896608,0
3624,3613,7.56000441265294,4852.89970591868,26.8434308268877,11.8882895373402,12.1859615482953,18.2767891519642,21640.1081692497,19722.8642555475,1209.00591804897,0
3625,3614,7.80296325898315,3855.34216591869,26.8434308268877,13.884478528026,14.2957545306527,21.3632248794289,21667.0326657454,19731.6132434344,1263.14322882518,0
3626,3615,7.41065733319112,3619.84017391869,26.8434308268877,14.4981505266107,14.9466860507265,22.3127026364795,21627.7965225868,19732.5016494137,1231.35642366566,0
3626,3616,9.17063536492485,2197.80069208705,27.8444904854189,20.8442019987285,21.7429219951953,32.1492568941182,22095.364830053,23319.0030527699,-1268.35243312505,0
3627,3617,7.44217136046518,3790.12317991869,26.8434308268877,14.0475295909989,14.4686037025232,21.6154707669535,21666.9072719724,19701.9518361195,1210.73575361245,0
3627,3618,9.18731796914143,2757.89943476678,27.8538787701644,17.6789261646448,18.3464231276543,27.2411350525014,22082.2383375594,23264.0947871352,-1177.74865068819,0
3630,3619,9.35433931095468,2771.11388399311,27.8581481955301,17.6191683688403,18.282533286759,27.14853849404,22068.4718595537,23545.1539273525,-1194.88055778826,0
3632,3620,8.58490875202941,4605.18402566302,27.4016612159449,12.3547554072122,12.6815919535542,18.9987458675102,30324.9863330651,18075.1223906176,-1512.92872499018,0
3632,3621,6.78644602653127,3392.54744705968,26.8400260728495,15.1626688572756,15.6526657467083,23.3411563178915,24861.7260787887,19374.6212084347,996.369932698685,0
3633,3622,6.65433179771428,3433.60391105968,26.8400260728495,15.0366759552012,15.5187174742103,23.1461352317116,24885.7392010693,19385.9150675867,915.12266476271,0
3634,3623,8.16951431579377,4485.84715766302,27.4016612159449,12.5747419712056,12.9139088774082,19.3388293483409,30345.0446377886,18106.0963673342,-1467.9182002954,0
3634,3624,6.62354809846623,3545.05547105968,26.8400260728495,14.7080291942549,15.1695143776579,22.6374851634811,24883.6159712406,19377.095419631,960.283531312006,0
3634,3625,8.37021471661056,4701.48820557691,27.9053388256782,12.2223728401179,12.5451119221966,18.795008032713,22147.5961292789,22711.4507513239,-1444.2014430228,0
3635,3626,6.68217272415452,8739.96835761872,27.5842990667487,8.16242750279619,8.28728257058384,12.526747106287,22131.0998382487,21304.9746849949,1130.06361446651,0
3635,3627,6.67371289583471,3733.95044705968,26.8400260728495,14.1917405025067,14.6215149317329,21.8385796560383,24895.9090913811,19377.0087518667,965.110028899834,0
3635,3628,7.99489388268573,7056.02355357691,27.9053388256782,9.36421160678421,9.54191829260348,14.3806482046091,22183.1917710056,22683.348437948,-1399.12438347935,0
3636,3629,6.9869690769089,8022.75886394321,27.6137578979184,8.61605594196836,8.75972416400963,13.2262123582447,22178.0740600165,21308.5251791268,1152.62360243222,0
3636,3630,8.66246425343956,3795.36251113532,27.2922459159243,14.0774912078821,14.5039219679138,21.6628021999193,32520.4034868775,15778.7448847893,-1393.55172572501,0
3636,3631,6.7410592350831,3302.36756826485,26.7782590500604,15.4423888035698,15.9496393237393,23.7740149293192,24878.5329844105,19363.7453198089,993.213170055517,0
3637,3632,6.70026633057523,7342.41977594321,27.6137578979184,9.11528433557941,9.28054337175958,13.9962329939447,22183.1411275444,21271.1308032508,1223.59032469772,0
3637,3633,8.8555730007165,3572.54749513532,27.2922459159243,14.6764688327884,15.139765900539,22.5896817050174,32521.23951056,15754.8734367586,-1389.65786653134,0
3637,3634,6.91443820325829,3822.75927905968,26.8400260728495,13.964984177704,14.381061806316,21.4877600823322,24871.9824967035,19399.8348335373,928.345530453413,0
3638,3635,6.65173501483502,5416.13594594321,27.6137578979184,11.104996992776,11.3659608002032,17.067855070236,22173.9469876958,21265.580140105,1206.7217674603,0
3638,3636,8.86632173512408,4456.16453713532,27.2922459159243,12.6223228805613,12.9634329524557,19.4121864479321,32518.9821288357,15788.2537416887,-1404.94020261114,0
3638,3637,6.98386781292819,5124.65006105968,26.8400260728495,11.4658787791966,11.7410931702464,17.6241059508271,24891.8591497288,19394.9726501576,914.959668789217,0
3639,3638,8.42429057637278,8192.43377095694,27.6943517170639,8.50608320643292,8.64545036248341,13.0567137415934,23307.8652170781,21344.0460139279,-1095.64315144535,0
3639,3639,9.13482832844586,4159.36418713532,27.2922459159243,13.2244862838,13.6001480168055,20.3433071242133,32541.2748902611,15776.4072966158,-1392.50256235395,0
3639,3640,6.5753522629236,6421.77720825561,27.4972709903602,9.92911847450441,10.1311558422765,15.2519409123933,22164.2707232468,21300.1690810539,1163.52435435355,0
3639,3641,6.90132496409617,4634.48345705968,26.8400260728495,12.2590792475242,12.5769033592562,18.8498307346285,24885.3112272014,19402.2126385057,900.131055774098,0
3640,3642,9.15270504639684,4715.74529421905,27.271502446957,12.1500492798248,12.4647077874401,18.6820903718382,32519.5974942501,15752.9043979449,-1454.19825586255,0
3640,3643,6.92516836044995,7031.32231173912,27.5617579851805,9.36885982792003,9.54524204588625,14.3873957221956,24393.7224016106,21340.29228445,866.855671310315,0
3640,3644,6.76867529431619,4858.89652896874,26.8695237100724,11.8804327075107,12.1778480617001,18.2646937048204,24891.2778139507,19421.8539719551,942.025055313071,0
3641,3645,8.95203344213919,4406.56633221905,27.271502446957,12.7162001968287,13.0624817629873,19.5572890480615,32554.7293725699,15773.3976553142,-1395.27849302013,0
3641,3646,6.68775830441967,5806.59351061865,27.5348836604513,10.6037998318837,10.8388574606001,16.293637549782,24400.7700345496,21343.3795230942,859.539317359728,0
3641,3647,6.44232448679373,5818.14357466995,27.8667831645199,10.6096649049551,10.8467806464723,16.3031822647146,23658.5783934439,22587.6106536816,1047.70615939022,0
3642,3648,6.69763011075947,7308.24652666995,27.8667831645199,9.15409106160543,9.32216580981624,14.0564039354517,23637.1592168593,22622.8792529254,985.854508379413,0
3642,3649,8.86645143737545,3628.60801221905,27.271502446957,14.5174103361445,14.9706532734656,22.3434761470078,32528.905363767,15755.6606587354,-1276.90970906921,0
3642,3650,6.61106617921204,7735.25614861865,27.5348836604513,8.81430609031158,8.96609960458019,13.5318737297983,24412.0829888398,21340.6464651034,902.678408575611,0
3643,3651,6.13633438085474,9478.72699346528,27.7492399471591,7.76455159463107,7.87431915790448,11.9136387752035,24009.3054601639,21993.0623138608,-180.09059964806,0
3643,3652,9.0824043548656,4037.49867621905,27.271502446957,13.492776431425,13.8840263152813,20.7582150275235,32568.9945004878,15754.3104868153,-1433.43631041809,0
3643,3653,7.90645157200111,8292.72254320421,27.4137718187613,8.4297884789856,8.56489459159447,12.9387685420915,24138.3384988035,20961.8154080597,301.141111310849,0
3644,3654,8.96812495885655,3164.14575021905,27.271502446957,15.9686180958467,16.5144551876216,24.5900273699864,32524.7356834389,15729.5573212001,-1438.6145960438,0
3644,3655,6.5355333605135,7613.43878266995,27.8667831645199,8.91822080172481,9.07588875492338,13.6925360745741,23636.3271693221,22587.4887914813,1026.2351120393,0
3644,3656,6.74299713020328,8520.90784415471,27.5723106953334,8.29314913754856,8.42325504697334,12.7282642370226,24359.5302934441,21387.0303468353,913.458737599874,0
3645,3657,8.92114064727703,3747.12991821904,27.271502446957,14.1996625733691,14.6333685516515,21.8517873388033,32532.4696217536,15775.1152782045,-1405.38333514879,0
3645,3658,7.47995445737076,6251.81431537682,27.7981647535462,10.1196998514206,10.3323385736462,15.5465478341085,23786.314959442,22170.6307197504,110.40421540375,0
3646,3659,9.04523699521427,3790.65329421905,27.271502446957,14.0874954500599,14.5143708571129,21.6782359935176,32533.4400679009,15766.5059537288,-1309.75024079744,0
3646,3660,7.44759760920372,5560.41817537682,27.7981647535462,10.9258325984831,11.178605413309,16.7913889164837,23799.7460043908,22153.0541458577,132.297479543964,0
3648,3661,7.66913838620981,3395.55756413214,25.9736930786454,15.0578305860212,15.5335805397474,23.1767790260198,25556.7652698358,12176.9180507045,1101.48469284971,0
3651,3662,8.86525683573431,2154.99991766536,27.432250688306,21.073861100904,21.9849088541366,32.5041434495294,32285.0438154179,16265.9209930224,-1483.30494101992,0
3652,3663,8.62199548891459,2141.52000566536,27.432250688306,21.171570654172,22.0900647011055,32.6557393491475,32273.2441048212,16271.4830424642,-1429.79230959782,0
3653,3664,8.33754820477978,1528.53983124654,27.1022235176147,27.2104741843201,28.6110016862808,42.0312328752259,29071.6242408663,21361.3273371084,-1477.17477304711,0
3655,3665,9.36821142402237,3203.81683522553,27.3535984375108,15.8393102411582,16.3774286867442,24.389998049489,32964.903076807,17151.2052701953,-1213.2177485316,0
3656,3666,9.77449566976278,3385.2783034911,27.3322015929745,15.2391964048636,15.7383464045906,23.4608014322767,32995.3402369008,17144.9307182925,-1129.08667114597,0
3656,3667,8.3889416131573,1983.55293924654,27.1022235176147,22.342609661829,23.3470985148986,34.4717080272974,29065.8567781393,21378.2168568161,-1501.23462971187,0
3657,3668,8.11855547305096,2188.75364888982,27.6567547939911,20.8742079193001,21.7728872471269,32.195168477749,22663.874139699,23199.4829624566,-1488.81566517837,0
3658,3669,8.14978361256155,2107.54378688982,27.6567547939911,21.4648659919526,22.4086893526941,33.1116082812147,22683.1331693551,23169.5708442751,-1464.47174767169,0
3659,3670,6.97744760964485,2187.61085703122,27.3838290389928,20.8334635106821,21.7256550482117,32.1310201076453,23854.2569351759,21169.1442377981,996.83591911631,0
3660,3671,6.61475992586737,3544.65932487857,27.3333078884554,14.7604841351452,15.2293717666677,22.7198055040192,23800.7975488181,21125.2489140119,976.720314258729,0
3660,3672,8.35662741080749,4564.35367733701,27.5156320370021,12.4377440196608,12.7699713161714,19.1272441755965,22639.4397133196,23186.4713852762,-1453.37573772484,0
3661,3673,7.28120261974067,3894.38815287857,27.3333078884554,13.8350619466171,14.2471675831547,21.2878224043291,23794.5907931674,21139.8935818186,937.000863193043,0
3662,3674,7.32419892728692,3928.93953067125,27.3198382495032,13.7504944309676,14.1574271154373,21.1569682875354,23818.7704107977,21143.1714381752,988.094769325724,0
3665,3675,8.14438240327546,3656.26574933701,27.5156320370021,14.4660205369599,14.9180631189619,22.2644943682465,22648.8611901374,23191.8974726465,-1409.32970575222,0
3671,3676,8.94279414131077,3246.99399919105,25.8658963083628,15.5195483433274,16.0233781445445,23.8911640673768,25432.5929331711,9715.32059282944,-1230.89743691378,0
3672,3677,8.98013555302118,3180.10103719105,25.8658963083628,15.7459125571766,16.2641783562998,24.2415866018828,25429.9208541497,9714.06989593249,-1232.22371857545,0
3683,3678,9.59313246081429,3871.6701470624,26.9883925422805,13.8581209020606,14.2689484219283,21.3227615092562,22073.1973195732,21286.6890390353,-1214.27728692405,0
3684,3679,9.25577592189152,4278.80630899097,26.947289960308,12.9441282405719,13.3011263531008,19.90908152099,22073.7385482661,21216.0194892662,-1357.41395702852,0
3696,3680,8.61940396547027,3972.59162972827,27.3722702144691,13.6518889880742,14.0533310728914,21.0045418671464,29363.357403214,18684.1813976289,-1493.24826030358,0
3700,3681,9.46623531412502,2907.92747798695,26.8242502877207,16.8900936542085,17.4929721473895,26.016040563129,26071.4464277974,25442.2921228549,-1209.88707870018,0
3700,3682,9.73000840362279,4356.75168344291,25.5770354847396,12.6729879423028,13.0049033934535,19.4871926613766,29620.4937896711,8312.39320884524,-1234.66506648258,0
3702,3683,9.72273961098747,3529.82956544291,25.5770354847396,14.6181553543215,15.0632938747512,22.4954319036774,29618.0826534892,8305.98463998418,-1230.13442693178,0
3703,3684,9.76717260710828,4553.15752544291,25.5770354847396,12.3048858265977,12.6166348567276,18.9182607019007,29605.4889220537,8328.60823692904,-1217.65305335362,0
3704,3685,9.79423204478922,4652.05426544291,25.5770354847396,12.130043787032,12.4323629998908,18.6480687691463,29610.8148181101,8336.55557490549,-1252.2706441341,0
3705,3686,9.96514480798057,5064.24882944291,25.5770354847396,11.4670731593995,11.7345329044112,17.6237933736725,29604.8458632633,8347.58367599687,-1219.28946031498,0
3707,3687,8.80453047681021,3313.46630733201,25.8154427096933,15.2970806410764,15.7863868399575,23.5466808954213,27237.8432381498,10040.1254396585,-1318.82515328438,0
3708,3688,7.98790932547488,3206.65487705337,26.8117881560895,15.7663681192281,16.2947841445328,24.275689117585,26792.834068167,21377.772120513,1254.58876408853,0
3708,3689,8.77073823746049,3207.51476228925,25.8540619849744,15.6507056706402,16.1627729073048,24.0941668795566,27230.3769853482,10010.7695749784,-1380.28185665961,0
3710,3690,7.79530642342657,3577.63447580963,26.9332515988943,14.6250943105689,15.0822155121061,22.5093527695318,26780.6594624483,21381.8542235002,1214.3339012582,0
3713,3691,8.30933740331613,2611.68424580963,26.9332515988943,18.2492682033638,18.9470884422062,28.1223866184809,26790.220126953,21406.7885322415,1252.2734401453,0
3714,3692,8.45277086029291,5851.60379534412,27.8594456858099,10.5694646049216,10.8045283973918,16.2410904875205,32629.026303974,15231.0456544694,-1475.24735144045,0
3715,3693,8.73989627770234,3444.62454134412,27.8594456858099,15.1124659278029,15.6080301676907,23.2658550524907,32626.2418068326,15260.7579471432,-1481.333785613,0
3728,3694,9.15878621492447,4324.42101013293,27.2235099383621,12.8747609934154,13.2297413797595,19.8023604408156,28234.0927050599,24807.3619711021,-1216.57620762308,0
3728,3695,7.70815669245052,2015.92705822172,25.5608930402838,21.768316698137,22.707306078479,33.5746915228,23491.3557213266,15768.9545575486,1120.73402535642,0
3729,3696,9.06377852046179,4078.76503213293,27.2235099383621,13.3954406993803,13.7806026198847,20.607567162252,28233.3588364611,24808.876297397,-1300.86357742587,0
3729,3697,7.78671166103313,2220.61467622172,25.5608930402838,20.2807274312643,21.1085003741803,31.2673049233682,23504.4688058141,15715.1244933144,1230.21368395064,0
3730,3698,9.07114512449686,3777.22707245176,27.5541952156422,14.1491051767007,14.5819532099611,21.7741738740904,28236.6293418933,24829.4064346437,-1250.61279483179,0
3730,3699,7.36106546500756,2095.7716112523,25.7367257339878,21.1897350265705,22.0873999276333,32.6777902017534,23516.4973885991,15728.2916547253,1222.39776833243,0
3731,3700,9.25365216786485,3620.64423845176,27.5541952156422,14.568022472477,15.026712200147,22.4224374430245,28236.1727040568,24819.8762730986,-1252.13884903722,0
3731,3701,7.4188301951544,2002.3152932523,25.7367257339878,21.9129081063566,22.865378619138,33.7997040603886,23521.4128067182,15706.7975552846,1217.51397168569,0
3732,3702,9.35370427414104,3628.61765045176,27.5541952156422,14.5459010310128,15.0032142568282,22.3882018216796,28217.9154515795,24806.3250345752,-1300.95000018156,0
3732,3703,7.20281123075759,2067.5563052523,25.7367257339878,21.4016429170755,22.3152770679893,33.0065139464051,23527.1717172273,15687.4802951968,1176.54275139455,0
3733,3704,9.38398726558897,4790.20281245176,27.5541952156422,12.0443614944835,12.3550302874437,18.519237826424,28200.2557619937,24815.3998018566,-1243.84665950054,0
3734,3705,7.67647776373719,1112.9935172523,25.7367257339878,34.373997536318,36.3755482864967,53.1611475291523,23501.9837176269,15744.0354295506,1197.50387116648,0
3740,3706,8.81092644359447,5464.82540656789,28.9559239422211,11.1241864332341,11.3936316153765,17.0995648175442,31619.157297052,17555.2591199386,-1181.26552701355,0
3741,3707,9.33395648526983,6399.71897656789,28.9559239422211,10.0283297094281,10.2421576159102,15.4070381495785,31613.6652986351,17495.6864906515,-1249.60130798359,0
3741,3708,6.79269509592549,2374.98249599779,26.867771167466,19.533635120564,20.3228860886131,30.1132799644673,23435.0123392567,20355.8061953112,1042.88348200767,0
3742,3709,8.58853597004728,5986.99578856789,28.9559239422211,10.4748140399773,10.710775841754,16.0964793495444,31623.467046617,17501.2535591525,-1239.76448594655,0
3742,3710,6.56230884227465,2175.60314399779,26.867771167466,20.8246955511382,21.7097171396714,32.1156223244839,23408.1514399621,20383.3611592994,1034.00964089415,0
3743,3711,9.11499855310922,6851.25197656789,28.9559239422211,9.59448209959249,9.78752445336947,14.7373077061566,31640.7578232284,17500.9172411316,-1259.95182814971,0
3743,3712,7.17179115719982,2138.15894399779,26.867771167466,21.0920703971287,21.9972943163539,32.5304044610022,23414.8352676615,20387.538877265,989.662421110846,0
3744,3713,9.08521174857143,7238.79944656789,28.9559239422211,9.26021446789479,9.43774369321218,14.2214362778847,31611.0253519798,17467.5278745065,-1208.11823816413,0
3744,3714,6.80695947766885,2313.06740999779,26.867771167466,19.9124112889704,20.7294457405902,30.700647128829,23411.0212695511,20397.3634012844,1011.55905524624,0
3745,3715,8.94932202119983,6360.20433256789,28.9559239422211,10.0688631321208,10.2846697267782,15.4696196466559,31633.3427953676,17458.1421252082,-1139.69999686929,0
3746,3716,6.55124761251081,2236.48300799779,26.867771167466,20.4078022474758,21.2615713398489,31.4689592898602,23413.3163918887,20402.2668971572,1017.62180887844,0
3747,3717,6.83376640870681,2504.75968799779,26.867771167466,18.7961644323709,19.5321058042976,28.969904461488,23409.2044019411,20390.4047864678,1038.73537917872,0
3747,3718,8.59210287666394,7167.51893506726,28.9989210498606,9.3213012938863,9.50181654575052,14.3157527307235,31211.3677984082,17443.6816004392,-1276.75785445449,0
3748,3719,8.39755436293938,6029.92741006957,28.9808830589738,10.4272604987786,10.660954828103,16.0230742128169,31214.1110726333,17438.7106364674,-1236.36194269746,0
3748,3720,6.71742550997661,1683.67445999779,26.867771167466,25.2152305826625,26.4460695421208,38.9306691537921,23403.1080136777,20403.0797684486,1023.5047928017,0
3750,3721,8.68033874889443,5550.78196390707,29.1108061061455,11.019359085785,11.2841330033051,16.9378408130467,31226.948693289,17466.1130710334,-1332.02928760131,0
3751,3722,8.94748334148137,6181.27014024461,29.1129887867654,10.2666377263161,10.4929559345648,15.7752098521906,31206.9576003262,17475.2108183499,-1276.89459285091,0
3752,3723,9.60395464275699,7867.25638390707,29.1108061061455,8.78627362086752,8.94319195912943,13.4903899170429,31249.5882659382,17483.7299506844,-1257.05385905796,0
3753,3724,9.55454127446229,7216.56429190707,29.1108061061455,9.28562239273686,9.4649743249448,14.2608260607443,31256.9310118253,17521.3382703814,-1346.28156319832,0
3754,3725,8.74745770003966,11003.7367579071,29.1108061061455,7.11955525024953,7.20945293733276,10.9209993783787,31252.2815225586,17491.1548795648,-1227.87251258831,0
3755,3726,9.3285577235827,8335.28685790707,29.1108061061455,8.469421755938,8.61264532978163,13.0016731157987,31263.048292983,17482.5311521934,-1408.64619281978,0
3756,3727,9.02267382079351,5464.26383590707,29.1108061061455,11.1346008488121,11.4054418513331,17.1158889420407,31228.0046297348,17455.7413353116,-1358.71751555901,0
3757,3728,6.79808692793224,4092.38084851894,26.5663830492733,13.3067969161455,13.6819085812039,20.4691300484402,23556.4925811689,17990.8893601719,1001.05377698337,0
3758,3729,9.09900301123399,5833.56770424461,29.1129887867654,10.6640357201043,10.9104085514738,16.3889510683987,31217.4304537706,17476.2191888185,-1306.35718350708,0
3758,3730,7.17288406987335,4422.21307194577,26.5486300361562,12.6270566156533,12.9633106469226,19.4180923983995,23550.4963399016,17970.9210078468,936.76554314179,0
3759,3731,6.85909151795162,4035.92108394577,26.5486300361562,13.4312208858889,13.8134373853113,20.6615162123173,23550.2465146872,17987.2334049727,960.469582632613,0
3760,3732,7.24551309152229,3979.69798812875,26.5867520282488,13.5633929080249,13.9536386361751,20.8660152795336,23550.2862711861,17993.7837828033,928.570541142308,0
3761,3733,7.63229268876328,5662.31512109964,26.7732685140932,10.7332607357718,10.9706257199537,16.4924098533861,21778.0803047533,19445.2929616181,1249.47108655567,0
3762,3734,7.26001232688817,5033.8798530561,27.2173938109074,11.628889769057,11.915012946937,17.8765994218368,21811.6501699721,21443.9362553548,1171.44833751944,0
3765,3735,8.99037667550841,3226.71802107396,28.7594661528257,15.9210204613242,16.4770667390327,24.5199919748131,31474.1620701157,16999.4380217688,-1279.39480226476,0
3766,3736,8.62423045985513,2995.42978650371,27.7576733913557,16.6573247118788,17.2536029698966,25.6579739568677,28135.1043681617,24285.6591338127,-1454.00711621419,0
3766,3737,8.95096315137427,7232.54258907396,28.7594661528257,9.25638189206106,9.4328993473133,14.2152908524537,31456.4824473525,17067.530051654,-1238.21321978105,0
3766,3738,7.57975494851463,3871.78881226268,27.1944667688469,13.8772405538403,14.2908118264781,21.3527797111865,21838.5137395765,21452.6403317469,1187.28171878406,0
3767,3739,9.22175635661903,8395.76080806296,28.8497414671846,8.42063425038753,8.56081847462118,12.9261647883407,31445.9317068579,17544.6032001408,885.437778005146,0
3767,3740,8.48650727903349,2963.58019050371,27.7576733913557,16.7839149301784,17.3887690574233,25.8540802345661,28171.5610836144,24284.5009163448,-1365.26906702728,0
3768,3741,9.68646494202564,4979.83858285126,28.847754088413,11.8268847058889,12.1335649172107,18.185295697161,31590.8252476029,18038.8997522036,-1152.19547261438,0
3768,3742,8.75315515535928,3535.08881250371,27.7576733913557,14.8321384838003,15.3090513008199,22.83168166521,28144.2889686153,24327.4402991582,-1365.88013968047,0
3769,3743,9.67867516766125,4997.89990285126,28.847754088413,11.7982742195275,12.1033819830797,18.1410744719062,31572.639730353,18036.8360655894,-1131.02061236563,0
3770,3744,9.77764392270421,4454.83499773137,28.7363179317398,12.7395974759688,13.0970873671364,19.596187644504,31587.2252197809,18011.6447367866,-1109.76584448501,0
3770,3745,8.66821273347846,2862.15419449797,27.6572377656577,17.1910286916455,17.8227124667391,26.4845509557572,28171.8213646702,24297.8856191898,-1431.77637862702,0
3771,3746,10.047295570125,3958.58921773137,28.7363179317398,13.8085375513201,14.2295511888615,21.2496815359859,31612.6304176881,18002.1169479315,-1190.53767774689,0
3771,3747,8.33657988536628,2825.87737249797,27.6572377656577,17.3478821401951,17.9903749587408,26.7275898868488,28136.7881520512,24307.2768126625,-1362.08658065242,0
3772,3748,9.35000384113613,7158.51680683903,27.1886110582863,9.24426034520062,9.4133804944056,14.1946929714947,21478.7767684962,22755.2290648187,-1275.36998044958,0
3772,3749,8.76476036400767,2901.62478649797,27.6572377656577,17.0244618911109,17.6447270962815,26.2264780801564,28161.2323137116,24299.0798513587,-1348.36392308645,0
3772,3750,8.52237762486541,6706.78284762215,26.7972044073449,9.61892490306012,9.80314362959501,14.7722763949955,21172.5642559184,19715.7029448689,1255.67418250851,0
3773,3751,8.73209818740884,3089.55061849797,27.6572377656577,16.2851257455258,16.8554707665565,25.0811869875743,28152.3430028632,24289.2562719849,-1405.31388579193,0
3775,3752,6.98198276263954,2933.60090144302,26.2846823846939,16.7154379457858,17.3011867416956,25.7440148626012,24315.0292282305,16222.0911884546,935.902198260748,0
3776,3753,6.6952366908471,3245.44500944302,26.2846823846939,15.5735057100233,16.0846525894538,23.9757602102369,24321.4436224401,16181.6240939421,998.047192722578,0
3776,3754,7.47006962941809,6943.5161581014,27.2035825551374,9.42722751878842,9.60462646062777,14.4770060080814,21769.8884326953,23291.6786290343,844.680279671145,0
3777,3755,6.87821809603002,3397.34796513179,26.3041776311575,15.0888941288518,15.5695253247255,23.2256657388264,24334.0630459142,16199.7888370593,1022.78030050808,0
3777,3756,7.75929846065548,4249.0755781014,27.2035825551374,13.0270243328785,13.3906053152165,20.0377665406011,21760.7510139798,23287.3232624329,914.120009293333,0
3778,3757,6.95538262548473,2768.08717113179,26.3041776311575,17.4191202137434,18.0525616450051,26.8341247444017,24337.4430141173,16189.9937661547,945.951288522497,0
3779,3758,6.69892393599236,2895.98049344302,26.2846823846939,16.8683167024562,17.4642869103236,25.9808084435141,24318.1880618396,16209.1103336728,958.750993677713,0
3780,3759,6.68086054974232,2823.52900939571,26.323669730719,17.1785264648173,17.7958058520007,26.4614484419767,24309.8938847851,16182.5097184082,995.804390061183,0
3780,3760,6.88137407092231,2620.27396770031,27.1282252251372,18.2349105508666,18.9338409603701,28.1007185013632,24007.8268135088,19979.2523995008,1081.32193008976,0
3781,3761,6.83167604037579,2380.38011779306,27.1243353822698,19.5434218193432,20.3364151207534,30.1292901647517,24029.1461712616,19969.346208465,1069.45156524547,0
3782,3762,6.95089061952365,2774.36786370031,27.1282252251372,17.50477182368,18.1527087017584,26.969206213295,24026.0286701574,19983.3471603932,1036.80069087542,0
3783,3763,6.64155184227575,1939.85988572032,26.2611266507142,22.5420418691232,23.5503810393497,34.7779923498194,24527.794436522,15779.6047188135,916.413558519142,0
3784,3764,6.50213274310181,1578.78766772032,26.2611266507142,26.3227035570926,27.6350572416065,40.6481406424981,24506.5063818724,15731.6193272895,940.028794393653,0
3788,3765,6.4131316669006,2555.26542998174,26.3456315588275,18.4487531116695,19.1541073928994,28.4297698713985,24915.9881790235,15946.0050007159,931.566268092865,0
3789,3766,6.30991126627902,2642.99498798174,26.3456315588275,18.0083244540615,18.6828304726764,27.7472032786096,24917.5088111538,15925.9935487196,902.053698255238,0
3790,3767,6.3957920506999,2663.4473149155,26.4040669181209,17.9179721395158,18.5868370727873,27.6073667091363,24902.7659285986,15951.9692705581,913.806774691638,0
3791,3768,6.40133817602061,2973.3971869155,26.4040669181209,16.5728738766857,17.1503257392447,25.5235378252139,24916.195173522,15951.43758465,902.546262627913,0
3793,3769,6.26639746834092,2362.9906489155,26.4040669181209,19.5287478225376,20.3121052261977,30.1041750668592,24897.4654921644,15954.4789293198,876.653410808834,0
3794,3770,6.62479834361871,3233.9647669155,26.4040669181209,15.6258959276376,16.1414989715479,24.0571698674324,24889.5036208077,16009.7336147571,806.086360999399,0
3794,3771,7.5729500918696,3471.64327421533,26.5552707419379,14.8918644934806,15.3623656866284,22.9213251924443,23763.2237807282,17335.2129136451,1017.94154260191,0
3795,3772,6.60615628649108,3621.7765489155,26.4040669181209,14.4479074932249,14.8897111865871,22.233952167664,24894.3677421932,15970.1795921132,850.208465003063,0
3795,3773,7.18342432167155,3821.15184221533,26.5552707419379,13.941632834237,14.3540586723752,21.4510151723,23781.9748673729,17381.1864777135,1092.53756730865,0
3796,3774,6.49909705539528,3326.4299149155,26.4040669181209,15.3224539830571,15.8187044135494,23.587427044693,24864.1669944256,15964.0606205535,771.560559275038,0
3796,3775,7.56465253805528,3568.20675039502,26.5984084995443,14.617019113711,15.0708353978282,22.4960834459221,23771.9944082034,17434.2822418998,1071.92830914228,0
3797,3776,6.88403755221592,3452.4406609155,26.4040669181209,14.9327543054349,15.4044953876394,22.9842478275063,24892.410778221,15961.2900004401,824.262303842143,0
3798,3777,6.26373995484491,3412.3092889155,26.4040669181209,15.0540306017828,15.5333570223694,23.1719483503517,24905.6155020598,15979.2238686001,935.793126780209,0
3799,3778,8.83616845666526,4534.23854599709,27.3674768937605,12.4816041432976,12.8153035451814,19.1947768411175,27275.2726584945,23911.2588892783,-1222.34891939579,0
3799,3779,6.21450657528649,2414.9499829155,26.4040669181209,19.2237657322673,19.9850504515191,29.6313231037582,24911.3472709499,15951.4581690579,898.587274524404,0
3800,3780,6.30749645714127,2049.37087630842,26.4047587907241,21.6722309758899,22.6155017672527,33.4288184004323,24898.1979546753,15942.7671321441,912.935774460018,0
3801,3781,8.74275007481424,4760.38028667748,27.2517085283009,12.0722795371157,12.3825461434163,18.5618546611735,26730.1465623395,24499.7192888329,-1484.67702778467,0
3801,3782,6.58115186183709,1798.18637230842,26.4047587907241,23.887546196571,25.0039792473937,36.86708588562,24888.6201172925,15933.7645336865,893.28668935589,0
3802,3783,8.94172620056858,3814.09927467748,27.2517085283009,14.026138081582,14.4491370209518,21.5832617946566,26697.7134332428,24670.8718999228,-1302.8720241988,0
3802,3784,6.27916083505456,1639.72170318573,26.4439635788694,25.620970523616,26.87840172306,39.5589846588946,24887.0193333085,15956.2396779732,863.641197756173,0
3809,3785,8.46142943764199,1391.1707284092,28.3876055178087,29.6516218280521,31.2837206313025,45.8314311571308,30345.2028723334,19017.1204355879,-1464.89589763755,0
3811,3786,6.58025107498663,2618.13885392095,27.3462065329052,18.2774617498896,18.9817610779806,28.1673217169187,23773.6695837709,21411.1927546552,1011.13620916825,0
3812,3787,6.40144257940271,2842.02609958522,27.3379096047417,17.2351993427727,17.866719918934,26.5521082971468,23780.3632305322,21384.2421799495,1005.74068209842,0
3812,3788,9.05932587246719,1471.40697644692,27.6174252779332,28.1667495569829,29.6571869207471,43.5196588919057,30716.296810671,15567.7166281559,-1305.34034308763,0
3813,3789,6.52676228839135,2616.99350192095,27.3462065329052,18.2832089936652,18.9879155315547,28.1762299616299,23778.8278694015,21418.9537416819,1004.10246151567,0
3813,3790,8.85752084707127,2534.49186644692,27.6174252779332,18.7508040373777,19.4918693716847,28.9018939904304,30711.3024453252,15628.4449194176,-1252.90848285816,0
3814,3791,6.38578956574273,2134.40384192095,27.3462065329052,21.2077762428984,22.1279372327995,32.7116106254242,23794.591410595,21406.0744468617,978.746407490499,0
3814,3792,9.20783113295535,2551.27567844692,27.6174252779332,18.661653542687,19.3963089061271,28.763684530603,30699.7916638746,15631.2896430088,-1318.10571924579,0
3815,3793,6.59091340783219,2567.03853392095,27.3462065329052,18.5384776434306,19.2613388910015,28.5719160304735,23789.0327089285,21411.0779746328,998.550699891977,0
3815,3794,7.17697823481716,1581.01550267996,27.2848140090102,26.5619278271851,27.9108990144355,41.0244007879248,27167.1533334173,22317.8366309339,1238.48744069829,0
3816,3795,7.01731338586895,2001.88831067996,27.2848140090102,22.2265896719384,23.2245059092347,34.2923296589122,27119.2155568864,22330.3758507302,1181.93010727332,0
3818,3796,7.46306486845703,1769.69021867996,27.2848140090102,24.3780580488443,25.54702133698,37.6323128767129,27112.7654045015,22338.8039854212,1158.93972194536,0
3819,3797,7.24126098698785,1590.35452667996,27.2848140090102,26.442314659553,27.7812753200056,40.8385691421912,27113.0106538112,22328.1324530707,1197.78461754768,0
3819,3798,8.50547284555624,1703.73852255407,27.7823753398411,25.2076220790856,26.4517832447794,38.9227148203522,30334.3145869138,19015.5895425208,-1412.27377905378,0
3828,3799,8.94216978185306,5200.90966374785,26.6337622842596,11.3404397264686,11.6078692442915,17.429976933468,29888.2260353925,14092.9705911756,-1343.30475182168,0
3829,3800,9.24090474371618,5374.65075174785,26.6337622842596,11.0976008274708,11.3525422678094,17.0548728382051,29924.8379690751,14136.3345026281,-1299.57476545886,0
3830,3801,8.04345683660845,5608.25183276044,25.8904949511033,10.7453657707181,10.9783549128344,16.5097273623501,21012.8939254152,19532.8868704631,-1456.98845052366,0
3830,3802,8.90954231871718,6333.49390917905,26.4582066293802,9.96202842451989,10.1604521526164,15.3013091412256,29881.1850893187,14092.5323816638,-1335.65362869373,0
3831,3803,8.78267199312177,6989.60888449037,26.5072852782095,9.35333770949279,9.52421833066855,14.3621177737307,29870.7102833079,14141.7275022134,-1271.42678583663,0
3832,3804,9.36757043313068,7301.62264167143,26.9548978552083,9.11732812129456,9.27980630040855,13.9985913510266,30053.6145435687,15885.943755358,-1433.52512200664,0
3833,3805,7.16239089622546,7883.30811862487,26.8465273316147,8.67968551435311,8.82292522722959,13.3234754833291,31492.1119039424,15674.4793533317,1125.03603554748,0
3834,3806,7.90458273404225,8071.42686737631,26.90098940493,8.55367618382845,8.69188114233478,13.1292304463258,31471.6345892572,15696.8936557591,1106.61663727999,0
3834,3807,8.32794228759935,2913.85060446493,25.8406944801035,16.7367886263598,17.3194537993734,25.7758423486152,21037.7769509072,19505.7016237405,-1502.39663398366,0
3835,3808,7.59784316676121,7055.79129862487,26.8465273316147,9.31363459402834,9.48430370045195,14.3012955286874,31477.4049182024,15676.3702738102,1146.543594108,0
3836,3809,8.45657349592946,3653.9587770404,27.0846516552229,14.4291186808016,14.8753861119099,22.2064259132423,30335.8113920317,19017.4361205311,-1402.18105941818,0
3836,3810,7.51690648048146,6298.20171137631,26.90098940493,10.0223765718499,10.2258744856168,15.3950721836726,31458.116416982,15684.7467281066,1169.76475322034,0
3836,3811,8.00072247495826,3076.33640646493,25.8406944801035,16.1115867850638,16.6531938194465,24.8076733702558,21025.0465590134,19517.6744587757,-1499.44583420833,0
3837,3812,8.00371907818319,5922.23991737631,26.90098940493,10.4309523918715,10.6540969897574,16.0258102665263,31457.5233264279,15742.8907640686,1093.14510105903,0
3838,3813,7.97465696981126,5366.10544337631,26.90098940493,11.1267586349728,11.3847489211213,17.1003396096021,31469.4306907585,15676.9986888463,1063.2972256541,0
3839,3814,7.53280968885748,5566.89977662487,26.8465273316147,10.8579765843006,11.1019970894427,16.6851209642,31462.1643119173,15697.2277088844,1135.9556133994,0
3840,3815,8.22827000427528,5353.46284327966,26.7902434778249,11.136774156753,11.3946326321346,17.115631620851,31484.1894969208,15708.8264899797,1064.86541799962,0
3841,3816,7.98984075434819,5757.31661196439,26.8358134643098,10.6209644521869,10.8530980530629,16.3190996516236,31466.7509686112,15728.8422344501,1068.97136365114,0
3841,3817,8.89187263853658,5748.51257476256,26.6947174028148,10.62301098391,10.8544728007795,16.3220462095985,26091.6179504162,20585.8479598892,-1251.58425709296,0
3842,3818,8.6444153035289,5961.65595359053,26.7019975915508,10.3743892750346,10.5937233310635,15.9381897823788,26138.367179556,20618.1435391171,-1293.52626911594,0
3842,3819,7.84691628664405,5382.65435196439,26.8358134643098,11.0999709399209,11.3562101572564,17.0588585331973,31475.5668021926,15710.4096123767,1105.65786650713,0
3843,3820,8.61321785491439,5745.60514276256,26.6947174028148,10.6265204234572,10.8581555708598,16.3274651529933,26112.2911272389,20588.4690873011,-1323.78967403114,0
3845,3821,7.26813383811846,4840.21558791234,25.7206712663389,11.8257390423275,12.1128228700562,18.1781360357991,22193.1655631414,18469.2270315213,1195.28989642154,0
3846,3822,7.38433517024696,3940.10107191234,25.7206712663389,13.5749707914759,13.9591713868106,20.8820689769357,22218.0612066002,18457.3995589822,1178.84416733053,0
3846,3823,10.7308081483374,7173.12933298305,26.0398179580829,9.17753881872939,9.33854398070652,14.090333172593,20397.229505631,22302.278576617,-974.320358141544,0
3846,3824,6.02725670460949,3859.27367509738,26.5397934730015,13.8459438259817,14.2525373412379,21.3029581331698,20982.4771653038,22231.044047457,-311.656847010627,0
3847,3825,7.17519756460086,4605.11006391234,25.7206712663389,12.2235743396221,12.531912418268,18.7928749430861,22219.027416069,18459.7611186743,1235.17464534595,0
3847,3826,10.43058513699,6516.66380140707,26.1740727149437,9.76551247953767,9.95341090638346,14.9976397151303,20406.9666013941,22293.072160681,-983.724837102792,0
3848,3827,7.29619419098082,4970.16898791234,25.7206712663389,11.620229311769,11.896535211478,17.8606355533099,22200.4623111212,18454.2695528681,1211.038071805,0
3848,3828,7.25018985514425,7435.66586177288,26.0253172945683,8.96974677855701,9.12174750796982,13.769825219981,20162.0079968886,21834.5842782684,1018.87481788784,0
3849,3829,7.19758056630654,4118.99624391234,25.7206712663389,13.1731494830344,13.5342205501628,20.260715663308,22204.0431378861,18437.4021798069,1213.66240051795,0
3850,3830,7.43892883244312,4092.91512929079,25.6248688176084,13.2211171456745,13.5841945438499,20.334682069394,22195.2605725751,18454.167790385,1198.72607425928,0
3851,3831,7.29143355728409,4498.96443929079,25.6248688176084,12.4074805905817,12.725143517618,19.0769102875687,22216.9651606664,18446.7514013729,1193.2823070926,0
3852,3832,7.17693348628525,4287.55889129079,25.6248688176084,12.8139171772198,13.1540145586214,19.7051372738829,22204.2295425075,18459.7038132388,1172.25883048461,0
3855,3833,9.43575366383874,2558.72257129303,25.8528064729171,18.3557309886265,19.0489543146476,28.2840587949579,32458.8972134737,12878.9727282144,-1233.88376062773,0
3859,3834,9.98211643108769,4209.02688540196,25.7998276978986,12.9894565155788,13.3406998743309,19.9768688360847,32525.1687458203,12908.7080521362,-1192.77027449691,0
3868,3835,7.2072660312264,1749.12167300016,25.5656411299833,24.1921948642607,25.3200866895769,37.3364997906239,25534.2569961336,16845.7993353018,1175.49881558218,0
3869,3836,7.11506661063538,1521.46345529023,25.5309877234401,26.8761348419275,28.222033902538,41.5044121835216,25519.2896592935,16799.769209409,1211.18993551295,0
3872,3837,6.76018601417864,3667.82233251784,26.3653986830889,14.3191739213055,14.7528155051904,22.0346793720583,23744.4891303229,20012.020356854,1034.11062672298,0
3873,3838,7.1575600224678,3590.35689051784,26.3653986830889,14.5307362704579,14.9772843920328,22.3620270146869,23770.8795878546,20038.95741106,1021.06654607218,0
3875,3839,7.45816945804835,3148.83393445797,26.6800827273672,15.9526306526322,16.4919277467722,24.5637575805095,23749.5887503513,21076.1551566309,1097.53336516053,0
3876,3840,6.73509668346807,2915.3132526437,26.6735218359693,16.8401730565297,17.438179433365,25.9382959704841,23723.2395290524,21099.8958168707,1084.61062247593,0
3877,3841,6.76955992655558,2251.05683218755,26.6430372171421,20.2718447178927,21.1127014313354,31.2573189120032,23694.3580970492,21082.7835885376,1136.01441629559,0
3878,3842,7.08715716650387,1728.20098645797,26.6800827273672,24.6772090892557,25.8613252314159,38.0943348307687,23697.0008596827,21103.187959367,1065.08145386084,0
3879,3843,6.91448566151112,1726.54903645797,26.6800827273672,24.6950480914531,25.8806104287366,38.1220363424789,23706.1535699546,21101.3450836221,1127.59458474663,0
3879,3844,10.4364556840471,3157.69073344123,26.2116224913741,15.8652794880771,16.3944976426098,24.427292160307,29881.3791592957,24164.7446742895,-1008.33615670549,0
3880,3845,7.01881236974023,1709.46056676481,26.602896444436,24.8630051249216,26.061013160193,38.3825265937457,23731.1884693978,21091.2210871668,1091.81565648886,0
3889,3846,8.40111174718522,1956.66509847016,26.0594656422228,22.3564781436323,23.3475786710021,34.489234651243,25502.5451053248,19238.8289480885,-1484.1647736112,0
3891,3847,8.4820872824317,3451.38752970884,26.9391275577658,14.9936005127443,15.4737855057746,23.079697681056,27284.676727186,24822.1385915383,-1300.12205637718,0
3892,3848,8.24319032451255,3597.99258570884,26.9391275577658,14.5685668516791,15.022238525848,22.4218883362935,27336.7164639594,24750.9497478208,-1448.97950413708,0
3893,3849,8.81297612292382,3139.89583770884,26.9391275577658,16.0154296191577,16.561253741858,24.6616680103439,27354.5655070224,24754.1576932469,-1473.71214043258,0
3894,3850,8.46603070057049,3421.98347735227,26.9471089146487,15.0836807877131,15.5696149934447,23.2191474799865,27345.1943706173,24739.2720601051,-1389.60053524145,0
3895,3851,8.49854644910506,2725.45462170884,26.9391275577658,17.7018033737794,18.3614018135413,27.2739718360809,27356.9370440326,24740.7973584906,-1396.78625346635,0
3896,3852,8.40307070427922,3097.71604770884,26.9391275577658,16.1681307431258,16.7239855864356,24.8981371318097,27360.5061150622,24747.3853345839,-1437.26632976548,0
3897,3853,8.47406868920912,3197.51585370884,26.9391275577658,15.8127771179948,16.345376566465,24.3478694966344,27349.1914375645,24758.4226005945,-1357.77782488315,0
3898,3854,8.49463663488543,3604.18254935227,26.9471089146487,14.5521274906902,15.0048494293441,22.3964665844649,27348.2750770389,24735.8153347338,-1475.49513663238,0
3902,3855,7.36693298112481,2907.64798639782,24.8540219575452,16.6303410444232,17.1957617176241,25.6081765495155,25608.6489560004,13152.7780850707,1270.0957455242,0
3903,3856,7.8055432071962,2763.18557314905,24.8641446059162,17.2383198106334,17.8440406751572,26.5497772320424,25621.1565979869,13165.2216329608,1239.70260907563,0
3904,3857,7.82592932642784,2513.47681114905,24.8641446059162,18.4363591356561,19.1236725351853,28.405830068816,25587.9203896861,13185.3289613656,1205.67845404164,0
3905,3858,7.48864810510427,2503.85144914905,24.8641446059162,18.4869177607521,19.1777412885163,28.4841760994621,25594.7153755182,13165.3546345765,1211.64094586279,0
3907,3859,7.7052082286168,2689.42049914905,24.8641446059162,17.5709766774738,18.1990420177444,27.0650572302243,25560.8883834342,13188.7925276459,1208.06793867141,0
3912,3860,9.0111002164248,5394.9520136413,26.6432490201977,11.0707496169862,11.3243778795077,17.0134154364364,30999.6955296838,17056.5596877534,-1266.65238798022,0
3913,3861,8.9177825330767,3873.85847964129,26.6432490201977,13.8201538421292,14.2260237490945,21.2632877232083,31000.6010484211,17041.1939146143,-1303.252903767,0
3920,3862,9.35241761697685,5771.45697227191,27.5310055839819,10.6457814240681,10.8829164691001,16.3584625714859,29467.9168791389,24237.5845020156,-1100.66018964672,0
3922,3863,8.87885484181213,5539.76367967503,26.7411320122814,10.8861517355645,11.1309948851053,16.7284691760752,31860.4565004111,13591.3967040001,-1249.84714757284,0
3923,3864,8.90549550310612,5929.73400967503,26.7411320122814,10.4129864397768,10.6344036408057,15.9978368033547,31848.6929018549,13604.8966045987,-1259.37001624225,0
3924,3865,9.23463481575469,6666.52960508669,26.7255206337469,9.65252058834994,9.83793353277866,14.8240233538847,31861.4961396754,13596.1297969496,-1226.3296262801,0
3925,3866,8.65915604356203,12054.7875098895,26.5901484908078,6.66538522856854,6.73244640151402,10.2195831953263,32353.5519857065,13336.3726468013,-1261.88810724899,0
3925,3867,4.69596703645102,8801.61467307287,26.1209498118011,8.07123741677509,8.18701896420926,12.3846712817535,32827.0359009594,13579.2028846653,830.256975417759,0
3925,3868,6.61309321770788,8155.8295990312,26.8881427754235,8.49723717357802,8.63305737337177,13.0421930023204,32140.4617890791,13458.6808537037,-930.466496716446,0
3926,3869,8.92844967549165,12140.6448578896,26.5901484908078,6.63675731694644,6.70289021244083,10.1755122651329,32305.0038799555,13378.3939849126,-1240.86295208927,0
3926,3870,4.60785918718955,7652.06654910538,26.876464451512,8.84614365269861,8.99655254923419,13.5802161925406,31457.2328381491,13395.522976416,873.800846292955,0
3926,3871,4.64110491019062,8862.89100507287,26.1209498118011,8.03640539767902,8.15083645459931,12.3309884963923,32809.6494480901,13614.7966710692,850.939996061518,0
3927,3872,8.71221045185131,11504.8203158895,26.5901484908078,6.85731602886842,6.93070782868947,10.5150786339927,32321.0212529564,13386.9228410915,-1221.95275518349,0
3927,3873,7.49714228871421,8238.14554107287,26.1209498118011,8.41231356116232,8.54159964400309,12.9104118864809,33341.862895614,13071.5615979813,487.656276121961,0
3928,3874,8.67532823034393,11044.1905778895,26.5901484908078,7.03048376937679,7.10974513966519,10.7817302140281,32392.6904451056,13344.0372847186,-1223.6743990543,0
3928,3875,7.22704668772236,8158.45547307287,26.1209498118011,8.46381690482323,8.59518587272339,12.9898120360262,32905.4242447812,12958.1391548606,-188.573068847458,0
3929,3876,9.56679006980877,11443.0594118895,26.5901484908078,6.87984512279112,6.95399214484327,10.5497676360077,32332.8614864578,13372.8838497271,-1338.61172099783,0
3929,3877,7.9318824414683,7772.58466389212,26.036747030905,8.72235260856096,8.86399000364345,13.3883315192975,33443.4319673021,12976.6199174742,471.138950872391,0
3930,3878,8.76714736334187,11302.8859629905,26.7774735548891,6.93712617371702,7.01376273463017,10.6381236703485,32345.0003807285,13356.517899473,-1241.36306547448,0
3930,3879,4.66307081211865,7735.82214435333,27.1016039525084,8.79512630031291,8.94430370383307,13.5017957729285,31498.118860339,13379.3130418201,843.630576176835,0
3930,3880,7.26423067477675,8064.70895040259,26.2961658319717,8.53289296550001,8.66779026467852,13.096506672494,33339.3546300284,13031.5210398376,452.018787518962,0
3931,3881,8.91609320366589,7278.81031225874,26.9202534179207,9.13391603792045,9.29696904285795,14.0241374309742,31907.1141940474,13601.5172066411,-1259.05395361097,0
3932,3882,9.31606200729461,5137.37651425874,26.9202534179207,11.4526015598281,11.7276058258263,17.6037276123041,31868.3595560417,13598.8416965795,-1316.23274173322,0
3932,3883,8.5981018834369,3952.16947709385,28.1573643604739,13.7716256767642,14.1861263122626,21.1913943310741,25543.3902174639,25104.8976224472,-1228.58462056297,0
3933,3884,9.46206339666296,5035.27956153269,26.934162541851,11.6068702338255,11.8900874076231,17.8420973363401,31859.4244111191,13568.7937827503,-1280.28711291537,0
3936,3885,8.98804207551845,2663.93744118118,27.9705251912371,18.1404145052331,18.8416377864865,27.95672643332,30623.1116815639,18978.2600368819,-1296.19872134348,0
3937,3886,9.11054461964907,2782.17300918118,27.9705251912371,17.5842775405721,18.2463461479967,27.094781652963,30626.2594726862,18999.7749983349,-1374.40681150791,0
3938,3887,9.24171385498929,2861.35647918118,27.9705251912371,17.2355498819129,17.8734049393102,26.5543899284988,30628.5480670753,18993.2378392292,-1306.14922568722,0
3939,3888,9.11886527851505,2809.88171718118,27.9705251912371,17.4601913441037,18.1136137588324,26.9024880758134,30618.9794941497,19015.2128362114,-1316.66064818838,0
3940,3889,8.93486600196444,2634.23754906414,28.0620601479801,18.3004923707362,19.0140738970124,28.2051277864381,30625.1820377909,18981.5341275278,-1287.17714900208,0
3943,3890,8.82317566636716,2869.18104032073,28.4919085611493,17.2698879035704,17.9152319181557,26.6090068797897,28535.9050737367,23782.5600300909,-1396.37664506942,0
3944,3891,8.67411367210425,3713.39356832073,28.4919085611493,14.4074365459178,14.8635758090659,22.1759611049547,28552.8234195595,23796.0555007194,-1344.26731142504,0
3945,3892,6.80223752112918,7686.05237655877,28.5892254383071,8.89563235975627,9.05527547792646,13.6585122048003,28244.0720474046,23393.3062941977,576.518326401114,0
3945,3893,6.54389533286943,6545.65271176829,28.3155398375467,9.84955787307683,10.0517408868876,15.130217054756,29579.0905217612,23470.770914821,546.244074325823,0
3946,3894,6.28435598857407,7769.99346255877,28.5892254383071,8.83425396868691,8.99120331873512,13.5638300753851,28230.5273844231,23368.7879417834,556.380661913909,0
3947,3895,6.40707876768783,7314.38565255877,28.5892254383071,9.18206854790606,9.35448811167553,14.1004241893939,28244.8534833155,23363.2071313039,541.521961487766,0
3948,3896,9.95681699820031,4403.04585208496,28.2086411745513,12.7987764052397,13.1561633397962,19.6867312197679,27223.3538989721,25570.0241965686,-1082.33868673854,0
3951,3897,8.22943146807183,4570.68783348956,28.190058688189,12.4783323841198,12.8172827772474,19.1912172480454,26046.0931121337,22107.8406995962,1253.01904187604,0
3952,3898,7.86744094985051,5829.28871721515,28.160738668018,10.6136592365552,10.8525254484181,16.3097788772814,26042.5126636418,22042.872380745,1227.75247563493,0
3955,3899,6.79285882087277,2384.44859165397,26.2451291410637,19.3751362328906,20.1454524675028,29.8654813574633,23159.7869803548,18320.1589568724,1041.29288622158,0
3955,3900,8.2500294880243,1908.78637791089,26.8108603825879,22.9306016749705,23.9771046220525,35.3832073447807,29156.905406908,14073.7041425944,1236.27991328262,0
3956,3901,6.8494954347484,2180.88917210328,26.3011467525658,20.6847463333883,21.5520140816367,31.8965364754788,23124.2556371338,18380.5186599532,1047.46764453006,0
3958,3902,8.09832319514187,4014.17891748956,28.190058688189,13.6284903233776,14.0346030107863,20.9700175868271,26028.9460548729,22078.1906989896,1209.7673218025,0
3958,3903,6.78033055644149,2682.74670965397,26.2451291410637,17.8030184960654,18.4621931078275,27.4287627165391,23140.8196134774,18370.8779187984,1060.82121598055,0
3960,3904,6.50928958176413,1753.45494177242,26.439727110594,24.3524675769414,25.5066871239522,37.5890686961494,23145.6533464601,18351.9952353889,1038.32022524542,0
3963,3905,7.95869000457344,3865.53754302148,28.006624605898,13.9686994742519,14.394030662599,21.4959956671571,26022.2718414186,22097.7859993541,1211.62823831068,0
3965,3906,7.85786216718816,3537.9597168694,28.0236182326571,14.8512174670856,15.3315278815751,22.8618175306733,26227.4343783015,21983.4479108731,1262.22500675694,0
3966,3907,6.38308938309996,3577.52209768222,27.0541071168369,14.6378706928851,15.0967904852687,22.5294022234781,23287.9195404128,20868.8204472782,892.337307685829,0
3967,3908,6.27474019153308,3200.81620321685,27.0959880449852,15.8196987358472,16.3541875949872,24.3589833029358,23288.4855960978,20851.1505327184,917.361514722313,0
3969,3909,9.02798591559603,7489.41013427544,27.2411174985266,8.98405299832059,9.14195293570004,13.7933532125943,33057.1859645187,15598.7354234892,-1256.75209332558,0
3970,3910,9.39568359337287,8293.01806197427,27.2140736087368,8.42159141777406,8.55558283033748,12.9259146212515,33063.5364669811,15616.4350009445,-1287.51648628603,0
3971,3911,9.21156049057245,8478.78534597427,27.2140736087368,8.30504218398842,8.43427135459299,12.746223033968,33053.3131696679,15607.582975785,-1223.05222094377,0
3972,3912,9.26413983533981,7631.46715197427,27.2140736087368,8.87618484706177,9.02930385566217,13.6269429946212,33027.2634243398,15629.7393375031,-1255.22578450256,0
3973,3913,9.27081920249142,7262.88406797427,27.2140736087368,9.16038225888126,9.32589525168968,14.065323463654,33052.7632594454,15623.2317608,-1275.98604596124,0
3974,3914,9.45306889246466,6193.74202797427,27.2140736087368,10.1489618771614,10.3600769572655,15.5909110796211,33077.5163846426,15607.7679425822,-1254.23052507711,0
3975,3915,9.49124915119404,6165.08620197427,27.2140736087368,10.1795606817928,10.3921468029297,15.6381478323402,33039.4609409364,15607.7131288977,-1223.38088074857,0
3975,3916,8.05476566922363,2393.09039336673,26.5207004838139,19.369669245463,20.1428794441356,29.8579121298871,21238.2714736986,19774.0664576577,1254.7365051242,0
3976,3917,9.28805134076503,5048.61028797427,27.2140736087368,11.6061229451799,11.8910149549012,17.8414157964279,33067.0040292772,15589.2558747027,-1275.24651407621,0
3980,3918,8.1923553106123,5567.01375403233,28.2066661128662,10.9426045098941,11.198483800447,16.8179153693006,29123.6791444971,23085.3823557311,-1318.3461556651,0
3981,3919,7.60373097040658,1960.96134552583,25.998221781448,22.3075196215981,23.293972035137,34.4130222571329,23400.6676370366,14856.5199994355,1224.8077496997,0
3982,3920,8.2737978692698,1464.42128099653,26.0600451274191,27.8270743148745,29.2619047266544,42.9843893088894,23310.2600265172,14905.2895571087,1188.28970903116,0
3984,3921,9.39603322673662,2889.91285333804,27.5239980701662,17.0561105639172,17.6772253366723,26.2751497960779,29588.8230914278,14796.7943702135,-1349.66094100654,0
3985,3922,9.12821981758507,1791.63041533804,27.5239980701662,24.2061167690375,25.364662341648,37.3662864371451,29569.8481666126,14817.2412740264,-1299.16502702196,0
3987,3923,8.7879781955427,1922.59701133804,27.5239980701662,22.9559311944973,24.0143849565864,35.4252761360584,29581.9496727576,14831.5633459026,-1181.78776556637,0
3989,3924,7.62304934949839,1057.70614292895,27.2505537379186,36.4293403379342,38.650458803079,56.3677430515447,24409.5930005646,17650.7910983786,1156.30412979172,0
3990,3925,9.43304979259854,2662.45244440001,27.4632040190094,18.0753560050125,18.7666236532821,27.8544122729655,29596.8243153908,14846.9363974432,-1333.37940111822,0
3991,3926,7.40439069444569,1348.63966975505,27.549147978323,30.124664645997,31.7836209605665,46.5628243594452,24446.0894808114,17705.9166324957,1160.09442986512,0
3992,3927,7.43264529936908,1080.62730175505,27.549147978323,35.9246726958951,38.1054494243092,55.5841852832143,24450.2855535242,17676.6789586171,1186.59312483263,0
3993,3928,7.3614399768746,1365.37942975505,27.549147978323,29.8351163022259,31.4687487077002,46.1126688283351,24428.7727261244,17691.1005507025,1204.83413696785,0
3994,3929,7.3920766527277,1242.54042775505,27.549147978323,32.1330921823539,33.9697549116645,49.685879116757,24447.0253804833,17689.0836728453,1218.62561617762,0
3995,3930,7.09634537727551,1827.52896175505,27.549147978323,23.8521837264783,24.9825295350046,36.8168144684241,24390.3086678473,17705.9873563492,1200.63485248091,0
3997,3931,7.29819324168584,2003.07618175505,27.549147978323,22.2690843462285,23.2738564729613,34.3592597220243,24397.287419228,17670.826647355,1194.91339381797,0
3998,3932,7.73523834583553,3293.44502132808,27.2200774495079,15.5215085073575,16.037790163362,23.8975936623284,22083.2044133668,18255.4973821818,1151.77257897536,0
3998,3933,9.05128938784953,2224.06125888085,28.1819962934755,20.7216131068289,21.6151331089672,31.9602043457196,29905.0978276556,17653.1433967604,-1238.6967471041,0
3999,3934,7.93143152889753,3849.13897532808,27.2200774495079,13.9355131609241,14.3527901929617,21.442985746386,22096.4446227794,18280.1402705422,1104.76650654243,0
4000,3935,8.59038301790303,3522.17982050213,27.4487996212016,14.8376874446666,15.3123830696808,22.8395635464115,22105.7345552251,18273.2351320206,1069.71632819462,0
4001,3936,8.13415456681219,3645.37123850213,27.4487996212016,14.489141229709,14.9420758406797,22.3001258758794,22043.6083014055,18248.7402091939,1084.25165421176,0
4001,3937,7.35095404290843,1736.1020596122,27.7751898122414,24.8479970979712,26.0625011713053,38.3641252241687,24424.2130936491,17663.3895991375,1228.51736142123,0
4002,3938,6.94189262347747,1431.81286961219,27.7751898122414,28.8152385053313,30.3641590611797,44.5283359008641,24460.0104448419,17689.3725781586,1266.03396141451,0
4002,3939,9.13997352394489,2318.53140537064,28.160343831302,20.0944606371004,20.9404035141954,30.987242022023,29886.4125583125,17672.6843466488,-1316.37836624337,0
4003,3940,7.12147372217696,1055.9171536122,27.7751898122414,36.6941217864969,38.9506132421559,56.7828235672053,24446.0262839842,17696.0319235657,1247.54359120809,0
4005,3941,7.58584400933967,1486.37127161219,27.7751898122414,27.99056642414,29.4685350100175,43.2465694883523,24426.4487146397,17680.6064681683,1195.38638105546,0
4007,3942,7.33009046174985,2270.14445561219,27.7751898122414,20.3421140263978,21.2020611582803,31.3701304563468,24425.9848128656,17713.286574764,1212.5858493756,0
4008,3943,7.10127677685712,2338.44708161219,27.7751898122414,19.9056076353767,20.732951502453,30.6930780043502,24409.0225215557,17696.0473500639,1230.11932500535,0
4009,3944,7.41102053645974,2670.42295361219,27.7751898122414,18.0810341045091,18.7759988657851,27.8641213268302,24401.9494823623,17691.5885297991,1199.44480996393,0
4010,3945,7.17104591763127,2535.63044741137,27.8923439714112,18.7861307827866,19.5327632545459,28.9574953478333,24439.4416440115,17663.5419512183,1190.01926483478,0
4011,3946,7.20946752490317,3239.66951141137,27.8923439714112,15.7779619090651,16.3169067998508,24.2963331313888,24402.4518544584,17688.7656637548,1147.76849534615,0
4011,3947,7.73352598179422,4815.08819322882,27.1502121299428,11.973033110087,12.277241072612,18.4082897086929,23058.1948011108,16262.2284124805,1190.2603808286,0
4012,3948,7.58193558554419,3739.94604941137,27.8923439714112,14.2787979641973,14.7222621093141,21.9755906837826,24424.4884631768,17688.488848964,1196.67775663715,0
4012,3949,7.67090249706412,5011.16364522882,27.1502121299428,11.6591401055188,11.9464622643916,17.9232274430098,23062.3852441575,16261.5593884147,1206.02134310914,0
4013,3950,7.36410144930125,4291.59625122882,27.1502121299428,12.9350935081828,13.2930125434306,19.8955079413847,23009.7362340379,16294.125033532,1142.67995392979,0
4013,3951,6.99756090224738,3726.11372141137,27.8923439714112,14.3153188540673,14.7610384896702,22.0321065288873,24464.8336337618,17675.7658070474,1195.63623499014,0
4014,3952,7.46822610195694,2950.76350122882,27.1502121299428,16.7582079038836,17.3554204217033,25.8126311497768,23014.7841105898,16286.8422604382,1162.98854721563,0
4018,3953,8.50155006703627,5195.64931981017,28.024742763726,11.441923500844,11.7229250560994,17.5890402273312,22886.1823325582,23601.9778009372,-1322.9999551434,0
4021,3954,7.77581527762271,6451.19430127026,27.829802698101,9.91734606556519,10.1204387236267,15.2342154492117,22927.9948823328,23595.5910886166,-1302.45325543926,0
4043,3955,8.20340904922859,2732.47113617933,26.4696311583751,17.6034738849675,18.2513065368874,27.1202390023205,22593.8898050396,15018.5302756094,-1480.31840107619,0
4045,3956,7.90513616703964,1876.38929514946,26.3875629856531,23.1345732007632,24.1910718969758,35.6981367335064,22576.9613908256,14995.2385710652,-1518.04828791105,0
4049,3957,7.8202173030009,2864.0982403301,27.6335526565115,17.1796144713746,17.8102783906559,26.4668007556597,26867.0740123587,21261.0184953926,-1509.14630219899,0
4052,3958,7.58427277465996,2166.19734072932,27.6566329846794,21.0340951379537,21.9449352859691,32.443226031261,26850.6379035229,21289.3065363986,-1502.22820374589,0
4053,3959,7.64256230787028,5558.45814630171,27.6627684187231,10.9199391953874,11.1716616357597,16.7820792666837,25149.130048082,17762.0272354397,-1528.01473686479,0
4081,3960,6.60544418445371,2750.75248468299,27.6908519665679,17.6893991467646,18.3559581337487,27.2569052699514,24367.1863957162,21353.1226865023,930.191500675486,0
4082,3961,6.20679698237443,2711.67836068299,27.6908519665679,17.8714827195157,18.5507953510184,27.5390944303067,24364.711596612,21350.545344307,988.820010569802,0
4083,3962,6.45276121416698,2918.32671047531,27.7018108798191,16.9609554935757,17.5773193457463,26.1282080307548,24368.5077035471,21345.9265591853,874.561623609636,0
4085,3963,8.79278633690806,3417.19830548865,26.7221712718101,15.0738592873921,15.5572184130195,23.2034065734996,22352.1165757837,15700.143848243,-1524.33108575309,0
4087,3964,8.89811545032557,2847.31960748865,26.7221712718101,17.1303007370354,17.7484119432284,26.3878690186809,22369.065885237,15743.7143644874,-1442.7044130765,0
4088,3965,6.63141446045155,2252.0467372022,27.1307989906346,20.3503857419821,21.2031221691698,31.3808004756374,24651.7743211928,16179.2616458437,997.585588468755,0
4089,3966,6.45934000372645,2107.8608446254,27.1338935800224,21.3648456611412,22.2942698548507,32.9545558690177,24643.8134905837,16167.3334022792,945.769036444252,0
4089,3967,8.47326396113561,2728.97390948865,26.7221712718101,17.6550740761824,18.3091453610189,27.2009308074067,22371.7425240897,15738.2596537672,-1504.94475154133,0
4090,3968,8.13452609222038,2272.53859352192,26.6951725382879,20.1408819453195,20.9726801264275,31.0543860887417,22326.9586373288,15736.5009271619,-1447.50444551368,0
4092,3969,8.50721528127112,2729.44355238884,27.189939315222,17.7184132342644,18.381800175409,27.3004366986455,27755.3785916689,22977.8430516214,-1464.7116780516,0
4093,3970,7.91399895617478,2430.88768917242,27.1888364671237,19.2582420138401,20.0311847613676,29.6873021643449,27757.0050750069,22975.3679492193,-1472.13276210192,0
4094,3971,7.9927561943782,2701.19076117242,27.1888364671237,17.8505077659994,18.5230907858697,27.5051383782584,27740.9964849157,22982.3142111498,-1439.24896584711,0
4095,3972,8.45945061815698,2770.63217238884,27.189939315222,17.5300607911188,18.1803832920836,27.0085677189172,27736.9437503652,22978.2613006302,-1440.2290906312,0
4096,3973,8.25207483333472,2868.42761238884,27.189939315222,17.1028047730825,17.7237793980843,26.3465757679871,27736.2083968496,22994.4883524272,-1444.07066625542,0
4096,3974,8.15031250674843,1408.54671752192,26.6951725382879,28.8654093565089,30.3999320754297,44.6011152345129,22357.3330416541,15727.6739530878,-1454.12421440625,0
4097,3975,8.66545555204575,2214.05717838884,27.189939315222,20.6160489384748,21.4894221637844,31.7930822826158,27745.7513795881,22970.44024265,-1521.68113491494,0
4098,3976,8.3730837692741,2425.64550117242,27.1888364671237,19.2884019967208,20.0635379669202,29.734065868286,27756.4188938906,22996.369112119,-1515.75053203145,0
4099,3977,8.26545921374024,2669.55485838884,27.189939315222,18.0018055968662,18.6849920659197,27.7396181440811,27753.737181335,22990.291170686,-1496.72454338933,0
4099,3978,7.69075828744435,2061.72138649387,26.6390046379211,21.6217589202484,22.5643167181298,33.3513763047403,22411.2013176113,15663.2972139025,-1525.20246649084,0
4101,3979,8.02102155401838,1911.16287291784,26.537180833717,22.8516300717198,23.8880522222685,35.2595597971396,22417.0497993458,15653.136478651,-1498.99552429826,0
4102,3980,7.86982534319378,1952.23025006354,26.9026711083871,22.5680595393825,23.58741163616,34.8208537041938,25505.6318665437,17521.538261652,-1473.49937635706,0
4102,3981,8.06405760448892,2332.31286065485,27.2317048912787,19.8535212092978,20.6705822187767,30.610525090113,27741.7927076188,23016.25599361,-1389.84486332804,0
4104,3982,8.39378477987463,2516.18754662144,27.2259480106984,18.7895385618492,19.5290401632169,28.9607451005674,27745.5610559695,22988.3702891677,-1440.26016466373,0
4106,3983,8.17010662887422,2795.79583918222,27.2681558527585,17.4281216530219,18.0722073066685,26.8508336578634,27732.0798700404,22980.9705308453,-1458.62333417875,0
4109,3984,9.40513765075799,3028.45950656703,26.531723606688,16.3763929746496,16.9420805992986,25.219587037153,30707.0030493332,19194.3489686191,-1236.35561772573,0
4110,3985,9.16836396692441,3222.66403851809,26.5550282987979,15.6817001601939,16.2022820178928,24.1439485621585,30746.6910052965,19165.5712662495,-1282.98592870527,0
4111,3986,8.86595606974103,3465.07718656757,26.5637155095593,14.9122777363252,15.3841261428189,22.9529383767418,30716.9744880185,19161.7928426146,-1259.44337972539,0
4121,3987,8.63266323009536,2641.13273188813,27.5241109767076,18.1887474640301,18.8886743531133,28.030341593488,27468.210275429,23727.0319165716,1218.73343902936,0
4122,3988,7.97129386348167,3967.29616588813,27.5241109767076,13.678175851757,14.0823280690007,21.0455201011267,27487.3593950475,23700.8430225673,1253.28553858822,0
4124,3989,9.02245638177293,5499.96572419249,25.7296130516068,10.8726649097785,11.1110131579207,16.7060341955944,33100.5032984987,15107.9519955012,-1326.45236311771,0
4125,3990,8.82238376535028,4342.19106019249,25.7296130516068,12.7143556312187,13.0496680495897,19.5514415496234,33092.6295763312,15110.8358435528,-1352.35065600522,0
4126,3991,9.11685015137046,3400.51348219249,25.7296130516068,15.0155799358369,15.4865160043371,23.1107891805955,33064.4159487668,15142.9913592624,-1436.93688909091,0
4133,3992,7.87644264766787,4416.57628007255,27.5802071237381,12.7217279438822,13.0704379234951,19.5664185909364,25125.3398193124,21974.1908160668,1142.88124064108,0
4134,3993,7.42996292513454,4861.41337607256,27.5802071237381,11.9280961399406,12.2325754724865,18.339589849799,25139.4356619884,21986.7699877002,1138.8536574046,0
4140,3994,8.07418452177799,3163.60895461334,27.8751966150013,16.0414565784648,16.5976156148094,24.7043483552681,25552.5892207596,23411.4265682665,-1415.61509710081,0
4141,3995,6.73132212815447,3740.57730491595,27.5250661720186,14.2414770290856,14.6797517174968,21.9170421515856,24544.3903879816,21147.7496170014,1028.7643498537,0
4142,3996,6.57409622716909,5287.13289491595,27.5250661720186,11.2773765906959,11.5467936316258,17.3340095398722,24563.4586854549,21121.2773092972,1028.64195796812,0
4143,3997,7.08639941350336,4812.29638691595,27.5250661720186,12.0052348723676,12.3135769490078,18.4587139042299,24560.6416359273,21127.3443217009,1033.52356527765,0
4144,3998,6.97146107485627,5349.44444891595,27.5250661720186,11.1904118798104,11.4552972313002,17.199662143106,24549.2496467749,21131.159209981,1051.57038194983,0
4145,3999,6.71772859351302,5015.55231491595,27.5250661720186,11.6786853687404,11.9693463994999,17.9540621014264,24564.4574579147,21105.8108620039,1070.02053740267,0
4146,4000,6.85646885662578,4585.20832691595,27.5250661720186,12.4004294294059,12.7306298185349,19.0695762969354,24547.6621104991,21134.326073788,1037.74895031929,0
4147,4001,6.4608311826653,3768.28601291595,27.5250661720186,14.1693661211969,14.6032241482247,21.8054610938717,24578.8394769801,21113.0492791681,1080.99874699866,0
4148,4002,6.76768447534461,3897.11608691595,27.5250661720186,13.8462813752616,14.2605283920938,21.3055834979732,24539.9711777962,21127.4569515817,1117.1498301032,0
4152,4003,7.79622176610474,3323.10203007117,27.8011196338075,15.4894026403995,16.0087271821441,23.8492942836401,26332.6657663094,22070.6652143576,1267.81574393392,0
4154,4004,7.53142751642688,3061.74151407117,27.8011196338075,16.4067948735151,16.9866170097901,25.2700097863793,26355.6455465694,22075.1458050757,1127.79880007834,0
4155,4005,7.19534688072479,2741.08700607117,27.8011196338075,17.7491999436663,18.4210751548692,27.3498939435711,26331.9523394853,22075.881076905,1214.96938813072,0
4157,4006,7.40207845429416,3173.46941416855,27.7747347403176,15.994665052102,16.5468173482882,24.6316311696533,26362.4002618791,22027.8943148052,1239.00560369334,0
4162,4007,7.4809525941691,2128.41842120222,26.7801697626869,21.1467587876621,22.0549947234271,32.6149341614743,24184.4481552874,17899.8636361336,1230.72793639327,0
4172,4008,9.43470333078606,3785.23580832254,25.4451844714733,13.9230347725358,14.3253940803569,21.4197774075585,32928.2434951535,15268.3203461387,-1310.29271434002,0
4173,4009,9.34963962059627,5846.80333032254,25.4451844714733,10.430890927297,10.6461115539192,16.0235264199952,32914.9084311192,15279.161517011,-1234.53261048285,0
4174,4010,8.61959623104928,4108.45244645962,27.2507388967067,13.331946337773,13.7135843083953,20.5094193189968,28921.5876847493,22629.7530871465,-1477.67126522907,0
4175,4011,8.51638274828252,4806.00194208231,27.2415984604301,11.9948746803593,12.3008525127302,18.4422057992738,28919.2948362793,22641.2843808614,-1386.36093878924,0
4176,4012,8.95228454452394,4859.01852408231,27.2415984604301,11.9074108015983,12.2086392365746,18.3070347928063,28927.3191701315,22622.7027093865,-1407.75972749692,0
4198,4013,9.43220534103872,3640.46630962177,26.3968244963872,14.3961598975456,14.8347453947409,22.1538669090965,23308.3483632813,18495.2962345988,1261.84544662017,0
4199,4014,7.49178223403188,3782.08816190708,26.1297792609401,13.9983656047764,14.4107715600753,21.537838014228,21965.1345032449,18751.5915495922,1237.47810854474,0
4200,4015,7.86605223332271,4160.93834208772,25.9140104288406,13.1005351918916,13.4589255360813,20.1488422899561,21968.4721761219,18741.4890653037,1198.94555557222,0
4201,4016,8.51774727941807,2717.94944060677,27.044773700069,17.7515303806116,18.4156957843501,27.3513362760274,26045.1148125963,20316.6168060813,-1328.20016413222,0
4203,4017,8.46115679999578,2429.84936060677,27.044773700069,19.241237351625,20.0112808759628,29.6604776575649,25985.041879128,20319.2585628576,-1351.2578513704,0
4206,4018,10.4904260426721,3782.87728568017,24.5173509065113,13.8364590574795,14.2260477366194,21.2837557365444,20501.6542102668,16453.6340777971,-1027.23068587115,0
4228,4019,10.3344704726014,4012.73140731969,26.8944133943922,13.5153457206126,13.9051026372677,20.792345416176,30744.1847500784,21890.3193626563,-1130.79271855447,0
4230,4020,8.90776762197529,4472.16180586437,26.1121261012914,12.4968372213245,12.8228116017098,19.2159604332223,31305.2919266942,14888.2768411011,-1458.63857564194,0
4231,4021,8.81820341453521,4942.54906186437,26.1121261012914,11.691621842568,11.9741664003824,17.9716213136037,31321.4128551066,14894.8297088128,-1376.87393601189,0
4232,4022,8.90195522399305,4915.19276986437,26.1121261012914,11.7346870869665,12.0195013613123,18.0381576470366,31315.1058554284,14909.4672111985,-1386.22503830506,0
4233,4023,8.66785028116857,3995.27687986437,26.1121261012914,13.4837916208997,13.8657388624203,20.7419003131689,31335.4582424409,14917.0126747186,-1445.51930232531,0
4234,4024,8.91027879870349,9075.84349843997,26.7645571458416,7.94214863895121,8.05530989870864,12.1863818186041,32261.7873926917,19459.7884449286,1051.81532959936,0
4244,4025,9.51647226308378,2309.40376300926,26.7457673412059,19.9147191196376,20.7304432651299,30.7038178087628,23696.0946970463,20162.7088829186,-1099.97089108235,0
4250,4026,9.68500522089686,4643.29792555037,25.1136635064487,12.1087504275247,12.4067544336838,18.6142893198181,25710.7812121473,8920.0341968953,-1287.39944276449,0
4253,4027,6.40087682623898,4249.32149589385,25.9496360202413,12.9193483581041,13.2677388744471,19.8687835601391,24902.6696669479,15960.8947475648,877.717598209472,0
4257,4028,8.42534883032122,4731.46142593348,26.0690650309234,12.0320585735087,12.3324255143119,18.4975667798368,30866.8310114138,15095.0436258609,-1485.05071305577,0
4258,4029,8.71129053108283,4561.24449793348,26.0690650309234,12.3296009991898,12.6460904653688,18.9573941528091,30874.6828440617,15100.8423001454,-1461.85379633898,0
4260,4030,8.74734787649549,4964.6068291056,26.646838184553,11.695701954746,11.9818422154179,17.9788580680594,30883.9069782109,17451.8943646279,-1280.38227036131,0
4261,4031,9.22464707710192,3671.7467071056,26.646838184553,14.3370412734959,14.774087256049,22.0629628907957,30902.3546741094,17502.662986898,-1242.15421395456,0
4262,4032,9.82037148016253,3217.8403635897,26.6349515199851,15.7074337650647,16.2304109478969,24.1839931270775,30930.8600799897,17478.5224905135,-1274.34495367462,0
4262,4033,9.02159152754679,2615.08933664804,26.7450850366479,18.2045168956156,18.8971266682382,28.0524599205689,28501.2140475331,24062.702963525,-1275.06164530205,0
4263,4034,9.37386489559132,3359.7263911056,26.646838184553,15.2439455320785,15.7373882991915,23.4664979332497,30878.7318587727,17493.4420405303,-1240.37959682285,0
4263,4035,7.02360302966284,2425.28061234524,26.5741210082111,19.1919745076808,19.9529695256376,29.5825876273524,23389.1939814749,20049.658532404,1032.29766260027,0
4263,4036,8.41355155147396,3027.07764283162,26.7369856262614,16.4073267072977,16.9770544640302,25.2680433503004,28467.5326984686,24093.1634801617,-1298.56504517204,0
4264,4037,9.13145952131202,3630.5194995897,26.6349515199851,14.4475539785314,14.8912565786083,22.2339342352836,30903.1678425408,17483.8259767299,-1222.91419015875,0
4264,4038,8.94143114423034,2949.22375664804,26.7450850366479,16.7124198803135,17.3025627747121,25.7406060923274,28488.9821199021,24071.1166008985,-1372.37498958924,0
4265,4039,8.61205117399212,2777.75134664804,26.7450850366479,17.4369664709941,18.0762574527864,26.8630495536555,28482.4641683078,24066.1803202217,-1287.61945759121,0
4265,4040,7.11720518503047,2336.15338068642,26.6078910116927,19.7254516621736,20.5256118095161,30.4098576479891,23859.7242447656,20048.8072340292,1061.31726245431,0
4265,4041,9.34264200561058,3028.3286595897,26.6349515199851,16.3898077933139,16.9573857390962,25.2406388342833,30931.9651921976,17519.097733783,-1219.55297196494,0
4266,4042,8.8427619287438,2973.65059064804,26.7450850366479,16.6154467268543,17.1991021614388,25.5904035120484,28464.9809775213,24083.4768289736,-1298.66014368318,0
4266,4043,9.20918779273864,3033.6589515897,26.6349515199851,16.3695538327429,16.935791868186,25.2092714527571,30909.6481344393,17481.9717319962,-1250.20992560834,0
4266,4044,6.62039515862237,2156.46527268642,26.6078910116927,20.9125705453035,21.8008811732922,32.2510192503648,23844.2807168671,20096.8486763137,1032.29253214984,0
4267,4045,9.14578394997006,3518.4512115897,26.6349515199851,14.7631454010824,15.2263169905409,22.7223040279332,30938.6687175821,17489.1193335048,-1275.019791295,0
4267,4046,6.88287812168215,2455.37815048969,26.6168146830022,19.028535045821,19.7782613898284,29.3293414760581,23897.4677368551,20041.2563243871,1061.93377502197,0
4268,4047,6.81842070067486,2516.89873668642,26.6078910116927,18.6907699434208,19.4162393373433,28.805714482813,23864.5630291406,20056.3388214646,1134.4977406601,0
4269,4048,6.93936354570857,2875.50251413482,26.6217497448454,16.997874973748,17.6059905303548,26.182440449945,23790.3904007037,20129.5953440123,1019.52951967326,0
4269,4049,10.3628945963436,5113.88926293291,26.5993049366887,11.4651525137798,11.7388628647061,17.6225793075061,31910.0199184582,18195.4214033348,-1002.10207093321,0
4270,4050,6.92463476887468,3506.52292005531,26.7285080273716,14.8077180470904,15.2744595569591,22.791504991515,23724.1160542205,20206.0618626731,1061.47303837014,0
4270,4051,10.4495092929595,5284.89011252452,26.7674352997883,11.2302291801406,11.4927579973113,17.2599506365538,31880.1829894006,18193.5560500059,-1052.83924568301,0
4270,4052,8.90026041937439,3297.78275897557,26.7572060454805,15.4549479390982,15.962812896812,23.7934056983189,28475.989772486,24052.8065662473,-1329.45954801472,0
4270,4053,7.18163798466649,2015.21253121999,26.2348017588228,21.9091643565538,22.8682624382258,33.7958042916402,25460.1089434476,15753.8345060517,1048.28867213114,0
4271,4054,6.66572794511301,3957.24686401699,26.7339134615142,13.6293179831807,14.0245738863383,20.9682928151969,23717.0790341614,20207.3632913034,1041.4876802703,0
4271,4055,10.4922958778558,5574.05020182203,26.7354452352882,10.8418583186945,11.0844426947679,16.6600559354504,31927.774327086,18210.6340714515,-1063.53282492457,0
4271,4056,8.7221295174749,3994.88363297557,26.7572060454805,13.5438965441402,13.9342950973095,20.8362186403221,28474.6662028816,24068.2340829854,-1319.70547230482,0
4271,4057,7.04281263882139,2445.77677921999,26.2348017588228,19.021415918909,19.7661720296862,29.3170758030014,25482.2768772309,15723.7695198723,1057.16840498424,0
4272,4058,6.88945288713835,3645.93138001699,26.7339134615142,14.4155571515961,14.858117276485,22.1846489790092,23722.9282186577,20217.8560366745,1029.33605879772,0
4272,4059,8.54265793377474,3251.46208097557,26.7572060454805,15.6080547480194,16.1257461465941,24.0304394441454,28465.2906440883,24076.0534285797,-1300.95880978699,0
4272,4060,10.1097622202002,6520.56870257275,26.7363117237589,9.79158118053564,9.98345250347917,15.0386353917935,31896.9100748601,18192.2750241867,-1009.35354128993,0
4272,4061,7.13224274565812,1705.90141321999,26.2348017588228,24.8136091373636,26.0018878333389,38.3042369058172,25487.9472928404,15748.2630822711,1092.63173985619,0
4273,4062,6.65821229872324,4095.07966605531,26.7285080273716,13.3152781232926,13.6920900198046,20.4825789434621,23708.3286201274,20216.4410331211,1029.68207098083,0
4273,4063,8.75880480327022,3385.44623897557,26.7572060454805,15.1756312885635,15.6657222886781,23.3610210087306,28447.6603032311,24054.4656012822,-1265.22098406308,0
4273,4064,7.12876568087787,2378.48387721036,26.2166026387643,19.4055565506281,20.1777288200099,29.9125505054058,25458.902634259,15729.4544712462,1083.00951785435,0
4274,4065,6.833353015198,4078.62624405531,26.7285080273716,13.3517047003344,13.7306364563729,20.538913228051,23695.3327501814,20220.2980171755,1021.42362644867,0
4274,4066,8.96518280146994,3917.02172297557,26.7572060454805,13.726735986609,14.1279388094769,21.1190276830392,28470.278736268,24061.8181700115,-1283.0020844539,0
4275,4067,6.74318492261112,4181.3114560553,26.7285080273716,13.1285815461484,13.4945899292186,20.1938665160496,23718.1524531941,20202.4765233515,1019.38154338576,0
4275,4068,8.91419899822874,3875.63486897557,26.7572060454805,13.8266099705156,14.2337548274613,21.2735199915348,28488.8277793877,24049.4529184831,-1278.05909278876,0
4276,4069,6.86125429667412,3962.28491205531,26.7285080273716,13.6170133256487,14.0115013923943,20.9492492165136,23705.2238400305,20221.8990750579,1056.66111143924,0
4276,4070,8.89102862513244,3459.69019711794,26.7592637916225,14.9493640676706,15.4252214506163,23.0108025927263,28497.2762080267,24065.2912453968,-1302.72788317583,0
4276,4071,6.81379387364762,2618.21833321999,26.2348017588228,18.113536457417,18.7941473082097,27.9099100756571,25483.5360116013,15736.7772103612,1086.57399249058,0
4277,4072,6.36550940394452,4254.73002001699,26.7339134615142,12.9754448318323,13.3327078994619,19.9570838340086,23703.8642061921,20252.600566863,1041.38443802625,0
4277,4073,8.7089262847015,2746.29577097557,26.7572060454805,17.5805589236233,18.2298562115829,27.0855716243123,28482.1604634201,24062.1472025595,-1320.50526360997,0
4277,4074,7.27009661790195,2454.69730921999,26.2348017588228,18.9715684946916,19.7127596917392,29.239802968574,25449.082763713,15755.2697371357,1023.62863717145,0
4278,4075,6.69516111890789,4357.58553405531,26.7285080273716,12.7676166008945,13.1130324988977,19.6357418887126,23711.5822592417,20233.6762243407,1045.47183424136,0
4278,4076,6.86489874160222,2830.28466121999,26.2348017588228,17.1374215372161,17.7509956299538,26.3975174568476,25487.4153488414,15764.0137881694,1129.24910195602,0
4279,4077,6.59217820986974,4137.52967401699,26.7339134615142,13.2229739747249,13.5944714719448,20.3398448597326,23714.9535966586,20245.6043359349,1002.5939037945,0
4280,4078,6.58916553407544,4136.65028625307,26.8447065310112,13.234607510268,13.6075939511601,20.3580600955305,23708.6836560521,20222.9963575152,1076.48440107896,0
4280,4079,6.84841414836178,2640.75186432336,26.4057200894402,18.0280551881124,18.7045944545431,27.7779609682954,25467.4893012388,15719.7701804256,1054.50293733089,0
4280,4080,8.79877550255387,3064.13316791126,26.7816265514203,16.2730753046816,16.8343519912416,25.0602462654343,28254.0141035552,24410.7439968783,-1245.59472885726,0
4281,4081,6.54825106712986,4336.52935891263,26.8361385172443,12.8183156608859,13.1673597739488,19.7143357889071,23693.3629856826,20223.5277668605,1039.49045502866,0
4281,4082,8.92740196519652,3355.36093991126,26.7816265514203,15.2727104248393,15.7691725925956,23.5113537338559,28259.0833322491,24382.4634367693,-1301.29097789239,0
4281,4083,7.19005355539655,2294.06505149878,26.3822219123212,19.9492674606441,20.7630784254944,30.7561653269955,25438.017009941,15738.6532185051,1062.77612869849,0
4282,4084,6.64342086469371,4157.98660291263,26.8361385172443,13.1877931078065,13.5580053883728,20.2856471326453,23691.1499016651,20218.7075420606,1009.31124389368,0
4282,4085,8.75539079078684,3290.56044791126,26.7816265514203,15.4813373991143,15.9911117530754,23.8343202031022,28242.9865456147,24386.7266002719,-1309.53371914873,0
4283,4086,8.79603221074115,3067.43706791126,26.7816265514203,16.260758114983,16.8212219357066,25.0411711365378,28248.4399600171,24421.569640165,-1311.73597575615,0
4284,4087,9.13311037118353,2839.51201991126,26.7816265514203,17.1716669413203,17.7931990186273,26.4521215526381,28255.7290346454,24418.0623002944,-1303.86500675139,0
4285,4088,8.9109935326226,2891.01079126027,26.7697789064529,16.9528083223914,17.5593750235307,26.1130401372401,28261.9931048324,24426.2825332787,-1257.04108241619,0
4286,4089,9.08599585776897,3637.93249391126,26.7816265514203,14.442196990022,14.8867834760235,22.2259789586727,28221.2367748644,24413.9888457755,-1380.53366312628,0
4295,4090,8.5407382729064,2816.42565114488,25.812701431479,17.13929709744,17.748580837571,26.3992061640359,21836.1724725703,16433.8465304244,-1259.71915737578,0
4297,4091,8.7366345648904,2507.26428185517,25.7549485345021,18.6095094803379,19.3194121232911,28.6770572125742,21808.6295276194,16423.4314263983,-1234.09197533939,0
4298,4092,9.30218764772775,2794.42252418552,26.9567253177657,17.3918485571405,18.0302363917415,26.7937486750169,29202.1208895525,22758.2504879257,-1301.33742561209,0
4300,4093,8.86759944557025,1625.94959786677,27.2072201374158,25.9788525100999,27.2779639612581,40.1182387913299,26004.6603236009,19945.8238083972,-1430.52818091427,0
4301,4094,8.95212962825549,2541.94048432677,25.8838430855955,18.4471757109048,19.1471605313139,28.425876057988,21820.1550873367,16382.6135975326,-1258.37544830274,0
4301,4095,8.58471282507197,1643.35013786677,27.2072201374158,25.7687004851625,27.0503911210228,39.7917929304925,25954.4377679627,19965.7008095088,-1380.66462428149,0
4302,4096,8.86886540856357,3008.59592621256,25.9459940608407,16.3781480560666,16.9381948469039,25.2207195051634,21811.8341834681,16421.8591882329,-1312.7258705606,0
4303,4097,9.43777736538225,4812.29246032677,25.8838430855955,11.8834474775735,12.1746562348956,18.267595232626,21839.3328916292,16400.7646960488,-1279.71378962833,0
4303,4098,8.44171823205456,2183.64791786677,27.2072201374158,20.8295421735634,21.7192229708412,32.1243257104466,25963.3642972063,19943.5699456123,-1432.23477080419,0
4304,4099,8.34012203908425,2949.49193786677,27.2072201374158,16.7706066068288,17.3692139719329,25.8319913525441,25930.343296458,19883.935448525,-1394.22953229394,0
4304,4100,8.44701199431132,3207.08444832059,26.4371360213158,15.7209761519752,16.2429976307818,24.2044562871182,23687.9003059899,16144.6075750225,-1507.27394836061,0
4305,4101,8.31163059782694,2530.40323586677,27.2072201374158,18.7104748326522,19.4440971629118,28.83811949749,25941.2031542508,19872.3100670104,-1450.98737831042,0
4305,4102,9.12027924983811,2318.93984021256,25.9459940608407,19.7191963322434,20.5108059707143,30.3979263470786,21841.3755405422,16432.5533524541,-1296.84489641358,0
4309,4103,8.95932943704816,3246.32491201643,26.5940171089788,15.6064252422342,16.1225227979907,24.0275065277723,31859.7933912987,14431.1737736313,-1395.69354792162,0
4309,4104,6.56964133063927,1529.66932337988,27.0869336192379,27.1908852471171,28.5895070701636,42.0007254329712,23807.0579805888,20713.0868893201,1083.10810243634,0
4310,4105,8.87025627130144,2921.91838712653,26.9529428497915,16.8495604711699,17.450987007662,25.953605330503,31856.1257910028,14446.4278508878,-1388.73351369447,0
4310,4106,6.58475332992789,1469.60696643886,27.2078428043816,28.0781302979795,29.5540916228571,43.3800179232496,23836.280826506,20725.3650392928,1146.7591337137,0
4311,4107,9.11920506790363,4142.48917712653,26.9529428497915,13.2314331573654,13.6050291914806,20.3533698345412,31857.690363334,14459.5186431611,-1400.17496504314,0
4311,4108,7.01335296867039,1648.70037243886,27.2078428043816,25.7050823484967,26.9815196537973,39.6929755333384,23828.9646679037,20709.8850874111,1039.18452417147,0
4312,4109,9.05234249280687,4337.44130312653,26.9529428497915,12.8262094450359,13.1765237383487,19.7267671951129,31860.4126213922,14468.4089237457,-1378.47821750383,0
4312,4110,6.70447600402491,1699.58043243886,27.2078428043816,25.1176077211614,26.3456824018198,38.7804999647055,23782.6748462646,20717.8695309505,1046.58389136374,0
4313,4111,6.60148871883786,1564.42889643886,27.2078428043816,26.7574742933201,28.1216009779169,41.3278674875086,23803.4557037075,20731.6969681084,1078.7843366945,0
4314,4112,6.64843679816484,1517.75580243886,27.2078428043816,27.3879295616047,28.8052041292964,42.3074555191101,23806.2138531462,20701.2882316015,1123.08367395597,0
4314,4113,9.2438059694926,3446.092760714,27.3670691608174,15.0554815243905,15.5432414070699,23.1764918681542,29968.0506982835,14537.4326288879,-1388.07637646844,0
4315,4114,6.99108892936589,2298.88586643886,27.2078428043816,20.0596367065371,20.8916685352081,30.9301074266154,23803.1766894426,20739.8646837435,1061.83403313214,0
4315,4115,8.90015690874765,3748.56289364874,27.3194764498023,14.200605063067,14.6347493562395,21.8533505504288,29950.3362631271,14501.7586980442,-1436.26077058428,0
4316,4116,6.74527417878958,1796.40672843886,27.2078428043816,24.0866513598593,25.2309357223171,37.1795070125225,23799.6132575967,20711.7921400243,1072.19262387734,0
4317,4117,6.88985926106764,1898.43116043886,27.2078428043816,23.1078632026718,24.1739486695367,35.6599086916692,23788.8832281687,20724.2629409502,997.247902104511,0
4318,4118,6.88259303667,2108.97769443886,27.2078428043816,21.370336768264,22.3011379315978,32.9633399310808,23786.7811638196,20722.0597248275,1072.53846078247,0
4319,4119,6.68825985630928,2530.24697043886,27.2078428043816,18.7114028310769,19.4450985761891,28.8395600115407,23783.0574622857,20707.9301621204,1042.68520880466,0
4320,4120,9.21743734045605,7116.56969045446,27.6378727920426,9.30038800454993,9.47401870647612,14.2818416287807,31131.9045298715,17836.0144692635,-1239.84475391378,0
4320,4121,7.08016448600195,2417.24257360678,27.1997187924742,19.3387429723786,20.1176696454054,29.8121564712599,23682.1259529018,20806.4901182742,1131.92141332227,0
4321,4122,6.70278729757662,4878.76249236992,27.3326501021245,11.8818698344018,12.1822879409759,18.2677215651897,24377.9908140355,16818.6772467894,1119.21920676915,0
4322,4123,7.12345881883452,3693.93990036992,27.3326501021245,14.3460350798971,14.7891983095494,22.0784129213387,24381.9403372324,16826.0909436061,1103.6588070707,0
4323,4124,7.51204104146595,2964.94537836992,27.3326501021245,16.7246735545867,17.3214060036576,25.7611752138538,24411.235132592,16785.6886188318,1101.54329097015,0
4324,4125,11.1145371574391,6123.4628849964,27.3973046176768,10.2347535328352,10.4509401021724,15.7236132076202,31867.1315225791,18615.3583400051,-965.961311168703,0
4324,4126,7.54904027002603,2939.63750436992,27.3326501021245,16.8264441072309,17.4300536811081,25.9188275055341,24419.7647963505,16817.6020086516,1114.78362443106,0
4327,4127,7.69085401345748,6277.05185318461,27.5106169326272,10.0776000933903,10.2867817716406,15.4811604917204,31441.0933854886,16020.651085799,-1502.5438289911,0
4333,4128,7.26597454369148,2264.3680092255,27.2989172611876,20.2983353455894,21.1492417730279,31.3006343247885,24486.9390769121,16877.6312310477,1143.5548549375,0
4334,4129,7.7955050726886,2671.4525412255,27.2989172611876,18.0082223710561,18.6930196617477,27.7498827498053,24516.1767647948,16885.9342472815,1104.01025278394,0
4342,4130,9.17646229307425,3277.18535957318,27.6333567934876,15.6219842402225,16.1484427301275,24.0541729669971,28791.8178305484,21418.5000055456,-1405.85090448452,0
4343,4131,8.22337698775756,2951.79526157318,27.6333567934876,16.8156166450565,17.4214218518549,25.9028610978356,28739.0338395422,21446.5940826333,-1342.02038148702,0
4345,4132,7.84313922794487,2163.75214597056,27.3449800654808,20.9952100790812,21.8991757669357,32.3818164386112,24746.7178753304,16933.7857320752,1192.93386846792,0
4346,4133,7.29275905351624,2258.86041397056,27.3449800654808,20.3425027903488,21.1972720287065,31.3692967558405,24726.9808134897,16953.3240531408,1156.31030610682,0
4347,4134,7.88656932830764,2576.80572397056,27.3449800654808,18.4876668051337,19.2068903913341,28.4931486833888,24767.5288487005,16908.3970406928,1117.40985380378,0
4350,4135,9.10006226369139,6679.43903424664,28.274877615721,9.71936738000227,9.91519277022249,14.9292086157791,30285.8886373575,18290.4376115837,-1269.24020342139,0
4351,4136,9.40631809752727,7111.31473546955,28.2841932158924,9.33526422065822,9.51332406412658,14.3364432473176,30278.8305171272,18265.6296298612,-1340.85919324107,0
4352,4137,9.17781531273328,7247.1632528321,28.3141428394429,9.2239885753655,9.39712728989247,14.1647797752499,30293.8388035242,18244.0146748621,-1362.95119484192,0
4353,4138,9.2469442016401,7356.58435224664,28.274877615721,9.13409906845191,9.30302629947303,14.0260430016382,30314.194338817,18232.7245539529,-1388.21209012234,0
4355,4139,9.21755475194865,5214.66598224664,28.274877615721,11.4308441582998,11.7127103018375,17.5723222086468,30313.2321950812,18279.9699687882,-1370.90376271084,0
4356,4140,7.13496527107151,3694.10840460022,27.2290840214302,14.3353269185947,14.7769993974513,22.0616136211145,23818.4141435055,19821.1882549865,1089.61686727188,0
4364,4141,8.11223502599747,2829.4222574581,26.121208275685,17.1256814129271,17.7372806467469,26.3790054248138,25772.1933578495,12125.5515825196,1239.49617058298,0
4365,4142,9.13539134719884,4211.78303805567,27.5213441172405,13.132158208558,13.5040887787187,20.2009727976337,24499.0235824947,18875.7135235506,-1226.22292858104,0
4366,4143,8.85003498561068,4087.3800191661,27.5582000000528,13.4057710796237,13.7939984346829,20.6242223299184,24538.748744604,18872.501554079,-1176.23850368372,0
4374,4144,9.03659494434036,2744.87276187677,28.7916355752537,17.867073693126,18.5573173386952,27.5353588883587,30688.2411649869,18226.1748938981,-1201.23322682655,0
4375,4145,8.69338721603479,4809.62169442383,28.9538215620399,12.1135547826258,12.4367897684597,18.6286016495563,31297.4429350258,14703.1470741541,-1374.87203608963,0
4376,4146,9.49309216954904,9122.52792893663,28.5291688364778,7.98015262409912,8.10107824684859,12.2466965407655,33194.9077812768,15780.6913040636,-1164.28173537746,0
4376,4147,8.90920825175336,6206.77492642383,28.9538215620399,10.2304302909627,10.4541750501023,15.7190848982913,31277.4369521303,14732.0590039198,-1307.34510502235,0
4377,4148,7.25469440803038,3761.1771322108,27.040213470836,14.1407172934247,14.5689954884558,21.7600774358779,22783.897974933,18655.7646621349,1206.72642420835,0
4377,4149,9.02591437158906,6151.35751042383,28.9538215620399,10.2905700083374,10.5172981734329,15.8119505321974,31303.6236305804,14693.7138954237,-1387.89761614698,0
4378,4150,7.21563875232007,3798.4451242108,27.040213470836,14.0454207096175,14.4679249061953,21.6126371672584,22788.4782268674,18668.2177141477,1153.20941001437,0
4378,4151,8.91247722947279,4974.64048642383,28.9538215620399,11.8425121110266,12.1506847031495,18.2096245929808,31317.0558283117,14687.490825931,-1361.85258443004,0
4379,4152,7.55117765636025,4001.82652313524,27.0104418425006,13.5509530980522,13.9436834658755,20.8476611176164,22772.0633407237,18682.9630714516,1203.77455345988,0
4379,4153,8.55972254271595,2602.97090488574,28.952913884916,18.5876712433056,19.3312752709979,28.6529236012659,31179.2011125661,14641.7846853214,-1472.92421690794,0
4380,4154,6.92074015987093,3815.73107353852,26.8480669125605,13.9833547958775,14.4006002026618,21.51619768285,22794.6569419785,18666.9250016045,1236.20502548103,0
4381,4155,6.96797573378221,3227.51736823997,26.6399602912277,15.6751358276374,16.19607613595,24.1340006929817,23040.7372771127,17394.0096815262,1096.0177013535,0
4381,4156,8.14362966806441,2415.57313253443,28.641761269323,19.5774631736154,20.3903601749873,30.1868788988085,31120.7689174534,14603.5507393922,-1492.90479422304,0
4382,4157,7.3828189092075,3213.55288423997,26.6399602912277,15.7226451443697,16.2466503822284,24.2075570288752,23050.6442023233,17362.8139050035,1165.89468739151,0
4383,4158,7.0065550108739,3281.19473023997,26.6399602912277,15.4959459507675,16.0053768979069,23.8565837501044,23076.5264947181,17387.7514157008,1152.87130473036,0
4384,4159,6.8654848256995,2860.18976623997,26.6399602912277,17.0646774848986,17.6774979069478,26.2859764450593,23049.8441689676,17395.6377336495,1149.67002202964,0
4385,4160,7.2546413550521,2662.92491023997,26.6399602912277,17.9546539357919,18.6286325892749,27.664916391458,23049.8518103337,17389.2341691101,1064.51499753751,0
4391,4161,7.0923193424947,2833.28287570529,26.7881028649651,17.1993130179603,17.822794405555,26.4949703246833,23333.4593752914,21758.8578048774,1127.25720530704,0
4393,4162,6.83983173509393,2166.14703974695,26.8043858216914,20.8798452680705,21.7682141361049,32.2009505544697,23351.2988193609,21731.8770006381,1228.08141009582,0
4394,4163,7.35061231119603,2271.48771970529,26.7881028649651,20.1637547292977,20.9983920405308,31.0901752509606,23333.2341723106,21771.6419821244,1188.19468188935,0
4395,4164,7.151938555337,1672.11620770529,26.7881028649651,25.3279275828728,26.566758360477,39.105355706094,23339.0272096874,21747.670135986,1175.48263112678,0
4396,4165,7.37906078234601,1932.22124170529,26.7881028649651,22.7181448291621,23.7476477512781,35.0533559632348,23347.8992358055,21777.0230304175,1152.48679472978,0
4398,4166,6.98323996055293,2215.43154970529,26.7881028649651,20.5353826718472,21.3976839136109,31.6665705261385,23362.5092451861,21760.8643339631,1206.48077824274,0
4399,4167,7.10800525324662,2070.98504170529,26.7881028649651,21.578995657247,22.5202654325897,33.2855734170787,23361.1621856321,21754.6912159616,1153.53968146145,0
4400,4168,10.0781028140938,3707.61868580056,27.0676110134643,14.2834053930355,14.7205967214711,21.9809142598546,25965.916801837,19237.5341090734,-1357.71394143199,0
4401,4169,7.08107963260391,5611.11225059922,26.7278987914416,10.7944305067296,11.0345961508727,16.5868014237758,23275.1702022042,21785.5933228784,1203.81607000152,0
4401,4170,10.0096086515862,3595.35592412208,27.0965368751818,14.5920652670983,15.0484952185679,22.4586120227459,25985.6646475638,19231.7208610472,-1343.22242471176,0
4402,4171,7.60887468451386,5839.34566259921,26.7278987914416,10.5169051050992,10.7433268402342,16.1582629187602,23273.5911479791,21806.6869117814,1160.69857316272,0
4402,4172,9.56930353501708,4037.01751580056,27.0676110134643,13.4755685131597,13.8642843532197,20.7311803836966,25978.0553691932,19255.72620591,-1262.40970293794,0
4402,4173,9.00702498751514,4864.24547406589,26.8197646775476,11.868094763585,12.1645302300046,18.2455405173302,24533.6748439331,19276.843154798,1267.72892822485,0
4403,4174,7.34994073194395,5433.16419659922,26.7278987914416,11.0250149855045,11.2768071823559,16.9429132533687,23261.6559501227,21824.1707790971,1158.76691611571,0
4404,4175,7.2134335244085,5138.8838462348,26.7010805795621,11.4352901624664,11.7080610719262,17.5766166821404,23246.6779971465,21816.0083014382,1186.481279331,0
4405,4176,7.207744034289,5126.31999059921,26.7278987914416,11.4556642164938,11.7296626889686,17.6081373085743,23268.2996313421,21792.4366199655,1178.68387157461,0
4406,4177,7.17618814118991,4965.39803459921,26.7278987914416,11.7002748144212,11.987165561748,17.9860637754124,23265.8854399922,21791.9239309459,1169.97535991719,0
4407,4178,5.18498248439773,3987.06513136567,26.7528891822656,13.5615708616843,13.9529767837898,20.8635463976093,23402.6459556032,21707.9102006044,1103.04937939889,0
4408,4179,9.21953995233238,8290.96291159644,28.2531394854629,8.4643386049526,8.6041129710739,12.9929385576554,32522.5853343042,14430.9308772163,-1337.73131901571,0
4409,4180,7.64735938091154,4668.18749700076,26.3992905723598,12.1659310143946,12.4757289889094,18.7050562626618,22085.9908147671,20039.8672616732,1256.17398747052,0
4409,4181,9.00760243424879,8354.86033759644,28.2531394854629,8.42337522770194,8.56143372235286,12.9297710659791,32502.8877332696,14412.0518739874,-1355.4752444843,0
4409,4182,7.31614377386008,3483.48875459921,26.7278987914416,14.8752738477187,15.3462247203477,22.8960573777252,23351.1359600892,21719.2968534928,1211.4837692859,0
4410,4183,8.91204838296733,9530.40515313662,27.9075230836467,7.7437098219829,7.853212249778,11.8816681139142,32495.09840165,14419.2967385014,-1298.00012402263,0
4410,4184,7.4714453783603,4948.96010143363,26.4240094032996,11.7041607302451,11.9893463016544,17.9915405062411,22100.1296212266,20064.4122384208,1257.24170125659,0
4410,4185,8.52064376906857,8447.94921085897,27.5249638237615,8.3362847695845,8.4679741206192,12.7947196545288,33723.8520689048,14135.192785713,697.564101916758,0
4410,4186,6.92781183405562,3402.91261649706,26.7417734381375,15.1198531975505,15.6062837324335,23.274645412152,23320.4813338227,21739.166824186,1247.96413676135,0
4411,4187,9.06609884704231,7789.89907533721,27.8971320417185,8.79049784898758,8.94274958597466,13.4955632556069,32540.9445217156,14404.5857603907,-1295.77144891035,0
4411,4188,7.45263597918263,3463.74842849706,26.7417734381375,14.9353614100232,15.4101905550348,22.9890885562202,23306.7616973359,21755.5307016442,1213.51583699464,0
4412,4189,8.98973563850895,8434.15957533721,27.8971320417185,8.35942467260014,8.49347843986273,12.8307889668912,32480.1505386697,14464.3473825866,-1329.61694129717,0
4412,4190,7.95231134714849,5319.41504797056,26.7253598343972,11.1793607086083,11.43902377397,17.1813070602932,23205.72683762,21487.5836111889,1206.13622219314,0
4413,4191,8.54221046066121,9913.53586533721,27.8971320417185,7.55595499644014,7.65826671930349,11.5923265224707,32475.6523138893,14445.4590244196,-1253.79360543836,0
4413,4192,7.93681551607097,5277.87435943363,26.4240094032996,11.2170483332951,11.4768599722893,17.2390276615349,22096.1694093295,20050.8580222416,1193.81213491318,0
4414,4193,8.64022333584928,9592.79325333721,27.8971320417185,7.71196463869718,7.82021057819499,11.8327355963128,32484.2856288336,14411.6338767836,-1286.86565978719,0
4415,4194,8.68000170715244,8927.11301313662,27.9075230836467,8.06663739888741,8.18882617528706,12.3794067894057,32468.952689898,14421.1864532796,-1313.32213015072,0
4416,4195,8.74243335195187,6642.54243557738,27.8617265702357,9.73325703227339,9.92780747662407,14.950113643607,32490.2083624243,14415.6094010177,-1361.0762626094,0
4416,4196,9.38530064370309,4337.24875832307,27.0000033349714,12.8305017681072,13.1813906594084,19.7334948928525,28157.569721259,24212.5164976456,-1353.52386149914,0
4417,4197,8.57899854785841,6693.47228387696,27.8720182310165,9.68590271361837,9.8782852503578,14.8770405392242,32480.1496727541,14420.4026797539,-1354.41151249326,0
4417,4198,8.87843508247011,5163.84792106945,26.9777167296789,11.417662235163,11.6911824312313,17.5498445345656,28134.3747273062,24208.2722923483,-1311.19711122898,0
4418,4199,8.7026722499506,6951.62309913662,27.9075230836467,9.45441054563575,9.63624454538662,14.5198351174757,32498.1035432904,14455.604107664,-1276.56565843207,0
4418,4200,9.05340600517197,4211.44368106945,26.9777167296789,13.086390226245,13.4517751455179,20.1291218565234,28131.7048067922,24204.8049299789,-1321.51596339075,0
4419,4201,8.93058679049888,6239.01592113662,27.9075230836467,10.13916115336,10.3532847356815,15.5767428899958,32485.6885728927,14418.6189864751,-1362.86030546034,0
4419,4202,7.25530490405944,1750.01786478333,25.7719200381576,24.2316435162145,25.3658996962944,37.3986334718971,25268.3290278036,15463.8043174683,1064.02978872093,0
4420,4203,8.86458047541312,5271.61235151051,27.7103256708805,11.3115768287568,11.5838611924168,17.3871432445353,32509.0096254973,14431.9083183381,-1342.41993792939,0
4434,4204,9.60010469966326,4311.24191844181,27.3698843300121,12.913525131727,13.2717513274868,19.8625827322142,30948.4617756496,18051.5696722436,-1262.92640353863,0
4435,4205,9.51505422213468,4159.52683044181,27.3698843300121,13.2308596439225,13.6074545348553,20.3533185840324,30944.0234068736,18032.4222082896,-1305.29954041861,0
4436,4206,9.48414601674289,3667.2457304418,27.3698843300121,14.4216051853211,14.8697243649736,22.1954367503708,30913.2723898702,18072.0102747422,-1225.48840507691,0
4437,4207,9.22321480798977,3064.68044844181,27.3698843300121,16.3431688091587,16.9146863056134,25.170343796563,30946.2037401076,18076.6293391456,-1200.22780240544,0
4438,4208,9.4711099602678,2769.02545044181,27.3698843300121,17.5619940087291,18.2163842570475,27.0585615704708,30931.7140212028,18059.3183868431,-1222.70941858522,0
4439,4209,9.5170643868833,3009.26303244181,27.3698843300121,16.5548825744161,17.1405518642419,25.4982658855952,30962.6387820419,18072.9782104049,-1213.63398177095,0
4440,4210,9.32214634898875,2739.5344756526,27.2547960441693,17.6807983211223,18.342246526785,27.2423336976453,30923.7045185633,18038.9622930217,-1225.87643822053,0
4442,4211,10.558696457311,2444.69806178381,27.0648026451764,19.1597236425588,19.9240896200379,29.5341578940423,33689.7525307926,14430.6898705345,-1026.180670534,0
4448,4212,10.9326494499287,2484.82677146153,27.1008714470251,18.9410959467347,19.6900858882653,29.1953152481931,33663.4302064419,14471.7123314658,-1017.7754859353,0
4451,4213,10.5291229499337,3194.4422942639,26.6832800431347,15.7933726558715,16.322352358828,24.3171743385971,33722.7706566921,14447.3643491096,-1018.49340546554,0
4462,4214,8.99240819595586,2989.37167051925,25.3590149135714,16.3764687607262,16.9305205775676,25.216498197841,22073.4521014813,17578.3227355248,-1209.26154968252,0
4477,4215,8.48052521293322,2331.15755185833,26.4772980754036,19.7341596700955,20.5333740387623,30.4229241891865,24946.1546522949,19166.4060212171,-1497.85889457588,0
4481,4216,8.52590718305896,3032.9896873438,26.5544224004354,16.3620353613171,16.926995138126,25.1974124924661,24920.0329534421,19152.8690710123,-1397.93638357748,0
4482,4217,9.06040418858659,4784.20226733611,27.1161431852388,12.0220312196389,12.3286856123115,18.4839547107737,28229.2618341592,24034.3603540954,-1285.5965315914,0
4483,4218,8.75549779244807,5717.70819933611,27.1161431852388,10.6860708478652,10.9229719031479,16.4200593829966,28260.2804888036,24021.7440889849,-1302.28159614266,0
4484,4219,8.89833381969151,4556.12303733611,27.1161431852388,12.4215984600838,12.7502608955551,19.1015508502424,28237.2117332478,24026.6523583702,-1261.51631154844,0
4485,4220,8.74440626685523,4472.22600333611,27.1161431852388,12.5776976041555,12.9150946682651,19.3428648977283,28234.6204055479,24016.0811778896,-1285.56134489228,0
4486,4221,8.69952020694842,4435.19717580962,27.3283133917253,12.6653956684985,13.0091871053458,19.4788474987312,21617.274886469,21481.3731989666,-1397.44864230113,0
4486,4222,9.11241900526665,4637.90557533611,27.1161431852388,12.2742967915916,12.5947868831529,18.8738560137299,28210.5031216761,24044.4351698331,-1323.62276099293,0
4487,4223,8.45022109196005,4310.81635380962,27.3283133917253,12.9109290931061,13.2687152075545,19.8584882500074,21623.3767123729,21501.4931732888,-1414.50112964486,0
4487,4224,9.26084836002335,4562.57665533611,27.1161431852388,12.4098033892152,12.7378089160924,19.0833176681763,28261.7315915316,24030.8635223593,-1303.34921607698,0
4488,4225,8.95603446782479,5215.95591933611,27.1161431852388,11.3514752728606,11.6223615410095,17.4478206167234,28243.3472639815,24008.8136110028,-1305.05526586694,0
4488,4226,8.7526395260038,4565.74527780962,27.3283133917253,12.4206004918563,12.7506241490024,19.1003988389805,21597.205656425,21499.8611077955,-1450.45423969362,0
4489,4227,8.49288043412611,5110.99890780962,27.3283133917253,11.5198236716867,11.8008300404037,17.7082652859659,21625.1385327986,21518.6513224125,-1396.63785398963,0
4489,4228,9.23075376837063,5188.48949733611,27.1161431852388,11.3911743366917,11.6641364537344,17.5091516555818,28243.0322775882,23991.233046205,-1328.81854746373,0
4490,4229,8.33273449172482,5771.51673856013,27.864011639834,10.6655967974803,10.9055086087895,16.3895561485427,21596.1249084222,21497.1366712959,-1347.78649675194,0
4490,4230,9.36399778418538,6346.88268008248,27.0025539248487,9.97810147621149,10.1800150200024,15.3268730653625,28257.5597958724,24010.5588653876,-1310.09996564775,0
4491,4231,8.46189705993785,5866.82324056013,27.864011639834,10.5517760603567,10.7859799028373,16.2137813205742,21612.0893105084,21478.1143781054,-1429.50326404644,0
4491,4232,9.10619183011372,5448.50821808248,27.0025539248487,11.0223069793752,11.2755397561307,16.939166518883,28257.5032808764,24029.5063336868,-1272.77710029638,0
4491,4233,7.84397585516074,4075.17909819796,26.4635191303259,13.3356419074826,13.7116563833144,20.5135254660047,21668.6955861873,19096.5973019182,-1501.35976406424,0
4492,4234,8.63477302737458,5253.26698456013,27.864011639834,11.3478942065299,11.6229813627377,17.4434993143409,21613.6968559854,21495.8167127413,-1418.11401440555,0
4492,4235,9.32488125719258,5328.26828408248,27.0025539248487,11.1854386695264,11.4470390668139,17.1911440117646,28270.9032367238,24016.2855107889,-1285.44936305146,0
4492,4236,8.15197654551441,3208.47802419796,26.4635191303259,15.7193109037264,16.2414698208168,24.2019455079679,21690.6654689779,19107.9826128412,-1519.46543718083,0
4493,4237,9.08538830147099,5066.90776808248,27.0025539248487,11.5635628652311,11.8449081674349,17.775300246489,28261.9748402337,23997.1527681307,-1297.80634507811,0
4493,4238,8.67256727632483,4696.00918456013,27.864011639834,12.2288400869951,12.5516741337974,18.8049321660543,21596.8265099497,21523.771425382,-1327.26126966011,0
4494,4239,8.63732576824094,4250.81967256013,27.864011639834,13.0790747882332,13.450336350248,20.119545457996,21607.4317324521,21513.7524312814,-1425.4386864215,0
4494,4240,9.11373835340803,5284.04007608248,27.0025539248487,11.2470936987619,11.5118804652607,17.2863845193477,28260.3436350374,24002.3588552912,-1305.23166717485,0
4494,4241,5.59847491222073,6187.33161859997,24.6909738694092,10.0127865615738,10.204335801131,15.3770911441545,29997.8560214739,9881.27338796187,358.982037302522,0
4495,4242,9.10683994733666,5697.57822608248,27.0025539248487,10.7038229070881,10.9409871689486,16.4473009350298,28255.5946369253,24023.5290434197,-1363.83228240091,0
4495,4243,8.80295188046156,4472.70959656013,27.864011639834,12.636359528795,12.982126628671,19.4349530784159,21605.587125893,21492.8955439259,-1369.17211686608,0
4496,4244,7.40648366851952,4192.70589728121,26.8046508723464,13.1110155868108,13.4765667651932,20.1668562115496,22058.6869476181,19484.4314942618,1250.77993110248,0
4497,4245,7.59624308446388,2608.84548856615,26.6958847285413,18.2284569260155,18.9222087496354,28.0894143038553,22035.183954964,19316.2307906985,1263.06344611592,0
4497,4246,8.49170663212372,2996.54910256012,27.864011639834,16.6661647658615,17.2640543311494,25.6719473452751,21615.9595516432,21536.6020052574,-1418.68480242438,0
4498,4247,8.97746357806882,4193.04464724401,27.9247465304941,13.2064006911052,13.5855346398187,20.3165844431839,21607.1796703943,21681.7537431139,-1115.52588174125,0
4498,4248,7.20041635442982,3527.66011675957,28.1733558729853,14.8967630816145,15.3811925502256,22.9326588090134,22857.7481680767,21918.3109637796,-1307.54269745834,0
4508,4249,6.92224966653572,6036.81480893367,28.3187940745312,10.3823414450108,10.6104566304217,15.9527863234227,22167.66046929,22712.7979774754,-7.69445584606744,0
4509,4250,7.30976983468153,4799.03460729555,28.2280383711025,12.078872270941,12.3956838177331,18.5737497250942,22820.4413065356,22078.2672443171,-1471.19747932789,0
4512,4251,7.95793819529756,3382.78776236202,28.3881272953624,15.3616018652987,15.8776811892762,23.6528036227915,22801.894476879,22182.3326255884,1256.33201760137,0
4516,4252,7.78456504598959,5349.15891236202,28.3881272953624,11.24671784018,11.5194682618322,17.2880073029798,22786.4642411155,22047.2021211195,-1524.99289495916,0
4518,4253,9.66358935459596,5256.75464913666,27.0677356305228,11.2899490258965,11.5573432452941,17.3526928921675,30569.5508458919,17403.2460037553,-1185.44505387802,0
4518,4254,8.06279673285098,4762.98097436202,28.3881272953624,12.1518640838238,12.4737333254869,18.6868564227194,22816.071950305,22175.584271895,1257.04898387025,0
4521,4255,5.72486630948666,5206.07909790165,28.5815260881422,11.4637103483809,11.7491042641151,17.6235962483885,22471.2020666119,23265.5972328567,139.19812449589,0
4522,4256,7.30583134258795,6834.75976619583,28.5350194762587,9.58891973115521,9.77981149978988,14.7282001620196,23203.5276736402,22730.8233054417,1187.02007238402,0
4523,4257,7.33141544975102,5337.89483219583,28.5350194762587,11.2719120285659,11.546822436975,17.327162267149,23181.9746460345,22754.6570250973,1224.29446435961,0
4524,4258,9.21726440761036,7642.47785564875,28.5235885637947,8.9251234576207,9.08579874149523,13.7039325339782,23134.7497346541,23206.2692107302,659.361354609567,0
4525,4259,8.52469720248927,9121.67987049282,28.5251370896647,7.9804746490379,8.10139913593095,12.2471890677561,23162.7873793933,23155.9594356598,671.301754477501,0
4525,4260,8.95806751292267,10420.3662521244,28.5074015002735,7.34507891654741,7.44144827782254,11.2679450575827,21945.487830296,23433.4538632749,-1244.70198305215,0
4526,4261,9.16491549510656,10609.4480664928,28.5251370896647,7.26440371503648,7.35785284643503,11.1436665037814,23167.252769932,23167.6315884649,671.93069967803,0
4526,4262,8.89641465714117,11855.6244641244,28.5074015002735,6.78466237343965,6.86103049351292,10.4047123895067,21935.8357892581,23444.4942061104,-1186.2710853718,0
4527,4263,11.2878392900181,11491.8899902852,28.5363765039479,6.91614353460469,6.99714621424752,10.6072223366938,22292.2954908242,23395.9560680424,-1234.28441784383,0
4527,4264,11.4061752160011,6570.98002526371,28.3113897787044,9.82473510964695,10.0257173255677,15.0918949502216,24072.3599127497,23764.703269793,-1130.97027408187,0
4528,4265,11.1149336926703,5982.3351752637,28.3113897787044,10.4436522168314,10.6747796031625,16.0474521450546,24091.6342553727,23797.0887690227,-1213.5409411392,0
4529,4266,10.3005607136459,12231.4293890372,28.5577038866677,6.65790828273141,6.73010428695114,10.2095651515178,22382.7603195,23400.781851406,-1152.91098899119,0
4529,4267,11.6071237368286,6780.5353892637,28.3113897787044,9.62732136595237,9.81899387165131,14.7871880434077,24086.0841280288,23761.634539947,-1200.96095866523,0
4530,4268,7.3834421830876,13150.5365118596,28.5459963930997,6.3707983421436,6.4335103970131,9.76752863188569,22211.4294455371,23359.127406716,-1088.08243001048,0
4530,4269,7.72947925636824,12924.8060316445,28.1141088466847,6.42759807419343,6.4910491902035,9.85466232478748,21072.0708014228,23007.0347708377,-1034.07082711124,0
4531,4270,7.17442981413843,12418.2403713209,28.207655295509,6.58786677547446,6.65679532585425,10.1014640969358,21172.1672094255,23107.3621249074,-1103.96298304481,0
4531,4271,5.82223602963088,10697.9919710257,28.5753963594657,7.22870976092885,7.32100390293632,11.0887186622336,22094.742137512,23452.2895591903,-891.229434805804,0
4532,4272,5.80560226101428,9592.41654376502,28.4958121463728,7.73232313237569,7.84335899369253,11.864666450522,21842.7134400353,23435.1377644625,-934.429206112387,0
4533,4273,8.48009875944174,4760.73717161661,26.6389563316334,12.025811761425,12.3295875037168,18.4889466380426,29821.1411263418,16807.6717285186,-1436.35260777128,0
4549,4274,9.83952465347436,5985.91556820971,26.367931947235,10.3275581614547,10.542852722252,15.8654003691282,29957.8009698558,16738.9097119231,-1076.89817907653,0
4554,4275,7.63332633566877,2345.06710296776,26.629108698027,19.6745152821672,20.4712061222017,30.3309443751799,22583.5992703794,19784.078381871,1223.89451423831,0
4557,4276,8.40797992626324,4528.01991096776,26.629108698027,12.4347138018316,12.7608145985349,19.1209171213133,22533.7820758562,19699.2103006105,1220.67913713583,0
4558,4277,7.73244589989297,4326.54808896776,26.629108698027,12.8209489842485,13.1686785330157,19.7180036097451,22583.4252925962,19691.7059838431,1233.18157252916,0
4559,4278,7.65692157901733,2763.01045296776,26.629108698027,17.4870196081119,18.1285335161473,26.9402672816532,22566.835841584,19727.1551354277,1203.56394246304,0
4560,4279,7.64499545159265,2586.99813098336,26.4770133823075,18.3059677109231,19.0027443924262,28.2088763499512,22591.8768487736,19747.9261849752,1267.62295990109,0
4561,4280,7.62919497581815,2793.80024498336,26.4770133823075,17.3289633751217,17.9580674868122,26.6949466158871,22586.9416922875,19725.7650429134,1240.01814355317,0
4585,4281,7.39259663886529,3057.00586896939,27.7867337400147,16.422983905172,17.0037569851111,25.2950487379161,23899.8517516569,22404.7633465313,1210.57489596111,0
4586,4282,7.1979632970208,2759.60548814982,27.7776834890541,17.660688913307,18.326132591934,27.2126575684329,23840.7362967356,22409.9893432991,1202.55408102683,0
4587,4283,7.09562060580899,3335.52463896939,27.7867337400147,15.4474837579309,15.9639683451996,23.7843559738984,23885.72423889,22395.6744438796,1186.10257764972,0
4588,4284,7.33033795506274,3498.29677896939,27.7867337400147,14.9432572415009,15.4274402650827,23.0037494142205,23917.0805872824,22414.9771062914,1227.48110886251,0
4590,4285,7.40810662382747,2891.96984274594,27.7640906788536,17.0786930234922,17.7037214221369,26.3107899507392,23872.2350572827,22419.6714723181,1217.51028060199,0
4591,4286,7.29115353032603,3222.06835038218,27.7862347808223,15.8262139548237,16.3673782482245,24.3707933224557,23896.4032949644,22415.7993211254,1242.13544947373,0
4592,4287,7.38358332628142,2426.15041451367,27.7413638272594,19.3733295835129,20.1610043832485,29.8675025306895,23915.7213493118,22383.5025630247,1205.42102612737,0
4593,4288,7.32286190686295,2803.76415851367,27.7413638272594,17.4566373870072,18.1075071691211,26.8963455087225,23912.6366671993,22381.6031376708,1191.64715013061,0
4594,4289,7.07569423264055,2517.79215474594,27.7640906788536,18.8628859172831,19.6136560117914,29.0761076676399,23888.9257693617,22379.9415146641,1240.17701461129,0
4596,4290,7.47032557565054,2482.41324438218,27.7862347808223,19.0605842226925,19.8259354866513,29.3826994668048,23906.603997703,22400.2490688384,1205.48026508489,0
4596,4291,8.30551703230701,2302.33876916636,24.5593719464945,19.5809692162229,20.3450934322256,30.178796474043,22301.84846105,16613.2145288739,-1420.29526836513,0
4597,4292,7.03154932363872,2751.74717238218,27.7862347808223,17.6979223251138,18.3660557551073,27.27038363564,23902.4801641364,22386.7238809992,1197.80219016387,0
4597,4293,8.00445947321561,2096.52782516636,24.5593719464945,20.9559646694242,21.8200387371774,32.3107458025944,22274.1163349144,16616.2505108633,-1456.5429938875,0
4598,4294,7.33938234911649,2868.63915438218,27.7862347808223,17.1802727554726,17.8124962940778,26.4682379136961,23912.6803694056,22378.1142722414,1223.60794102884,0
4599,4295,7.97566602161756,2542.76685619109,24.5812124456818,18.2403592126741,18.9107736380211,28.1012004101999,22329.3906003668,16609.3892967527,-1394.80477221622,0
4634,4296,6.69780183331603,4025.51643605379,28.0923963619256,13.593537247941,13.9968374063113,20.9157477072167,23988.938628984,22027.5251260915,1266.94207003194,0
4635,4297,6.84371488525879,5668.34767205379,28.0923963619256,10.8064703692877,11.0547467207232,16.6074677919078,23953.7174623937,22051.7454222296,1218.18925964352,0
4635,4298,8.7025871623238,2687.3428694875,26.6205156871193,17.8352058204927,18.5006675005502,27.4797569266022,22821.3619872363,18763.5463020429,-1350.44247500071,0
4638,4299,8.65675213225801,2767.3413014875,26.6205156871193,17.4663622018095,18.1063679775334,26.9082360548772,22825.4215201705,18763.347529849,-1386.68329334648,0
4641,4300,8.53943675375727,3630.69562166464,26.7743206886748,14.4612601264998,14.906956466891,22.2554604625476,22808.4329053698,18767.8114318332,-1267.09103406972,0
4642,4301,8.80627408792528,3063.81245966464,26.7743206886748,16.2733723870862,16.8345987167047,25.060687074922,22805.1265662951,18792.8105663853,-1315.05035345952,0
4643,4302,8.66747947634649,3488.95831166464,26.7743206886748,14.8640834049397,15.3347327073738,22.878847542632,22814.6624586405,18794.2220577435,-1332.17322990167,0
4644,4303,8.64780552252689,3978.75047366464,26.7743206886748,13.5828229406599,13.9756440834107,20.8964622304789,22824.5906527787,18783.5564912051,-1289.40982683051,0
4644,4304,8.57136338423778,4855.33394467088,28.2384368461691,11.9856185714057,12.2973416563874,18.429624219557,24895.3457364192,22717.7373139419,-1508.19309075413,0
4645,4305,8.31377380760401,4408.05923966464,26.7743206886748,12.6727761377451,13.0131659469414,19.4892052699524,22775.4937661439,18774.7087991662,-1274.87735359101,0
4646,4306,7.70991519531553,6176.723162117,26.7321296856353,10.1401472403743,10.3483786981199,15.5766236385743,22631.7613838827,18744.5174781124,-1464.32008181524,0
4646,4307,4.67632167889995,5301.82656295823,26.1294904458856,11.1639396326645,11.4192797817548,17.1565120851913,21910.584930308,19105.2195616828,219.076130058968,0
4646,4308,7.74158664472949,4325.95424210507,28.2074500434644,12.9528003014645,13.3190944755373,19.9249162149556,25717.630518334,22803.614481365,-1445.86600070596,0
4647,4309,7.95028176213793,6636.559964117,26.7321296856353,9.680864127562,9.86760847724045,14.8677700796131,22651.5470491371,18749.6499905139,-1453.6060145382,0
4647,4310,7.38466972293378,5493.16642495823,26.1294904458856,10.9073401290332,11.1497405150676,16.7602225669458,22603.2480125755,18744.4279745869,-1466.16085841811,0
4647,4311,8.06775212743953,4808.91834410507,28.2074500434644,12.0607303719563,12.3764089935835,18.5456716167196,25728.3290980362,22782.2436923147,-1444.41610335782,0
4648,4312,8.46311295759504,6638.09264463713,26.6861549186364,9.6770444381179,9.86339183081107,14.8618144326522,22638.0406962811,18779.8162823783,-1524.10107002123,0
4648,4313,8.3359864866347,4394.49915410507,28.2074500434644,12.8155279216303,13.1738729466206,19.7126330993741,25712.9881101197,22765.2796854884,-1505.17918253966,0
4649,4314,7.68525426305268,6465.638204117,26.7321296856353,9.84489639453814,10.039222982917,15.1209108815305,22629.9948960832,18738.1199690448,-1462.66281757209,0
4649,4315,8.01954930314613,4584.23111810507,28.2074500434644,12.4548131809301,12.792545335704,19.1548858440607,25709.4606378296,22779.3306592681,-1446.34830438345,0
4650,4316,7.99413108240844,8674.16569005691,26.7461982982252,8.16919451282477,8.29118952295845,12.5363111816075,22693.1265970842,18744.0628841246,-1377.39225102391,0
4651,4317,8.11850905026368,6941.93092005691,26.7461982982252,9.40614610876061,9.58049011249705,14.44389676566,22739.1339120849,18764.9622108683,-1378.38341127609,0
4652,4318,8.81843260186163,3801.52929943953,26.7963050104614,14.0141015826599,14.4327875516997,21.5636519125748,22807.9961704425,18796.6225791512,-1339.66019817827,0
4655,4319,7.50088757709631,3446.82179326665,25.9812813536129,14.9036131724221,15.3698389278416,22.9381286353244,24278.3575871157,16736.0575624231,1222.63930189004,0
4655,4320,9.1489727839968,3500.47793143953,26.7963050104614,14.8325721413334,15.3014414178701,22.8301298231128,22812.845839467,18757.4895326433,-1292.64379924069,0
4659,4321,10.1248283372335,3073.21692907099,27.8001763045776,16.3634157143027,16.9403228434396,25.2028158480954,26957.531549387,25099.7031508937,-1083.52645965642,0
4662,4322,7.41900466443729,2109.40802572378,25.9794399614444,21.1354525362192,22.0322941385117,32.5944857352483,24310.0785563088,16704.2007891356,1191.52076700065,0
4663,4323,7.02715454209296,2203.74538372378,25.9794399614444,20.4695555337866,21.3166672377539,31.5616340407563,24284.8642625867,16727.7404928944,1218.70072096845,0
4664,4324,7.72324981532318,1918.77299572378,25.9794399614444,22.666370229923,23.6803516343134,34.969829195195,24348.4961372318,16704.216735207,1256.1627289913,0
4669,4325,9.13460653388071,2175.21779537227,27.8384244407727,21.0023749155832,21.9130623134665,32.3946374283455,28028.3935978471,23513.4851483835,-1225.07476393567,0
4670,4326,9.2657365839152,2482.96165146252,27.3921649850255,18.9966118745295,19.7529027703362,29.2822935953393,28006.5154355175,23496.3934818657,-1233.36306537586,0
4671,4327,9.3787113750017,2283.64837746252,27.3921649850255,20.1887608634407,21.0326212263452,31.130990554537,27990.4332981994,23508.3218519476,-1211.19161461187,0
4671,4328,9.07202030858978,2078.4296503221,27.241271265427,21.6083267264232,22.5578122715603,33.3327318280145,25589.4556772785,19540.0770605043,-1316.6044676781,0
4672,4329,8.80490018661724,3643.40146146252,27.3921649850255,14.4888597724083,14.9413175474053,22.2995637609086,27990.4000625936,23548.485158428,-1258.41002116925,0
4672,4330,8.81236360681067,2132.7677923221,27.241271265427,21.2004143164705,22.1186726846591,32.69981826685,25586.6690937818,19550.0480732505,-1345.91623486175,0
4673,4331,8.53251913273976,4424.68818683925,27.3628814539089,12.6884553601978,13.0337898481681,19.5145651780524,28042.6082510542,23588.824000809,-1416.29760616583,0
4674,4332,8.5713925496483,6173.24174346252,27.3921649850255,10.1807478913724,10.3942965058995,15.6402308011689,28037.9773832607,23607.0772466811,-1470.30817563233,0
4674,4333,8.20143435378826,3220.80814032209,27.241271265427,15.767754542277,16.3001842926317,24.278916494719,25584.2498210983,19569.4461444809,-1265.00827767663,0
4675,4334,8.77889029929145,5198.72339946252,27.3921649850255,11.3949800534059,11.6697815553393,17.5154838332185,28018.510746061,23577.5989716442,-1483.36967498558,0
4676,4335,8.01374503017076,5540.25953466903,26.8379444102857,10.8916426142452,11.1373108221325,16.7371006140821,23967.4990204043,18430.3305751927,-1508.66597152948,0
4676,4336,8.95337431415972,5230.24260546252,27.3921649850255,11.3494872872152,11.6219009728567,17.4451996421477,28018.6948463558,23586.4118663594,-1374.11867868123,0
4677,4337,8.25644926015887,4156.10164266903,26.8379444102857,13.1920030611594,13.5624721064444,20.2921611378304,23984.4701932128,18391.7201042925,-1523.9365524851,0
4677,4338,9.03688306407407,4957.60477746252,27.3921649850255,11.7599158885091,12.0541234854127,18.0793614027194,28054.7270975171,23547.0818578689,-1435.57990696556,0
4678,4339,7.95524042134234,3411.55676466903,26.8379444102857,15.1037646384482,15.5900189936038,23.2499736345675,23996.1046710844,18401.1730944055,-1455.65366332589,0
4678,4340,8.74121804236089,4865.22773346252,27.3921649850255,11.9082198745846,12.2104397864162,18.3085465599012,28042.5480198074,23583.1372162602,-1420.02664427348,0
4679,4341,8.41274132749324,3481.40121066903,26.8379444102857,14.8931749951067,15.3661880664835,22.9240227856247,23966.5806042394,18404.3523913366,-1520.65153954445,0
4679,4342,9.07688827266526,2648.68527546252,27.3921649850255,18.1324976322192,18.8270396944842,27.9427685664222,27998.8699888916,23529.4064018438,-1211.21770584354,0
4680,4343,8.25132176253931,3280.43061018792,26.9730668043899,15.5364253271911,16.0514586245824,23.9200797628864,23995.5043896109,18416.8676842932,-1500.06845877698,0
4682,4344,7.98039710588296,3416.06671818792,26.9730668043899,15.1046231913772,15.5921062982743,23.2516260781078,23963.521783936,18419.2188215051,-1508.84031404656,0
4683,4345,8.10353498246486,3612.89105418792,26.9730668043899,14.5305867882713,14.9821930868881,22.3631916241523,23970.5167498549,18398.6917919904,-1490.01436355708,0
4684,4346,8.00159208769139,3465.40495818792,26.9730668043899,14.9551826134779,15.4332424301752,23.0203144181803,23989.294501638,18397.1471950566,-1493.29905758455,0
4689,4347,7.20930324460322,2266.95769956165,25.7857835308816,20.018262933222,20.8296761878252,30.8610995764859,25128.1606579612,15408.4817123576,1181.99791598813,0
4690,4348,6.79554979643621,2456.61375387903,25.888562358259,18.9055875766204,19.6380031079007,29.1364020586831,25129.5202899874,15389.6200224566,1102.96353190692,0
4691,4349,9.13356834236061,3197.16368138772,26.5581078922088,15.7692537541798,16.2955127827902,24.2795114400585,30110.2378630117,17899.8048832477,-1182.40417028377,0
4691,4350,7.41453327266066,2129.21928987903,25.888562358259,20.9739487058781,21.8574531483381,32.3436299974243,25125.6642670384,15391.293982866,1161.39682090466,0
4692,4351,9.78944161125149,3156.14229386841,26.5429819940028,15.9104010693943,16.4456644601625,24.4980149597952,30188.0809055011,17863.1336118912,-1196.14077363489,0
4692,4352,7.07470054953037,2129.50562787903,25.888562358259,20.97188271843,21.8552323871798,32.3404253749391,25101.0923489695,15424.8372337438,1159.09839917279,0
4693,4353,7.33484212774495,1585.06695987903,25.888562358259,26.1451232170905,27.4366067179387,40.3705874194361,25102.1185895098,15433.4927450722,1150.03107514939,0
4693,4354,8.28981057368432,2559.73567123971,27.448339356594,18.5918565638501,19.3196538449595,28.6549716501444,25901.0218948291,20403.6572118822,-1436.20676096862,0
4694,4355,6.77360303249042,1801.31822787903,25.888562358259,23.7391221571879,24.8359783363231,36.6345189977187,25119.6018482941,15487.6298562352,1147.27401731634,0
4695,4356,6.6231652489099,1877.28590187903,25.888562358259,23.0181866234715,24.0582780570143,35.5154793896221,25127.0905629141,15488.9944199092,1102.87931795913,0
4697,4357,9.80654759766064,2810.42219786841,26.5429819940028,17.2651758530395,17.8906185035653,26.5963124024475,30126.3333421543,17911.6906498642,-1204.54497901674,0
4697,4358,7.31716592890813,1837.99151787903,25.888562358259,23.3841108327447,24.4529191703068,36.0834419626292,25139.3824774268,15486.4104096836,1083.62437745188,0
4708,4359,7.24435841622741,1498.46842883353,27.1837079420401,27.6526775074069,29.0919989103556,42.7187408342461,24275.4835332042,19770.5865872677,1208.16412403219,0
4711,4360,7.52721244505925,1618.12570106132,26.8315606410424,25.9794459953403,27.2726426931732,40.1175079610956,24314.250011479,19767.0012803442,1260.49948455619,0
4715,4361,9.95328318582303,3272.58347551492,25.5608609320887,15.3997748055222,15.8931920085426,23.7049848004263,32436.4090737609,14130.2690549303,-1197.0277902062,0
4716,4362,10.0689120473548,3394.91587951492,25.5608609320887,15.0138593117086,15.4831710211441,23.1077083527484,32420.3184850014,14166.5052237571,-1225.67367429647,0
4717,4363,9.80386930328705,3861.55871551492,25.5608609320887,13.746495855368,14.1394293008201,21.1469909435794,32439.928801044,14157.6003618601,-1159.12636532576,0
4718,4364,9.91604818795001,3918.80428951492,25.5608609320887,13.6098335409128,13.9947968557608,20.9356358237315,32442.8398996731,14149.5098348052,-1151.07622542836,0
4718,4365,9.35132638255984,3209.62706812551,26.5709126711918,15.7279805954529,16.2516927952823,24.2156421330299,30695.1861867433,17911.1979576758,-1239.47695827197,0
4719,4366,9.48452985771244,3359.84438812551,26.5709126711918,15.2351273727991,15.7273377895564,23.452662465298,30688.972199009,17937.4713170077,-1195.02260711849,0
4720,4367,8.39583731607504,3530.98510855539,26.2934081525237,14.6909500836898,15.1467369120008,22.6097762205039,25463.0876053524,17478.2918171858,-1368.88701403057,0
4721,4368,8.57557429374013,3246.31365554661,26.3191054307253,15.5746028052893,16.0861370032929,23.9775459738197,25480.6381695349,17442.5664666243,-1345.15711906908,0
4722,4369,8.22367761431147,3193.30054829298,26.2824048601413,15.7500057862019,16.2724553611043,24.2490035414354,25491.8225351754,17353.2509315158,-1325.01017700814,0
4723,4370,8.24715051199344,3721.54723955059,26.2556131377345,14.1661947342862,14.5896833354587,21.7977505872878,25460.5304249453,17333.5201310278,-1459.74683411188,0
4724,4371,8.09568544784092,4100.24025755059,26.2556131377345,13.2617906289158,13.6319737740796,20.3988905599757,25445.4326978348,17343.2564167853,-1409.94303703063,0
4725,4372,8.27943671116329,4461.92920355059,26.2556131377345,12.5277016945819,12.8563828161567,19.2639441163279,25419.7878423757,17369.1639542483,-1407.18814765931,0
4726,4373,5.93773791705844,5052.72492034008,26.2372744354566,11.5312340047764,11.8061606585345,17.7240505310252,24602.9822317284,17750.3362076352,254.537366829749,0
4726,4374,6.23669808498684,4771.33482028018,26.4360026127631,11.9927633621591,12.2934317778242,18.4375098292399,25894.760873096,17872.0064536317,299.434143316299,0
4728,4375,7.5550012442755,3468.65309776827,26.6708276308519,14.9131396660557,15.3859666728426,22.9545270990066,23129.3735909469,20886.8342524828,1236.64517472145,0
4730,4376,9.80594308481382,4066.9227105293,26.7242971328412,13.3773991915559,13.7577970920956,20.5786421309306,24502.1662587776,23596.456148768,-1210.53589686799,0
4736,4377,7.62692230188998,2904.91612929591,26.5207743614235,16.8627217036749,17.4607081416676,25.9728007675565,23131.3354613155,20892.1364384428,1256.62991555449,0
4738,4378,9.64034725951356,6425.4572374293,25.8993624833805,9.83956181606234,10.0294816826014,15.1115279254337,32590.3827396575,15278.7408862363,-1282.78113497213,0
4739,4379,9.55875053789832,6357.4850014293,25.8993624833805,9.90712799553527,10.1001595146392,15.2157954497789,32571.0783557549,15250.6744556008,-1288.46870269094,0
4739,4380,8.42408344738398,3439.46826707248,25.8820663746677,14.9147446696904,15.3807844346776,22.9551139511043,21645.7150510765,19879.7598785149,-1512.024807442,0
4740,4381,8.5105759705764,3446.58359551893,26.0200498029352,14.9085509676232,15.3754243131345,22.9458642237615,21545.6515252101,19904.6279361265,-1391.74244686489,0
4741,4382,8.64877810515554,2792.19113551893,26.0200498029352,17.2730741734805,17.8935795182612,26.6070405590079,21573.5101011326,19901.4353037326,-1464.54578603283,0
4744,4383,5.99041977978902,5696.05984388085,25.6786987625627,10.6238908938987,10.8497289550675,16.3218391168304,21112.8730974248,19464.1553279756,266.141368601756,0
4747,4384,6.52398472428361,5347.33977371176,25.7970266503858,11.0792704876838,11.3283375285773,17.025196764671,21302.9861570416,19619.1300660588,729.124988133368,0
4749,4385,9.25496688714227,7168.85843118251,26.544947647803,9.20518968222897,9.36969551104873,14.1336203322191,29519.7819947393,17820.2662409525,-1318.26005763823,0
4749,4386,6.39190231584684,5305.55645171176,25.7970266503858,11.1364221591599,11.3883715351803,17.1134612743278,21326.7354584135,19617.8813411046,707.355885951727,0
4750,4387,9.0266439545179,5918.8496763809,26.4849282466719,10.4103397701913,10.6302568364984,15.9933716569324,29529.3460755056,17822.6786564798,-1210.33277357659,0
4750,4388,10.1409534816044,4127.11890011205,26.4998447492996,13.2249134314759,13.5947926211108,20.3423671041568,26313.4340661156,25257.8885077986,-1072.65686853118,0
4752,4389,9.96216556273951,3609.65290897786,26.4779705771858,14.488852414915,14.9337785464776,22.2974777550519,26298.8506037225,25276.9504946672,-1076.67997296798,0
4753,4390,10.1271100588835,3858.06161601657,26.4967147573778,13.8448063346098,14.2509929494538,21.3011051080782,26312.1711947696,25256.5231736757,-1066.99084585444,0
4768,4391,4.72512128427481,7898.94021674056,25.4243650801777,8.6075818341012,8.74189983309796,13.2106535370619,31187.8283181214,10017.6170359834,893.676486984779,0
4779,4392,6.98797279417018,4931.99157339408,26.2641877534026,11.7192511197709,12.0042210159176,18.0145763441096,23370.4773670833,19745.7726749898,1172.86710995101,0
4780,4393,7.21366926660628,5106.6032605598,26.0585620952443,11.4382137544717,11.7071955879294,17.5800452412078,23376.3518765279,19758.9363955714,1162.73400071867,0
4781,4394,7.27608867760736,5043.7630825598,26.0585620952443,11.5320898147768,11.8059444994315,17.7250644367464,23381.2104223229,19753.2000108518,1176.01408099944,0
4782,4395,7.18041190373843,4988.3676925598,26.0585620952443,11.6165794590901,11.8948449241348,17.8555904355472,23378.9982673806,19768.2869166756,1144.99115713328,0
4782,4396,8.71417600078024,4538.88981383076,26.7887586683229,12.4273952425214,12.7541746260199,19.1099034002867,23855.917004364,23470.9254203,-1254.47622968413,0
4782,4397,7.83401964943374,3282.87422886396,25.098796412086,15.3125664957198,15.7961966817308,23.5688182762583,22448.7820989452,17461.4124959212,-1389.51250334032,0
4783,4398,7.31554698431049,4939.5140245598,26.0585620952443,11.6924838866495,11.9747321344879,17.9728588686491,23378.5464940372,19763.3869412372,1141.03081092241,0
4783,4399,7.9690855668365,3521.34973086396,25.098796412086,14.5909359538872,15.0302273763584,22.4521622900268,22453.6072786088,17447.7458249878,-1455.31983505431,0
4784,4400,7.23491971589729,4978.6322005598,26.0585620952443,11.6316001944025,11.9106522995908,17.87879628419,23373.9903965184,19759.5408778313,1170.18489422621,0
4785,4401,7.21454078315053,5717.2300585598,26.0585620952443,10.6218133729268,10.8496895109277,16.3192226867641,23386.9494295941,19765.0949176256,1152.89773309732,0
4785,4402,8.33129236335233,3880.94620686396,25.098796412086,13.6552880827432,14.0391813139993,21.0049080137965,22418.8875558695,17464.8295148784,-1509.93505056488,0
4786,4403,7.41511636699158,5468.0939725598,26.0585620952443,10.9354575249636,11.1788518106777,16.8035296923642,23378.6569504065,19764.1765650638,1135.62552199939,0
4787,4404,7.21591024922699,5353.2944605598,26.0585620952443,11.0886130560078,11.3397102323889,17.0400558616224,23384.421134017,19775.3139951575,1172.07276103244,0
4788,4405,7.06180456513908,2294.5438405598,26.0585620952443,19.8904874023371,20.6959808974732,30.6639105743028,23383.1614098263,19763.6395719585,1168.58793528178,0
4792,4406,9.81979456103662,3683.82955375648,26.687150036114,14.3087650002779,14.7444175511551,22.0193027318211,31912.0777133937,13813.9337839356,-1195.36090947427,0
4800,4407,10.3974244744045,3103.95134382202,25.6989415180952,15.9938268193272,16.5264300875132,24.6249639427773,21117.2271681097,22768.7375404784,-1037.25954651159,0
4816,4408,9.19279826829882,3540.58012098823,25.5122674405871,14.5807628633768,15.0230618913852,22.4374211721446,25864.6077015719,17490.6115031972,-1228.42039354242,0
4817,4409,8.8118218104758,3420.47234298823,25.5122674405871,14.9310197416587,15.3947717319243,22.9793924433065,25899.7820691394,17497.7451778489,-1176.21664925028,0
4818,4410,9.3491728740621,3646.59125898823,25.5122674405871,14.2889746451961,14.7136529194343,21.9859905076887,25870.4802876394,17503.0077067774,-1216.08919376155,0
4819,4411,8.81621189257014,3383.27042898823,25.5122674405871,15.0440603234339,15.5148049223154,23.1543251419802,25850.9003911612,17484.4274928125,-1227.89446814266,0
4819,4412,9.7733495185483,4454.70879737517,26.4207041682501,12.5547379699536,12.8860680016985,19.3060528731552,30524.624023681,18416.8565983175,-1193.60043522287,0
4829,4413,10.3000238652889,4841.13347292168,26.3275020121315,11.8694244778962,12.1627754212417,18.246724566877,29684.668251088,22295.9324428711,-1036.40220551231,0
4830,4414,10.3252257697913,4760.3571332172,26.5345304664098,12.0185950753558,12.3212998645605,18.4776062750372,29679.4383212943,22299.7426893939,-1020.17083287937,0
4839,4415,7.72286253257179,3378.22071365175,26.1206423479805,15.1276053024836,15.6090313241137,23.2851314173742,25314.3956740432,21407.8006316862,1247.45840915704,0
4866,4416,10.484112374695,6364.99956849283,26.4606035168511,9.9303075485983,10.1272610874946,15.2523552395438,33321.3641598774,15798.3555674717,-1077.89307666667,0
4877,4417,7.09177594827551,2275.31739065463,26.3877544522857,20.0697131185578,20.8924511309689,30.9429655927771,24605.5794656166,21104.7878272809,1150.34512448035,0
4887,4418,9.87113738396741,5151.90544185676,26.9450096261727,11.4329224138318,11.707044876819,17.5733659567853,28822.4959503635,23735.7252034028,-1128.84646229708,0
4888,4419,9.70408908426392,4977.19520985676,26.9450096261727,11.6973512925706,11.9854404891532,17.9819201102295,28780.1932585069,23756.7786467557,-1162.35921102359,0
4889,4420,9.7594071295211,5523.66026985676,26.9450096261727,10.9198950334416,11.1675965435156,16.7809014049654,28812.5229362548,23730.4022012688,-1187.70902345896,0
4899,4421,7.69145726765675,3772.52023269041,26.6675948317166,14.0752754322263,14.496620610876,21.6580098977256,24479.9308158321,22292.5078096057,1245.67643320915,0
4905,4422,7.92427331713967,2567.74584042336,26.6940688964936,18.4370125430229,19.1454488036536,28.4126505370862,24512.5982470877,22250.060480774,1236.21051902281,0
4907,4423,7.88447050510661,2902.95953442336,26.6940688964936,16.8934904298499,17.4952924263963,26.0209427383726,24516.6422143769,22266.9961543344,1260.69939694803,0
4911,4424,7.51072168092745,2645.8236390907,26.8239847591263,18.0643164862685,18.7479503263414,27.835412946373,24519.8982346257,22278.9773380348,1220.61990945379,0
4920,4425,7.7660222910339,2185.92934276978,26.7207898628146,20.7259178803873,21.601641958059,31.9618812412304,24510.0821280391,22115.039625769,1244.014184194,0
4930,4426,10.4364321213796,3872.01028895721,26.9561525318226,13.854247064579,14.2645921639179,21.3166997608001,29520.3895390642,23481.8201042857,-1059.07120284272,0
4931,4427,9.40732759206048,3260.95541037853,26.7087822450397,15.5707916007984,16.0856462986437,23.9726275497194,30142.6749154797,16247.1267839455,-1340.79834874415,0
4932,4428,9.48806920662856,2803.82780637853,26.7087822450397,17.3166020924375,17.9472716124804,26.6764591500003,30156.2159582068,16237.490885056,-1204.10516742489,0
4936,4429,9.84913133670299,5092.7103666659,25.8372848843059,11.4432097580321,11.7110734162138,17.5873827741912,32235.361965897,13554.3134282211,-1172.63806756005,0
4936,4430,4.543228086571,3555.53158373635,25.5231876796718,14.539817515803,14.9797246694609,22.3740961739199,33190.5080486917,13524.7868954573,560.989694789234,0
4957,4431,9.22076416712884,4402.48040014485,26.6638535686348,12.6745245609228,13.01424303656,19.4916960862153,29815.5864914265,18198.1535870112,-1195.65994139598,0
4958,4432,9.31657152617163,4420.47564214485,26.6638535686348,12.6398073459569,12.9775776271698,19.4380251335892,29810.9470276993,18193.1587207085,-1231.2448302568,0
4959,4433,9.65913248910298,4662.87177214485,26.6638535686348,12.1955723768135,12.50874510736,18.7513523760916,29797.9507546198,18174.6549858184,-1234.32116176241,0
4960,4434,9.29582493524504,3626.10765739391,26.7362193205269,14.4699709693452,14.9158871582323,22.2688528037869,29829.1713864126,18176.9678131329,-1207.82973173286,0
4994,4435,7.15457667423761,6690.59668036588,25.8632034491436,9.58563168344725,9.76383650720515,14.7196591021575,23360.1569769331,18786.992868636,1186.69112017307,0
4994,4436,8.16491811661591,6845.61623820971,26.0921836698687,9.45782002612603,9.63140720362973,14.522771849305,24316.5374302402,19897.6692207855,1185.03873465186,0
4995,4437,7.10705366579317,6754.38397636588,25.8632034491436,9.52759620569853,9.70320025691541,14.6301190031377,23353.6555605062,18803.736738193,1185.30589898649,0
4998,4438,6.84695789686253,4530.94667775956,26.1789738795262,12.3934430530396,12.7141857142782,19.0562756821766,24721.2501545555,20184.3613308872,1124.35015826374,0
