frame,id,lobeDist,intensity[photon],offset[photon],UncertaintyX,UncertaintyY,UncertaintyZ,x[nm],y[nm],z[nm],Probe
2,1,9.1276831070533,2328.65463346191,25.0233916489095,19.5016392165556,20.2660164965778,30.0574536733887,27614.0075125594,23188.1884694771,-1339.22319034795,0
3,2,8.95133957830203,2138.65835746191,25.0233916489095,20.7429272017246,21.5976344419317,31.9821153834422,27615.1183167518,23178.7093508054,-1224.86835683002,0
4,3,8.76984453338132,2278.12698946191,25.0233916489095,19.8130155839566,20.5997840542999,30.5401793778868,27612.527961686,23175.2709388995,-1361.50905616001,0
6,4,9.38206988817912,2552.21853346191,25.0233916489095,18.2611689661083,18.9382284340095,28.1348800401184,27599.9170511707,23158.4347597312,-1297.4468415745,0
7,5,9.43097220402433,1982.47199146191,25.0233916489095,21.9277996222089,22.8712697952977,33.8200103267831,27591.0308303684,23175.5684989162,-1308.35474910216,0
8,6,9.42816700662954,1845.80066146191,25.0233916489095,23.1172524662522,24.1521285417177,35.6656534831706,27605.2349559232,23166.7376134149,-1364.66532516735,0
9,7,9.15778817478955,2511.66866746191,25.0233916489095,18.4710404037533,19.1626546139603,28.4600939947381,27597.785188008,23175.0049967583,-1340.38702100475,0
10,8,8.93106304618825,2399.19459302356,24.9329319521956,19.0721679809203,19.804852176379,29.3914234341983,27587.5541773187,23163.3257516141,-1270.17368016345,0
17,9,5.65442247889352,3762.86442373554,23.2883348360699,13.7610053434514,14.1357455556499,21.1641826556417,25632.7420789051,16091.4976911319,170.273962524492,0
18,10,7.49724756277198,4064.0560092163,23.2168919134057,13.0610358271298,13.3961853995277,20.081980968594,24951.4608327565,16651.6401760625,1163.8713565073,0
19,11,7.7780749456464,4119.94029373826,23.1847349317639,12.9395024826024,13.2677737356172,19.8940804283425,24971.8994452201,16619.3664784148,1100.09513947013,0
20,12,7.1771175269525,3662.0638218554,23.6733826892687,14.0564155406829,14.4514675775417,21.6218998058991,24088.4724709398,18972.128660489,1168.21208336376,0
20,13,6.12532890603037,4552.89928772412,23.449706729324,12.131800987702,12.4191939618736,18.6466390231061,25553.7718422676,16158.1685305028,157.78042560965,0
21,14,7.83514015120718,3257.58310135677,23.3523075861212,15.1863213262546,15.6453536624302,23.3688263958524,24683.3895570339,16993.9908315129,1087.71150545327,0
21,15,7.81577023824746,3534.06463172412,23.449706729324,14.375558427429,14.7871804141817,22.1149074206174,25463.7495745179,16244.2516739058,246.482916071465,0
24,16,7.92752374546062,2761.50171427319,23.4025217096813,17.0353285808993,17.6112963464869,26.2309078074927,24705.6812152659,16983.7138681191,1115.06250722666,0
25,17,7.87597326282156,2967.84128227319,23.4025217096813,16.2009269107689,16.7233252287672,24.9391162214709,24702.7709115438,16987.3001494893,1051.92583590064,0
26,18,7.34275420456801,2022.14476135677,23.3523075861212,21.2684569148309,22.1381905900581,32.7905660749662,24683.9300043176,16956.1466684356,1123.63294621161,0
31,19,9.76373251133994,1877.43966656449,21.9454706815215,22.1340187527935,23.0455284202945,34.126802642013,26622.3127637897,8836.90246557154,-1201.09998291947,0
33,20,9.63785751170758,2125.21220097145,21.9971939694827,20.2465933113573,21.0225115379026,31.2007685659551,26644.8171113926,8866.52511623937,-1228.95189336852,0
42,21,10.4315427795193,4066.68758689853,24.9932336524428,13.2208830918382,13.5790768145301,20.3329775085997,30709.8363137136,16462.3699615186,-1105.36796863987,0
43,22,8.77994307542804,3133.1795191867,24.512768713248,15.7436931225675,16.2486908889709,24.2345353407229,25455.0647271068,24174.9770692516,-1204.72010428351,0
43,23,10.000361911598,4053.78035089853,24.9932336524428,13.2492333502337,13.6090315656179,20.3768092088992,30713.9392996741,16465.6657265978,-1115.31932043603,0
43,24,4.7574401208484,2701.30035942086,24.9805062483282,17.5332485789147,18.1600684713147,27.0069720114938,31757.529038868,16495.8839602244,732.527435692855,0
44,25,8.82871327216576,2589.0271891867,24.512768713248,17.9975883780496,18.6505738744598,27.7248430086753,25448.3384691544,24200.3075635085,-1222.99150294839,0
45,26,9.14976586739285,3034.1726491867,24.512768713248,16.0987576874366,16.6262801592925,24.784159401265,25430.1253845978,24187.7250716422,-1225.58785773531,0
46,27,9.29360939170637,3253.2872971867,24.512768713248,15.3393557814371,15.8190841606714,23.6087440069152,25473.9573830058,24181.2450178797,-1227.54095346637,0
47,28,9.05397106072645,2983.4467711867,24.512768713248,16.2889523660254,16.8286664435266,25.078606912742,25463.9121707552,24195.936575535,-1224.17628129635,0
54,29,10.0959047283768,2762.09670476015,21.6914419101248,16.7802113294483,17.3198179140842,25.8304404388272,24282.7287239237,9189.61415713079,-1170.51823719666,0
55,30,9.99134761967863,2765.90180554846,21.6345016288812,16.7556833631951,17.2930617390891,25.7922870915785,24240.6704964891,9134.93408592073,-1120.2385487626,0
56,31,9.67516487375309,2493.8745081782,21.6609109860722,18.014996488288,18.633850849397,27.7420844347458,24283.1364701199,9134.30984053185,-1103.13667606855,0
71,32,8.81803731168386,4088.90802943157,24.0041908991148,13.0814368631635,13.4240453959692,20.1152613592599,31415.5836879702,14842.0944415811,-1442.32591380032,0
73,33,7.72025128166953,6439.86255419936,24.4168486857828,9.74408215761331,9.92206414686425,14.9620983738173,25632.727936844,20197.2934434058,-1481.88637789906,0
74,34,10.3707589894574,4149.07326297433,24.4414709825804,12.9938671296812,13.3350577867725,19.9808472793725,27833.6020363622,17113.7884767852,-1134.13094540329,0
74,35,8.237709194579,6154.16138907185,24.4602855534835,10.0340043871766,10.2252733446837,15.4094865287727,26094.8989566164,19545.0004360238,-1376.28464677824,0
75,36,7.54987478558366,4394.45866163516,24.5898060540041,12.5169907639994,12.8331775645835,19.2441052005543,26124.8734882779,21051.332295542,1229.74814479707,0
75,37,9.71970611641371,4978.11538080262,23.2062087462637,11.422163211542,11.6718291032002,17.5501464667424,33072.3309940861,13218.8284596642,-1282.46961536981,0
76,38,10.1762656447944,3796.8393294833,24.402819366758,13.7904959564954,14.1764630936971,21.2124121065411,27835.9189124445,17063.578751573,-1138.83346329395,0
77,39,9.17894824001353,2303.19705669353,22.2100236067725,19.1554794660741,19.8584457171148,29.5107415030825,25847.793568658,10180.5621020752,-1250.87506826474,0
78,40,10.1742927683504,3230.83134897434,24.4414709825804,15.4043295691099,15.887401077426,23.7091060745918,27827.2621301333,17119.2153239026,-1115.06853426107,0
79,41,10.1735329039737,4149.8500314833,24.402819366758,12.9887340843281,13.3293402778132,19.9728301163275,27872.2739141138,17120.4164701764,-1169.16249517715,0
80,42,10.6904000259378,4298.51118499604,24.2049872202311,12.6692242598434,12.9907935362994,19.4785788423985,27850.4158346892,17063.5386948095,-1178.76140876141,0
81,43,10.504992884005,3677.11367299604,24.2049872202311,14.0730011830276,14.4736772868164,21.6488337913826,27852.1714488042,17126.34514584,-1106.03921340875,0
82,44,10.3929685175843,3739.38117499604,24.2049872202311,13.9135867349282,14.3049936997032,21.4022990012053,27849.5318318598,17098.2071809332,-1121.14857821794,0
83,45,9.96647410994528,3309.21339499604,24.2049872202311,15.124174391856,15.5877035367799,23.2749505590459,27836.1143798022,17085.8457245582,-1087.9011063063,0
84,46,10.5646925371698,2813.91473299604,24.2049872202311,16.9265012491269,17.5043425666468,26.064865513741,27848.4091249261,17101.9184259084,-1079.30797555665,0
85,47,10.2690818431634,2684.73224299604,24.2049872202311,17.4953241436645,18.1108317734441,26.9458133958368,27819.5717917155,17116.7731781319,-1085.60205229631,0
86,48,9.01210634793324,3402.78704695479,24.233328195657,14.8406377815276,15.2871869488685,22.8363254820693,30283.9523913126,16093.0914864994,-1442.10304389099,0
100,49,8.88133101363596,2574.61617194448,24.4492216147199,18.0591976501354,18.7156397768367,27.8200870290204,30519.0870913846,17714.2833556636,-1356.96679220221,0
101,50,8.84368451008873,2699.22553387733,24.471718662394,17.4683051453965,18.0850397202845,26.904799266173,30492.4256898322,17762.1290869131,-1327.9244687558,0
102,51,9.13108717300609,2930.20391594448,24.4492216147199,16.4865088920556,17.0383086023317,25.3842924027726,30509.0803986626,17719.540914865,-1295.44571991703,0
103,52,8.80830084812596,2794.79634787733,24.471718662394,17.0454127614476,17.6340107426377,26.2498201828238,30492.6989865627,17743.8957446581,-1356.80234934521,0
104,53,9.17852226663536,3261.76957387733,24.471718662394,15.3069516703541,15.7842791382051,23.5584887616293,30533.8851842234,17731.743304921,-1414.65343296054,0
105,54,9.19010855845839,2697.87366794448,24.4492216147199,17.4711750936241,18.0878473011206,26.9091744907162,30504.2184376008,17734.0030854238,-1379.84708492547,0
109,55,8.54286085721173,2943.01926808957,24.3204034143097,16.4191420883905,16.9652306581941,25.2796156980704,25899.6253090058,19748.405574999,-1321.40114607027,0
118,56,9.72031654262839,4362.11554645552,23.7458246917354,12.5061863131862,12.8155091659328,19.2256756220685,32876.7406952952,15652.7953431808,-1222.04892577638,0
119,57,9.81287552214523,3814.43905645552,23.7458246917354,13.6815941993316,14.0557632404945,21.0424884300005,32872.262339149,15673.2020960323,-1188.76242377326,0
120,58,9.47691423044337,4078.12230767747,23.8858728179699,13.0936013050377,13.4359400768467,20.1338043073742,32868.7467622716,15672.0118248309,-1174.53611720057,0
125,59,9.94992343544975,3941.00196227827,24.2426389397653,13.432151487557,13.7963095367842,20.6579627500333,29012.1175947543,24033.4104498537,-1227.43359842607,0
126,60,9.57315288938276,5055.05254905854,24.2538157452798,11.385385083922,11.6401966261461,17.495280236168,28985.1216746871,24006.5148106711,-1176.51781481444,0
150,61,8.24676666788692,2286.70474206545,24.3791882918591,19.6454103977227,20.4117972122678,30.2780457221259,27483.9111023323,24184.4000897412,-1516.72491642553,0
156,62,10.4392379690648,3315.72436512575,24.1362808435608,15.0957074261567,15.5568411401041,23.2307225169212,32314.1919682839,17461.3030425159,-1012.60861625441,0
160,63,8.55784322982615,2540.2832359922,24.2265638489251,18.1971706207973,18.8603921353961,28.0331195603554,28977.2408074164,20869.2193042194,-1434.74189287704,0
161,64,9.17450777352936,2657.32928959169,23.6250658910378,17.5349947664828,18.1464279305314,27.0054062979919,30070.6085073568,16336.8636307093,-1320.57623414911,0
161,65,8.54305509975294,2269.5260652835,24.2230179170618,19.7244647883627,20.4944484750968,30.4000278839033,28973.5862502003,20856.628696579,-1410.02571866854,0
162,66,9.23653214920423,2889.11813819477,23.6359571792245,16.5387121904518,17.0851567187305,25.4627136793861,30134.5232841332,16209.1047859139,-1428.84287762422,0
162,67,8.80788513974904,2255.5971859922,24.2265638489251,19.8128195368867,20.5891688878906,30.537007187066,28969.8287838905,20861.9666671849,-1343.54074326934,0
163,68,8.9715228921757,3326.81881019477,23.6359571792245,15.0025017288426,15.4531776594057,23.085191954713,30134.3199965117,16211.1846983607,-1399.09704443655,0
164,69,9.18501655547087,3201.24379997213,23.5932787616903,15.3990137620834,15.8734183229714,23.698582877844,30102.8898467923,16205.0916973713,-1393.77150969836,0
164,70,6.81508934382533,2393.42094191152,23.8362209754731,18.9202789890784,19.6285486845503,29.1522331578891,23863.1724858839,19808.8810231901,1028.44211076089,0
165,71,6.68352197360314,2652.05023391152,23.8362209754731,17.591582519576,18.2092571381311,27.0937319760599,23838.6346153082,19837.0368360715,1060.80304564003,0
165,72,8.59460772621576,2348.46315797213,23.5932787616903,19.1362859572799,19.8564734316385,29.4861109353587,30085.5646163093,16229.7146044585,-1310.94537014515,0
166,73,6.81917865589153,1762.11172991152,23.8362209754731,23.6471829166371,24.7045042661144,36.4828853553019,23848.0332767646,19859.0370586704,1018.48316708762,0
167,74,6.72790770848795,2874.13839191152,23.8362209754731,16.6264864414274,17.1807666078684,25.5992087683219,23863.32456135,19829.1547446354,1064.21748098828,0
168,75,6.96406393403309,2181.88323791152,23.8362209754731,20.2207541564755,21.0211309633041,31.1679637597196,23870.5673787271,19822.0087002912,1059.32049645886,0
169,76,6.7557297810349,2052.06334016993,23.7967727670528,21.1329057078646,21.9991898844025,32.5821579004891,23749.2670500455,19744.9869899368,1007.60007474499,0
170,77,6.66045372642877,2623.40549333853,23.703237539891,17.7064937480031,18.3302855372395,27.271286457682,23737.2667643252,19672.9740200816,1036.44218209252,0
171,78,6.75855479061178,3589.18548578569,23.6871329830906,14.2509164825865,14.6574037156766,21.9227306443365,23725.0570997608,19679.7525872393,1012.919666169,0
172,79,6.80488850888841,3003.97669178569,23.6871329830906,16.103146614794,16.6223871934982,24.7885954719867,23710.5507478239,19687.9792361963,1065.0319067595,0
173,80,6.62919309572892,2924.61104333853,23.703237539891,16.4078046931672,16.946589179988,25.2602522727406,23720.653439924,19680.4275854639,1063.15434223656,0
173,81,11.4834313099464,4754.21919940101,24.1251230595735,11.8439746389893,12.1212662972314,18.2033422424298,33297.7836240213,17478.4744788279,-939.906644495966,0
175,82,11.7696635336827,5077.42872340101,24.1251230595735,11.3431517798115,11.5950085327255,17.4298276654996,33275.8055530728,17497.6122132989,-908.931007536009,0
175,83,8.78824818736656,2085.70564875288,24.1474697274421,20.9539774848915,21.8121138662568,32.3060668149439,24897.4487230192,21670.1897902632,-1388.62583571625,0
176,84,12.0366050828935,4284.71760390514,24.1199546763312,12.6889540504492,13.0109495039276,19.508892265624,33331.5456069362,17452.4324133949,-911.505907743533,0
177,85,11.6763076184238,4622.39056826998,24.1190217658384,12.0654540943092,12.3542117417463,18.5454740031088,33315.4430843768,17455.0021893033,-916.223921847468,0
178,86,11.4897396271076,4793.99202575843,24.1160732146415,11.7784302533814,12.0522840854084,18.1020797642611,33306.1340232724,17463.5061566722,-922.507531492381,0
179,87,11.4689027847756,4028.33034340101,24.1251230595735,13.2244513807323,13.5759796597493,20.3366008910658,33324.4973550387,17412.0122717851,-946.666591933136,0
181,88,11.7928416558105,4301.87259010173,24.0441364382111,12.6485555556434,12.9677868852923,19.4463010617794,33313.6198037984,17467.5175875366,-907.028916244099,0
182,89,11.7080879974588,4321.93076610436,24.0393343786279,12.6089960458496,12.926054122038,19.3851568830807,33282.7791893249,17431.4778282119,-935.135813991496,0
182,90,8.95597244057698,2098.18367679557,24.1029799731081,20.8544781210517,21.7046709321107,32.1515954370315,24943.4681169224,21635.3766950118,-1407.90635799933,0
184,91,8.62902342892528,2028.69164679557,24.1029799731081,21.3727318674451,22.2612016584086,32.9553233099111,24904.033358999,21672.1399190717,-1327.90938992998,0
187,92,8.80715344736541,1736.07623679557,24.1029799731081,23.9755245355484,25.0628453357615,36.9936833948889,24897.8517793955,21668.9179402791,-1374.00646576582,0
189,93,8.59771717333572,1324.19003679557,24.1029799731081,29.4430258740665,30.9780451514625,45.4852250304036,24932.0688279238,21681.3579558134,-1318.68865170414,0
189,94,11.4616719047561,2967.24366210436,24.0393343786279,16.2882533583028,16.8229737296437,25.0761616902145,33311.7347006443,17447.3527107798,-943.282553609588,0
191,95,8.70682401858831,1956.15079960818,24.0915888676022,21.9477124301499,22.8790132935706,33.8471274908561,24879.6305323963,21646.9521693477,-1371.11610108145,0
191,96,8.21318639964258,2849.69689602573,21.9604112726979,16.4602168884132,16.9828757693026,25.3360266177331,25286.3784958536,10573.289232196,-1477.9705189054,0
194,97,9.19514744505234,2245.87497989397,22.1496208935755,19.4911967003484,20.2164806883427,30.0306985255764,28483.1736327489,10588.3638362244,-1442.33472843513,0
195,98,8.92263826000947,4069.32085937694,23.4698609743843,13.0735817274692,13.4114729636926,20.1019383046454,30986.4088375119,14607.6280642106,-1347.83921167516,0
195,99,8.55478760955389,2228.54051789397,22.1496208935755,19.5992747193441,20.3320590734537,30.1981761736764,28484.6108479223,10586.4962413734,-1420.28237271907,0
196,100,8.9423964562755,4369.55726537694,23.4698609743843,12.4681218144607,12.7733295958725,19.1662836328738,30973.8363635164,14602.2885068527,-1413.60965038167,0
197,101,6.66941677567984,5669.68919881476,23.9737013019944,10.5476903954922,10.7599995865828,16.2014782195861,32518.4759642918,16560.4376080025,184.586629117193,0
198,102,6.37412773498657,5359.51906681476,23.9737013019944,10.9395076004906,11.1705350991344,16.8063116628865,32562.5696070028,16567.8342551004,199.504060510307,0
199,103,6.6032118646983,5579.27246881476,23.9737013019944,10.6579570446698,10.8754793844779,16.3716777227735,32518.0432517076,16575.125458801,196.56126499264,0
199,104,8.97423325820224,3531.30313227943,21.781725556133,14.1966961688043,14.5823505201072,21.8340053604779,24379.9547833785,9745.53085439809,-1238.86275160735,0
200,105,6.62039408952236,5131.27393656945,24.0224804404543,11.2577707539061,11.5047107772267,17.2977971778504,32526.5975411641,16570.6565056901,169.89194437325,0
201,106,6.49248399694114,4709.52008856945,24.0224804404543,11.9098874911804,12.1898707686512,18.3049626236667,32514.1464324989,16538.0981149589,262.717814759914,0
203,107,6.45127747567577,3882.59797056945,24.0224804404543,13.5464829638756,13.9153040789563,20.8342297454377,32549.0054641083,16576.2046855579,223.71801252808,0
207,108,9.39841705704372,3193.07378695505,23.1790446875575,15.3749127260722,15.8436811151047,23.6601440434481,32357.6531652253,12739.8467918719,-1192.9193920346,0
208,109,9.31590258176479,3053.69435724473,23.1804697406362,15.8551323034781,16.353490652458,24.4032621637938,32366.2751389573,12747.6971886739,-1150.33683737709,0
209,110,9.62878173584313,3240.07727095505,23.1790446875575,15.2214645058954,15.6809054148067,23.4227248953057,32362.4394241919,12740.3443680385,-1207.56638167239,0
210,111,9.34503309380411,3070.13455955347,23.2562626939877,15.8062811938583,16.3023975617037,24.3278788778492,32383.2957468284,12752.5074920777,-1182.58556031843,0
211,112,9.55792533381243,2828.00274155347,23.2562626939877,16.7335692730204,17.2883387823568,25.7632319405433,32356.4417862187,12752.7394995939,-1116.83979747412,0
212,113,9.67612621178701,3217.04797955347,23.2562626939877,15.305632518434,15.7709574810865,23.5531634116447,32344.2202231966,12726.6870919831,-1185.76927711706,0
221,114,9.14390457714102,2563.19355799898,23.2999452392603,17.9356100264571,18.5699045984027,27.6248376891669,30207.499160114,13618.1973304263,-1258.2035875929,0
222,115,9.49381051961844,2764.70943199898,23.2999452392603,17.0065651585051,17.5794887837541,26.1860474604329,30203.4415058189,13607.6959614877,-1263.07909258244,0
234,116,7.29161493349126,3491.96548879927,23.1699233999526,14.461905174943,14.8759939603819,22.247738998722,22789.302406643,18572.217786086,1182.22950086547,0
235,117,7.02603128745798,3538.20254316825,23.1703831713088,14.333322551029,14.7399058050348,22.048877720698,22778.2159041463,18549.66592129,1206.55465168679,0
236,118,7.16101726498526,2602.44547879927,23.1699233999526,17.7240578503121,18.3426424319602,27.2967337218562,22772.9381106337,18582.4868778198,1172.5855940645,0
242,119,7.80071710433386,2493.11709074888,23.8811019185398,18.3854388660151,19.0573496463598,28.323654170305,25866.3466041207,20916.3253197257,1265.96422880278,0
255,120,11.6941933190196,3846.10276300733,23.0796805890342,13.5387401760061,13.8991532107779,20.8200614003673,34068.9753766337,15589.0237994738,-899.29298351701,0
264,121,8.35237836404808,2687.5566214016,23.974263280502,17.4480856612497,18.0577942720307,26.8719184662132,29277.6215848625,21801.4978533936,-1282.87140701279,0
265,122,8.94676681677964,2907.76665140903,23.9666992008498,16.5098829795259,17.0580546282162,25.4190667731364,29303.073601479,21808.6981703337,-1326.8643513704,0
266,123,9.01473929234985,2715.9261094016,23.974263280502,17.3195813277476,17.9207545205798,26.6728939220414,29289.8637454817,21778.001136785,-1274.22687390293,0
267,124,8.23222122402989,3916.92688671431,23.9245370906053,13.456825997848,13.8197634654179,20.6953899385348,27607.4143015152,23586.9689948874,-1487.0260932739,0
268,125,8.74169298668388,4413.63680463376,23.9138988086853,12.4234054943209,12.7295722554104,19.0981113353723,27601.3050056671,23620.9421996864,-1527.83612734761,0
269,126,7.60553255907096,2320.24716190966,23.2172432586925,19.2358423674106,19.9580175606109,29.6390275638914,26028.2833538255,15700.6583156261,1203.36530871214,0
270,127,8.94862969555275,5540.64234157079,23.2458982949762,10.6576563434132,10.8707318527828,16.3699881831724,32361.3371177549,13764.7594795241,-1300.57136415912,0
270,128,8.35968417980758,3477.71624248375,23.9985313760767,14.5949340168268,15.0245596210657,22.4556181047702,27594.3183752779,23615.6174829208,-1511.83657262695,0
271,129,9.14358903843821,4234.43730459362,23.27609205441,12.7136969885559,13.0305117370112,19.5453313594017,32952.0654972438,14222.5704839068,-1340.06180215507,0
271,130,9.26623998629887,4039.36590629802,23.7607732603291,13.1658903300531,13.5112249944526,20.2452668604139,29398.0427229083,16256.4824070885,-1111.15865447284,0
272,131,9.26598134524667,4148.21280721868,23.3061936671821,12.8918592575033,13.2185210916676,19.8207199179309,32936.1955548652,14233.61441865,-1379.78504699018,0
272,132,8.26170113331301,3620.45136039523,24.0110277679571,14.2017540984916,14.6082564362235,21.8474928847264,27584.2835731362,23602.8717991424,-1484.61421738613,0
272,133,10.8854200390152,4579.95622530926,23.8328281968911,12.1159170712296,12.4052654393458,18.6228689493157,27755.2389395423,17762.0055266627,-1011.84860211875,0
273,134,10.5986034578942,3961.70843130926,23.8328281968911,13.3454696621857,13.7013939091036,20.5230282870959,27719.9511610166,17757.7372700356,-1062.88881004912,0
274,135,10.4520133256351,3678.21178530926,23.8328281968911,14.0312940037041,14.4262952112538,21.5834378707439,27722.9453321699,17800.651148764,-1043.28618718221,0
275,136,10.5366318664878,3662.50724730926,23.8328281968911,14.0720590151391,14.4694247976168,21.6464794864621,27654.1529497051,17774.5481665634,-985.852541906594,0
276,137,10.6904685180224,3774.59756130926,23.8328281968911,13.7877774824194,14.1687503706585,21.2068749195569,27716.194439543,17771.4177093438,-1015.1602829639,0
284,138,6.84278440327211,3008.48901668341,23.6799097155629,16.0854349329093,16.6034803195172,24.7611588599622,24412.8533312513,19492.9032913254,1104.3283216483,0
287,139,9.37228741453668,2062.19392715971,24.1071424077981,21.1196665829483,21.9894470578467,32.5628601552234,26693.2854734747,22468.7046430104,-1049.00487889153,0
289,140,10.0442266548368,2093.47084715971,24.1071424077981,20.8894354683409,21.7422543156679,32.2058207761304,26651.6861016422,22464.3165140874,-1105.53728703411,0
290,141,10.7309005857352,3107.37634089853,24.2331689489346,15.7991528827154,16.3048454896326,24.3196068908653,26613.9541565466,22422.9725084134,-1095.99598160864,0
302,142,9.96359137834137,5146.26618993855,24.1275646085115,11.2438587046203,11.4907876920328,17.2765022742199,30819.7132518268,19917.4530127185,-1098.61465703938,0
307,143,8.32500084171896,1510.23064052747,24.2223955020147,26.6587911173484,27.9634843984311,41.1603709498145,26078.1753343937,19207.0274143904,-1405.07919558306,0
308,144,9.5350348384186,5075.4679940335,24.1705229104674,11.3493184781798,11.6017795296997,17.4394324713073,27774.2605061586,24808.4985087005,-1188.59553256425,0
315,145,8.35186093335234,3009.08738709331,24.3368493785199,16.1692054457901,16.699421199334,24.8927202596171,29427.9387313136,18325.8686936753,-1385.11529930768,0
318,146,7.19113939737677,2802.74774157554,23.5225418076504,16.876776221564,17.4437909825301,25.9857803175389,25817.561682815,16072.4659075259,1131.85744290327,0
319,147,7.02910432126671,2440.92663957554,23.5225418076504,18.6045975423262,19.2870665214475,28.6619808526971,25870.4585135408,16078.7266865068,1200.12166526932,0
329,148,9.33033330289836,3136.53972774891,24.5956975641085,15.7422721733817,16.2480026996813,24.2325624345655,26836.7357772129,20676.5974182851,-1187.0364224164,0
330,149,9.01111256923212,2734.16463204114,24.4277415030646,17.3041986394509,17.9094748882779,26.6504811245846,26814.1401365768,20666.5316379199,-1248.19150291616,0
331,150,8.77707859135404,3086.55860604114,24.4277415030646,15.8975728516377,16.4114384246227,24.4724880337619,26783.5932869705,20667.6165688067,-1171.39821338911,0
332,151,9.17085493955843,2805.15443004114,24.4277415030646,16.9949734414701,17.5797608894554,26.1715741591819,26801.1560789822,20659.1872860447,-1268.91032194481,0
333,152,9.68330946046803,2558.96982804114,24.4277415030646,18.1341950455851,18.7955082710258,27.9362109742896,26823.1436217096,20658.9138466371,-1279.35795197214,0
334,153,9.18729855610907,2704.67181804114,24.4277415030646,17.4370226620853,18.0511653934619,26.8562080849356,26783.2221940369,20711.1589903649,-1221.59290130009,0
335,154,9.43419749559658,3742.47086004114,24.4277415030646,13.9285029638102,14.3226767742908,21.4258905241519,26773.2225371552,20669.5019962509,-1235.43675679652,0
336,155,9.1640121047458,3483.68738604114,24.4277415030646,14.6253351176643,15.0606953497563,22.5037264190314,26795.5644385048,20672.202880592,-1213.98400104153,0
337,156,9.34326274156328,2823.41398404114,24.4277415030646,16.9177348632396,17.4974384233009,26.0519616282988,26812.7702801982,20661.812773869,-1257.68302021173,0
338,157,9.1944357481459,2845.74834804114,24.4277415030646,16.8244901507662,17.3980744991104,25.9075668377122,26808.9928384232,20700.9316090497,-1193.46693402776,0
339,158,9.28309360743794,3357.58853604114,24.4277415030646,14.9997750367673,15.4578073214317,23.083045460254,26798.4043947721,20695.5442608085,-1227.34791963248,0
340,159,9.20009698251715,3113.93960932758,24.4767432359825,15.806583940423,16.3151890214648,24.3317822018139,26797.3543503807,20658.8768053239,-1197.28123403316,0
341,160,9.2959465488158,2983.69987132758,24.4767432359825,16.2832633987508,16.8222380786252,25.0696963986468,26780.3088026844,20694.5223711983,-1135.89200251709,0
341,161,8.80007300103578,2510.23244125137,24.1511700906447,18.3396793116731,19.011753027327,28.2536649640273,31689.7217158084,15322.6339514413,-1344.27849577743,0
342,162,9.13709016190769,2367.33524877716,24.1568438596352,19.1241012148272,19.8507041286483,29.469230223076,31695.5294290985,15337.5552705078,-1297.37037203309,0
344,163,10.8704004860619,3464.04315995495,24.5342121978864,14.693854465696,15.1343050399751,22.6099963577152,29112.7706159295,25158.7053219379,-974.337051614809,0
345,164,11.4633877080532,3513.49368159645,24.5448716642478,14.5531575372575,14.985243293805,22.3923579228229,29097.9902104406,25127.0813395412,-978.554396661436,0
346,165,10.837485663549,3517.58836595495,24.5342121978864,14.5404101043041,14.9716362972968,22.3726114078293,29125.0820331535,25091.3088795485,-941.167123321515,0
348,166,10.7615334256343,3267.19679795495,24.5342121978864,15.2968102418713,15.7741089786486,23.5429595809776,29093.1477120985,25126.8075932444,-1005.33936396542,0
360,167,9.37062294533734,3376.85122665475,24.4157091433523,14.9395698442016,15.393819693239,22.9898605696475,27615.6687941651,24785.5306149851,-1188.04802393151,0
372,168,8.59231832940862,4106.10820684556,22.369139306803,12.8917644688872,13.2108099803416,19.8184736131117,21395.5699265831,16056.1001830943,-1196.23674226053,0
382,169,8.75837458522654,2716.10169502454,24.4169638925743,17.3836602143254,17.9941146697437,26.7735219173714,27489.0890833132,24305.093891654,-1415.44663614399,0
383,170,8.80893265836782,2632.09453102454,24.4169638925743,17.7738284065942,18.4105034665339,27.3778896302445,27468.4933542995,24360.1760776739,-1342.77822474175,0
384,171,8.42803170792786,2643.94451902454,24.4169638925743,17.7174172572553,18.3502807454272,27.2905034907559,27464.1585134337,24296.032610278,-1457.10715048152,0
385,172,8.76123005088076,2645.53039102454,24.4169638925743,17.7099029365095,18.3422592198593,27.2788632498403,27454.4073939472,24323.0496679404,-1454.29178827797,0
386,173,8.40566621364069,1893.77036913317,24.0528376174577,22.4684526322865,23.4385675107411,34.6548119980206,26735.35016191,21133.4058717319,-1462.72600956627,0
387,174,8.18584438652316,2656.06820313317,24.0528376174577,17.6054938645038,18.2266202010052,27.1159737900942,26727.7423433482,21126.839556288,-1434.08832677595,0
387,175,9.1381032056095,3119.55154758555,23.9836007607975,15.7250920025198,16.2236210441182,24.2042848923779,30905.6860360981,18034.7888019387,-1214.97768336662,0
388,176,8.13859724344784,3215.39644713317,24.0528376174577,15.4083277963948,15.8878562684163,23.7142493170295,26697.5396385686,21103.7063857576,-1426.7466449116,0
389,177,8.14378067542171,3005.35651113317,24.0528376174577,16.1460546683627,16.6718468158934,24.8560700090927,26729.1060576446,21125.3948007564,-1442.00907247965,0
390,178,8.37300323192255,3067.15547609345,24.015500507892,15.9147110650479,16.4254684565925,24.4978616524852,26732.2284833376,21136.5940640569,-1386.36367918376,0
391,179,8.27410846213449,2866.60874609345,24.015500507892,16.6817876189713,17.2415981229886,25.6853694454999,26712.871502543,21130.9073879925,-1507.45501282054,0
407,180,11.0266991545999,3956.26781360828,24.1618194529134,13.3894627770805,13.750550372547,20.5917822417218,33028.2653130195,16887.7826270024,-1000.10842036257,0
408,181,11.2641658957188,3702.35958208002,24.1602814988284,14.0031663405898,14.3993868551159,21.5407251911197,33024.063982284,16850.6298280217,-1008.36509024115,0
409,182,11.2440860474962,4718.5546741923,24.1610846292382,11.9057767165553,12.1865145746075,18.2988795229397,33040.7176482398,16883.980747275,-983.691007047673,0
420,183,9.75147167482291,2798.92170328923,24.3125839548787,17.0052818993198,17.5894834735639,26.1871897045496,30821.8652333749,18490.5743095431,-1216.20485308841,0
420,184,9.86735441407224,2777.28344276203,23.9753969022557,17.0500294321491,17.6334314650969,26.2554547970775,31153.9669606183,21898.8574095564,-1046.65015832859,0
421,185,10.4816028348607,4140.38447876203,23.9753969022557,12.9696613207746,13.3058749020044,19.9424283612368,31158.4630441205,21872.7231753561,-1098.75763337272,0
422,186,10.4495137886655,4295.22725876203,23.9753969022557,12.6555627607637,12.9746506441324,19.4569858073232,31169.1754760054,21884.06313496,-1081.8464408281,0
431,187,8.27323125505473,2140.25685839912,24.1305420432424,20.5612063532875,21.390330304003,31.6969419790547,27972.4774206206,22962.2676941845,-1496.45321432663,0
433,188,8.86814507441415,2887.57701239912,24.1305420432424,16.6128160147616,17.1694003000742,25.578921032458,27983.0773007053,22912.3811981317,-1501.26788308841,0
434,189,7.74401753289623,3031.89696760666,23.3766643558831,15.9595673114416,16.4665066194879,24.5654616603036,22208.4909044111,19358.6402985201,1260.29293469483,0
434,190,8.65346794451806,2749.25373239912,24.1305420432424,17.1943524021158,17.7890043105248,26.4794371025819,27984.3037774973,22938.1830270762,-1514.78503914424,0
435,191,7.5842007632401,3042.71173360666,23.3766643558831,15.9203005435285,16.424783367973,24.5046879560287,22176.8330650818,19390.3865918345,1225.58667076722,0
437,192,7.71979718281137,3368.52032560666,23.3766643558831,14.8449509701791,15.283666179036,22.8407683268456,22195.1376303801,19385.9623722043,1269.25548023325,0
439,193,8.20173478705872,3167.67975029192,24.4284264112213,15.6143616322856,16.110401923539,24.034128561663,31587.5726077585,15342.3552784028,-1517.51864170936,0
439,194,9.16777753402476,1099.03552322753,23.9681312750826,34.0027432718959,35.9319578052973,52.5728432532525,28104.8923073522,19556.3623129932,-1179.49213978858,0
445,195,8.09942432382808,4749.35384914184,24.3468647542939,11.8693004400876,12.1494336096783,18.2428869095534,31407.6068129369,15380.8419104199,-1512.53078837104,0
449,196,10.8183333928521,5111.64445748537,24.2001519682603,11.2988232183793,11.5489551192462,17.3615080699055,31999.9162722141,17984.1565058094,-1056.22668285123,0
450,197,7.94857669835587,4891.97089459404,24.627126210906,11.6612471596497,11.9325359791568,17.9220270023491,31414.2069968932,15369.9555703612,-1474.70176827379,0
450,198,10.3643252255585,3908.14985485251,24.3659809297591,13.5201374291008,13.8902981348777,20.7942778646102,31945.3836996074,17994.8851333297,-1007.64112459796,0
451,199,7.0647662487084,2185.86947585675,23.3084309618863,20.0942404549843,20.8782225769922,30.9698186309285,24727.832760247,17110.2786303578,1171.7326440494,0
451,200,8.39291812512389,4964.96505859404,24.627126210906,11.5481273085246,11.8136221380888,17.7473013924579,31446.8244660271,15349.725977473,-1500.16529900369,0
451,201,10.163152041837,4858.10920885251,24.3659809297591,11.6949269040601,11.9661944818508,17.9735668036441,31967.5967949677,17983.3940662588,-1066.16578354793,0
452,202,10.1202658512772,5897.11692957875,24.3959907895642,10.309417906011,10.5130188558907,15.834404922259,32000.5502504704,17994.4835723342,-1081.50795864176,0
452,203,9.41903976411544,4096.97804220509,24.5850496764856,13.117667763897,13.4668706187838,20.1725301977825,30268.0598592851,15977.9657270943,-1307.2126108177,0
453,204,10.3540832116094,6200.15338885251,24.3659809297591,9.98070286710952,10.1690370762342,15.327099240577,31936.3997809315,18022.3573242986,-1094.06607104233,0
453,205,6.57306974199754,2800.48465612903,23.2921834552665,16.8533028511009,17.4162007179115,25.9487208393178,25221.4504600109,16227.984063254,1011.53238321194,0
453,206,8.78817992281264,4732.00964820509,24.5850496764856,11.9166233775478,12.2008579586965,18.316445159441,30258.4031219298,15880.7519885331,-1453.98897725904,0
454,207,7.09232305428492,2434.17025012903,23.2921834552665,18.6026387580914,19.2820472278918,28.6581398368409,25210.6710137134,16216.0672873919,1014.93043988537,0
454,208,8.79115439215925,5201.18547420509,24.5850496764856,11.1984046910491,11.4459914847563,17.2071183490176,30234.7390890771,15879.6600354174,-1475.27911386493,0
454,209,7.48963281869352,5651.87243437469,24.6368551124951,10.6118039563679,10.8310610385239,16.3015218693787,31501.7393463282,15799.3161234025,1048.23440801748,0
454,210,10.3170304171273,6012.95441485251,24.3659809297591,10.1792310453358,10.3766354187977,15.6334462105505,31993.1886499959,17997.4988053752,-1009.48146374223,0
455,211,6.80740928369703,2311.72771612903,23.2921834552665,19.2998595517608,20.0275001655823,29.7385104116093,25226.2198885714,16233.6149774837,1046.10150935858,0
455,212,10.0415812001165,7756.51054885251,24.3659809297591,8.65928988090323,8.79111119589982,13.2890982258841,31971.5637592641,17987.6694396411,-1061.35983334894,0
456,213,7.9434347113326,8736.25922636912,24.6332632665701,8.05091358516476,8.16016763344521,12.3517573310128,31551.3498737828,15852.4586816596,1070.70026843635,0
456,214,8.6893691439876,6870.64614420509,24.5850496764856,9.35906953964343,9.52104382351035,14.3684251628049,30248.5993569906,15923.7186606128,-1470.13746872146,0
456,215,6.93034922533753,2635.00331812903,23.2921834552665,17.5884789258697,18.1995270231253,27.0871567857432,25229.0801785981,16218.3997513875,984.619853043332,0
457,216,8.96207967513463,7041.86975415539,24.607479221368,9.21515967184161,9.37107878302017,14.1465020424414,30300.3989554732,15950.3842048071,-1403.79619479583,0
457,217,7.01622362671243,2320.09759612903,23.2921834552665,19.2500468011262,19.9742092958583,29.6613147163733,25217.1421396405,16223.5577967122,938.285529731866,0
458,218,9.17960137773637,6029.21952476155,24.6100447593494,10.1761116731228,10.3747255804122,15.6290066430571,30299.1916527431,16000.9154856991,-1307.35760240288,0
458,219,6.93611570311899,2427.23206012903,23.2921834552665,18.6404171158936,19.3224138076935,28.7166718891919,25246.4137571975,16198.6578726612,1023.91114408633,0
459,220,9.1143673071065,6909.17624375563,24.6105328530887,9.32719302797603,9.48791966934381,14.3192943831054,31842.9049590835,16273.4258930003,-1286.56205061514,0
459,221,6.66069895803243,2652.24967612903,23.2921834552665,17.5079575703558,18.1136729574424,26.9624514783356,25237.5985219266,16194.9106140833,1004.55553149846,0
460,222,8.77522662870237,5299.75798550037,24.78553929124,11.0756159875756,11.3183529703803,17.0178553102835,31851.3053633589,16310.1706185529,-1296.15982445196,0
460,223,6.74591634077585,3058.08852763778,23.4327732482556,15.8721836325755,16.3742475129566,24.4303796081361,25241.4449277952,16210.9506755206,983.158165853613,0
460,224,8.32042599573457,4661.40894678625,24.6506584082083,12.0409239837139,12.332129514454,18.5086070655375,31668.9610645993,14196.7949092128,-1356.1248587226,0
461,225,8.58471906917024,5267.98296078625,24.6506584082083,11.1099173365067,11.3535178263389,17.0705907321438,31620.6636635769,14168.2343398306,-1307.80322056817,0
461,226,6.95420496965991,3606.20553763777,23.4327732482556,14.1778547797053,14.5777961689083,21.8091073237774,25266.1854111376,16203.1210557392,980.304929346244,0
461,227,8.76284343058986,5295.41886350037,24.78553929124,11.0815452820524,11.3245761772853,17.0270110557408,31836.0669341892,16329.4565659053,-1209.02303623057,0
462,228,6.77777656240095,4147.91298163778,23.4327732482556,12.9041503676425,13.2324887111641,19.8399935656093,25217.733397583,16182.8436901355,1029.64323935291,0
462,229,8.73747130015782,5153.06657061882,24.7589401893529,11.2790544657838,11.5317759833975,17.3319679756704,31857.7089294004,16318.054086967,-1310.54297154677,0
462,230,8.90948349849488,4824.42337278625,24.6506584082083,11.7704148562299,12.047493913139,18.0907028413663,31603.4160220965,14179.8140247495,-1345.94321359628,0
463,231,6.6997206430508,5351.43564763777,23.4327732482556,10.9129359515644,11.1392833073247,16.7643514514873,25205.1437976867,16209.5213426236,1013.33230710826,0
463,232,8.872817488924,5513.80665350037,24.78553929124,10.7933554345684,11.0222416473704,16.582040010381,31822.722791926,16319.1297147749,-1250.26649605602,0
463,233,8.96765484565387,4775.23931478625,24.6506584082083,11.8503070216592,12.1315335292968,18.2141199243177,31614.8491217948,14173.1362944546,-1343.53197805765,0
464,234,6.91628451054124,4521.87040963777,23.4327732482556,12.1853154982224,12.4753702595132,18.7292758901506,25240.1273300901,16185.1755207479,979.208268456874,0
464,235,9.12997180285255,5454.88710350037,24.78553929124,10.8691055619035,11.1016816878484,16.6989920990791,31843.7374882924,16306.6709223234,-1296.45751516827,0
464,236,8.83581276070938,4551.19084278625,24.6506584082083,12.2335293315309,12.5349362006267,18.8061984530525,31611.9266833362,14133.6647879696,-1402.31332889951,0
465,237,9.23156075407804,5169.85256592911,24.7976015748779,11.2577710082703,11.5096684204212,17.2991668379657,31827.4879620009,16309.2795279025,-1245.84191196814,0
465,238,8.63680208235832,4075.53937278625,24.6506584082083,13.1700502635712,13.5227018985031,20.2536511655424,31605.3276856134,14133.3314648809,-1415.27294104569,0
465,239,7.08760795311846,4987.16965963777,23.4327732482556,11.4256295122767,11.6770015979242,17.5559228173595,25201.0895357976,16204.8379814905,984.533796817869,0
466,240,8.85031694765104,5315.02200350037,24.78553929124,11.0548259030697,11.2965332858735,16.9857524737472,31842.6910774498,16314.1636650936,-1306.93059751654,0
466,241,8.55999378606992,4734.99781278625,24.6506584082083,11.9167657196886,12.2014581027386,18.3167893669968,31591.0267635455,14138.9784730124,-1418.01594461746,0
466,242,7.10663804151544,4216.90960190359,23.3850173163337,12.7586968597828,13.0787860522379,19.6151056746313,25491.0117710276,15531.8992253576,-277.437199860938,0
467,243,8.66532086334431,5563.54136150037,24.78553929124,10.7305129016992,10.9563532319811,16.4850203915542,31833.7376581038,16309.5512717802,-1281.69551290192,0
467,244,8.49024784418005,4611.43195278625,24.6506584082083,12.127245698141,12.4230086585657,18.6419773456352,31617.3439171071,14168.3807717361,-1343.18354741628,0
468,245,8.66755935900738,4988.4439023546,24.7710180818508,11.5229315258229,11.7880825999106,17.7086452338326,31832.3595700258,16320.2519634617,-1210.2047675971,0
468,246,8.63273071335639,4115.71479678625,24.6506584082083,13.0835087051345,13.4313134844948,20.1198651635892,31585.8916896333,14195.0827249827,-1341.72823967666,0
469,247,8.93003130440921,2990.25227478625,24.6506584082083,16.2811129632767,16.821747635249,25.0668624002563,31605.9487945903,14122.8364240662,-1427.22381606352,0
470,248,8.6023152451699,2828.47185486977,24.8464764193925,16.9547171656263,17.541393756758,26.1104829721897,31608.6192735056,14122.7897289086,-1390.05705129562,0
493,249,8.82615038426464,3588.68760411197,25.2863099320561,14.4226751368046,14.8534527295019,22.1922968568566,30895.8502645972,14728.795692914,-1442.77126424568,0
494,250,8.3830319654756,3552.10512241342,25.2865276487711,14.5242800364493,14.961188325253,22.3494901776556,30917.8886458452,14748.5059439864,-1417.78336784796,0
495,251,8.75408373890617,3501.55274811197,25.2863099320561,14.6677775889481,15.1133870721829,22.5715075066787,30903.9720195977,14738.9038483702,-1377.5600368991,0
496,252,8.5747796434668,3681.75015841342,25.2865276487711,14.1725011087272,14.5883098824025,21.8052863465067,30923.1937517897,14727.7293602807,-1442.31844702937,0
497,253,8.50410260956021,3046.88244578446,25.2592804367519,16.1470759292926,16.6852405322483,24.8610407510558,30916.8651656166,14716.5000695762,-1453.22575520794,0
498,254,8.69048074095092,2944.28533778446,25.2592804367519,16.5386781376396,17.1023123424453,25.4673960410639,30912.4632966904,14686.9315130972,-1436.17464284295,0
499,255,8.86755203836727,2631.70466041342,25.2865276487711,17.9064450635188,18.5621062134916,27.5860870438587,30941.3249322312,14727.9369927397,-1425.00779366619,0
499,256,9.89874971646856,4523.64574302481,24.6205097923677,12.2804917714575,12.5841884195459,18.87870479796,27281.9127273855,25015.6984493033,-1095.15357353307,0
499,257,9.95216363569616,3827.97291468483,22.8567041477777,13.5591593584389,13.9187867039828,20.8510957668093,30584.8235614816,9202.13339595575,-1077.7166647496,0
500,258,8.71324602859108,2968.40506602127,25.1344900389264,16.4281068394844,16.9832367690865,25.2958263113768,30923.8507420094,14735.664309801,-1432.31969087279,0
500,259,9.77661273914613,4458.60025334859,24.66177723599,12.402777781807,12.713326166414,19.0677501756483,27302.8911563664,25003.1011006379,-1132.93619256384,0
501,260,8.72109437846082,2714.84175402127,25.1344900389264,17.4936248903206,18.1194788431624,26.9460626206177,30920.8209113937,14756.3525296775,-1475.2746113654,0
501,261,9.60271753384727,4452.78538934859,24.66177723599,12.4135575642285,12.7246862011675,19.084408387915,27272.0462409981,24993.8608794345,-1131.83138377018,0
502,262,9.04538152989443,2351.07416549333,25.1263300315242,19.3849762207093,20.142300818365,29.8769599450587,30908.7411232941,14739.8191358089,-1407.94357222348,0
502,263,9.78527794522362,4886.63151134859,24.66177723599,11.6722450599216,11.9443304836107,17.9390788265878,27318.3870718603,24999.2448724375,-1122.41059836314,0
503,264,8.77110835486572,2541.90742949333,25.1263300315242,18.3299977294964,19.0130276556657,28.2418659821857,30897.2736055613,14743.9000967985,-1453.16609440167,0
504,265,8.51416311428343,2137.73032949333,25.1263300315242,20.769023079343,21.6270533623914,32.0229708426062,30904.5306027685,14734.5834031863,-1423.6344351258,0
505,266,8.56231424410522,2295.33455802127,25.1344900389264,19.7249930930084,20.5068322437445,30.4041044288125,30937.0939289648,14759.6411896324,-1425.97918161252,0
506,267,8.90601267325108,2069.78831802127,25.1344900389264,21.2667483400583,22.1619474954938,32.7949758251433,30924.9952903384,14750.146326742,-1435.7337730712,0
507,268,8.96273787370021,3111.36763349333,25.1263300315242,15.8965429359967,16.4173011271999,24.4728102152142,30925.1545813303,14735.1498223164,-1447.51634725433,0
508,269,8.75846835367014,2540.59406802127,25.1344900389264,18.3380302186179,19.0217128514211,28.2543393720786,30896.1519157659,14758.0717060485,-1426.97563404655,0
509,270,9.0149911067541,2609.52724949333,25.1263300315242,17.990374528915,18.6499707387408,27.7156234954562,30926.4496428886,14720.0217346616,-1424.60046684306,0
510,271,8.70205957744417,2846.57280201428,24.693676143961,16.8578227421463,17.4364635015346,25.9599744586698,30885.9779551,14727.3954754639,-1421.10147246179,0
511,272,8.78577717777873,3298.08377601428,24.693676143961,15.216552674736,15.6904035112608,23.4191771089123,30910.7386855307,14733.305126983,-1413.34803775317,0
512,273,8.85348377409192,3251.95476089905,24.6936615722387,15.365189866256,15.8482568221815,23.6492022309423,30907.213366017,14761.5253302051,-1458.73402669771,0
513,274,8.54591719696197,4155.79167089905,24.6936615722387,13.0025455970569,13.3461674463144,19.994799867498,30894.3661365007,14767.2358697253,-1415.64511924061,0
514,275,8.30922371208531,4591.22366489905,24.6936615722387,12.1660895767472,12.4642141246053,18.7020783353049,30914.4606956994,14763.3419985643,-1444.03015902087,0
515,276,8.7108244484496,4331.60977401428,24.693676143961,12.6467884393825,12.9707964851729,19.444914186072,30879.9983479226,14773.112165086,-1502.25545690016,0
516,277,8.51307856937882,4433.69371289905,24.6936615722387,12.4517993546852,12.7652211745889,19.1435689317072,30918.7360067724,14737.9788266553,-1479.34831271911,0
517,278,8.64220603538072,4131.49699289905,24.6936615722387,13.0538250195379,13.4003055161584,20.0740699146332,30894.9135181818,14775.9368896125,-1485.96832437981,0
519,279,7.47648465619966,2504.3072868247,24.6131239463178,18.4445220783913,19.1293996705823,28.417652178623,25216.8982700748,21748.965221748,1160.10509229798,0
520,280,7.44275281790077,2587.06398522492,24.6881027924422,18.0342601309088,18.6917993113592,27.7822228590234,25194.3336080901,21750.8559686468,1255.23780801713,0
521,281,7.56540363556304,2385.74215791389,24.6682672211759,19.1048424820113,19.8365465829706,29.4411608999584,25185.0089262128,21730.2703920833,1175.62893273315,0
522,282,7.61961899536916,2978.73031722492,24.6881027924422,16.3299404397033,16.8741105373945,25.1425657432593,25202.3382601611,21735.6463670386,1146.91314842076,0
523,283,7.60245056805738,3115.04504391389,24.6682672211759,15.8265950355026,16.3383745381038,24.3632831764261,25185.833611871,21727.7385028778,1179.60125494455,0
524,284,7.71413388164079,3740.67154791389,24.6682672211759,13.9574872430713,14.3553909620514,21.4712782681934,25221.4240726939,21725.003452561,1173.97943100693,0
524,285,7.6401783943759,2344.04746354617,23.4513109327873,19.1372219147584,19.8556179840158,29.4870498014143,25941.0178366399,15768.9209520066,1138.48123667735,0
525,286,7.42846119844886,3253.98923922492,24.6881027924422,15.3578946483136,15.840454785038,23.637897428678,25229.4056029048,21731.6496249048,1179.15465847906,0
526,287,7.86003569482668,2829.01540791389,24.6682672211759,16.9277005251214,17.510670620279,26.0681135976351,25203.4065863473,21721.2629422014,1131.95479047091,0
526,288,8.84589428946449,2842.119505143,23.7448821694136,16.7443325193607,17.3052338503245,25.7813937604826,26253.0684701959,16715.6674438673,-1450.33725925807,0
527,289,7.70272920353977,3317.92556814612,24.6663314792732,15.1505957724254,15.620117970552,23.3170389169856,25158.8601472488,21756.7084185655,1143.23208927857,0
527,290,8.64862172150569,2821.635325143,23.7448821694136,16.8292204613042,17.3956293779568,25.9128301952397,26208.9576560216,16730.0576681801,-1334.67959821256,0
528,291,8.7378433853942,3090.837097143,23.7448821694136,15.7956780725847,16.2961902781153,24.3128618416315,26255.5771885995,16702.6958061336,-1403.81112279305,0
528,292,7.461866804338,4239.76286922492,24.6881027924422,12.8288622199614,13.1628184437585,19.7263167245582,25183.0572900554,21767.6894788172,1186.30411873206,0
529,293,7.3355090135356,3799.74527991389,24.6682672211759,13.8098592512199,14.1991698300512,21.242968702921,25175.8510410901,21727.384317005,1155.72110582074,0
529,294,8.81850995711414,2895.42242514301,23.7448821694136,16.5285729360875,17.0755511499626,25.4473427201141,26234.0018555123,16711.2267131621,-1372.92661210935,0
530,295,7.42541970429449,2059.55300676675,24.8284981571818,21.2834775472711,22.1756565422703,32.8197459909189,25171.5933833498,21731.2014323418,1233.041154578,0
530,296,8.38548507486369,1931.21334164948,23.7716527280025,22.0861799779177,23.0230698092748,34.060589055243,26230.4712745702,16743.2966260711,-1256.69203741267,0
531,297,7.44602482094546,2353.15067369192,24.8286176616063,19.3219251223448,20.0710203915345,29.7781936274428,25167.7046575007,21736.4940699148,1200.8881851143,0
531,298,8.7529061736095,1857.49231964948,23.7716527280025,22.7276220684616,23.7131060569149,35.0557024685544,26230.1008265991,16732.1826261073,-1333.42420778369,0
532,299,7.3510435615884,3542.18023169192,24.8286176616063,14.5030787514967,14.934687447994,22.31558193036,25146.6645108209,21742.9492824611,1185.85765411084,0
532,300,8.81728491783077,1773.13273964948,23.7716527280025,23.5225294419438,24.5691233123024,36.2891462273602,26249.0085459582,16699.5115043239,-1342.32590452245,0
532,301,8.95791491319708,3266.44307897839,24.8804776358805,15.3401241094323,15.8234109604628,23.610900124244,25084.1170896625,23507.820180273,-1316.00764660431,0
533,302,7.56545975965951,5313.53317769191,24.8286176616063,11.059792421033,11.3020109809351,16.9934947452749,25149.319257022,21771.2237195017,1162.53342682308,0
533,303,8.74969867501173,2082.70816964948,23.7716527280025,20.9012503186115,21.7501579015969,32.2228244218787,26256.4584543832,16714.8254354895,-1378.2320154959,0
534,304,8.25345509360409,6661.50235169192,24.8286176616063,9.55793098238825,9.729782471328,14.6755065700646,25112.0142896743,21849.2983007429,1086.10583437612,0
534,305,11.2656941480693,6463.98906666689,24.6803064952914,9.73535703785261,9.91432099187372,14.9490166941884,24112.979346906,22816.190957874,295.673291253713,0
534,306,8.70075731125588,2221.84641164948,23.7716527280025,19.9456365305609,20.7253823089027,30.7412163999319,26243.9369747828,16727.588536773,-1441.43050445979,0
535,307,8.40049290466716,3954.87258829523,24.1865165376446,13.3950137687621,13.7566157651865,20.6004197154596,30706.6160019153,16124.3584732814,-1479.25699545859,0
535,308,5.56218833777137,8382.41374220548,24.887419652146,8.27102845716737,8.38972959598236,12.6912495837099,25555.6592268682,21940.5186201626,236.835391065308,0
535,309,8.47885195121145,3699.79101164948,23.7716527280025,13.969419851012,14.3603068352146,21.4876069538791,26237.1534814637,16715.6341722703,-1416.44990406892,0
536,310,8.24429121494198,3329.11545764948,23.7716527280025,15.0113349839999,15.4638500073861,23.0992177551646,26214.4821370894,16725.5739392465,-1374.74044274635,0
536,311,8.99781852819945,4250.38678558362,23.7698569231018,12.7261343919497,13.0474625349814,19.5656115899934,32706.6370545841,13911.0153033685,-1376.14404705025,0
536,312,6.71371175539835,6641.80151834741,24.8725473202522,9.57834852350885,9.75132153912749,14.7070649860507,25535.6853026131,21784.1359652572,198.792062712062,0
536,313,8.6674870658774,3775.31663629523,24.1865165376446,13.8218689068098,14.2078184144603,21.2604228042239,30753.9096430532,16093.575899836,-1456.08134848399,0
537,314,9.24234756991863,4854.73617358362,23.7698569231018,11.654699717073,11.9198615692921,17.9103146753357,32732.967233547,13925.1247546661,-1339.18906791102,0
537,315,8.79249116993332,3190.70407364948,23.7716527280025,15.4559790499558,15.9356676395915,23.7872227694512,26255.1264163964,16720.3252456608,-1419.38849265988,0
537,316,8.63508441591681,2626.94942490014,24.7784175917555,17.8531332785141,18.4993577798692,27.5018947813416,26338.842150204,21065.9982818847,1225.82548303885,0
537,317,9.32079517450452,3754.01879386668,23.5464485887371,13.8094534134909,14.1891958598943,21.2397102163922,32727.2421655034,13920.3246565758,-1327.78205619422,0
538,318,8.68658793624379,4896.63374788706,23.7944080044811,11.5910164480452,11.8531227656977,17.8120059908229,32697.3975610614,13947.0495580333,-1255.31441653246,0
538,319,8.32464693838483,2257.59460964948,23.7716527280025,19.7177439183433,20.4812451856902,30.3879550862612,26222.908587674,16713.3184057689,-1338.3747714133,0
539,320,8.92411194132144,5126.80544788706,23.7944080044811,11.2477328761685,11.4926937812083,17.2818878754201,32734.9568881645,13934.4624821135,-1361.05924890324,0
540,321,8.95093381725369,5796.09434872007,23.6791020331522,10.3800438597124,10.5827936669611,15.9422594382304,32730.4127550592,13938.0630510737,-1335.22838875025,0
540,322,8.33912389939057,2749.71920018243,25.0850725529752,17.3293824321287,17.9436263941377,26.6914945640061,26277.0340710098,21116.9205864427,1262.80654360071,0
541,323,9.0537853261335,6729.04963072007,23.6791020331522,9.43574554397049,9.59646873695525,14.4854275836165,32703.0140115063,13930.1481393687,-1367.23656286053,0
542,324,9.13483693520935,7244.52410872007,23.6791020331522,9.00579049244351,9.14850930306103,13.82241781412,32715.1390939782,13944.5048928278,-1366.41380851163,0
543,325,8.98958252361568,7143.71110672007,23.6791020331522,9.08564414726131,9.23165143887166,13.9455404711891,32716.0698972082,13928.034955513,-1355.36371137249,0
544,326,8.94648995695489,6520.02289072007,23.6791020331522,9.62678889255078,9.7957436702959,14.7800885310392,32734.5259290959,13944.3247032573,-1307.5085952641,0
544,327,4.77165668096399,4898.42196434755,23.2285594381162,11.5450227806243,11.8009468386684,17.7399069858562,33658.9377554263,13803.1614812406,543.001598274295,0
545,328,8.91764235970218,6774.70952872007,23.6791020331522,9.39537848771462,9.55438041108981,14.4231713029553,32721.6364484614,13939.6990593583,-1340.26694895755,0
545,329,9.05436804306072,3408.64112768424,25.0649261635521,14.9168258789229,15.3756640388125,22.9563153817754,26198.2017024634,21099.9991816186,1187.1041027299,0
546,330,9.08761478273949,6246.34984072007,23.6791020331522,9.89363270117653,10.0743180686793,15.1917263383706,32735.5363664256,13932.7501007057,-1353.81713830952,0
546,331,7.51731779459781,3851.97799436286,24.987669513137,13.7139857042094,14.1003751652935,21.0954313616944,24837.4865256601,21321.0009701732,1060.12163728708,0
547,332,7.43161634116563,4224.23942036286,24.987669513137,12.8868549811745,13.226282163893,19.816581804411,24854.2440832655,21314.6280442376,1039.20047029352,0
547,333,9.04154126597083,4668.58340872007,23.6791020331522,11.9511866546487,12.2308808339017,18.3680897601677,32712.2207844119,13936.6864977456,-1318.96847907361,0
547,334,8.91026622952202,2480.27150001089,24.4106381534478,18.539141136367,19.228118579852,28.5635942520426,29427.723406078,22863.6809304559,-1193.57993880724,0
548,335,7.05725985064766,3622.55517836286,24.987669513137,14.2991040917156,14.7198994481418,22.000423549812,24821.5463309147,21302.5252171959,1081.77945585098,0
548,336,11.2148905841558,4213.39490331108,25.0873365335961,12.917891885112,13.2597966489806,19.8647661544065,26219.9444115398,21363.6891027625,-1096.19365476293,0
549,337,6.78361998613702,3317.51710436286,24.987669513137,15.1890927543925,15.6640051200628,23.3774426264689,24782.6724764532,21306.7895513887,1053.52613003666,0
550,338,6.86581943781987,4061.70317816691,25.0954799142636,13.2412126748638,13.6013536754632,20.364628271257,24775.9960804671,21302.3704926201,1067.83273691809,0
550,339,11.4929914502113,4267.95795484373,25.1925862093377,12.8160247557124,13.1530518850557,19.7075162281995,26186.046183876,21355.3112676999,-1109.60952750092,0
551,340,8.42765396517921,2723.0552187497,23.5088523757866,17.2191985768136,17.8084147897812,26.5159665793852,21450.3567141442,19476.840010194,1258.02190033096,0
553,341,7.86718434966878,2097.1864287497,23.5088523757866,20.7442812024966,21.5779591245867,31.9783883734164,21409.6476256407,19440.8331644649,-1526.95690902023,0
556,342,7.78306260577893,3653.608138323,25.16015300145,14.2338979832562,14.6522885650579,21.8999643628527,26133.1831891369,20915.1492984373,1254.44218721595,0
557,343,8.02774162945857,3127.847518323,25.16015300145,15.8423963247647,16.3600314266612,24.3890795921156,26076.7200100145,20934.2264625921,1246.57855470211,0
558,344,7.84904812528762,3325.49972035779,25.1781118673663,15.185837614962,15.6623194211098,23.3728930124619,26062.0032113387,20941.2307048266,1211.39634938986,0
561,345,7.9482094958284,3513.35069162003,25.2833908817959,14.6336344923863,15.0771424902945,22.5186732225817,26096.0839744582,20919.3971733441,1268.73126025453,0
562,346,8.11667441959517,3136.24354562003,25.2833908817959,15.8280046871369,16.345924449655,24.3671318494431,26047.7279690018,20933.7842638169,1210.7774221286,0
563,347,7.50407054425818,2752.07188626986,25.2900378372868,17.3480700769563,17.9658108260127,26.7210588554464,26088.684884784,20973.6007640456,1190.13678240226,0
564,348,7.81296166911803,2993.82342962003,25.2833908817959,16.3496575850737,16.9011969262449,25.1747721639691,26081.3886109561,20916.0244643619,1165.68102276188,0
565,349,9.24782934643238,2709.10662774097,24.6190823688949,17.4448597237675,18.0616839825787,26.8689411799941,29112.572140442,21395.100831749,-1384.59724831272,0
566,350,7.20813445154466,4029.10716655478,24.652562543652,13.2721666022807,13.6305809506895,20.4115264346767,22995.0314786305,21624.6436964595,1251.17090343625,0
567,351,7.34838249417913,4011.75067855478,24.652562543652,13.3108138181,13.6714114891411,20.4712769541376,22972.9656985266,21598.1417273816,1182.51521383854,0
568,352,7.35633849288486,4313.85929455478,24.652562543652,12.6779774796882,13.0033834356937,19.4930336914513,22971.6303369016,21640.6091991596,1204.23184424708,0
569,353,7.4846492958424,5013.62531455478,24.652562543652,11.4761967408162,11.7381951038497,17.6362488073651,22976.6204598777,21646.9902959207,1181.48033692372,0
570,354,7.35021449722401,4929.8005446656,24.7205857910796,11.6092097544866,11.8784459354601,17.8418188857614,22984.8642882185,21628.0106985047,1212.9303900364,0
570,355,9.5237544616594,3362.29355799694,22.113380918362,14.7148113630751,15.1335004326786,22.6360740133246,24231.2512502115,9098.10536120263,-1135.1780487807,0
571,356,7.73340797622004,4289.6589066656,24.7205857910796,12.7316491747225,13.0605022633512,19.5761274591721,22962.4939993652,21633.7611936697,1180.90573792474,0
571,357,9.73922474540706,3032.76257199694,22.113380918362,15.789167478169,16.2720371921566,24.298037603482,24238.1290755152,9092.32233773522,-1126.99127179407,0
572,358,9.6094510177473,3056.46254799694,22.113380918362,15.7049494665422,16.1826821581213,24.1677283917675,24224.5214859135,9118.78434259122,-1149.66485163732,0
573,359,9.48545574191615,2358.38876622821,22.4965816037581,18.8867171032265,19.5751603323547,29.0954051029047,25955.7460820011,9743.56610111217,-1171.38428934532,0
574,360,8.41096782674135,3957.23408022821,22.4965816037581,13.2253052764728,13.5634211441339,20.3342087922901,25951.1697692982,9778.54114137657,-1256.37300830813,0
575,361,8.39181398452484,4269.46375960883,22.5170250724091,12.5759669441739,12.8794717123584,19.3308671540769,25967.2256017661,9778.19968578976,-1210.54355566972,0
576,362,9.99465065939977,4530.57181033,21.5564860416727,12.0107956680225,12.2777774912842,18.4558089324915,29734.1142849257,7252.31674033587,-1198.84628023026,0
576,363,9.0616112654934,4913.91136422821,22.4965816037581,11.4648886645747,11.7117617489511,17.6147645448823,25940.2939911919,9758.48419247126,-1249.56218209083,0
577,364,9.70867536702567,4519.18291544418,21.6552582742075,12.0391301276482,12.3082945572485,18.4997765740679,29716.1934731285,7314.70192672739,-1209.74938246301,0
577,365,8.94397606861281,4279.68382360883,22.5170250724091,12.556077411141,12.8585368180803,19.3001383739659,25946.6775627452,9769.03485674166,-1169.85374332736,0
578,366,9.34502137295943,4164.14632422821,22.4965816037581,12.7840599861691,13.0984080526808,19.652339141708,25931.6381356176,9794.40740069153,-1204.35722532669,0
578,367,9.7057623049893,4298.96000796977,21.4803622434613,12.4248202436483,12.7121507233312,19.0950775855346,29710.7434870266,7281.42304271929,-1242.6544382116,0
579,368,9.23768464316292,4920.82752822821,22.4965816037581,11.4543825051089,11.7007406482218,17.5985430139961,25964.6368476684,9797.95108322799,-1109.40395366333,0
579,369,9.85846561730868,5566.07561561827,22.513462682199,10.5771641783683,10.7819503054001,16.2445063459286,27090.7501218731,9359.04377162694,444.900651733318,0
579,370,9.54982762421201,1971.63030129703,24.4425311499635,21.8950828752758,22.8276226298886,33.7669218857631,22485.1562268065,23135.2047998439,-1198.92633975617,0
580,371,9.42770456720643,4870.73262577181,22.6501121150178,11.543059817538,11.7948586883461,17.7357632542787,25929.3973791267,9776.75582306563,-1198.24856309898,0
581,372,9.29983523236812,4547.72133577181,22.6501121150178,12.0740617013598,12.3525606339456,18.555815719167,25943.0080851087,9799.13836643731,-1152.38399972397,0
582,373,9.45279978939693,4488.47139577181,22.6501121150178,12.1787621471816,12.4626324060665,18.7175390123229,25968.4896769803,9785.25042967744,-1136.04348069358,0
582,374,9.20611693203671,2916.9946923795,24.3814311926996,16.5295156343736,17.0833840179332,25.4506832327078,22571.1126196619,23086.7872109735,-1286.85678085519,0
583,375,9.38734631417863,4704.10593577181,22.6501121150178,11.8089441916837,12.0739983589115,18.1463504276484,25912.7510031106,9786.37811522425,-1194.70637191223,0
583,376,9.15499643780598,3388.5052743795,24.3814311926996,14.9003741835209,15.3519213750834,22.9291278168394,22597.1162578079,23098.543803264,-1295.55960253897,0
584,377,8.75052494364223,5257.24487377181,22.6501121150178,10.9838357712686,11.2085210467788,16.8724012404217,25921.2740537835,9790.02499451831,-1131.47541123334,0
584,378,8.91821494132487,3183.3551103795,24.3814311926996,15.5553920306826,16.0472830267718,23.9427337472076,22580.6090146282,23082.7334564687,-1251.78983367825,0
584,379,9.35113759965655,3783.52307166009,22.8924946828433,13.6696762035012,14.0358014836467,21.0220305751367,27294.444076351,10204.631366947,-1013.97501639781,0
585,380,8.81801455657346,5437.24134577181,22.6501121150178,10.7473634556432,10.9609037998074,16.5074095072243,25903.5348089876,9815.99905843496,-1184.35212868901,0
585,381,9.20742469074624,3318.5947503795,24.3814311926996,15.115358963797,15.5800256860129,23.2617720964314,22594.6019193895,23082.5490640019,-1328.78292379637,0
586,382,8.92387702734002,5488.89231577181,22.6501121150178,10.6820201156926,10.8925151029206,16.4065623614424,25929.1526237552,9795.56158484981,-1157.15925956891,0
587,383,8.75853141999542,4894.74096577181,22.6501121150178,11.5060670888429,11.7560401028764,17.6786429248282,25904.4606291876,9778.97246741519,-1092.63793035026,0
588,384,8.91328114194711,4760.49249577181,22.6501121150178,11.7171325757005,11.9775835366486,18.0045648510972,25935.5049539901,9771.08895194474,-1229.57923496047,0
592,385,7.23511730042384,2650.86282350762,24.5088663831921,17.6984821521233,18.3311245044476,27.2614627521651,23367.5023424047,22199.1849331957,1178.58254251977,0
593,386,7.11901468128867,2547.56088350762,24.5088663831921,18.2045948955718,18.8716939382811,28.0455504722415,23395.2749471648,22176.7270404045,1153.34169480561,0
601,387,7.06409641144477,2901.93778784573,23.8100592871241,16.511614439554,17.0582086002058,25.4212822607477,23857.8729510864,17833.8297697744,1047.66651053514,0
602,388,7.21627358402064,4045.76999384573,23.8100592871241,13.1565594754497,13.5017749622544,20.2309533780397,23893.5822364906,17814.4886225317,1100.6769965564,0
603,389,7.61467402010664,3646.01744135224,23.7082467610434,14.1020144239773,14.5000183142556,21.6925014165864,26101.6449243154,16250.1512607677,1151.4138749941,0
604,390,7.42125824155483,4165.04385931003,23.7279332623527,12.8957145714631,13.2259299389104,19.8276005799249,26094.604541474,16269.4445034846,1221.20090472453,0
604,391,10.3493790844268,7394.09200031472,23.9186241238547,8.902304877422,9.0419234475068,13.6631797946466,31265.3726744571,21819.9868380685,-1014.5025397465,0
605,392,7.32930943406428,4222.15152335224,23.7082467610434,12.7772780270504,13.1008979231434,19.6445176056358,26100.4553895775,16283.6719960322,1190.36217149388,0
605,393,10.0966494665822,3623.72537231472,23.9186241238547,14.1832135445277,14.5878123317298,21.8185923852417,31275.3181971457,21821.3810635362,-1010.9656410829,0
606,394,7.68917405439939,4178.69422535224,23.7082467610434,12.8657796974451,13.1942082204934,19.781293253984,26104.3420814547,16251.8688179371,1203.45858197452,0
607,395,7.72520562054936,4067.39684735224,23.7082467610434,13.1001031167233,13.4413769986699,20.1434614699661,26074.247115595,16287.4057970416,1207.34424087724,0
608,396,7.7204063877721,4385.36418335224,23.7082467610434,12.4588701750759,12.7653874050063,19.1524856176193,26108.0223220277,16284.685758055,1242.279980094,0
616,397,9.70435084303838,2916.4316095801,24.0283097800719,16.484009144141,17.0311752328079,25.3791903649565,29152.6530504752,23953.4716304507,-1114.24882249812,0
617,398,9.79165114109327,2688.88123798541,24.0478232028223,17.4529630528138,18.0638418753495,26.879705547962,29160.9607584545,23709.2069048623,-1307.36605064533,0
618,399,8.86639889957281,3217.94575798541,24.0478232028223,15.3993027265923,15.8782244134949,23.7002694691465,29139.4665529107,23626.6205560336,-1307.6830135496,0
619,400,9.17677962343381,3183.29885998541,24.0478232028223,15.5147302805752,16.0007980380551,23.8788976527416,29155.9301180237,23667.348497942,-1307.30466758495,0
620,401,9.412446698917,3190.95665401492,24.1082673279609,15.4964199932172,15.9819494713831,23.8507258248592,29130.852586613,23625.0431342309,-1305.59714032878,0
621,402,9.15692636204671,2778.9092866571,24.0941505210232,17.0600285592805,17.6454136301,26.2713044699599,29140.552360811,23632.3468617454,-1281.44207787324,0
663,403,9.30603947009138,3899.02143749744,24.6482963213463,13.5688907846259,13.944144975274,20.8702977687269,31369.2460053728,18131.444006057,-1178.59867082238,0
664,404,10.0915288935729,3754.67618609681,22.1167551689914,13.6591311220914,14.0177733535353,21.0038281877105,29538.1291947979,7267.62031695827,-1183.16145511461,0
664,405,9.42282235727687,4351.98197824319,23.9081298558351,12.5396065848531,12.851941983489,19.2776554990941,21472.2171646409,21730.8292725384,-1275.1690808168,0
665,406,10.1955095232148,3519.72484409681,22.1167551689914,14.266183016758,14.6589995468037,21.9423276983067,29540.6695846881,7289.54887065514,-1194.61281929022,0
665,407,8.8803534171738,4022.69327824319,23.9081298558351,13.2164068788927,13.5657384084823,20.3236832490109,21501.6439307681,21706.0563053721,-1266.11025223991,0
666,408,9.40280426228662,4227.35209997644,23.8909711760953,12.7831733493616,13.1085307967497,19.6540195275916,21492.8713163195,21725.5530285575,-1321.96371205994,0
666,409,10.4991081721756,4296.44320823253,22.0365040042361,12.4802668940529,12.7749404691312,19.1819639343112,29461.4668682179,7246.82817150366,-1102.89827869855,0
667,410,10.5887034677888,3654.32573009681,22.1167551689914,13.9098692574933,14.2825020671703,21.3914340290985,29459.8998753574,7260.3371524152,-1202.37407132679,0
668,411,10.638593755168,4566.19563023253,22.0365040042361,11.9902192361699,12.2598436320364,18.4250473098579,29485.7485737733,7252.13397909447,-1181.1165320882,0
668,412,9.00704159737736,6802.05823297896,23.9219878466852,9.3842324552652,9.54398860652838,14.406321680762,21506.6229099884,21661.1092421604,-1360.55854450575,0
669,413,10.751394504279,4561.8848909312,22.072553790229,12.0007019204159,12.27112757757,18.4413119504973,29445.3807075915,7263.97916543711,-1121.47823911835,0
670,414,8.93328950673909,4007.82180519083,23.9824481761718,13.2563606991293,13.6085213860135,20.3856116324837,32448.1482797111,14478.3428085065,-1401.34655388925,0
670,415,10.185839512203,4224.01650715951,21.990879650877,12.6170208123786,12.9184468371311,19.3931250213823,29515.5258553808,7256.20743286412,-1176.13205348557,0
671,416,8.65275082362135,3400.32269919083,23.9824481761718,14.8194395407227,15.2623677197332,22.8028843821849,32435.6134903442,14474.2980365444,-1399.68606918257,0
671,417,10.8282804583313,3615.56354818509,22.0331581054391,14.0008595151848,14.3778332616069,21.5318891208835,29458.6154175574,7208.97078699655,-1129.6313670011,0
672,418,8.74304679867374,3349.35453519083,23.9824481761718,14.9736079133998,15.4258496129012,23.0414019243461,32451.6000803064,14463.7000698634,-1482.45864319917,0
673,419,8.80262053325653,2612.56280919083,23.9824481761718,17.8013057896667,18.4347595546995,27.4190559260156,32443.0502952139,14470.9351386345,-1406.17362661812,0
687,420,9.92166415322239,4621.12225431287,23.379678794907,12.0076094069938,12.2880646813426,18.4546529344906,33292.2476004916,13740.3053050363,-1166.86106085554,0
688,421,10.1655880970389,5139.30593031286,23.379678794907,11.1998808995404,11.4397753885135,17.2072525863592,33253.3878554127,13771.667975133,-1112.64374134952,0
688,422,5.28197793650088,3285.4365425291,22.9024055055696,15.0438396761316,15.4898248277442,23.1471664474462,34302.029193801,13714.9231452607,584.306768914494,0
689,423,10.0972140373841,5529.60665031286,23.379678794907,10.6803445788062,10.8953103884585,16.4052341492903,33256.63441186,13754.1751312664,-1130.39283879061,0
689,424,5.17470557739261,4082.48300703224,22.8288146742371,12.9850020710797,13.31284398954,19.9635977600233,34284.746366318,13693.3432982025,574.316026038969,0
690,425,10.1951271740051,6810.69485110904,23.4030561544605,9.34929851377548,9.50494261660075,14.3517185369337,33253.1613929742,13756.3635719368,-1109.01969106134,0
690,426,5.20526747012667,5738.20988070432,22.9225956375635,10.3987926256548,10.5979112294196,15.9699493285951,34233.6257798614,13667.110796339,450.549846595505,0
691,427,10.1062598956474,5201.49731710905,23.4030561544605,11.1141924526554,11.3500635299075,17.0749981550945,33276.1587451304,13741.8157107251,-1134.89185786068,0
691,428,7.69133086263248,3253.43276863027,23.1162097866814,15.1709590738954,15.6267178182848,23.3444128887792,22786.7934965345,17682.8515551131,1262.18424583546,0
692,429,9.93446540107796,5324.00592910905,23.4030561544605,10.9473187867761,11.175127211862,16.8173767564997,33268.1513312524,13734.7399857783,-1144.14748750437,0
692,430,9.75788036305578,4207.12238052201,23.4131186313516,12.7810035041627,13.1025163818701,19.6496380830533,33280.1710143969,13728.0327078302,-1117.55189376076,0
693,431,10.1442876241714,5978.86093510905,23.4030561544605,10.1580201392625,10.349015376411,15.5992111813481,33273.6670072496,13725.2428805873,-1153.31689125407,0
694,432,10.015501205399,5250.10869910904,23.4030561544605,11.0471583121274,11.2797791012773,16.9715069702579,33270.0509181676,13757.7555165994,-1109.59301792746,0
695,433,10.383407653414,6637.12997110904,23.4030561544605,9.50344727044916,9.66563772175247,14.5894478625904,33246.0766797389,13752.2278167047,-1129.09181500933,0
695,434,5.9682044107777,3929.50083870432,22.9225956375635,13.3297674557995,13.677229977828,20.4966630841201,34308.763990359,13610.6678122657,496.939577202142,0
695,435,9.7293507306637,5787.45545726502,23.7473473269664,10.3943341227961,10.5981451479298,15.964423506268,31151.4054471188,13968.7400157009,-1387.05301239188,0
696,436,5.46978068139883,6238.54116251552,23.6690617691412,9.90096087122057,10.0819171502163,15.2030167121827,32135.8063703408,13881.1405076358,674.795313305692,0
696,437,9.74035062832807,4635.83644452201,23.4131186313516,11.9852034779482,12.2647461193447,18.4201094909089,33290.2561648291,13758.8420647358,-1121.6742575889,0
697,438,5.12573384482061,5309.92500251552,23.6690617691412,10.9847148597292,11.2160155526506,16.8755750216512,32105.2788182315,13851.2015381306,601.915788176218,0
698,439,8.85639102689942,3149.37335566536,24.0837437460556,15.6344423196201,16.1283161483318,24.0642649362252,31927.8434732929,14768.0682032123,-1507.85165255576,0
699,440,8.62898512734954,3388.95015766536,24.0837437460556,14.8650690484017,15.3116982345067,22.8737390911914,31942.0466053696,14776.1366579929,-1426.87532281081,0
700,441,8.62085305337073,3434.78362222746,24.1798886901726,14.7397828582536,15.1797537590774,22.6801566733941,31948.2928637821,14788.6257685651,-1463.17697994097,0
701,442,8.37268657929697,2962.08363622746,24.1798886901726,16.3267013804109,16.8653645670128,25.1360916720931,31938.7962691661,14759.5098079316,-1468.4481639643,0
701,443,9.52134974881185,4063.44203817363,23.911617873998,13.1276905355548,13.4721222793547,20.1865541247622,21183.2999343845,20824.2219778298,-1223.74364629013,0
702,444,8.4615383057195,3062.56624822746,24.1798886901726,15.9523069464963,16.4671202241618,24.5565186192455,31915.2345427129,14789.2033208987,-1401.61820353864,0
702,445,9.43829224493011,5423.96603217364,23.911617873998,10.8506603579113,11.0770129146164,16.6690426822396,21188.3566681019,20832.3468574144,-1168.12369373779,0
703,446,8.78131544610319,3380.20319422746,24.1798886901726,14.9024403127652,15.3522313564157,22.9318061698858,31919.4722517458,14755.7914288197,-1508.80314877525,0
703,447,10.1013170505441,5548.43495817364,23.911617873998,10.6921867685882,10.9109606214648,16.4244108039637,21147.615823628,20859.2887692342,-1234.24183028731,0
704,448,8.81162041528616,2560.41750022746,24.1798886901726,18.0881496255213,18.7433724195322,27.8640615706775,31961.9411040639,14725.2902993434,-1447.88727653459,0
704,449,9.802482939972,5452.60935147343,23.9412564654577,10.8156245504945,11.0404762844116,16.6150070482956,21215.3251697789,20858.0507328336,-1145.86328975823,0
705,450,8.81036636840446,2660.01907222746,24.1798886901726,17.6061202803553,18.2287588296772,27.1173490417597,31950.5491792348,14786.9324795402,-1411.81990794826,0
705,451,9.57017195867483,5072.24235747342,23.9412564654577,11.3373488241046,11.5877133276581,17.4205342890448,21178.5062350752,20851.4400185097,-1219.70750901473,0
709,452,7.24843905390791,1895.06154442852,23.956660458498,22.4359108839819,23.402073257549,34.6039171810009,24833.0062266708,20111.8504623379,1093.03739839983,0
710,453,7.40342222836764,1737.17930438744,24.1796305599487,23.9828519958548,25.0720046780188,37.0054038992325,24853.6584238926,20098.980308018,1254.2720561328,0
711,454,7.50303885091296,1671.69600638744,24.1796305599487,24.681517799388,25.8258211813895,38.0899155440477,24860.173843784,20126.1896385763,1173.89966560216,0
717,455,8.93909634163544,3594.38574994126,24.092449105868,14.2804223575931,14.692265652655,21.9693647668844,29167.090427565,23481.2462910889,-1297.48408697142,0
718,456,9.04318191341619,4201.64560829089,24.1126734484222,12.8552690883931,13.1862753491853,19.7659180803151,29138.2853570289,23483.2640043688,-1275.57566841053,0
719,457,9.57388212960227,3531.36329555387,24.1185191097602,14.4563993218209,14.8788762751176,22.2416239197065,29149.64837373,23446.7920393643,-1305.69527819889,0
720,458,9.11136573372309,2601.432325522,24.0630041608601,17.8675572273008,18.506429619378,27.521945110977,29131.7255696721,23424.6889392909,-1345.07536592252,0
721,459,9.00181207670968,1850.39554889482,24.0977197202702,22.8660355330504,23.8672196585726,35.271872842338,29153.4573360059,22999.3168055216,-1309.66468057253,0
722,460,9.07792460368575,2196.74049641326,24.0810757718815,20.1676782366786,20.9675799481418,31.0866015214847,29184.3186982033,22999.1003703911,-1279.99969600569,0
728,461,10.4655035225908,2941.85379766883,24.1616598143501,16.402442600616,16.9457786891267,25.2532993202773,27886.0769651108,17450.0252082382,-1088.57613149123,0
728,462,7.45534566157005,2787.41014471632,23.8018084988916,16.9817391536742,17.5587236109097,26.149170152984,25263.5312882012,17691.903557894,-1468.61422563067,0
729,463,10.6159157866355,3186.32037166883,24.1616598143501,15.5185221170094,16.005951547782,23.8850760710685,27908.0310057538,17458.881451597,-1038.79334972397,0
730,464,10.625919300274,3505.30393670144,24.2400150108859,14.5430029442422,14.971732883539,22.3758918989155,27897.4540798724,17430.5563634988,-1093.67917065718,0
730,465,8.42424160732071,2108.45884476036,23.4710948591403,20.6563942259438,21.4831449953568,31.8419699384628,26790.0329127426,14507.556213126,-1468.62263930992,0
731,466,9.92270926483504,3221.82917974612,24.2825947821166,15.4148884102291,15.8970712740614,23.7250213993544,27913.0065184598,17468.9342493147,-1025.44118325548,0
732,467,10.0358145401816,3280.77089270144,24.2400150108859,15.2184055419342,15.6880483830109,23.4208537137169,27889.7156530313,17464.5537552838,-1041.31025828547,0
733,468,8.71732710529179,3015.5919623761,23.8347576639959,16.0794438696881,16.598733745823,24.7523324230361,25253.5489010613,17706.6234043166,1261.67517877544,0
734,469,10.5704805293484,2419.68644870144,24.2400150108859,18.8410699057494,19.5489197917906,29.0308896782046,27883.0887247582,17409.9151442086,-1085.18538267636,0
734,470,10.6386772446558,3544.29272064442,23.9596864550514,14.4031349963975,14.8210235224025,22.1588396468945,29818.604331359,23530.4225009451,-1157.37108108321,0
734,471,11.6361431818332,4531.78662696116,25.1884403645647,12.3121173213744,12.6215401199451,18.9286865591057,32357.7147548759,17706.6974103666,-991.285151202907,0
735,472,11.2289289934793,5324.12298950921,25.1897363437811,11.0699589564429,11.3148939514352,17.0098045853434,32345.8053322572,17730.478081517,-999.889790643199,0
735,473,10.3310474150602,2429.76766310735,24.2179634662609,18.7815166636346,19.4849436764919,28.9385260723116,27924.4195797203,17417.4345742677,-1109.91596842191,0
735,474,10.1956835446968,3256.83158554408,23.9687735128288,15.2629377680044,15.7326923594726,23.4890402183079,29713.7002894143,23556.9624699671,-1072.66124429994,0
736,475,9.97204986343127,4231.76842354408,23.9687735128288,12.7812214068058,13.1070736483856,19.6511686221733,29730.6166619895,23581.4618677289,-1061.81409304773,0
737,476,10.265782337736,2490.01546670144,24.2400150108859,18.4598585029573,19.1412791221324,28.4401718412762,27888.9977461201,17407.2279547636,-1109.13696651484,0
738,477,9.8096847711394,2433.65079574612,24.2825947821166,18.7708238367424,19.4743105779722,28.9221773854479,27908.2482497191,17445.2985503976,-1111.6681511849,0
739,478,9.1616294391232,1926.4274140286,22.2719163353889,21.7959998628531,22.6878877423597,33.6040638195049,24952.0174238194,10027.7591487416,-1239.05896942286,0
740,479,9.08647950353163,1690.38197504245,22.336273600013,24.0073800262125,25.0670460984402,37.0347968526382,24968.8817353354,10020.3018150924,-1255.65722568864,0
741,480,9.05991713532824,1738.44270704245,22.336273600013,23.5150287675439,24.5369131821016,36.2708433444298,24979.771315985,10041.5315677956,-1315.51907698212,0
742,481,8.89671047589717,1577.32251704245,22.336273600013,25.2758958190867,26.4345118670156,39.0035318675575,24976.3884343756,9996.31287740518,-1358.86081557735,0
745,482,8.28943231174828,2250.25044030303,24.1450092730506,19.8319660762997,20.608602752016,30.566389674937,24979.3048609014,19226.7187533893,-1259.42357562635,0
746,483,9.20306530601645,2355.86511030303,24.1450092730506,19.1887395976236,19.9197337312476,29.5693678661234,24987.5716161681,19191.8200249092,-1375.99666458176,0
747,484,10.2700196256958,4531.90622968866,24.2386579163842,12.2342666975377,12.5327650024239,18.8065243799785,33704.6430532896,14465.4267837989,-1169.88251546045,0
748,485,9.92557876447664,4546.20110368866,24.2386579163842,12.2087474288511,12.5058955827403,18.7670953775044,33699.3643906162,14447.777205455,-1104.60756492408,0
749,486,10.1079105408345,4567.10365797942,24.1666940397742,12.1658093876117,12.4601752620679,18.7006122807066,33714.6093226761,14447.3819000412,-1116.85621580722,0
750,487,9.91755006047739,5193.99828396329,24.2767321502696,11.1868049077167,11.4318606263745,17.1886661774592,33709.6772961099,14463.5935393742,-1125.90404745635,0
750,488,6.96101751500734,2315.06799767653,23.6538379854318,19.3441517535745,20.0796885220302,29.8084744451352,23595.3201921904,15900.1972631313,1117.11567176624,0
750,489,10.4187191789629,2804.41873420463,24.6182670842007,17.0248960071841,17.6137416212123,26.2184878608394,24959.3492104658,19355.3227160739,-977.909151325419,0
751,490,10.1167246876759,4796.16467196329,24.2767321502696,11.7873412486808,12.0627551961229,18.116148436636,33693.9346262604,14432.6563521306,-1134.89794111258,0
752,491,10.5272755764136,4672.95122796329,24.2767321502696,11.9915724481513,12.2775810012991,18.4316418395988,33718.1619691738,14508.5879693659,-1108.58608065581,0
763,492,7.20985464844764,2756.12020640306,25.0344056493138,17.2937381346607,17.9050347483828,26.6361297781758,25269.4657492191,20982.3747486493,1125.12045439808,0
764,493,6.94754570233777,2784.00512240306,25.0344056493138,17.1713393311417,17.7744451513986,26.4465445282325,25265.9075966443,20951.7862000737,1112.6085932724,0
765,494,7.09533223981988,3294.32551640306,25.0344056493138,15.2682699744967,15.7485361858996,23.5000966494033,25281.6515218105,20945.9022625266,1097.15271386907,0
766,495,7.66473028468014,3188.57869040306,25.0344056493138,15.6169825625064,16.1190984030147,24.0398133122111,25272.8143456025,20954.5700831447,1078.62038976926,0
767,496,6.0155563549133,5531.02176440306,25.0344056493138,10.7877245397503,11.0178134607665,16.5737544814668,25313.6999294107,20976.5763642256,1017.97389131128,0
767,497,5.54981929543291,5335.95287642774,24.7864463137094,11.0265494891768,11.2668644782119,16.94209187587,24608.3597146584,21303.2811084045,903.640885362504,0
768,498,6.27848646635111,5734.16718125891,25.0514781170971,10.53887654112,10.7570416308247,16.1896076996249,25291.4645790001,20971.3191348121,1059.83910041032,0
768,499,5.25000841556072,5290.27095242774,24.7864463137094,11.088653174802,11.3320421752226,17.0379883322942,24517.1159829059,21297.1594040097,809.8170980081,0
769,500,7.04751207662378,2673.17029040306,25.0344056493138,17.6716324034778,18.3084266691509,27.2215134136763,25284.5168235024,20956.5836568097,1143.75092891673,0
770,501,7.0802723600886,1965.36718947795,25.3916053561665,22.1449270274159,23.1102397918177,34.158344367187,25261.2257532562,20945.4112849465,1132.24581912674,0
777,502,7.09596728201822,2786.5479681857,23.3672069812182,16.9229688932894,17.4912286094906,26.0568202839481,25141.8896127714,12506.3915538715,225.704843267988,0
779,503,6.35281146629945,2996.20160967119,23.3142397749366,16.0826973546827,16.5966995350693,24.7558553856054,25138.1061134438,12487.3611287204,312.405268877647,0
780,504,8.97809976747382,2223.48094044392,24.0829063954511,19.9925176324647,20.7798344478365,30.8150536362807,21798.0566445886,16505.8849188757,-1368.85362850617,0
781,505,8.15348370584518,2232.28675335382,23.5239234335305,19.8326685714464,20.6009878761564,30.5651723652215,24362.7249698492,13028.9396381258,1192.95193762493,0
782,506,9.05123187109207,1801.23662950917,24.0287714841165,23.3103078595061,24.3446271686346,35.9609612493246,21755.1826429933,16473.4207590367,-1241.48975915825,0
783,507,8.91124309973588,2117.87224648827,24.0367852697787,20.7005067496553,21.5384900309146,31.9125800037664,21913.5699947354,16318.2572635599,-1239.81125274842,0
784,508,5.78838277006992,3893.43075226791,24.8544384063028,13.6020211003587,13.980856454662,20.9219900540213,23362.3960829862,22688.7005070652,633.152458356803,0
784,509,8.87042516273054,1867.74499048827,24.0367852697787,22.6952742482155,23.6824340308997,35.0066581854032,21918.1004487013,16308.4640115362,-1285.04472518316,0
786,510,8.86926680771739,2467.08497146506,24.0924407579059,18.5578342968215,19.2442032203786,28.5914850771365,21915.9898947993,16324.5003697629,-1294.37419118642,0
786,511,7.91588663330728,2549.9135793001,24.8304017697707,18.2428924743543,18.9164261878957,28.1059368760384,23725.6751337927,22870.676591095,-1498.34234013133,0
787,512,9.37029403421581,2609.02051546506,24.0924407579059,17.8352976780041,18.4723385738405,27.4720679732902,21943.5993217535,16360.1286035971,-1342.21607097624,0
788,513,8.88136663216843,3074.34179146506,24.0924407579059,15.8987378836767,16.4092753273297,24.4733544034875,21921.0430906517,16317.5648547856,-1247.94472244543,0
789,514,9.02316935488045,2900.63223448827,24.0367852697787,16.5477684320046,17.099136801826,25.4779302525584,21909.9470193291,16309.6050479033,-1274.59493921235,0
791,515,9.00546665789798,4054.29371219069,25.6988980367254,13.3128224437976,13.68171257627,20.4766371192188,32902.7030439605,15164.0964362502,-1242.30381912292,0
792,516,7.10104131139729,2770.86217221636,25.2230858694503,17.2554027973309,17.8661843826059,26.5773163829553,22997.2683861765,21350.377968826,1202.51760165738,0
792,517,8.89885205448561,2834.91573937295,24.1703085312369,16.8336667468084,17.4050515040142,25.9210056308331,21972.9123044811,16331.9228060729,-1297.29320567934,0
792,518,9.15941896209099,4816.88902817618,25.7193313350064,11.8635668270087,12.152640788658,18.2365794387888,25426.8874597203,18653.1873088338,-1480.85285710029,0
793,519,7.16666671310797,3122.92575621636,25.2230858694503,15.8675197188341,16.3873736526403,24.4281416350648,22996.2545965385,21316.4753626624,1181.80470862679,0
793,520,9.06174687817877,5145.0231723606,25.7501264854918,11.3603334835376,11.6233924774274,17.4592170851042,25437.2200451953,18696.9859569542,-1472.59195456018,0
794,521,8.09751507787468,5761.6190163606,25.7501264854918,10.5495069669671,10.7721365114253,16.2071109340427,25428.1306691357,18733.1787715367,-1322.42549652949,0
794,522,8.8496270170515,3191.91314737295,24.1703085312369,15.5007972707627,15.9872106330818,23.8576686396578,21918.5740956058,16352.9424371894,-1294.84703758758,0
795,523,7.68739522686963,6077.3176743606,25.7501264854918,10.190877805983,10.3963695184377,15.6535072475722,25400.3555487298,18744.3939073115,-1307.77687539423,0
795,524,9.06864963601734,6524.12680684911,25.8337662388829,9.7401663271497,9.92521282605086,14.9580597805029,26670.3474912998,19119.6164778405,-928.027140092307,0
796,525,8.24210940872639,6107.1849303606,25.7501264854918,10.1586371323295,10.36261120842,15.6037447268241,25349.2050956472,18767.7920884158,-1297.24105754743,0
796,526,9.26965684039624,6249.64295362681,25.8126836509444,10.0120941409322,10.2095440808602,15.3776632605378,26706.5569489156,19075.1523732376,-1070.5221605716,0
797,527,7.40355141808052,6544.74062417618,25.7193313350064,9.71435814773378,9.89766107538117,14.9180792636069,25391.3744653911,18748.0372455417,-1292.56183688399,0
797,528,7.086290335804,4468.46144756762,25.176482457036,12.4271586100061,12.742721790865,19.1064477255311,22496.6942922918,19572.8454783708,1073.31749755,0
797,529,9.75980870166195,4851.62410596015,25.4822625850477,11.789492344338,12.0731033501678,18.1217032282926,33782.0730616533,15478.4635455087,-1047.03784675049,0
797,530,9.49895647382908,7121.41319655556,25.8507608966711,9.21073851833746,9.37231837950122,14.1413027392998,26686.7622956059,19086.5543389523,-1013.46189280822,0
798,531,7.28203801029268,3772.59402956762,25.176482457036,13.9280532897146,14.3284899943421,21.4269283180608,22482.665255487,19548.159733307,1059.94026707093,0
798,532,7.67281622804122,5587.3933563606,25.7501264854918,10.7625982500231,10.9956302211024,16.5361128270122,25382.2679369589,18746.5428127663,-1318.19620606335,0
798,533,8.98866989054246,5939.40993255556,25.8507608966711,10.3494045310995,10.5629618501147,15.898355182779,26665.2262247785,19068.9902246525,-1005.62814969639,0
799,534,7.52128509574432,5030.36502017618,25.7193313350064,11.5281335679873,11.7996463078368,17.7183630790409,25369.1077929642,18736.6531383998,-1251.78313849829,0
799,535,7.34581973782862,3303.70454156762,25.176482457036,15.25478092351,15.735536093633,23.4795865915878,22486.7872610087,19574.2363279347,1139.28926655884,0
799,536,10.1425312143122,3939.40832156954,25.5686129660808,13.5622508828215,13.9445130370595,20.8620671938931,33794.3771980674,15497.3201511192,-1094.97302802922,0
800,537,7.1117401576061,3501.00031873953,25.2112325795844,14.6612351785312,15.1057828995218,22.5612019670544,22468.1855404709,19583.036926036,1087.16824839499,0
800,538,7.25431204186869,5267.75210047084,25.8361485268713,11.1914784405088,11.446452192268,17.198558061052,25360.599530485,18769.5899495834,-1242.70921573591,0
800,539,9.9271228268018,4341.64195905163,25.4902420461225,12.6951829124577,13.0276982671517,19.5213268897366,33785.056842733,15466.369654096,-1079.67561377013,0
800,540,9.30350225542352,5224.69588802312,25.95017575212,11.2598050625102,11.518949486741,17.3042811010325,26643.3549385838,19070.5428051156,-1092.66306106916,0
801,541,7.12392262961653,3451.26561073953,25.2112325795844,14.8060430008353,15.2594180289685,22.7852593365149,22491.8554019764,19567.0238366021,1142.6781479136,0
801,542,7.72805718452988,5195.88126247084,25.8361485268713,11.2929902552029,11.553133209258,17.3553455538986,25349.7446307615,18757.4435554011,-1311.67834841639,0
801,543,10.4118949798588,4744.89396705163,25.4902420461225,11.9651639683069,12.2580986658694,18.3931359826828,33779.080952282,15485.4552228146,-1049.02242257026,0
802,544,7.83323164964392,6931.12084780191,25.8209652809539,9.3695579577474,9.53794663917205,14.3862525230344,25569.9559922357,18624.3652072217,1204.39495366771,0
802,545,10.3188438438464,4141.27541727811,25.579607405195,13.1127139087289,13.4692833617309,20.1669795207495,33751.6982043624,15480.5099039562,-1085.4868897429,0
803,546,8.62220962026228,6187.63899974257,25.8492112138176,10.0787747588745,10.279525966643,15.480627803224,25596.9683321498,18803.6952348048,-1329.92795410817,0
803,547,10.2753767193736,4766.43937527811,25.579607405195,11.9360798340006,12.2280692508166,18.3483627966743,33770.9823507634,15471.7568556593,-1057.35419626062,0
804,548,8.40753126311842,5001.79752342892,25.8736211538432,11.5826595850388,11.8579822892001,17.8028649702236,25593.4359153376,18932.3523438932,-1522.0086365138,0
804,549,10.3091385280773,4466.09283927811,25.579607405195,12.4647120254133,12.7851834962425,19.1652760134737,33748.525256112,15477.348876147,-1107.08724548154,0
805,550,8.61858756420181,5190.78060342892,25.8736211538432,11.302875511601,11.5637536505464,17.3706775725927,25581.503734979,18921.7645015465,-1475.06233994063,0
805,551,10.3133407805593,4816.04192727811,25.579607405195,11.8544310004253,12.1421010409267,18.2222099233615,33756.3888038555,15462.8785080356,-1089.47857103031,0
805,552,8.51640237497561,2239.89020605564,25.3265855454937,20.1117536115623,20.9241208650898,31.0044473324106,28478.7832996492,15671.8659483509,-1428.10991612426,0
806,553,8.66618585135549,3824.25616447084,25.8361485268713,13.8643423602638,14.2664215214419,21.3298727530493,25450.617688374,18696.5243723005,-1459.6564564568,0
806,554,10.2932371863905,4493.00861127811,25.579607405195,12.4147779078308,12.7325212383356,19.0881007976608,33792.5306036804,15442.7303639298,-1111.99186918076,0
807,555,10.332481207575,6607.04206527811,25.579607405195,9.64813968897936,9.82775740730016,14.8157155449024,33774.6337511064,15495.3964935203,-1092.7139063516,0
807,556,8.43013920672461,3657.07882447084,25.8361485268713,14.2941290131428,14.721848655517,21.9947171159688,25421.6660055763,18713.8993891269,-1461.48181194775,0
808,557,8.23581911816275,4495.65269647084,25.8361485268713,12.4307440952444,12.7511575955565,19.1132730805147,25439.7207739976,18709.586316585,-1420.44267789175,0
808,558,9.8289019433446,4955.79291705163,25.4902420461225,11.6256802341552,11.9007892711169,17.8686476402731,33816.4007058538,15512.3529300814,-1061.78923749538,0
809,559,8.39549947752484,4457.27643974257,25.8492112138176,12.5032981983878,12.8277878083717,19.2254392911497,25486.3056680737,18723.4724560035,-1426.67337306982,0
816,560,7.74194693442863,4283.19032065449,25.3748485497297,12.8011815025515,13.13873276469,19.6849435699067,26172.6880922723,22899.131446341,-1527.35441445399,0
816,561,7.69996828987315,2904.19747082897,25.6965172525071,16.7568027718895,17.3393165926933,25.8064319526656,24706.3943899463,19371.0628606431,1220.6552895659,0
817,562,7.58807414981217,2250.15551163562,25.6846717750844,20.1088451314476,20.9256025583689,31.0012065900312,24760.76211783,19353.7966215035,1248.52661285225,0
817,563,10.7591093976777,2773.23345202775,24.6035757061188,17.1572716282002,17.7547289212738,26.4234583381598,28729.9262192656,14284.8751581891,-1027.30573331483,0
818,564,9.41434682617185,3611.78021439445,25.3060861081736,14.3615746332319,14.7888501032822,22.0978188836438,30269.0960142675,14895.0607630157,-1090.14074182908,0
818,565,8.81373469876819,1991.99867902787,26.2872745344842,22.1083227460795,23.0834586615826,34.1050356666417,29749.9002926003,19013.5121188883,-1391.28366489855,0
819,566,9.25988879143871,3007.56704092152,25.2690762288987,16.2955202448752,16.8433955772936,25.0909067534467,30202.6016010042,14923.7572129207,-1353.55339574227,0
819,567,9.24841915295346,2297.8917688354,26.3405042839688,19.917940529502,20.7289375751053,30.7074444185859,29803.3715379082,18953.622537921,-1400.49902320905,0
820,568,7.37672992646033,1504.29252481802,25.5064828479909,27.1034260898098,28.4678118302325,41.8573838749077,24732.5161134319,19356.7209462104,1196.94248703297,0
820,569,9.09570972905175,2322.18399295538,26.07589542309,19.7213656046466,20.5147364903174,30.4017319724957,29784.4788713283,19005.9025723074,-1446.4808614441,0
821,570,7.40980421708105,1176.14917681802,25.5064828479909,32.8157982150323,34.67298157117,50.7363596066156,24739.1239063642,19366.9508020194,1165.63498620201,0
822,571,7.50711212059557,1407.09178681802,25.5064828479909,28.530498123496,30.0149551700791,44.0746721874171,24758.2895959829,19359.1442964038,1209.62455510851,0
823,572,7.38206339350528,1300.4172193739,25.4945554844638,30.3253018290138,31.9635598714094,46.8641143660873,24765.4639702173,19340.2920417743,1222.52648361607,0
824,573,7.16975239944138,1046.32793281802,25.5064828479909,36.0155858955976,38.1610242018118,55.713431393182,24706.5103845221,19353.5332622983,1203.51296835525,0
825,574,7.20002548206842,899.018044818016,25.5064828479909,40.7199361080571,43.3013478914271,63.0342915924895,24735.9369780312,19346.5430141154,1191.55267176309,0
829,575,7.7002309355789,2364.40782481802,25.5064828479909,19.3702736210837,20.1312617831103,29.8554678169342,24740.9434829767,19394.7410548238,1175.83636106363,0
829,576,7.31595913062009,2229.84913403406,25.5636080918962,20.2201008496209,21.0434585404929,31.173300196302,25953.5688892546,21264.2096895322,1212.340093142,0
829,577,10.3636934655431,3351.30205472951,24.8956852016967,15.0728155369036,15.5396875029128,23.197267681511,27587.2832759984,25360.7678458679,-1025.67831953774,0
830,578,7.54858784210081,2680.23677419124,25.4927801708638,17.7057096744141,18.3499416052202,27.2757169000479,25950.6809854493,21246.351601196,1269.36231829964,0
831,579,7.79345186125881,2527.11202219125,25.4927801708638,18.4638395029535,19.1604685759872,28.4504549467735,25927.600732333,21250.5514592426,1238.25203004495,0
831,580,7.83443502583507,1862.94401951945,25.4554492460035,23.0547664539603,24.0912986122539,35.5704794301953,24752.845843291,19371.5964582146,1263.49540466088,0
834,581,7.94171524179551,3088.11424219124,25.4927801708638,16.0254622988297,16.5580925083428,24.6733889094416,25955.8578766328,21230.1139834138,1253.22999940988,0
835,582,6.90258486744214,5169.60103491541,25.4995116683384,11.3073227229377,11.5661193040949,17.3769091316202,25032.722978346,19517.3330670176,1134.33883106019,0
836,583,7.11479604572274,5139.29325891541,25.4995116683384,11.3511169387872,11.6121455498172,17.4445509035953,25026.9651135148,19526.9261745426,1249.09567321724,0
837,584,7.18386038050954,3259.01854617975,25.4953041877883,15.4365172923439,15.9316363310274,23.7616872685124,25043.1885856354,20751.4285475156,1250.00271883424,0
838,585,7.31213631286801,4025.11353421615,25.3142407026855,13.3425463093465,13.7101605037041,20.5217770514798,23871.0422525062,19880.7878825317,958.978358902054,0
838,586,7.23487133459513,3751.47957917466,25.4834366630086,14.0120673630234,14.4200007107516,21.5575758511058,25091.5761677221,20779.3894313301,1255.73530579733,0
839,587,6.89059447648027,4501.51388821615,25.3142407026855,12.3774975026,12.6913434651882,19.0299691699762,23861.5816070315,19875.4063640587,1017.03375866352,0
839,588,7.36462885311164,4240.41272717466,25.4834366630086,12.8971816920558,13.2408907552679,19.8335672799729,25061.4335497027,20796.6784492171,1162.71584063241,0
840,589,6.77248315908836,4747.74346948277,25.2967349395973,11.9455393010684,12.2361342091147,18.3624553892062,23867.6723222379,19844.8054666907,1016.18947523695,0
840,590,7.12674504427874,4402.31226008741,25.3938594249883,12.5697065742531,12.8946083190733,19.32718910035,25057.1029590793,20794.7177157562,1201.910659457,0
841,591,6.77121649364696,4596.62308348277,25.2967349395973,12.2049141650018,12.5093250906647,18.7632326824551,23883.314119706,19842.8201151596,1015.19646505781,0
841,592,7.16579926641337,4508.85606108284,25.4047129838127,12.3714180175863,12.6855717519842,19.0207495975092,25040.8613513211,20766.9898964921,1182.32305319814,0
841,593,9.58496363518021,3281.27489566125,21.8515349065822,14.9287769417812,15.3573431621529,22.9662655557577,29747.7835001786,8484.29465177656,-1216.04024438484,0
842,594,6.6585140921718,4449.55012685942,25.2670326561009,12.4698699571438,12.7884024083838,19.1726352428477,23890.8824039951,19862.2347056869,975.726929379475,0
843,595,6.52067005250924,4974.80414885942,25.2670326561009,11.5800616448627,11.8513668638038,17.7977799260065,23879.3029844933,19931.0693079975,1063.18662840431,0
844,596,8.02896664536928,2202.45636838444,22.7226819826319,19.8743145588812,20.634468798236,30.6266603420016,25204.1586845822,10784.0943154682,-1476.82153895655,0
845,597,10.6731972307109,3686.71964164562,24.7343792246714,14.10283447138,14.5098245656638,21.6962330073741,26089.1488907517,25373.8352739346,-1035.18244193281,0
846,598,10.2940438132473,3609.93700564562,24.7343792246714,14.3065636013185,14.7256051524408,22.0113569231853,26112.1921636769,25368.1382053412,-1024.50424086473,0
846,599,8.24253644827035,2114.83694038444,22.7226819826319,20.4631414661104,21.2651410350585,31.539378515763,25208.6613282908,10747.4524386498,-1408.78119074274,0
847,600,10.2238163513024,3516.04016764562,24.7343792246714,14.5665631819915,15.0011495050257,22.4135639469211,26081.082535145,25388.5821001197,-1072.5549391781,0
848,601,10.4727530162735,3291.61725364562,24.7343792246714,15.2419254809198,15.7177307832422,23.4585480967043,26078.5071917053,25368.5157214177,-1098.12433149809,0
849,602,10.4937537226073,4146.20402764562,24.7343792246714,13.0263950232337,13.371659446622,20.031753713236,26095.7177518997,25390.1183483156,-1040.15266311824,0
849,603,9.25387787836455,1864.77979245666,25.1760816827131,22.9761750576207,24.0024007862545,35.4473520901914,26203.2832092782,17968.7595034894,-1115.39970057494,0
851,604,10.5959528450844,3420.52332767746,24.6969703966339,14.8400249652217,15.2908147127828,22.8365558560281,26074.6652717712,25372.1927259119,-1013.32748612174,0
852,605,10.3924277490001,3322.39749767745,24.6969703966339,15.1400940930868,15.6092571186171,23.3008673545649,26098.2862501179,25379.3714612073,-1059.93955963885,0
852,606,8.94546129286063,1895.29729821696,24.4821191592138,22.5496397816007,23.5324998589992,34.7825839708317,26243.2488435254,17192.5483646816,-1275.44464800146,0
853,607,8.87536208449015,2122.89195621696,24.4821191592138,20.7511592989958,21.5990619305987,31.9928376144802,26254.0871645123,17188.6662233952,-1315.96575705509,0
853,608,10.431060086527,3590.81265267321,24.7209896446908,14.3571045016578,14.7790361116455,22.0895050387107,26085.3275097271,25374.2672595572,-1043.39446862531,0
854,609,10.1060719877227,3389.48869367745,24.6969703966339,14.9332310022455,15.3897025776243,22.9807711559582,26078.7862305216,25374.2078196274,-1024.81613614075,0
854,610,8.88999774437664,1866.79565421696,24.4821191592138,22.8035668218519,23.8059050554655,35.1765860476048,26241.3169946367,17149.8051565085,-1307.72535519306,0
855,611,8.94618137274201,1913.90926821696,24.4821191592138,22.3876366035949,23.3581225875208,34.5312289613041,26287.3792799144,17156.4609744413,-1308.07795973884,0
855,612,10.5540660844122,3284.05023167745,24.6969703966339,15.2617587214792,15.7384378308598,23.4891432009557,26062.5685856526,25376.2117397172,-1019.89571705312,0
857,613,9.70003170367875,2224.92769095931,24.7279789938122,20.101254300942,20.9050275873702,30.9860088821277,26012.2939929822,25042.849912954,-1123.85208144404,0
858,614,9.85878898485232,2143.24985054597,24.5210121860239,20.6150639209201,21.4535123697581,31.7819406153528,22827.7661112162,23354.697698915,-1188.49718154964,0
859,615,9.50227332299111,2732.11614159998,24.5838488374485,17.3359547620576,17.9450949636275,26.7001475859554,22834.8045274918,23320.5732927033,-1188.09104935293,0
861,616,9.9303663505419,2451.90488162389,24.4786584335136,18.7031020271304,19.4042950441686,28.8178986099747,22804.6493160343,23320.3137060937,-1204.76722853285,0
867,617,8.73836656410574,2085.91221642948,24.7417782306591,21.0695015708357,21.9445312337764,32.4875321941917,30645.2588054329,18795.7093772181,-1313.46009881431,0
868,618,9.04021325669799,1565.48188842948,24.7417782306591,26.0846643928849,27.3516322457616,40.2712706644122,30643.0638242953,18787.6229265214,-1471.51605195315,0
869,619,8.75329028885728,1927.78756242948,24.7417782306591,22.3245306880312,23.2940826948242,34.4343902518997,30641.688949411,18787.8924173683,-1450.74503696515,0
876,620,9.57458690689684,1868.1229849126,23.6726487079873,22.609870505562,23.5848331901847,34.8725842919059,21127.7009263242,18877.685673873,-1268.71473068866,0
878,621,8.85363094711906,2956.934852252,24.4598871675115,16.3837088862611,16.9289766439578,25.2251597311672,22466.9093321547,22225.6628586283,-1460.79427336291,0
879,622,9.20243398792095,3024.026048252,24.4598871675115,16.1295047354253,16.6584502940528,24.8316091748126,22460.2579566091,22303.3678539515,-1429.31782857751,0
880,623,8.64287106922253,2986.52292090845,24.4533421734951,16.2694632670373,16.8073084134953,25.0482644360314,22481.6485147588,22314.1211590972,-1444.85802382941,0
880,624,9.05432788805525,1924.58868460556,23.6128748484543,22.1072910577551,23.0433384388033,34.0926662859675,21111.4172753782,18936.0728442986,-1207.61336904109,0
881,625,8.63852478873484,2536.50971490845,24.4533421734951,18.2522224092881,18.9219298785244,28.1191620337449,22464.094962966,22319.2116309085,-1387.98833096457,0
882,626,8.35521537998811,2913.62213105646,24.4877188748754,16.5572186508258,17.114010362504,25.4938873718122,22465.7997929649,22309.4139068068,-1418.53521646033,0
883,627,8.80110396366706,2854.65061626121,24.4538269040332,16.791294472041,17.3629866556686,25.8562402821818,22462.4599848825,22322.7890823815,-1437.16563212296,0
884,628,9.15213183318929,2708.93451305645,24.4877188748754,17.4264411061281,18.0405529694552,26.8400047036054,22487.3712967638,22325.2302499959,-1415.70715276062,0
886,629,8.73480283678677,3336.19094105645,24.4877188748754,15.0727858240866,15.535846414718,23.1961722694446,22509.9274065048,22320.4910317719,-1362.14709201236,0
887,630,8.63099588303961,2920.73652905645,24.4877188748754,16.5290097832437,17.083970427989,25.4502098725681,22492.2541127312,22319.4201229504,-1436.87918730137,0
888,631,9.16773752532095,2116.98576305645,24.4877188748754,20.7943584591319,21.6455159801158,32.0598502308668,22467.3014838346,22305.641965201,-1375.09285806783,0
889,632,8.45123022635635,3096.50400905646,24.4877188748754,15.8696659614421,16.382368447754,24.4294566815459,22480.1224358781,22309.7746575881,-1415.26206280154,0
890,633,8.70562536042324,3066.28087935483,24.3733123352222,15.9635773650569,16.4810749740872,24.57450715267,22446.3924561922,22314.7190754355,-1390.31547027535,0
891,634,8.92468276022772,3449.26204500241,24.3784268686056,14.7196045903585,15.1601866013297,22.649442614749,22463.7173947284,22318.7517295772,-1481.86874846659,0
891,635,9.26512068315531,2820.25004694052,23.5201565113372,16.8031686173213,17.3653854260021,25.8718036927897,21179.8659986744,18881.3624418547,-1245.35225991315,0
892,636,9.15911250281464,4023.61661557397,23.5377429329498,13.1792416119241,13.5235038871193,20.2654048884904,21277.9238845224,18858.495449489,-1205.14171309219,0
892,637,8.4050801333547,3498.25966550068,24.4041506358504,14.5810459837878,15.0135360414101,22.4351520097878,22492.8690084629,22323.8519630484,-1394.47926152644,0
893,638,9.24960135330867,5408.74055929897,23.571480451278,10.8473123295243,11.0713904334701,16.6632900506436,21252.5012789329,18886.7127376708,-1303.91730134373,0
894,639,9.11219266119987,5916.50593729897,23.571480451278,10.23699382978,10.4325455172496,15.7213371210202,21254.6433689116,18877.1238422617,-1271.39074754535,0
895,640,9.14395794175928,5010.35629729897,23.571480451278,11.4013762662073,11.6524754310072,17.5187287673801,21259.7248858099,18873.8497337811,-1274.18798112227,0
896,641,9.52074189018729,5423.71823929897,23.571480451278,10.8278814714523,11.0510310872928,16.6332953083483,21274.1788943328,18878.4296083609,-1281.2605682826,0
897,642,9.24702206159052,5435.78848729897,23.571480451278,10.8122908773491,11.0346964600307,16.6092289089815,21255.138484489,18875.8278330454,-1268.92094547083,0
898,643,9.20373500312217,6471.20872129897,23.571480451278,9.66692887406064,9.83705990329849,14.8418463564484,21243.7433959947,18882.7427251106,-1234.78090353772,0
898,644,9.12778130121633,5261.61912943002,23.0572351698177,11.0069456477241,11.2353924364528,16.9088096141986,21237.9787322249,18880.8826702737,-1236.13250755034,0
899,645,9.1220125599813,6318.28529557397,23.5377429329498,9.8134282152817,9.98979279955001,15.0677816099259,21266.4877757482,18869.8405457392,-1252.22269140593,0
922,646,8.62861277184272,4384.75110260802,24.8115701026299,12.55426883389,12.8741036273186,19.3021644939189,27730.688521294,23628.0084206188,-1451.12488389095,0
923,647,8.71046054295259,4785.42606860802,24.8115701026299,11.8460130321736,12.1281076574214,18.2077877362218,27738.4567177615,23595.2689962465,-1421.19928418872,0
924,648,8.44842664679078,4534.88031860802,24.8115701026299,12.2758762223846,12.580687293581,18.8719483266126,27725.1675391772,23616.2420110047,-1402.0923235478,0
925,649,8.52702115623156,4361.38151660802,24.8115701026299,12.5991359432815,12.9214145662913,19.3715063953421,27745.5858330033,23611.9726189041,-1407.41832853804,0
926,650,8.56556250869786,4138.45637060802,24.8115701026299,13.04974342378,13.3969064361169,20.0680113392478,27743.0028640503,23614.1037427658,-1355.30489019952,0
927,651,8.59211112164983,4137.61938260802,24.8115701026299,13.0515167586791,13.3987789115598,20.0707527180148,27729.3491172813,23606.9321959632,-1417.69152097009,0
928,652,8.88449807772499,4035.90331460802,24.8115701026299,13.2719090979582,13.631565248795,20.4114746974294,27742.9301648208,23560.2220832732,-1304.67990319747,0
930,653,8.39761612382095,4312.77506800374,24.8073535870901,12.6934772329369,13.0208833432504,19.5173072980232,27164.4563424813,23884.5392552902,-1446.08621315326,0
937,654,6.33678880220802,5964.57381172313,24.5873238415846,10.2456705425012,10.4473821829702,15.7363199932495,29829.0065743809,22271.6201058789,255.227674564588,0
937,655,6.9358469035168,6429.19570235592,24.4180269675376,9.7544765973232,9.93292717265222,14.9781362221351,31434.8524566923,22857.6665369038,157.198431990874,0
948,656,6.78963663916866,4627.27271990535,23.9775543155922,12.0456194517719,12.3323355448198,18.5145542567801,22742.461786868,20150.2809569434,1140.04457212635,0
949,657,7.19030608641607,2866.58035790535,23.9775543155922,16.6766557364261,17.2357208083386,25.6773098784949,22755.1435414592,20152.195509699,1122.66082024416,0
950,658,6.92431064659109,3250.10388485613,23.8201950170085,15.2668124786786,15.7353541404575,23.494636252065,22758.9027208222,20153.4710422359,1169.72339446684,0
951,659,7.24469264342403,2906.14586885613,23.8201950170085,16.4963261759562,17.0420471700004,25.3976433487235,22760.146972227,20154.9637019293,1144.97875579076,0
952,660,7.15961850307417,3020.43878285613,23.8201950170085,16.0596291154818,16.5775136375937,24.7216192107379,22766.497895575,20154.4989477437,1141.2226893333,0
953,661,7.10539671446497,2497.7087443385,23.8009707292159,18.3484343052043,19.0168269264016,28.2660502197242,22776.902653822,20133.7239905841,1145.56538778834,0
954,662,7.05777069749246,2506.44004685613,23.8201950170085,18.3061270766806,18.9718653648846,28.2005686142842,22768.2396505912,20135.1791258856,1078.06866939095,0
955,663,7.4686740875332,2519.30323085613,23.8201950170085,18.2397356341871,18.9009449341364,28.097710165126,22776.8998249757,20157.8948672344,1166.5259099445,0
960,664,10.6913934169612,4043.69041140124,22.8116841236629,13.0662971431855,13.3984045846079,20.0891941285825,33078.2467010659,12318.2254652094,-1011.1006834176,0
962,665,8.97316093891361,2336.82855330438,24.9789209790297,19.444803655449,20.2045534701409,29.9691927919901,26865.7066821762,23616.0284063653,-1219.32831211109,0
964,666,8.6182063203131,2250.99815730867,24.9830763129334,19.978304673284,20.7765093608729,30.7963026436706,28087.2134000577,23730.3761495898,-1296.38880863632,0
976,667,9.18096995143783,2365.03976871815,22.9309513024164,18.9251708751416,19.6220322982449,29.1565769667036,21313.7371477521,18432.2336469081,-1230.18909955251,0
983,668,9.00452154680584,3894.73398500933,24.7277632481106,13.586685898712,13.9636087227248,20.8979927197897,26509.7773171469,25031.5041892834,-1135.63135636514,0
984,669,9.0685434309805,4277.98780339551,24.0696796124188,12.697839657277,13.0199346852797,19.5225188920046,31052.1609068836,17188.8945650263,-1274.42885220179,0
984,670,9.11547231587164,3881.80472300933,24.7277632481106,13.6172779843264,13.995958455086,20.9452976572397,26514.9490175681,25011.8044563759,-1144.48866259098,0
984,671,4.09612887456722,3461.81369957358,23.9657875263396,14.6370353548062,15.0688717229939,22.5206624663774,31955.3083381601,17176.2386380779,697.290784520086,0
985,672,9.22208583388121,4473.79894339551,24.0696796124188,12.3253533984957,12.6274542849659,18.9469237891107,31071.1419465358,17214.7205547234,-1270.27626574538,0
985,673,9.34694672790608,3131.88550100933,24.7277632481106,15.7748513250818,16.2839456776345,24.2833507662233,26509.7888060906,25011.456707415,-1170.74942148635,0
985,674,5.55514918424221,3535.03667388619,24.0853751206217,14.4425389800696,14.8638945712265,22.2201019701372,31997.7209412139,16990.6204297589,404.675416064761,0
986,675,9.13283101146569,4328.27316139551,24.0696796124188,12.5993257189538,12.9160910955907,19.3702759906655,31022.3423601708,17193.1748524749,-1287.62317704045,0
986,676,9.56495300887081,3916.01110100933,24.7277632481106,13.5367361571225,13.9107949386364,20.8207563735409,26518.9974743873,25008.9920925764,-1154.26668067583,0
987,677,9.01443828736126,4708.00140139551,24.0696796124188,11.9161574038412,12.1967954284804,18.314739251077,31046.5599481247,17215.5152382439,-1258.95758300982,0
987,678,9.70285873244453,3710.42041700933,24.7277632481106,14.0408055085438,14.444092817703,21.6002786525779,26513.906645939,25040.7287177927,-1123.59226793024,0
988,679,8.78439544950801,6234.95385139551,24.0696796124188,9.92784814448022,10.1121913763827,15.2451034995271,31046.7653820431,17201.5141170396,-1252.61471404467,0
988,680,9.3012677577692,3411.70380500933,24.7277632481106,14.8698180019695,15.3227038268688,22.8827309657661,26481.1355679734,25034.8222636695,-1110.42941028908,0
989,681,9.0569732527849,5827.20853939551,24.0696796124188,10.3687606788517,10.5732576044684,15.9254741524997,31037.2908871854,17209.3957087741,-1282.68168699088,0
990,682,9.44012713928184,5618.88786522779,24.0121765125468,10.6117636218495,10.8273267109083,16.3004390661773,31032.2639151475,17201.3672477982,-1308.53472395735,0
990,683,9.82874322334091,4118.77614544732,23.5734797741059,12.9780595965419,13.3115495002805,19.9545304637111,29696.0266056948,15057.9598167253,-1341.96520550953,0
991,684,9.3373705586997,7389.66813522779,24.0121765125468,8.91014281263081,9.05051808280652,13.6753849514945,30989.0627853738,17220.7562234883,-1270.08878263553,0
992,685,9.55644408571121,6160.16842644734,24.0232048175895,10.0021677367309,10.1896026123533,15.3597014417885,31067.8130816169,17370.3192502928,-1249.36120699824,0
992,686,9.57792823669046,2959.18141236737,24.1003031704235,16.3272639639943,16.8651247645084,25.1367316972034,29779.878841608,21112.1659981759,-1346.35384483466,0
993,687,9.63853378595932,5574.10061844734,24.0232048175895,10.667606679306,10.8858852135904,16.3866551062087,31039.8575546055,17460.7682453871,-1217.10383716493,0
993,688,10.3541964359301,4097.07782146952,23.705016707338,13.0362040270863,13.3739329432626,20.0446880246677,30475.438065361,15129.7754289361,-1101.28373087992,0
994,689,8.89404176233199,7710.11222090159,23.8762267171369,8.66958937287015,8.79963645893524,13.3043694342802,30304.5848819132,16259.0666815896,-1395.90520661655,0
995,690,9.12627735619626,6931.73540690159,23.8762267171369,9.2702649025166,9.42495275733311,14.2304968722297,30315.4137719967,16279.9435820023,-1413.85477229536,0
995,691,8.29036350029334,4539.79806778417,23.9543869575542,12.1967456435168,12.4912099632639,18.7479863790432,29314.5032306816,18266.8010926093,-1458.74812264116,0
996,692,8.74768071413717,5252.00329920397,23.8560885648404,11.0765179294337,11.3134691649749,17.0176372741426,30307.138592515,16266.4168677746,-1308.76326693097,0
997,693,9.81426061323691,2929.47613316287,21.509652046362,16.0861246964823,16.5804303881501,24.7556752927738,24577.4737663961,8947.99897659828,-1169.4010026149,0
999,694,7.02890903277982,2718.58274673183,23.1316283339175,17.1830978836594,17.7655793583038,26.4588601754241,22631.1494298188,18613.0538601065,1213.77122184439,0
1000,695,6.70561457455681,3876.78766141831,23.1035843742077,13.4690715261123,13.8257991503126,20.7124191667178,22645.6690109837,18624.2948921971,1185.04174282608,0
1001,696,11.3701511389523,5176.80857373211,23.7873419400235,11.1762177817126,11.4176109892342,17.1714512005187,30267.23040901,16478.9505468493,-965.590632274908,0
1001,697,4.25633472750537,4256.09743467428,23.9281211296643,12.7288194812065,13.0515119390176,19.5700973988015,31334.6130148419,17001.570082815,-730.696227018837,0
1005,698,8.3402973828423,2834.97184029825,23.9935633352712,16.8087168558075,17.3765375157382,25.8818386163077,23957.7277171113,21586.1853273619,-1513.97711905748,0
1006,699,8.16387417105917,3463.65995829825,23.9935633352712,14.6348094429823,15.0667689488843,22.5172896835658,23937.7432677879,21584.2898633703,-1505.99924810816,0
1030,700,6.65699900190447,2051.85160218197,24.0146929026021,21.1785733592386,22.0513781073446,32.6538491996833,24241.8790903398,20410.2528768383,1172.8933448849,0
1031,701,6.85135348876293,1645.22961618197,24.0146929026021,24.9359199291746,26.0976510157573,38.4840809053925,24208.3673201517,20390.1335892649,1076.00933368122,0
1032,702,6.89731469248884,1428.10008433767,24.0128251334647,27.7555678887641,29.1469230363583,42.8628999092605,24213.150016671,20416.1495864864,1133.33126017712,0
1033,703,6.93733400656398,2246.53941618197,24.0146929026021,19.8318639038642,20.6067542257136,30.5657519455046,24227.7301006057,20404.6632044116,1109.5752505915,0
1034,704,7.01499074078641,1941.43526418197,24.0146929026021,22.0531901912788,22.9912805169852,34.0104307477058,24197.9017208878,20422.7271797462,1058.24836707776,0
1035,705,6.93036551594897,1976.17026618197,24.0146929026021,21.7682543385493,22.6849352428994,33.5684394665724,24204.5638380886,20402.102206073,1045.25131915331,0
1044,706,9.61577631245287,2453.17096366012,23.7246446584558,18.5720481214025,19.2548241066673,28.6122491923152,20933.6124296917,20347.4976216315,-1249.54502391257,0
1045,707,10.0060888490896,2694.09135166012,23.7246446584558,17.3811561817075,17.9835426773605,26.7674673230789,20951.2459666839,20330.0841517133,-1195.24301635436,0
1046,708,8.9591696817301,3288.61714366012,23.7246446584558,15.132344493004,15.5917481831583,23.2863182266952,20927.4030660443,20361.5264344347,-1168.70687726426,0
1047,709,8.76409212328353,3768.87204766012,23.7246446584558,13.7908989864929,14.1711212716331,21.2114453954906,20950.9866865118,20400.8798526507,-1140.34253967936,0
1048,710,8.84878502439113,4751.03341366012,23.7246446584558,11.8177724901044,12.0909305784933,18.1620995847972,20928.7057312904,20360.7326344123,-1207.49634249723,0
1051,711,8.82856455829462,2969.97868773319,23.4815032700245,16.2034215751499,16.7268231806668,24.9432106024512,31085.4523521006,14357.4527010017,-1456.66595039302,0
1051,712,7.2227996207343,2231.89447166809,24.0203738151949,19.9266320427283,20.7083805539474,30.7126825470538,25102.2782398679,20874.4341285079,1130.31608761912,0
1051,713,9.00713038001477,4135.96525009815,23.7017710092346,12.9538153810895,13.2869993254358,19.91734099898,20972.2351717377,20343.9161550013,-1203.45510959274,0
1052,714,9.17994424540142,2858.26281573319,23.4815032700245,16.6414546779541,17.1928065202151,25.6213108555125,31081.1019490882,14358.7530115505,-1342.15962603537,0
1053,715,9.73821947341085,4118.61747176332,23.5642443460439,12.9775382504025,13.3109259135096,19.953704358265,22317.1323910798,19505.0333186918,392.816018850244,0
1056,716,9.35931964287417,2868.48842952588,23.6384746912936,16.6219109140348,17.1737335782163,25.591529144708,21151.7535845824,20047.1080821973,-1212.80123500671,0
1057,717,9.64254719086349,2631.77500752588,23.6384746912936,17.6568393717064,18.2765467050463,27.1941663015292,21143.9679887522,20041.8862000733,-1221.66835935519,0
1058,718,9.42719654307802,2781.95942474351,23.6674298677281,16.9857472109803,17.5614843467585,26.1549608694407,21202.3172142658,20028.1198630507,-1213.75939455396,0
1059,719,9.56559472934961,3221.69736552588,23.6384746912936,15.3371982264138,15.8082612026309,23.6030548547528,21169.1055219469,20016.214557,-1243.20108431282,0
1060,720,9.24052628157218,1984.32007187746,23.960201023876,21.6913103093423,22.601425255904,33.4488678328663,30489.9169314818,20857.5217075971,-1166.03778694027,0
1061,721,9.96096251099254,3049.67650707507,23.4666729219217,15.9068583532299,16.411443235753,24.4841430411897,21208.3605052083,20029.8190402315,-1218.01546290765,0
1068,722,8.1849134808428,4112.02100125128,24.0960384360072,13.0405882662147,13.3816638219015,20.0523209500028,23513.0538688467,22994.1913885715,-1472.51007979265,0
1072,723,7.33170332204304,5163.53242942636,23.9821744998582,11.2088975137194,11.453158439668,17.2222584957989,23818.6607786025,22545.89312087,1234.11034728549,0
1073,724,7.1050189457281,4291.83954305996,23.9782023111108,12.6624650829835,12.9819474445128,19.4676584285055,23486.134903383,22505.535020219,1143.37181891009,0
1077,725,8.05447058531516,2138.90790987435,23.8020004566717,20.5072815725602,21.3279008364682,31.6120667273962,26875.3401117694,21043.0869303221,-1450.27529587002,0
1078,726,7.82379520337456,2612.42285787435,23.8020004566717,17.7742212024766,18.4037217051275,27.3765145344478,26836.0616877449,21029.6948261577,-1507.25693622902,0
1079,727,8.50184881579977,2550.35358987435,23.8020004566717,18.0791267310005,18.7291983230742,27.8488332059168,26854.7324594071,21060.304248802,-1497.3487644132,0
1080,728,8.26669424826731,2922.97729252644,23.8801345612991,16.4381953229781,16.9808282508354,25.3078245640665,26852.4811173314,21031.2279909764,-1402.10314114624,0
1085,729,9.56435429974655,3677.06816629326,21.7596035213036,13.8133732336737,14.1773112501782,21.2413519206041,25986.9081444555,9025.98255081098,-1239.97081678826,0
1086,730,9.52174273353494,4505.94597669233,21.7375055862456,12.0694032478704,12.3407247896146,18.5467041992007,26007.4316007217,9057.15971458969,-1195.82386865984,0
1094,731,8.17547629132839,4599.04232485983,23.9321036374121,12.0907467793919,12.3794936280953,18.5841806340115,27893.8314480607,22775.4430282345,-1465.27102628416,0
1095,732,8.24706218357924,4505.65208485983,23.9321036374121,12.2560409773411,12.5534672881146,18.8395533868808,27916.2953369197,22799.4260397183,-1499.28673846588,0
1098,733,8.08709091752127,3605.51593972948,23.9368508819497,14.233798101136,14.6415189014017,21.8968713041811,27887.776951998,22873.9831179731,1258.31381482201,0
1106,734,9.68184216062373,4175.82818699667,23.9756404105224,12.895955878149,13.2281259114281,19.8285090341294,26778.0791334158,24682.0887017924,-1150.5413869404,0
1121,735,7.41893270039837,2627.52214704324,23.9102433194348,17.718597029729,18.3456409573521,27.2907060983534,25149.6751794351,20566.7779171696,1187.8849766839,0
1122,736,7.53092080064927,2403.71845940673,23.9230412337618,18.8770502638791,19.5834170188624,29.0855481991516,25162.1531149136,20550.8508495488,1177.79746355008,0
1123,737,7.07812406697725,5163.11295723344,24.0516778970428,11.214456876875,11.4594404235999,17.2309665080589,24271.3879132548,22074.1307718843,1064.07441709068,0
1123,738,7.34258194223847,4932.23718140672,23.9230412337618,11.5457659291834,11.8064573894684,17.7423610172291,25152.8451766816,20588.9137784786,1127.63335647609,0
1124,739,6.96925482557468,5634.27112323344,24.0516778970428,10.5955680029129,10.8106001016535,16.2755055799692,24274.7669087853,22081.9489767732,1170.03297460641,0
1124,740,7.22285651792376,5289.01183104324,23.9102433194348,11.0297672493998,11.2647818101494,16.9455521189668,25121.8229224986,20573.1090717406,1187.21567824516,0
1125,741,6.93589440964744,5489.14180923344,24.0516778970428,10.7762416487597,10.9998796924213,16.5543977196706,24273.3235827595,22089.5976221451,1092.46041774888,0
1125,742,7.19732985333804,5482.88468304323,23.9102433194348,10.7747662154933,10.9974698857858,16.5518813827924,25123.3500939722,20600.9831009637,1191.31841672555,0
1126,743,7.19059694992682,6071.72776704324,23.9102433194348,10.088629063623,10.279350790467,15.4929357067077,25042.8865979606,20604.9893195413,1168.66233375874,0
1126,744,7.12406105985002,6532.75571523344,24.0516778970428,9.63537523670438,9.80665549819836,14.7938731398804,24261.8586884739,22094.6081075255,1077.19025473976,0
1126,745,8.1602504048544,5502.53262253398,24.1357112243038,10.764805698823,10.9884061451654,16.5368850838156,24618.5985688457,21328.9479900278,-186.970627659824,0
1127,746,8.12681334502207,6887.17333562501,23.9977682538139,9.31449652877448,9.47166130518622,14.2988769324053,24624.3383119455,21352.9137359538,-181.818159026606,0
1127,747,5.32670513015278,5034.01289488762,24.029425380373,11.4000929883466,11.6541699899377,17.5175872618011,23681.9572916128,22593.8595920741,36.321294525817,0
1128,748,7.29601674672481,3746.00242704324,23.9102433194348,13.8667864969485,14.252960284496,21.3292299249638,25056.0046233511,20584.1112631528,1168.28530503916,0
1129,749,7.23556037618335,3176.12372904324,23.9102433194348,15.5219674131456,16.007116510984,23.8897208955001,25048.4673257903,20601.5941039565,1187.41837910629,0
1130,750,7.39094338392714,2857.62641588866,23.8462504567696,16.6949193684543,17.2537343964634,25.705193178834,25040.8244287747,20622.8947290861,1169.6176663555,0
1132,751,7.16195893975785,2006.55342923285,23.611455026622,21.442772424029,22.3292214018051,33.061960578045,24485.0101584482,20017.5962732484,1204.63594860486,0
1133,752,7.21494757566089,1979.35131923285,23.611455026622,21.65753434933,22.5599250386908,33.3950439249086,24499.7425771777,20020.6884364056,1127.34809845596,0
1134,753,7.58586237749489,2362.28430732424,23.5705321033225,19.0522585248667,19.7662931759453,29.3558134409674,24498.6431964018,19979.6101409945,1159.66121561219,0
1135,754,6.92247485370989,2209.93614878747,23.5933316314209,19.9898083874019,20.7702754102458,30.8090191106367,24505.4423247341,19952.2123642916,1177.5782734478,0
1136,755,7.11410405016011,1850.88463932424,23.5705321033225,22.7415326372419,23.7248990125078,35.076407411034,24515.5267564092,19967.4118585067,1180.92130015744,0
1136,756,9.64505054499817,2356.85513360754,23.9943477519971,19.1569890974048,19.8838191836167,29.519626990724,28876.7557424864,24224.6436666851,-1085.88271078268,0
1137,757,6.67575630134143,1713.79372398112,23.7345868444158,24.1161964964402,25.2084227855999,37.210329631182,24711.7291800387,20420.7678755022,1184.05792352708,0
1138,758,7.07746311012334,2009.33859198112,23.7345868444158,21.4466856338688,22.3352489979443,33.0685328436497,24704.8234499766,20390.3598957009,1150.49273141544,0
1139,759,7.08012466547976,1540.93367598112,23.7345868444158,26.1184231039124,27.3701993216822,40.3187304504052,24681.8515126026,20384.292423127,1178.58899287021,0
1140,760,6.82142323638182,1436.73175916982,23.7153030501083,27.537746657162,28.9053491966533,42.5229623259193,24698.7838403398,20426.001745757,1244.66731682509,0
1144,761,6.92130021416328,2380.17141716982,23.7153030501083,18.9747585782883,19.6852702988125,29.2362307524417,24740.6495543328,20430.515686064,1265.45373109695,0
1147,762,6.98260934421111,1732.80525116982,23.7153030501083,23.914201870051,24.9903174619107,36.8967362067256,24680.4136334571,20403.29387716,1230.18111791617,0
1149,763,7.31100583792176,2128.56841916982,23.7153030501083,20.5625478115112,21.3859585871165,31.6974197885983,24695.8500934281,20400.5531060325,1140.50802230565,0
1150,764,7.73385788881303,1863.21966201845,23.7464921033245,22.6704020333829,23.6511297345413,34.9668166402866,24716.6912070881,20379.2583449506,1217.53346481971,0
1152,765,7.09346901886726,3746.11616780072,22.8555722669296,13.7575269488721,14.1282688326526,21.1577567295405,22391.9227658176,18325.7718026042,1192.83629445957,0
1155,766,9.26871081407721,2414.63416031428,24.0112084366243,18.8308976839928,19.5351693737384,29.0143354075671,25737.4560532814,21809.5834881716,-1288.50568145576,0
1160,767,9.25046786596316,2974.20218878135,22.5291302267945,16.0591121239899,16.5631574372595,24.7170160097753,31266.7242411056,13241.5541633596,-1368.62310845285,0
1161,768,9.22572351840543,3026.91240373741,22.5230792838297,15.8648808021534,16.3568396519735,24.4164192393044,31218.867056925,13256.4612751349,-1367.77413351742,0
1162,769,8.78036856963449,3295.75976278135,22.5291302267945,14.9665903327709,15.4042467745726,23.0266430730544,31215.9696723015,13253.1034715272,-1343.39787697691,0
1163,770,9.22791328440143,3514.25967973741,22.5230792838297,14.3270680662962,14.7272398014245,22.0375382453153,31204.9789654222,13233.7371720051,-1374.40938916824,0
1164,771,8.64261405016506,2882.42352938459,22.8306402394894,16.4534683462641,16.9855889419754,25.328304237534,21912.8472487441,17943.284232129,-1447.49578343547,0
1167,772,8.39259082273245,3334.87234974187,23.6743269141631,14.9821671620848,15.4319841889373,23.0538336743464,29034.0076992761,22444.9367851368,-1465.36138059522,0
1168,773,8.84228972699589,4459.12344174187,23.6743269141631,12.3189179425171,12.6177656355282,18.9361767990746,29034.8868370259,22431.7517542962,-1425.91567534994,0
1168,774,8.44358732331294,3393.48411757435,24.1870206101136,14.8632399305037,15.3107245288515,22.8711753345091,26030.8664899112,23550.6396823919,-1517.37855012456,0
1169,775,8.50239039704946,3664.88848957435,24.1870206101136,14.102992109151,14.5052633173548,21.6951738269129,26017.3636871919,23532.5419712397,-1497.41272872663,0
1170,776,8.19120675089069,3632.47606510116,24.2938843047699,14.1996748763339,14.6085472711222,21.8449638245758,26060.9782546206,23494.29493758,-1401.61033969874,0
1171,777,8.0109463843585,4310.45837110116,24.2938843047699,12.6535363911391,12.9749246268581,19.4545190822878,26059.8774547855,23515.7612250282,-1390.1651352238,0
1171,778,7.40358518713239,4294.02667816687,24.3657389998732,12.6920981690318,13.0161246935181,19.5142645072004,25018.1565834922,23079.1042711647,-538.339445485587,0
1172,779,6.89166172859522,6317.55791083137,24.3644011904524,9.86135897375892,10.0443028654018,15.1429578198402,24986.9513038447,23119.826138506,-553.897872962498,0
1172,780,7.85651385687841,4125.35102791722,24.1860509119774,13.0205921270405,13.3612698580242,20.0216077005524,26698.8685475318,22972.4590797457,32.0709202393181,0
1173,781,8.39340583369661,4254.20396710116,24.2938843047699,12.7649892008941,13.0924478079054,19.6267687917297,26044.8199653362,23510.6948657848,-1423.7527619029,0
1173,782,7.08518583720087,4267.30914016687,24.3657389998732,12.7451108664698,13.0720293262765,19.5961965885427,24993.255980476,23102.3898577794,-520.881564419973,0
1174,783,8.2472933635037,3140.01875710116,24.2938843047699,15.6927757485327,16.1923955108491,24.1551258901191,26067.2674044154,23481.5193017801,-1481.56350364144,0
1175,784,8.32313174410044,4516.7914956924,24.2583211611115,12.2630304101726,12.5631950588947,18.8510061477532,26335.756965919,23290.6528336618,-1399.3645398876,0
1176,785,8.59306066213956,4032.1093656924,24.2583211611115,13.2286355029632,13.5814650063745,20.3433633746686,26326.5446468965,23298.3393114987,-1394.15961755207,0
1177,786,8.55524186769054,3786.1009716924,24.2583211611115,13.8024431222427,14.1878812882038,21.2305511592899,26351.2880656928,23276.1104173694,-1421.07866976799,0
1177,787,9.69045574409835,3229.23733933071,23.0491928935687,15.2405738343418,15.6998714350379,23.4519318594568,32830.114923663,15778.4050733993,-1236.73343167667,0
1178,788,9.89904851334079,3917.90225533071,23.0491928935687,13.3687055497401,13.7193929180869,20.5571461047692,32835.4496569756,15721.1350909729,-1174.77024264255,0
1179,789,10.0442773056272,3524.11701986308,23.030162012326,14.3566007140544,14.7632388983445,22.0845195543428,32866.2588880086,15686.0713833547,-1209.57692354402,0
1180,790,10.1620763821508,3818.73829449881,22.9898655945742,13.5947375867646,13.9575093771464,20.9064143442177,32824.809128407,15732.0886756198,-1217.75776686041,0
1180,791,8.7296629712366,1421.04139817774,24.2326786709354,27.9282409712345,29.3381685285304,43.1323076783118,25368.6359269081,23783.6572792368,-1278.42771275632,0
1189,792,7.28008356343632,2462.63202136189,23.0510944603809,18.4096102943029,19.0727882747922,28.3582423957514,24599.8655412965,17158.9645975209,1164.34010269742,0
1190,793,7.14050783890742,2262.92070984181,23.0162055785663,19.5465473166634,20.2877301293094,30.119792137919,24595.0923724334,17138.873633452,1221.64063182178,0
1191,794,8.51774600621168,3439.47944260553,23.5300292831463,14.6526567840327,15.0813695031601,22.5437100387933,29316.976266702,18116.0363169813,-1447.27640579157,0
1193,795,8.86015999900357,2596.67337964185,23.5339697236605,17.8086642391808,18.4372802416982,27.4289853387154,29351.0965600071,18208.2390035225,-1360.41142000444,0
1194,796,8.95538715237223,3681.11751108698,23.5622985762305,13.9954233915686,14.3859714204605,21.5273113286198,29570.1104738564,18304.5093948512,-1295.4166509074,0
1195,797,8.73734568097173,3574.64382708698,23.5622985762305,14.2767397621976,14.6836084679133,21.9623577210682,29546.2057611537,18294.3208997894,-1326.24734913421,0
1196,798,9.0606481218463,3625.17147108698,23.5622985762305,14.1413907523108,14.5403798228903,21.7530375033012,29595.09618249,18265.0156526223,-1395.47279712508,0
1197,799,8.99520862468877,3363.19422708698,23.5622985762305,14.8826323457189,15.3253830112406,22.89955077059,29552.9655833847,18272.704460392,-1335.99383335417,0
1198,800,9.24063786907045,3623.23318308698,23.5622985762305,14.146520334603,14.5458071146675,21.7609702628219,29580.5977248483,18279.8895679672,-1359.43767686239,0
1199,801,8.69216321583675,3655.23696108698,23.5622985762305,14.0624494175898,14.4568660968665,21.630959393569,29559.457810316,18315.9963844239,-1308.83050750386,0
1200,802,7.72176284240246,3507.88455586116,23.3423908126718,14.4364968307566,14.8507011577031,22.2088839371067,23662.7558494334,18833.2215199289,1157.01428316933,0
1202,803,7.07469871630637,3135.54562398192,23.3179038060691,15.5859268709458,16.0690450054124,23.9870501837187,23719.0188690013,18658.0711595524,1165.5406096689,0
1203,804,7.12979931324142,3858.83541198192,23.3179038060691,13.5325962566477,13.8947034232525,20.8111254197702,23758.6092878495,18628.8548750248,1160.92667515665,0
1204,805,7.05704982754704,3624.32458998192,23.3179038060691,14.1174501859614,14.5128592917036,21.7154103133513,23786.2157243645,18613.5834961477,1137.86942231642,0
1204,806,8.0450317571534,3110.34156497669,24.1898197633257,15.7832656711365,16.2875225060585,24.2948963288093,26720.9484304979,21958.968489325,1268.61835611816,0
1205,807,8.28340958154561,3840.74575097669,24.1898197633257,13.6625153348336,14.0393419999496,21.0140213226268,26737.8140343019,21964.4674476302,-1508.73106620568,0
1206,808,6.9434250917402,2910.6913346885,23.5509785028913,16.4415942408475,16.9808923116912,25.3121080349597,23934.8970913677,19410.3141178393,987.645324387754,0
1207,809,5.67983776970141,5019.70705325953,23.4473796792678,11.3782638081926,11.6273846842685,17.4828095744668,23762.6517424514,19158.2055514651,534.525064486286,0
1208,810,7.96635031964956,4096.62256284847,24.1845843242259,13.0815941764053,13.4256404907777,20.1158986206758,26774.6657361496,21998.6651131514,-1499.34405497106,0
1208,811,5.72441489550701,4678.11890025712,23.4282642477344,11.9149695760208,12.191012193155,18.3116526822811,23745.4871246836,19182.4950331858,593.950455079206,0
1208,812,11.1469765444914,3786.24836319877,23.7282803368022,13.7484898906574,14.126320750783,21.145880087588,32274.7663824185,18872.7173461973,-997.429552273812,0
1209,813,6.86368352647604,2391.9790346885,23.5509785028913,18.8797887171786,19.5815964883398,29.0884832501405,23916.9881480636,19377.9169727839,1103.84780973943,0
1211,814,10.8191491181688,3837.98900268688,23.8582107141569,13.6361407514574,14.0086772567175,20.9724730086268,32284.6404166877,18917.4139023055,-929.345647498573,0
1212,815,11.2977023163334,4242.43747257123,23.8569481615035,12.7497970631757,13.0730792306106,19.6023656407774,32259.3004324573,18891.3179603928,-968.654768179043,0
1231,816,9.46848435179724,2123.42390720555,24.3386137233889,20.7196698946229,21.5632708389337,31.9434577462464,22830.5603954764,23359.164144324,-1205.9034790322,0
1231,817,10.2288297875516,2457.81340929863,24.2435666756829,18.6324989571362,19.3258957397746,28.7076940530883,28733.361310183,22771.3203954484,-1135.5301847662,0
1232,818,9.10967277310115,2011.66398320555,24.3386137233889,21.5533031453272,22.4586536895432,33.2363383559148,22893.1642075851,23347.061238147,-1165.85024628922,0
1233,819,9.37998882913041,1878.12034520555,24.3386137233889,22.669951150476,23.6598330023578,34.9686538593666,22851.2028883293,23358.8843502378,-1235.72752551518,0
1234,820,9.46557695266544,2143.46756720555,24.3386137233889,20.5787099723836,21.411989691716,31.7248766738156,22885.5079908016,23346.9461981551,-1224.98937659134,0
1235,821,9.13533672974748,2317.86943520555,24.3386137233889,19.4478394823517,20.1996331879511,29.9716462108442,22892.0793145165,23354.9946138048,-1186.17163732177,0
1236,822,9.55516709965368,1929.72726320555,24.3386137233889,22.2213553172233,23.177036072033,34.2726555839802,22906.2538033331,23328.5323090121,-1232.51671723728,0
1237,823,8.77102556733966,2203.00384520555,24.3386137233889,20.1740496435032,20.9778987041266,31.097441014013,22906.9351711946,23363.1239528373,-1252.9188917293,0
1238,824,9.28231785278111,2628.10564520555,24.3386137233889,17.7810390258959,18.4172929814193,27.3888093507379,22928.8128066516,23353.3819739328,-1210.21260759698,0
1239,825,9.29200272894296,2358.35322320555,24.3386137233889,19.20749257973,19.942280070536,29.5991142144426,22894.7817869154,23344.5151231962,-1216.05070382908,0
1240,826,8.94547407858914,2346.47867528967,24.2716244982772,19.2656322548709,20.003666182549,29.6889902878924,22932.2637940813,23372.0033372757,-1225.57072631771,0
1240,827,9.99054364770164,3485.82696919981,24.3945715974315,14.6155367837874,15.0500080946865,22.488485352706,31311.5869133487,20913.9854175342,-1046.28341503705,0
1241,828,10.1793874374287,3501.95000119981,24.3945715974315,14.5694880161854,15.0011992568552,22.4172481941228,31323.4629675351,20843.4253203045,-1083.26182574174,0
1258,829,9.40533570527303,3229.30373350335,23.7114930576391,15.3212148730343,15.7920207651136,23.5785218186053,21586.3256935242,22557.207935978,-1207.30862994241,0
1259,830,7.09397435810486,3249.33532370583,23.1602263534871,15.1894240290643,15.6467375202036,23.3731014749129,23803.4592016837,17379.6317048252,1056.63105622359,0
1260,831,6.83044850619455,2897.95722765096,22.9397114613412,16.4073723478413,16.9377873030717,25.2572853416472,23812.3085454644,17375.1438798795,1053.04417521046,0
1261,832,6.95434273142371,3233.39118165096,22.9397114613412,15.2137181070342,15.6702913022666,23.410079116304,23834.5392704516,17389.3743209083,1087.75218705812,0
1261,833,9.02151850543945,5330.85359567706,24.3545069934006,11.0039214950326,11.240456964829,16.9064164531197,30725.192439912,17939.3023575505,-1210.1923141089,0
1262,834,8.89606991420242,5511.31261367706,24.3545069934006,10.7681545445318,10.9932388216175,16.5424204401607,30733.5726812282,17952.7130523237,-1220.07297865637,0
1262,835,7.03849892766441,3218.39147565096,22.9397114613412,15.2622754851833,15.7217829372667,23.4852036169261,23814.9043459037,17406.9796202714,1093.08564791243,0
1262,836,8.92996062976677,4069.50322151005,24.2336807052534,13.1445750665679,13.4925126205076,20.2133622055719,29593.3666009673,21108.0002169803,-1284.1898102571,0
1263,837,8.9256132893168,4677.99349751005,24.2336807052534,11.9796073076711,12.2646901567098,18.4130740856417,29572.9991157303,21122.0640643428,-1230.52915631562,0
1263,838,6.80683326300581,3487.74742965096,22.9397114613412,14.4478821334392,14.8589919144573,22.2254560611586,23789.4069546201,17409.1191295333,1078.4512049706,0
1263,839,9.52101594010423,3894.00290804699,23.9025807700702,13.5079721100303,13.8736149029119,20.774413618758,29064.1618736828,24012.8963120479,-1185.64801712948,0
1264,840,8.7748600339097,4430.31112751005,24.2336807052534,12.4194190875223,12.727737997797,19.0926040787059,29596.2852258544,21139.4232088718,-1269.58336649953,0
1264,841,6.66690398245018,3206.16704565096,22.9397114613412,15.3021517234397,15.7640733645887,23.5468985200297,23822.4799573492,17400.6825502836,1128.47193985172,0
1264,842,9.75069427876507,3974.66212004699,23.9025807700702,13.3229213289827,13.678154447167,20.4883280926603,29079.3083412221,23987.1491974397,-1210.80744211469,0
1265,843,6.9848093456964,2886.98827965096,22.9397114613412,16.4506329740906,16.9837893668631,25.3242500453236,23805.8081661943,17420.6742120792,1113.66672636464,0
1265,844,9.02276348177899,4844.48803151005,24.2336807052534,11.7064686224224,11.9774327337866,17.9911472128169,29596.9089661802,21119.1298050631,-1227.06874183691,0
1265,845,9.76714189449704,5162.65645604699,23.9025807700702,11.2044462991977,11.4479737168607,17.2152434499685,29068.6876235105,23976.9498556812,-1184.49000831871,0
1266,846,8.9598483911901,4307.00957951005,24.2336807052534,12.6550487849619,12.9760655462975,19.4567312845238,29577.5733074222,21129.9721079092,-1342.10172780461,0
1266,847,7.15629692272416,2805.35992365096,22.9397114613412,16.7822030513513,17.3365175350212,25.8375397573597,23834.0097991282,17295.0759640239,1151.1713152788,0
1266,848,9.40549026996079,3899.21029214857,23.918844203971,13.4974116178644,13.8625928482911,20.7581238026932,28962.6036151629,23787.920954755,-1222.75106096907,0
1267,849,7.07299942572059,2268.49418882272,22.907603541366,19.4922600992203,20.228155026066,30.0352496725105,23840.3105571792,17191.9064345456,1128.50722276889,0
1268,850,7.35700189927728,2595.18449413435,22.9397357844767,17.7228247253129,18.3385321469651,27.2940539725315,23876.1393227805,17190.0156713989,1150.06565947719,0
1268,851,8.47110250083881,1851.62186057715,24.1665573799507,22.8704389339798,23.873035383321,35.279002023969,28724.5836784037,20892.9110015854,-1438.71740639869,0
1269,852,7.40913955165733,4162.57600682273,22.907603541366,12.8254245502981,13.1453074699048,19.7171734634858,23858.2742863125,17191.2386552872,1113.79421748347,0
1270,853,6.77613658969578,4761.70789557957,23.1078417568381,11.7516359324497,12.017086731332,18.0587517947253,23833.9249492594,18511.0175729298,1239.7876803944,0
1270,854,7.03150930404559,4750.02222557655,22.8752689955175,11.7520550016661,12.0158704557086,18.0589415402886,23860.080928742,17161.5234200185,1156.05058591384,0
1271,855,6.67826060953003,4499.88483357957,23.1078417568381,12.1972425146371,12.4855083937223,18.7470360065999,23838.7205017506,18515.806200794,1153.3214512486,0
1271,856,6.6941427230433,4333.77487757655,22.8752689955175,12.4839954028936,12.7854767314694,19.1895492906814,23902.6009507424,17180.9490908107,1167.08148075102,0
1272,857,6.87024251476464,5201.74332357957,23.1078417568381,11.0926764313029,11.3255786595724,17.041248360677,23876.6830024227,18522.2349876327,1269.96413678624,0
1272,858,6.55930665642194,5033.51887157655,22.8752689955175,11.3152261043743,11.5573864266178,17.3844098586654,23862.3141576541,17165.1620898516,1187.0607353767,0
1272,859,9.35713870580538,3506.24827278709,24.3820754740733,14.5559073937663,14.9866929749581,22.396208287082,30946.3133159858,16912.1484585247,-1248.24725752131,0
1273,860,6.93211043247724,5291.49927357957,23.1078417568381,10.9701615249895,11.1971734426798,16.8521164749536,23832.8533715345,18521.0161351993,1195.08588442618,0
1273,861,9.37059162880574,4196.98386314364,24.4092888283218,12.8914190359919,13.22669811255,19.822423011663,30911.3798945937,16957.5272777783,-1278.04690896738,0
1273,862,8.75494898897738,3790.93068301963,23.8274903825217,13.7470729765747,14.125671715957,21.1439232128408,23865.7400556833,23338.7388781536,-1266.91809429816,0
1274,863,8.77893821097202,3935.24180849112,23.836540821345,13.4061068063056,13.7654623076718,20.6167779319157,23908.9173721844,23340.8752104536,-1382.1379838274,0
1274,864,6.96234460011107,3222.43760371776,22.88209940988,15.2420330986372,15.6997346548882,23.4537255141895,23877.5926855818,17112.6006097828,1176.51608112224,0
1274,865,10.5334060711381,5363.66725082946,22.0565303546676,10.8005647807961,11.0127475581972,16.5884564038406,24710.3012211532,9014.55532847937,-987.469108706574,0
1274,866,8.85721555030535,5399.27854332687,24.5056234595805,10.9230972298579,11.1566117197816,16.7818834568845,31117.5268578807,17740.2193522613,-1289.91150496612,0
1275,867,8.94578129346549,4549.69167132687,24.5056234595805,12.2243786481644,12.5242662601094,18.7917744083397,31117.6093407893,17768.2436371425,-1210.01538544551,0
1275,868,5.30933143157206,5777.18524871039,22.0922126323195,10.3000174447748,10.4896294963899,15.8161487084073,25757.5946537408,9236.67882172723,900.039034152447,0
1275,869,6.76882163311533,2450.83821557655,22.8752689955175,18.4428634228132,19.1060507803851,28.4091382617462,23878.0553286839,17159.3749877568,1204.29557323637,0
1275,870,9.60779892170046,2533.7485812029,23.4832612427858,18.1120584839042,18.7604781252662,27.8987795842237,30274.1859573805,13553.7185099329,-1284.55836918758,0
1276,871,6.98474087891314,2607.42763171777,22.88209940988,17.6552213044482,18.2657500891148,27.189161771218,23880.4617179187,17102.1638315894,1163.478642094,0
1276,872,8.63330939084263,4560.7634822524,22.1270459783318,12.007252651812,12.2784213975025,18.4515428142412,26092.2004602793,9540.77408251911,-1090.47949310795,0
1276,873,7.89381643156696,2813.94470301436,23.7956125100893,16.8685703103766,17.4381021249853,25.9739145743696,26053.4046777592,20521.1973625572,-1457.17502435903,0
1277,874,7.3953360095755,2985.89380757655,22.8752689955175,16.0623419674213,16.5703564411328,24.7230525449297,23858.8750238985,17121.350655591,1086.60329929881,0
1277,875,8.11466451158908,4077.63659131092,22.1792626572634,12.9333616673071,13.2530507395803,19.8823143975081,26083.6369553367,9602.15223127947,-1090.53314294765,0
1278,876,7.46816175833204,2795.83145357655,22.8752689955175,16.8127273630275,17.3682652525986,25.8845936384814,23868.41805497,17149.5560259291,1166.72591854524,0
1278,877,10.6220864005358,3285.44939019267,23.8309034753467,15.155002613925,15.6168169881525,23.3216601592209,23772.8733484451,23939.7877838139,-961.555783739938,0
1279,878,8.67313180861277,5189.64333449293,22.1829442027287,11.0422806327339,11.2666337668043,16.9617567950188,26118.7369445917,9596.8530023804,-1084.97499735492,0
1280,879,7.24747374374075,2209.96003171697,23.1948659368,19.9149844554841,20.6846239757513,30.6915186937137,25145.3023497539,16569.9843166715,1172.96646631542,0
1281,880,7.36110047374612,2245.68502023966,23.2415388539006,19.6955464555242,20.4502952749012,30.3515702808993,25219.7946994261,16621.8828012431,1076.45586115808,0
1283,881,9.08142982997915,5409.55603761164,22.1669179716985,10.7491833401324,10.959703277596,16.5093595841886,25324.1151019105,9125.53930010592,-1101.84148424033,0
1284,882,11.3278063020837,4861.62490903525,24.7534960765643,11.7187102302012,11.9938043340801,18.011022742984,30916.765391401,17496.4970493383,-960.163299167313,0
1284,883,4.21534514741097,3225.08638650018,24.5246772236592,15.4332705501587,15.9189467721994,23.7541171943972,31940.9254887035,17721.5873256249,715.55248588459,0
1284,884,9.50787363987733,5918.47153098964,22.1743032228305,10.1474585192453,10.3307892028434,15.5809265272993,25426.9102379676,9157.29776558638,-1201.43936976459,0
1285,885,9.52523473447781,2275.77973060745,23.7582921552629,19.6019452799518,20.3570520227791,30.2084145168378,30336.5874807634,13528.7474348115,-1260.81911953133,0
1285,886,9.54435845343028,5152.07686098964,22.1743032228305,11.0936982650862,11.3204317698768,17.0411072887015,25441.7983657088,9183.96674908233,-1090.33740262451,0
1286,887,9.59218110298034,2298.86297860745,23.7582921552629,19.4604254352253,20.2055271165381,29.9890644602994,30306.7465655882,13540.4688122849,-1248.63146170878,0
1287,888,9.40559563494324,2489.55096312743,23.7426855189209,18.381639604146,19.0515835254781,28.3172976359722,30303.072001018,13562.3981599656,-1296.72979769877,0
1288,889,9.31070097625328,2570.86205260745,23.7582921552629,17.9700319690611,18.6121953178517,27.679687309575,30307.6039615677,13527.6831860341,-1318.70867227751,0
1289,890,9.70572819533187,2568.02960112743,23.7426855189209,17.98160109964,18.6243579677196,27.6975571374214,30287.5628819102,13546.0306094702,-1238.30047249857,0
1290,891,9.5056346549474,2543.09089010817,23.9453605758664,18.138435584548,18.7942671215058,27.9411909573382,30298.8158276278,13534.2605483081,-1240.78286434458,0
1291,892,9.28666100958358,2381.75044010817,23.9453605758664,19.0051073468392,19.72068055166,29.2840735020167,30287.4743379459,13542.4373341888,-1349.76894209603,0
1292,893,9.28149924717794,2105.76466010817,23.9453605758664,20.7689628120025,21.6106626814464,32.0183748096422,30340.2388305316,13550.4899153789,-1298.89831431861,0
1293,894,9.59874809149962,2266.15799210817,23.9453605758664,19.6955489588813,20.4597927036467,30.3541908754617,30358.9531946891,13532.0992175896,-1299.75007605587,0
1294,895,9.54947025984929,1930.90024610817,23.9453605758664,22.1264852665062,23.0690538136451,34.1238418508955,30323.0037828409,13547.998731317,-1383.08295482781,0
1295,896,9.73601789600051,2238.99993410817,23.9453605758664,19.8672880962889,20.6437807678378,30.6204094372975,30294.0796254277,13545.1197900435,-1299.21151503355,0
1296,897,9.41783813022759,2550.56251014222,23.9335506549988,18.0988785603394,18.751878296148,27.8798696114369,30279.391539879,13533.8872507648,-1299.72621418463,0
1297,898,9.13521874421628,2857.11557210817,23.9453605758664,16.7107830231409,17.2717099777616,25.7300539019194,30290.0226974088,13549.1261950565,-1330.84320275036,0
1298,899,9.98504648199953,3007.11263210817,23.9453605758664,16.1254195329116,16.6487789216628,24.82381824005,30336.2320995293,13574.3746864178,-1257.4183435633,0
1299,900,9.76866726874726,2692.31704010817,23.9453605758664,17.4220570273891,18.0297016911099,26.8315136207963,30351.9644733458,13577.3296001877,-1237.2915686421,0
1299,901,9.47811943032528,2536.18464613044,24.794081863655,18.3074929958035,18.9850557004436,28.205916663392,31239.1405684789,19604.1059086711,-1195.70768814364,0
1300,902,9.5506008015994,3461.37094596098,24.7550145974347,14.726068072096,15.1704675925251,22.6603865958858,31203.0132780993,19587.2056637736,-1236.4664428623,0
1300,903,9.37092429811593,2783.4585918205,24.1484699601532,17.0482031658489,17.6334146048753,26.2531580909278,30329.8668259752,13559.4586029479,-1252.75281473485,0
1301,904,9.79451756375068,3674.21841271203,24.7274969906251,14.1347705094402,14.5435831205248,21.7456126438273,31216.5635584593,19570.4124892136,-1219.1802665048,0
1302,905,9.85430026910372,3408.59664996098,24.7550145974347,14.8821926121191,15.3360826680993,22.9019467193556,31226.2784961141,19587.1952753603,-1184.65436067079,0
1303,906,9.67533751882603,2873.93752596098,24.7550145974347,16.7534088492575,17.3258446077898,25.798461803928,31194.8698485372,19569.356617326,-1152.00496545661,0
1307,907,9.19490664079087,2491.29800400832,25.0346219369648,18.5806332006962,19.2800178846762,28.6299644458074,30335.5584107755,17740.0700960931,-1189.31880158973,0
1308,908,9.57603978100166,3404.14354800832,25.0346219369648,14.9269871499708,15.3861725852244,22.9719626787049,30375.7845471205,17737.8339983515,-1324.10872873945,0
1309,909,9.03655012272979,3468.93171559437,25.0285900410676,14.7341510211929,15.1815044037682,22.6735711717108,30329.8490970906,17771.1849375348,-1223.72811295487,0
1310,910,8.57531624520483,3571.2968564765,25.2086091433698,14.4625018717461,14.8950034567403,22.253725851187,30357.0539378244,17776.6013176015,-1260.76386773954,0
1311,911,9.39299473900355,3116.5260344765,25.2086091433698,15.8884020458018,16.4094482549447,24.4604300551222,30327.3756510036,17802.3760725365,-1276.42197601586,0
1312,912,8.96948944956478,3002.0569124765,25.2086091433698,16.3086418928833,16.856757703574,25.1110554394973,30341.5860388682,17764.5411785001,-1261.99859998737,0
1313,913,9.10898794508916,3405.4631024765,25.2086091433698,14.9424842739288,15.4042035055154,22.9963787287487,30332.8692373274,17780.9221359677,-1313.39289684388,0
1314,914,9.17523159071214,3226.5899564765,25.2086091433698,15.5099746702272,16.0070148464953,23.8746416202959,30341.5858415307,17775.3846777555,-1278.998203017,0
1315,915,9.15969625930188,3204.3877484765,25.2086091433698,15.5844101227677,16.0861440269887,23.9898565780681,30349.0416324465,17789.4174231443,-1264.94059676704,0
1316,916,9.10436754438822,3446.6296964765,25.2086091433698,14.8194438298395,15.2736150187843,22.8059883745465,30327.2916527959,17796.1041134401,-1238.05185844052,0
1317,917,8.95519022801632,5441.0399444765,25.2086091433698,10.9151866191115,11.1525606445881,16.7708428936682,30318.6566501774,17772.1868553221,-1253.16336632518,0
1317,918,7.09074702821407,5464.34101961914,25.1199698460783,10.8789521161716,11.1140135439969,16.714748517346,29251.1849078521,17265.8090355556,-494.539228650338,0
1318,919,9.58684347533661,5625.90611104932,25.1154501850163,10.674195728278,10.8992442242041,16.3986104433273,29687.8805538474,16332.6905326659,-1231.46530638418,0
1319,920,9.29533236032758,4783.19135104932,25.1154501850163,11.8729640070488,12.1585173883439,18.24998993291,29689.3066086204,16329.3688745506,-1233.94423187301,0
1320,921,9.11262556005993,4041.99517655207,24.7830311348683,13.255782444495,13.614302199572,20.3864799626521,30640.3817556674,15014.9170152214,-1258.59958827876,0
1320,922,9.08870702456156,4993.68111058354,25.0536015772011,11.5356421342384,11.8032803249196,17.7287850518948,29714.3216701928,16364.1293771089,-1237.2910914602,0
1321,923,8.67291502750067,3158.09179655207,24.7830311348683,15.690709983916,16.1950331200256,24.1532597804609,30668.741581985,15001.1828930268,-1359.03961352108,0
1322,924,9.17073550565967,3421.41262655207,24.7830311348683,14.8470152627954,15.2990172450513,22.8475883298949,30686.0701756144,14991.0663974596,-1365.44755328085,0
1323,925,9.52230099227078,4326.8919404861,24.9898599594064,12.6814441039196,13.0095404030467,19.4990812961988,29378.6220401462,16312.1584307693,-1145.30627008766,0
1324,926,9.42232014924657,4691.74062443229,25.0136963834271,12.017823438965,12.3103163048234,18.4736076924245,29326.7043843702,16364.1521130182,-1138.82918607029,0
1325,927,9.68655608832534,4856.16471443229,25.0136963834271,11.7470339053625,12.0253297821422,18.0552549818328,29337.6041488687,16365.865469871,-1102.20180742472,0
1326,928,10.4356845582584,4944.98340628034,23.9336134618435,11.5270308385152,11.786848308374,17.713446291617,33408.2098494065,14272.7416979923,-1085.0336300672,0
1326,929,5.32780552438851,3473.48754289881,23.3308919714887,14.5323140285753,14.9520434239991,22.3570526166289,34490.1096825134,14270.5490312002,644.809838249362,0
1326,930,9.73039447410316,3039.52631243229,25.0136963834271,16.1431070799327,16.678553219078,24.8542177618059,29389.7265319991,16363.1594867298,-1182.88509030376,0
1327,931,10.3136557741508,4063.28262628034,23.9336134618435,13.1300926116976,13.4748336355615,20.1903157266654,33434.46913671,14289.7128222556,-1084.81081627862,0
1327,932,9.52967949162983,3105.0876944861,24.9898599594064,15.9019429875886,16.4216996525119,24.4807990484727,29348.8508862042,16341.0327299132,-1165.78894524506,0
1328,933,9.8505087167398,3022.74250043229,25.0136963834271,16.205595471931,16.74506884297,24.9509643527476,29343.803604803,16359.9142360116,-1139.038840675,0
1329,934,9.786793213832,3201.7157564861,24.9898599594064,15.5671719403148,16.0657194091146,23.9625961803541,29370.0155647813,16341.7069616354,-1199.85498359767,0
1330,935,9.58432184739138,3650.09663597734,24.8512814875313,14.2112094758679,14.625604478326,21.8641391138582,29313.6017711984,16347.5635834094,-1115.57777340403,0
1331,936,6.91173524976267,1316.40952407914,23.0359577084315,29.2175733017451,30.7116752412981,45.1288413860385,24215.8147201262,15708.5934797132,1142.19224752264,0
1331,937,9.64558503568018,2963.94268397734,24.8512814875313,16.4082669872481,16.9591927473189,25.2643038309518,29318.5003515494,16381.3598801658,-1124.78882447657,0
1332,938,7.75739214168265,1674.26308335388,23.011889777028,24.3540012999869,25.4524552719617,37.5759977732647,24278.6225237266,15638.0078647306,1180.29712727335,0
1332,939,9.87112723659225,2733.86296865895,24.8710670395504,17.3695843424516,17.9841696176709,26.7531168644207,29350.5062952908,16357.8291176398,-1145.96247381877,0
1333,940,8.32811096180803,2339.23088607914,23.0359577084315,19.09223025125,19.8020170458404,29.4158189482974,24266.2963717602,15659.6434052552,1040.47600585169,0
1333,941,9.43542676005218,2669.48097065895,24.8710670395504,17.6648083052527,18.2992985554444,27.2104345845208,29319.0574464984,16352.2953763015,-1119.53947134965,0
1334,942,9.76353412988792,2670.85292830167,24.9014470452998,17.6628713028472,18.2975734842022,27.2075284182085,29343.1163024069,16361.1591715686,-1131.54175558698,0
1334,943,7.7248524283104,2118.81384135388,23.011889777028,20.4927650885782,21.3010908056875,31.5864605091291,24280.2929781342,15684.4844960907,1049.36199047139,0
1336,944,7.58680894107455,2215.35666207914,23.0359577084315,19.8502746779844,20.6131209452988,30.5906097354059,24282.216891134,15710.6624625286,1140.52147165182,0
1337,945,7.85247568210934,2270.82525106574,22.9829063159578,19.4917234068964,20.228610207735,30.0347015844403,24218.4067793961,15711.5065626276,1160.25242164616,0
1340,946,8.92931389899113,2576.91519146426,24.8420445578825,18.108433978111,18.7728518475817,27.897639460328,30226.4395218708,16416.5783502679,-1306.7732040295,0
1340,947,7.07055069852893,3640.38424895768,22.7776119723093,14.0172876347983,14.4020567195914,21.5591810424143,23542.7432167828,16369.1617736727,188.040664318209,0
1341,948,9.04070242731474,2854.61899946426,24.8420445578825,16.844831229465,17.4242058130497,25.9402932950027,30195.9878590299,16387.8936479332,-1226.37940272757,0
1342,949,9.11846918913477,2234.05847546426,24.8420445578825,20.0624137570086,20.864873502992,30.9262023722213,30167.8483984643,16361.2870114891,-1346.94159134658,0
1343,950,9.02879205513838,2148.35530946426,24.8420445578825,20.6403686232713,21.4850544911994,31.8223888283207,30154.765294437,16307.7848633195,-1337.24419637762,0
1344,951,8.93935198734877,1941.70737746426,24.8420445578825,22.2277266086015,23.1913748693,34.284605958401,30150.4017150089,16337.6353636216,-1240.97668267343,0
1345,952,8.97263558010631,2291.03027438161,24.827431424618,19.6978486947101,20.4738008039629,30.3609377891525,30172.1054362744,16315.548916474,-1310.40164901525,0
1346,953,9.14927000666538,2513.87677946426,24.8420445578825,18.430766035849,19.1174284724422,28.3970905937388,30182.6119263821,16310.9873697607,-1440.24782237872,0
1347,954,9.15561568060263,2517.22473146426,24.8420445578825,18.4132741990918,19.0987239562459,28.3699855877231,30176.62999937,16327.5622436435,-1378.29590817782,0
1347,955,9.5994157032405,2730.07021563461,24.8222723418577,17.3795834985577,17.9942985685857,26.7684561414036,29327.0050702492,24104.4601584489,-1138.39652264278,0
1348,956,9.23126330796448,1668.36471746426,24.8420445578825,24.8864981016227,26.058231815748,38.4112105417923,30234.5206174774,16300.4511934124,-1363.39651724418,0
1349,957,9.13354136257951,2337.28110790259,24.8502535720788,19.4199790304131,20.1763311402438,29.9302628243454,30284.3061096774,16335.2971831995,-1365.80670807217,0
1350,958,8.74038493031117,1875.17523085821,24.9091476062871,22.8227402484493,23.8330573437511,35.2081335506248,30222.2896476185,16333.5350498816,-1234.56219271586,0
1351,959,7.87051406842519,2525.28359920963,24.8900671137754,18.3789092516197,19.0625476460871,28.3168916907085,28200.3587384388,22141.7837311022,-1397.98086075804,0
1354,960,9.55013425490453,2826.39518743302,24.2706713624714,16.8832602207964,17.4589870070992,25.99810348136,31901.0814878134,12991.4808936217,-1244.98957673811,0
1355,961,9.46148968748455,2799.13205400368,24.2234496481276,16.9917753557273,17.57410571614,26.166002791519,31895.3102791975,12974.4197469565,-1295.81643674891,0
1355,962,8.60847759148428,2438.39398639169,24.6946048785943,18.8126463693635,19.5241369876551,28.988391249564,26913.3530390634,22180.4336633291,-1496.43674981233,0
1356,963,6.16507321672159,3761.6210343489,24.7830418621275,13.9162147243231,14.3126753169333,21.4077138950359,27840.2117748762,21640.3398570822,309.718900262155,0
1356,964,10.8964691101837,2968.29545489705,24.9627518525526,16.4060600024165,16.9579920699959,25.2612032417151,30209.5662892876,18204.2948233997,-1096.2613719271,0
1356,965,9.86171916006887,3371.48136510415,24.3957475734596,14.9536220808675,15.4085412485983,23.0115516338419,24508.4860129954,24268.9381655451,-1037.42019511721,0
1357,966,8.34786250482237,5022.3032098806,24.4186888826625,11.4460773727145,11.7050230449652,17.5893092427963,25061.9493496478,22967.784587259,-1512.18999557002,0
1357,967,10.1998450569452,2802.54980489705,24.9627518525526,17.0811608845974,17.6774795870495,26.3066585999851,30159.0342349931,18219.6124370253,-1083.8154434996,0
1357,968,9.19683725718744,1834.63928156121,24.3134876279401,23.060440039865,24.0799561994067,35.5744622211751,30342.7604868133,13561.9533915155,-1301.31260371284,0
1358,969,8.33802757661985,5185.9784158806,24.4186888826625,11.2081433217971,11.455161246389,17.2218658194514,25068.3037592988,22959.4536130568,-1481.60772424384,0
1358,970,10.2351198136889,2831.86641089705,24.9627518525526,16.9565054116915,17.5445492463164,26.1135964351398,30162.3287623883,18231.5910287221,-1085.81137517745,0
1359,971,10.1974880086368,2753.10143489705,24.9627518525526,17.2969091155118,17.9076324522391,26.6408249992421,30158.6057754491,18241.3335941045,-1032.25558274551,0
1360,972,7.73547719022607,4409.0421145501,24.5151452519073,12.4830769375058,12.7968835691162,19.1915444899113,25050.4503533674,22945.8958937256,-1414.51355658037,0
1360,973,8.59878774208944,2688.41049866989,22.9766597170922,17.2946398725774,17.8825905879402,26.6310796025027,25491.6653557884,12614.6732755199,1206.33519610838,0
1360,974,10.3560883869972,2496.78818019934,24.959164814174,18.5393984183283,19.2350072055562,28.5658151049687,30149.0217467258,18225.278582458,-1035.87069822126,0
1360,975,9.3273887531996,1303.49634232988,24.3766244733679,29.8959361821801,31.4750971545399,46.1906059415855,30324.2256360098,13538.4941108998,-1360.42061944611,0
1361,976,8.37857087705214,2475.81275239537,24.9506481369765,18.6501819621738,19.3534179635402,28.7374685093766,28740.9567992962,21105.4846720975,-1453.57635208018,0
1362,977,8.0096660828559,6563.8456945501,24.5151452519073,9.63151044903476,9.80501556052304,14.7885739848488,25054.4054407488,22967.8902172512,-1456.61080109273,0
1362,978,7.0150745296867,4802.30840575532,24.0678140973945,11.7612600362121,12.0339007940992,18.0754664412775,24117.4947696931,21571.5146627267,1070.97384129863,0
1362,979,10.482665396017,3194.65602183708,24.9547130987749,15.5867700808369,16.0862123473312,23.9928372447262,30201.8824944647,18209.5566800257,-1116.06767197052,0
1362,980,9.17416131760426,1636.39730632988,24.3766244733679,25.1311530455257,26.3146771380292,38.7888996766505,30340.3463333759,13542.3624604161,-1289.49287621881,0
1363,981,6.87090004951462,5152.18858047685,24.0356805217192,11.2288380890642,11.4744300987266,17.2531444797448,24119.4102428318,21524.8351346635,1081.89055281324,0
1363,982,8.46198894462806,6030.8825725501,24.5151452519073,10.1686527886378,10.3663976516574,15.6173508282187,25043.0358172126,22943.5800306366,-1490.70060520856,0
1363,983,10.1855051414697,3119.5465657448,24.955913853814,15.8464483157968,16.3623355516408,24.3947996758397,30148.7184657475,18272.0808288374,-1072.10254548153,0
1364,984,8.73650846582114,6757.8507025501,24.5151452519073,9.45442124612344,9.62017504164783,14.5154023867565,25043.6906280039,22975.4625425169,-1447.44627663765,0
1364,985,7.2736744535052,5349.89395647685,24.0356805217192,10.956559007974,11.1888003128413,16.8327435605059,24132.2597141756,21571.3562613346,1037.67580638981,0
1365,986,7.3094914554564,2953.26692247685,24.0356805217192,16.3414066286236,16.8794907118756,25.1584382945768,24123.5091960144,21547.7519269599,1092.2874349024,0
1365,987,10.3235195864108,3222.85324419934,24.959164814174,15.4927076060565,15.9862815105309,23.847259932211,30186.8250979033,18209.0579478606,-1097.31469801244,0
1366,988,9.16019150393849,1183.76300632988,24.3766244733679,32.2278016298587,34.0091898664473,49.8154224778355,30327.0311602038,13554.8893022864,-1301.06911157682,0
1366,989,10.2422863924065,2714.03061819934,24.959164814174,17.4719390815032,18.094384844374,26.9119340858342,30165.7574339738,18227.2125685894,-1075.377100142,0
1367,990,7.46819614957706,3091.34791647685,24.0356805217192,15.8308637051849,16.3365507505782,24.3681381995278,24113.0626728201,21557.9503612558,1070.80544520159,0
1367,991,6.93983867236828,1899.91676914513,23.6424702356852,22.3242140173512,23.2770618400392,34.4292947655267,25823.282911031,16054.9106101107,1146.00541564229,0
1367,992,10.4448191999585,2964.77065983708,24.9547130987749,16.4186446481736,16.9713115914655,25.2806662247201,30141.5610743832,18214.8834417613,-1079.81474057716,0
1367,993,8.85992949453284,1272.48373432988,24.3766244733679,30.45971682695,32.0873079016196,47.0668539293747,30319.1185650575,13542.0957867882,-1287.56774818812,0
1369,994,6.90208276615224,3894.05572502061,23.6343402626338,13.4814756336651,13.8433847291282,20.7328320313146,22918.3919943562,21237.1186681825,1107.34944197115,0
1369,995,7.33541173220655,1745.42640514513,23.6424702356852,23.7677438759667,24.831243627318,36.6691045030527,25840.8091792506,16028.4284106174,1110.66651648918,0
1370,996,9.75081703978768,1460.01848319208,24.4660090426265,27.4258310245996,28.7983001783271,42.3530343812388,30352.3979360158,13538.4742107455,-1379.14235906593,0
1371,997,9.15269322138982,2924.60242452851,24.8939484758442,16.568074709538,17.1298447344726,25.5118735334375,29561.9043079198,21248.8199629664,-1227.67836081612,0
1371,998,9.2315825062299,1341.29834319208,24.4660090426265,29.271465242782,30.7991091683522,45.220624143385,30359.6167019051,13560.5939545474,-1334.63076806639,0
1372,999,9.24139872881605,2205.96012252851,24.8939484758442,20.2568444063136,21.0741305458343,31.2278608446143,29568.247238078,21245.6833590686,-1260.1126806797,0
1372,1000,9.80820380988192,1087.07425119208,24.4660090426265,34.5049857016361,36.4903874935686,53.3570961766054,30386.9416724693,13540.3270569126,-1330.57312367657,0
1373,1001,9.42246734423825,1209.27449919208,24.4660090426265,31.7267960124529,33.4662108608087,49.0370308611408,30319.039674367,13531.8427578578,-1309.53490682595,0
1374,1002,9.03416544639128,1198.08529119208,24.4660090426265,31.9585831451596,33.7182761731145,49.3973878317508,30362.1489212105,13543.5607078276,-1295.63213014543,0
1375,1003,9.42217594346995,2139.78489519208,24.4660090426265,20.6288110209808,21.4675115666788,31.8030496511424,30360.364368255,13512.2734100338,-1417.38489015963,0
1380,1004,9.40852071241627,2119.82747942712,22.4959609402545,20.3832985596887,21.1762765482938,31.4146943350443,24733.1030837058,9860.1342748941,-1257.30133327792,0
1381,1005,8.94152579690462,2541.53727542712,22.4959609402545,17.9138352390799,18.5367174009984,27.5883683257346,24778.1736413115,9869.68911420616,-1271.60204898869,0
1386,1006,8.20438364568388,2171.35573228764,22.9480598158584,20.1217658410022,20.9026384181577,31.0110884984301,25904.7094473003,10771.6669738376,-1503.09548558007,0
1387,1007,7.38519343812365,3243.83297529734,22.7411960555778,15.1558298678117,15.6069170375287,23.3199708588902,31204.9932812632,9228.13869907536,1030.85780337674,0
1388,1008,8.45142503421142,2829.93313228764,22.9480598158584,16.6817507152549,17.2297224234066,25.6820522500823,25949.4567339284,10772.6573233032,-1426.72017148505,0
1389,1009,8.1662162945294,2247.50298588327,23.8848514717958,19.8020704195713,20.573093806807,30.5190879315849,24844.6875896427,18520.4470840231,-1414.56304528413,0
1389,1010,10.179299133535,3235.05434340184,22.8717065348588,15.200009643513,15.6550709412598,23.3886820452761,31430.1626002251,9584.63849129893,-1058.52724487375,0
1389,1011,8.28639174500647,2785.99963940599,22.9758583201791,16.868679110673,17.4289684380144,25.9715354764884,25976.7467257833,10741.3086528557,-1428.75305527936,0
1390,1012,8.01495646963852,2147.05088576767,23.9144254561971,20.4725462945943,21.2922158490206,31.558643523186,24861.6820854309,18481.3549397314,-1486.77068384225,0
1390,1013,10.0237725916594,3061.26736286031,22.7741127665063,15.7750058788309,16.2641105168436,24.2780811231598,31446.8290019988,9606.46663131351,-1081.58059830921,0
1391,1014,8.1255604036053,2326.87114976767,23.9144254561971,19.319597958364,20.0568221079753,29.7713604018751,24848.1058267961,18485.5076123819,-1441.54377040699,0
1392,1015,7.99583399095894,2127.0540009997,23.8757950424642,20.6043673314844,21.433077566015,31.7628845237924,24820.8632138585,18501.675663942,-1499.10054185286,0
1392,1016,9.09622505826941,3941.95976459403,24.2976142444312,13.4352419278719,13.800023325862,20.662864444391,33087.3506336378,13769.3052046258,-1259.29153526159,0
1393,1017,9.57352273852563,6988.97677283911,24.2210390559208,9.23973578184124,9.39482824988487,14.183885649634,33099.7097060305,13644.9721336781,-1273.37198954364,0
1393,1018,8.11412685311141,2173.90057976767,23.9144254561971,20.2892137731929,21.095607794879,31.2743981672291,24866.2730612825,18494.530677632,-1475.46508702147,0
1394,1019,7.91614644975022,6774.81797483911,24.2210390559208,9.42391760475692,9.58687964128901,14.4679453101897,32979.1652890912,13502.9473009765,1139.05181679804,0
1394,1020,8.14490672748334,2217.0302109997,23.8757950424642,19.9961738011975,20.7809521659243,30.8199495824474,24848.8446092681,18488.2334227167,-1504.99187908126,0
1394,1021,10.2587919138697,3677.09048437446,22.69364057126,13.9137706033921,14.2918937064259,21.3989186510052,30177.2615149548,9135.4541677275,-1103.76359619592,0
1395,1022,9.55453894893603,4136.02712067479,24.260962510775,13.0049000856597,13.345296300584,19.9975138290336,33111.6259726589,13725.944094134,-1269.66787148757,0
1396,1023,8.92753805098828,3928.52891756265,24.2219277944348,13.4588747459044,13.8243761840912,20.6992323826,33136.1659735763,13720.4696656957,-1336.47565413992,0
1401,1024,9.39377171701167,2610.97226503888,22.6423581885716,17.6007997573627,18.2048140127995,27.1040762567868,22058.3761700615,15420.231174631,-1180.58816537166,0
1402,1025,9.17811765682482,2761.07945503888,22.6423581885716,16.9257861550399,17.4858963089847,26.0588874558563,22045.2335708917,15413.4669479889,-1213.55748014893,0
1403,1026,8.9756463617371,2186.83069472784,22.5978271089505,19.952176763956,20.7160528009642,30.7468522895799,21991.8714508397,15418.8587048309,-1291.36592029465,0
1430,1027,9.44921522036815,5343.12925173728,24.534274252608,10.9997161359745,11.2371578982836,16.9002307108753,30677.0710062731,21107.5591135908,-1321.21340348817,0
1431,1028,9.21942620463262,5511.94040723901,24.527598688068,10.7787757276705,11.0054131056695,16.5591049302269,30698.0794985254,21078.4352268482,-1190.59041634611,0
1436,1029,10.8793274926365,3521.67932914244,24.5074371588004,14.5259471084814,14.9560672752056,22.350171351016,25615.6227422682,22717.1874867819,-993.871549023729,0
1437,1030,10.5035628748454,4158.32603896861,24.5180326291082,12.9813939491351,13.3224857210167,19.9617301488825,25602.7411543892,22692.3748727932,-1005.33036305972,0
1438,1031,10.7297108153519,4437.39319674607,24.5135861469251,12.4297875690487,12.7407125228257,19.1091917234614,25644.7759751765,22698.0565041147,-1000.94289812825,0
1441,1032,10.2838342321569,6322.84480787283,24.2334997782056,9.84865281705321,10.0303294383326,15.123161035776,24489.7173651139,24773.5751529151,-1043.05609476721,0
1442,1033,9.65499986267685,4994.23648787283,24.2334997782056,11.4745962465648,11.7337651783324,17.6330179839682,24489.574052477,24773.4285917236,-1076.88290518642,0
1443,1034,10.0900943509751,3829.42185901918,24.3810533194272,13.7088054239636,14.089884154781,21.0860392698487,31732.28572707,20271.8788806506,-1097.66609613302,0
1444,1035,10.0162158974502,2919.57185101918,24.3810533194272,16.5192675362427,17.0724680176909,25.4348147411164,31716.951041368,20283.2302616443,-1104.83363362156,0
1445,1036,10.2119371975562,3140.04162413839,24.4093105783868,15.7070205148611,16.2086831915832,24.1774899550675,31734.6440869187,20284.3344375566,-1135.34625334827,0
1446,1037,9.97036880018722,3494.23019101918,24.3810533194272,14.590002136313,15.0228199036041,22.4489495088357,31727.8459036302,20308.697569798,-1084.74705697881,0
1447,1038,10.1655619674439,3396.84275813839,24.4093105783868,14.878433469556,15.3289072191126,22.8952522581903,31721.0700751573,20287.9433510002,-1139.06534631997,0
1451,1039,10.1818490072007,2389.90549146103,22.1120638126703,18.6425012440514,19.309189967906,28.7156446850754,27749.3372284649,6965.50430908192,-1136.35006110949,0
1452,1040,10.1660174127608,3065.17859946103,22.1120638126703,15.6740987515344,16.149939851159,24.1199908590541,27757.4403172307,6939.2573153942,-1098.82505214985,0
1453,1041,9.87492950580583,4663.82439247519,23.8149137086682,11.9701404231879,12.2517791972662,18.397634663635,22149.5272039875,22708.1728600372,-1217.07810457362,0
1454,1042,9.67144805104136,4227.31963605088,23.7730621879968,12.7726759008634,13.0965498519977,19.6375442704598,22149.007559534,22752.5080584542,-1205.99072196553,0
1455,1043,9.67650292769306,4407.18395205088,23.7730621879968,12.4234436007962,12.7285622807081,19.0978804581854,22149.3123609747,22711.9438516809,-1171.04153501137,0
1456,1044,9.46814894077446,4225.79747571259,23.7643949822798,12.7749664885826,13.0988974129808,19.6410656634562,22148.2270134726,22707.4811030719,-1129.93141683752,0
1456,1045,9.25848880766723,1933.74576485024,23.9709362921121,22.108100356814,23.0496697445618,34.0954287263288,26238.6231437373,17594.3235265491,-1227.84127340567,0
1457,1046,9.80210500274414,6179.59414605088,23.7730621879968,9.96735509780522,10.151847437713,15.3056082780623,22121.2060586291,22788.055372613,-1132.90799318247,0
1457,1047,9.02081963832422,2201.22953428413,24.0136318443809,20.1253730474882,20.9213075514995,31.0207609113346,26281.1700074455,17548.1904794054,-1245.17920927414,0
1457,1048,10.6356966443128,3603.71300924176,24.4287753880948,14.2910560137223,14.7065016883939,21.9866320389767,29124.917824167,24313.183480406,-1068.21775697292,0
1458,1049,9.81691824395541,4055.01023805088,23.7730621879968,13.1329823581625,13.4765942982437,20.1944270324109,22131.6478599257,22701.6621624229,-1149.35913696876,0
1458,1050,8.76870470282532,3104.17771169575,23.9931761421882,15.7801518280241,16.282224669052,24.2895290801863,26266.3106578565,17580.3772919429,-1295.70024811148,0
1459,1051,10.0687280461158,4046.78802847519,23.8149137086682,13.15479751997,13.4999544910006,20.2282406166113,22150.9143044821,22722.4768197465,-1161.09481398596,0
1459,1052,10.1318566251935,3314.33542124176,24.4287753880948,15.1342454036541,15.6005193007857,23.291120170528,29099.666567503,24295.5407192698,-1040.28018877909,0
1460,1053,8.22544289643446,3589.89376841064,23.8221640851236,14.263554422594,14.6719938734489,21.9426107377421,26123.9941982432,17283.4234647182,-1238.72170485686,0
1460,1054,9.55396873241109,4499.71666371651,23.7621028102915,12.2525532810701,12.5485516753384,18.8338215159207,22160.2835970759,22653.5906786567,-1214.04274570903,0
1461,1055,9.73210155801875,4589.17981995555,23.7082315224632,12.089622212267,12.3767002239064,18.5819988963624,22144.7886850064,22663.6515255823,-1198.46894550634,0
1461,1056,8.09099061297229,3137.12731241064,23.8221640851236,15.643922159682,16.1357583703061,24.078212387955,26114.7561670708,17262.7039797297,-1291.2113321961,0
1462,1057,8.95386887621189,3485.82091841064,23.8221640851236,14.5521639153483,14.9776239710092,22.3890115785563,26158.3526969741,17242.2110240056,-1349.70706664778,0
1462,1058,9.78990129337324,4216.35239222693,23.7195137188549,12.7900083631314,13.1144062440529,19.6642156189722,22100.259854625,22729.7399105552,-1128.91387517646,0
1462,1059,10.0915140145392,3460.07537360197,24.3479693836332,14.6847044507329,15.1229066389837,22.5953729829605,29120.8513544319,24292.786302274,-1026.24074277873,0
1463,1060,8.95434270835946,2849.24749241064,23.8221640851236,16.7258503589511,17.2864048428672,25.7530116075203,26160.0570976005,17258.7599578267,-1350.9098817617,0
1463,1061,9.91574262279517,2818.92053960197,24.3479693836332,16.9254825846439,17.5048245294048,26.0637197801472,29102.0666407846,24316.8683287855,-1049.73249113244,0
1464,1062,10.375155616353,3245.52085686928,24.3245019727419,15.3421943462946,15.8202831791262,23.6126367444826,29009.6947467911,24453.0159022685,-1145.03281986531,0
1465,1063,9.99028323273786,2805.78897013019,24.3169031386022,16.9766611429186,17.559026698427,26.1428804493336,29026.2512803976,24477.1907326731,-1108.87675149835,0
1466,1064,10.130852840261,3252.98767086928,24.3245019727419,15.3179027399634,15.7944900889644,23.5750452917171,28972.6165631982,24484.6736706014,-1101.17987724528,0
1467,1065,10.1025679042543,3543.14418359314,24.3401676156783,14.4476585418742,14.8716085728857,22.2286522439275,29019.0416440815,24453.4299351374,-1125.84583857803,0
1468,1066,10.3404421734501,2878.46558159314,24.3401676156783,16.6782998299221,17.2413917183544,25.6809352214448,29019.0968869735,24483.8669590103,-1099.24513108467,0
1469,1067,10.1269592240492,3073.01376072472,24.3553310353295,15.9369940879618,16.4526240381049,24.5333075035711,28976.5513844237,24472.7504362386,-1094.08258407283,0
1470,1068,8.89621684960641,3560.73617520943,24.19042700275,14.3827651456557,14.8015234468945,22.1279037058945,32480.1610348253,15694.3032948995,-1421.6810839198,0
1471,1069,8.6790668644386,5331.67062720943,24.19042700275,10.9915603708005,11.2264707215589,16.887049231797,32470.0906686322,15710.4169317225,-1444.3442526648,0
1471,1070,9.21515052031716,3892.59565257095,24.3472080806221,13.5547495617116,13.9267280079868,20.8477519756557,30001.3989010703,14281.4112127102,-1416.15073002522,0
1472,1071,9.19557494303387,3296.32980657095,24.3472080806221,15.1815348819951,15.6499379294572,23.3640823412225,29992.6883642454,14255.9888558676,-1376.44053587087,0
1475,1072,9.09755686076043,3544.83295398371,24.4068480975898,14.4501771236264,14.8748733318591,22.2327124834618,30267.2489066968,14621.6560202601,-1370.15082860901,0
1476,1073,9.42702809152322,4090.76753654285,23.8355019461218,13.0617953689385,13.4019754800542,20.0845308821367,32299.2455664434,12810.0846354548,-1292.53344005513,0
1476,1074,9.2113766898763,4352.75582328898,24.3967108994967,12.5802697457523,12.8984546298968,19.3415029913919,30295.2326252955,14582.1070211625,-1455.72545187449,0
1477,1075,8.96472787664337,4065.56979254285,23.8355019461218,13.1159659106521,13.4591383603425,20.1682626281589,32253.0240448289,12821.2358734547,-1222.6443029738,0
1479,1076,9.10759913089245,4650.29586798371,24.4068480975898,12.0405593471684,12.3300433392907,18.5075738859303,30268.4425482787,14587.9874729815,-1422.17018897631,0
1480,1077,9.40623889855518,3885.32540396155,24.5568805399758,13.5923147580201,13.9681631510388,20.9063113847622,30268.5907201137,14592.914856673,-1439.40535402056,0
1481,1078,10.6860879560537,4140.16249023981,23.9401334245208,12.966899429485,13.3026837244442,19.938082966934,31519.5465950292,11837.7473418259,-967.755785297084,0
1482,1079,9.14965632126593,4353.37790396155,24.5568805399758,12.5928155721994,12.9128702442792,19.3612197966248,30287.4552415858,14613.6468778646,-1412.28071227617,0
1486,1080,9.21941660128782,3864.53285996155,24.5568805399758,13.6417161523445,14.0203983086754,20.9827001503567,30291.7994981674,14587.995932671,-1489.33846605266,0
1487,1081,7.2945379386923,2492.73947315904,22.8958304420744,18.2263243468131,18.8751404155092,28.0737705575979,24631.2083327183,16723.3480626759,1168.92972022528,0
1488,1082,9.36713524578234,3548.80390166155,24.5440699460514,14.4539462130873,14.8800901373729,22.2388798971715,30258.1497282201,14609.9902366559,-1419.70968312819,0
1493,1083,9.27256980020666,3093.42857451464,24.7047678810852,15.9079074632038,16.4252096276375,24.489251526368,30276.74111199,14603.6454600811,-1448.16472699538,0
1495,1084,10.9436875888287,4712.02703594284,22.0106066856464,11.7439061044779,12.0010365694875,18.0446235275496,29339.0748543677,6506.88589752459,-1047.90028862572,0
1495,1085,9.36399582212546,3447.15722979358,24.6882111442895,14.760271363831,15.2061379018595,22.7131382179901,30224.8243721116,14603.0809786091,-1512.13187434271,0
1496,1086,9.24447053672681,3367.18972851464,24.7047678810852,15.0020484900205,15.4628021355027,23.0872746251833,30262.9344831759,14604.2145718871,-1433.21047886356,0
1498,1087,9.26813769855788,2734.47085251464,24.7047678810852,17.3428906862685,17.9538418698988,26.71126171474,30300.8808627493,14590.4673815523,-1445.17869090448,0
1499,1088,10.8254828402198,5867.53302194284,22.0106066856464,10.1931503316393,10.3775163037909,15.6511421250841,29358.5703406609,6493.64341463867,-1051.78157645445,0
1499,1089,6.19836575076332,5974.07656272272,22.3437110031082,10.0976940838765,10.2798327914613,15.5044346171412,30164.1904597401,7268.13059134525,-5.3826464568298,0
1501,1090,10.2997230653481,6486.34348755881,21.878218569994,9.55672312390853,9.71296331554427,14.6693362449158,29236.3342230362,6427.53955773903,-1023.73105279816,0
1502,1091,10.8274239000786,4646.92771183233,21.8495285240407,11.8378107283288,12.0984023157783,18.1892970100119,29331.3957025697,6476.39153460868,-1008.32361757959,0
1502,1092,8.85871746559138,1753.17887778756,24.6537845138396,23.9334427360697,25.0263980431708,36.9308367618507,30292.1697551211,14597.8015539968,-1490.29816698742,0
1503,1093,9.02003793787364,1302.74717778756,24.6537845138396,30.0024852904033,31.5963356333562,46.357746046075,30282.4947703397,14594.3134345383,-1405.41939424286,0
1504,1094,8.63266066591085,1365.32304378756,24.6537845138396,28.9332365315497,30.4358092639521,44.6960452448323,30264.1648287671,14621.502592015,-1368.19841599784,0
1506,1095,8.77504677835219,1477.10499378756,24.6537845138396,27.238098042157,28.5984332118508,42.0623638024582,30259.0783509181,14582.1040050762,-1472.06144376681,0
1507,1096,8.98776309959797,1404.46324578756,24.6537845138396,28.3105699630215,29.7605308696075,43.728524805343,30291.3123314433,14574.0474908836,-1418.77261206175,0
1508,1097,8.34324854335162,1274.55434003749,24.6377097525241,30.5113142126311,32.1486711919905,47.1485306764263,30216.7347187,14589.8538247716,-1354.57971440601,0
1509,1098,8.71454743124188,1277.48379803749,24.6377097525241,30.4568750248915,32.0895311484178,47.0639123714607,30271.4215418879,14575.2851077213,-1382.68391670071,0
1510,1099,9.06815228490141,1456.46193971289,24.7274076897842,27.5543035815122,28.9422852136384,42.5539491247026,30278.744509103,14580.9886944987,-1383.21063407311,0
1511,1100,8.50981379811064,1054.22312771289,24.7274076897842,35.4687549694349,37.5469000543853,54.8578310294206,30300.3134958123,14630.2447674577,-1347.39178609798,0
1512,1101,8.87852891022044,1581.30788858965,24.7075399140512,25.8774928204633,27.1269821528031,39.9493720811875,30240.70802627,14580.4267976899,-1363.09754117829,0
1513,1102,8.98818584033919,1503.23967738325,24.7116901125025,26.8928058036287,28.2256061362085,41.5262958044588,30297.5925786517,14568.7864125282,-1403.24633801302,0
1515,1103,8.75504612798939,1471.5277237129,24.7274076897842,27.3383787363767,28.7083849006318,42.2185142768137,30259.2490902047,14606.7678972039,-1348.34861061,0
1517,1104,8.74995698061333,1551.24239858965,24.7075399140512,26.2566337324216,27.5370578594801,40.5381816874403,30236.7237811639,14586.4218629427,-1488.76161434149,0
1518,1105,9.1943880260841,1138.01261258965,24.7075399140512,33.3721205522686,35.2617564338769,51.5967567486485,30246.2802898434,14588.733710386,-1354.13788392411,0
1520,1106,9.26281207570208,1207.01796035186,24.8344952717786,31.9081624942652,33.6711951185199,49.3211559081871,30266.2953675496,14573.6530483913,-1440.65430455701,0
1521,1107,8.92746603169415,889.43923029879,24.8562050610774,40.7436162080351,43.3111222345675,63.0666297580335,30287.1407725343,14615.0906592562,-1427.67939017271,0
1523,1108,9.41936854474509,3256.3971346388,23.1019566681533,15.1597632809012,15.6147039724837,23.3270525723396,30103.6767036695,8912.98808106915,-1340.68614308969,0
1524,1109,9.17422287037092,3619.3195366388,23.1019566681533,14.1074147414665,14.5002935938909,21.6993538804478,30082.3142498165,8959.33463176637,-1258.37666348845,0
1525,1110,9.00817259384368,3579.78660269676,23.1028468993764,14.2128124541091,14.6117805664581,21.8623409752727,30094.4723757786,8931.80096616084,-1309.66029702898,0
1526,1111,9.10424263444109,4138.4723566388,23.1019566681533,12.8931589833875,13.2182540081075,19.8222768862385,30090.3631682459,8951.82273483788,-1318.946605763,0
1527,1112,9.11289157090907,4601.04411869676,23.1028468993764,12.0193501324825,12.2983951849558,18.4722323770148,30105.4977024307,8898.18702945591,-1306.79928472347,0
1528,1113,9.26555947128897,3171.7952686388,23.1019566681533,15.4360876921496,15.9078066982676,23.7545839940782,30106.7940488235,8943.26791040554,-1281.1609409081,0
1529,1114,9.7044295375267,2935.3021066388,23.1019566681533,16.2844731898057,16.8089000642283,25.067541044199,30028.5596611196,8985.04913596195,-1212.79435591675,0
1529,1115,8.33087324604594,2663.81760035186,24.8344952717786,17.6859788214938,18.3214895413633,27.243116762175,30266.6678919696,14598.5198075312,-1440.70817867451,0
1530,1116,10.0108941030091,3111.12257607274,22.8219722420022,15.6067080160681,16.0859741343639,24.0177941975229,30005.5297421454,8952.38436712478,-1227.82040993297,0
1530,1117,8.75266640823104,3205.27016650479,24.4481292648467,15.4898859680767,15.9783441808793,23.8415323567717,30334.93933276,14569.2743669139,-1457.25460315293,0
1531,1118,9.78168354877276,2905.02529407274,22.8219722420022,16.3633288246559,16.889653894955,25.1887510134475,30042.0190054553,8991.24402755707,-1200.77263956483,0
1532,1119,9.26210438048781,2526.27709914276,24.4294692400378,18.3010073537698,18.9737816179131,28.1946712997357,30248.076910884,14576.2678814812,-1471.63739039384,0
1533,1120,8.89434127123716,1804.68331314276,24.4294692400378,23.3706427787463,24.4160069844098,36.056351700026,30267.7487466373,14595.4427072313,-1459.12219062022,0
1534,1121,8.73728161473133,2047.07944314276,24.4294692400378,21.2982796202294,22.1859120835807,32.841145732459,30253.1155200384,14589.4414762132,-1445.6889785369,0
1536,1122,7.15534473020092,1802.95139137251,23.1442292870186,23.0855692373705,24.0882853057796,35.6082823494569,23735.6498437187,17246.384066046,1110.92708114749,0
1536,1123,9.22655061598612,1660.23437050479,24.4481292648467,24.8778228089698,26.0422860034844,38.3959226156635,30288.5267124933,14586.5482384768,-1453.94217593935,0
1537,1124,7.08862940062725,1884.46961737251,23.1442292870186,22.3466930333464,23.2934251715049,34.4620103152607,23741.2711640025,17243.8079362305,1118.82451921858,0
1538,1125,9.54790103123842,3898.88247609639,23.7542357066946,13.4820318954292,13.8449748497784,20.7339684261651,33619.1640526737,14235.1371602964,-1154.60639811296,0
1539,1126,10.0041746591514,3980.00423409639,23.7542357066946,13.2966833370364,13.6492364071851,20.4474325481554,33605.3513581561,14269.2570257759,-1173.74739058771,0
1539,1127,5.78049569780148,3315.43275937251,23.1442292870186,14.9795250338516,15.4240419660161,23.0483296833211,23834.9370410857,17202.3435838938,1087.66415531187,0
1540,1128,6.09652743628713,3336.25425090296,23.2366088190971,14.9264627337301,15.3687020652589,22.9664913898083,23805.9153278719,17183.8585746867,1119.44485337435,0
1540,1129,8.61017104754757,1985.71599634138,24.075346185728,21.7042833001161,22.6170734499406,33.4694606265586,29501.9608769622,20925.8483274664,-1295.36244896572,0
1540,1130,8.94280834207749,1876.4038671192,23.9522200160482,22.5990547379394,23.5775591043644,34.8570088910033,30307.1990888067,14581.4240027866,-1427.35493540763,0
1541,1131,6.17883154083411,3764.65995090296,23.2366088190971,13.7512546304594,14.1249908359449,21.1489826423037,23795.7785469354,17190.3140208206,1020.46951554638,0
1542,1132,9.55257026228118,3823.70128703753,24.0279978752629,13.6874908365106,14.0643863816876,21.0522647032557,29847.7664411534,21947.9631247624,-1108.65195459112,0
1542,1133,6.1575443505294,3368.52234090296,23.2366088190971,14.8286202519896,15.2650141438033,22.8151348991128,23822.8558429065,17137.8528613235,1054.27420659433,0
1543,1134,6.20570351141885,5237.00795291653,23.2097449959352,11.0513669095697,11.2829402051366,16.9776585817752,23096.5250649833,17433.8721992123,1051.65195261201,0
1543,1135,9.89992193709535,3950.94548903753,24.0279978752629,13.3887255952245,13.7486782973066,20.5903411006729,29907.7333062923,21948.3632237137,-1101.22092672047,0
1544,1136,6.10090022296029,5601.86864291653,23.2097449959352,10.5799355403978,10.7891563971364,16.2499741326484,23055.812978862,17470.2851627919,1076.64491113654,0
1544,1137,9.69143293211883,3796.08068303753,24.0279978752629,13.7547078471799,14.1354505071439,21.1561991834312,29874.5395770289,21964.4684525725,-1147.60405832699,0
1545,1138,6.69725309057164,2761.02323490296,23.2366088190971,17.013203665333,17.5858335648558,26.1961266792993,23782.1737141131,17166.5653609788,1075.57061026972,0
1546,1139,7.18937427920187,2468.05540890296,23.2366088190971,18.4117301562539,19.077403282675,28.3621741393798,23768.2411881941,17198.1256571257,1153.32742629716,0
1547,1140,7.30402152790654,2086.34482890296,23.2366088190971,20.7679217913835,21.5993825467365,32.0139583095693,23814.7672606873,17176.0469829757,1045.99130800714,0
1548,1141,6.86524707001601,2396.62509090296,23.2366088190971,18.7999484001178,19.4921880613444,28.9636532034025,23763.8899030471,17164.299972347,1073.82138093448,0
1550,1142,7.33817920395596,5712.70639723962,23.3773113651575,10.4580355222819,10.6626083139425,16.0621263018224,25015.5898014105,16773.8319758625,131.279352419215,0
1551,1143,6.62125496774194,6683.76873106243,23.1908871365724,9.44984105013866,9.6086423862636,14.5064679421906,25345.1690100206,15811.7314335238,757.990401683226,0
1552,1144,6.17472119077902,5732.84123715802,23.1432133042697,10.4193003606497,10.6206849140013,16.0019621840459,25323.7823776413,15821.5529797482,805.625098202661,0
1553,1145,6.22347685437899,4111.30914315802,23.1432133042697,12.9537366340641,13.2824450384739,19.9159859656283,25362.5928600772,15708.6830315598,1002.97298934928,0
1554,1146,6.20263963404572,4467.52982412265,23.0955682445653,12.2544621178548,12.5456112225573,18.8354045236612,25361.0521016254,15657.9660104056,1000.22223319334,0
1555,1147,6.308917773497,3563.45644515802,23.1432133042697,14.2613514304818,14.6635014555769,21.9375057419474,25350.3749410786,15699.8965242452,976.078834568634,0
1559,1148,10.4022084049442,6132.7500989474,23.9418483426998,10.0260114400715,10.2140744020914,15.3963668665413,31873.1264985623,18458.4875252883,-1038.71441266166,0
1568,1149,8.41516222413482,2410.81549837194,24.3271939418598,18.9052063191853,19.6186234884471,29.1305830758267,25722.3765426569,19109.5610998753,-1368.67378515755,0
1569,1150,8.55650198655423,2071.17457837194,24.3271939418598,21.0967317118581,21.9679520535469,32.5281562394761,25735.5391168249,19048.6751688462,-1467.64901511863,0
1570,1151,8.61739634298004,2182.903269185,24.6112176718918,20.3593409427198,21.1803218887687,31.385747575311,25711.5916954114,19103.9421401285,-1343.17450465792,0
1571,1152,8.37607894064335,1957.665393185,24.6112176718918,22.0453914979599,22.9917789599899,34.0007850793334,25723.1302903936,19092.6874965221,-1431.6012778767,0
1572,1153,8.74838209870698,2309.861133185,24.6112176718918,19.5440923786219,20.3062516811866,30.1218158137487,25757.5591210504,19078.33946855,-1453.26202427791,0
1573,1154,8.66176138714275,1869.032769185,24.6112176718918,22.8121363518867,23.8171104886792,35.1904292183825,25749.0012464966,19077.5994861614,-1413.62557951003,0
1574,1155,8.46129369743767,2090.988771185,24.6112176718918,21.0065896814225,21.8751330028092,32.3894584538211,25728.8218952208,19109.2959666172,-1329.0279750231,0
1576,1156,6.6900479495714,4055.21569634658,24.3774468027891,13.1890433534919,13.5406049318637,20.2824190284791,23390.225132497,20121.4136370388,1050.03852257372,0
1576,1157,11.8417187977981,4297.56453749002,23.9435594980522,12.6481818285737,12.9666286685139,19.4455126673462,21974.7039195313,20481.9983879357,1087.3371242596,0
1577,1158,6.9838876869785,4519.54580234658,24.3774468027891,12.2678988621592,12.5691810058232,18.8587655202231,23390.8420827218,20083.6199588785,1073.68720847303,0
1577,1159,11.857678046003,4565.02625549002,23.9435594980522,12.1511985141874,12.4431922177539,18.6775961392116,21941.0408091359,20445.8284115289,1076.72747822458,0
1578,1160,6.83263847873795,4687.97862434658,24.3774468027891,11.9741292158256,12.2599303327485,18.4048883015325,23434.6142680852,20080.4663979603,1127.86498017958,0
1579,1161,6.64598606563764,3914.18321834658,24.3774468027891,13.5071820283591,13.8766992842957,20.7742725629112,23413.6162354102,20090.5456936396,1114.42929141785,0
1580,1162,7.06038989108365,3714.55896801329,24.4816692797896,14.004984851793,14.4040754165701,21.5442993710608,23434.3067654061,20073.2390184567,1083.39981534631,0
1581,1163,6.98772757244404,2668.94069601329,24.4816692797896,17.6095634376898,18.2358985780431,27.1236369570291,23428.6817340382,20062.9314688609,1085.32749023853,0
1581,1164,8.88741595397247,2019.67211923054,24.7866643423263,21.5820917529244,22.4960526405876,33.2827740544994,30757.3147426363,20730.4060441506,-1226.30979658053,0
1582,1165,7.17118335037441,2969.66167401329,24.4816692797896,16.3375585672359,16.8800785288139,25.1537706639173,23396.5291487136,20088.6340964492,1057.40670452382,0
1582,1166,9.24858450995134,2228.06010523054,24.7866643423263,20.0914595399689,20.8952973327098,30.9710360612628,30760.4470744838,20754.5880687869,-1291.53494550708,0
1583,1167,6.91759356155869,2638.50076401329,24.4816692797896,17.7530336030059,18.3890499482039,27.3458821237136,23433.788280084,20078.3010840267,1119.87250923854,0
1584,1168,6.91298733559116,2848.89311601329,24.4816692797896,16.8189253066713,17.3927279040002,25.8991100534398,23423.4174756277,20063.4821115748,1063.04874022639,0
1585,1169,6.98673554646429,2214.72052401329,24.4816692797896,20.1231175292597,20.9252004784592,31.0190039164557,23428.4442995088,20068.8659864151,1091.58835716795,0
1586,1170,7.82491476937632,3548.91322880255,24.3132678794346,14.428716794045,14.8512997173989,22.1992856008743,24141.116479601,18373.4818818033,1251.46117481481,0
1587,1171,7.39507649793696,3149.16335480255,24.3132678794346,15.6636198806095,16.1616053185874,24.1100531971335,24164.7908832808,18328.7641710808,1261.18623677862,0
1587,1172,7.10016996256686,2530.92253431594,23.3982288946706,18.112717543392,18.7601371072958,27.8995127824125,23682.179700082,16141.9976104915,1135.96222471261,0
1588,1173,7.51265905316461,3127.90826480255,24.3132678794346,15.7372403967597,16.2398443940343,24.2240002172657,24165.4136963053,18352.954022885,1208.88818145852,0
1588,1174,7.18695026836028,2375.88152031594,23.3982288946706,18.9446310885474,19.6489555973657,29.1884165523086,23674.9815307235,16117.0357243819,1108.5123747358,0
1588,1175,12.0048698065163,2456.35907038645,24.4990865495866,18.6822085836961,19.3821977081797,28.7855899316372,25690.8310152575,18424.4927927308,-1177.61677727732,0
1589,1176,7.32404452773219,3107.09369480255,24.3132678794346,15.8102197033804,16.3174153067792,24.3369584466281,24156.8425807833,18339.7270658145,1214.85467010429,0
1589,1177,7.59071186945596,2365.79361231594,23.3982288946706,19.0022232308958,19.7105395276713,29.277659932014,23672.4627300529,16132.6896776115,1097.32317724238,0
1590,1178,12.0134169950119,2978.12239591392,24.4099200022758,16.2957315676984,16.8348132820309,25.0888081922236,25660.6018247927,18409.8864698774,-1201.79642753851,0
1591,1179,7.18944424437449,2041.07417198595,23.3354537173735,21.1213561205806,21.9800409549082,32.5623858541978,23673.9710221872,16176.2754839255,1084.36389969069,0
1592,1180,7.37249038501611,1747.21162718304,23.2654138873604,23.6574910718831,24.7061562219404,36.496270441856,23683.116278775,16115.8428006393,1180.2497959237,0
1593,1181,7.28077966065438,2172.09316718304,23.2654138873604,20.1777710279102,20.9671202071576,31.099139397756,23676.7333435159,16118.7923619569,1140.42682203293,0
1594,1182,7.11646861918903,2004.93785318304,23.2654138873604,21.382998571228,22.2598655330901,32.9678357662758,23699.339972881,16117.5300692012,1139.87064444374,0
1595,1183,7.25394899261724,1919.60912918304,23.2654138873604,22.0729838834982,23.0010879194683,34.0379686544432,23696.2674296384,16128.0106455339,1193.21482451965,0
1596,1184,7.10782654876657,2098.06378118304,23.2654138873604,20.6895968999232,21.5157953943029,31.8926334326585,23685.1378103245,16140.5957221506,1179.82220342316,0
1600,1185,9.33086773044705,6254.56589552999,24.5630574546589,9.93623544885012,10.1236156066744,15.2587800122163,29243.1451564128,23260.9295823317,-1206.63950359942,0
1601,1186,9.14663587575104,6182.23251152999,24.5630574546589,10.0106884635055,10.2014518952398,15.3736627533605,29229.7532171806,23208.8468610036,-1270.27263995136,0
1603,1187,8.35136649264961,3820.43654741633,24.5095303171102,13.7433793888629,14.1275206969489,21.1397980601046,25865.1634356355,24457.3810546122,-1431.70884376717,0
1604,1188,8.65818502048107,3499.91419541633,24.5095303171102,14.5878872780898,15.0217385481141,22.4459975172534,25888.5839564595,24426.9961772514,-1417.42101857491,0
1605,1189,9.61162093397545,3753.47324340065,24.6520876411411,13.9235063583472,14.3192901876901,21.4186870610367,32197.6290657475,17165.4869758292,-1188.11800856754,0
1606,1190,7.16020958526857,3798.26583050327,24.2390233700954,13.7705711474342,14.1540105311461,21.1812209233434,23347.1281313082,21305.0004011878,1247.50113358761,0
1606,1191,9.73620473156187,3575.30358695916,24.6050840100976,14.3872347074513,14.8099418121408,22.1358323636379,32212.590149238,17130.6843642389,-1188.02502421901,0
1607,1192,7.09454228981793,3141.47253650327,24.2390233700954,15.6809346826343,16.1792653208733,24.1366482704094,23333.5957723645,21336.1612430815,1218.99588716395,0
1607,1193,9.49674852482873,3228.71001940838,24.6357132186041,15.4346100956968,15.9214425095973,23.756485821317,32211.2693442781,17168.558962547,-1125.90971119104,0
1608,1194,7.29287664777551,3211.49319050327,24.2390233700954,15.4438362185748,15.9273886072998,23.7697027294811,23332.4732049894,21317.8505375741,1255.13090374075,0
1608,1195,9.84091483063918,3254.43016140065,24.6520876411411,15.3521856345873,15.834046345497,23.6289672276287,32201.8223583254,17165.8976930421,-1136.66155528999,0
1609,1196,6.93717759487986,3387.76726850327,24.2390233700954,14.8863678156034,15.3357381253254,22.9070916202918,23308.3384454224,21357.2412932014,1202.3595654317,0
1609,1197,9.28473904355574,4059.96503340065,24.6520876411411,13.2041425118442,13.5587208590349,20.3063596954099,32191.5989398249,17164.1356758565,-1198.79116133482,0
1610,1198,7.38733197790992,3251.95705760575,24.1017420334177,15.2946189671508,15.7676132418015,23.5384201386778,23299.5757152984,21342.1611409575,1146.481071951,0
1610,1199,9.46246828182635,4714.42876965888,24.5825862842932,11.9457918636334,12.2315336209851,18.3615025459202,32196.5219488155,17145.6176859936,-1255.39325206382,0
1611,1200,7.2883577518467,3272.13287360575,24.1017420334177,15.2296307900041,15.6986310714079,23.437856731924,23293.6371362586,21351.5610283258,1131.94236399834,0
1611,1201,9.17832604026502,5164.11419097337,24.6001514869394,11.2520157102131,11.5023744684947,17.2899336110925,32204.091171443,17146.9856664975,-1154.10677290074,0
1612,1202,7.46862714546817,3661.13405960575,24.1017420334177,14.1038832707435,14.5054617034234,21.6963468043034,23312.0503924703,21342.9800534932,1173.04620611919,0
1612,1203,8.39085617151427,6709.10299614688,24.5747977278262,9.50123623830735,9.66932704988864,14.5876972605924,32160.6712342967,17118.9607625221,-1306.92278805765,0
1612,1204,11.3802098988357,7503.15831010691,24.3364310920151,8.84041398267617,8.97943528578888,13.5682936245202,33602.6585725104,17679.189681492,-810.874224015973,0
1613,1205,6.73069874505858,5227.70829738687,24.3713266995026,11.1462696807144,11.3899183232756,17.1262398899733,26345.5732438875,18878.7649030902,1111.58368833714,0
1613,1206,8.80985054866079,7185.85870497337,24.6001514869394,9.09746512938089,9.24836855927527,13.9649877960289,32144.77522808,17156.8625723908,-1288.05200808077,0
1613,1207,6.02980632686594,7792.10612842684,24.3467226197391,8.63360460513332,8.76431189522835,13.2494796364524,33226.2358417259,17043.7494255308,775.441773322401,0
1614,1208,8.93970857418647,5951.87114214688,24.5747977278262,10.2590059511896,10.4612675286156,15.756881309535,32155.2217356367,17112.345540945,-1318.31398287906,0
1614,1209,6.45166168172445,4659.92206938687,24.3713266995026,12.0212676200499,12.3094914235786,18.4777007305888,26400.6130682216,18833.2782467624,1180.31213146522,0
1614,1210,8.51130644064871,4296.16602415277,24.5806852472402,12.7065996455911,13.0330331681303,19.5371225181844,27533.8903158324,18925.3671265034,-1036.12467961889,0
1614,1211,11.2671203048171,5894.86203157892,24.2881341870892,10.3053491391702,10.5081491435655,15.827956383618,33642.6977189478,17655.692826655,-826.394788877767,0
1615,1212,8.1267065944538,7981.50096414688,24.5747977278262,8.51474491694159,8.64170909256204,13.066534171855,32172.5122507177,17116.0526963093,-1317.75192881276,0
1615,1213,6.41919735350587,3418.87864256156,24.4075818164845,14.812395382236,15.2588498144546,22.7930749551977,26336.0888399411,18881.6799243344,1078.33736021242,0
1616,1214,8.38523697826209,8063.79010014688,24.5747977278262,8.46028930383303,8.58509946752974,12.9825959345795,32155.9235332167,17097.9924644982,-1279.06271755512,0
1616,1215,4.28600015669311,9298.20167510907,24.4915158786157,7.74108948807968,7.838341149923,11.8742610990935,32664.3173911422,17050.6747518456,-451.270974653462,0
1617,1216,8.60667756457824,9591.86620965889,24.5825862842932,7.59754364029177,7.68997131897178,11.6532345394345,32202.4848807673,17144.5491793565,-1229.85686682917,0
1617,1217,6.07346497241878,9717.84154876771,24.3212306641474,7.52768441142536,7.61669357524989,11.5453708045162,33190.8869006974,16956.1855701456,565.50898815915,0
1617,1218,9.6277503727349,2155.40000828723,24.4358165567463,20.514405441571,21.3443210605691,31.625532863729,27506.4803883157,24824.5352239129,-1184.28424330202,0
1618,1219,10.7307888906767,9016.28073586918,24.6547484672336,7.89587597960921,7.99941768620147,12.1128972506032,32104.2602102402,17805.9580315844,-1102.02296068025,0
1618,1220,9.81922116867093,4180.41839214385,23.8876586935182,12.8785208322283,13.2090498704128,19.8013725781609,29739.4728170389,15455.1509078564,-1199.54073570312,0
1618,1221,8.87332518005207,2312.59957028723,24.4358165567463,19.4967360654748,20.2532603031969,30.0477850142691,27490.0223679219,24849.4476702446,-1208.15355187354,0
1619,1222,10.2416347408186,6418.29451053305,24.6658379802178,9.77883797122511,9.95967079491139,15.0160792687669,32116.5601342766,17922.7294971436,-1057.13099503949,0
1619,1223,9.65597988131112,2349.44906828723,24.4358165567463,19.2764363718563,20.0173311183335,29.7063141304226,27513.1632171948,24855.8282426882,-1212.84893990345,0
1620,1224,10.7088304411292,6050.37522113807,24.5425449734031,10.1491834803027,10.3461820988115,15.5873475563159,32123.9798123896,17894.6862082213,-1017.27448680241,0
1620,1225,9.61909388285959,2238.02270752453,24.4198219305888,19.9601306399456,20.7496221783329,30.7660856899004,27469.8813235909,24893.0796291401,-1230.31278997512,0
1621,1226,9.81640757737518,3102.15069357833,24.4232356103065,15.8415122067466,16.3517870079188,24.3856991907638,27647.7773554331,24741.2806058993,-1242.63222341649,0
1622,1227,9.76818286184509,3856.49647158452,24.4177931949731,13.6472684243354,14.0251197792334,20.9909687589217,27771.8753523419,24716.8122414116,-1190.61845758665,0
1623,1228,10.4900809523026,3107.59576992582,22.8946862299989,15.6282381839522,16.1095838608549,24.0513185787307,20650.8029034619,19301.7859595922,-1164.06350182635,0
1624,1229,9.03357368159907,2717.34458068777,24.3391928827731,17.3666956850493,17.975141039749,26.7470046233959,25416.2726826872,24488.2246798118,-1229.52990895904,0
1625,1230,9.59185122715948,2934.30068068777,24.3391928827731,16.4556956804051,17.0043415373253,25.3362646716608,25428.6535642633,24477.8693010363,-1165.99455316476,0
1626,1231,9.43434531012607,2992.66354814601,23.1306960412324,16.0713932463632,16.5827242499201,24.7378188932839,30436.357539524,13693.0096357413,-1331.82051909546,0
1626,1232,9.54301843194098,2361.53657668777,24.3391928827731,19.189015072291,19.9225071890261,29.5704778422007,25422.7347226567,24519.1077328994,-1136.32274940574,0
1627,1233,8.76765388813703,4214.84299989099,24.4477815893409,12.8582619165864,13.1920099524064,19.7712547186932,28253.2319372287,23787.9008996454,-1277.4891692234,0
1627,1234,9.17725073732499,3337.25781306186,23.1590347093962,14.9142408008116,15.3549947546441,22.9473767088386,30441.2081345613,13634.2933968201,-1340.90588443055,0
1627,1235,9.68550123595076,2587.17092068777,24.3391928827731,17.9799738399959,18.629721717656,27.6969924194547,25484.59736292,24487.8824467273,-1176.28040578036,0
1628,1236,9.09465452435175,3751.32785589099,24.4477815893409,13.908220092171,14.3013852973491,21.3945700760324,28228.6177785267,23795.6109801881,-1318.5774898941,0
1628,1237,9.00867156079246,2670.02419506186,23.1590347093962,17.4057714293038,18.0031688538716,26.8037663776135,30445.8034654968,13649.7233732589,-1332.12630105098,0
1628,1238,9.57716589525093,2717.80712668777,24.3391928827731,17.3646125191782,17.9729189837171,26.7437781197051,25410.9417775611,24455.956150098,-1165.61911646759,0
1629,1239,9.0520712178454,4214.6781515845,24.43815636752,12.8577416034626,13.19138737282,19.7704301892897,28255.2322697346,23794.2744561553,-1376.67391917438,0
1629,1240,8.99259061788145,3145.12752014601,23.1306960412324,15.5295978864002,16.0073338821979,23.8993571103224,30407.520688381,13673.4378188892,-1408.15464250366,0
1629,1241,9.74100720239129,3373.54317268777,24.3391928827731,14.9408735216887,15.3944884301237,22.9916809008316,25436.9797879338,24470.971381224,-1176.93356890814,0
1630,1242,8.90379231737084,4396.32252125598,24.3483945458348,12.4929618096654,12.8060740882852,19.2064814298393,28216.9938972993,23821.7605197426,-1306.39470605203,0
1630,1243,9.48933913732907,3543.16503655419,24.2243169435171,14.4350381567079,14.8571995223473,22.2088441524656,25434.773260637,24476.132597836,-1172.64347006332,0
1630,1244,9.34313760998181,2784.52891614926,23.2467383179266,16.9141454280565,17.4804649522464,26.0427817474593,30451.7898915368,13647.9369325995,-1371.1011946092,0
1631,1245,8.96859833251871,3498.27844925598,24.3483945458348,14.5748681134642,15.0064839337817,22.4254560304353,28296.257635552,23779.92980171,-1393.69716406008,0
1631,1246,9.27881458354535,2614.92871614926,23.2467383179266,17.6763746857827,18.2927145907101,27.2231372266735,30442.2084587598,13691.329513653,-1306.45380022012,0
1632,1247,8.85303448270304,3085.22069832663,24.3484253147856,15.8923237691492,16.4050564047229,24.4641423551941,28382.1327468183,23704.7149435012,-1290.2805291957,0
1632,1248,9.3326975798945,1887.91653414926,23.2467383179266,22.3398074344725,23.2876420385435,34.4517763942041,30454.6528578116,13654.211105982,-1297.14020224058,0
1633,1249,8.85060532029988,2549.83471632663,24.3484253147856,18.1678885047494,18.8305640088603,27.9881534384174,28401.18572632,23675.8603009816,-1344.39309549055,0
1638,1250,10.0973867180368,1674.56669337765,24.5659023359602,24.7476005499126,25.9036398519003,38.1942962590795,31049.1291778852,19316.7101126869,-1177.89731238509,0
1641,1251,9.28512411232128,3351.08207303014,21.1747088135396,14.6350645221879,15.039669985327,22.5101415481739,24936.1621417,9570.70818604165,-1313.43035181176,0
1642,1252,9.0363513670713,2984.81171903014,21.1747088135396,15.8343636331392,16.3095406503947,24.3650901118775,24921.6230201753,9580.1358363717,-1261.71901960311,0
1646,1253,8.00845283796508,3647.33811792505,24.240455872742,14.1546829610166,14.5604462531,21.7752478920877,31690.1088141506,15895.0298299555,-1520.77396412388,0
1653,1254,8.65255573576773,3544.80900570697,24.1498756370893,14.4223915761489,14.84313385353,22.1890978000645,29624.4528305832,18052.2751804451,-1369.24908460404,0
1654,1255,8.84931154749814,3417.38114521703,24.1618849301684,14.7890989862553,15.2318727827862,22.7564062448327,29634.5341870781,18087.6561016458,-1360.80497785692,0
1655,1256,9.03849074992457,3148.5515867053,24.1260015089146,15.6425111060307,16.1373107490857,24.0768690819889,29635.0209483762,18065.0841184157,-1452.85537825246,0
1662,1257,7.44952980066434,3178.27974514313,22.8030526676863,15.3770300492782,15.8420977387273,23.6623650460388,22957.8747323786,17458.1188532232,1174.42648593074,0
1663,1258,7.28138498449156,3295.37261600886,22.7880237167567,14.9990495593369,15.4412202104947,23.0775650902564,22936.0706969489,17448.7822775944,1246.29190485625,0
1664,1259,7.26753706881942,3183.28230200886,22.7880237167567,15.3585666922477,15.8223607279263,23.633756353522,22943.4383791311,17456.9756660137,1238.54768501451,0
1665,1260,7.10039990557349,3030.6477872362,22.7629285388719,15.8832358695808,16.378906765285,24.4455338655463,23065.4191334219,17396.9634654858,1160.33959660563,0
1678,1261,8.7512728141892,4268.56050807955,23.1884145687564,12.6381858859784,12.9502746126012,19.4284600027755,31218.5101037434,14448.5479883801,-1398.1787761937,0
1681,1262,6.84106219900255,2088.89099823779,22.2627531092292,20.5530405744038,21.3546736646405,31.6768658117044,24784.1974159522,15659.5023930578,951.97921423091,0
1705,1263,7.80012715413309,2598.17277710228,22.9330602128333,17.7074313062399,18.3220368209182,27.2701911162356,22578.0467862997,17883.7369294179,1266.05286179507,0
1727,1264,8.31063747222294,2937.30803833137,23.6173153575389,16.3467873206779,16.8807510329446,25.1655384788191,25632.6807136802,22658.199227415,-1436.11100245893,0
1728,1265,8.1936682342876,2837.79457033137,23.6173153575389,16.7442319583341,17.3037163285241,25.7808495869307,25594.7446549863,22662.1362371499,-1408.19340540846,0
1729,1266,8.1363271223154,3045.03720433137,23.6173153575389,15.9432207329227,16.4516561359749,24.5408556115702,25623.358571696,22647.0967549982,-1443.444837847,0
1730,1267,8.32972738520227,3216.24707677215,23.699670090165,15.3625443853559,15.835768347246,23.6424419681338,25572.5445602625,22649.7717534251,-1468.68723527442,0
1733,1268,8.6177171518681,3343.33709677215,23.699670090165,14.9591311741582,15.4078007780944,23.0182614332687,25561.6627317816,22649.2286322389,-1495.93435771894,0
1734,1269,8.71440253886956,3584.35289383166,23.1157027122323,14.2019450422103,14.600402300445,21.8455678527941,21631.7123706513,18660.8579801515,-1399.82401189001,0
1734,1270,8.61983018841999,3101.62377277215,23.699670090165,15.7519237902135,16.2492410675325,24.2450166710342,25572.966493021,22635.4798245514,-1515.31902135003,0
1735,1271,8.8078681041095,4068.02182783166,23.1157027122323,13.0429622336272,13.3762996780644,20.0538200187941,21626.316934332,18662.5384241823,-1362.83738831723,0
1736,1272,8.50123656760898,4025.77595983166,23.1157027122323,13.1342441835,13.4725695159852,20.1949001926054,21600.7272860555,18665.7795782027,-1422.65923592336,0
1737,1273,9.04175648387107,3755.5911976443,23.1491538256516,13.7645925815358,14.1383195838873,21.1693935009733,21604.4594164449,18676.3512946298,-1415.65079945626,0
1746,1274,7.76624148878817,2618.58862921657,23.2994719754395,17.6671455620992,18.2835046503477,27.2090175022207,22639.4840851457,19654.0734051922,-1446.04781863889,0
1746,1275,7.93553785868662,3362.9374344675,23.6430324252193,14.8927929864508,15.3369253147682,22.915482099322,23062.9175407573,22571.1256373652,-1525.20471924745,0
1748,1276,8.04812737538302,2448.4692415614,23.2844360968057,18.5241063034603,19.1980454959931,28.5364407613048,22651.0918015578,19646.6957944321,-1422.40286257845,0
1749,1277,8.45036837398841,3399.5226204675,23.6430324252193,14.7829855348837,15.2205318106466,22.7456094397608,23069.251334786,22538.6331362955,-1478.72907264682,0
1749,1278,8.57655904870591,3120.35868982553,23.3119090635628,15.6374064205499,16.1236390119289,24.0666965944644,22672.1856804823,19657.6272343211,-1526.0521090269,0
1749,1279,9.0686464690949,4515.31231507131,21.8238831076811,12.0604253381203,12.331961290934,18.5330230545277,24256.6544317111,8819.5293965993,-1130.33486059414,0
1750,1280,9.84074966095799,4081.6288496056,21.8788786368631,12.8961172859518,13.2113058632897,19.8240712118695,24276.3423401605,8865.90390725278,-1097.2218848079,0
1750,1281,7.96948212398288,2261.71692287125,23.1765928234007,19.5834098457785,20.3293705553473,30.1775260089553,22667.0757954482,19682.8233111022,-1469.40902480147,0
1750,1282,8.02275354373631,2575.24507438571,23.5717886862435,17.9191268075189,18.5556131182229,27.60021413869,23037.9887929739,22557.2342136842,-1503.391823836,0
1751,1283,7.92206251233641,3316.32180287125,23.1765928234007,14.9806270917079,15.4255268142468,23.0501218285833,22650.1563634207,19650.8556532101,-1519.25071995066,0
1756,1284,7.36580131102369,4945.77273503084,23.6988832584539,11.508175661735,11.7654646020307,17.6838908338155,23905.2932208845,23094.8426328748,-1376.25703360674,0
1756,1285,7.48581305821926,2857.21185887125,23.1765928234007,16.6029571404889,17.1484543799393,25.5607785345173,22635.9427326329,19645.1150233959,-1436.31253844778,0
1757,1286,8.68341779753882,4584.3114173264,23.7480865229211,12.1013685505323,12.389346251142,18.6002246039246,24522.648551655,23310.8137320708,-1291.3421723841,0
1757,1287,7.97145119220065,2423.78201553031,23.1488584484713,18.6350229290211,19.3148123473745,28.7078081200564,22668.3137828567,19633.9707744175,-1517.54330067733,0
1759,1288,7.81637285723203,2436.88970087125,23.1765928234007,18.5684483298063,19.2440420926899,28.6047611702207,22644.2156249375,19659.8130990693,-1505.6861593778,0
1761,1289,8.67661047379756,3176.40828652606,22.3267065266967,15.3232072979354,15.7801051523826,23.5777395488743,22155.1862518101,16140.6521278035,-1384.8538277653,0
1762,1290,9.10919556300336,2490.66019050357,22.2800758674767,18.1350102624758,18.7698529722621,27.9301671106536,22117.2192819634,16055.3033114489,-1199.94326427381,0
1763,1291,9.07690386263965,2265.22408050357,22.2800758674767,19.3965799086345,20.1171423935445,29.8845886454031,22082.7801813395,15988.6229224306,-1267.73919815403,0
1764,1292,8.86770696540384,2691.29182800165,22.3010338976531,17.1791435386338,17.7515323716302,26.4500283507556,22156.1990057722,16015.2064946137,-1207.71157989433,0
1769,1293,8.44699782630094,3912.6403585773,23.6432078286846,13.4392441006264,13.7988553023068,20.6675641949868,28861.2694141719,23378.7099970475,-1376.2694726552,0
1782,1294,10.9507662162009,4212.55998492413,23.8081519112154,12.8056673595144,13.131605405736,19.6886061046479,28228.5728032884,23767.3496999145,-986.849096258616,0
1783,1295,6.93741481564229,7071.09524235154,23.1201562546898,9.11596583715326,9.2604801162813,13.991532680311,35400.4418879762,17279.217005074,-227.303335582799,0
1784,1296,5.8596068009959,6797.01624292018,23.5422798583661,9.36858576900922,9.5257540528334,14.3816587249249,33010.5791737068,16152.415392412,600.965089889569,0
1784,1297,5.11687006240132,7740.33322635154,23.1201562546898,8.61367785866953,8.73809167367884,13.2172388162289,35343.5112828261,17067.4122789786,-276.607664345105,0
1797,1298,8.09909650799016,3645.122520179,22.3329307252405,13.9569590964951,14.3342359407226,21.4647842276613,22639.007115912,15794.3002226074,-1453.64983560342,0
1799,1299,8.11731232496268,3951.129738179,22.3329307252405,13.2227601810742,13.5593406829489,20.3298900840198,22628.3940903995,15789.0789401021,-1495.93442650611,0
1800,1300,8.30843903304974,4031.66416593496,22.293070132129,13.0422589095409,13.36873832515,20.0508517432895,22645.733748969,15790.9338685279,-1484.01906807021,0
1801,1301,8.0776129725643,3617.92778193496,22.293070132129,14.023197026229,14.4038513036415,21.5670908410512,22638.2152751778,15806.1524076237,-1515.47948919628,0
1801,1302,8.30952164605318,1609.80291994674,23.7043676892649,25.2642001628091,26.4467189164802,38.9922412987833,26633.5553799914,20847.052170375,-1506.72103623975,0
1802,1303,8.03736628967756,3384.91472793496,22.293070132129,14.66920479778,15.0870094318637,22.5660304531339,22655.7417548552,15803.0692041875,-1452.9250714183,0
1803,1304,7.91938415672231,1521.41258194674,23.7043676892649,26.3627573226657,27.6338067376549,40.6979998969756,26649.767286615,20825.102568357,-1518.76475165912,0
1804,1305,7.4008847609946,2372.62246204416,22.6215782389495,18.8280935131604,19.5141964033501,29.0050381228149,24350.6411012784,16572.3586559794,1084.02034912486,0
1809,1306,9.21523004755803,3388.49840977761,23.7005834387897,14.8224736398424,15.2629299879851,22.806846971049,30170.1321245213,18213.886885173,-1198.61771754277,0
1809,1307,7.93904623105092,2072.92395771447,22.5712335811576,20.7301495501257,21.5490835491067,31.952695460653,25654.2839016961,11974.6684428664,1209.83564458992,0
1810,1308,9.08118754984096,3931.30041396005,23.9800663227157,13.4290760452729,13.7909075304396,20.6526144231338,30167.669186447,18235.2349151488,-1218.7721454208,0
1811,1309,9.28998666451071,3451.87003642882,23.9641822693167,14.6656512853016,15.0991825656305,22.5649255556644,30154.0269624972,18210.3826200264,-1231.51823840029,0
1812,1310,8.68589486596127,2434.84151242882,23.9641822693167,18.7114064354405,19.4067976739912,28.8290098127372,30165.5140720081,18230.4449782868,-1162.60688881715,0
1816,1311,6.94052033671766,2866.95493141164,23.2414033960848,16.5727317859068,17.1170162749957,25.5141851364532,24133.2545183744,20435.9771236787,1145.67287778083,0
1817,1312,6.85554351880718,3084.47599891274,23.2661505351881,15.7567845236986,16.2499316150338,24.2513072325806,24148.9399809667,20465.8586962386,1163.15510630623,0
1818,1313,6.59857091011574,3708.51663091274,23.2661505351881,13.8944482926683,14.2765889387018,21.370453886477,24100.3574001246,20428.0713583218,1041.39528478977,0
1818,1314,7.12129998469462,3754.44888035103,22.9372801748373,13.7454571105959,14.1162403216032,21.1392955478126,24178.4135529653,18571.5890510886,1229.47366583342,0
1819,1315,6.89061175055024,5330.27497727226,23.073576323194,10.9159571546515,11.1401598287936,16.7683824962667,23567.6461348512,19901.3877409446,1052.91469715441,0
1820,1316,6.97918437838954,5537.53797191567,23.0293626360078,10.6470016671629,10.8582393665101,16.3531735381983,23550.4099775368,19924.3393499112,1122.2955491661,0
1821,1317,6.78738737767025,6105.45635591567,23.0293626360078,10.0001801095471,10.1819735332766,15.3550986373086,23561.7176803041,19932.7510820776,1071.67853344345,0
1822,1318,6.72445927099979,6903.54346786066,23.0638836566753,9.2518438608317,9.40168403540176,14.2009619813274,23581.5011381659,19908.4876931284,1075.94299014361,0
1822,1319,4.45106503102733,5769.81452138202,22.7808906259099,10.3530530876986,10.5492341009046,15.899134540211,22967.0238050274,20318.8961618239,214.079354977867,0
1822,1320,9.06143639185468,1494.13438404205,22.3403054877085,26.3250538870914,27.5672384340801,40.6323100366964,24565.7043463229,10192.6045587525,-1264.84633349716,0
1823,1321,6.87861772554453,5734.46946586066,23.0638836566753,10.4122804823385,10.6128666476819,15.9909977721479,23579.5363856857,19921.5078268001,1073.86028934462,0
1824,1322,6.85411850729909,4986.42245386066,23.0638836566753,11.3990094668967,11.6465634568177,17.5141271445565,23578.0382122812,19929.6740764607,1062.01469743295,0
1825,1323,7.03904613553841,4263.24279586066,23.0638836566753,12.6374781899072,12.9485547207999,19.4270976056742,23570.1453331784,19939.7308025852,1081.20339247288,0
1832,1324,9.85786731977713,4830.28088024853,23.3778235929855,11.6630423202399,11.9259197022456,17.9224518679287,33571.7334199844,14210.9751116329,-1214.49885825159,0
1832,1325,4.44135375872005,3556.74750974173,22.9700330776888,14.2605207495438,14.6610269573671,21.9357813372651,34541.8258888949,14156.0541300489,558.571559734667,0
1836,1326,9.16948621178588,3092.51115354393,23.8634013157926,15.8048535067195,16.3071526807019,24.3273968922703,30793.6503000982,17644.680049413,-1319.10103031553,0
1837,1327,9.02498261949506,2059.60188354393,23.8634013157926,21.0900051914623,21.9540939469178,32.5158945352302,30795.6489644176,17646.5482995634,-1284.58426659297,0
1837,1328,9.01465922305644,1506.02031736108,24.1871034958922,26.7052673682464,28.0131293207631,41.232376499303,29234.814216813,21370.7536909969,-1434.27332240208,0
1838,1329,8.45367730393754,1535.10454712639,24.1698784109237,26.3157665814008,27.5914599666408,40.6273698640031,29252.9828301045,21355.004249211,-1316.32448980881,0
1844,1330,6.72932134612084,4413.86857042809,24.3422015233325,12.4593605024757,12.7706197391803,19.1545444210955,28341.5790010361,21861.3292014344,251.626034622301,0
1846,1331,7.72765609114456,3220.45747843506,24.3864125104728,15.431943888493,15.9161960492522,23.7516944972662,27566.9456291506,22491.6732299328,1236.80374691377,0
1847,1332,7.60420177052495,3556.59750405255,24.374134875024,14.4140078964325,14.836260062447,22.1766828067062,27552.3999766013,22502.650695368,1259.67018438716,0
1849,1333,7.55367048479253,3353.46599507745,24.3945563427924,15.0086245042779,15.4668858491915,23.0966525010425,27499.9778898015,22529.6017395664,1238.59016533649,0
1850,1334,7.77266947546777,3877.06096976229,24.5789339341739,13.614045343111,13.9913205961851,20.9399628349285,27524.822424173,22515.7529617991,1208.33650783306,0
1851,1335,7.75251100253334,3579.29147576229,24.5789339341739,14.3735005076727,14.7951594882145,22.1145236582684,27542.3712678324,22493.6579962216,1178.66885636421,0
1853,1336,7.79858887407311,3834.94725776229,24.5789339341739,13.7150145786883,14.0980971300721,21.0960945629279,27544.192735743,22498.3400915699,1267.38338281828,0
1864,1337,8.9701171108116,4379.32955104039,24.8680290801877,12.5694254070431,12.890498458927,19.3257027464189,28572.5753464732,23715.5297172781,-1374.9200662304,0
1865,1338,8.54502580484422,4673.48678104039,24.8680290801877,12.0374627010396,12.3299915535625,18.5036748804865,28582.1037361216,23726.5391477831,-1366.38148577318,0
1866,1339,8.44097795334434,4011.75966304039,24.8680290801877,13.3309676814573,13.6944164773592,20.5029079614083,28576.8776257915,23724.1802808061,-1409.86519266848,0
1867,1340,8.53070806844313,3551.85678304039,24.8680290801877,14.4802647049314,14.9108519209674,22.2803840601079,28575.4813523754,23705.6509855269,-1406.85839375235,0
1868,1341,10.3602614891564,4352.85100150759,24.7450452540577,12.6099377010907,12.9323153837288,19.3880654955433,30070.986532177,23724.1189393607,-1102.68293153094,0
1869,1342,10.4802536058995,3379.48487879448,24.7450826378475,14.9690701000712,15.428177341024,23.0363482828871,30082.948050653,23608.7457519104,-1023.15070860515,0
1871,1343,10.4542954367869,3335.11102997411,24.7000152027254,15.100667925687,15.567431997762,23.2398655118486,30058.9634601267,23614.6807408076,-1021.76037665977,0
1877,1344,10.1715464042862,3396.52035068451,23.6407289672306,14.7916517121769,15.2296948218597,22.7590097366396,29278.0838619305,15340.7743488306,-1109.05851358785,0
1878,1345,10.0458312410861,2712.12847868451,23.6407289672306,17.2873957778326,17.8826188132853,26.6219956449553,29318.3039899121,15300.8612369421,-1160.99006547319,0
1879,1346,10.3650854097593,3213.55036868451,23.6407289672306,15.3642142101761,15.8369557706381,23.6448647125933,29280.1614357584,15340.8901454602,-1083.16995564312,0
1880,1347,9.92574958495773,2934.21277638879,23.6922339012312,16.3689245323387,16.9051059173859,25.2000299032727,29331.4669310688,15359.8292520855,-1104.4051795565,0
1892,1348,9.47307363069569,2805.31512194168,23.4049157697206,16.8491695320231,17.4130720050089,25.9426715607848,30603.0363365244,14012.0936897319,-1360.75763549389,0
1893,1349,9.17527706499158,2725.88936594168,23.4049157697206,17.1912944044447,17.7774816418587,26.4724254715642,30601.2335417988,14014.2571003531,-1426.90012747956,0
1894,1350,9.20834314414054,2829.07835528781,23.4064233954454,16.7504288615851,17.3079665235421,25.7897976657938,30574.3708048168,14042.9402509926,-1394.57490999646,0
1904,1351,9.182561041686,3927.01474358121,24.1967487550578,13.4599367893318,13.8252920386452,20.7008175098088,29616.9610457904,18388.4703896825,-1349.54397607388,0
1905,1352,9.15951257972654,4163.26561958121,24.1967487550578,12.942028331569,13.2784524356919,19.9001949102027,29627.7904601973,18407.4601192494,-1398.30618627693,0
1921,1353,8.747541363044,2258.63259616414,22.0874514969382,19.4010284541594,20.1191985630364,29.8907379289733,25029.206450874,11102.8938001135,-1412.92577491512,0
1922,1354,8.72503691624622,2147.68763416414,22.0874514969382,20.1122640363151,20.8800430850314,30.9929377484916,25030.1053930316,11079.5610539717,-1389.22907915358,0
1923,1355,8.37091411603225,3375.53725511242,24.4642995204318,14.9491136452508,15.4043975210613,23.0047520350425,25679.4684064178,23580.3268397564,-1411.94478181589,0
1924,1356,8.58473002168138,1828.78343111242,24.4642995204318,23.1496493194923,24.1784167827555,35.7135478270426,25724.0816357743,23602.8823658199,-1357.20001491493,0
1925,1357,8.50317185136211,2190.95694911242,24.4642995204318,20.2777079402673,21.0907671265312,31.2586263971416,25688.0649232884,23559.5609141119,-1361.73062460369,0
1926,1358,8.82865532601975,2484.16706111242,24.4642995204318,18.5270731866771,19.2158676361849,28.5450740878238,25703.3026506952,23581.4203870841,-1384.57451416729,0
1927,1359,8.23718841225817,2592.11648711242,24.4642995204318,17.9749102683432,18.6257827438491,27.6895525153422,25726.1406920281,23565.9111227294,-1373.5026658928,0
1928,1360,8.19692828866648,2338.44304511242,24.4642995204318,19.3464891200582,20.0927078342947,29.814995445623,25714.3662331466,23609.8698941822,-1416.73929452258,0
1932,1361,9.5350694316517,3167.69965356579,24.2671097290819,15.5944707927887,16.0876739797912,24.0029045193126,29499.9771551848,21425.4486931567,-1176.50175925388,0
1933,1362,9.72319478536967,2608.66217948329,24.2852719882793,17.8666083080687,18.5080293214839,27.5211948522189,29432.5060029387,21446.5544979739,-1221.35561766295,0
1934,1363,9.5037185170525,2748.94577348329,24.2852719882793,17.2180679966237,17.8160253461494,26.5166438264334,29442.3086062794,21431.5312051304,-1204.48327549127,0
1939,1364,9.14398088097778,1417.2520863421,22.1906072635527,27.3489311435518,28.6709013329863,42.2213580589167,26056.848002276,10969.1143884822,-1455.19884595299,0
1940,1365,7.37176109836701,2076.13553081085,23.1989022025205,20.8342658937631,21.6699948880822,32.1166728811565,25982.987394916,16214.2596048458,1212.54232703535,0
1952,1366,8.76717121688373,3315.34676249656,23.2989543052027,14.9981760484492,15.4453244105102,23.077599695939,21503.8920225831,21150.8740140225,-1463.6985137343,0
1958,1367,9.32142370463739,2561.52571336879,22.7492060916365,17.8560360827251,18.4782428066649,27.4997217114382,21553.9949040554,18484.89432415,-1357.34874886027,0
1960,1368,8.65453479527764,2938.28571372843,23.6112441975792,16.3421828080941,16.875787763259,25.1583925411643,26041.8998669244,18371.8880964494,-1231.83974452492,0
1982,1369,6.93078635115414,3308.48323961522,23.6103178378941,15.0564106757652,15.5100983843974,23.1685282797278,23093.2015556341,19861.0238090754,1053.00946812581,0
1983,1370,6.99860794375801,3362.46896561522,23.6103178378941,14.8904116568825,15.334088495599,22.9117120269875,23111.9904944222,19824.5695885142,1083.13730240356,0
1985,1371,11.1218725670371,4520.49538043004,24.1033704958922,12.2435567817632,12.5415691238884,18.820608451368,32154.4234187945,20407.1866743459,-909.021351102147,0
1992,1372,9.03440515413121,3501.9075116127,24.129224473883,14.54044513813,14.9680169953436,22.3716581345904,29754.5065480432,18453.8364211282,-1363.23914457918,0
1996,1373,11.8721520872329,4288.87447797391,24.433474326982,12.7081927983639,13.033607252703,19.5392797070225,30986.2446195768,22633.3476560718,-941.029688472219,0
1997,1374,7.00238327377027,4257.30211098995,24.4789453765645,12.7750877703356,13.1045044540443,19.6427644374063,30657.3313056354,22120.0927960275,1000.04105618064,0
1998,1375,11.6145889193417,4861.9445160466,24.3775591260085,11.6897316494426,11.9608107530748,17.9655636144085,30948.9354949892,22665.897634136,-894.985560940407,0
1999,1376,11.557505668435,3968.24891830823,24.4227776467799,13.3871519628727,13.7502264617057,20.5887933928153,31006.9171204851,22670.5241536056,-924.184726017085,0
2001,1377,8.46988790751152,3910.50562467443,24.032972458088,13.482275123829,13.8475463942102,20.7349826093811,22968.8609707247,22893.0750664532,-1409.88202876544,0
2001,1378,11.8108033111353,4301.05910420996,24.4914667083884,12.6891860457053,13.0139993396128,19.5100246050028,31052.161115201,22642.6482714598,-927.684634899378,0
2002,1379,8.71533632392991,3757.07671858656,23.9307067374031,13.841209731771,14.2260882349846,21.2897282648998,22539.283778648,22382.2053136097,-1348.29296557248,0
2003,1380,9.17959090406664,4070.48467258656,23.9307067374031,13.1142434794419,13.4580829434678,20.1658104408277,22565.7009723334,22367.3113955962,-1421.13748096399,0
2004,1381,8.52075681091327,3455.10025858656,23.9307067374031,14.652526979611,15.0849644285169,22.5445376928157,22551.4610055326,22392.348936856,-1306.25340523553,0
2007,1382,10.3827857375717,2285.04900703235,24.5391888430417,19.6840653587166,20.4553000937266,30.3385424131696,30069.5536300437,22506.3005615118,-1087.63691932413,0
2013,1383,6.87630924273574,2315.98494089046,23.7849349148214,19.3618409900457,20.1003458122937,29.8363653125665,23930.5442976593,20589.349793496,1169.58744852974,0
2014,1384,7.43681360641309,2508.36002489045,23.7849349148214,18.2904903181606,18.9547287778731,28.1762236888104,23953.9401836524,20562.3926584726,1192.35147338642,0
2015,1385,7.39009405105487,2880.33511289046,23.7849349148214,16.5944344771927,17.146087792903,25.5494302974318,23937.6292249333,20583.8348706611,1174.21678226603,0
2016,1386,8.73202702014612,2563.13259809468,22.2600621267403,17.7695520062083,18.3799324618934,27.3641020299337,22281.8953480076,15376.6033209052,-1176.72473988975,0
2017,1387,9.0123532543341,2374.23762209468,22.2600621267403,18.7555801396897,19.4319135323518,28.8913665523821,22266.8795120637,15417.3041965319,-1116.55296411948,0
2018,1388,9.45137605745543,4346.99631209468,22.2600621267403,12.404302187419,12.6968110613963,19.0651050011329,22320.0945953098,15425.920482011,-1131.63528374014,0
2018,1389,8.54655769994218,2496.96401283854,23.8854834717769,18.3660147432421,19.0366491818397,28.2935743188292,23011.4559770139,22590.1595437693,-1485.03450433525,0
2022,1390,7.44317998720205,2389.31624570185,23.3310773166041,18.8571032863053,19.5545055747779,29.0525499107905,24122.6408174677,18631.1975962778,1115.37290228745,0
2022,1391,7.99520498626857,2714.45278779191,23.8064070540957,17.3014670221236,17.8995224881556,26.6443115745114,23017.0101468594,22557.1675179605,-1438.94673904383,0
2023,1392,7.12048447716483,2780.14558970185,23.3310773166041,16.944983815832,17.5142619993114,26.0907942485137,24130.7407507173,18578.1285605618,1253.17827760837,0
2023,1393,8.4328740659085,2697.60289779191,23.8064070540957,17.3773947172789,17.9804755826452,26.7619017216693,23030.7259372235,22553.3799552152,-1431.78059550203,0
2024,1394,7.35634913250357,4344.64109979192,23.8064070540957,12.5448621247139,12.8567113283735,19.2855647989207,23020.4650838368,22556.858306703,-1382.22918887655,0
2025,1395,6.90076382314954,5340.79047267263,23.8124408009316,10.9533274660645,11.1840145902511,16.8273683443053,23702.4481001691,21466.0927920879,1092.14037628139,0
2026,1396,8.19886354493978,3754.98305379191,23.8064070540957,13.8337206676089,14.2170998733372,21.2778531570489,23037.1275052627,22560.0257244883,-1437.85041069209,0
2028,1397,7.22533558769465,2752.76727170185,23.3310773166041,17.0627102939153,17.6396452013909,26.2730814145353,24135.8561946128,18580.4010704963,1260.66310285131,0
2028,1398,8.08764696014834,3094.86383379192,23.8064070540957,15.7892910820904,16.2900338100589,24.3031501664833,23021.4304650103,22556.9489861517,-1433.37777557035,0
2029,1399,7.04237915314146,2577.26410370185,23.3310773166041,17.871345349798,18.5017118053038,27.5253997899427,24128.6421742679,18557.7668975558,1218.20996053801,0
2029,1400,8.27377804746794,3433.68979179192,23.8064070540957,14.700854067216,15.1350237836501,22.6189785894723,23047.7935983248,22574.1799401366,-1415.38830876523,0
2030,1401,7.43340471339731,3042.241407578,23.1486910710916,15.8921808815041,16.3925093886582,24.4605070173717,24146.0443148561,18608.4361474489,1229.09449368153,0
2030,1402,8.05048365843605,3761.39718267065,23.6709531015839,13.8039156806334,14.184419411534,21.2314447105379,23038.9677976275,22565.9071703796,-1459.15318186202,0
2046,1403,9.82791122030187,3399.99950509276,23.1514261405941,14.7249455712781,15.1543588859871,22.6545395312757,32800.4306747433,11801.4730092485,-1064.66628616688,0
2061,1404,8.29567710004552,2025.99705857112,21.8524911737742,20.9248772749527,21.7468657503836,32.2515631287441,25513.0605145606,11081.6377853651,-1403.61005024557,0
2087,1405,8.36960203620503,6292.69697797995,22.8653085269802,9.79982083533948,9.97189576854166,15.0457689759367,22012.8569638439,19424.589325295,-1485.95587756335,0
2087,1406,8.44137930423362,5262.77342603547,23.1280741174493,11.0104079837803,11.2394803356426,16.9142814670088,24283.020234649,19265.0747980625,-1506.4559855547,0
2089,1407,9.93510566766822,1973.94681740867,23.2673914415696,21.6276089483711,22.5225788057462,33.3471970619464,32872.1227003284,12500.4379263761,-1096.73106302597,0
2093,1408,10.800867335479,2865.93602153419,23.8867895839597,16.6667089997492,17.2241409269106,25.6616367632363,24292.7325709026,22562.7896967964,-1053.39784537564,0
2109,1409,10.0355936165019,4998.59475388405,24.2675937465087,11.4705479300992,11.7297374431688,17.6268278683705,29168.0774683489,23250.1891202516,-1101.67251265681,0
2110,1410,9.96408119332282,5077.96826033511,24.203587290566,11.3480594036377,11.6006728798687,17.4375476043792,29159.2664862471,23286.5491630642,-1080.60204843346,0
2111,1411,10.3965017315417,5580.61571022146,24.2223646948312,10.6725620632807,10.8922706786981,16.3946344002106,29191.1487904145,23279.6873740351,-1059.16895940715,0
2112,1412,9.93572846324113,5219.03689422146,24.2223646948312,11.147896784826,11.3906825140508,17.1284917307397,29111.9029492746,23305.5991507474,-1073.81725511747,0
2113,1413,10.3577468491648,5288.57297622146,24.2223646948312,11.0520523515239,11.2901219877502,16.9805026868375,29139.9516353411,23297.2180211124,-1062.01261525561,0
2121,1414,10.852886038685,5125.88753658419,23.8648525907747,11.2541359115611,11.4998721948356,17.2919016703113,32462.025379815,19666.8055025151,-986.054312946584,0
2121,1415,6.39596336694552,5057.50702887237,23.8755378532841,11.3541336383202,11.6049018376154,17.4463343137352,32556.1054483678,16837.2734261449,-332.363799481344,0
2122,1416,11.225895918361,4359.70590565224,23.8122666953719,12.5165341155769,12.826911247934,19.2418035021337,33239.0218567314,16639.6834399437,-994.646139289007,0
2123,1417,10.8959322760164,4043.58875365224,23.8122666953719,13.161524678269,13.5070331725793,20.2386332874946,33216.4895718202,16638.3499163277,-1035.16327719281,0
2124,1418,11.11104286028,4768.57454365224,23.8122666953719,11.7960189924246,12.0686745328705,18.1286678765161,33221.2888225214,16626.793427908,-984.252633679626,0
2125,1419,11.2202930502727,4206.68764064557,23.8168718949856,12.8183795263555,13.1450768321127,19.7082711397339,33252.4923025067,16657.3681923936,-991.925156428117,0
2126,1420,11.3708061501363,4553.68888765224,23.8122666953719,12.1603960501358,12.451922410318,18.6915436791754,33242.8199535264,16635.8316607135,-1017.83424479164,0
2127,1421,11.2520243522187,4994.03267965224,23.8122666953719,11.4436772684315,11.698495722975,17.5844961450452,33214.4599916518,16611.0716012828,-999.586367125655,0
2128,1422,6.43422144474118,3617.41177501462,23.8725941034654,14.1951208891154,14.6000067165265,21.8368954133042,32102.5480701916,16797.4598228896,365.592064779768,0
2130,1423,8.05315900252843,3562.22611168715,22.8264983630801,14.2298407153221,14.627246594263,21.8879717304719,21644.4056876825,19577.5767155659,-1504.34279761131,0
2131,1424,8.34339394174936,3280.88801368714,22.8264983630801,15.048917682467,15.494451488232,23.1548138722614,21637.4665318277,19580.8060902362,-1489.40058098838,0
2134,1425,9.33473170493469,2650.10686718888,24.0507084055513,17.6331171133664,18.2560695641597,27.1587536641836,30809.5158108563,20405.9659556312,-1215.93029070714,0
2135,1426,8.24134391564447,2291.68208250196,22.9395426196462,19.3568283726243,20.0837034188786,29.8254890165599,24558.9723664426,18068.4831845762,-1466.46544156274,0
2136,1427,8.18539185676464,3017.0402042585,22.9025673236991,15.9511987495401,16.452581655119,24.5511232126805,24538.7658464932,18063.8304372619,-1447.01739280635,0
2137,1428,8.4232474013159,3425.97703050196,22.9395426196462,14.6244273090544,15.0458780999907,22.4985043342163,24567.081112957,18068.2568334396,-1393.91695001059,0
2138,1429,8.32961465314299,3249.13027650196,22.9395426196462,15.1631815315093,15.6167056185008,23.3318938443485,24547.7683061175,18062.3679307105,-1461.46589877175,0
2139,1430,8.31831828567949,3817.5789310239,22.9220533644994,13.590604797183,13.952556625152,20.8998631275427,24538.7028154626,18085.9788560799,-1398.16591959635,0
2158,1431,8.59156015634639,1144.55445446957,24.4622770380578,33.1259332823467,34.988367208935,51.212431635935,29524.9246265646,19478.7949710404,-1456.82006655898,0
2159,1432,8.72492969290852,1550.10706860081,24.4380120016299,26.1969286693147,27.4677190144492,40.4441404644472,29580.7306641465,19409.1246431975,-1416.49599427895,0
2162,1433,8.86522039282604,3587.02674652387,24.4032853650378,14.3336170099631,14.7513573534425,22.0524030380618,30717.4650773523,17884.772518297,-1313.97990728807,0
2163,1434,8.9463009867053,3438.37327252388,24.4032853650378,14.7543008343857,15.1972036251195,22.703183915752,30704.2171151277,17814.5740684465,-1321.48626334459,0
2164,1435,9.0873557104148,3721.40737252387,24.4032853650378,13.9794528205273,14.3763834732041,21.5046279101524,30700.6179642597,17796.5207021904,-1388.22828179905,0
2165,1436,9.40199919284855,3592.73765158165,24.3603769013855,14.3135079495664,14.7296785939426,22.0211940132845,31247.3500942307,17295.9482787292,-1225.44164564401,0
2166,1437,9.24232122193861,3626.69082764964,24.3834897365161,14.2245405356465,14.6356616560588,21.8836398557355,31258.200561562,17299.7630626583,-1224.87703222002,0
2175,1438,8.03868738324083,1754.99069106382,24.3022674990599,23.8307740450071,24.9100044563667,36.769915088084,28253.289958782,21922.7069469921,-1332.75682360148,0
2177,1439,9.10346274058069,2807.66124408455,24.310453957407,16.9678056543712,17.5495179749578,26.1291473607149,28559.895848107,22407.6745821131,-1497.90390332709,0
2178,1440,9.4138686076967,4127.76402443791,22.1651593996749,12.8275343620502,13.1414746567237,19.7187627757306,25966.5073153233,8990.29585624474,-1228.28130638412,0
2178,1441,8.5871047127521,2284.65387408455,24.310453957407,19.6458890865058,20.4114118815247,30.2785401971295,28533.778980477,22385.3274946358,-1408.37439632487,0
2179,1442,9.51035799176679,4299.65492843791,22.1651593996749,12.4857521713979,12.781738379963,19.1907212951015,25961.1058647319,8987.96876949732,-1250.00931970305,0
2179,1443,8.84155969596849,2683.89715008455,24.310453957407,17.5148122746199,18.1328296444069,26.9763309194004,28539.8967001123,22406.956515573,-1417.56109176287,0
2180,1444,8.5267580996874,2591.46201482606,24.1420586251924,17.9284183671502,18.5723415597655,27.6164832398337,28559.5543294619,22403.9674727385,-1304.62508134296,0
2180,1445,9.64500992298493,3677.50656741883,22.3210384437977,13.8728334422056,14.2452608908305,21.3346950592332,25966.2184888061,9000.36819002915,-1239.95980447068,0
2181,1446,9.7626610150532,4071.37683789932,22.2909877522998,12.9572892988318,13.2791904882031,19.9195452445484,25971.3001274432,8984.4455928938,-1237.65147194602,0
2181,1447,8.44387828122416,2517.82909682606,24.1420586251924,18.2988661677908,18.9680306890059,28.1903998047186,28533.9614707486,22410.9844701408,-1357.19260365074,0
2182,1448,9.49050247419087,3950.91530541883,22.3210384437977,13.2220610159284,13.5585016913068,20.3287814618502,25970.5060907472,8985.66188892374,-1254.34367732047,0
2183,1449,9.5220873401492,4424.34348789932,22.2909877522998,12.2636052119163,12.5490909204052,18.8478343411429,25950.9301271883,9007.38343819099,-1230.83865150657,0
2183,1450,8.94341483404366,2385.98146082606,24.1420586251924,19.0144594741607,19.7331882887959,29.2992562373187,28523.872187478,22411.5238370684,-1383.25864619449,0
2184,1451,7.12386719301047,2912.19691923439,23.7013045426663,16.456216189964,16.9980788661845,25.3351930353025,23228.6817300134,21233.7231762789,1236.70841008657,0
2184,1452,9.5915161729366,4357.38444789932,22.2909877522998,12.3875292432957,12.6794119627102,19.0392617386561,25961.4412460543,9000.78235944502,-1184.36297553099,0
2184,1453,8.88530701784099,2616.81394082606,24.1420586251924,17.8053014867338,18.4409005350751,27.4257621948614,28526.1566990044,22420.9858915215,-1403.20916074012,0
2185,1454,7.30435720039921,2865.92029323439,23.7013045426663,16.6410357682792,17.1947803267776,25.6213287377682,23211.2566573347,21210.4661922476,1167.58901100163,0
2185,1455,9.02451462191032,3639.85324276968,22.3173590152109,13.9688732819237,14.3466796877098,21.4831645844106,25945.8116977509,9037.20820387459,-1218.82472167925,0
2185,1456,8.85379116244217,2196.24949682606,24.1420586251924,20.1823200178836,20.9841076851464,31.109530292174,28528.8886239718,22395.0561276972,-1405.27587355625,0
2186,1457,7.19895456168227,2928.8706012344,23.7013045426663,16.3909274950859,16.928612091412,25.2341190774267,23225.7263547301,21228.3279942061,1207.01433484768,0
2186,1458,9.41909622663528,3930.34435989932,22.2909877522998,13.2652144229988,13.6037449430111,20.3954029538628,25944.1331194718,9004.31905011366,-1236.78814734136,0
2187,1459,7.05830065227057,2408.0217792344,23.7013045426663,18.8155025327976,19.5147821443751,28.9893980337558,23239.5774634696,21210.4688742745,1213.44772582365,0
2187,1460,8.50305686778377,2756.67904082606,24.1420586251924,17.1634453300191,17.756183733785,26.4316073373254,28524.5817677535,22427.34984413,-1359.19918110448,0
2188,1461,7.19223316662615,2235.3819912344,23.7013045426663,19.8456127631502,20.6172645657014,30.5859016138944,23224.1296985753,21218.2983243442,1258.08820267359,0
2188,1462,8.72082284238941,1967.09099282606,24.1420586251924,21.8687869843608,22.7949041874352,33.7249046836969,28543.2105778064,22385.748218068,-1456.39693970951,0
2189,1463,7.31644624801432,3102.23724723439,23.7013045426663,15.7499782480189,16.2471909212964,24.2420102411062,23216.0840970822,21217.2380826901,1209.74105745816,0
2189,1464,8.66166537251966,2047.57399682606,24.1420586251924,21.2365786502774,22.1155102390515,32.7443143372727,28506.6177713548,22445.9037686221,-1357.02212988251,0
2190,1465,8.87249761269547,2482.87494312192,24.0059033732154,18.4596427228552,19.1381810942381,28.4390475388172,28533.5570704713,22400.7217845581,-1453.40431460226,0
2191,1466,8.86431887272561,3884.69351840091,23.8622939121815,13.52580744869,13.8921226771877,20.8018955388837,29091.9950883254,18297.8102126818,-1330.48507663245,0
2195,1467,9.45620471911756,4032.7445529559,23.2632197952375,13.13314658575,13.4726246080094,20.1935382752691,30247.6990961627,13519.9591988748,-1285.05481589683,0
2199,1468,9.73953852560767,5224.78947154361,23.5035928708757,11.0890883024304,11.324390793006,17.0364201560476,29025.9855162784,16008.5487305045,-1088.20367561895,0
2199,1469,11.8993445834406,6124.28387006707,23.7289733064504,10.0222854892168,10.2089997845698,15.3902913744818,30644.7144765596,16584.796501055,-952.145356634418,0
2201,1470,10.4342507889858,3105.2597531781,22.5638048761943,15.5936646934817,16.0694244958929,23.9968657124185,20496.3978123348,19369.6617737649,-1018.59896419858,0
2202,1471,10.420375002932,3294.41262511091,22.5234742934065,14.9700801581787,15.4078871864257,23.0320256703585,20489.8559805309,19371.816145297,-1001.44017801589,0
2206,1472,10.2261408819285,2753.05496383544,23.1744304600683,17.0385227189299,17.612083453891,26.2351334225305,27200.747115359,16646.2327850852,-1097.04721623373,0
2206,1473,8.37633662494984,2824.77302141219,23.4017795564114,16.7675859651793,17.3261789320668,25.8163469698267,21659.5530537326,21992.9692598896,-1241.64312105312,0
2207,1474,9.05416354907599,2502.55466741219,23.4017795564114,18.2584348956104,18.9157621522608,28.1252596395096,21648.6078319587,21995.0447981278,-1357.32798423719,0
2208,1475,9.08397659566875,2829.27147168737,23.4385494296207,16.7541802754636,17.3123188929241,25.7957046574295,21700.4128763397,22025.7229135904,-1426.31910855976,0
2209,1476,8.53511934630471,2569.69506168737,23.4385494296207,17.9254633850524,18.5607635338344,27.6095854251366,21696.7672203976,22025.4189024111,-1307.34340014468,0
2210,1477,9.2523461792653,2848.52377936169,23.3865276737091,16.6677745767416,17.2197664892061,25.6617692904182,21646.3727160497,22018.9065653599,-1351.66247959793,0
2212,1478,8.80274781898582,3224.50094937408,23.4259429803074,15.3020976837164,15.7689028925495,23.5481612091088,21668.0843575302,21993.9444623576,-1333.78346431964,0
2215,1479,8.840324976092,3342.25194537408,23.4259429803074,14.930402744084,15.3747114305535,22.9730916534621,21742.9776704956,21990.8593596692,-1296.37109104234,0
2216,1480,8.89163845032478,4440.46274812211,23.6257374940882,12.3490718208007,12.6491500375373,18.9826659155788,22337.0352878952,22445.3747043067,-1219.03602519138,0
2216,1481,10.4296621632973,3878.62846132798,24.0126178216753,13.5548591928658,13.9240734668078,20.8471577414146,32164.6221267667,19896.2272598655,-1009.62789832356,0
2217,1482,10.4077099919127,4129.28434132798,24.0126178216753,12.996397369894,13.3343757526429,19.9838338581275,32149.4536598989,19874.4100793852,-1022.95479660981,0
2217,1483,9.52907693865934,4417.18126612211,23.6257374940882,12.392183318767,12.6945413111174,19.0492757973543,22309.4045485402,22496.8084823736,-1355.72482657111,0
2218,1484,10.455240435837,4808.19173932798,24.0126178216753,11.7475165822787,12.0190738132233,18.0541334188307,32171.2994980664,19903.3510236737,-992.943856326393,0
2218,1485,9.10721815140633,4234.82801212211,23.6257374940882,12.744370370784,13.0655676901105,19.5934851197266,22389.0089257831,22470.3306205736,-1213.37336437504,0
2219,1486,8.92644131102161,3668.23118812211,23.6257374940882,14.0353788456993,14.428792945506,21.589252183377,22368.1603983768,22453.5780063905,-1212.50041936361,0
2219,1487,10.7144298360187,5383.57693732798,24.0126178216753,10.9103559530682,11.1402139926174,16.7613730898697,32185.871855645,19862.9277829887,-1082.2898149267,0
2220,1488,10.7481912492856,4116.99897219208,23.8951499863934,13.0115325684812,13.3494169134637,20.0069719197069,32145.2393705385,19895.144623649,-1009.23468633132,0
2221,1489,10.3774119159038,3626.14956219208,23.8951499863934,14.1742771989382,14.5781457567039,21.8047142637174,32178.6800294579,19842.1436732721,-1036.42065942157,0
2222,1490,7.61403667823697,2760.91765159787,23.112954584117,16.9955865002987,17.5656525404607,26.1684577657186,22506.6772198664,18829.8427298546,1171.2750570915,0
2222,1491,10.7456986979519,3070.85207619208,23.8951499863934,15.8860191068304,16.3937359602945,24.4531116393256,32169.494521681,19871.9696634766,-1013.58884527992,0
2222,1492,8.93786244968266,2223.71724541068,22.9282340705139,19.7764919007184,20.5326292842248,30.4758380710029,31334.4164560798,12606.7906512433,-1374.29496600797,0
2223,1493,7.3264599085367,3176.68042759787,23.112954584117,15.4211443973521,15.892063018741,23.7314930772102,22516.0574878685,18710.7057070123,1213.32958586636,0
2223,1494,8.92217820937809,2949.54172582796,22.9149519488652,16.2044755299556,16.721822180354,24.9431558887449,31369.5016128113,12605.3772933068,-1327.61279629081,0
2224,1495,7.21711306304417,3037.03558759787,23.112954584117,15.9063046733813,16.4071345303598,24.4822613189906,22539.9992221621,18714.2271038374,1221.37153661002,0
2224,1496,9.29454691147071,3209.55695341068,22.9282340705139,15.2896452337586,15.7506929686319,23.5275168238914,31388.0012151477,12567.9892101221,-1380.68233419824,0
2225,1497,7.17897944324663,3280.53301759787,23.112954584117,15.0846170776648,15.5351376738482,23.2108250375105,22505.593266711,18713.9219498686,1211.56687697613,0
2225,1498,9.09855556554024,3376.42763182796,22.9149519488652,14.7673735848889,15.1970214863605,22.7195393344829,31375.453872544,12595.8467350248,-1329.11534538714,0
2225,1499,10.5015460368742,3528.33209619208,23.8951499863934,14.4404290581893,14.8599368602939,22.216363609529,32144.9281181796,19898.1619650473,-1026.99055402623,0
2226,1500,7.54436357013418,3061.48705852696,23.0796805289187,15.8141315436419,16.3088837379812,24.3395179191062,22543.8210096268,18677.9684933808,1202.21792921338,0
2227,1501,7.25670488643452,3046.55081959787,23.112954584117,15.8719703446217,16.3706641775481,24.4291248850396,22500.5562005162,18718.4198701903,1229.96742231724,0
2227,1502,10.3080423910977,3576.09604718528,23.8999546088026,14.3093516406004,14.7211761924364,22.013635230619,32179.5832523884,19901.5162887707,-1001.897313136,0
2228,1503,7.50180002073648,2893.60227559787,23.112954584117,16.4485829557353,16.9835291533705,25.3216055003594,22516.7193140662,18739.4978288459,1258.78529001427,0
2228,1504,10.5446477750032,3092.81199819208,23.8951499863934,15.8078266583962,16.3106362596583,24.3320878420015,32161.5801849587,19866.6886714966,-1014.00050022469,0
2229,1505,7.49659655826459,3282.00875959787,23.112954584117,15.079973640514,15.5302148227191,23.2036413683565,22513.5749681453,18732.6330068656,1208.85290437137,0
2229,1506,10.5621291288375,3634.78375419208,23.8951499863934,14.1514033244291,14.5539368685465,21.7693383928478,32180.1916535735,19890.2402850317,-986.883998086925,0
2230,1507,7.3800085521461,3403.21904540647,23.3755988188834,14.7412948605418,15.1738180666595,22.680418696587,22517.8531006545,18709.1710380593,1189.60317097643,0
2230,1508,8.34759221006357,2284.41798819079,23.4573026563359,19.4945359371568,20.238035902102,30.0408284108184,22938.0219808992,17966.2282512689,-150.457463748283,0
2231,1509,7.16353920635394,3849.88633860358,23.3436998671481,13.5563291896355,13.9199889303319,20.8478761324034,22500.5380019137,18697.932548733,1248.4371694461,0
2232,1510,6.35722397673615,5894.39232892771,23.259939782378,10.2422633022648,10.4362490529751,15.7289686661225,22290.3350684853,18455.3859894462,674.704763157395,0
2233,1511,7.16548526896491,5804.62776060358,23.3436998671481,10.3490150962486,10.5483646047358,15.8938309542923,22484.5598568372,18653.0476915023,1227.24595657222,0
2234,1512,8.09581256399374,4326.77561644014,23.1269303196825,12.5196305951598,12.8249418226363,19.2451447212566,22014.7291992966,18059.7832439996,-1377.67040295126,0
2235,1513,8.13065419877114,2516.19570772505,23.1293871389116,18.1441139119277,18.7903226607634,27.9472308140987,21986.582207887,18082.718015009,-1477.79799107669,0
2236,1514,9.45887288481591,2764.08120172419,23.8543340584672,17.0896753424891,17.6743218345338,26.3164749229743,30305.0714008207,19158.6142977655,-1238.08940178107,0
2236,1515,8.58643058764845,1938.71803972505,23.1293871389116,21.8838927019134,22.795774736086,33.7440958705582,21936.2024931341,18058.238565957,-1410.08584656378,0
2237,1516,7.74763667582912,2244.07879701094,23.0939287543734,19.6783824254806,20.4298971218301,30.3244098828441,21970.1775704947,18025.1689784809,-1449.63432869034,0
2250,1517,10.1763267875174,1824.01594339052,24.4659732844511,23.1949004655391,24.2271990087539,35.7837777924758,25708.4298005953,25121.134951673,-1083.83887222862,0
2254,1518,9.62501929355144,2020.31220585724,21.9397184472597,20.9858855206728,21.8136089641686,32.3465155249739,26347.0926387842,9274.21995420574,-1213.59102847942,0
2265,1519,8.52525044709277,2298.00819855278,23.100525310025,19.3477681169735,20.0761868685873,29.8120478383573,25831.149871917,16380.3465367448,-1351.95361197963,0
2267,1520,8.45507347694298,2013.56443455278,23.100525310025,21.2818124160278,22.1487627868421,32.8102386693398,25884.305480012,16332.2011272492,-1364.76467175994,0
2268,1521,8.85811147870221,2098.05617055278,23.100525310025,20.6567667333069,21.4781990173463,31.8410737558918,25919.9598731168,16349.5643226605,-1382.28828509766,0
2269,1522,8.74032863395558,2223.19755475489,23.0690363340225,19.8061782319504,20.5663663625749,30.5223886139322,25831.8713338244,16318.1613796268,-1337.29313216509,0
2273,1523,9.94668754601362,3198.25168631567,24.2877144962484,15.4938788891408,15.9810167275709,23.8472797462484,26695.6410939408,24980.4898159562,-1107.0093864535,0
2274,1524,9.92481688215374,2923.34518031566,24.2877144962484,16.491807599414,17.0422416078794,25.3920258327691,26714.1285992257,25012.2966982706,-1100.63154103367,0
2276,1525,10.1497556392836,3058.14430031567,24.2877144962484,15.9821228153907,16.4999252282868,24.602974587292,26675.2844441828,25001.7653825047,-1108.96201294696,0
2277,1526,10.1811432328407,3366.96836046154,24.304773653683,14.9569486211837,15.4112191155713,23.0164641339852,26590.7305166687,25113.2631608374,-1057.73840501169,0
2278,1527,9.91561716299384,3946.51247242998,24.3093018411008,13.4259179331656,13.7902665856547,20.6484750021028,26569.9217940357,25095.8681769347,-1093.14487659107,0
2279,1528,9.80956144260023,4229.45846842998,24.3093018411008,12.8162214503511,13.1466011519324,19.7059839729021,26583.293647133,25106.7794886946,-1081.4786995149,0
2280,1529,10.153786846212,4033.70267917755,24.2907281702879,13.2281621198649,13.5812240634435,20.3427029656177,26489.8134428743,25051.4159912127,-1089.17223159486,0
2281,1530,10.0241989214938,3993.32484953797,24.2980047274751,13.3186553078574,13.6768572882737,20.4826176457174,26543.4383030796,25124.6365375907,-1087.35037525115,0
2282,1531,10.1291163236053,4679.81336317754,24.2907281702879,11.9810589834927,12.2666167302005,18.4154269059089,26559.3900040838,25083.5321834829,-1038.93031467903,0
2284,1532,9.55794015509679,3178.09424253397,23.6706767466419,15.4857416609882,15.9662568576325,23.8330015870749,26880.1143711275,19994.0246570691,-1271.12465783688,0
2286,1533,8.9616401194943,2605.15393053397,23.6706767466419,17.7889258994286,18.4178530280564,27.3988618689777,26895.4199196969,20016.168594495,-1161.74691938125,0
2287,1534,9.78236671535175,2786.75830053397,23.6706767466419,16.965725215481,17.5401923823817,26.123967774515,26828.5173468533,19993.8572427583,-1132.88428720097,0
2288,1535,8.91284889352803,3157.91842653397,23.6706767466419,15.5538802560498,16.0386036325824,23.9384456340706,26863.4432304227,19980.5859877607,-1269.85412770117,0
2289,1536,10.071100731366,2298.70559111918,23.6399831303494,19.440280417526,20.1823956540597,29.9574099868819,22456.6883628626,19476.5043118657,-1066.5925138615,0
2289,1537,9.35607398101856,2476.98077977956,23.6453810256699,18.4319256684134,19.1041017836662,28.3948744039986,26885.1107534761,20012.6738859744,-1140.71615692234,0
2290,1538,10.1895853746366,2678.47951383041,23.674080792521,17.4447878564106,18.0508044472519,26.8658543182227,22476.9662999089,19480.3616554083,-1081.65007335588,0
2290,1539,9.25964353184763,2299.88228926798,23.7739201516816,19.4570194529682,20.2020872716362,29.9838423514615,26847.8368598749,19994.150969836,-1199.20440332532,0
2291,1540,9.55053224842588,3043.16399583041,23.674080792521,15.9573943787884,16.4673113119796,24.5629561972315,22436.8331059458,19461.4394577758,-1092.66899818634,0
2291,1541,9.56941815573899,2286.81958649518,23.7472871831073,19.5319601550178,20.2819682051892,30.0998987883118,26872.4052130554,19990.0068555811,-1190.8435774576,0
2292,1542,10.0213198296738,3172.56674583041,23.674080792521,15.504753349167,15.9864756868236,23.8624311450675,22453.5003023474,19483.742609109,-1101.15700469347,0
2292,1543,9.49174760180821,2565.20748526798,23.7739201516816,18.0005126822461,18.6449234567742,27.7269565438108,26893.6199930689,19996.9342227397,-1204.15901672596,0
2293,1544,10.3911358225569,2948.89271583041,23.674080792521,16.3097508639562,16.8419635771217,25.1083725588397,22423.0385660622,19482.3970136134,-1090.80909463344,0
2294,1545,9.54962625054297,2693.03769488558,23.629629938121,17.3717691668,17.9724346995443,26.7526266541245,21449.238418348,20563.3285923864,-1405.70411169448,0
2295,1546,9.36468006040598,3516.14931488558,23.629629938121,14.4452305998188,14.8625970912052,22.2231221940411,21450.3616764327,20553.8742682752,-1373.68615497748,0
2296,1547,8.59540667928677,3677.75407688558,23.629629938121,14.0111639654829,14.4032138518314,21.5518158647535,21467.5045879401,20567.6464696262,-1324.91392448819,0
2297,1548,8.97351399214248,3797.33323088558,23.629629938121,13.7113915126817,14.086263221652,21.088286184037,21456.7540739722,20542.4091507632,-1430.75983569752,0
2298,1549,9.00918782171825,3266.70486488558,23.629629938121,15.1905852309344,15.6526061739739,23.3761755655847,21438.4818901346,20576.4690981045,-1331.85051097683,0
2299,1550,8.91783749853719,3730.22000888558,23.629629938121,13.8775171792191,14.2618773006959,21.3451530474756,21435.0783486055,20553.2879823605,-1422.27357125844,0
2300,1551,9.14783625883501,4019.82204239388,23.919041167784,13.2237745856702,13.5736046422005,20.3350967956696,21449.0328112932,20568.0951923645,-1363.61510859723,0
2301,1552,9.03620489177702,3505.00834439388,23.919041167784,14.5084981266974,14.9322549977051,22.3217127089588,21455.7906342949,20565.2514273927,-1352.97378635491,0
2302,1553,9.09834599856684,3001.80234839388,23.919041167784,16.1417751173647,16.6658976547928,24.8490603675421,21490.3243032679,20532.1369282763,-1414.85727858043,0
2303,1554,9.24246622773746,3277.96433639388,23.919041167784,15.1892671013514,15.6540273243372,23.3749128320053,21447.453718185,20531.9269704432,-1461.64798704714,0
2304,1555,9.16978068939146,3205.67500439388,23.919041167784,15.4242228864062,15.9034146187388,23.7384836925878,21460.3342976151,20552.0965370805,-1378.43681085365,0
2305,1556,8.71315833337012,2887.42133039388,23.919041167784,16.5844455611745,17.1369109991402,25.5343661159934,21433.3573206874,20581.9351450912,-1368.98403778766,0
2306,1557,9.41994565561377,1850.87132761729,23.3539184095515,22.6920504315065,23.6682066916558,34.9986867089828,21306.0476979048,17122.2471362046,-1203.31463024207,0
2307,1558,9.8551376849998,3337.04702402545,21.8819879857859,14.7624908611358,15.1816435212873,22.7091741639492,24275.5748025913,8921.73748630983,-1111.55552897512,0
2309,1559,10.5479442371156,3907.30016402545,21.8819879857859,13.2762139024321,13.6117909455766,20.4114226154771,24334.4833955068,8910.82236623863,-1156.48273917713,0
2331,1560,9.76072230300317,3431.89456965141,24.0386688165506,14.7323603054114,15.1705777562055,22.6683134980129,31792.4515932183,16904.1357170695,-1254.58875757796,0
2332,1561,9.41219550100777,3414.53808165141,24.0386688165506,14.7835638092072,15.2248581610798,22.7475271596691,31768.8788053282,16933.7690238701,-1203.0470308823,0
2333,1562,9.58186255079598,3704.73063165141,24.0386688165506,13.9845073657827,14.3785914910473,21.5115792471716,31760.7197994654,16925.5018805858,-1216.05110015658,0
2334,1563,9.83766641625538,3778.78204365141,24.0386688165506,13.798334231908,14.1816716000546,21.2236835383777,31771.0584613419,16937.1727279159,-1152.38109372297,0
2335,1564,9.30583700392601,3792.85665765141,24.0386688165506,13.7636870089772,14.1450351734945,21.1701084809649,31772.2118412823,16936.4009709834,-1196.07003153619,0
2337,1565,8.92166960234834,4372.11928793645,24.6726700019777,12.566654172733,12.8861428725754,19.3210244229321,23995.7574224766,23331.1756314448,-1278.69755815864,0
2338,1566,8.9976649243467,4456.09467117429,24.65249530952,12.4066458431587,12.7173352017021,19.0737090186435,23975.3012067316,23293.1553478406,-1342.78797327188,0
2338,1567,7.22221783385783,3048.19670557763,23.8961464833481,15.967886601749,16.4807677505513,24.5798308210674,22613.9499593743,19922.7554772645,1180.89327447121,0
2339,1568,7.42122726887028,3450.69982957763,23.8961464833481,14.6614079271249,15.094055793092,22.5581877745044,22614.7621484304,19941.1772300911,1117.54567917022,0
2340,1569,10.0485510887393,3938.64091081502,24.0675960089778,13.420688230496,13.7827662735105,20.6398450672266,32186.7658198782,17308.6179347334,-1061.45351148787,0
2341,1570,10.1108145033139,4412.33206681502,24.0675960089778,12.4389365222204,12.7470732603799,19.1224246439107,32173.8459701628,17303.1478108497,-1084.88086551391,0
2342,1571,10.3058390029241,5027.10004874527,24.0852465562874,11.4144624666239,11.6696274517963,17.5398796968457,32143.0072892922,17366.0642912835,-1027.55454639859,0
2343,1572,10.2902584774716,5130.79816081502,24.0675960089778,11.2616968338616,11.5091237752755,17.3039403945391,32182.0382218387,17296.5737861328,-1080.8008608826,0
2344,1573,10.2819831728326,5407.77130481617,24.0676716154126,10.8823405866695,11.1111845561602,16.7182164861662,32165.6744343248,17313.7990128404,-1049.76158195633,0
2345,1574,10.2989395211425,5484.44736847053,24.0475667064204,10.7819513536645,11.0058381685876,16.56320494045,32201.3542205513,17289.6019815597,-1086.47243621134,0
2345,1575,8.97656201288294,3980.71592626441,22.2348952263861,13.1474913162161,13.4791534736408,20.213336564088,25027.5133404985,9464.80096158128,-1247.01083596809,0
2346,1576,10.3662065181625,5432.42687091271,24.0251397482705,10.8473542746217,11.0742478014614,16.6641323631035,32239.7979865301,17278.9350826362,-1062.22970682903,0
2346,1577,9.47314911803399,3587.04522826442,22.2348952263861,14.0980572165746,14.482414241494,21.6826832772214,25051.4054443301,9458.36930325345,-1290.38433682765,0
2347,1578,10.6887460474728,6225.22604881502,24.0675960089778,9.93765777016217,10.1224302493831,15.2602354235948,32205.804222407,17265.6696033668,-1096.16650570464,0
2347,1579,9.48883917335836,3592.02310426441,22.2348952263861,14.0848799307814,14.4684890087146,21.6623095749941,25032.3891435752,9464.55387478242,-1205.09093916521,0
2348,1580,9.82875351708532,4171.22138342323,24.0497194151734,12.9121926141493,13.2458307868847,19.8537638255257,32182.4659072466,17289.34114605,-1042.87217254102,0
2348,1581,9.09734694125731,3242.80342155512,22.2086527661634,15.0934461054521,15.5353927639835,23.2219752918587,25018.2252808168,9452.58390320437,-1356.20256235536,0
2349,1582,10.3721380409981,3822.07961474527,24.0852465562874,13.6971347357084,14.0750641134479,21.0673094418787,32188.2308375853,17359.5192529262,-1031.80204063063,0
2350,1583,7.30119012575741,1860.64532332402,22.8676592635683,22.4929882569766,23.4462979816133,34.6877246473425,23142.822544355,16188.7528533717,1268.91770358251,0
2351,1584,7.32477126277609,2789.59187332402,22.8676592635683,16.8378285085965,17.394891654004,25.9234305967291,23191.2939068012,16152.5379476638,1200.53465828486,0
2351,1585,7.47036291010923,2534.92566144562,23.2269729407001,18.0649702178298,18.7070600421088,27.8249682841821,25689.1776547821,13382.5088990576,1217.10953133782,0
2352,1586,7.3664319497548,2799.17551569208,22.8848923776998,16.8001176518548,17.3549561073914,25.8651020543237,23154.2163428691,16215.4346832172,1212.52885267692,0
2353,1587,7.35528429478566,3193.61712369208,22.8848923776998,15.3365480699623,15.7999972795785,23.5999622902531,23203.8372370889,16162.030383991,1232.66592935673,0
2354,1588,7.26094280740586,2398.65239932402,22.8676592635683,18.7252930533885,19.4076108661709,28.8466613076788,23199.8353109993,16163.1599223736,1204.8344167185,0
2355,1589,8.91266786759129,2281.63015637636,22.691727033596,19.3725518952405,20.0971423360182,29.8489240549986,22213.1776848657,16198.3945789381,-1445.43383524653,0
2356,1590,8.53439442450793,2370.21872837636,22.691727033596,18.853940365099,19.5427436431743,29.0453401360339,22161.0841480619,16212.0133168298,-1291.94611334792,0
2356,1591,6.42791086390392,5607.89037066487,24.6316503830484,10.6653865210832,10.8871805592419,16.3842289207253,26176.9097141389,25320.7760559399,-149.725271570759,0
2357,1592,7.09662223732579,2645.88759897863,23.9200558644483,17.6331817990714,18.2546164465029,27.1584345922804,23277.691905252,21818.5315205982,1158.92393324563,0
2357,1593,8.96250425797037,6033.12897294628,24.5646405193454,10.1691630623749,10.3672051552501,15.6182139766156,25427.5786122069,24681.6274648173,-1318.49603651812,0
2358,1594,7.47629590544734,2209.08999297863,23.9200558644483,20.0562339271387,20.845922890501,30.9132236547248,23275.8201474066,21820.2956594704,1160.22418104304,0
2358,1595,8.18501074896411,1902.32041037636,22.691727033596,22.0914861163466,23.0119385436609,34.0641746697669,22208.2448749135,16173.2964866136,-1417.70508287683,0
2359,1596,6.96859337817321,2361.04736697863,23.9200558644483,19.1198218542027,19.8430913643084,29.4617622222583,23265.3963271089,21822.1512459132,1197.4420707823,0
2361,1597,9.47297019786584,1579.27536477881,23.8424773102494,25.6682290076389,26.8855931153027,39.6202187945899,31441.961428631,16791.0163368649,-1201.02204897691,0
2363,1598,8.08956314659256,1565.52033533672,23.0242781318322,25.6112040191598,26.8091909872066,39.5275858610313,25698.3817974256,13430.2114512733,1211.0953184281,0
2365,1599,9.06515495541175,1613.66665384722,23.8567770209658,25.2593723531444,26.4441822861225,38.9854863457615,31460.7597412904,16796.381267635,-1293.07130793879,0
2366,1600,9.13308024464973,1403.31835384722,23.8567770209658,28.0810672135867,29.4965237111789,43.3677260420562,31426.7092250099,16814.4441116554,-1312.18595361905,0
2367,1601,9.14996101114431,1992.69006184722,23.8567770209658,21.60297897537,22.5049685297311,33.3114381707643,31403.9431272468,16812.3680303434,-1242.57676209826,0
2368,1602,9.41227517569832,3831.97119184722,23.8567770209658,13.6504411106792,14.0237788158129,20.9945802247273,31447.8401851999,16803.5362192902,-1228.1700075764,0
2369,1603,9.21248755996288,3514.66463584722,23.8567770209658,14.4744506271222,14.8956214712642,22.2688911513653,31427.2216907321,16836.4806056663,-1253.54994653173,0
2370,1604,9.50994097489902,3092.81081425082,23.7375093075374,15.7877656937167,16.2877078340948,24.3005950666691,31453.1454725693,16823.0410528327,-1272.22329210521,0
2371,1605,8.35012978807329,2858.54704254147,24.0852488839295,16.7243330852486,17.2876647019639,25.7514543388666,25901.2030706124,23563.9259408021,-1406.63066606034,0
2372,1606,8.23244295348954,3008.19168654147,24.0852488839295,16.1397155057962,16.6654418569744,24.8463499108649,25896.956631414,23571.8784253208,-1392.87526946981,0
2373,1607,8.16597425201947,2914.53713454147,24.0852488839295,16.4992036955819,17.0479582644756,25.4028828677593,25902.2477121477,23581.2626493173,-1454.07509893413,0
2374,1608,9.83328940883085,3058.69727093054,21.4842124422212,15.6132491391058,16.0785676343019,24.0239627037906,29834.7565581665,7250.20627747159,-1220.20810279509,0
2375,1609,9.5180414429782,2537.19766518456,21.5735512756872,17.784277808655,18.3868717472766,27.3844949914456,29808.1021717224,7289.74996985553,-1120.88929580923,0
2376,1610,10.2957498437721,2889.47151293054,21.4842124422212,16.2355029027752,16.7386965310512,24.9867441834726,29821.1172524452,7248.04063729314,-1202.51144349774,0
2377,1611,9.57958963281678,2830.58834896103,21.599493602153,16.4845730960951,17.0045478680287,25.3725640100422,29811.3656074807,7261.86930796281,-1208.60344024379,0
2381,1612,8.39551015186199,2806.75869685535,23.599092988,16.8708266978995,17.4383135181498,25.9768046928356,30869.1417616014,16024.9711266409,-1434.74434552603,0
2383,1613,9.03905550703278,2406.87666685535,23.599092988,18.8045690833726,19.5017889226604,28.9720971232618,30863.9088533633,16042.3516234423,-1485.10609983126,0
2384,1614,8.60780075267996,2169.28220485535,23.599092988,20.2604376604929,21.060386422196,31.2285803073617,30826.4287371623,16017.3731398269,-1454.56872287545,0
2392,1615,9.15958270173506,2122.52295263717,24.0017923534388,20.660767340752,21.4953572671485,31.850824317469,25144.1977073999,23535.7549382341,-1230.4269605173,0
2393,1616,9.03292856754691,2582.18354663717,24.0017923534388,17.9522275116392,18.5960995819424,27.6529086047351,25144.8641524025,23577.6559446206,-1238.77543033336,0
2394,1617,9.28725271366925,2370.69527528808,24.0146594687594,19.080338411689,19.8020568422452,29.4009062850778,25187.7573018098,23594.998869273,-1232.69509176299,0
2395,1618,9.26544203281048,2320.65220328808,24.0146594687594,19.374326661547,20.1167147654563,29.8565444776502,25194.3892554335,23578.75743874,-1198.57358335106,0
2396,1619,9.0841465686491,2411.26716728808,24.0146594687594,18.8502515964023,19.5559125866601,29.0443389498213,25173.450732114,23596.8451172187,-1236.97837961719,0
2397,1620,9.01741215723036,2620.22782928808,24.0146594687594,17.7694130354224,18.4010987553297,27.3697576424824,25213.3990388165,23555.7832114863,-1199.67145157677,0
2398,1621,9.04396134064088,1565.97536528808,24.0146594687594,25.87975211814,27.1172525441117,39.9495114559786,25153.1500635435,23568.1093304644,-1308.47745108411,0
2420,1622,10.058363681366,2953.03236040405,23.5172286768408,16.2727432413492,16.8009214522885,25.0506218182245,30086.6676363174,21763.9185662557,-1141.95315469561,0
2421,1623,10.3293877121078,3138.28336172548,22.7247446244893,15.5013405071863,15.9731565607111,23.8544788897463,27566.7698266079,16558.3753930709,-1064.0249136415,0
2422,1624,8.71748989141893,3744.91951395347,22.789769090134,13.7536220221817,14.1235608321935,21.1515589233452,31986.8190202101,14121.9572348866,-1416.08544116555,0
2423,1625,10.4352111419138,4010.3591517714,23.5566653648243,13.210223711507,13.5563543523124,20.3133373895954,30145.8054047961,22856.9734380306,-1011.61387511665,0
2424,1626,10.8315971522099,3971.6594697714,23.5566653648243,13.2964030681867,13.6473163129201,20.4465514189619,30185.61847853,22837.6670012652,-1047.91879056246,0
2424,1627,10.3852760680667,2184.29694117918,22.7692634260808,20.0017044015003,20.7715183348783,30.8242895714034,27614.7058895678,16538.7260134759,-1120.62051753237,0
2425,1628,10.3639539466907,3922.3212297714,23.5566653648243,13.4084721695193,13.7656372917236,20.6197941072056,30152.0483116831,22831.3501467938,-1020.81284783891,0
2426,1629,10.7632709797925,3996.6589797714,23.5566653648243,13.2405619467282,13.5883737487436,20.3602328413292,30138.9070776182,22823.7727237387,-1043.3076774298,0
2427,1630,10.0629690896777,3681.4448937714,23.5566653648243,13.9939891137236,14.3844047755232,21.5250797154172,30126.0635724295,22877.3484758377,-1029.9603459541,0
2434,1631,8.8944904980789,3344.96251372936,23.2722142566724,14.9040767682849,15.3453214379245,22.9319560758161,31002.1099731783,18672.7720155321,-1255.10997264785,0
2435,1632,9.26966216970848,3883.36605772936,23.2722142566724,13.4705387429126,13.8287823456874,20.7150827255081,31000.0828906238,18675.3476125677,-1274.9773157274,0
2436,1633,8.91738854481018,3609.51679972936,23.2722142566724,14.1517308789566,14.5487085307366,21.7683084396933,30999.9971881466,18650.0422020595,-1277.83730914341,0
2436,1634,6.89371054272531,3024.28200430698,23.4392748484815,15.9955947707765,16.5054515444461,24.6214046344538,24965.7096938282,21158.8832317701,1075.65908388415,0
2437,1635,7.24397664417236,3581.12131030698,23.4392748484815,14.245852145736,14.6498043545561,21.9142811430348,24969.9862310238,21175.2856241372,1094.4991705178,0
2437,1636,9.40385948486533,3708.19327972936,23.2722142566724,13.8959013520578,14.2781785460459,21.3727153996214,31025.2611359137,18657.7758933141,-1369.35075767881,0
2438,1637,7.00447720669285,3098.24531230698,23.4392748484815,15.7305881935655,16.2239027709249,24.2112603721093,24955.0140798966,21170.698520716,1044.2106145379,0
2438,1638,8.9858201089093,3844.09369972936,23.2722142566724,13.562884090478,13.9263013971294,20.8578413925266,30984.0283284281,18675.0722413454,-1277.23485569282,0
2439,1639,6.69504834372578,3742.24150030698,23.4392748484815,13.8277255660455,14.2075782563555,21.267705685707,24961.5960078976,21189.5226954929,1116.22201972492,0
2452,1640,9.60563829612632,2158.18708745884,22.9694880106942,20.214223937776,21.0019897310932,31.1544932303572,22844.1099176083,17355.5149141008,-1100.19428499916,0
2453,1641,9.60131483403204,2592.84817145884,22.9694880106942,17.7387452948413,18.3558718465705,27.3188109979294,22866.9777265491,17312.4785849242,-1125.51433312125,0
2468,1642,9.43458031837577,1676.63442895201,24.4263257730392,24.6894706450729,25.8385488033211,38.1034071552812,26970.6423749614,24503.6003489165,-1220.60990791344,0
2469,1643,9.43819409770379,2382.17126095201,24.4263257730392,19.0844789683212,19.8117127406964,29.4087631099869,26923.0011857383,24467.5817102878,-1203.53577900085,0
2471,1644,8.73512306502189,3538.57211179321,24.6037596515137,14.4889387120077,14.9177047092958,22.2931576546506,26193.2620704241,24510.1478259722,-1244.33254636872,0
2472,1645,8.86344975185709,3452.05398379321,24.6037596515137,14.7365309893471,15.1801918420224,22.6761963762531,26209.8751471,24490.4417650257,-1269.49544221723,0
2473,1646,8.76363246617759,3373.02469579321,24.6037596515137,14.9726832302169,15.4307024424344,23.0415783754768,26215.9518010578,24511.8257349094,-1310.55368810368,0
2474,1647,8.84534659425078,3661.80758179321,24.6037596515137,14.1545234972279,14.5634348534182,21.775871369933,26205.7740667909,24507.364633567,-1286.80851152109,0
2475,1648,9.10899374701158,3280.82385979321,24.6037596515137,15.2611530855573,15.736909125331,23.4879620154503,26204.2071291564,24498.1714115257,-1311.39508382921,0
2476,1649,8.93562818837434,3288.92942779321,24.6037596515137,15.2352071004368,15.7093590399381,23.4478103001108,26220.3118016071,24499.7198018096,-1306.17577585542,0
2477,1650,8.92234549806216,3017.70126379321,24.6037596515137,16.1716510941572,16.7047689010483,24.8972625887627,26211.7683681103,24488.4581860067,-1298.78538222864,0
2478,1651,8.96080500184393,3508.61675179321,24.6037596515137,14.5734169360139,15.0072465737926,22.4238449956281,26206.0092049583,24504.3275310561,-1259.5379416131,0
2479,1652,8.85190720009643,3297.45348979321,24.6037596515137,15.2080460438861,15.680520612884,23.4057787559785,26211.4789879204,24504.3350627925,-1335.16549179093,0
2480,1653,9.21218427964096,3142.61684695099,24.6864808704971,15.7323654921437,16.238368073965,24.2174753715308,26194.2680419607,24482.9171229,-1296.01053703,0
2481,1654,8.5765770760974,4450.76301295099,24.6864808704971,12.4193742526726,12.730995119374,19.0934464506115,26192.2589243883,24503.4521212382,-1245.54777202132,0
2481,1655,10.4346549875124,2261.04626721129,22.2987749765671,19.4256076662371,20.1484416495894,29.9296408574727,28698.6645257773,10545.7104093233,-1110.05899041094,0
2482,1656,8.40242862131983,5502.06399295099,24.6864808704971,10.801821447682,11.0305270704435,16.5949469982733,26164.5222570699,24488.3477659993,-1312.16222986617,0
2482,1657,9.85183035529103,2140.99071350028,22.3326019432165,20.2058985157484,20.9838814964565,31.139055152486,28735.653774707,10569.705637247,-1076.9234524274,0
2483,1658,8.90229747913591,5842.71152314691,24.6043316557611,10.3841195566903,10.5923959220693,15.9500252184927,27496.0374586919,24187.5585195696,954.650898455602,0
2484,1659,8.90015174254503,6157.15631599463,24.7021921828435,10.0449440014324,10.2380249477748,15.4267302775273,26166.6228510273,24224.6886615629,1053.20413592831,0
2485,1660,7.87817397953473,5411.32122198761,24.7201752177036,10.9216684942853,11.1564204134158,16.7800387306377,25870.008239637,23160.4474679192,-1455.60190258467,0
2485,1661,10.4304798833362,5670.33128610737,24.6733146362537,10.5917161824602,10.8102259013368,16.2705718077207,27274.7612860093,23487.7553774629,-1008.86547779571,0
2486,1662,7.90060288379704,5399.99985798761,24.7201752177036,10.936588080155,11.172071103387,16.8030745585043,25914.2938764936,23117.3662181681,-1522.27232266657,0
2487,1663,7.52928733426599,4587.1899888551,24.210108185282,12.1340372790876,12.4270410670909,18.6516102015978,22654.1796002538,21036.8255917963,1111.16579312495,0
2488,1664,7.19170600122317,5337.4836528551,24.210108185282,10.9851140358401,11.2198323616184,16.8771303172608,22688.3677636562,21005.9379465945,1185.36958036612,0
2493,1665,8.30766872551019,4608.10832217319,24.0002965022559,12.0805525171061,12.3692544000755,18.5685662449854,29344.6244512523,17562.9629741781,-1431.08218740214,0
2493,1666,10.3226065227733,3436.52515462834,22.8745340825503,14.5864155854375,15.0050121028074,22.4395416588129,33174.8476312896,12443.9436711008,-1127.26123715396,0
2494,1667,8.89734414084638,4058.03477320639,24.0226088391933,13.149801478601,13.4963485547009,20.2209776555696,29398.7943430711,17568.2005977107,-1484.12826772926,0
2494,1668,9.66682357637575,4166.62097662834,22.8745340825503,12.8140829909366,13.1330914024271,19.6995742800377,33126.2472874867,12437.8513912262,-1091.30306459709,0
2495,1669,8.78862995195332,4021.29163017319,24.0002965022559,13.2282134933325,13.5789472439451,20.3421396175126,29344.4154621517,17555.4260676736,-1509.69574085926,0
2496,1670,8.88874117241468,4166.17865817319,24.0002965022559,12.9181570233473,13.2517366720442,19.8628760427182,29357.8274722869,17571.3913890571,-1353.15475567068,0
2497,1671,8.28375022717663,4548.70420017319,24.0002965022559,12.1847102660783,12.478873648095,18.7294835748918,29367.5031501665,17519.3488632141,-1453.7640563776,0
2498,1672,8.38944784215143,3746.38512417319,24.0002965022559,13.8750469842215,14.2624712602231,21.3422170846551,29377.7386171158,17507.7183078911,-1438.15101559816,0
2499,1673,8.62105600793394,4674.87290320639,24.0226088391933,11.9680744459989,12.2510746518269,18.3948485672046,29377.1583597384,17547.2060657481,-1462.3953585945,0
2501,1674,9.33108993864625,4755.36507706887,24.5668683780732,11.8765043610656,12.158522660816,18.2544326211263,28091.6722909516,24238.6332649288,-1268.1641531987,0
2501,1675,8.74114150480595,3753.45610054723,24.0762116421715,13.8650940127109,14.2525954714435,21.3270055721761,29278.667964565,17578.9232468423,-1429.29776996809,0
2502,1676,9.03348114546121,3760.47268306887,24.5668683780732,13.8973083684115,14.2908472101288,21.3779729115358,28097.25345757,24249.3869693969,-1261.51363568894,0
2502,1677,8.42558358937783,4231.13396254723,24.0762116421715,12.7920866921309,13.1193585315884,19.6681892013905,29286.0065903362,17562.6512430832,-1387.31555798021,0
2504,1678,8.84917045473755,2442.35959905629,23.3319263411478,18.5649591841865,19.2422945663374,28.5999008853477,31356.0872184308,12758.465686089,-1294.20290925087,0
2505,1679,8.34591874862072,2339.18981505629,23.3319263411478,19.1446405699696,19.8619836082888,29.4981137513379,31345.1054848519,12772.3536716413,-1372.89318110024,0
2506,1680,9.37941068941936,2363.79285705629,23.3319263411478,19.002182680562,19.7096310015626,29.2773587272236,31357.0135808373,12736.1120884628,-1371.70804162471,0
2507,1681,8.70877261531297,2713.12521705629,23.3319263411478,17.2371304295023,17.8254770700147,26.5431714596852,31268.8748927604,12728.1212368863,-1282.32515593975,0
2508,1682,8.97081579584718,3076.566728001,23.3065014569216,15.7899450482779,16.2855704592547,24.3027414725753,31218.5264030266,12575.9091229886,-1236.61322867765,0
2509,1683,9.61853026270504,2676.706724001,23.3065014569216,17.3975589340546,17.9961545936509,26.7915273281758,31236.3085405762,12620.4610416901,-1240.64284943483,0
2511,1684,9.49423985650501,2372.24341706316,23.4832884227777,18.9800467961061,19.6879303650723,29.2436001379753,31279.7780372809,12556.5506373605,-1250.44294236952,0
2512,1685,9.22644771367686,2519.75153906316,23.4832884227777,18.1832416060745,18.8364792121662,28.009051178009,31215.5806004132,12618.9913569459,-1219.44107014613,0
2513,1686,9.20175113230088,3132.10454146942,23.4979695000833,15.6204657642842,16.1075567403069,24.0410056929203,31196.3049381172,12577.2601520586,-1244.21515584959,0
2514,1687,9.34587023103671,2806.93470346942,23.4979695000833,16.8556666892711,17.4210361539271,25.9530193924336,31219.7350306272,12610.929890143,-1241.30721977345,0
2517,1688,8.91656605812864,3445.06762241155,24.3169497191966,14.7250028679476,15.1653463960376,22.6576388637262,29346.1315934781,17421.3061984188,-1460.06277394379,0
2518,1689,8.82700666342877,3410.83921841156,24.3169497191966,14.8260828350687,15.2725278900611,22.8140207445824,29358.0666468532,17438.0381130151,-1303.61108265041,0
2519,1690,9.09435916700961,3807.28519241156,24.3169497191966,13.7562869439862,14.1395602837994,21.159313523206,29356.8480839592,17385.4870728522,-1462.7076129076,0
2520,1691,8.50297021692744,3993.75619333248,24.1820814958881,13.3066905816259,13.6632845686361,20.4638625908684,31441.6232685077,16288.6757217494,-1442.33820836948,0
2521,1692,8.57725875933241,4431.65509933248,24.1820814958881,12.4125564300108,12.7201285965218,19.0818949600748,31409.0418150767,16294.9191067598,-1399.83165396606,0
2538,1693,8.56788288095609,2135.41690969374,22.2709367993531,20.2315525576781,21.0104489764502,31.178569792495,25386.7221317791,10699.2523263528,-1487.94821850745,0
2539,1694,8.71248159571262,3214.75698769374,22.2709367993531,15.190996747909,15.6393948817853,23.3730521367549,25319.0992573845,10700.2402252925,-1496.25699339494,0
2541,1695,8.40743222125172,2263.47337974511,22.287223371527,19.4086039392939,20.1300986939813,29.9032480284909,25341.8101114037,10698.4892427096,-1501.75948217441,0
2543,1696,7.39352784927419,2164.11442028183,23.0318427600305,20.1863815947232,20.9730474343575,31.111578044402,22888.8668475813,17010.2851379526,1241.26025602309,0
2544,1697,7.21802504040395,1820.92731428183,23.0318427600305,22.8909669915857,23.8770230125718,35.3058528487885,22900.0535380327,17002.2087537293,1239.22493086683,0
2547,1698,9.97056912980209,2796.85093278983,23.8450105394266,16.9477234114521,17.5229677147973,26.0966303729675,30360.2789087036,12393.4396833375,-1087.48830947979,0
2548,1699,10.7748761300423,2270.96708171382,23.8887382290456,19.6553284113138,20.4159590948827,30.2916385141601,30382.2145054346,12440.0775034251,-1057.70166982984,0
2549,1700,10.3447355502613,2690.18793971382,23.8887382290456,17.4233430051157,18.0304214060655,26.8333258170865,30373.5856078775,12462.2402345771,-1063.30448631803,0
2551,1701,8.84691566609002,2849.21340314121,24.2244910248037,16.7819859867455,17.3505867778579,25.8411423582876,31698.1644601184,16460.813454542,-1299.63624467547,0
2552,1702,8.4907657709488,3053.39226663579,24.1991231718914,15.9880292445019,16.5053004941174,24.6118679709734,31707.1166526135,16401.2386824211,-1367.02015303044,0
2552,1703,7.88055130984087,2389.83152839869,23.1725400067652,18.8269601896761,19.5202277550455,29.0052773890787,25951.635905556,13540.1335591117,1237.15713601887,0
2553,1704,8.88895402156503,3024.86859663579,24.1991231718914,16.0926136952029,16.616523826355,24.7737611809053,31702.5278151629,16421.6235290869,-1319.13443717991,0
2554,1705,8.88943592746328,3522.56809263579,24.1991231718914,14.4898265276059,14.9150177034096,22.2935314428532,31725.4800777147,16377.9162023832,-1446.29490853825,0
2555,1706,8.80054373000574,3265.20218949504,24.217581355667,15.2656698516511,15.7380038708172,23.4939321859456,31684.3862562417,16418.1684996229,-1409.99773217621,0
2556,1707,8.59693222986236,3460.16843463579,24.1991231718914,14.6678557000425,15.1036829929244,22.5689319823126,31717.0973617454,16396.0533559733,-1402.35103851536,0
2557,1708,8.40930727043025,3333.70304949504,24.217581355667,15.0491864256225,15.5082540296274,23.1589538453774,31679.6377583803,16415.320519868,-1283.98868415102,0
2557,1709,8.46346549854432,4854.96275767078,22.6576589085907,11.568124239979,11.8212160191333,17.77448053994,24930.8075350224,12193.950978723,-1502.88292177369,0
2558,1710,9.60875936731213,4363.20642189965,24.2470667296807,12.5473375335354,12.8626283454442,19.2903028437482,31482.390935475,16801.6120396522,-1114.7109740172,0
2559,1711,6.39546607962334,5118.09475185999,22.8177424878991,11.1889562801541,11.4245903999408,17.1893556720099,25275.0898749495,12555.9828765376,667.919758326957,0
2560,1712,8.22186951846297,4649.2539819058,22.657549048033,11.9007507954801,12.1704897255776,18.2881507897089,24939.220977101,12215.1446478705,-1469.30215156463,0
2561,1713,8.42912279775711,3676.59695171509,22.6243668237912,13.9076325996899,14.2847813128702,21.3892559592156,24960.8114399027,12153.7080944438,-1473.42850609508,0
2562,1714,10.2674721918486,2416.9951953175,23.6090514802476,18.7501171022291,19.4437022048908,28.887758083756,30074.8760793133,12228.701810986,-1100.02233241041,0
2573,1715,6.98891663297475,4614.18952383109,23.0108334328643,11.9892252353113,12.2660531123211,18.4255151453697,22766.4122198379,20100.7275617642,1118.22637153858,0
2574,1716,9.39751962323541,3158.64116549026,24.0115613141519,15.5937810889548,16.0844002527582,24.0011371646053,30284.0556084107,18238.3916089572,-1362.26094393922,0
2575,1717,9.16527778039842,4259.34646349026,24.0115613141519,12.7297397745768,13.0531222282761,19.5716962174807,30269.74246824,18225.6342658896,-1320.16699988468,0
2575,1718,8.71767395401002,3734.71011136411,22.4939297419047,13.7478681580919,14.1148459437994,21.1419363636844,21536.4835320567,18320.2293823124,-1409.8228261645,0
2576,1719,8.65709705499587,3605.57167336411,22.4939297419047,14.0775908982304,14.463193886731,21.6517035750423,21562.9022965435,18343.1341652401,-1350.16497412984,0
2577,1720,8.59088159356735,3587.70858736411,22.4939297419047,14.1248693971905,14.5131678897247,21.7248052174603,21541.6333708183,18335.8180450675,-1347.6701142151,0
2585,1721,8.62073848491161,1619.61507589754,22.6165577989453,24.8578466696763,25.9887234370481,38.3560648813301,24884.8407677508,11982.810276751,-1434.77984924736,0
2605,1722,9.88508363135562,4295.49922455579,22.8494574437468,12.5552731567024,12.8603101533977,19.299618837723,20935.4832467338,20908.0277652943,-1222.05224367293,0
2609,1723,8.53732849047116,2798.51383422323,23.680542571925,16.9172144509953,17.4886303761446,26.0488825104467,32845.1964561456,14456.1738334229,-1438.42072573228,0
2610,1724,8.47563330652966,2894.74822919847,23.598970294089,16.511199839117,17.0554758153078,25.4200092315563,32817.7156593647,14462.5481058013,-1461.67350372859,0
2611,1725,8.59151668839321,2840.23387919847,23.598970294089,16.7316080418766,17.2900729231385,25.7612481110984,32812.9543227409,14464.751784299,-1410.32565060349,0
2612,1726,8.25022409091939,3660.32793719847,23.598970294089,14.0530739420344,14.4472739487635,21.6165507282425,32987.6265606063,14409.3994294519,-1320.23941119624,0
2613,1727,9.40818787968406,3394.54862574636,23.4485833445126,14.7754058653664,15.2106554370908,22.7333760946202,33367.4545568303,14273.5851727667,-1300.38490650334,0
2614,1728,9.59069641056552,3517.69599174636,23.4485833445126,14.4208821656584,14.8351516165927,22.1850039866995,33340.8813683457,14310.7154869185,-1342.34428050766,0
2615,1729,9.26189529823771,2303.99731374635,23.4485833445126,19.3741270774961,20.1090499992755,29.854181856314,33348.4020094557,14285.4734210018,-1286.97443839145,0
2622,1730,9.84952102516547,2121.42403556267,23.4782546850089,20.5663151067825,21.3866387086722,31.7023343827007,29432.6198287089,14150.6014644226,-1021.14160423246,0
2623,1731,9.94218826166446,3337.77236437857,23.5582494389997,14.959644745266,15.406987203861,23.018681798417,29651.105524102,14162.4998428876,-1211.06465369547,0
2624,1732,9.93921155677579,2745.82361437857,23.5582494389997,17.1261726205698,17.7098539522902,26.3720675327807,29640.145243381,14160.7520294934,-1185.56455975512,0
2625,1733,8.71434663272435,3196.30665161173,23.5461390153347,15.4095777939544,15.8841597329781,23.714799789798,30233.7309894303,13991.659758875,-1334.8916814675,0
2626,1734,9.00120123639861,5318.84214161172,23.5461390153347,10.9641909254877,11.1937208115897,16.8436746197443,30271.6312670019,14029.8801883546,-1385.09709191564,0
2627,1735,8.83045735011217,2466.19484353964,22.5098089047116,18.300309911866,18.9491739664506,28.1870173174352,22340.3019878092,14750.6465254656,-1287.65589202797,0
2628,1736,8.5667437192997,2209.98841153964,22.5098089047116,19.7853246215527,20.5362104741599,30.4879092090152,22321.4911241824,14772.9238419977,-1289.74514520799,0
2629,1737,9.23184624532636,2462.06420608489,22.4625644951355,18.3140490268321,18.9632258644621,28.2081309363265,22325.3049400035,14747.401686991,-1372.05619131164,0
2630,1738,8.80112853427356,2047.14964039588,22.5300455571572,20.9099586540715,21.7412416905121,32.2312927784411,22359.6912374388,14778.9036447696,-1339.17023956765,0
2631,1739,8.63365447031378,1851.11598538289,22.4854479217933,22.4893038396934,23.4361189818331,34.6802937231487,22288.2085267012,14810.2698819906,-1417.23845445794,0
2632,1740,8.81697484665735,2036.26879639588,22.5300455571572,20.990740260547,21.8278661185911,32.3565376152042,22329.9999057636,14786.8674269155,-1285.93418409562,0
2633,1741,8.77274761978845,2126.39918839588,22.5300455571572,20.3447018458156,21.1354286283981,31.355002543913,22304.2792373107,14761.6093710129,-1241.58929556988,0
2633,1742,9.60112715743045,3233.62939113115,23.9906126153204,15.3408845742325,15.8156429594513,23.609714733324,30335.8901081947,16469.6176448592,-1250.10848996564,0
2634,1743,8.37978789738853,2635.08965839588,22.5300455571572,17.4701574895952,18.064230363601,26.9013924355803,22309.1197922491,14783.9606159421,-1303.71768272022,0
2636,1744,9.16605489575319,2750.81991021154,23.9699201688482,17.1642185649074,17.7550726398115,26.4322717571627,30281.8882778545,16460.4816540372,-1186.77724507986,0
2636,1745,8.79113971968891,2611.60994239588,22.5300455571572,17.5801369137317,18.1814169823655,27.0716990661911,22309.8972177508,14770.3263354959,-1364.59562952724,0
2637,1746,8.95298892092961,2721.34121938289,22.4854479217933,17.0743357256865,17.6421649003776,26.2883659850624,22275.5311631868,14758.2162887681,-1348.18330827479,0
2638,1747,8.54491566791373,2559.95897239588,22.5300455571572,17.8285408701924,18.4461972314842,27.4563874515271,22298.9383692406,14770.7976449292,-1330.54906722908,0
2639,1748,8.68112746812736,2296.23453081309,22.4968583914389,19.2491133555313,19.9624755358836,29.6569103620626,22317.1041312109,14743.8353626472,-1297.36389294306,0
2640,1749,8.6062467371204,2735.0464085034,22.5712193792602,17.0274060616863,17.5932233360555,26.2159868286666,22323.073801296,14759.2981567392,-1292.78042143614,0
2640,1750,9.37958052363459,3150.74757583108,22.7983491459193,15.4685394375178,15.9391207568659,23.8039373374064,32131.8081204936,12408.4265601432,-1205.17650748669,0
2641,1751,8.51293646418691,3145.0163465034,22.5712193792602,15.4590032618064,15.9266476855595,23.788533308905,22310.9089440713,14754.1320282871,-1326.90327959822,0
2641,1752,9.28103451063318,3105.21983383108,22.7983491459193,15.6240691818114,16.1041520245504,24.0445901183239,32145.3254393271,12411.8043928845,-1174.85644287191,0
2642,1753,9.33342110487999,3204.90950983108,22.7983491459193,15.288718990148,15.7483911433722,23.5257202471722,32125.478364821,12393.7161879158,-1211.12446021891,0
2642,1754,8.62168285814708,2693.9018405034,22.5712193792602,17.2086131975821,17.7861463878295,26.4965480329076,22325.9129436063,14771.5983638069,-1350.2893638305,0
2643,1755,9.31723079405269,3211.93580383108,22.7983491459193,15.2657926261532,15.7240798342457,23.4902503448103,32118.8421172231,12407.0067861642,-1188.84591740193,0
2643,1756,8.36276089357782,2692.5802805034,22.5712193792602,17.2145170951042,17.7924332528109,26.5056893234425,22329.3164497287,14790.6686112012,-1224.76008406476,0
2643,1757,9.26054419176789,2853.24567487481,24.0643025914126,16.7431576629224,17.3074852806041,25.7805393487844,31030.713857695,18137.5431238861,-1228.15863138411,0
2643,1758,9.41011719323571,2760.8861862743,23.9864749998308,17.1226364597724,17.7109372498763,26.367927829905,29433.2634035815,22957.7830268667,-1289.68573804166,0
2644,1759,8.91090311063031,3433.47659287481,24.0643025914126,14.7306063786929,15.168956247968,22.6656656333998,31037.5447262405,18138.3763961165,-1203.18296453582,0
2644,1760,9.20838637404888,2788.9252842743,23.9864749998308,17.0016576633213,17.5820091328215,26.1805824472206,29393.3241724288,22965.6697756097,-1255.50092808755,0
2644,1761,9.23968493344792,3168.41242783108,22.7983491459193,15.4092815345635,15.8762587717421,23.7122513813862,32150.5255640815,12402.1597060989,-1182.33289491298,0
2645,1762,9.58642028481284,3096.03827287481,24.0643025914126,15.81787403398,16.3230358158213,24.3481130628103,31041.3438201028,18149.6454797046,-1235.46591240694,0
2645,1763,9.30211782758747,2760.71103421602,23.9791439812388,17.122341209817,17.7105401593343,26.3674479051685,29395.7196797992,23003.7588940334,-1308.23315412269,0
2645,1764,8.91597041962989,3228.27909583108,22.7983491459193,15.2128138035746,15.6679058031898,23.4082870113868,32078.2317138616,12393.8353148836,-1242.20153398766,0
2646,1765,7.95452352675506,3042.64871222132,23.7185796747762,15.9650466815917,16.4759078399033,24.5749279876244,25469.2147719457,17159.2729027385,-1504.69333666558,0
2646,1766,8.89235814731984,2856.8314422743,23.9864749998308,16.7176549230348,17.2794766406041,25.7408176644466,29404.4913356563,22986.5134173825,-1259.80506851461,0
2646,1767,9.25365455997179,3341.31652783108,22.7983491459193,14.8592070063744,15.2931587628873,22.8612743593253,32129.5109069316,12409.4763282212,-1215.62406322488,0
2646,1768,9.38105028063759,2682.96266887481,24.0643025914126,17.4825417918326,18.0955820207274,26.9255706122064,31050.6402182803,18090.2063998987,-1263.81641959349,0
2647,1769,8.06034722628417,2697.39116222132,23.7185796747762,17.3652977533256,17.9665644574055,26.7428878530371,25449.1326353251,17190.7898752095,-1521.21423620823,0
2647,1770,9.1378812676709,2947.82203783108,22.7983491459193,16.1951136814336,16.710597136105,24.9283145429931,32121.3256254564,12407.7451050633,-1214.7469281292,0
2647,1771,9.08083694478843,2554.48159621602,23.9791439812388,18.0863791919232,18.7390782104085,27.8606567281522,29393.9195190568,22994.8216290898,-1310.49157449523,0
2648,1772,7.97735081080586,2930.77865822132,23.7185796747762,16.3858395465968,16.9233846875055,25.2262936520248,25440.8238764493,17174.8382930184,-1526.8469706791,0
2648,1773,9.00948348463947,3397.0190922743,23.9864749998308,14.8297657202282,15.2733535176866,22.8188701247298,29404.2411211104,22958.418922424,-1390.87040714069,0
2649,1774,9.12665749788754,2907.72154264439,23.8501200746749,16.4941762037401,17.0400819199655,25.3944037314331,31810.5569801461,16495.2282092909,-1270.14133002563,0
2649,1775,9.2818197347923,2759.3884182743,23.9864749998308,17.1291619008356,17.7178924104153,26.3780332595396,29436.161782467,22963.3820735783,-1295.78786383492,0
2650,1776,9.23242041526829,4577.68541776795,23.8493770215113,12.1212462666,12.4109924692987,18.6311349101486,31804.9463751561,16523.8160612466,-1223.14416206506,0
2650,1777,8.90021993485356,2694.83474053003,24.060830212958,17.4277147493554,18.0370608921606,26.8406413143521,29404.1471053414,22968.4314780346,-1321.9160233707,0
2651,1778,9.15866490499338,4657.59574576795,23.8493770215113,11.9834697253373,12.2660436022201,18.4182928340631,31815.604539431,16505.0416433543,-1219.49899457656,0
2651,1779,9.39708696932836,2981.48110453003,24.060830212958,16.2369227062858,16.7685894046828,24.9967599632854,29422.8989590309,22988.2160797979,-1257.92621580251,0
2652,1780,9.15795661993693,4222.40603776795,23.8493770215113,12.7894349742541,13.1148107065386,19.6636078042874,31826.0667277972,16519.7276459312,-1319.51485199882,0
2652,1781,9.04661604530537,2741.61796453003,24.060830212958,17.2178889688443,17.8133121624701,26.5156718365103,29373.5041264951,22958.5674045943,-1249.93437387314,0
2653,1782,9.43057778516724,4424.16419776795,23.8493770215113,12.398279345354,12.7026292379671,19.0591552255962,31826.0681254477,16503.987807353,-1226.37130785653,0
2654,1783,9.15547855577261,3916.97149576795,23.8493770215113,13.4493954726916,13.8112917537669,20.6837306457983,31828.4619451091,16508.3289653767,-1310.83000444312,0
2655,1784,8.91351319136162,3240.59708776795,23.8493770215113,15.3011314453564,15.772062647028,23.5478190382948,31804.0286568778,16484.4858783654,-1233.48216298404,0
2656,1785,8.98966254685861,2953.92869776795,23.8493770215113,16.3139310773886,16.8482807080154,25.1153588730881,31814.1794016024,16534.6286758156,-1299.7766114889,0
2657,1786,9.44688771056252,2472.72667576795,23.8493770215113,18.4879201935116,19.166468796092,28.4823284612142,31795.5050548873,16586.8827642055,-1264.77199308797,0
2658,1787,9.03915240195122,2310.02061376795,23.8493770215113,19.4090843126467,20.1517639674511,29.9098206034077,31774.8144072799,16564.5086058523,-1205.54770473697,0
2659,1788,9.10197789514777,2138.81251576795,23.8493770215113,20.5170967367702,21.3390920556458,31.6274679506576,31775.7075463782,16549.2330024708,-1201.09449324368,0
2660,1789,9.2235135482666,2858.19811019042,23.8288605254386,16.690167548672,17.2484845255692,25.6977834261416,31777.2530171276,16500.6988364723,-1284.65388250316,0
2661,1790,7.88895704775642,2973.55425032017,23.8095563905251,16.2336624914432,16.7624730725225,24.9909836001427,25472.8155520826,17168.5034683452,-1521.8776622982,0
2661,1791,9.31088125352139,3009.31849619042,23.8288605254386,16.1019311665454,16.6225828593063,24.787123921788,31760.9040553633,16563.1523594709,-1234.12810050981,0
2662,1792,9.68980432575174,2028.39058619042,23.8288605254386,21.3189227397207,22.1994082086542,32.8707678315076,31811.5139948274,16516.7751184542,-1381.50546140848,0
2664,1793,8.79894445971327,2488.66790819042,23.8288605254386,18.4003006306452,19.072585826111,28.346502954547,31778.7955367759,16540.4451936243,-1213.85388206489,0
2665,1794,8.0196845051588,2805.20359243724,23.7795038293775,16.9030546052354,17.4746535987953,26.0272615365766,25450.8745187184,17172.0736325024,-1497.90865061116,0
2665,1795,8.97022808891302,2887.20635219042,23.8288605254386,16.5729140047867,17.1236577999143,25.516243086658,31777.9075015151,16537.7727131165,-1193.17082888009,0
2666,1796,8.78461550291165,2411.51083019042,23.8288605254386,18.8176123493421,19.5186581956445,28.9931136905763,31800.183753885,16513.596011251,-1195.51592505192,0
2667,1797,9.42880031363864,2696.19688019042,23.8288605254386,17.3871063705228,17.9910896963529,26.7770138022943,31823.9218167704,16531.6148456046,-1276.51849208245,0
2669,1798,8.02869759334322,2416.86912632017,23.8095563905251,18.7845941193207,19.4831072582717,28.9418821737392,25489.1521457096,17143.2232719327,-1464.55082712622,0
2669,1799,9.4287995721709,2266.31543819042,23.8288605254386,19.6735096121209,20.4346337578589,30.3196004030691,31808.9815509325,16511.4290213789,-1220.16076525681,0
2670,1800,8.03998923065763,2411.94033240602,23.7528770165821,18.8024066329426,19.5014350502354,28.9692858229698,25459.1788802961,17145.5366931409,-1509.69035823849,0
2670,1801,8.92608532897312,2124.75799177309,23.950100707702,20.6349541959373,21.4669359822863,31.8105988952868,31773.2985776505,16539.5399756914,-1254.6293034377,0
2671,1802,9.33898651223908,2393.80558177309,23.950100707702,18.9374484662537,19.6483629718131,29.1792394024901,31809.5168573548,16519.2629007317,-1177.90895843911,0
2671,1803,9.42946822379039,2682.71884000641,23.9105840804645,17.4607482769252,18.0705657177545,26.8913283478448,27020.1281556863,16587.9413883882,-1138.44987240189,0
2672,1804,9.16230711137353,2499.42025177309,23.950100707702,18.3636348561178,19.0348989603022,28.290105412329,31745.333243575,16559.945260764,-1246.59732882304,0
2679,1805,8.8861905557409,2052.05912191546,24.2379036787859,21.2220065382652,22.1012338996717,32.7220937963782,30550.760655253,20199.0435469918,-1395.74125138905,0
2680,1806,8.89558395412039,1619.94358138229,24.2984618574875,25.3024512553734,26.4983833082858,39.0544922275598,30557.1324926576,20210.0905962504,-1354.924917463,0
2682,1807,7.14605753697565,1695.84582507318,23.9129194592321,24.35108286479,25.4647547081619,37.575736761411,24851.0124349004,20620.8640930254,1068.06454864473,0
2683,1808,7.28177279441436,2519.2243416308,23.9190793166318,18.2559965710591,18.9195208675091,28.1232349416316,24861.8862713814,20605.6312474246,1040.10544718634,0
2683,1809,9.47802280370613,2151.49703938229,24.2984618574875,20.5152770856431,21.3433718696479,31.6263648061496,30570.6742328152,20136.8195213944,-1434.87016991804,0
2684,1810,6.69878333013,1819.38965907318,23.9129194592321,23.110922752155,24.1280094144535,35.6510526707662,24859.7235094587,20600.5818688462,1082.22289033111,0
2686,1811,7.01612889397964,1796.26235907318,23.9129194592321,23.3309191128564,24.3649738164966,35.9924326800846,24842.7187335296,20554.7029612217,1034.29667175367,0
2689,1812,7.43681287549336,2041.05932307318,23.9129194592321,21.2394850556836,22.1153198277635,32.7479082963346,24872.2272872436,20596.5232044852,1045.90355885517,0
2690,1813,10.7667501065273,4625.97024169713,24.0894806486381,12.0568968911022,12.3449973488009,18.532196101192,27090.9031843016,25134.7830869177,-1045.32912613029,0
2691,1814,6.75604559987492,1823.0878741403,23.5883545730484,23.0009473748739,24.0044033125687,35.4789765960453,23877.1185508654,18673.0437949208,1173.75656856081,0
2692,1815,7.48756539219931,1707.82315190917,23.5488175075299,24.1325002552972,25.2228725663363,37.234769342859,23872.4243894297,18656.3569408494,1103.927775095,0
2692,1816,10.198850491168,2610.06749893441,24.3205208146427,17.865189412511,18.5069266672922,27.5191103721299,30893.3514277798,21456.1651786597,-1106.41034945341,0
2693,1817,9.68471449949302,2762.40341884506,24.2989820195658,17.1609922229533,17.7553218852809,26.4282911846056,30909.9676376662,21427.1146929321,-1113.31305551024,0
2698,1818,10.3505234635721,3316.45864386914,23.522815576384,15.0212443518623,15.471958580191,23.1138877131168,22754.6385403531,20782.7995758598,-1219.57803562213,0
2699,1819,9.82762057584749,3857.05584180602,23.5462508094031,13.5596094688444,13.9251754528301,20.8534220933373,22809.203186178,20752.4174825081,-1160.77814349869,0
2700,1820,8.64595305579351,3131.02258473133,23.6608321545512,15.6447100429322,16.1349611360604,24.0789815970813,23182.1656210789,20887.3667014159,-1448.61011266105,0
2709,1821,10.1442257538169,3800.70394945878,24.28913679775,13.7696171019625,14.1534239730814,21.1798620733652,32299.8730475446,19846.8115133223,-1109.194249729,0
2709,1822,8.55235356314242,4206.87496594034,22.5871869084479,12.7060944405111,13.0170329732373,19.5320745249817,21165.2210331479,17414.2262974642,-1372.8293525992,0
2710,1823,10.1012103550702,4154.5815993716,24.4643721476313,12.9843869307249,13.3252295305744,19.9662421112545,32298.4315357872,19849.4799576554,-1023.69508873394,0
2711,1824,10.3525656083752,4129.8023493716,24.4643721476313,13.0365826877872,13.3803227796911,20.0469253188866,32290.1262464585,19810.8204106887,-1090.86285101038,0
2712,1825,10.184386196267,3634.9662333716,24.4643721476313,14.2109922622149,14.6220217779167,21.8628792765493,32273.4448844367,19825.9860648443,-1077.15539126792,0
2713,1826,10.3494842217967,2524.5254433716,24.4643721476313,18.3155767461674,18.9897714281472,28.2173607823686,32320.9095836271,19821.6318190804,-1098.81987455958,0
2714,1827,8.87129617671694,3660.81857408087,24.2203822964578,14.1171332698628,14.5205222515996,21.7171246031874,31496.6043069773,16478.604255726,-1447.73210453422,0
2716,1828,9.46829957890477,3853.94282124169,24.527393551969,13.6641631141148,14.0438914994866,21.0173430730408,31175.8393122124,17995.2156104519,-1212.02936623788,0
2717,1829,9.61360802096712,3615.44529324169,24.527393551969,14.2698656017892,14.684922999159,21.9540935782943,31167.6451309574,17998.5375439962,-1203.55609756532,0
2718,1830,9.61734759050412,4026.25221924169,24.527393551969,13.2668004584661,13.6239187505223,20.4029563560211,31145.2653305364,17971.9839374692,-1277.79063542789,0
2721,1831,7.84385885017419,2378.9188582422,23.4750152384438,18.9406055541458,19.6456466464999,29.1824529857494,25086.3248768253,17513.9984147227,1218.47973247492,0
2725,1832,9.77458945724597,2148.70674573963,23.8872884523919,20.4559080136517,21.273992390572,31.5327420577869,25934.7160703819,18427.9441772702,-1175.01691629967,0
2726,1833,9.72662603552803,2400.21455971912,23.9280013307973,18.8975668179363,19.6054236363442,29.1173589034903,25967.8586990557,18427.5152008417,-1187.04599543877,0
2728,1834,8.03757501935799,2372.28415179563,24.027474100549,19.0733859710462,19.7947814301917,29.3901767334009,25690.7243896015,19617.0776200223,-1428.4238720421,0
2729,1835,8.14054300652572,2122.61944179563,24.027474100549,20.6650758130231,21.5003403452978,31.8576043244096,25732.9658698603,19592.7873094372,-1442.5483657035,0
2738,1836,8.56196964548468,3213.06768985726,23.1103312951025,15.3006766075017,15.7642334965783,23.5450913934439,21493.3872522001,20230.4364892358,-1380.94569120883,0
2738,1837,8.41680234074372,3461.66030792219,24.9263650046626,14.7441350563059,15.1911769529865,22.6887657279636,29898.6041302625,20792.886609795,-1355.70138268308,0
2739,1838,8.50103351309468,3426.20365940343,23.1504000041617,14.6479843029907,15.0728343900734,22.53549453703,21495.2724006101,20238.4099535145,-1442.28013233076,0
2740,1839,8.80501207849489,3105.36929228314,23.0763389351292,15.6592726567838,16.1444187112573,24.0998631498353,21504.1400112485,20243.2777143485,-1419.99468479131,0
2741,1840,6.4474821814888,3383.69188041582,23.3585642705606,14.7973500464146,15.2330498658125,22.767085263143,23319.0808518738,19326.4047978836,990.846476866582,0
2743,1841,6.58453335644574,2871.20937388788,23.5347337097136,16.5965097528725,17.1455586819197,25.551889154178,23519.4850709819,20447.0575089925,1074.8982121321,0
2743,1842,10.1345861180302,1874.42234488484,23.5001545210558,22.5150361289576,23.4800917658231,34.7247096396301,29172.0711724668,12053.97438639,-1141.30804969877,0
2744,1843,6.93052311256645,2687.62266388788,23.5347337097136,17.3821651514734,17.9824152555671,26.7684231017283,23532.1813409558,20443.567926363,1074.60905477488,0
2745,1844,6.85049445858783,2642.94726350433,23.5178689339943,17.5857963777598,18.1993450526988,27.0837399428677,23474.095090768,20401.1631753199,1054.41172181926,0
2746,1845,6.77590914465544,2198.77761988788,23.5347337097136,20.0518558015184,20.8359509978077,30.9049811535623,23528.0916140308,20457.1985881708,990.001245860168,0
2747,1846,8.58986653088374,8426.1984639845,24.5007423703521,8.22836487728292,8.34383984203683,12.6250611163136,31477.0832688096,16617.6637441982,-1394.90779308101,0
2747,1847,7.96650776420306,3855.67291986347,24.8816670806132,13.6947257858447,14.0791321863966,21.0654079353136,30429.5562813698,20831.2981827515,-1250.18114648896,0
2748,1848,8.66641005455071,5286.1939299845,24.5007423703521,11.0745584112274,11.3154759837707,17.0157341244424,31472.851688247,16627.3839408893,-1382.70758563847,0
2749,1849,8.78725325093022,4822.4585259845,24.5007423703521,11.7621232506698,12.0377606527475,18.0776148525011,31486.841088724,16621.2715449681,-1422.39952491139,0
2750,1850,8.70154033264075,5107.17359517686,24.8047212603476,11.3486740769752,11.6051933930568,17.4395670339582,31468.6405530128,16649.038414734,-1336.87367976454,0
2750,1851,9.0557927791825,2755.78072306558,24.3510080872967,17.1974722787734,17.7947983673519,26.4849485768369,28437.7562846006,24542.4325964815,-1188.07442561498,0
2751,1852,8.37938721386344,4808.73411865905,24.7901275808091,11.8064097620792,12.0862969932062,18.1465669779845,31458.9067955944,16609.6497308238,-1424.83807608515,0
2752,1853,8.78957609849774,2611.00382506558,24.3510080872967,17.8653128478249,18.5074146702785,27.5193997127016,28351.3620279619,24569.9089181528,-1266.44341230633,0
2752,1854,8.4276090697006,3319.03242923385,24.8461803281877,15.1679530426701,15.6402343744709,23.344363942142,30471.19470394,20757.819777709,-1269.08534864105,0
2753,1855,8.98312333867102,3215.97277523385,24.8461803281877,15.5021173523089,15.9951962251276,23.8615250236789,30477.9746467916,20759.7270794464,-1288.44777972815,0
2753,1856,9.56735966642051,3463.65231106558,24.3510080872967,14.6746611386528,15.11228713092,22.5798431464527,28420.5413081786,24567.2529735847,-1206.73322800615,0
2754,1857,10.0598265569616,2676.56236903828,24.2966342228237,17.5466242190941,18.1666152839165,27.0255621663043,27833.6185690886,18718.5063604817,-1110.31410239014,0
2754,1858,9.42190674396961,3616.82111506558,24.3510080872967,14.2475220378534,14.6597129265682,21.9191073360326,28413.9323622215,24542.5929454138,-1233.75285929254,0
2755,1859,9.40385528092679,3596.69748655391,22.4294466735657,14.0939452359062,14.479881910516,21.6768254707618,29571.0696785027,8343.84891985959,-1219.36954684998,0
2755,1860,9.22545259804246,3535.74340906558,24.3510080872967,14.4694713565414,14.8948171851679,22.2624208969741,28401.6692743886,24580.4313938371,-1232.12277329721,0
2756,1861,9.56807866442628,3393.3314285539,22.4294466735657,14.6605007449993,15.0791343769374,22.5529375634567,29603.482991527,8382.2554436869,-1201.20094770768,0
2756,1862,9.65416258929232,4557.68403414441,24.8377463185493,12.2371414179938,12.5400663538486,18.8121455049764,31595.2814842871,20389.4134308515,-1120.84640670817,0
2756,1863,9.08421203641209,3102.95453506558,24.3510080872967,15.8295860648759,16.3383821638324,24.3670391538662,28427.2951937339,24568.4492676809,-1211.08734107286,0
2757,1864,10.0377141372032,3497.19737862886,22.5062418507877,14.372459210169,14.7750910510091,22.1076863975045,29576.4739600109,8382.51695649511,-1187.38719761441,0
2757,1865,9.2407896028411,4601.47141906558,24.3510080872967,12.1204904918951,12.4137829016078,18.630956938765,28455.6433925252,24507.6066242796,-1250.29216209797,0
2758,1866,9.58857312740521,2948.92618662886,22.5062418507877,16.15094416845,16.6604523920337,24.8590680411444,29537.3869349605,8421.33327614697,-1123.88031144364,0
2758,1867,9.72396835622505,2783.24744814441,24.8377463185493,17.1469152098894,17.7462515781231,26.408125593037,31646.4147493102,20388.5903804778,-1155.71061196991,0
2759,1868,9.64494888489525,2820.44852862886,22.5062418507877,16.6573015128892,17.1986784812378,25.6428167865219,29539.6293532224,8416.63120095736,-1188.28834961718,0
2759,1869,10.0735406164552,2853.44431014441,24.8377463185493,16.8491112700968,17.4287219737925,25.9469088560176,31654.8721946718,20317.9634875278,-1170.67445349815,0
2759,1870,9.49085216582575,4767.01883506558,24.3510080872967,11.8405802085574,12.1192535570822,18.1985286046008,28464.3359795805,24491.5275478719,-1310.80445955404,0
2760,1871,9.67854887999374,2910.5137687628,22.5636575934457,16.3060739028899,16.8259218224011,25.0993393154255,29578.7199515278,8354.76820259786,-1185.18306289064,0
2760,1872,9.08697774102366,2918.41604035547,24.45173693552,16.5333559683278,17.0882181011836,25.4568345000201,28391.3744354873,24531.6777739317,-1212.43421720049,0
2760,1873,9.92405108057125,2773.18241678889,24.8650586160077,17.1946138637442,17.7974272959445,26.4820852437859,31635.2702460848,20372.7498401218,-1065.91450183452,0
2761,1874,9.43985641445899,2949.47343177785,22.4844720360913,16.145886957199,16.654839516761,24.8511750132687,29565.9555105017,8362.12320852629,-1214.9368397665,0
2761,1875,8.98040487848496,3036.98199835547,24.45173693552,16.0805444601174,16.6062808766794,24.7557924461133,28448.5543887748,24542.6170779788,-1270.30809824228,0
2762,1876,8.89753431080616,3361.7540145916,23.636871998413,14.8956650310614,15.3399112337437,22.919909079421,26577.7570156049,16837.035731519,-1229.40518039722,0
2762,1877,9.89153243341236,2992.5385927628,22.5636575934457,15.9957807112993,16.4962723861839,24.6191095807391,29571.969046053,8370.96764699649,-1241.23812873116,0
2762,1878,9.28675365831695,2926.74186835547,24.45173693552,16.5004702847423,17.0532007387603,25.4059164197928,28447.2299516843,24545.7886606417,-1264.43318991814,0
2763,1879,8.98140093594712,3334.7721645916,23.636871998413,14.9780847223351,15.4272953382995,23.0474185105919,26592.7562304799,16835.8890239179,-1266.04675584986,0
2763,1880,9.31782392860844,3637.16604344365,24.4611742204515,14.2048040091013,14.6154408534142,21.8533000828205,28535.3073114065,24346.6710874421,-1168.58783348521,0
2763,1881,10.0544993481589,2701.87916577785,22.4844720360913,17.1599586641523,17.7333056403163,26.4209301336802,29591.0487152422,8368.69722859804,-1158.06895148902,0
2764,1882,9.1768923237275,3123.2785125916,23.636871998413,15.6684575519713,16.1599392424203,24.1156656962509,26592.9847894379,16822.4531225297,-1325.25643232173,0
2764,1883,9.22346433480577,3472.22051850934,24.4704565740685,14.6630961772799,15.1011142224808,22.5622512262956,28534.4078483338,24335.4242428802,-1227.26097922038,0
2764,1884,10.1177598113843,2306.16004977785,22.4844720360913,19.1878026400084,19.8967619392096,29.5618625433753,29567.0169353956,8383.70471319311,-1127.38192908943,0
2765,1885,9.04311169798196,3421.9070205916,23.636871998413,14.7161428971062,15.1496377896665,22.6421918858204,26537.9205805197,16824.4167294537,-1228.15002022091,0
2765,1886,9.43288670858889,3307.02551850934,24.4704565740685,15.1621366349623,15.6305193274887,23.334388086818,28531.6650950556,24349.6227873708,-1327.70649485739,0
2766,1887,9.03100302620182,2354.13670650934,24.4704565740685,19.2548133719013,19.9946195433312,29.672920639682,28538.9726598253,24322.7565301132,-1276.05184882384,0
2775,1888,9.08222585263514,2578.90207639956,24.3364800181651,18.0204225621333,18.6728910793754,27.7596478727214,30190.8789088126,14771.7358737364,-1473.85039798727,0
2776,1889,9.13738901320573,7718.80133239956,24.3364800181651,8.68445931511077,8.8171606505886,13.3278625074431,30180.5133107115,14729.5991841965,-1414.86281227302,0
2777,1890,8.77650244775561,2905.34942239956,24.3364800181651,16.5697100880611,17.1257061941317,25.5127861678062,30175.7170201439,14754.6171587074,-1442.87062964488,0
2777,1891,8.71963671176295,1930.04916220717,24.5407708159919,22.2621174123203,23.2239206749923,34.3367302892178,29335.1291761043,23805.99676211,-1185.95012896144,0
2778,1892,8.54608914771281,2903.16884839956,24.3364800181651,16.5784089837861,17.1349693289382,25.5262550808594,30161.0221635148,14771.6840723236,-1324.38340370918,0
2778,1893,8.52396592173965,1420.15114373919,24.5557272904608,28.0402991864648,29.4657110610342,43.3080949130887,29321.6519756689,23758.4144127754,-1212.83180835742,0
2779,1894,8.8955135166261,2886.82555639956,24.3364800181651,16.6439876976782,17.2048073957259,25.6277952859171,30186.5576381629,14774.4627607816,-1450.94279880827,0
2779,1895,9.6130649053716,1582.74378679877,24.5539838758146,25.8184277281505,27.0604524198352,39.8569112529429,29320.4443143704,23792.6693864505,-1250.95713530359,0
2780,1896,9.15754981929064,2823.91976491587,24.2858068489472,16.8957556414711,17.4724669604471,26.0174986699191,30168.3462617604,14776.2125760767,-1354.66867549277,0
2780,1897,9.27658503192823,1728.66189054395,24.5461648239111,24.160415379443,25.2695249106848,37.2826702805379,29365.9607223822,23794.3269276607,-1271.43050272574,0
2781,1898,8.65573963119246,2886.84804691587,24.2858068489472,16.6369787043708,17.1967995555029,25.61679303692,30163.4106176036,14763.1956159292,-1385.59896496525,0
2781,1899,9.04939885083943,2446.81962054395,24.5461648239111,18.7419465254013,19.44667525565,28.8783234894417,29299.9765571789,23816.4500878305,-1209.50460134085,0
2782,1900,9.06291718837374,2677.97548891587,24.2858068489472,17.538477665046,18.1577987584077,27.0129094728916,30170.6242595749,14754.7012399442,-1336.30362273931,0
2783,1901,9.09484957810852,2690.55233491587,24.2858068489472,17.4805845842858,18.0960298213278,26.9232375822398,30202.1965168856,14754.9957838064,-1344.6095204813,0
2783,1902,8.87757870756363,2522.97108906137,24.5608317464727,18.3388983768534,19.0158538751245,28.2538146714424,29158.984948926,23492.0772597983,-1276.61089705192,0
2784,1903,8.55378051826689,2696.32314691587,24.2858068489472,17.4541860786438,18.0678664271175,26.882349022008,30176.6080973439,14748.5226366843,-1386.85988116403,0
2785,1904,8.88282918411049,2594.73923491587,24.2858068489472,17.9345534289341,18.5805872601088,27.6264542426813,30186.9110121839,14778.6656457577,-1310.86677623394,0
2786,1905,8.85169872158815,1861.00912291587,24.2858068489472,22.8119500359783,23.8119076715359,35.1887587997221,30194.9249780964,14720.6500744759,-1428.66338191136,0
2787,1906,8.83776222141596,1735.19661091587,24.2858068489472,24.0291436408214,25.1236681189267,37.0777352113638,30173.3387657951,14745.0964082172,-1426.26635741848,0
2788,1907,9.23512483666531,2050.82919091587,24.2858068489472,21.2409382453103,22.1222558392625,32.7516447157378,30210.9332070462,14772.0487400023,-1472.29818476662,0
2789,1908,8.79116478162975,1757.24463691587,24.2858068489472,23.8040518114856,24.8809237717058,36.728366467443,30160.290445411,14744.0365455624,-1453.17435327158,0
2792,1909,10.4173075469573,7409.25597934002,24.3668533889279,8.91221637872795,9.05432140626339,13.679037569261,33367.8420898901,15962.1513861919,-1203.17342703342,0
2793,1910,9.89568048030949,8188.44775534002,24.3668533889279,8.37076902638034,8.49119247275967,12.844374349402,33373.6972014595,15993.3519685302,-1135.67800931808,0
2793,1911,4.58025066176217,6547.71899564326,24.1709119537986,9.62786871561281,9.79943951731792,14.7824651855845,34241.5842554714,15924.5414201413,330.857903060263,0
2794,1912,9.9717690930515,7723.78725934002,24.3668533889279,8.68232065487323,8.81507097437117,13.3246029749779,33343.2551238879,15994.1286672065,-1100.8528651619,0
2795,1913,9.75505837730391,8032.26138934002,24.3668533889279,8.47202342432184,8.59640829918424,13.0004365029781,33354.6892246497,15992.9742852912,-1111.29090407882,0
2795,1914,5.35550740265456,5853.20123796166,23.9327072482287,10.3305461160292,10.5324799809926,15.8662797227779,34358.0337634694,15914.9807980974,549.342114000645,0
2796,1915,9.6895602445955,8269.61356534002,24.3668533889279,8.31945160857071,8.43788398973868,12.7652840317369,33360.8078243602,15987.3316281717,-1129.50135026252,0
2796,1916,5.81658876341334,5936.41546596166,23.9327072482287,10.2371116905721,10.4347382291625,15.7220913591672,34465.7584797392,15959.0316565106,753.865302516975,0
2797,1917,9.93178876925318,8377.51893934002,24.3668533889279,8.25255400464368,8.36840775480961,12.6621862198279,33360.7513099084,16003.6151205012,-1112.95146728142,0
2798,1918,9.76046926500953,8061.55596934002,24.3668533889279,8.45277481610922,8.57640327353542,12.9707679401742,33366.308719246,15993.3623520652,-1189.8974221034,0
2798,1919,3.70191798197178,6343.11948164326,24.1709119537986,9.82496152465825,10.0052462675467,15.0865175341948,34093.3248500954,16410.1656905374,36.0987140954821,0
2799,1920,10.0638986900777,7996.77750334002,24.3668533889279,8.49550138188912,8.62081099340563,13.0366244948208,33362.4646272622,15973.7540540638,-1141.25471716732,0
2800,1921,10.0139347210192,6980.58820457598,24.1579144376312,9.24355174438933,9.39849742161566,14.1896851411298,33370.1163204505,16013.1577245906,-1102.42389698043,0
2800,1922,9.78047008730865,2819.38159570744,22.1780220718782,16.6141916554926,17.149050321699,25.5750425503152,28218.8709589733,8894.13080963658,-1435.06003775608,0
2801,1923,9.46070275675693,5738.28885394609,24.1257236787166,10.475713066737,10.6855332400574,16.0906319157305,33304.4987733215,15560.6240674298,-1183.82108613599,0
2801,1924,9.85482122750878,2698.90811656425,22.1958011766802,17.1292724409267,17.6971801531638,26.3724672946369,28229.7670846317,8915.37560460442,-1324.2834136362,0
2802,1925,9.91720462758932,2366.46910665716,21.9257192408926,18.7400036716416,19.4107662185587,28.8659924969696,26608.5854767012,8755.90865373544,-1296.85151744022,0
2803,1926,10.2896320633887,2764.08245865716,21.9257192408926,16.8068265675911,17.3509102939252,25.8724077524675,26601.8832409793,8762.98374564554,-1284.62605401825,0
2803,1927,9.43369172226125,2993.74815256425,22.1958011766802,15.9416072470439,16.4347275757858,24.5341675611221,28162.2716405927,8921.41536937582,-1387.1489319328,0
2804,1928,9.98466542785807,2854.66058642086,21.947285408674,16.4385242777706,16.9596744212832,25.3024108949049,26624.6105067585,8768.78767494771,-1351.15402611485,0
2805,1929,9.67681757650307,2952.07496056425,22.1958011766802,16.0963946690567,16.5990714348902,24.7736992715806,28242.6946120887,8912.14947096442,-1385.23170852908,0
2805,1930,10.5363347514143,2874.79235042086,21.947285408674,16.3588391003348,16.8750141144959,25.1790837913734,26635.2776431963,8773.11921861642,-1334.10481461576,0
2806,1931,10.0699820697432,2936.64801970744,22.1780220718782,16.1522392543918,16.6581792828374,24.8600672669467,28213.8040914399,8883.80020623883,-1405.90088815462,0
2806,1932,10.1593111346217,2436.35760465716,21.9257192408926,18.3586003994608,19.0037323097503,28.2752018410363,26602.2481826046,8764.47236787245,-1350.88627338669,0
2807,1933,9.59551606218177,3200.74850056425,22.1958011766802,15.2269586588296,15.6767287583923,23.4284691133066,28200.5443310975,8924.05251023574,-1345.28549187435,0
2807,1934,10.2164081031302,2847.96468242086,21.947285408674,16.4652540236156,16.9880764175457,25.3437809004856,26634.5485303833,8758.07829619608,-1321.59228855222,0
2808,1935,9.74289270160015,3060.79633224604,22.1298583222364,15.6918581587542,16.1689719604785,24.147521903073,28238.6076694867,8960.38209611475,-1236.17623179053,0
2808,1936,10.6220518983942,2951.55296042086,21.947285408674,16.0640550687852,16.5619577478707,24.7228890257063,26636.2264997162,8755.15626569587,-1368.78724634694,0
2809,1937,8.57159668585704,3246.50373413389,24.4249052480996,15.3509869071623,15.8305900127471,23.6265107197088,28711.3910598723,23355.9853384935,-1345.31371335128,0
2809,1938,9.78719721594648,3200.35203256425,22.1958011766802,15.228247551882,15.6780946717045,23.4304629588625,28209.0320721332,8874.84465867386,-1416.49088598972,0
2810,1939,8.58798475517899,3861.75615815723,24.2884603179988,13.6219832163882,13.9973142592597,20.9515756240392,28700.1441113074,23359.6929677198,-1336.30834165491,0
2810,1940,8.94838202509823,3229.19344035261,24.2869690742494,15.3911497852378,15.8719042935375,23.6882964210294,25410.6935026749,24800.6120461977,-1233.1427693608,0
2810,1941,9.87400106265932,3228.59732136604,22.1113712256427,15.1266171608452,15.5695352361267,23.2730105575369,28202.1283266776,8887.80159570979,-1414.98248878332,0
2811,1942,8.34301890067696,4818.71978015723,24.2884603179988,11.751858807355,12.0255257733989,18.0613615073123,28721.7435893198,23347.5933274819,-1355.81305093411,0
2812,1943,8.53843102249151,3584.93339015723,24.2884603179988,14.3270466144153,14.7433812801272,22.0419598445953,28721.0045943005,23353.0763622092,-1379.8827154668,0
2812,1944,9.5178351437151,3091.39842190261,22.1252509775528,15.5844869075129,16.0550296673643,23.9813820266358,28199.5859381759,8932.60089350648,-1331.59494769163,0
2812,1945,10.4897287174894,2637.47731953356,21.9022353602189,17.360927695142,17.9401891863223,26.7301387191104,26618.9932295243,8758.56463799748,-1323.31933187592,0
2820,1946,8.58283718376899,4634.44521374621,24.209010800384,12.0519291702448,12.3406164572706,18.524755136805,32542.4813540175,15643.5197844166,-1363.56789909378,0
2830,1947,8.16007938401378,1844.71675881733,24.3460464353218,22.9744764927608,23.9878705367723,35.441208367707,25419.7363319029,23769.5234322737,-1447.13564434249,0
2830,1948,8.30995474506878,2978.92983539016,23.1111809682689,16.1200387653238,16.6342113299708,24.8130526695011,22377.6724837254,15883.2526309603,-1367.00662848579,0
2831,1949,8.04186849635592,3293.35098539016,23.1111809682689,15.0441977578007,15.4922705566156,23.1482896808277,22393.2341242945,15867.5928892979,-1481.03212886892,0
2831,1950,8.10980584246831,2292.08876810367,24.347689276769,19.606582640147,20.3697881798761,30.2177439700774,25434.3753545093,23795.0265683533,-1385.64431354262,0
2832,1951,8.15995589278501,2079.86825810367,24.347689276769,21.036455327097,21.9035080118793,32.4347556767731,25439.4843153234,23808.8745357664,-1393.28989010709,0
2833,1952,8.36121580903774,2191.80246681733,24.3460464353218,20.2500141330929,21.0594658752797,31.2152472015476,25424.5238926907,23771.9831179905,-1451.4466309703,0
2834,1953,8.37189599647821,2344.42062081733,24.3460464353218,19.2906282439157,20.0313805205883,29.7279951950454,25439.5487269801,23757.2341795129,-1470.22893918169,0
2835,1954,8.24013794101512,1901.52181281733,24.3460464353218,22.4653456279104,23.4397016440027,34.6512276509516,25404.7491317021,23790.9046985702,-1420.07947881167,0
2837,1955,8.31849409006217,1999.07592357024,24.3129697811976,21.6473099967128,22.5593241468788,33.3820509689412,25130.0159313516,24066.6718202863,-1296.41942405733,0
2838,1956,8.35194063563539,1720.11663357024,24.3129697811976,24.1928884589874,25.3007467431403,37.3320225503191,25138.3117065053,24069.065784374,-1317.62349912803,0
2839,1957,9.18017937153163,2332.06511455159,24.3176784720146,19.3590470720579,20.1042758859694,29.8339422823911,25306.6580602143,24651.7594351942,-1129.99234167587,0
2840,1958,9.35672849004431,2287.40645193127,24.4653877019207,19.6563604448174,20.4246530412496,30.2953297850552,25281.6578723947,24669.6578752337,-1222.92119861549,0
2841,1959,8.67901131323406,2840.19815827926,21.8134959414447,16.4770527731213,16.9990606121564,25.3616143035321,25788.8771741936,9740.77363554066,-1400.80976003054,0
2842,1960,9.64893398310106,2592.42249993127,24.4653877019207,17.9735724665395,18.6243665890224,27.6874834512421,25309.8599289605,24646.888111908,-1216.70949758607,0
2843,1961,9.30100054002458,2236.17397593127,24.4653877019207,19.9803435173717,20.771896163594,30.7975891468177,25303.4182867378,24693.9680668984,-1132.10389793984,0
2844,1962,9.25974678494701,1941.48812193127,24.4653877019207,22.1493439842034,23.101455671818,34.1614600718704,25325.0571023688,24677.5040255876,-1162.5017399891,0
2845,1963,9.01851301711695,2625.26326593127,24.4653877019207,17.8139063923832,18.4538552368721,27.4401300360523,25257.9193166227,24688.2349422122,-1203.89244188345,0
2846,1964,6.79770659984374,3988.62269747398,24.2788670457363,13.327403092302,13.6859432360331,20.4960991391683,24421.2016964306,22211.8407515551,1069.55753472104,0
2847,1965,7.05328307843778,5308.77303347399,24.2788670457363,11.0285225618058,11.2657923317676,16.9442702863331,24430.5792365527,22220.5991866044,1043.69812092665,0
2847,1966,4.80035811722127,4380.75945082623,24.4016485566968,12.5270426566283,12.8423860755267,19.2592566589881,25210.6505700601,21814.6663360836,604.796005995541,0
2847,1967,7.97681890369656,4071.25779395083,23.9922247883752,13.1183106652632,13.4628668719614,20.1722328137737,26017.4834179191,19992.6002384924,-1416.67761279209,0
2848,1968,6.80746491700892,4909.87502584936,24.2833926357937,11.6074334008031,11.873671668852,17.8382725138863,24653.3456007575,22092.5275426821,1193.86528091852,0
2849,1969,6.82119306736812,5160.77029060893,24.283186031172,11.2342874330052,11.4817408308192,17.2619986673939,24768.098387786,22030.3028561566,1251.37630450769,0
2858,1970,5.69333304946061,5473.28995560606,23.5716553439504,10.7642488476482,10.9843681273295,16.5350706557508,32844.595040005,17791.4016591614,-331.744063553876,0
2859,1971,5.46004145711008,4970.3026904114,23.5818598164168,11.4621701277273,11.7163673269993,17.6126271761477,32834.780027696,17849.1444330087,-289.626746170365,0
2861,1972,9.21151438049005,2462.2082398021,22.7180220055435,18.3561901263662,19.0114964231753,28.2743154873256,21831.2792986475,16199.3245273409,-1228.4039437617,0
2862,1973,8.98950320053775,2336.3957278021,22.7180220055435,19.0523571033822,19.7551420820454,29.3528648581536,21860.5273330894,16212.5592163706,-1225.98109418114,0
2867,1974,8.02368392195595,4312.0364641087,24.7112698206094,12.6866336623684,13.0129503880398,19.5065329398787,26856.225585461,23545.2671616258,-1519.50036206349,0
2869,1975,8.2318903459749,2994.9036901087,24.7112698206094,16.2713642110107,16.8119946145669,25.0519409303956,26829.4952705304,23585.1982449659,-1489.22553438516,0
2870,1976,7.97313067822337,2718.42147453903,24.7550944247109,17.422404467161,18.0392451619024,26.8345783483593,26853.7704209236,23555.6577844541,-1495.78035537033,0
2871,1977,10.3604963513937,3144.09521845912,22.7977761680322,15.490938232156,15.9628782330017,23.8385925576253,33148.6365665417,12625.568141932,-1160.90918757304,0
2872,1978,7.86954324980212,2486.22338253903,24.7550944247109,18.562945941483,19.2577470299776,28.6016315418858,26837.4736702444,23576.0655701708,-1472.96433075351,0
2874,1979,7.50081935862536,3601.56710413108,24.764812602365,14.3324605674894,14.7533079973804,22.0514892809584,26966.5426909174,23065.4814029209,1253.97763709639,0
2875,1980,7.49302786271977,3228.46869013108,24.764812602365,15.4508523302179,15.939941138587,23.7819657892643,26964.4805588668,23076.2676982257,1196.6525215189,0
2876,1981,7.27737357173097,3429.08149813108,24.764812602365,14.8221704972084,15.2724936287977,22.8091013943408,26995.642493903,23085.1734619221,1253.82211158843,0
2877,1982,7.32370735903114,2953.12166413108,24.764812602365,16.4388646954961,16.9908797016524,25.311433092874,26985.2141079936,23076.0664819341,1247.23652474986,0
2878,1983,7.61941071988012,2974.24459813108,24.764812602365,16.3571940666627,16.9039178516934,25.1849802916359,26972.4465092661,23096.6148858311,1235.54408073279,0
2879,1984,7.64098428094936,2955.63262813108,24.764812602365,16.429100530383,16.9804821109635,25.2963147479952,26970.4095709748,23107.0160311163,1213.74391027108,0
2880,1985,7.62925999156699,1830.98741248827,24.7116376565102,23.1853580139956,24.2207379772198,35.7700247326275,26993.4372419829,23087.4201881529,1266.13495744213,0
2882,1986,7.43517700225759,3483.06956848827,24.7116376565102,14.6583540394469,15.0982672046268,22.5555156101111,26976.1581350505,23088.4327060865,1259.01751432048,0
2882,1987,9.70026460192782,2676.63089882337,24.2889078206806,17.545157765645,18.1649620657565,27.0232663423893,24323.8706350764,23802.1651004977,-1132.32967685873,0
2883,1988,10.0429726898643,3441.07140208652,24.2468339747549,14.7288533728185,15.1687840516512,22.6634182368035,24312.2135657146,23810.5550658607,-1139.25107367912,0
2884,1989,9.93062986185238,3015.08598116931,24.2892168941966,16.140619546167,16.6685180211383,24.8483317984735,24303.7661872386,23794.1481251847,-1171.32127141085,0
2885,1990,9.19620918775911,2936.03466716931,24.2892168941966,16.4422163112906,16.9894639736721,25.3152496352181,24290.818533174,23822.8823554487,-1134.29375706331,0
2886,1991,9.59028450135128,2861.58322082337,24.2889078206806,16.7400551589473,17.3066187858548,25.7764068746783,24295.0834120956,23823.2236150606,-1175.69930437141,0
2891,1992,8.24734523137849,3677.35695060708,24.6467888380801,14.1182144836501,14.5253586983577,21.7198142489697,28919.6986131157,23325.6711649188,-1418.29717939885,0
2892,1993,8.40108105386073,5373.29287260708,24.6467888380801,10.9670408854911,11.203569948305,16.8499703726261,28916.7377420474,23319.9157809311,-1465.40425887827,0
2893,1994,8.31406006645262,5220.80687460708,24.6467888380801,11.1751758690955,11.4219944142745,17.1713553214314,28925.7160884278,23331.4526126374,-1454.46146042916,0
2893,1995,8.36974986505189,4220.23504373748,24.7399132486643,12.8731739650377,13.2099699460797,19.7949177779627,28930.8909503146,23349.2477729418,-1416.14816265042,0
2894,1996,8.39606386966514,5196.62232660708,24.6467888380801,11.2091737308558,11.4576871113339,17.2238558872557,28912.5140716228,23327.5949356714,-1418.62165768604,0
2900,1997,8.74690787013893,3315.90528877321,23.947747392873,15.0730326720339,15.5309812855865,23.1951417875541,30545.0244729179,18117.0988956196,-1414.6319855014,0
2907,1998,7.82275174346608,3172.80877600594,24.7368479632011,15.6345872249741,16.1349231310124,24.0662666659624,27994.1493696481,22649.8110625606,1270.56271367047,0
2907,1999,9.64990617549469,2421.81237076532,23.6344424942198,18.7278152586174,19.4201837796328,28.8532903924061,28751.2769191826,17163.434797848,-1093.9903106338,0
2908,2000,10.4314489054499,2536.64989254329,23.6743573599266,18.1279352922025,18.7797662310853,27.9240184233864,28795.31924786,17178.1889882065,-1101.50516835539,0
2909,2001,6.94622976589688,2582.63431667252,23.3721174918979,17.8515652810483,18.4811046784348,27.4948989460034,23090.0465487714,20421.3047796756,1154.84190286309,0
2910,2002,7.06710827912354,3935.68727309045,23.3219528294821,13.3549401617082,13.7071586112627,20.536500773616,23136.2176389658,20449.4742699546,1110.13812058429,0
2911,2003,7.1257440675364,4400.21561309045,23.3219528294821,12.3976826554474,12.698043842983,19.0571413134928,23128.9141335493,20437.2422375229,1127.07575962443,0
2912,2004,7.07819487237944,3791.50507709045,23.3219528294821,13.6942929859519,14.0655454309787,21.061119535027,23103.2101825227,20443.8901902306,1145.2708386293,0
2913,2005,7.02185914753682,3795.4973262145,23.2186460717066,13.6740494437092,14.0432635548678,21.0295753411432,22612.5668042356,20449.1266031996,1076.45008485178,0
2916,2006,9.6941917611939,2831.77055265192,24.2414713917545,16.8567083715373,17.4303773389472,25.9568995643888,31055.4282107578,21333.9806636917,-1206.52411123409,0
2921,2007,11.6704298949798,4233.95532729932,23.1094261093905,12.6995998600249,13.0143489080062,19.5231862024845,33916.2058797696,12132.0036280788,-993.604429292673,0
2922,2008,6.39066407686097,4749.59934994044,23.3566913696645,11.7910468505063,12.0602551913885,18.1201063807994,33305.937188921,12285.2330303626,-378.442870970715,0
2935,2009,7.26423513028873,2731.57831618801,23.0196693636438,17.109232948436,17.6855980334175,26.3441265779289,22316.303221335,18766.2697918266,1202.9943404102,0
2938,2010,9.38905967570519,2834.56422629852,21.6078942701804,16.4698140767698,16.9889677767117,25.3497494362118,26298.4672945465,9353.105267495,-1303.70654553346,0
2944,2011,6.08876130311482,3936.23352733216,23.4297193707687,13.3642313185548,13.7178673093665,20.5511115322481,34109.2086574248,14200.9321257762,-306.300260185764,0
2946,2012,7.27777875099695,2999.90591622886,24.7355234316721,16.2555820362952,16.795444541841,25.0275750900222,25977.9665354185,21242.7856095291,1231.2903062428,0
2948,2013,7.39092488267363,2176.98272125054,24.6793806892809,20.4122524518101,21.2380135307309,31.4680451554744,25527.5261652511,21686.0283530131,1140.27705015477,0
2949,2014,7.57848424526298,2341.91340925054,24.6793806892809,19.3629502209964,20.1130763811708,29.8412656653829,25505.4742259559,21659.3253614861,1137.8735273454,0
2949,2015,8.61553043338799,3773.76014429864,23.5608194803278,13.7621119110844,14.1392789205453,21.1665452488433,33362.3885045104,13796.5681095701,-1345.95079471759,0
2950,2016,9.29162628821315,4073.29429507934,23.6362387937888,13.0806587228112,13.4202816001164,20.1132470356426,33337.2589110591,13770.5677897923,-1306.31729533153,0
2951,2017,9.0840879106824,3772.55129107934,23.6362387937888,13.7727925315235,14.1512190801867,21.183238891506,33343.7771284134,13771.9451377205,-1342.70475614698,0
2952,2018,8.92220570186161,3327.58317013622,23.6574937036972,15.0026714417874,15.453565083712,23.0855116781309,33342.0363354195,13775.393377672,-1338.56521364958,0
2952,2019,7.0886267645167,2272.02870497888,24.0361935675703,19.6752662365289,20.4392722401411,30.3230831413528,23231.1684508506,20680.5676146022,1157.31687779989,0
2953,2020,9.01888644533001,3440.70870613621,23.6574937036972,14.6635259290819,15.0940787220004,22.5608520585537,33364.2134104602,13819.5835737469,-1367.94893246434,0
2953,2021,6.94587944597169,2039.34604097888,24.0361935675703,21.2775766243164,22.1580180016648,32.807476818971,23196.5389794421,20670.7196359621,1068.71995903725,0
2954,2022,8.72837354881009,4022.45828707934,23.6362387937888,13.1911492344662,13.5368728865292,20.284032190929,33343.0524827429,13793.1498592027,-1260.47073543871,0
2954,2023,7.14148705272974,2986.05874022027,23.7554692026983,16.1792200574311,16.7039992972443,24.9065500596277,25402.4025872417,16787.267641523,1227.27763784901,0
2954,2024,6.92318152845684,2335.75768092403,24.0627019084403,19.2927344786239,20.0299908927377,29.7302553520821,23152.5452792621,20791.1670191484,989.021912188804,0
2955,2025,8.84049560819313,2997.08304013622,23.6574937036972,16.1249241891878,16.6452292800425,24.8222188653314,33323.8019423371,13786.9947348922,-1307.00649142627,0
2955,2026,7.53086151653352,2254.18425874251,23.8055869793547,19.7453762956862,20.5112976360326,30.4309127616164,25400.6332931196,16817.9558088697,1212.39209404845,0
2955,2027,6.90806719015451,2651.63254692403,24.0627019084403,17.6277640761648,18.2504970383974,27.1505004811866,23121.1718423117,20911.3394402515,1055.16029150679,0
2956,2028,7.30310349335432,2317.46495674251,23.8055869793547,19.3566194328893,20.095027610713,29.8283472061311,25432.8758309498,16835.1457742082,1231.95218903399,0
2956,2029,8.44907300356621,3302.89089307934,23.6362387937888,15.0769593323336,15.5321427643641,23.2003896642312,33343.5976409763,13775.2810030629,-1277.706598762,0
2957,2030,8.77830556787177,3683.47927813622,23.6574937036972,13.9993359080691,14.3909485309578,21.5335927795916,33319.5435217834,13780.8455177947,-1267.0876158315,0
2958,2031,8.67483420757336,3096.73645536679,21.6603764147242,15.505081253561,15.9658289812509,23.8571546294064,24518.6475090495,9543.71276718506,-1391.89889115465,0
2960,2032,9.30347765155944,4175.74942959568,23.5676813776203,12.8590294865043,13.1859846764461,19.7705558461023,31481.4350652359,13108.7919594932,-1408.88140109929,0
2960,2033,7.24812457509167,3052.42678886283,25.1413768482742,16.1116827283392,16.6463868291456,24.8059189667559,26185.300800777,20933.0399477603,1236.40560151065,0
2960,2034,11.6675075273839,5072.44758316156,23.6746421143093,11.317558276193,11.5651853510654,17.3894894592967,34083.20880241,16132.2065315502,-918.199506922022,0
2961,2035,7.2884154039832,2645.77005801613,25.1744326657603,17.8220736336062,18.4706916796149,27.4550179607486,26187.3078945412,20933.6433970699,1156.06187414829,0
2961,2036,9.07129243855428,4498.95895359568,23.5676813776203,12.2376309647037,12.5314152545014,18.810372338675,31464.3556912843,13125.8327127003,-1467.91504526954,0
2962,2037,7.52426516191438,2895.66774686283,25.1413768482742,16.7172337790568,17.2913694918391,25.74356471293,26198.0190611408,20929.9028044321,1153.29943565303,0
2962,2038,9.01740336857956,3641.66298159568,23.5676813776203,14.098517476373,14.4950690909161,21.6867491485593,31438.6065371016,13131.6154656608,-1380.84779307128,0
2962,2039,7.36668356532389,2405.09524279205,23.6382174860373,18.8211338547536,19.5199989984332,28.9979024640457,26421.0038105561,15546.5959843784,1170.46610265561,0
2963,2040,9.04021845960963,3264.51178359568,23.5676813776203,15.190147602029,15.6515344839763,23.3753311041565,31474.9808629567,13123.0251337007,-1412.66419496607,0
2963,2041,7.38673386102309,2990.77601486283,25.1413768482742,16.3429331069422,16.8925929751891,25.1639628138353,26175.6212559863,20911.3219467825,1082.95061904093,0
2963,2042,7.21348994187541,2044.02953432564,23.608203157874,21.154938933389,22.0200978818799,32.6155687222551,26419.5899171262,15515.4791980147,1254.60924521349,0
2964,2043,7.36105421317573,2901.65881886283,25.1413768482742,16.6929958830133,17.2655367400983,25.7060297714688,26203.8780984224,20880.6067759572,1104.04082078788,0
2964,2044,8.87900643971355,3080.88102159568,23.5676813776203,15.8082643338441,16.3077391085144,24.3318391235281,31496.5735058105,13096.4876879703,-1442.42549946679,0
2965,2045,7.47711974552206,3045.11415686283,25.1413768482742,16.1386664697963,16.6751090865143,24.8476959417217,26192.0502766945,20928.2154260701,1145.96276154131,0
2965,2046,8.92700922752478,3526.37450516027,23.5347935521855,14.4062551296111,14.8204585667698,22.1625994408082,31451.9235237859,13093.9890420345,-1419.64202658322,0
2965,2047,8.80450978100418,2207.40614469905,22.1011943983514,19.7238819306714,20.4646479113239,30.3910840311505,26265.0888580782,9656.11307482568,-1233.35129754236,0
2966,2048,10.0491304049761,4174.5789386565,24.0000491638268,12.9007476477709,13.2333706944131,19.8359676481212,32840.8147160929,16920.2756166396,-1139.18517153715,0
2966,2049,7.12976087392348,2921.23993286283,25.1413768482742,16.6144102215857,17.1817895226611,25.5843341642668,26191.5616487764,20928.1612590806,1180.21801902604,0
2966,2050,8.74882868578951,3666.30568316027,23.5347935521855,14.0307759309728,14.4231192038327,21.5819123801471,31468.2035787953,13111.5348901945,-1371.09013525439,0
2967,2051,7.52255155183025,2727.78557486283,25.1413768482742,17.4358454383585,18.0578745344665,26.856578662452,26197.5408779693,20910.3773906769,1110.0114078674,0
2967,2052,8.74726942858845,2879.80447015202,23.1257898377309,16.505118536763,17.0438044618705,25.4091622432682,21863.0326225887,17593.7051136812,-1492.78867277845,0
2967,2053,8.71806990457579,2597.63250870692,22.0892573809332,17.5764739143216,18.1720587987708,27.0645243037546,26264.7088639382,9656.62476287205,-1300.78222329506,0
2968,2054,7.46353371256853,2953.69353801613,25.1744326657603,16.4905999199838,17.0502165805763,25.3927066357021,26203.9999696308,20939.1113139329,1104.03697011477,0
2968,2055,8.61803560769476,3187.43258137925,23.0740399869124,15.3805415007299,15.8485886965187,23.6685600917183,21806.2506892721,17634.0747487997,-1501.18722979942,0
2968,2056,8.84856116519322,2359.27541469905,22.1011943983514,18.8116570347607,19.4896555339215,28.9776498564015,26272.2158686898,9651.42216970172,-1322.6343592359,0
2969,2057,7.52450038648676,2858.66406686283,25.1413768482742,16.868992108917,17.4531443821595,25.9785870179972,26197.2373818117,20908.1509823279,1186.73221524796,0
2969,2058,9.00859721454218,2549.99854869905,22.1011943983514,17.8079681003749,18.4188711490788,27.4230411208029,26283.69528123,9664.40609108433,-1255.2814948584,0
2970,2059,7.2072410212794,2526.76310858484,25.2201790832043,18.4230560077289,19.1136521694923,28.386374396326,26197.5271211836,20909.6027125203,1182.00445294547,0
2971,2060,7.27019045315119,2958.50714065088,25.2547279764696,16.482322305492,17.0422221408052,25.3801158858282,26210.215936026,20942.3497052394,1118.07021317432,0
2971,2061,8.30061384512198,2901.06784073968,23.1078359409908,16.4184510641796,16.9514266392181,25.2749464019577,21864.833683574,17595.4430205981,-1505.38728866503,0
2972,2062,7.16540253566096,3407.89121258484,25.2201790832043,14.9364448634061,15.3978975544749,22.9870621012849,26194.838524608,20910.61139139,1219.98460072172,0
2977,2063,7.97301582839059,1680.01837058169,22.8962631317158,24.2620947698969,25.3513579915992,37.432800396018,22948.0903593556,15028.1609375222,-1518.11470288671,0
2978,2064,11.8875521269443,6141.41407272096,25.5575823139995,10.1109755807851,10.3116938602334,15.5299006419573,27126.0975456077,25380.0639255296,-921.65509907309,0
2978,2065,9.85806947964602,5456.80459797394,25.4762843057995,10.9122052651005,11.1510230436098,16.7666788828763,26096.6707830759,24258.0996323209,-143.009847166753,0
2984,2066,10.4019572041575,3525.1049206445,20.9065035710021,14.1133009788795,14.4857527792633,21.7027309452462,29224.0026602993,5719.87379287697,-1124.30535895837,0
2985,2067,9.43376445474264,1778.12185353732,22.2598892585106,23.1086484878287,24.0983227066745,35.6400041282863,26464.2459559123,9600.0390222498,-1200.01749107068,0
2990,2068,9.04787049154872,2141.40412761669,25.205210850942,20.7579493879811,21.6162241154831,32.0060903526481,30047.2040124899,19894.8382874125,-1384.41716446475,0
2995,2069,9.73756765028456,2488.02273133502,23.2454499116527,18.3083228785627,18.9670831201937,28.2020069900353,31700.6494129234,12606.1289143138,-1120.03425748627,0
2995,2070,7.11961014582018,3966.72070619585,25.5344509928024,13.4956938218112,13.8738340318435,20.7590670734395,29179.6255345995,20489.1466407287,216.114832440948,0
2996,2071,8.96298602802267,4573.30909771447,25.6140538805901,12.2716692688981,12.5818754017307,18.866998125678,25636.4785574796,24490.1134491398,-1268.17238492776,0
2997,2072,9.3279482652058,2627.79011340237,23.2110873720515,17.6099252334487,18.2214263504736,27.1201047539498,31735.2297584761,12541.2620530071,-1194.80606010908,0
2997,2073,9.09898439419738,1504.71770388932,24.6427491215431,26.8530531436681,28.1813316747578,41.4642051379859,26834.4135154594,17377.2447391675,-1164.26216910882,0
2998,2074,7.77135013409258,3293.0931279617,25.7383736764872,15.3537400625101,15.8459037681894,23.6341841922156,29259.3072074238,21910.4390485035,-1474.63458678666,0
2999,2075,9.1417249232213,3328.50970771447,25.6140538805901,15.2262264590717,15.7092438626611,23.4365076411113,25675.2862091587,24437.9407001059,-1277.82506072954,0
3001,2076,8.41031249409204,3412.32855805433,26.088504509449,15.0192978785897,15.4936652788532,23.1174245990359,28551.0204122013,22399.2581552315,-1463.89081601305,0
3003,2077,9.69333257933823,3254.29727028807,21.9571450900063,15.0259635627051,15.4613327140303,23.1168822423596,30753.8973030755,7448.17887362807,-1203.53685226474,0
3004,2078,8.47355638579052,3179.29347805433,26.088504509449,15.7752913217126,16.2975470056363,24.2876492067017,28558.3581706027,22395.5197584157,-1480.01387719946,0
3005,2079,8.84447956752422,1832.42560405433,26.088504509449,23.481764504798,24.5612549866761,36.2358478782419,28585.9106980205,22369.5538264343,-1525.85995402942,0
3005,2080,10.2620071719906,3130.11858900483,21.9959529704842,15.4353980463421,15.8955627564753,23.750345276554,30706.4821726278,7413.94609871071,-1188.19347045572,0
3006,2081,8.32887713658723,1912.00554205433,26.088504509449,22.7491297256396,23.7711222453431,35.0987014952425,28559.1753953869,22365.5955866643,-1526.3088858132,0
3006,2082,10.8309779515061,3224.1648003099,21.9102294432846,15.1156403274278,15.5558264217017,23.2554579471635,30681.36113108,7332.98975643665,-1206.66279805009,0
3009,2083,10.5963036723237,4032.8934423099,21.9102294432846,13.0024068465399,13.3235128011047,19.9883768324423,30686.1205672876,7377.60098294331,-1149.88031565717,0
3009,2084,8.26844339429193,1848.24027205433,26.088504509449,23.3314616094376,24.3990913908259,36.0025396309484,28605.7696731248,22452.7505530184,-1519.80766084288,0
3010,2085,8.5937342920128,4645.3008501075,21.7276591163371,11.8303526896567,12.0896586660191,18.1775276434385,29446.0619754227,6576.9649201798,-361.93987406234,0
3010,2086,11.0100343527173,3798.42295967713,21.9865988131008,13.5399946973366,13.8908897303121,20.8193566439577,30628.074534741,7392.42062191317,-1077.93995364102,0
3011,2087,8.44207844185155,1562.7637132152,26.1650704581052,26.5028838367119,27.8285871928899,40.9275893879202,28606.7918090247,22457.491507485,-1462.74968944736,0
3013,2088,8.08499986993356,2522.1942472152,26.1650704581052,18.5941748207096,19.3077374100863,28.6545964635379,28621.2903388005,22413.8000449574,-1460.80250864983,0
3014,2089,9.47881661941559,2566.72311449086,24.2285617833591,18.0642197306672,18.7183922934527,27.8271480160357,21805.0862776184,22706.727274661,-1198.80646848555,0
3015,2090,8.49471462986132,1960.4211172152,26.1650704581052,22.3465160081221,23.3383365531458,34.4741869594285,28601.9998753876,22450.3131406992,-1480.47088355545,0
3015,2091,9.09243273269537,2532.90668468874,24.2282008972462,18.2350647725912,18.9008987254478,28.091835500685,21814.8300940457,22665.6911274921,-1270.55902794633,0
3016,2092,7.82453692120094,3354.6448912152,26.1650704581052,15.2061347925628,15.6928905708167,23.4067874250546,28616.2918198959,22423.0051071644,-1412.1573270769,0
3016,2093,9.36778202782034,2246.57520449086,24.2285617833591,19.8705350823775,20.6510466296707,30.6264866310977,21792.3356969635,22703.6496102912,-1262.4897432678,0
3017,2094,8.42638114467283,5517.1575712152,26.1650704581052,10.8785607217089,11.1197293811634,16.7158365676909,28572.4778383306,22404.9116689549,-1394.06112438944,0
3017,2095,9.64120192736743,2578.50702449086,24.2285617833591,18.0056325964482,18.6558189046871,27.7363834302532,21784.6550458683,22688.302615981,-1215.96280239741,0
3019,2096,9.39851254084181,2191.77451649086,24.2285617833591,20.2282798962598,21.0345650829259,31.1811105403852,21787.2556326225,22696.1896701966,-1233.51605483277,0
3019,2097,8.7786708473784,2546.4228472152,26.1650704581052,18.4670747592553,19.1716725192871,28.4576022575243,28617.9087048427,22434.4063712587,-1520.71851799265,0
3020,2098,9.25970594545624,2597.7597986157,24.1516126375654,17.8991022047319,18.541152992319,27.5710996282104,21788.6497220709,22702.0844166974,-1213.27726945402,0
3020,2099,8.42129296524611,2812.10829281351,26.0552587461991,17.191201033607,17.8065363684144,26.4803111195361,28599.473603675,22447.4627630957,-1456.52983542493,0
3021,2100,8.68977413425045,2216.72786729177,25.099480634158,20.2228876458536,21.0404075227118,31.1759554775825,28449.2087458844,18072.5786355495,-1228.48090394681,0
3021,2101,8.07173415770809,1512.57429281351,26.0552587461991,27.1427862712085,28.5199832599243,41.9211726289569,28606.9878374325,22466.0847981395,-1462.38036814415,0
3022,2102,9.19509462014967,1731.86952929177,25.099480634158,24.2608844963668,25.3868724174706,37.4410984213451,28461.2353180221,18070.9132111951,-1249.81537403921,0
3023,2103,9.27916896297336,1788.29630570802,25.0282977497834,23.6695468843422,24.7476756409206,36.5228614852379,28502.6250930379,18050.5884810397,-1284.4091443018,0
3024,2104,7.51470614805596,3643.16257801311,24.9218876113879,14.23699963195,14.6535324602791,21.9041994764686,24137.7607608657,20869.2189356529,1210.84546412845,0
3024,2105,7.81761382923526,1158.48431681351,26.0552587461991,33.4178701273176,35.3401344729002,51.6758620047598,28609.2596042937,22457.7553033539,-1430.65016037143,0
3024,2106,9.4474162915079,3647.3207246157,24.1516126375654,14.1453911718728,14.5498323134041,21.760662650524,21786.70896466,22708.4695422421,-1254.44399569621,0
3025,2107,9.34434008721134,2484.99094781505,24.1466096436993,18.4712990352722,19.1523666298491,28.4575840856232,21800.261377152,22702.3410104641,-1223.63071208162,0
3025,2108,7.96217099282818,970.470380813512,26.0552587461991,38.5190844222205,40.9076533121203,59.6124437684812,28611.6982421987,22437.4823237812,-1464.28562308173,0
3026,2109,9.42020724696172,3088.1026106157,24.1516126375654,15.8571048077529,16.3656208876588,24.4090789664463,21785.8907074584,22698.0728132308,-1225.91596879261,0
3027,2110,6.67211753364256,2114.69357587915,23.691608376205,20.6555878787194,21.4854237330562,31.8415864525908,25103.3290170143,15742.0018677075,890.119636641428,0
3027,2111,8.17513895989384,1547.19916481351,26.0552587461991,26.6766837543503,28.014985302865,41.1970654432405,28628.4639400405,22415.8451721675,-1482.40521773447,0
3027,2112,9.16720733144503,2767.91491781505,24.1466096436993,17.1151130026965,17.7047118945867,26.3567708481601,21799.9989372627,22674.7252193015,-1223.56754852017,0
3029,2113,10.2263171995365,5093.61816905797,22.8834403302525,11.2287424064842,11.4667455497715,17.2509013600708,20875.8874106872,16242.9256760987,-1098.75874421562,0
3032,2114,10.0983449178177,3813.3637612517,22.6871278115482,13.5766772386446,13.9358029066042,20.8777680743648,20857.0250315941,16248.6124085195,-1123.10583777785,0
3033,2115,8.27582483100536,1898.84271546347,25.4063408695817,22.71961800646,23.7293806560287,35.0501568770951,26629.6513917189,20432.1339466552,-1473.20707664913,0
3034,2116,9.79798976732866,2991.11994649793,24.9877754473022,16.3216984875211,16.868414565667,25.1306528072706,30398.4950935765,18391.8149113567,-1205.5790439715,0
3034,2117,9.20780114098154,2653.69160149411,25.208470471585,17.789330408883,18.4360961972724,27.4043948333177,26205.7455346883,24392.144507297,-1115.15770791451,0
3034,2118,8.38552171967232,2109.26191792839,25.3752307380259,21.0211172114377,21.9012562484938,32.4148911542657,26616.8347629055,20445.2765404172,-1327.07344222875,0
3035,2119,8.80825764124252,2892.23237892824,25.629596170808,16.7966331417072,17.381099364949,25.8679293822028,29829.8519969336,22176.4059840245,-1202.91550133676,0
3035,2120,9.75284254892967,3279.81472849793,24.9877754473022,15.3094590160173,15.7918507312588,23.5637211959685,30369.5716995494,18378.6141634366,-1180.66217925764,0
3035,2121,7.73910076866411,2713.03380546347,25.4063408695817,17.5411242026522,18.1731939789725,27.020471651241,26585.5673842131,20468.0890302218,-1276.34893452936,0
3036,2122,7.97604498161137,2635.28202546347,25.4063408695817,17.9070185194443,18.5640723252802,27.5873483705428,26607.9515500611,20465.4737256582,-1382.07007927082,0
3036,2123,9.2014893039434,2919.85702664097,24.9295640989076,16.5916882105208,17.1553729505704,25.5485409445646,30364.7757064367,18347.075326479,-1133.64381494503,0
3036,2124,9.89010755664992,2666.11346292824,25.629596170808,17.7923443967108,18.4440242155805,27.410361419728,29895.0747967738,22150.6700412263,-1214.1707140817,0
3037,2125,9.37376865006816,2036.14783692824,25.629596170808,21.6226639569238,22.551551743778,33.348987734321,29894.1419693497,22150.7507178539,-1195.26201204464,0
3037,2126,8.66580939284965,2535.02449792839,25.3752307380259,18.4043192126875,19.0954237753187,28.3578382134906,26624.3576279492,20402.6387556181,-1422.77708076581,0
3037,2127,9.7000199657863,2867.25893864097,24.9295640989076,16.8045976252737,17.3822534191021,25.8782430694662,30400.833910238,18318.5496572394,-1220.99305640937,0
3038,2128,8.63358804734069,3193.19968664097,24.9295640989076,15.5886616797282,16.08798007941,23.9956981847426,30281.4804730598,18239.1935414747,-1359.8673769334,0
3038,2129,9.39618745745404,1978.37363892824,25.629596170808,22.0864022155948,23.0506315538571,34.0684756240244,29882.1634642308,22150.3796581213,-1242.12168382634,0
3039,2130,8.6418038729155,3279.59185449817,24.9509236260463,15.3058639866809,15.7876842669904,23.5580616659382,30243.1849910664,18226.4010210227,-1402.43459217903,0
3040,2131,8.87356476948994,3095.6409368393,24.9561756220389,15.9314807996342,16.4527879985799,24.5264332109584,30251.2961524091,18228.0564789624,-1365.12750779342,0
3042,2132,9.41802506687138,2933.49551566596,24.8624986052435,16.528706196035,17.0875800528097,25.4508230351074,31315.0988721949,18191.0531899451,-1202.59937883298,0
3042,2133,9.38732413994018,3753.09058518952,24.6022754024553,13.9194338088988,14.3145596556725,21.4122727765472,26784.3323162938,18367.7275474429,-1210.69581999317,0
3043,2134,9.12749002042839,4655.73809118952,24.6022754024553,12.046793773235,12.3379714974265,18.5175829129567,26782.7461159911,18365.4177538215,-1302.73779472497,0
3043,2135,9.89245735625785,3805.79119366596,24.8624986052435,13.8142747045542,14.205457368661,21.2502424195426,31365.6798458229,18224.1256301287,-1176.06423016801,0
3043,2136,9.25915829248187,2011.01029727947,25.415959976885,21.7782038831795,22.715908856418,33.589468906987,29912.1306964419,22008.2597536487,-1229.97291702589,0
3044,2137,9.6009634982489,3339.94129366596,24.8624986052435,15.1043131326678,15.5728180291286,23.2459239776905,31348.8904433921,18189.0731535202,-1205.16276972293,0
3044,2138,9.2966934358343,4105.90305318952,24.6022754024553,13.1000816047214,13.4484357724229,20.1453810332138,26794.4297968101,18337.3408426884,-1244.2812686752,0
3044,2139,8.64840830265095,3138.36705527946,25.415959976885,15.8367698679913,16.3565371920121,24.3810556764725,29891.5716898666,22038.4137297512,-1122.2228646026,0
3045,2140,9.69397505017128,3012.06225766596,24.8624986052435,16.2261978611771,16.765464807386,24.9824390932991,31359.1657192171,18197.7123229623,-1241.14343360803,0
3045,2141,8.57058274562588,2655.24734698101,25.5062273605007,17.8259252544808,18.4785347293183,27.4620123675448,28740.8549694842,21771.2521334407,-1421.28883215453,0
3045,2142,10.0053078155667,2942.35138011333,25.3601780284918,16.5595812307445,17.1256228974905,25.5000509379954,30178.3568908657,22065.6088469613,-1069.52885687287,0
3046,2143,9.41121378410293,2960.08089766596,24.8624986052435,16.4247068359347,16.9768155625944,25.2897905499347,31315.9696334607,18193.1975182278,-1224.88300896565,0
3046,2144,9.92734403885427,2978.65022811333,25.3601780284918,16.4178739479401,16.9746390939459,25.2806154310506,30154.1966078334,22046.9084902325,-1102.8259962879,0
3048,2145,7.15659820017112,3367.76016263816,23.8058466650082,14.8970509461153,15.3429891015379,22.9224963538424,22221.9168734837,20700.9035283436,1169.56350140649,0
3049,2146,6.66804438454027,3717.03678743211,23.525374846095,13.8999483089892,14.2846841196523,21.3795869070587,24648.9054417458,16740.2591475123,1097.05912146994,0
3050,2147,7.13486828368125,3630.77531847316,23.3098759367547,14.0995990939396,14.493905355569,21.6877856623841,24634.7082634294,16734.4343786157,1045.31750521461,0
3065,2148,7.25188943339814,2961.23153097942,23.2412868738748,16.2042910489128,16.7251680009491,24.9438459330266,23108.8000978483,17897.73104737,1070.87443288453,0
3066,2149,6.90663018969542,2746.89652497942,23.2412868738748,17.0750575451185,17.6517650074709,26.2919160217569,23120.6977687705,17877.4721390953,1069.5144446631,0
3067,2150,10.8332566554432,2915.54923918451,24.6375521450253,16.5697172955989,17.1289044153556,25.51367608434,32475.5731484995,19217.9545109936,-1054.68093374222,0
3068,2151,6.17795809999917,3821.36174584015,24.8595325150813,13.7757746553307,14.1646955313136,21.1906956119241,31493.5496993942,19471.6360906526,262.082208613682,0
3069,2152,6.64710826651805,5564.33527185446,24.7602867251758,10.7278780384141,10.9534416608307,16.4809113742592,31934.5826503603,19532.113303393,-333.087568826889,0
3070,2153,10.4077752638027,5256.25790271416,24.7915569285231,11.1358639457759,11.3816304488539,17.1108993322919,32501.4410724817,19295.9269541444,-995.390697676993,0
3071,2154,10.2689237373587,5665.81859967875,24.7910242423844,10.6046805773264,10.8244958325249,16.2907741084015,32485.1253908589,19279.1934183007,-1064.67310104441,0
3072,2155,9.72336386976879,5613.00025167875,24.7910242423844,10.6693429450394,10.8922640037825,16.3905955376119,32451.366472011,19274.9505300237,-1042.11603239684,0
3073,2156,10.4871234118808,5222.64649383988,24.7891210109238,11.182528745197,11.4306062626136,17.1829563598056,32510.434784226,19252.1500506182,-1071.77785620035,0
3074,2157,6.88550379649009,2166.32144149225,23.1738698147305,20.1989173589053,20.9884891083305,31.1315646697585,23320.580940105,17228.3936096758,1056.49214944596,0
3074,2158,6.89528029536075,5017.72131610465,24.9091291897312,11.4887365824871,11.7530389491505,17.6560767602372,31917.7248034299,19557.3025050738,-275.479549311695,0
3080,2159,10.829486449972,3656.60999129133,24.7668964297706,14.1851865671912,14.5973145710871,21.823686925847,32435.5902980326,18876.8835685594,-971.330079179452,0
3081,2160,9.1185604826947,4274.60092609504,24.5233407290223,12.744394194155,13.0724648214908,19.5954175346078,32096.9507039799,16885.0729939018,-1248.85405575856,0
3082,2161,9.10310378491882,3987.27175609504,24.5233407290223,13.3536171544187,13.7156036723962,20.537169270358,32057.3750650821,16908.0873659267,-1326.5117487717,0
3083,2162,8.92265647663102,3952.60283209504,24.5233407290223,13.4324600759098,13.7989160393627,20.6590685478295,32066.6402953387,16872.5723943978,-1293.04136250464,0
3084,2163,9.17737899210023,4284.90909409504,24.5233407290223,12.723895993073,13.050844870255,19.5637362262205,32050.1091140825,16884.7371881223,-1308.19892928482,0
3085,2164,8.92139811748202,6202.25036809504,24.5233407290223,9.98763894181856,10.1771386375648,15.3380369712171,32072.0694203625,16915.827398861,-1220.18175010028,0
3086,2165,8.62187646806921,6451.71684409504,24.5233407290223,9.73853017925962,9.91682069424628,14.9536867038727,32065.2825690525,16901.652298217,-1268.45569063275,0
3088,2166,10.3855659586796,6384.66989040114,24.4401206556872,9.79915438108271,9.97971362454967,15.0470968784166,32753.119232167,17111.6235360088,-1187.07050978578,0
3089,2167,9.84416214080338,5926.03783289376,24.4814126028673,10.2821501438165,10.4849643839498,15.7924552876111,32716.8406861758,17151.3422525916,-1037.43903424501,0
3090,2168,10.1179058230239,6365.9197391469,24.4352880983755,9.81733831705643,9.99868537434716,15.0751444972085,32697.3805616135,17148.6991181702,-1020.60990766313,0
3091,2169,10.0332796794809,6202.06771297952,24.506686201949,9.986865584029,10.1762402625736,15.3368188021219,32693.6475262437,17185.8460952171,-1075.34695359471,0
3092,2170,10.1581954367045,6452.50333297952,24.506686201949,9.73685075393273,9.91497979054809,14.9510717437784,32677.2624011822,17167.066425907,-1023.13509569638,0
3093,2171,9.75726838476784,6670.63381230083,24.4723054082398,9.5306419481497,9.69950060434542,14.6329137691598,32700.3275458308,17160.4321295164,-1006.33414461912,0
3094,2172,10.1603435869375,4511.10966697952,24.506686201949,12.2937866394766,12.5973769789879,18.8990228455295,32716.1718352763,17155.7601212742,-1120.33226820405,0
3100,2173,9.70764429198998,2909.84867030521,19.587852327927,15.8837979814409,16.3432725158071,24.4364217226844,26685.6554031927,4639.19033401935,-1189.71683398848,0
3104,2174,8.56610831801744,2219.71893337884,24.4619341424101,20.0866995995062,20.885884733988,30.9624683760915,30606.6907643589,17198.691288844,-1442.587051098,0
3105,2175,8.6625667169131,3960.78612937884,24.4619341424101,13.4078820179583,13.7724469650126,20.6209311219861,30615.601865626,17168.8998416051,-1445.64147214457,0
3106,2176,8.86705304019361,4316.90249737884,24.4619341424101,12.6555136835669,12.9782705761639,19.4579228074113,30626.8150242328,17186.4253519272,-1391.585291174,0
3107,2177,8.77581101286551,4412.05481737884,24.4619341424101,12.4729019140979,12.7857696252001,19.1757128960237,30634.4576649584,17193.839657528,-1441.15943339967,0
3108,2178,8.8028230169915,4270.03116937884,24.4619341424101,12.7481262431178,13.0759376427966,19.6010578287252,30636.5912509544,17187.2761559997,-1401.57736637354,0
3109,2179,7.35561383003098,4066.34602809963,24.1743635695793,13.1459076263851,13.4934482422168,20.215292195956,26802.3806798455,22420.5617602931,27.8315467191089,0
3112,2180,8.57886097365899,4329.69770850785,24.2727356725038,12.6141796773505,12.9332748525477,19.3936522455933,31594.8828495731,16572.8412801406,-1402.83552389574,0
3114,2181,6.99329645293887,4287.57527222869,23.4587102064249,12.6249651771447,12.9384463510836,19.4086103152495,23141.2388078391,19955.8914023606,1016.88138734453,0
3114,2182,8.65135980102112,3781.41758243183,23.4940320574577,13.7364861685471,14.1116183932221,21.1267647460091,30032.3295047662,14574.8673345598,-1438.3437613599,0
3115,2183,6.62345884739543,3860.94772794998,23.4360093457679,13.5394154611656,13.9029097818285,20.8219445027354,23144.3873528959,19962.5513543798,1028.91550926551,0
3116,2184,6.72361370858777,3746.30834822869,23.4587102064249,13.8195951786994,14.1991535027667,21.2551811813114,23140.2208321301,19981.2775745837,1032.9097369966,0
3117,2185,6.70936152826847,3672.86771394998,23.4360093457679,14.0033812056187,14.3932698515833,21.5393088222532,23129.2072009703,19963.0497465674,1042.26842343582,0
3118,2186,6.79844034377229,3108.34728422869,23.4587102064249,15.6977550193339,16.1892320145465,24.1605036319527,23148.5893479925,19975.9407745967,1003.89940392499,0
3119,2187,9.59967787957299,3536.48794222549,24.4409097628366,14.4771436708542,14.903751909403,22.2745110555574,31010.0046882378,17895.0395365623,-1163.28084821224,0
3119,2188,9.48835917567501,3374.5125653358,24.2028484352138,14.9223060180735,15.3735165975235,22.9626013194635,28487.9976252673,21102.3779312481,-1096.86984530005,0
3120,2189,9.56852578103267,4192.23005463755,24.0716400644726,12.8708684575104,13.2024112559806,19.7899404537591,28481.0146649784,21104.2382261787,-1156.86696827689,0
3125,2190,6.74788700155455,2561.53754228863,22.771908364479,17.8596134458418,18.4823393448155,27.5053398014073,24543.8386291006,16374.5566600825,933.569978344402,0
3126,2191,6.5374764447205,2092.11943028863,22.771908364479,20.6331506334121,21.4480756446176,31.803136053866,24564.8381730704,16365.0180654884,960.180327857123,0
3127,2192,7.06656371675569,3029.69307150069,23.1801126166043,15.9417752529808,16.4455270126088,24.5373532335764,24040.2634586856,18293.9112382865,1126.15568849446,0
3127,2193,7.51760899582267,2941.86503800225,22.9419957267496,16.2374501617427,16.7571652720881,24.9942753403236,25935.9044320609,16301.2522870999,1169.28438468872,0
3128,2194,7.02868251231269,4255.06886077183,23.2021376186231,12.6660294616318,12.9797121807647,19.4715135372349,24083.438115934,18278.317035423,1103.94361828391,0
3130,2195,6.74435736139603,2957.04847689486,22.9147979331754,16.1759554155012,16.6915099584913,24.8990127459181,23011.3000865221,17860.8071929628,1109.30707687387,0
3131,2196,6.88761831080716,3164.11490289486,22.9147979331754,15.4383131137732,15.9082531567365,23.7574998754454,22998.546981667,17840.5200976574,1049.74965123663,0
3132,2197,6.63091797090653,3442.01694489486,22.9147979331754,14.5751991676524,14.9935218733572,22.422299723774,23016.0787432361,17857.7542593333,1001.00270280283,0
3133,2198,6.99255293113464,3917.00763489486,22.9147979331754,13.3574569283216,13.7063825049381,20.5394445391712,23016.4815089178,17841.5297283118,1034.12876275943,0
3134,2199,6.740479778027,3869.78389089486,22.9147979331754,13.4665100573165,13.8214795235541,20.7080140874902,23033.4862948779,17870.5677089884,1114.84323578996,0
3135,2200,6.86776622763066,5028.43959489486,22.9147979331754,11.3256322435812,11.5685695670294,17.4005507223203,23002.7942735073,17855.0107997676,1023.45074908945,0
3136,2201,7.06460534806938,4674.65798289486,22.9147979331754,11.8792265975456,12.1497505234823,18.2554255596012,23012.6317764487,17850.5634613284,1061.17293646041,0
3136,2202,7.38262601356475,3667.22519294899,22.8149031169388,13.9519569168975,14.333343517688,21.4582615399701,24691.2673193666,16372.8286565789,1021.58902238189,0
3136,2203,8.19395558000502,4183.14933175575,23.1151187552354,12.8025011660102,13.1228136038995,19.6822084248815,23827.5890325921,17117.2357635974,360.50930347157,0
3137,2204,7.46764211091979,5231.58539289486,22.9147979331754,11.0377192543316,11.2667127580101,16.9560584372787,23045.5621346389,17827.685633341,1035.00927543248,0
3137,2205,8.27989936825543,5470.07540232888,22.8552120287626,10.7197263627144,10.9332739887947,16.4651141634612,23895.3872260839,17063.960784523,360.277846585674,0
3138,2206,8.13520829778767,4169.39996878891,23.6442793880437,12.8790864603232,13.2077364717583,19.8017199609624,32172.3675999046,15166.420871739,1203.5884751037,0
3138,2207,9.42360273881071,2895.45743776355,24.0674442549736,16.5725988622233,17.1259011546567,25.5164654419629,31391.653341668,18739.6088555582,-1227.14264159933,0
3139,2208,8.9783346163221,3654.62574439136,22.8995439591565,13.9934648081487,14.3779808345232,21.5226510347278,22715.8940435562,18009.9795261638,-1328.24375069947,0
3140,2209,7.89541609550763,3965.42670482214,23.4633484012134,13.3013957645157,13.6518152681585,20.4540564512457,32165.3920171368,15162.0743896024,1238.44935101375,0
3140,2210,8.94863286864645,3710.43938041654,22.9256924959709,13.8538629943761,14.2306733745505,21.3068696665893,22712.6292752778,18012.6406573433,-1321.21226637679,0
3141,2211,7.9238273447408,4157.40426737285,23.4446276897217,12.8855774043317,13.2130008770153,19.811315827273,32183.5204406725,15175.5277486102,1270.85359502301,0
3141,2212,9.16991171658469,3193.11471841654,22.9256924959709,15.3432867153969,15.8075603124284,23.6105027713255,22688.6382816393,17997.4842425852,-1301.49720622373,0
3142,2213,7.6961866249041,4178.04368282214,23.4633484012134,12.8447996733895,13.1701590026674,19.7483373161407,32154.027485737,15176.945974454,1212.4592753225,0
3142,2214,8.65470837592288,3461.21519041654,22.9256924959709,14.5214335154977,14.9367091234368,22.3391728616151,22724.5969860292,17987.9177763603,-1281.76751040976,0
3143,2215,6.82534511947606,3152.49271182893,22.9550125310663,15.4824704561366,15.9555170575075,23.8259376462418,22806.0179951362,17940.45869532,1159.24534358224,0
3144,2216,6.90217924211847,2900.95579182893,22.9550125310663,16.3977205451917,16.927693876773,25.2423917913179,22783.9332219838,17937.5842926195,1123.41638403179,0
3145,2217,6.7245932064017,2986.51769953867,22.9113939545891,16.0648757605494,16.5734389659619,24.7270816169756,22812.7789488874,17891.9586957926,1137.88817225556,0
3160,2218,8.3910109528472,1688.76656648448,22.4678652846125,24.0583952457766,25.1243261862475,37.1146034208864,25024.032956476,11063.3641698645,-1425.92578320787,0
3161,2219,8.32393600746689,1786.93968677665,22.4697225971868,23.0756564831308,24.0663919588595,35.5898041205455,25030.4035111843,11064.3427102496,-1516.91523186647,0
3162,2220,8.69861646894824,1658.28258248448,22.4678652846125,24.385779996297,25.477088194227,37.6226591634102,25090.6438150062,11056.6875697144,-1491.01810155277,0
3164,2221,8.40045299867893,1974.00326648448,22.4678652846125,21.4554126149211,22.3254029557526,33.0767667908039,25038.009030793,11090.9980789907,-1496.87954989979,0
3165,2222,9.34211827779661,4146.90351493359,23.0346311676882,12.8694487093521,13.1927220909342,19.7854864829155,29375.1121424094,9659.1418637442,-1097.80101674944,0
3168,2223,7.85107010624984,1542.95554021018,22.6167586033724,25.7762119860329,26.9797805572167,39.7816634012272,25698.1758276642,11398.2160376259,1230.95842208799,0
3169,2224,7.94931397773695,2016.07402021018,22.6167586033724,21.1610792551323,22.0118866290713,32.62100875839,25705.6768946078,11354.8649184409,1212.30409430711,0
3171,2225,8.23732992465773,2120.18310617956,22.6031580627876,20.4021771875234,21.1980715357694,31.4443914225028,25724.086292401,11387.9513166821,1185.14775242456,0
3172,2226,7.50536358960926,2068.92860417956,22.6031580627876,20.7655909425046,21.5875533342405,32.0077723995097,25689.9889049445,11333.8234277267,1212.66532836016,0
3177,2227,6.88610557495306,2405.64145588074,23.517392632014,18.7975813052563,19.4932734556284,28.9609815813129,24430.5267826245,19340.5578915269,1056.04831457904,0
3184,2228,7.48410062767787,3832.74944593309,23.5965086266723,13.6225048419371,13.9920503069698,20.950779000942,31693.1422754989,15427.5814930522,1191.08614560644,0
3185,2229,7.52000442287629,4040.43259993309,23.5965086266723,13.1480421435695,13.4910591147161,20.2173115350159,31682.935469018,15409.1922074074,1165.64985190201,0
3186,2230,7.49582240937855,3598.08444193309,23.5965086266723,14.217211294214,14.6209162690313,21.8703788366581,31700.1512174218,15441.2391194214,1147.48631750084,0
3187,2231,7.32368161251326,5355.23061793309,23.5965086266723,10.9192389026666,11.1469231629823,16.7743673436855,31745.2233855557,15405.1094663815,1161.46223735075,0
3201,2232,7.33629849971683,2658.52242811394,24.4620149381317,17.6553901716744,18.2845875288506,27.1945623327377,27322.7425122072,22440.3469396363,1185.31999630726,0
3202,2233,7.31637942012636,3151.26607411394,24.4620149381317,15.6747603326647,16.1749194072467,24.1277021736003,27343.1508094663,22477.4572513855,1238.64103297987,0
3208,2234,9.68698342983931,3075.79745912825,24.2569295535432,15.914471100864,16.427676844582,24.4981687611984,22728.9305009598,23368.0534274326,-1214.50407499722,0
3212,2235,9.89360858681562,4281.43508995473,23.9741481325746,12.6826085602485,13.0031497469232,19.4987795110723,31962.9391922424,19071.3056013791,-1109.20341493551,0
3213,2236,10.0552611881235,3600.91979395473,23.9741481325746,14.2501384439174,14.6591494416745,21.9222353910113,31960.9183786432,19062.5457763244,-1123.88830346192,0
3213,2237,9.04865462974265,5027.1625295714,23.951267542405,11.4045099821016,11.6582921357969,17.5242658689809,30044.7814701183,8250.2425224724,-1175.22053322712,0
3214,2238,10.0221701414325,3944.07433673859,23.9752147682807,13.3993209455519,13.7594369966432,20.6066020468423,31911.888268403,19091.7513791426,-1065.82450973743,0
3215,2239,8.76485197184761,4657.9406915714,23.951267542405,11.9910644892664,12.2747548395096,18.43022454979,30023.3022196944,8232.22779940961,-1106.10409225561,0
3216,2240,8.94595094318573,5000.2687835714,23.951267542405,11.4446440170847,11.7004364530701,17.5862447210599,30044.574534284,8235.7727206236,-1101.96537345813,0
3217,2241,8.95431943809598,5175.1111715714,23.951267542405,11.190315310825,11.4334601258504,17.193510827525,30007.495432863,8264.94965578706,-1235.02028707572,0
3218,2242,8.55116270861634,4684.3498655714,23.951267542405,11.9464020016929,12.2277756205395,18.3612306286787,30019.1518355014,8279.49301172603,-1112.32676429533,0
3219,2243,8.80156267533694,5318.3242235714,23.951267542405,10.9930045860867,11.2264884379588,16.8888653864276,30000.7335686295,8247.70080369629,-1220.80884187274,0
3228,2244,9.09322235355203,1865.50124117234,24.4439537911204,22.8067392869581,23.8087353224363,35.1813468622128,31526.35840259,12394.3234158929,-1244.29801707077,0
3229,2245,9.28499582494029,1974.48588917234,24.4439537911204,21.8721237649341,22.8029530452677,33.731311824583,31567.472316911,12383.9650450017,-1283.78551037203,0
3230,2246,7.99582316168027,3745.89269054022,22.3707192164589,13.7073411583236,14.0709482554386,21.0789814403049,22583.8791596491,15692.9519832087,-1481.95313879652,0
3234,2247,9.44927741264238,4366.88250542178,24.3822820729806,12.5518942999094,12.8684367687138,19.2976221352619,32986.4896421718,15690.9222930801,-1313.83877528959,0
3235,2248,9.52422225063039,4083.3632103797,24.327334985909,13.1232755909251,13.4707671763276,20.1806409554572,33000.4936544583,15697.9231024768,-1313.33161715862,0
3236,2249,9.30208835968549,4622.92910673732,24.332927263249,12.0817543931099,12.3728810986572,18.5710749168826,32984.1470460451,15687.9549502026,-1309.78511562623,0
3236,2250,9.06291970321235,3730.02836257747,23.9235194628795,13.9083193479603,14.297000582069,21.3934861071236,33007.3344477644,15681.0642776337,-1290.16010894353,0
3238,2251,9.04308941779894,3989.91675150864,24.3104263863695,13.3274886030621,13.6862880740923,20.4963015110286,32987.3526385573,13767.0073322608,-1386.96789655915,0
3238,2252,9.19502575260272,3131.37827575209,24.7332284269604,15.7773010110444,16.2866043167096,24.2871575200199,29880.3868100097,14239.9358317439,-1418.96416766895,0
3239,2253,8.83735877009181,3910.35883950864,24.3104263863695,13.509595116909,13.8787003399167,20.7778521461424,32956.1253866612,13819.5497974533,-1325.26407336921,0
3239,2254,9.36446936826476,2921.33833975209,24.7332284269604,16.5595519612742,17.1190834793803,25.4982130744771,29859.2115803662,14240.3361078768,-1342.74331578154,0
3240,2255,9.12727340984825,4457.15253002361,24.4459817709851,12.3874451774123,12.6956045087693,19.0436249681771,32985.555505304,13758.3005112987,-1343.70069037546,0
3240,2256,9.10728048408317,4155.36200261898,24.8304084462084,13.0157559889461,13.3611653137569,20.0155109124492,29888.0248004745,14256.0595323701,-1263.35974553251,0
3241,2257,9.35804144246811,3573.38755816856,24.8327986567969,14.4167952412709,14.843270015471,22.1821122703544,29867.8292122212,14254.777152565,-1287.94700938512,0
3242,2258,9.66824467627642,3312.11861861898,24.8304084462084,15.18795147518,15.6613214712022,23.3752710556135,29896.9344397975,14247.8643230476,-1325.37168218755,0
3243,2259,8.99434290698997,3194.10331061898,24.8304084462084,15.5736311673802,16.0710449072641,23.9721696341903,29894.4653226404,14218.7437639033,-1295.62473000638,0
3244,2260,9.05690016272052,3838.12152461898,24.8304084462084,13.7320998146687,14.1182481246589,21.123088119689,29920.1054360786,14204.1465292824,-1203.19736085422,0
3248,2261,8.63447175629438,2318.51581134006,24.6843506394577,19.5042606335112,20.2645150563915,30.0603292890858,32481.3608620326,13676.5621036743,-1331.80611152316,0
3251,2262,8.3982953956941,3733.65055986849,24.9674408554305,14.0056489495216,14.4088990359679,21.5464620607814,32098.5449644654,13770.4529587644,-1430.28416068232,0
3251,2263,10.5012792757765,4203.75894445381,24.3757782547855,12.8745132671281,13.2086038586289,19.796221429167,30363.1643266664,9870.92879579984,-1141.4686938097,0
3252,2264,8.51051520401032,3139.78554786849,24.9674408554305,15.776822869222,16.2884005364649,24.2870521711425,32095.768324347,13810.218960871,-1494.81642253857,0
3253,2265,8.55303496230042,3622.52938986849,24.9674408554305,14.2970566257879,14.7175551964019,21.9972081701156,32080.4994062129,13821.3387063674,-1477.38144023208,0
3254,2266,8.66384648083046,4708.73852763901,24.9842546126611,11.9867576866389,12.2774086285863,18.4255542586918,32576.7475958248,15506.0669048756,-1506.49399518008,0
3255,2267,8.64002546804867,4544.82103563901,24.9842546126611,12.272050671953,12.5778789992158,18.8663741031449,32569.0460217211,15491.2827746988,-1471.33595476268,0
3256,2268,8.84488364789138,4002.07531600892,24.986089582496,13.3637723014323,13.7300204605989,20.5538863371079,32588.733165575,15504.944483482,-1509.82777931833,0
3257,2269,8.8790664877994,3893.37700600892,24.986089582496,13.6148648253867,13.9955085919521,20.9421455322611,32557.0508575401,15509.5173376745,-1488.74996841596,0
3258,2270,4.5036787613195,4232.87770442054,24.4446510960059,12.8213034250353,13.1529954340932,19.714123737093,33460.9407534867,15281.7899937313,437.572002175937,0
3261,2271,8.99673450386989,3687.87389054526,22.6370553045653,13.880319166623,14.2560379476569,21.3470592174849,29417.1241245598,7266.11457721684,-1277.00970328008,0
3263,2272,7.87732800959937,2712.25027846038,24.5229176023314,17.4165489346094,18.0303951770909,26.8247917513273,29041.9194942954,18813.3153229085,-1456.29059873677,0
3264,2273,8.57588508146611,2135.1583172053,24.4973958288475,20.6673096834516,21.5092650972668,31.862868265904,29057.483989698,18854.4778035655,-1468.74657455273,0
3266,2274,9.25861944948387,4199.24177894068,24.4529488248921,12.8906819455633,13.2262556577296,19.8213761732531,33673.6109315639,14637.6878481452,-1317.92269689109,0
3267,2275,10.4443210894214,3142.61616260758,24.1722250124804,15.6686850766039,16.1655821052841,24.117505587975,33430.7251460752,12883.6836021923,-1160.95269519363,0
3267,2276,7.89363758152832,3091.95649246038,24.5229176023314,15.8902990933068,16.4046617960873,24.4614926034522,29015.07616229,18858.5867654381,-1400.31022217874,0
3268,2277,9.90219686525334,3128.10102860758,24.1722250124804,15.7189611521699,16.2190056966166,24.1953191785005,33425.602150225,12875.8393890089,-1118.57731147409,0
3269,2278,9.76945936368925,2968.63278860758,24.1722250124804,16.3005825175713,16.8374904475872,25.0956337664499,33437.3489720616,12892.4140057135,-1106.28150070333,0
3269,2279,8.70038874077448,2596.9994852053,24.4973958288475,17.9560107195515,18.6059835448371,27.6603792897728,29042.6761589307,18841.6092567212,-1488.53215407171,0
3270,2280,8.13008623659077,2211.19537118128,24.4739665310254,20.1449122582609,20.948469962224,31.0527667282502,29035.7295570195,18792.9499880194,-1470.76798362134,0
3270,2281,10.4838714117057,3017.24621411559,23.9945974897809,16.0942130784537,16.6161053014521,24.7756532104178,33439.676394769,12836.9673199627,-1206.77699257941,0
3271,2282,10.1910810464381,4118.34798011559,23.9945974897809,13.0178369009016,13.3568551738801,20.016933252547,33416.9506396416,12895.3380934859,-1110.73042885189,0
3272,2283,9.95057914219868,3464.37401411559,23.9945974897809,14.6328641147078,15.0647169636021,22.5142830116281,33429.5773051497,12886.958964019,-1078.8903852494,0
3273,2284,9.90975516011411,3924.18879011559,23.9945974897809,13.4468660170558,13.8098203850366,20.6801511040933,33432.5338986778,12889.5431888539,-1175.61922049193,0
3274,2285,9.66908973982706,4900.86568211559,23.9945974897809,11.5996351733666,11.8635342889396,17.8256917072741,33426.4287852912,12903.4298283663,-1081.162916503,0
3274,2286,8.39169797551063,2427.51271718128,24.4739665310254,18.8364782109059,19.5469172930046,29.0245756136031,29021.4566403841,18807.7666633628,-1486.13168968139,0
3275,2287,10.2146969839105,3984.45192611559,23.9945974897809,13.3097093327444,13.6649527560521,20.4681103233147,33413.8553291811,12916.3037525217,-1112.69370438407,0
3276,2288,9.73421296964738,3613.68826811559,23.9945974897809,14.2180661000078,14.6253783813957,21.8726812467279,33417.8792386478,12879.033410073,-1080.95589600516,0
3277,2289,9.90635948133814,3542.43415811559,23.9945974897809,14.4120870896608,14.8308200673308,22.1727733296861,33400.4991413225,12866.596277536,-1114.25409968734,0
3278,2290,10.081095789071,4050.81626411559,23.9945974897809,13.1628925272737,13.5099429417905,20.2411519504814,33447.4479613026,12869.7725411516,-1191.66004736968,0
3287,2291,4.84831186017183,6075.71096214438,24.6532740376059,10.128469712719,10.3251223922514,15.5555503998515,33362.8002167475,16428.5186284029,-369.088638477779,0
3288,2292,6.41145439521044,5494.37874414438,24.6532740376059,10.8094574476527,11.03833469666,16.60668101139,33367.2244760948,16607.4364321605,-259.307886031235,0
3290,2293,9.05056445089371,1854.01717519413,22.1627539964463,22.3884325553282,23.3224000186779,34.5223692378262,24774.091339696,10008.2823674546,-1377.71806944509,0
3290,2294,5.96777521747381,5150.93556209621,24.6361843742004,11.2734141583994,11.5250733014788,17.3230422866925,33415.3608498611,16528.6878394342,-320.970707259074,0
3292,2295,5.37274058140452,5105.56200209621,24.6361843742004,11.3389680548646,11.5939199514845,17.4242794648143,33390.7739102894,16447.0259007143,-347.470520298177,0
3295,2296,8.95766241478221,5938.87697376951,24.5417402920093,10.271471396317,10.4741276993037,15.7760682666586,33546.3051997362,15411.6161264635,-1279.8930538404,0
3295,2297,7.11161210452105,2179.3281072313,23.733348817487,20.2184167476272,21.0172053929073,31.1639486112473,25041.2482422002,19821.9053716944,1178.21956364657,0
3296,2298,9.03221555772696,6089.44670976951,24.5417402920093,10.1071946378207,10.3022573439845,15.5225501405988,33515.7171096204,15438.2457198995,-1211.65414975947,0
3296,2299,7.4836321568375,3507.8483232313,23.733348817487,14.4799773406203,14.900345737539,22.277128544822,25083.1943498415,19772.1688280941,1174.1166753964,0
3297,2300,9.00222301749275,5843.90086176951,24.5417402920093,10.3788939699455,10.5865691301046,15.9418614692207,33568.8939221918,15425.5536819499,-1219.52950955512,0
3297,2301,7.5772414334957,3395.6699052313,23.733348817487,14.804817778385,15.2445249264756,22.7796186160087,25089.9979991077,19771.3627647507,1141.45886990229,0
3298,2302,7.35370257523115,3166.5554532313,23.733348817487,15.5323968891294,16.0164221180691,23.9053734297073,25096.6999949461,19804.2315203485,1258.92858090373,0
3298,2303,9.42114727190729,5445.80293776951,24.5417402920093,10.8646698627534,11.0955571606278,16.6917368004074,33557.2796280729,15428.4467326235,-1248.00567713917,0
3299,2304,9.43459253598123,6195.54595176951,24.5417402920093,9.99563872983015,10.1856015908258,15.3504083913898,33560.9602452634,15426.7590764406,-1251.73283952373,0
3299,2305,7.2122779913693,3345.70304103493,23.7391091624948,14.9564855520986,15.40537293411,23.0142723620652,25082.386170148,19830.3970161335,1124.33370838542,0
3300,2306,7.23070604886287,2894.99692444076,23.6795120628377,16.5212874583936,17.0670874614662,25.435867913822,25099.6981977452,19774.6799968446,1182.17842801656,0
3300,2307,9.61507554563447,2824.34005000659,24.5913611573456,16.9366710039308,17.5193997069807,26.0817762699789,33524.924871237,15451.2982737317,-1228.42051160646,0
3301,2308,9.83976396049582,2886.5220504953,24.0607520483511,16.6074977602782,17.1629852614692,25.5704794552633,29988.3944131661,23052.6603125351,-1245.78310200222,0
3302,2309,9.89556775626564,3856.82143933639,24.059279529411,13.6111235194988,13.9839255496728,20.9342579583401,29952.899392203,22999.3140318233,-1185.93963353276,0
3305,2310,7.37939871313724,3775.49535109282,22.9322419685502,13.6933204018997,14.0611229111172,21.0586798494071,21720.767316722,17735.0340209867,1197.05863178111,0
3314,2311,8.87541049931047,2949.17085707044,23.6749059397046,16.3087922657756,16.840952746858,25.106891054978,24920.1938511312,19070.8854361125,-1274.32240073553,0
3314,2312,10.0610469688937,3155.68390971883,23.0253259633754,15.4805745828419,15.9542278322046,23.8232031713719,20636.6525414463,21096.2445021146,-1087.31149492117,0
3315,2313,9.6828603008607,2905.60096889037,23.0694693827913,16.3953525399316,16.926439841356,25.2390744276842,20706.3665334793,21112.0236460421,-1097.62169942781,0
3316,2314,11.3578117771944,3841.9139004604,24.1408446307667,13.6548506539106,14.0308293246773,21.0020569571104,28942.0045899502,24903.7276769905,-980.313235496807,0
3317,2315,7.76346250299425,3630.21430248029,23.7738859074111,14.1506110588256,14.5520229459424,21.767816718883,25699.2986772005,22283.0528834241,1235.56252963129,0
3319,2316,7.78717901668649,3579.7967884803,23.7738859074111,14.2856791581972,14.6949813061747,21.9767098970851,25717.998834336,22259.8509831914,1270.42720629224,0
3321,2317,8.53921226142443,3005.35819698679,23.6772249827439,16.0967047905276,16.6154339378284,24.7785955082366,25129.6455819335,19023.6417062292,-1273.75661922628,0
3322,2318,8.46573503187065,2868.31830972246,23.6815733953635,16.6285857253455,17.181311161484,25.6019934730172,25083.1536558428,19026.2983919868,-1281.23309287152,0
3323,2319,8.92990871211106,2324.93688972246,23.6815733953635,19.2901850460861,20.0222975409816,29.7249360193747,25105.6733455413,19021.4635379025,-1355.01544361233,0
3324,2320,8.74769703269215,2720.65012098679,23.6772249827439,17.2547320928102,17.8482217630389,26.5715270321033,25179.2997513258,18947.4485389607,-1416.83501581396,0
3325,2321,7.96810891088675,2803.00801115436,23.7086573350377,16.9022346429171,17.4729895483217,26.025774115244,25242.1779341643,18968.9892082795,1242.83753351523,0
3325,2322,9.57961620988126,3130.13040204975,21.5893000197895,15.3825660316226,15.8352203365672,23.6674176400773,24394.0276088647,7920.02179938248,-1200.29444430617,0
3327,2323,7.75973329538286,2549.07025715436,23.7086573350377,18.0707793179868,18.7191551426854,27.8355905261589,25231.007751037,19005.9438577357,1255.64324530183,0
3327,2324,10.1051087681083,2184.47425402411,21.5360339886586,19.7616539480352,20.4968332779806,30.4473540433419,24384.0952777988,7926.31196880889,-1135.36455944118,0
3331,2325,10.9914959400938,3934.06169665399,24.4560540973195,13.4686692736135,13.8366373367541,20.714902675014,28961.754370964,24872.767733088,-1007.90194551097,0
3332,2326,11.346834828178,3729.83416489487,24.4449406409993,13.9622632381611,14.3585483150074,21.4781417252422,28985.6358167387,24849.632387967,-975.411499615856,0
3333,2327,11.0642138074163,3957.27710065399,24.4560540973195,13.4153339214933,13.7802737756552,20.632439429881,28970.400288314,24842.2032392483,-997.623521759158,0
3334,2328,10.6281780656863,3916.74680089487,24.4449406409993,13.5077430056882,13.877844036399,20.7752920569832,28990.7405580561,24806.7469687945,-967.184629892679,0
3335,2329,10.8626844993031,4033.35490465399,24.4560540973195,13.2444071879612,13.5996982574233,20.368180243098,28995.9504490213,24862.360629367,-997.909651873661,0
3342,2330,7.9971661299618,2899.48508585202,24.4726816776498,16.6116090677818,17.1717766947707,25.5780607636692,31860.7253393793,14852.4122638164,-1521.2428290575,0
3342,2331,9.23038960990476,3852.51691269166,22.8618014059509,13.5016302521695,13.8580964121194,20.7621773187494,20993.9932442264,19367.9270745973,-1252.09009458098,0
3348,2332,8.42992507667682,2600.04118169778,24.0372496986007,17.8703481626231,18.5091048789796,27.5261847215502,32701.0573378215,13982.1654886682,-1446.14386653426,0
3349,2333,8.5586606218536,3056.48597969778,24.0372496986007,15.9560100378232,16.4695958582144,24.5618480469625,32650.2022621207,13991.6287606649,-1467.52715351702,0
3350,2334,8.56969101668723,3472.33417823466,23.8814489225386,14.5973228906799,15.0260137180927,22.459016657093,32695.79505636,13970.0211966809,-1484.966035296,0
3351,2335,8.83183044181432,3475.42990858367,23.9206300789829,14.5928141203701,15.0215973877402,22.4521415504321,32660.0785543672,13984.546604518,-1448.25767528366,0
3361,2336,8.72797205576519,2163.78345368039,23.9705607174144,20.3684837706618,21.1813869314834,31.3975132286812,27556.3957587201,14414.3697004587,-1349.970275617,0
3362,2337,8.49731348309468,3913.29305345202,24.5925582225093,13.5300529211368,13.9026305531966,20.8101195517273,31070.2756895892,15992.932427148,-1308.86330135761,0
3363,2338,8.73215559545357,6474.27475833535,24.5161868055755,9.71643735191711,9.89370794801787,14.919592481381,31664.9766900803,17613.3972882798,-1468.55388114014,0
3364,2339,8.3472506400446,6592.44424833535,24.5161868055755,9.6048924414806,9.77723006202977,14.7475133321663,31642.7750294706,17625.1202942322,-1393.43920030606,0
3364,2340,4.68743356965956,5568.30075743039,24.6336031569405,10.7146833399229,10.9388599928302,16.4603341373431,30819.8662339456,17940.412088662,315.988870218205,0
3365,2341,8.77000746735386,4873.79815075493,24.5734059681736,11.6858200721091,11.9580138123393,17.9598848117972,31471.9902110977,17088.9874379843,-1385.76587380941,0
3365,2342,9.70217903011927,2247.51415218114,23.8890611885502,19.8027676184616,20.573897226398,30.5201842539556,30598.9433393477,13208.4361014025,-1373.52141470446,0
3366,2343,8.91092363602104,5717.37192475493,24.5734059681736,10.5288504485757,10.743785125945,16.1733702841838,31490.0812747318,17027.7293397405,-1402.05067682413,0
3366,2344,11.1031382528226,5225.60889537027,23.7155449245882,11.1029938408121,11.3403387192968,17.0582663606757,34136.6533409035,15343.0628580897,-989.189544506498,0
3367,2345,8.81604505359945,6239.56433275493,24.5734059681736,9.95214606961097,10.1403029597357,15.2833453374895,31486.6188018855,17038.8686791898,-1393.90130244477,0
3367,2346,6.1589674900359,5602.63519601172,24.1923468817773,10.6434097233346,10.8615498792646,16.3495844415475,32939.6972121186,15471.8935480171,482.03099631341,0
3376,2347,9.70477594996858,4335.24020221662,24.4677007316272,12.6202633631054,12.9411462940994,19.403456305785,31578.7162335783,18451.6554912791,-1106.64642585467,0
3383,2348,9.76708326888135,3148.35937440587,22.3293709191145,15.4168939031233,15.8794630117787,23.7226875074161,20932.0811866603,17500.6465431934,-1083.38999593841,0
3384,2349,5.21998817294444,2241.62470442281,22.5911660328463,19.6003144604082,20.3393889394092,30.2015006181531,21991.318518484,17581.503324427,663.501345268771,0
3385,2350,10.1719022962338,3521.23752840587,22.3293709191145,14.2860483950012,14.6820259954084,21.9736025440767,20919.4998578285,17517.2833394876,-1067.07208332673,0
3399,2351,9.35645750761016,1814.19680854382,22.1179271126866,22.7363643333088,23.6955835703664,35.0618332184297,23000.2994666884,12295.9067377386,-1171.54850706923,0
3402,2352,8.60623356935166,2782.07297911712,23.8922242377693,17.0175240969375,17.5978631537809,26.2048623258429,30321.2451286371,14536.4504962123,-1479.86888822269,0
3403,2353,8.7384924238937,3162.57212911712,23.8922242377693,15.5656084531344,16.0532837160131,23.9572085506581,30313.9713989739,14537.6459336374,-1495.05045370877,0
3404,2354,8.67748736162899,2846.72767640498,23.9345840438634,16.7518931047909,17.3153706565683,25.7936746598736,30305.7518780685,14562.4669937278,-1513.14630303996,0
3405,2355,9.62542087229619,1676.89480549899,22.0201896779888,24.0676272804128,25.1262882879562,37.1267248711938,23024.2375386858,12285.9759609573,-1218.21312503249,0
3406,2356,10.1786915505443,2971.88917871343,24.0373560772318,16.2702633651793,16.8038128804874,25.0483058357186,27907.9294974085,17151.5559492038,-1093.09519415792,0
3407,2357,9.80808284549994,3075.30124871343,24.0373560772318,15.8882694272538,16.3975846615367,24.4569959743022,27938.4476222667,17169.5201876693,-1122.28471680885,0
3408,2358,10.0044704470315,2755.63791071343,24.0373560772318,17.1528855812777,17.743751712713,26.4149301471214,27946.2720691536,17204.4491055324,-1109.23538341971,0
3409,2359,8.83953227409381,2366.12012431652,22.0505614086647,18.7641093970626,19.4381969718494,28.9038017733107,23231.4255009774,12240.5315008045,-1210.27766905776,0
3409,2360,10.0979047840734,2664.47229671343,24.0373560772318,17.5639691394174,18.1821372056495,27.0516061148651,27919.3340053811,17157.4136393749,-1148.93228179336,0
3410,2361,9.14653688365315,2143.58316418851,21.9576431669407,20.1141320939528,20.8801311867536,30.9953062698042,23212.9914906486,12261.0892715485,-1215.67760477244,0
3410,2362,10.1246705163034,2758.1811045612,23.8724540661774,17.1179404318234,17.7046483288546,26.3603019130363,27957.2996604475,17187.675138192,-1193.58074635411,0
3411,2363,8.969164420861,2058.40862218851,21.9576431669407,20.7087719947865,21.516914171955,31.9170029325795,23201.2373259716,12231.5414445863,-1226.07095384555,0
3412,2364,9.07552242951394,2353.33676218851,21.9576431669407,18.8196866889487,19.4962777276892,28.9895513826398,23210.208188093,12211.3159184542,-1234.89774845832,0
3412,2365,9.93555550932688,1939.1442945612,23.8724540661774,22.0416541152806,22.9767258375549,33.9919422172555,27956.0384635585,17136.9654211369,-1213.33544752987,0
3413,2366,8.51257178684633,2225.31596790333,24.0059715920989,19.9664556475493,20.7508650207698,30.7743650039734,28336.5518701167,23222.9143903654,-1366.11107199964,0
3413,2367,9.1170742696228,2185.30040818851,21.9576431669407,19.8385080989,20.5851970126294,30.5681488942822,23230.6468181779,12262.2682553118,-1230.64288607107,0
3413,2368,10.2865162766998,2064.8687025612,23.8724540661774,21.0526528662875,21.9141227785027,32.458005724879,27977.6987283725,17131.1630853427,-1212.5522906156,0
3414,2369,8.46489505388512,3277.36438900038,24.0147804064949,15.2025675516861,15.6690682545212,23.3957483855247,28338.5662090194,23226.4618137539,-1402.95055371573,0
3414,2370,9.3759851860059,2556.26230018851,21.9576431669407,17.7540108609611,18.3595490102679,27.3389828733261,23225.1979259128,12239.5300937165,-1203.69675718151,0
3415,2371,9.31661636228427,2254.74838618851,21.9576431669407,19.4005309150123,20.116834936719,29.8894623395836,23240.681839866,12239.483759492,-1289.45901212899,0
3415,2372,8.47445635594281,2567.81882500038,24.0147804064949,18.0253352489629,18.6743164434798,27.7662059947908,28399.2369505499,23150.0010050975,-1386.48725173602,0
3416,2373,10.1252911663309,1885.06933562248,23.8365176467616,22.49667244746,23.4655925141766,34.6976714298096,27935.4595552027,17178.9168064009,-1107.53409596031,0
3417,2374,9.70726700710975,2339.95028762248,23.8365176467616,19.2285536274479,19.9583646366197,29.6299763194114,27888.1932028226,17160.5022057071,-1144.86460976419,0
3418,2375,9.78845396423368,2704.7900805612,23.8724540661774,17.3546793361751,17.9570141659202,26.726930752374,27913.7007244298,17161.3888208408,-1126.50007365047,0
3419,2376,9.63776343412995,2535.6083745612,23.8724540661774,18.1647885886986,18.8215307911432,27.981774587561,27919.8309139603,17184.3125121158,-1095.72587998334,0
3420,2377,9.74528415852086,2886.48087442959,23.6475755295642,16.550846348281,17.0981970088934,25.4815343677235,27916.2887688256,17202.9095433447,-1098.34178768751,0
3421,2378,10.0156814575194,3539.00112442959,23.6475755295642,14.3836600977333,14.7975678585914,22.1279367634667,27919.4978943159,17185.2851029784,-1118.55581813117,0
3422,2379,10.1457490448756,2072.86246042959,23.6475755295642,20.9484816172252,21.7990619157054,32.2955717594505,27965.9827192124,17144.9393747912,-1146.76945831663,0
3423,2380,9.99351861376993,2177.41988242959,23.6475755295642,20.214943368659,21.0122941491941,31.1582363301547,27967.1372797644,17181.6258144925,-1168.38409587264,0
3424,2381,9.65074165110818,2573.16102442959,23.6475755295642,17.9412944449706,18.5801868804936,27.6348040715398,27919.9701902338,17200.3762667441,-1079.76940073456,0
3425,2382,9.70906512133431,2821.70240842959,23.6475755295642,16.8151786250728,17.3795944170858,25.890790454399,27901.3538355104,17167.9669634533,-1083.80448843602,0
3426,2383,9.93869875868631,4118.72544442959,23.6475755295642,12.9850248476929,13.3194868784566,19.9654587113019,27926.3649956368,17182.3910381804,-1101.97456163,0
3427,2384,9.6192470196682,3402.08750842959,23.6475755295642,14.7758879315498,15.213052514703,22.7346415374733,27902.8640919766,17190.0053335307,-1100.80590388083,0
3428,2385,10.0967038614804,3133.65664642959,23.6475755295642,15.6339644087905,16.1234141393597,24.0623148615686,27979.6846926545,17180.8575881914,-1158.90652482719,0
3442,2386,9.75884250082248,2413.99669222511,22.8913164106636,18.6447499864428,19.3218751530918,28.7219612429085,32417.3980014507,12894.2083064534,-1127.70703512623,0
3460,2387,7.31938076897148,3291.48324017028,24.1777279000599,15.1769498834621,15.64345037508,23.3565409793534,25343.434011752,22266.6599645331,1216.00055628823,0
3461,2388,7.35111024040821,2932.99767995755,24.1830408773442,16.4398427514959,16.9858129496786,25.3112650970638,25320.9594371439,22282.4344681285,1236.70110409332,0
3470,2389,7.87945851432266,2217.91888035096,24.2919559680673,20.0672422816297,20.86274778109,30.9316750692885,27202.2323791002,22889.7784165773,1239.53951338213,0
3472,2390,7.85576782877226,3111.74365516829,24.272019275323,15.7886634267159,16.294087052602,24.3034788793431,27241.0887770466,22891.7302485751,1216.49215934589,0
3475,2391,9.70544363315645,3698.21425694141,21.8164925500477,13.7664849519386,14.1283454281194,21.1690177734884,25224.4935024293,9888.02385340757,-1260.72702182192,0
3476,2392,9.04938193777128,4033.82441894141,21.8164925500477,12.9912683230522,13.3109827945755,19.9709457261823,25216.9085248489,9880.17904953657,-1263.06714490192,0
3477,2393,9.52121028052895,3567.51197294141,21.8164925500477,14.1033730962198,14.4840837137933,21.6898137992268,25237.1697208688,9900.91557391355,-1248.62775508875,0
3478,2394,9.1552332304898,3141.59521094141,21.8164925500477,15.37363839832,15.828190997432,23.6542771311477,25241.9572910154,9884.08824680277,-1211.30350616968,0
3479,2395,9.43496038648281,3686.93694494141,21.8164925500477,13.7947106504935,14.1581382456905,21.2126485903706,25238.2034312422,9878.40618773259,-1210.00573379781,0
3480,2396,9.71227442189996,3721.53689667966,21.8642557187845,13.7136976365216,14.0730706725359,21.0875422736071,25275.4615565226,9894.8934618155,-1268.72552113807,0
3481,2397,9.35129522377087,3507.53228067966,21.8642557187845,14.2709191011586,14.6615828542312,21.9489827038975,25251.1401675553,9901.69223677237,-1266.50611139257,0
3482,2398,9.20631398538068,3352.35911067966,21.8642557187845,14.7145708935007,15.1307565667371,22.6350160359211,25284.6527463437,9904.76930753486,-1226.51803781629,0
3485,2399,9.30687554282557,4388.95071016499,23.6132573216966,12.4439277434632,12.7489356828859,19.1292002317716,20917.195234565,20041.6124983754,-1201.02674169475,0
3486,2400,8.37197603690917,5378.67428692394,23.6411531347755,10.8913910415286,11.1180176345029,16.7314550390969,21009.9141209887,20056.4943855203,-1235.920079281,0
3487,2401,9.32776103330959,4304.89949416499,23.6132573216966,12.6048030481484,12.9183933120623,19.3777828978011,20980.1625320721,20020.1709231396,-1183.28412181609,0
3488,2402,9.54075015408527,4334.34825616499,23.6132573216966,12.5478069815817,12.858347502999,19.2897107326178,20970.3551501637,19997.2118444481,-1299.59862926093,0
3489,2403,9.20555934523176,3126.13405216499,23.6132573216966,15.6555962825169,16.1460390227466,24.0956955751201,20981.2690252529,20017.2009396909,-1284.1638099359,0
3490,2404,9.43526508925769,2685.3246109695,23.5013427946559,17.3876109321229,17.987831663493,26.7767496821956,21005.2232740226,20034.4408367428,-1254.13079598118,0
3491,2405,9.36810657512874,2745.58628807501,23.5313370040552,17.1232755062015,17.7064595909317,26.3674965949951,21008.5882122423,20019.3864427746,-1163.44502390599,0
3492,2406,9.73328930690391,2625.3257869695,23.5013427946559,17.6663304410509,18.2850449942059,27.2084187598099,20969.3324625069,20036.2839217885,-1267.57733700058,0
3493,2407,9.90049761196262,2578.1240689695,23.5013427946559,17.8939231947634,18.5278651939699,27.5609396419167,20947.94857531,20026.7055662732,-1250.79699705729,0
3494,2408,9.54834961040516,2849.7487009695,23.5013427946559,16.6789005084007,17.23288255574,25.6793454686089,20995.359272872,20026.930319136,-1215.19770102387,0
3495,2409,9.50946993217234,2454.6022609695,23.5013427946559,18.5273201873372,19.2042222453948,28.5421757659364,21004.3130448601,20019.3488071718,-1319.21823261091,0
3496,2410,9.02320260192841,2639.35489007501,23.5313370040552,17.6047101702582,18.2196762622335,27.1130775726306,21025.3108204163,20006.265988403,-1227.45321147707,0
3497,2411,9.30420015805452,2913.3157369695,23.5013427946559,16.4244947022487,16.9621614009964,25.2854881654968,20976.5274736229,20055.9205206629,-1213.64865354172,0
3497,2412,9.96526474294793,2429.33898033153,23.1754869898243,18.6092318873824,19.2875989607007,28.6679436039717,28475.7504754541,17308.0695940529,-1028.09163431093,0
3498,2413,9.64616846541285,2940.8482369695,23.5013427946559,16.3174115734247,16.8482566732657,25.1197204549219,20991.9372833126,20038.3975998091,-1182.78424968049,0
3499,2414,9.62382970684543,2993.0278309695,23.5013427946559,16.1193825374698,16.6376847748987,24.813185805983,20988.799867822,20013.0485606505,-1257.37743805737,0
3529,2415,7.68726690292229,2290.2194103109,23.6485460266897,19.4934548700098,20.2394316849811,30.0398564138773,32206.9528652318,15555.9405799476,-1446.70622370161,0
3534,2416,11.9363426986475,6957.16598487027,23.5423684267166,9.23161709549088,9.38302165736465,14.1704392150488,34013.7117232701,15879.8506152769,-851.304784553897,0
3535,2417,11.65258066024,5811.80795480045,23.5363039194844,10.3529642344563,10.5536278013344,15.9002383505966,34029.2122600161,15886.5799988174,-924.531895165965,0
3536,2418,11.5188838317109,5088.76045280046,23.5363039194844,11.28373904158,11.5287816871487,17.3370164858127,34050.8564365169,15856.7849298061,-934.579536833946,0
3536,2419,6.01219321717558,3533.90380095896,23.7414983470503,14.4080813991061,14.8242821786901,22.1659449221933,32886.5316251876,15873.0710647551,543.795746741824,0
3537,2420,11.8715218328715,5174.51153411373,23.5564916584814,11.1629116686534,11.4021555309433,17.1504928886372,34070.585444365,15915.7050534821,-933.239432589973,0
3538,2421,11.7897772181132,4730.18103611373,23.5564916584814,11.8387142309206,12.1117626849071,18.194119905833,34076.5552268983,15887.3699371699,-945.791079480245,0
3539,2422,11.8935297266187,4756.05772280046,23.5363039194844,11.7947181379563,12.065378337468,18.1261260425028,34053.5974080439,15913.7258195356,-902.93223481413,0
3541,2423,6.39960969426278,3393.84460111866,23.9252052900259,14.8322542053266,15.2754167630274,22.8225615406777,23376.1624142507,19423.7117105621,1030.30886587167,0
3542,2424,7.8238927802021,2116.62507569071,24.3421946190206,20.7687403677654,21.6159924605144,32.0195654835381,26385.7867372366,21831.8841366858,1244.53150230718,0
3546,2425,7.68017402546438,3454.5611763064,24.3798319827309,14.7042960747441,15.1439686883218,22.6257626905841,26651.4458309094,22187.618377785,-1459.39351736394,0
3550,2426,7.65844682189372,2383.03196906753,24.5025105370577,19.0924309791233,19.8211828909009,29.4213518325565,26664.0825420528,22201.1025698883,-1510.52388222185,0
3553,2427,7.97096553512781,1836.91932506753,24.5025105370577,23.0822758254417,24.106424593285,35.6091603080185,26640.9835074073,22207.104904919,-1483.45557129852,0
3554,2428,9.1032146863556,2447.41515785913,23.8952424386776,18.6314129030402,19.3204121961013,28.7048203136422,30528.3606987357,14527.8942917556,-1400.05383247588,0
3559,2429,9.39782132624216,1603.16327509176,22.2142097679188,24.9376519432764,26.0674069960229,38.4778924184845,26234.5211143193,8829.13605741017,-1316.96250828577,0
3562,2430,8.43663846955758,4581.1425916487,23.5529212567244,12.0908720147506,12.3768906054685,18.5836192465041,21695.919331912,17654.1093576709,-1442.88279511964,0
3563,2431,8.15772570182735,4553.0594416487,23.5529212567244,12.1400744315596,12.4286524409873,18.659628348767,21656.1886786214,17659.0724158248,-1426.18701963382,0
3564,2432,8.22549105017137,4689.2021476487,23.5529212567244,11.9064249816859,12.1829177520473,18.298699762412,21699.9995704436,17652.4927083649,-1395.50793639284,0
3565,2433,8.70513318346394,5307.08834849825,23.5019007927469,10.976870144941,11.2067299622832,16.8631708215289,21671.9631157141,17664.6599157722,-1348.3478277028,0
3566,2434,8.52080616801629,5425.9057696487,23.5529212567244,10.8237878448383,11.0466263451232,16.626944192713,21681.6766975193,17674.892132942,-1367.50963048434,0
3567,2435,8.30515693031882,4903.48392449825,23.5019007927469,11.5581252177973,11.8165815550808,17.7606591745669,21673.6027006595,17655.4089773667,-1306.64089264587,0
3568,2436,7.26746906530844,6953.5589192466,23.974359583967,9.25688462505866,9.41149258506356,14.2099969217435,24811.3383404039,17104.4232098299,1211.94461923544,0
3568,2437,9.16247941479946,4894.24583816918,23.4483392552388,11.568317845303,11.8269186732425,17.7762985151711,21445.9759846066,17646.4727679363,-1239.96980123607,0
3569,2438,7.66421830510449,6356.65071694063,23.9535446928293,9.79927956310699,9.97726158096143,15.0465753617007,24856.8400505175,17079.1883982699,1174.10299730845,0
3570,2439,7.13506409212545,6560.36352704799,24.1077406533963,9.61259086236708,9.78316544881302,14.7588074685489,24840.7015636006,17044.395827174,1156.30954704297,0
3571,2440,7.42027517643765,6103.36103122999,24.116161406838,10.0672685789131,10.2581643565472,15.4602926182849,24836.1972073035,17095.2226146278,1193.65714832031,0
3572,2441,7.46678405221147,4981.72518377448,24.3602224250932,11.5028748867078,11.7643105467673,17.6769233590775,24229.7177120788,18735.6209170223,1240.18942351344,0
3572,2442,7.27219736113718,5237.57007104799,24.1077406533963,11.114093713939,11.3544864364017,17.0760963568692,24814.9725173125,17098.7960325317,1188.58871876023,0
3572,2443,10.1299049772955,3069.44997227718,22.7737285821035,15.7459725444965,16.2332844893114,24.2331523220951,30693.2582364352,8953.29413946506,-1214.89943552937,0
3573,2444,7.05552371713476,5070.29757922999,24.116161406838,11.3529398943512,11.6052272231625,17.4449269299404,24822.5617582727,17086.4028643157,1195.24974121556,0
3573,2445,7.66573601191115,4638.53807777448,24.3602224250932,12.0570179804519,12.3470381610155,18.5329112643161,24248.6947255794,18716.0158644337,1249.00570205183,0
3574,2446,7.14334849181632,4901.29208122999,24.116161406838,11.6081698534429,11.8733223717063,17.8390998298503,24823.6173632681,17111.6791988943,1195.23911159496,0
3574,2447,7.36483410539866,4333.93914757659,24.3406001372313,12.6118171733363,12.9312926345267,19.3901414085059,24223.4775580121,18731.8407959835,1242.65847461674,0
3575,2448,7.23707048785424,4628.45601922999,24.116161406838,12.0547657882146,12.3429441641305,18.5289560252129,24834.1289889952,17083.6862389971,1185.91734038777,0
3576,2449,7.25577037735379,3222.74172104799,24.1077406533963,15.3907531930243,15.8697341327505,23.6872008910004,24803.2460798059,17093.4733017469,1169.16410348418,0
3577,2450,7.08899618343098,3735.15458504799,24.1077406533963,13.9142989265524,14.3049130326667,21.4031704648951,24805.3386346643,17106.3428581202,1236.95666118898,0
3578,2451,7.49347794259011,3538.50753501661,24.1387581401673,14.4386910698207,14.8602998524351,22.2142825934676,24778.7747669712,17117.9246750012,1147.84327276294,0
3579,2452,7.34963856660194,3914.28499522999,24.116161406838,13.4815965743564,13.8475158635,20.7341227628466,24833.7654240838,17102.4574831587,1245.44033346929,0
3580,2453,7.08615832818762,2935.74499669063,24.2060418449981,16.4321954326087,16.9779168196976,25.2994924807204,24829.5275081757,17090.5228180019,1204.05973784071,0
3581,2454,7.5381299978443,2996.59933991663,24.2183697647083,16.2005713636259,16.7315626052524,24.9409388349619,24828.7548344747,17083.9729074679,1192.34600889206,0
3589,2455,9.19440546216496,3299.08616980806,23.6383560796683,15.0891344408266,15.5450764086056,23.219232402664,21792.0720874212,17311.9956026878,-1324.09635751823,0
3590,2456,9.17877678150235,3589.75428044906,23.7609435210273,14.2573389548946,14.6648652092735,21.9328464384039,21834.2256930313,17322.1838987267,-1289.97974505639,0
3591,2457,9.06419593037272,3845.25482755284,23.7039534601129,13.603376309387,13.9727502528904,20.9214559804819,21823.7560510281,17312.9188445463,-1247.12526622391,0
3592,2458,8.79411872718789,3829.44015955284,23.7039534601129,13.6412209080439,14.0127401590082,20.97996762084,21774.4460536867,17307.7170155556,-1289.80489955909,0
3593,2459,9.38414913432123,3492.42033355284,23.7039534601129,14.5202696112493,14.9427506380159,22.3393771485715,21819.7074462588,17327.610554773,-1318.02488860635,0
3594,2460,9.02947840394553,3269.20884955284,23.7039534601129,15.1915030012032,15.6543068622513,23.3777958814519,21772.723870986,17344.7619324035,-1256.57468872866,0
3595,2461,8.6712510873179,2995.46972155284,23.7039534601129,16.1370944685096,16.6586599103022,24.8411924061478,21815.6769880626,17328.3406990668,-1317.03825472797,0
3595,2462,5.8311978329598,4816.4479713364,24.6311129353496,11.7817774373539,12.0593130857879,18.1082189222579,33015.3617035293,17628.3040120245,-267.31980098629,0
3596,2463,10.5398821951615,4649.70983629086,20.199561835536,11.6937387172483,11.9346503518461,17.963362793772,27134.2881360956,4764.47371777298,-1080.34937125414,0
3596,2464,8.53713077596452,3023.21004185079,23.7946655532572,16.0460789471784,16.5628407090081,24.7005716711011,21936.0383026568,17412.3940611021,-1295.15276865051,0
3597,2465,9.06337470528693,2779.78457692069,22.1786840303099,16.7782414609552,17.3234989534091,25.8289820504487,25666.7880510569,8498.91060312825,-1237.80548181223,0
3598,2466,7.52307843033817,3012.67460455256,24.2035763724064,16.1384528945103,16.6653273368503,24.844733726784,22381.9689772397,18834.9575841665,1256.30206650115,0
3598,2467,9.58765875133308,3052.86094869871,22.2164262023337,15.7313434169445,16.2117993757588,24.2088740469123,25690.4370839244,8525.93867044831,-1317.97770730149,0
3599,2468,9.19354120812335,3223.92320322529,22.1472640315318,15.1460594653553,15.5905037446024,23.303187130369,25662.3303719678,8488.22923858503,-1270.78072018506,0
3599,2469,10.4552610190946,4625.35013772048,19.9759817143654,11.7142949724938,11.954420138621,17.9946058892714,27119.6791922454,4732.41916700907,-1051.93424387204,0
3601,2470,7.15131419776552,3288.97696922747,25.0189766099787,15.283620294271,15.7646968807305,23.52381325178,25097.9620979196,20857.7748951172,1147.05259683159,0
3601,2471,10.6462181269088,5562.23144784587,19.9713369516891,10.4065772078638,10.5872637935378,15.9767631498902,27114.0187005374,4772.13037108501,-1057.98720396234,0
3602,2472,6.9379675097541,2613.43954922747,25.0189766099787,17.9550024479793,18.6109435484168,27.6604802849907,25139.9096949786,20829.5860251285,1055.9084736117,0
3602,2473,10.4528863347559,5281.64223384587,19.9713369516891,10.755522158699,10.9514918220206,16.5150360116051,27103.811530367,4744.22268249976,-1089.26610905384,0
3603,2474,7.08914181194338,2934.57862922747,25.0189766099787,16.5452094123581,17.1067877815284,25.476825810577,25122.1058700418,20808.005277389,1115.49753544802,0
3603,2475,10.3809529076449,5288.00774784587,19.9713369516891,10.7472494583811,10.942851904878,16.5022734304176,27128.094128321,4749.94486003196,-1114.08612910865,0
3604,2476,7.34563974836829,2496.04096922747,25.0189766099787,18.5528937690671,19.2501565672229,28.5869251859089,25130.9766788048,20820.5064115846,1149.88936047679,0
3604,2477,10.2459206410647,4549.29975984587,19.9713369516891,11.8404880963584,12.0866077584792,18.1893960140125,27100.0078460913,4741.27277546072,-1057.63559445414,0
3605,2478,7.18846940656039,2489.21290922747,25.0189766099787,18.5892615566831,19.2890617052883,28.6432844344908,25112.8567883765,20830.8382404856,1018.1182696499,0
3605,2479,10.5377608459666,4739.01247437676,19.7492507065048,11.5125671463201,11.7413899572493,17.6827455969728,27145.5276795157,4743.44690332668,-1061.18366400032,0
3606,2480,7.15602931563141,3761.25846122747,25.0189766099787,13.9408233065762,14.3406989894707,21.4463179380593,25108.6867291281,20846.3947174761,1070.21654767044,0
3606,2481,10.3208887015808,5011.05282384587,19.9713369516891,11.1240490476933,11.3366140601105,17.0836401578762,27122.9838170131,4758.468801779,-1109.58120937211,0
3607,2482,7.29342859565107,3268.75710122747,25.0189766099787,15.3488981224011,15.8340432012911,23.6248404425916,25099.7539883502,20814.2136468149,1083.29544690707,0
3608,2483,7.02227785688682,3554.58850322747,25.0189766099787,14.4887970453214,14.9212245132636,22.2939496587514,25110.4924677391,20813.0719630733,1025.30889828794,0
3609,2484,7.26781942340595,3905.04418922747,25.0189766099787,13.5904760211071,13.9699792113002,20.9045046655621,25116.8781802669,20803.7353615281,1054.47974543097,0
3609,2485,9.45030779552883,3841.62850891123,24.7618696748975,13.7168698152752,14.1015721625025,21.0993804222801,26505.0169248735,18926.1133297351,-1208.91943260059,0
3610,2486,7.22326545561641,3736.43446320379,24.9488194947116,13.9966660591808,14.399231615934,21.5325253054108,25109.8058224098,20812.6424841197,1070.59065335771,0
3610,2487,9.40412809114463,3592.84123354324,24.7154095413776,14.3509783650316,14.7724962740791,22.0800151241271,26513.6657563501,18934.9075712293,-1267.62797227829,0
3611,2488,9.10133975761335,4147.41193433666,24.4048291148379,12.9940341182387,13.334949577079,19.9810269592491,21898.3497328355,21658.1845918659,-1477.59907717108,0
3611,2489,9.56785059568971,3593.47998754324,24.7154095413776,14.3492369843728,14.7706512148592,22.0773214100091,26545.1788431014,18924.2295059776,-1245.02834967168,0
3612,2490,9.57611115652415,2667.61471733393,24.7194788353199,17.6510956809197,18.2829406648525,27.1887190021766,26591.6078182466,18900.8065641874,-1250.95712505347,0
3613,2491,9.22462626721235,2719.97287954324,24.7154095413776,17.4096275992594,18.025167935883,26.8146654052079,26535.3737489926,18898.420436361,-1203.45804505288,0
3614,2492,8.06117589278671,4886.08062818595,25.0591632279974,11.7029046095314,11.979209839833,17.9871671093685,26357.1994295406,21965.8036273543,1269.48703194847,0
3614,2493,8.40246384550535,4589.72895601629,24.9350344118557,12.1881394482815,12.4891324776131,18.7366164716861,24173.1440866756,23134.2458059208,-1397.23610388844,0
3614,2494,8.93883559511391,2953.22821954324,24.7154095413776,16.4319186014645,16.982969503278,25.3005366791631,26524.5189904702,18929.0198587151,-1241.65508188432,0
3615,2495,7.95220559467481,3680.40757201629,24.9350344118557,14.1399666067024,14.5508616208532,21.7541389926721,24141.6641122217,23134.2780297286,-1482.54522226627,0
3615,2496,9.36974533955163,2867.41492354324,24.7154095413776,16.7747198972419,17.3481320816805,25.8313469222301,26539.7307630381,18900.0598465225,-1204.71180699572,0
3616,2497,9.49554646230806,6557.09707533006,24.3570253921503,9.6292379208252,9.80183037268317,14.7848434260702,33245.2943432698,15926.443530006,-1223.27252004331,0
3616,2498,8.46881756933857,3620.95939801629,24.9350344118557,14.2978946125701,14.7181629208155,21.9984272446504,24126.916009838,23134.44270332,-1460.84420425443,0
3617,2499,9.73616097782888,3489.79688270131,24.6521536860816,14.6324694255981,15.0702860375127,22.5153221073513,26772.3053714074,18678.2470764492,-1159.67803690869,0
3617,2500,9.48826746605295,4845.21432933006,24.3570253921503,11.7147304851406,11.9869543031735,18.0041394899329,33265.0995714814,15910.4725506921,-1245.12184649089,0
3617,2501,7.99518103347906,3121.91631601629,24.9350344118557,15.8355020636534,16.3504874871627,24.3777982432106,24121.9237772103,23144.5336940385,-1385.47377562848,0
3618,2502,8.22664390572063,3373.89375601629,24.9350344118557,15.0077061950529,15.4709353248927,23.0966155726762,24121.702632629,23119.5138401551,-1398.39833559615,0
3618,2503,10.08649199365,2617.28282627145,24.6908282332387,17.8866164729551,18.5341117777721,27.5534902389831,26784.432950279,18780.996482861,-1115.8712969371,0
3619,2504,10.6378253602087,4899.50759282056,24.3927347660258,11.6318153169502,11.9000301301569,17.876133905615,33381.6715574992,16659.6195999334,-1077.59701260018,0
3619,2505,7.94367572329434,4925.84571601629,24.9350344118557,11.631286440597,11.9030705590679,17.8763099055383,24121.1622781056,23137.8703071158,-1376.16666378956,0
3620,2506,10.6730682102789,4686.3526569644,24.3364591173607,11.9736305909863,12.2591199933541,18.404039136204,33381.149559575,16608.8931457119,-1023.39747749235,0
3621,2507,10.9353635383637,4535.04155107086,24.361377943331,12.2387449119306,12.5383631428371,18.8136871853631,33359.9162399775,16669.8015413106,-1073.07732225407,0
3631,2508,10.8710021203749,3201.99900464276,25.0324085554279,15.571331467319,16.070550251664,23.9691471690137,30748.8558222932,22547.3937680992,-1000.76032977142,0
3632,2509,9.00598550530227,2781.42733299321,24.8459335834743,17.1559759296419,17.7560050142102,26.4221836624363,23633.5425912203,23823.0053010481,-1072.6026524357,0
3633,2510,9.98982238429495,5440.12046394766,24.7616528381039,10.8867258021407,11.1200189887748,16.7261572953778,31885.485347592,20049.6069362591,-1122.99564326349,0
3634,2511,10.2198868149961,4299.73313953554,24.7740592667258,12.7163284667217,13.0447401477141,19.5525578072898,31891.8065799416,20029.8762382011,-1070.38663321216,0
3641,2512,8.55943663437586,2258.18757780831,23.3476708960117,19.6366922392927,20.3887327898522,30.2607489249723,22104.3878451322,17569.5410860421,-1459.92369698242,0
3642,2513,8.55473131110122,2444.41740780831,23.3476708960117,18.5564885524707,19.2334443020481,28.5868321670066,22136.4159610712,17559.3395973756,-1496.47243720407,0
3642,2514,8.79038948168631,1253.44690338894,24.5949302612367,30.8957177564162,32.5654703931208,47.7458125096776,28581.7210409622,18948.0285019405,-1475.88152697221,0
3643,2515,8.1559608866172,2767.78247091632,23.3965472140674,17.0073953419041,17.5814755413451,26.1876365913497,22097.9672746895,17571.6761628197,-1440.26425300878,0
3644,2516,8.52669786792653,3478.15884470663,24.4586622763979,14.6446527259301,15.0814541850915,22.5336887096824,29590.7763599211,18149.6434482867,-1426.99304383102,0
3644,2517,8.03829027721405,2672.38255173276,23.3109629447847,17.418002681017,18.017998684498,26.8232018180942,21991.0568256498,17582.6091695498,-1416.18884208285,0
3645,2518,9.21646817835337,2444.94121070663,24.4586622763979,18.7378631360303,19.4412314795748,28.8716991155643,29584.9004595303,18132.6386836942,-1489.64855615816,0
3645,2519,8.5031312160905,2671.21517373276,23.3109629447847,17.4233498940999,18.0236986033977,26.8314827789681,22008.7026974754,17594.0883463632,-1401.07140847264,0
3656,2520,10.8184767019028,3201.90545090867,24.6651809457111,15.5274012351141,16.0203139128761,23.9001757677348,31051.3337004375,20415.8600540152,-1009.93268488056,0
3657,2521,9.81412463681724,4036.11218907804,22.732274333666,13.0750376460898,13.4069611224985,20.1025204637308,21295.9895689505,16995.1722276606,-1135.73412457802,0
3658,2522,10.825524261119,3013.76175516026,23.7940607140714,16.0808873079077,16.5998428453645,24.7544494904712,21227.3648887753,22885.7169276949,-965.348450470933,0
3676,2523,9.16317509973197,1878.24876336467,22.9034537780231,22.3463766814732,23.2892514612183,34.4604617663034,21504.8374049067,17837.5264230893,-1185.60272093171,0
3678,2524,9.45840039382932,2606.38427136467,22.9034537780231,17.6635357063369,18.2748741684506,27.2021098269559,21447.094695778,17810.2202118878,-1194.41410650316,0
3680,2525,9.20438287479167,3554.73262393006,22.9734515274269,14.2663745973889,14.6672511736761,21.9448425960338,21469.1993789967,17853.7417149676,-1292.10697219672,0
3681,2526,9.3274486565882,3537.97083793006,22.9734515274269,14.312154193562,14.7156833608112,22.01563830328,21466.3971925561,17838.4564788086,-1316.42349132222,0
3682,2527,9.57794162128292,2914.52587132588,22.9902417043381,16.3495585228282,16.8768737583821,25.1679485419644,21503.9003922515,17822.7318428097,-1290.47843132919,0
3683,2528,10.1210207399549,2968.84102393006,22.9734515274269,16.1393768135792,16.6532744912742,24.8425734852486,21487.0192034013,17822.1181875515,-1271.35502471129,0
3684,2529,9.41283864796412,3795.78516793006,22.9734515274269,13.6482720210492,14.0139033742691,20.989135847491,21450.6655041064,17839.437728845,-1332.95589684352,0
3685,2530,9.64916975411983,1936.24011793006,22.9734515274269,21.8702172068017,22.7786601519413,33.7222172851274,21486.410997723,17767.8760348562,-1238.64538166295,0
3686,2531,9.48834791591802,2019.14598193006,22.9734515274269,21.2124955314864,22.0724560808305,32.7022237478707,21457.7423322541,17817.3043893307,-1274.27607061325,0
3688,2532,9.20030416939868,2197.46847793006,22.9734515274269,19.9543749830372,20.7237179532698,30.7517232248835,21482.9617350158,17816.2700442706,-1328.05742390278,0
3690,2533,9.36505290997476,1985.49637494776,22.9417125236127,21.4665389413064,22.3446537589797,33.096035801568,21461.7199422694,17834.0161150228,-1304.76883418273,0
3691,2534,9.24831403586034,2209.28053494776,22.9417125236127,19.8716895316751,20.6347352880274,30.6234396432746,21478.5001657729,17803.1944691881,-1262.55581677878,0
3692,2535,9.5692659337747,1910.47581894776,22.9417125236127,22.0783293526732,23.0017642512115,34.0448614993157,21500.1938888283,17792.686337158,-1284.0226227634,0
3713,2536,9.77883345017444,3874.79680923484,22.461235230721,13.4091807435683,13.7570641168523,20.6183189632452,21430.299521814,15623.0542397372,-1109.95487676502,0
3714,2537,9.44982942373422,4166.64130923484,22.461235230721,12.7756868892814,13.0893022486268,19.6393222024907,21425.0691026623,15604.0347808927,-1091.72102199773,0
3715,2538,9.72349041310323,3929.61952323484,22.461235230721,13.2838005316856,13.6248077252287,20.424531597258,21419.2008456376,15637.4982062409,-1109.06248672324,0
3716,2539,9.43216337374497,4346.76993723484,22.461235230721,12.4226275315485,12.7176680853593,19.0938501431348,21442.0901163098,15627.0590708153,-1085.79426685996,0
3734,2540,10.1471268140199,3143.89552758722,23.3092002425076,15.5563026104102,16.037507142455,23.9411836740367,29308.9800899884,14702.3374321194,-1151.56010878579,0
3738,2541,10.7640871671435,4174.95605210129,19.5777751444451,12.483874650004,12.7580827822892,19.1818342806546,29879.5517521099,5371.95544357852,-1009.02204363226,0
3744,2542,10.9834196267018,3924.09615899162,19.6539402353897,13.009639333313,13.3110657462519,19.9940142920965,29870.9654098671,5361.61079270823,-1003.88103802502,0
3748,2543,10.6140497585604,3710.81840099162,19.6539402353897,13.4987054362454,13.8255589038235,20.7495319933635,29830.467719161,5365.11204529932,-1024.34511765438,0
3761,2544,9.85207972759297,1823.38169401661,24.0942106884517,23.1153578873061,24.1356628444459,35.6587292003764,28782.8146174674,17086.6622825567,-1127.75492427466,0
3764,2545,8.34561762576929,2120.76229264427,23.719910352258,20.6182612995458,21.4457841134139,31.7838214432313,26403.0147368792,19977.8238554053,-1413.28905669345,0
3765,2546,8.75342442760736,2145.34330864427,23.719910352258,20.4468960325278,21.261988704279,31.5181246574994,26404.0276323449,19994.7435216118,-1431.44038220823,0
3785,2547,11.7776455112161,4902.48276741307,22.9433881076935,11.5168514382883,11.7694019858056,17.6958599904985,34521.8833086671,14446.9599109821,-888.937883075507,0
3786,2548,11.9382656874898,6095.95291959824,22.9804665867524,10.0071842016309,10.1890100201707,15.3658270273751,34512.047521944,14483.0475177755,-891.693082313067,0
3786,2549,7.6616611344004,4215.18361407113,21.7891022506197,12.6157645436775,12.9154768513231,19.3907293331487,26607.1667496553,9107.38765938482,366.147734522991,0
3788,2550,12.0354567957207,5106.90864148469,22.9529339897407,11.2148418354794,11.4526354966868,17.2295692144263,34567.361213159,14474.6741171299,-888.274034222431,0
3796,2551,7.49853229063176,3629.78596596024,23.9851689848393,14.1741824435142,14.5788425622295,21.8047873914893,27493.4004838663,22482.461769362,1162.91212098369,0
3809,2552,11.4385453347944,4512.23935498461,24.726767973023,12.30984543216,12.6158715102286,18.9242723797776,30592.4135389226,17060.5352960299,-974.506576729194,0
3810,2553,11.7409432970551,4215.73898306931,24.7393165777779,12.8823193734752,13.2196168486379,19.8090528735449,30570.495758506,17034.1580753333,-951.520084812176,0
3811,2554,11.6792892787835,4058.08374862272,24.7435436487515,13.2167219979565,13.5727274599618,20.3260057482933,30621.4339263001,17047.0615011617,-971.832950156862,0
3812,2555,8.69308838439769,2143.43070055873,22.6267881479985,20.2472835879088,21.0324828428136,31.2043828255256,26334.5748893807,10466.1679877403,-1515.37257966639,0
3813,2556,11.4509374893167,4893.03848306931,24.7393165777779,11.6679918703859,11.9403742002285,17.9326514353131,30575.4079263436,17085.838380066,-945.36618514568,0
3814,2557,8.49446384631102,2529.92092255873,22.6267881479985,17.9930142688006,18.6228065715851,27.7114537200102,26349.9780319603,10489.8570415567,-1348.54032029238,0
3815,2558,11.3843135132982,4258.79981306931,24.7393165777779,12.7949360372848,13.1274088929509,19.6739845511506,30620.8685261757,17109.5465744064,-914.803578996355,0
3816,2559,8.9339718753728,2512.89482455873,22.6267881479985,18.0788716061391,18.7143928641913,27.8444348118609,26366.5674473659,10475.786123696,-1401.32625914999,0
3817,2560,8.47190066033044,2042.77188055873,22.6267881479985,20.9624445573101,21.7989828799019,32.3130698464798,26354.1254124707,10489.0957814273,-1462.91572233585,0
3818,2561,8.02940959306256,2172.96218381495,24.5809424917144,20.4212150332947,21.2463007573791,31.4815758943435,30998.7710447769,15802.2474690785,1246.4036262681,0
3819,2562,7.88173980538131,2919.44534981495,24.5809424917144,16.5466447806704,17.1037344413122,25.4777863115203,30968.9231246228,15835.3699306972,1211.3448760783,0
3819,2563,8.30490500017093,2098.36550455873,22.6267881479985,20.5596209765043,21.3671278282569,31.6885559772092,26372.2256446382,10497.2272368428,-1418.85056028528,0
3820,2564,7.92925311543043,2647.14963291555,24.6069434915242,17.7307602772474,18.3667100361658,27.3117748751246,30951.0402835049,15813.7784353612,1236.63554051688,0
3820,2565,8.51597313784675,1629.052117199,22.783228766826,24.795082909805,25.9240406042002,38.2594781286521,26422.6778733598,10462.9221934627,-1422.58998944289,0
3829,2566,8.24919845485052,3952.83584255184,24.1397144849638,13.3951640187499,13.756392780372,20.6005467657132,25675.5362546802,22738.4124517512,-1416.92402601151,0
3831,2567,8.16657674074342,2107.98727136743,24.1269026888458,20.7885984635066,21.6342955598105,32.0495288580031,25604.2745417287,22670.5730076215,-1442.92529916759,0
3843,2568,10.1641661374297,4113.04720164228,24.2706856690669,13.0544522595735,13.3976703704455,20.07413026843,28746.6428158058,14539.592379293,-1007.80637661675,0
3858,2569,6.81047428154942,3859.84869501443,23.1959057878567,13.5179933085085,13.8782415585977,20.7882634332588,22809.003593104,18418.9628174794,1113.34968970096,0
3859,2570,6.89527817335869,3620.18378901443,23.1959057878567,14.1152607655781,14.5094424342997,21.7117211374894,22805.6847922427,18416.8845550326,1087.63847809382,0
3860,2571,6.91655249001292,3442.48274605195,23.168999320867,14.602897433527,15.0252634052238,22.4658055301501,22821.0758233671,18426.0497670868,1078.69697157629,0
3861,2572,7.08778043133442,3869.87525005195,23.168999320867,13.4917625409001,13.8503144064138,20.7476501830623,22844.4664900729,18443.2166731943,1152.25529582694,0
3861,2573,7.22924781502368,2730.93215661218,23.4228623977528,17.1716791863276,17.7567883453192,26.4421077933683,23241.1425220034,17772.5680921609,-163.077365539948,0
3862,2574,6.57835651574556,3520.17717277603,23.2488213294725,14.3918240659565,14.8025458682289,22.1395535337218,23104.8040762863,18586.8008637689,1020.21939257441,0
3864,2575,8.46218996096617,3536.31295274104,22.7265372739141,14.2892491939055,14.6891520560349,21.9795832472241,21212.1398607604,17729.205073009,-1435.05500646556,0
3865,2576,7.33096420031099,3985.99596921304,23.8291850490884,13.2904368006088,13.6432542902613,20.4379453038988,23478.7210537162,22609.5012946622,1239.21086408036,0
3865,2577,8.43793467029031,3283.01395274104,22.7265372739141,15.0301589201052,15.4735739914726,23.1255201976804,21233.3963516131,17710.8485684402,-1416.11769708255,0
3866,2578,8.78999855192815,2740.68795897827,22.687916682786,17.0202962618199,17.5870257294312,26.2053566461654,21173.2900827942,17693.2643100972,-1446.60630990645,0
3867,2579,7.41237102154855,2449.48423521304,23.8291850490884,18.6092647828016,19.2959109947323,28.6702747841338,23479.1954522621,22615.2886375164,1190.2935841531,0
3867,2580,8.50086426418304,2348.80318874104,22.7265372739141,18.9821687505962,19.6802359705046,29.2441432631809,21202.1559670869,17692.8572300962,-1437.10902510003,0
3868,2581,7.25157601904815,2268.98116521304,23.8291850490884,19.6569458825596,20.4168981586166,30.2939270430887,23474.9232440781,22618.6268422069,1165.36315225053,0
3868,2582,8.59652551573538,2487.21275097827,22.687916682786,18.2205480120623,18.8663369172668,28.0640961470808,21179.3554336697,17685.9277129778,-1386.77011185172,0
3870,2583,7.21787151084905,2870.21211108109,23.7426479499,16.629400491566,17.1828471938841,25.6034391136606,25933.6511943067,21169.1112362372,1185.9454263508,0
3870,2584,8.78003104275201,2713.91986146957,22.6967144020841,17.1386906725637,17.7131803752609,26.3886945809839,21215.2281226721,17693.6024043695,-1406.86174119894,0
3889,2585,8.73279058679949,3704.924722688,24.2916920709472,14.0101528657257,14.4079141942699,21.5518425635943,31230.909183054,16423.1641090294,-1438.12110234648,0
3890,2586,8.74055518117988,4479.08296608342,24.0145777960976,12.3110919965064,12.6120328656365,18.9247770677401,31219.4675875717,16409.3171899779,-1454.11874034495,0
3891,2587,8.90067954234541,4356.13966590389,23.9807956276811,12.5379286038744,12.8507206551399,19.2752133898854,31222.5945976435,16431.5850530925,-1425.76076119463,0
3891,2588,7.8289626783974,3703.85609256564,24.2231121370371,14.0058188376845,14.4027364657064,21.5449769061071,30057.175957785,16888.4654728894,592.426216422835,0
3892,2589,8.98373820581281,3874.27686390389,23.9807956276811,13.5619884408545,13.9313419867397,20.8581072711721,31256.9081779489,16387.0109980598,-1446.35973178829,0
3893,2590,9.01980145927264,3590.47185390389,23.9807956276811,14.2790412983465,14.6898084952778,21.9669545402037,31228.94576887,16453.3904742611,-1418.95312704673,0
3894,2591,8.61167140873084,4233.76320990389,23.9807956276811,12.7782746056024,13.1040591648575,19.6466399596322,31237.1975739642,16405.4521407443,-1418.40058191506,0
3894,2592,8.05733294373674,4106.92295465567,24.2068297818895,13.0616330141484,13.4047473249624,20.085091592102,30088.6925255098,16876.9330064747,583.463672585981,0
3894,2593,10.8684305931497,2816.08028757884,24.2303472110184,16.9209382606881,17.4986933309679,26.0563277030191,28823.1273108953,17087.1735791159,-1112.20594019048,0
3895,2594,9.00937022614358,4074.48737208342,24.0145777960976,13.1134197616755,13.4578829985825,20.1647217816954,31215.0272089692,16429.8641134091,-1380.93834685477,0
3896,2595,9.00764575405763,3257.54886390389,23.9807956276811,15.262064843887,15.7318828759256,23.4877217011055,31248.5083284788,16412.7900820079,-1407.51338922781,0
3897,2596,9.49066721983825,4070.69890008342,24.0145777960976,13.1216015308986,13.4665186088602,20.1773689102048,31202.1516160324,16429.1012677455,-1392.69149687936,0
3903,2597,9.25538854710735,3920.1521295837,23.8337009068498,13.4405231678585,13.8017901018192,20.6699782935254,31572.0979509799,17324.9367912792,-1230.05493194677,0
3904,2598,9.36790094224967,6527.8763475837,23.8337009068498,9.62795900559615,9.79777674154677,14.7821181825847,31605.6244129174,17336.9071849145,-1256.40006308025,0
3907,2599,9.7941682289933,1204.25736773421,24.1276783562824,31.7053375474981,33.4356856210199,49.0016699775128,28742.4403769878,17127.979320977,-1057.91437146627,0
3923,2600,9.81178206029604,1347.56732349056,24.2795536837751,29.1058210974551,30.6157283736181,44.962201906579,28723.8795690024,17105.4161934439,-1099.4920013237,0
3926,2601,9.6968007374862,1293.82388349055,24.2795536837751,30.036008813589,31.6252084756025,46.407757793636,28730.9591030362,17043.2722698178,-1098.95257347173,0
3944,2602,8.80084328983303,5286.17724716456,23.9597766825607,11.0370683626831,11.2727519132012,16.9569110272432,26275.0770181655,23481.1564223973,-1438.34603540224,0
3945,2603,8.22750239526383,5206.98386051589,23.9632130594421,11.146423281246,11.3874840041587,17.1257600357926,26269.4736885165,23477.5479270569,-1311.02839458556,0
3946,2604,8.65537448895406,5180.15619251589,23.9632130594421,11.184052561043,11.4269655546559,17.1838618910562,26269.5819047314,23470.5444791519,-1344.32956415262,0
3947,2605,8.58974341093572,5292.01413716455,23.9597766825607,11.0291401282593,11.2644370226613,16.944670346921,26264.4093764205,23471.3076610091,-1353.54274368969,0
3948,2606,8.4040834882931,5389.83160316456,23.9597766825607,10.8985247006852,11.1274827458458,16.7430171335032,26273.7777146992,23471.2856918742,-1392.71442133753,0
3949,2607,8.40758818742923,5952.15538316456,23.9597766825607,10.2213476972193,10.4184043905138,15.6978076832258,26263.1153965867,23460.7930010366,-1426.00226925383,0
3950,2608,8.73396400454592,5516.43137359438,23.9580367783078,10.7354179619503,10.9565329746992,16.4912214353523,26245.6301772636,23455.3662398589,-1456.01240808387,0
3951,2609,8.41579016523212,4193.63442874484,23.970078361993,12.8588342468002,13.1889297343969,19.7711232432429,26254.0844915847,23474.3715155555,-1369.08790803726,0
3951,2610,10.2722795623992,3542.99606436996,24.0654678529337,14.4182451372015,14.8379819062838,22.1824746915947,28683.1625911031,17049.8441493627,-1077.78713944107,0
3952,2611,8.55948552041984,4293.63246874484,23.970078361993,12.6582276690153,12.9774191026948,19.4610929357945,26260.5469226293,23487.4206940126,-1291.9777009779,0
3952,2612,9.13093016628611,4015.13854415032,24.3384842938542,13.273747670851,13.6297491571804,20.413280962198,30329.6822056054,18039.1704770609,-1304.98734926134,0
3952,2613,10.1282215940038,3161.47686293696,22.9677203564849,15.4538242696456,15.9252530566977,23.7816495291516,29996.0496857802,9882.07895829077,-1101.12357021454,0
3953,2614,8.4756112463736,3974.46792172035,23.9746349513052,13.3302638712567,13.6864966016735,20.49984128401,26299.422857796,23454.9714702131,-1314.24515050268,0
3954,2615,8.49366027849488,4109.03256274484,23.970078361993,13.0353309589302,13.3751205321214,20.0439201354432,26274.2009100489,23441.9358821679,-1394.49176839553,0
3954,2616,10.3672128966239,2885.71134293696,22.9677203564849,16.4595966987187,16.9936331810169,25.3382112725866,30034.0880621624,9873.2002300287,-1125.05428241817,0
3955,2617,8.42424408732964,3849.24417414478,23.9859009368395,13.6219225004049,13.9947247459198,20.9507855891377,26287.5940674945,23468.0039102935,-1372.21409934408,0
3956,2618,8.42834248456483,3627.45609874484,23.970078361993,14.1787660096979,14.5835606506845,21.8118395093358,26265.2079622182,23462.827191445,-1346.15753785798,0
3957,2619,8.58691682835099,3757.89407074484,23.970078361993,13.843190121816,14.2285203597648,21.292883721311,26271.8138171681,23471.4207953671,-1400.85250122391,0
3958,2620,8.64140053099035,3074.92014414478,23.9859009368395,15.8830619817643,16.3915232195139,24.4487908474095,26323.2185740617,23500.7690030699,-1480.0793828402,0
3959,2621,8.88253302739979,2662.64644111211,23.9881877119343,17.5650760840694,18.1827486194275,27.0531637829847,25695.0431542395,24303.8403177851,-1307.92623397825,0
3960,2622,8.7722246012028,2803.19413001165,24.0145027385892,16.9449154646035,17.5218607848308,26.092801364649,25699.535563936,24333.1483170747,-1281.15503018509,0
3978,2623,8.00144151238794,3891.92818579848,23.7474700220059,13.4975765293395,13.8613388354594,20.7579849905031,31813.3839256252,15025.1807743879,-1499.29737344041,0
4003,2624,10.2302756997788,3041.50007231994,22.6880282842192,15.8342424710458,16.3260836204683,24.3694954297371,20808.3407577002,19706.6288745491,-1106.4515278431,0
4004,2625,10.8341116996465,3153.26052247011,22.6508567598217,15.4413793921868,15.9087821444998,23.7614937456717,20776.6881459572,19693.0774304224,-987.471135720185,0
4010,2626,10.9962137634093,2751.64638009891,23.9491292347882,17.1575845221216,17.7477668092277,26.4219334415046,30565.3775996606,12040.7948861471,-1086.18524359739,0
4023,2627,9.43745876254983,4138.90815151551,22.9980720545468,12.8826032170688,13.2062914173269,19.8057334988861,25572.0171156158,9177.92514313934,-1268.14687636749,0
4024,2628,9.11449831847995,3747.15371551551,22.9980720545468,13.7697914613488,14.1424844932897,21.177065191851,25542.5272037981,9196.36458929286,-1280.55981020947,0
4032,2629,8.98785209607302,3358.10126754218,24.1185716737195,14.9625859400768,15.4154476727522,23.0247038316558,22253.7097060656,21988.4989264528,-1350.5897826166,0
4033,2630,8.65464107451491,4118.85728154218,24.1185716737195,13.0281527343737,13.3687182063717,20.0331480422086,22234.160605349,22007.0937772273,-1261.68351576027,0
4034,2631,8.87035610403274,3565.56416154218,24.1185716737195,14.361736550887,14.7786080247887,22.0951999638293,22278.9007318818,21969.0558479878,-1402.30009432889,0
4035,2632,8.98687558168839,4538.58473754218,24.1185716737195,12.2124450627776,12.5089238315381,18.7725697619776,22260.9797895812,21990.0975365739,-1390.84461433539,0
4036,2633,8.63675635574708,4152.22667154218,24.1185716737195,12.957945075098,13.2946362778407,19.9246287037016,22243.6657832025,21996.4928885578,-1331.27737299737,0
4037,2634,8.94102608123219,3827.95989954218,24.1185716737195,13.6862385523146,14.0638249263244,21.0505385475546,22263.174711719,21977.2764935702,-1355.71699814696,0
4038,2635,8.68312687455898,3714.19560954218,24.1185716737195,13.9685839379408,14.3624358202901,21.4871448011526,22246.9832946418,21994.5861088226,-1380.26941171572,0
4039,2636,8.69941617264652,3453.05535354218,24.1185716737195,14.6795088908209,15.1152945957172,22.5867554920827,22258.4947262782,21971.3157509578,-1353.31587629754,0
4039,2637,7.275396982057,1694.26123083561,23.1924846992398,24.1858879678689,25.2743494824596,37.3159484092031,24061.5411197657,17032.5744085492,1175.0912805144,0
4040,2638,8.8058142051737,3536.86170787645,24.3119390076812,14.4621060410606,14.8866629076785,22.2509310451639,22244.3420631525,21975.6024214705,-1426.20021816369,0
4041,2639,8.30496433955019,3509.92390987645,24.3119390076812,14.5378089260321,14.9668793926661,22.3680363900168,22242.5178145449,21995.6374311429,-1314.01664369812,0
4041,2640,8.83789033509646,2072.55453576966,22.582202276878,20.7350580684325,21.554508886419,31.9603502870108,22063.091772378,16431.0259881012,-1264.87176849839,0
4042,2641,9.21323437937444,3781.15207387645,24.3119390076812,13.8200753223222,14.2069842206705,21.2579422040801,22224.6955798119,21998.9814089498,-1311.74087750311,0
4043,2642,8.61886596849265,4042.97513587645,24.3119390076812,13.2097486714729,13.5619486194198,20.3142839894945,22235.2213543294,22007.2608332869,-1354.99210885773,0
4044,2643,8.86431789804466,4218.83071987646,24.3119390076812,12.8380351102129,13.1696312225164,19.7397046571372,22233.0752714954,21984.4402581791,-1343.07637712227,0
4045,2644,9.08137948030168,3935.62041187645,24.3119390076812,13.4512040145258,13.8170066261212,20.6875755534265,22252.7577108474,21971.7754116522,-1386.9404539675,0
4046,2645,9.04706839067345,4214.33741587645,24.3119390076812,12.8471877986855,13.1792862619325,19.7538511390314,22266.6488696441,21949.3705084706,-1312.3905607319,0
4046,2646,8.87596119123106,3159.74942717861,24.1185488802613,15.6032443277756,16.095519901756,24.0160767411758,26533.4681463534,18648.0907629046,-1326.87271717779,0
4047,2647,9.10625058956811,4240.23999187645,24.3119390076812,12.7946627659132,13.123881809808,19.6726688957909,22245.9548817758,21992.4500419394,-1417.21023665245,0
4047,2648,9.26271963537428,2948.05754117861,24.1185488802613,16.3726057779324,16.9135680948931,25.2069807877117,26556.6129180803,18622.4767573713,-1347.30225227473,0
4048,2649,7.08690358805726,3904.07005203016,24.5184798204001,13.5444637885647,13.9172602988131,20.8322353669212,25168.6989986004,21113.0365022332,1055.09981523519,0
4048,2650,8.79607503178699,4532.43690787645,24.3119390076812,12.2393467158576,12.5386416584398,18.8145190172796,22249.7484794094,21982.9530145386,-1362.0447009649,0
4048,2651,8.77808645928555,3066.13642577433,24.1273004099511,15.9326910212248,16.445727058366,24.5260072793129,26602.9386569319,18638.2740552775,-1285.23511191613,0
4049,2652,9.10981322111006,4673.05089187645,24.3119390076812,11.994202265198,12.2805945939135,18.4357726126156,22274.9113781084,21980.7440515987,-1397.1263340085,0
4049,2653,9.30113642461188,2751.40941317861,24.1185488802613,17.1831471938117,17.7769236336895,26.4620465981941,26550.32845621,18655.5812325908,-1288.54119964141,0
4050,2654,8.90101605565215,4867.83369182183,24.54929882631,11.6934283689907,11.9658520353906,17.9715925209074,22236.6781284386,21971.074040835,-1425.14345007287,0
4050,2655,8.73346886127648,3300.65186460327,24.2987916752998,15.1621650565974,15.6289168768649,23.3339823211181,26527.9437773199,18654.3625880365,-1372.49662636688,0
4051,2656,8.83235988188676,4508.63368382183,24.54929882631,12.3017844622516,12.6061078646667,18.911465529464,22264.4703119026,21980.6577269184,-1400.05151173393,0
4051,2657,9.12122971050443,2687.75638860327,24.2987916752998,17.4953343505529,18.1119145118757,26.946124439515,26558.6584318499,18664.9569442876,-1336.5796598047,0
4052,2658,8.36017313773599,4830.47759582184,24.54929882631,11.7529524055876,12.0284444894832,18.0635390749488,22212.6972903308,21971.3304355048,-1327.02506472815,0
4052,2659,9.05348682970937,2531.41584060327,24.2987916752998,18.253885278074,18.9218567180242,28.1212287622919,26600.9192043467,18642.573786881,-1307.69712016127,0
4053,2660,8.97545487697784,4180.33615382184,24.54929882631,12.9383450978862,13.2772922664605,19.8952536445401,22261.4454524416,21943.1457124357,-1398.22609174968,0
4053,2661,8.65736145886361,3356.71000450407,24.7813447021863,15.0430192221471,15.5069972348048,23.1508677845173,25342.2259282879,23563.2900774435,-1314.68723541706,0
4053,2662,9.00818699809331,2733.36934272354,24.3053371794233,17.2899850663188,17.8929419582177,26.6280886674197,26616.1680227883,18622.3446954144,-1278.03247162442,0
4054,2663,8.71930256894627,3244.53158650407,24.7813447021863,15.3998919941551,15.8859588919917,23.7031395426507,25383.0508053674,23554.7372688733,-1278.98234044143,0
4054,2664,8.97109355613793,3738.05407382183,24.54929882631,13.952039046869,14.3486164249542,21.4625743923409,22258.1803573353,21958.6942908727,-1319.12281586601,0
4054,2665,9.21546352191821,2351.85988860327,24.2987916752998,19.238673005978,19.9751519990851,29.6473012754061,26571.916365541,18648.227156666,-1282.79225754529,0
4055,2666,8.91799776356375,3108.19064650407,24.7813447021863,15.8649347576032,16.3802695580184,24.4229406879575,25401.1142353112,23525.6624380901,-1335.41758757357,0
4055,2667,8.58740026886642,2496.67794672354,24.3053371794233,18.4352862463677,19.1158078354332,28.4023168162659,26610.0549254798,18679.6654131058,-1350.35507124561,0
4056,2668,8.78818738188181,3190.12736650407,24.7813447021863,15.5811345806997,16.0785438472072,23.9836522402468,25361.2847457563,23577.463451053,-1255.41479948517,0
4056,2669,9.05463496204163,2682.93269460327,24.2987916752998,17.5175259996791,18.135591936666,26.9804976037362,26566.6477718761,18622.2924958089,-1287.80932466491,0
4057,2670,8.74685279132118,3227.24117650407,24.7813447021863,15.4568929422139,15.9465180886751,23.791358569291,25363.3854470451,23558.4398004407,-1318.26429771389,0
4057,2671,9.28565426196059,2434.17105060327,24.2987916752998,18.770640740486,19.4743158185716,28.9219490530663,26576.6945908399,18644.0252246999,-1252.4304830397,0
4058,2672,8.03247964848695,3713.61930850407,24.7813447021863,14.038050870636,14.441631924517,21.5961436904582,25383.0640491121,23550.1786949597,-1211.56489512292,0
4058,2673,9.46071871568405,2630.44473660327,24.2987916752998,17.7638090186198,18.3984364766359,27.3619911145239,26563.9443516545,18652.1423048749,-1287.90373236513,0
4059,2674,8.48576251851404,3721.32840850407,24.7813447021863,14.0182659266592,14.4206855546462,21.565543207756,25371.7839135407,23572.5113531481,-1301.13910213481,0
4060,2675,8.29266112601246,3282.87604351993,24.822071048092,15.2801988047779,15.7592062975631,23.5180067807981,25313.2208099237,23540.6236453897,-1354.66302515335,0
4061,2676,8.47314451362117,2954.28162820173,24.8472083580427,16.4452303501455,16.9985136724884,25.3215249418846,25094.9221256791,23551.9389098623,-1393.16650590512,0
4062,2677,8.49864091163755,2825.84802220173,24.8472083580427,16.9658865423023,17.5533099668173,26.1277832068758,25050.7661586335,23529.4968084043,-1230.1033946269,0
4063,2678,8.75517474560492,2775.56266420173,24.8472083580427,17.1816921266422,17.7834486346885,26.4620176389777,25071.1131502131,23571.3814484007,-1370.43237480848,0
4065,2679,10.4452840988485,5508.83012960546,23.5859742148473,10.720196405937,10.9383133556115,16.4670967759296,32547.6973003723,16984.5100460747,-1100.79796138677,0
4065,2680,10.5716255139145,5495.46351007548,23.8438549455726,10.7543345097808,10.9756558511128,16.5202294443568,31628.4819912466,17629.3889761869,87.1310750509012,0
4067,2681,8.63482104529088,3098.11140820173,24.8472083580427,15.90902625414,16.427819594894,24.491374533409,25071.8840129372,23551.5775796249,-1392.83523561144,0
4068,2682,8.37808983578649,2722.10556220173,24.8472083580427,17.4190907139208,18.036735231679,26.8297281222504,25059.9175016053,23582.7598733006,-1322.46628915507,0
4077,2683,8.87748680524111,2739.94408682767,23.7132732945571,17.1746189120582,17.7632480513492,26.4475764919878,30760.2323918122,14428.2369022247,-1335.87773399658,0
4087,2684,7.41425737333683,3109.89404852777,23.8170649447547,15.7378240507808,16.235459611347,24.2235249502595,23275.8659789946,17852.1172909256,1172.88124246065,0
4103,2685,7.26425052972977,2316.00340291793,22.9801875923823,19.2187086992606,19.9365223366871,29.6116031161968,23702.1972549078,15833.4596424385,1194.41294003378,0
4104,2686,7.54433909740308,2305.86910726672,23.0269354644673,19.2873837214272,20.0106016820192,29.7181978188903,23623.4767852305,15904.3690016053,1080.72407252457,0
4105,2687,7.56342720864881,1684.29538726672,23.0269354644673,24.2498603276908,25.3404481514221,37.4144421884243,23598.0040932016,15922.6067016734,1077.92796009718,0
4106,2688,7.12663026879071,1886.00949526672,23.0269354644673,22.3068640717339,23.2487438886601,34.3997146523997,23614.9806924385,15903.2204080271,1101.77280505806,0
4107,2689,7.42918862862081,1950.34744126672,23.0269354644673,21.7662584903107,22.6678175616624,33.5612130946167,23584.2028591311,15896.4085331594,1114.64241160916,0
4107,2690,8.64519403089751,1979.80322870737,23.9799018462453,21.731671372128,22.6450967647728,33.5115523403958,27440.5681344083,16733.318231092,-1176.11924888397,0
4108,2691,6.77801602303351,2234.32865926672,23.0269354644673,19.7274806162535,20.4815318000724,30.4002525243188,23633.2974910285,15887.4685653065,1102.21866964837,0
4109,2692,9.66080791355291,1927.55732201382,23.9570622164263,22.1572039059381,23.102268360511,34.1715443315286,27364.5411265251,16717.7743855607,-1116.89419651082,0
4110,2693,7.58338590464489,2366.41531066124,22.9558255639106,18.9216843862926,19.6186341604968,29.1512653063171,23590.3758272929,15912.6273518333,1109.88556139246,0
4110,2694,9.55380720014234,2372.47534985183,23.8937458197571,19.0493661673638,19.7673699624806,29.3524803920174,27362.4687853759,16738.4828506772,-1131.02116002256,0
4111,2695,9.61007815918844,2596.15606387279,23.920903511339,17.8712674870405,18.508708273243,27.5272292486305,27428.3611402827,16726.1145891629,-1161.79389393809,0
4112,2696,9.93467261774906,2136.70904585183,23.8937458197571,20.5403039777924,21.3646062138792,31.6636220233213,27366.5913168421,16718.3527789161,-1088.16971213594,0
4114,2697,9.14478529117757,1862.93823709126,24.0942807639056,22.7514291144106,23.7437770813304,35.0940331346151,26759.4038955849,18105.7525218438,-1258.76652293221,0
4125,2698,7.75756458678204,3578.17807739693,24.3074417900705,14.3475091728568,14.7652230745034,22.0736574081277,27504.3161755106,23463.9754485049,1223.10599480465,0
4127,2699,6.99575694853993,1996.63629631069,23.8127316323357,21.5625587308245,22.4608856733017,33.2485659857254,22714.0854626571,19997.1015430235,1087.8514430852,0
4132,2700,11.486986428038,4923.83986740434,23.6815417591082,11.5404283398544,11.7992193982083,17.7336672071418,32977.7762346094,17362.7953293065,-986.019814238753,0
4133,2701,8.78661420235353,6435.19022546539,23.8921563184033,9.71934330487187,9.89346946614578,14.9231697715292,31445.1699583386,16697.752804558,-1219.14902296292,0
4133,2702,12.0304520086071,6259.8560140801,23.6374385219178,9.87757275749505,10.0573168491197,15.1668869120544,32993.7253437676,17260.4557188807,-893.993930236471,0
4134,2703,8.75752481144054,5639.89193210715,23.8808033512286,10.577664714246,10.7908328825089,16.2475900883453,31474.5429699998,16698.8009417031,-1148.26922725231,0
4134,2704,3.2809039295966,6513.08964241029,23.7688994938549,9.63828332210483,9.80821076889316,14.797949405383,32144.3853552402,16944.9217408344,-152.440063083411,0
4135,2705,8.30755804148257,3661.1519799464,23.6798283468681,14.0594680345012,14.4547537852057,21.6266359927225,31865.7828577529,14892.5382816606,-1495.3601744891,0
4135,2706,11.5093604041179,5027.85267826564,23.672432729783,11.3829005519375,11.6337551288704,17.4903848340143,33005.0639924282,17363.6502176796,-922.104928546209,0
4137,2707,10.7651367085834,4109.054877086,23.6552867818199,13.0061631965371,13.3418453283423,19.9981468703956,32982.5992983475,17420.1713298521,-891.638531088296,0
4138,2708,11.1798956920942,4170.4476280801,23.6374385219178,12.8763025837091,13.2047471064061,19.7974026373491,33012.6223056108,17400.0335932117,-929.348712146725,0
4139,2709,11.3572211999556,4455.0525781693,23.6194126334838,12.3217228645934,12.6203108563583,18.9403979718975,33001.5994039306,17378.2027037073,-973.632885459183,0
4140,2710,6.66317731051254,2518.64677883253,23.6225421513246,18.2113350041088,18.8681915443999,28.0530444838665,23261.7899849144,18449.801279453,1077.17012577833,0
4141,2711,10.9355895201935,3862.22403309494,23.6566059764239,13.5583726458451,13.9248017028778,20.8517671220916,33014.7430353723,17372.0451723977,-950.647589582064,0
4142,2712,6.98192129903747,2357.28338373231,23.9222135553049,19.1420427066188,19.866896443434,29.4962072806643,24466.3317590407,19262.7798219158,1127.75276050316,0
4142,2713,11.4967856879805,3723.01837415528,23.684324492464,13.9013273864784,14.2875307112089,21.3821020697011,33018.2222849101,17420.3014289744,-975.491475378871,0
4148,2714,11.9654322079711,5227.97991338991,22.7387589449311,11.0300117570297,11.2574803785699,16.943840973949,31777.7424369744,10676.458396441,-868.621693613115,0
4151,2715,12.0459344441277,5201.82644572958,22.6007900255745,11.0559493654057,11.2837445534969,16.9836276549301,31799.3292955932,10707.4292816221,-888.891088735367,0
4153,2716,9.7643662487894,5787.59053305659,22.6244927872125,10.3225865270741,10.5164453195659,15.8518645096265,31745.3438876513,10431.8361184034,-1146.93482184015,0
4154,2717,8.95334276164346,2861.90395205089,23.8564173817112,16.6788945558269,17.2367834364514,25.680412399703,29235.0551757178,15846.7648918885,-1212.06543158538,0
4155,2718,9.48022322895587,2678.64763205089,23.8564173817112,17.4713373548152,18.0812331477697,26.9075563224826,29212.2878441594,15808.3562852488,-1222.81505434223,0
4159,2719,9.01602496873667,4200.2259071855,23.4004537994145,12.7938289553541,13.1159344930697,19.6694305491925,21765.8846437151,19233.2953039042,-1355.3759314847,0
4160,2720,9.09805717567,4262.26249838131,23.2676933774942,12.6576955007286,12.97144501977,19.4587771000045,21785.1910258505,19209.3324727224,-1405.8072333616,0
4167,2721,7.01450118533083,1429.7356478764,22.8288773995589,27.3671909056518,28.7034777838218,42.2532671089985,23050.7481075429,16419.1057558504,1215.88596543996,0
4168,2722,9.12752445425998,5546.97236259534,23.2998071291555,10.6533987183254,10.8666065387592,16.3635086545801,32212.4384808637,13688.3851064251,-1407.05860469059,0
4169,2723,8.63745475083224,38861.9581425953,23.2998071291555,3.35662472703664,3.34497114706463,5.1338772925189,32215.1538919558,13717.9029115953,-1345.03534946409,0
4179,2724,7.38261432969697,3138.58797077024,23.4702448684597,15.5947166641695,16.0799330826721,24.0010808050814,24183.544866193,18553.1835454431,1122.4683365078,0
4180,2725,7.11949137949346,3128.69902571641,23.5605701835983,15.6400923665622,16.1290368720305,24.0715544173789,24144.5458079923,18528.0867579282,1134.08423771859,0
4180,2726,8.90796519831858,1935.91004117725,24.0127452658844,22.0989713997572,23.040484591744,34.0814417068666,28934.8508311225,21276.510175208,-1382.74576206959,0
4181,2727,6.90687385297604,3535.85483408563,23.5864426731565,14.3856522116979,14.7991187703567,22.130864064097,24153.2352977748,18548.149152924,1075.52346286523,0
4182,2728,7.15709452977465,2663.36092208564,23.5864426731565,17.5011878460227,18.1099227999809,26.9529222270216,24162.0910180901,18556.731672508,1066.51358866258,0
4183,2729,7.13996217303972,3421.81121748084,23.5220147300633,14.703328271843,15.1349783972662,22.6220710645042,24042.7041429779,18277.1587181303,1094.7024775606,0
4183,2730,8.52927859877943,2146.50062717725,24.0127452658844,20.4952253603343,21.3179100040536,31.5941844909276,28959.5618894699,21269.0321718525,-1398.62228614345,0
4184,2731,8.39207961391776,2135.39952317725,24.0127452658844,20.5724192282186,21.4007209229034,31.7138762335541,28945.377469246,21281.7462301882,-1278.44744429885,0
4185,2732,7.26031456716073,2458.39535329331,23.4492739587135,18.4983663596244,19.1726310759356,28.4971359550673,26268.3722581685,16044.8490355698,1204.76056190444,0
4186,2733,7.71023168924692,2109.87795529331,23.4492739587135,20.6420247373318,21.4674206578519,31.8196042997915,26298.1949195676,15997.3671666773,1197.74780672065,0
4186,2734,8.89992818289124,1910.63425625333,24.0236718082194,22.3158845271256,23.2739674844234,34.4179917036662,28964.1903769188,21263.0438844073,-1243.85936382749,0
4187,2735,8.01577007805964,3042.56565544939,23.8942856339546,15.9881335447131,16.5022726275297,24.6111648871766,30267.0540779332,15568.48036035,1257.03952831734,0
4189,2736,7.68805865635566,3506.49929344939,23.8942856339546,14.5015588854339,14.9246780442127,22.3109166259012,30269.5464735038,15582.9833544182,1264.1109352164,0
4198,2737,10.6595176910027,4543.33279108343,24.0638525714291,12.1994831361247,12.4948832979206,18.7524342920512,32331.5115597953,17699.2300671749,-1048.4019380399,0
4199,2738,10.5777512454947,4052.00116274779,24.0993393850228,13.1701160100978,13.5184066672149,20.2525493000162,32293.4998376226,17698.3207561403,-1063.55268560856,0
4200,2739,10.7663936715689,4060.76171500681,24.4086719932288,13.1798374372935,13.5311311387486,20.2682557547647,32328.1719935801,17700.6898760443,-1033.1345861214,0
4201,2740,10.321445168916,4024.77123100681,24.4086719932288,13.2589604486379,13.6146919909617,20.3905750757489,32322.5248770843,17721.6447428954,-1083.79618570696,0
4202,2741,10.7250253987929,4269.41401300681,24.4086719932288,12.7446835285515,13.0719038175899,19.5956258121079,32305.4366790669,17680.678784061,-1089.39249670057,0
4203,2742,10.2351231343494,4130.73831700681,24.4086719932288,13.0295286977419,13.3724429462066,20.0359016430529,32313.7609430545,17701.8746250118,-1078.11362844603,0
4203,2743,5.08277593269471,2565.10714378648,24.1552157037566,18.0608263576812,18.7138949402101,27.8216504077045,33368.9041545787,17720.9064320093,660.571780038678,0
4204,2744,10.4465751110287,4332.21013900681,24.4086719932288,12.621055917476,12.9415413936519,19.4045596493475,32299.7683003103,17713.0946647752,-1070.40738029417,0
4205,2745,10.7324838898928,4606.08142300681,24.4086719932288,12.1171071874347,12.4106295274243,18.6258423557911,32305.9266945065,17696.8834316535,-1068.95407423236,0
4206,2746,10.5896915704395,3923.29744900681,24.4086719932288,13.4890191356853,13.8577583498646,20.7462602203436,32297.0621021928,17692.5605552824,-1089.4487453277,0
4215,2747,8.44255887634361,2258.79508327268,23.3498377456058,19.633298837614,20.3851293222445,30.255497512653,21430.1225760069,18949.587008471,-1468.02325787282,0
4216,2748,8.83223641297785,2735.12935927268,23.3498377456058,17.1424536850663,17.7248091885727,26.3966202474311,21440.1401788862,18955.999820609,-1404.65783617686,0
4217,2749,8.70623681240133,3830.10789727267,23.3498377456058,13.6040111187717,13.970406411276,20.921606319825,21447.3034669234,18962.842615491,-1424.4395222609,0
4218,2750,8.73741281042274,3785.76955927267,23.3498377456058,13.7111189984458,14.0835652994386,21.0872004588363,21443.102991828,18935.965507116,-1467.79242016251,0
4220,2751,9.29968634592741,3861.93148906307,23.7811155375597,13.5714299145758,13.9396459057391,20.8722435944371,21943.7138276119,22708.6699841715,-1155.15669524851,0
4221,2752,9.48785387265014,4348.04530906307,23.7811155375597,12.5361338404577,12.8473243786597,19.2720246998644,21974.1227566187,22690.4770005216,-1202.27661274572,0
4222,2753,9.71148634805317,4333.23154494716,23.7766293144953,12.5642230653907,12.8768841512225,19.3154201223422,21990.0324263601,22676.6134869941,-1193.06173806166,0
4231,2754,7.66528071950919,1571.18858348679,23.9636801518958,25.800957602272,27.0311814358692,39.826908595139,27456.2721962697,21929.0241995502,1208.36124857817,0
4235,2755,10.2769545054368,2944.19912606092,24.3245676908079,16.4151061792606,16.9609783888233,25.2733792187908,27773.3822717342,17026.6051371432,-1087.57590569,0
4236,2756,10.3944670147774,2813.12240006092,24.3245676908079,16.946666608557,17.5271441993902,26.0964543442332,27756.6031907627,17022.7541894266,-1113.29994417807,0
4237,2757,9.0881750245262,4938.01466413257,25.3652710802806,11.6441248519328,11.9193831559699,17.896917703285,30548.8279792718,17966.1396377277,-1402.10366286344,0
4237,2758,11.0413604728334,3135.68672495208,24.2529970449296,15.7026945283098,16.2025281367027,24.1703653051426,27777.980204088,17062.1368494694,-1097.47756360147,0
4238,2759,10.4312961125772,3231.02169806092,24.3245676908079,15.3896620931498,15.8706899222798,23.6860948253595,27776.8291995961,17068.7260579248,-1058.1800078186,0
4239,2760,10.2300244741088,3032.63351606092,24.3245676908079,16.0801784996552,16.6045888061252,24.754867098743,27790.38224769,17085.5482796602,-1085.908032366,0
4240,2761,10.5280996315674,3062.10612067601,24.3694489977737,15.978198743053,16.4965847839504,24.5971296153914,27798.0484665313,17054.0692657587,-1067.65735360075,0
4242,2762,9.00709339295587,2577.30499113236,25.4038745341237,18.1926428545785,18.869370194761,28.0299107378688,30251.164490514,19081.742428855,-1399.98466232627,0
4243,2763,8.4280073984178,2463.14423313236,25.4038745341237,18.7918697889409,19.5104802258252,28.9585551109236,30208.6394705689,19124.9137826591,-1326.63726604686,0
4244,2764,9.19461867365533,5849.88617410834,25.505311553755,10.43097951838,10.6465386766272,16.0237555730502,30385.7110009663,17173.7240368073,-1338.597405432,0
4244,2765,8.42110971317343,4863.70345152298,25.4631597941973,11.7686832779174,12.0510774922012,18.0895198139545,30259.0999994541,19061.1777906843,-1310.49118457635,0
4245,2766,9.03543390375263,6201.72949810834,25.505311553755,10.0444717609074,10.2418176243949,15.4271869901013,30406.4365144701,17147.7697083489,-1270.75194408484,0
4245,2767,8.13678310425287,5026.81645113237,25.4038745341237,11.5108337926393,11.7794479051826,17.6910861837433,30241.7709085257,19051.3415346895,-1245.71275647878,0
4246,2768,8.93514315057462,6023.01053410834,25.505311553755,10.2358536638155,10.4421493920432,15.7225631282262,30381.9379970268,17160.6827313002,-1268.44612527918,0
4246,2769,8.49031812671513,4967.20362552298,25.4631597941973,11.606067590926,11.8799839932581,17.8383019477137,30258.194159835,19095.1883120876,-1239.89656909485,0
4247,2770,9.11065790323735,6297.21220810834,25.505311553755,9.946129474242,10.138929395646,15.2754214073225,30397.2990227414,17173.2023483831,-1262.11256020034,0
4247,2771,8.29121165601776,4851.35733513237,25.4038745341237,11.7840497580398,12.0668593480011,18.1131523450633,30250.9274668302,19086.9891958527,-1249.31366271964,0
4248,2772,8.91352235522447,6473.04576610834,25.505311553755,9.77168345835407,9.95650905348839,15.0062341884954,30386.4664868372,17158.3342578872,-1260.56375111515,0
4248,2773,8.07619614377194,5209.58819913236,25.4038745341237,11.2436167292687,11.4985879046355,17.2783530995635,30241.9923269529,19067.7268999668,-1324.3959942619,0
4249,2774,9.05722017492933,6586.58979610834,25.505311553755,9.66336748766302,9.8432999405693,14.8391080464339,30398.024615379,17177.8697584347,-1273.90739945866,0
4249,2775,8.17614632155081,5270.64427113237,25.4038745341237,11.1580076059148,11.4086591066233,17.1461385795266,30210.0606366972,19089.9962809151,-1226.94594522095,0
4250,2776,8.99391064303217,6506.21749312102,25.7673740735798,9.7538057907931,9.9391405509981,14.9790140845434,30401.7522499501,17198.6331158646,-1242.17781878788,0
4250,2777,8.09873527140285,5632.5186236967,25.63319402266,10.6989083262112,10.9281454467464,16.4375894699125,30250.3780390518,19117.6912128402,-1291.45882581623,0
4250,2778,11.9456755178558,7275.87530122854,26.1827045950546,9.101677961007,9.26004209628178,13.9735008680998,30977.7134358108,18291.0847374065,91.5745376878239,0
4251,2779,9.16602254688519,5367.64950112102,25.7673740735798,11.0498006245675,11.2972090082297,16.9796361580636,30383.4377593141,17171.9804986745,-1232.71692896719,0
4251,2780,8.30280253681303,4596.6358436967,25.63319402266,12.2316524839523,12.5398265914603,18.8051930663076,30212.690679757,19063.0825481206,-1326.20003523613,0
4252,2781,9.14190125857271,2255.4262256967,25.63319402266,20.0655784203874,20.8785125601184,30.9339338962565,30227.6726256162,19095.5241171336,-1317.03454783582,0
4253,2782,8.84228646013826,2553.1076156967,25.63319402266,18.3508729996345,19.041238516541,28.2758363022178,30215.7137510942,19092.7433957385,-1343.52629076694,0
4255,2783,9.21737548513208,7625.68429168552,24.5333712158587,8.75991887504799,8.89654956330663,13.4444379116241,33015.6931360544,13716.0725029074,-1360.43946593487,0
4256,2784,8.86902311163071,6137.76696158118,24.6646461946403,10.0631448334962,10.2568565976539,15.4547602894041,32950.0329342018,13798.2490107411,-1387.88825431426,0
4257,2785,9.13869612427922,5862.79437758118,24.6646461946403,10.3648308617252,10.5725431444251,15.9203487583759,32941.2890843962,13813.4408752876,-1408.39462112945,0
4258,2786,8.78487226391303,6244.04241158118,24.6646461946403,9.95278957723738,10.1414639322103,15.2844733333402,32921.6709295519,13843.5601115286,-1376.37738782819,0
4258,2787,8.45013716780827,5078.01400837488,26.0110478712721,11.4773153816866,11.7480272727369,17.6403665154225,32401.4662886962,16196.1178998639,-1239.50659758757,0
4259,2788,8.87505507086697,6474.61057958118,24.6646461946403,9.72428130069184,9.90267018041477,14.9319066918759,32927.7234569718,13838.8078424869,-1328.14055710979,0
4259,2789,8.96645931760938,6067.33382437488,26.0110478712721,10.2168442147987,10.4249526579192,15.6939710957982,32384.6967866584,16193.0095749555,-1284.56371656605,0
4260,2790,9.01680100815353,5001.12602852527,24.6535919660126,11.4951105183064,11.758077266604,17.6654630559953,32941.0052186919,13850.835780779,-1368.84987491663,0
4261,2791,9.12151738721758,4733.31189452527,24.6535919660126,11.9198004678817,12.2046715781941,18.3214832778023,32939.2528723441,13831.642683733,-1351.47111022045,0
4261,2792,9.56745027006149,5416.26891577695,25.8823743857086,10.9923106643069,11.2375180055595,16.8910420340679,32006.796987562,16075.3202113221,-1400.49001845691,0
4262,2793,9.26867777411235,5819.17166852527,24.6535919660126,10.414295318854,10.6242718525887,15.9966779462594,32919.6446391888,13836.5579636409,-1360.04085934374,0
4262,2794,8.66826767844761,7172.49242973604,25.7507769048179,9.16415153985984,9.3232531191595,14.0693176964034,31649.2406279006,15934.3908526414,1237.02045956921,0
4263,2795,8.96623437933344,5787.67448852527,24.6535919660126,10.4509117074792,10.6626163496901,16.0531954853603,32884.0744199331,13872.6048178905,-1309.19103444651,0
4264,2796,8.86138770537888,5559.96970052527,24.6535919660126,10.7264106044926,10.9512712465624,16.4784712578083,32917.8000941797,13839.2869410204,-1413.89308168849,0
4266,2797,10.8714539413145,5680.77139856225,26.2242596247405,10.6764954655534,10.9079838299342,16.4039094507021,32350.2859835161,16918.8175050138,898.424223488372,0
4267,2798,7.03145588189576,3699.05342002789,23.8001309370389,13.9742713465594,14.3656872901124,21.4951778497932,23623.7365439447,20300.2962653,1069.59550581106,0
4267,2799,10.5665885992637,5562.42570056225,26.2242596247405,10.8243336411101,11.0631397904279,16.632191531392,32329.4003160369,16922.7689062109,915.711507182248,0
4268,2800,6.88469533243758,3797.31359797585,23.7878015473706,13.727450814925,14.1045902620479,21.1134897014309,23656.3065248183,20271.3338557698,1108.11026495544,0
4268,2801,10.0485820937857,4606.64267552122,26.2585402887014,12.2632108225747,12.5773641686857,18.8551415425714,32350.990234952,17437.1421990011,-1074.54265280768,0
4269,2802,6.84092733930587,4255.03371202789,23.8001309370389,12.7195648034426,13.0407711142479,19.5555234218346,23635.2966325317,20312.1552227419,1090.26570862485,0
4269,2803,10.4629053318535,4153.91705047668,26.2495821188899,13.1451009445405,13.5085339379548,20.2184391616068,32357.4480663658,17429.3885569775,-1052.85887727365,0
4270,2804,10.8951416338777,4704.58252138631,26.3020571946751,12.0956338268737,12.4009728371289,18.5962384737759,32358.3427912802,17466.950810248,-1033.07968747905,0
4271,2805,10.2506948327465,5776.58733167006,26.3107311466432,10.5659822622434,10.7925286159441,16.2334079863606,32368.182640082,17424.4281994998,-1080.81215698894,0
4274,2806,9.24936765911267,2724.17984967595,23.2790580009378,17.1802328215754,17.7642404459823,26.4548955897588,21198.9091524104,17616.8037084036,-1178.85322632511,0
4275,2807,9.63491798924017,2925.03494367595,23.2790580009378,16.3483578371644,16.8787602695673,25.1669612361601,21183.9787600732,17628.6177370422,-1252.90870573552,0
4276,2808,9.53350598403698,3216.73510198344,23.3040481184464,15.312523548987,15.7787469777982,23.5639575182422,21212.5282282045,17664.3457839684,-1232.81931785195,0
4277,2809,9.15811724517057,4447.27382967595,23.2790580009378,12.3070107759596,12.6022831377718,18.9169665449318,21174.2532466019,17616.9579464031,-1226.4493689691,0
4277,2810,8.48364348016043,4413.65630618584,22.995999356561,12.3445325053233,12.6396282361125,18.9743435547289,22189.4332233468,15925.6970103492,-1342.00640404561,0
4278,2811,9.61150482120991,4208.51198967595,23.2790580009378,12.7660272890677,13.0856771309195,19.6262034646508,21165.4431388733,17628.39449269,-1247.33325986061,0
4278,2812,8.50699252872489,3963.04839818584,22.995999356561,13.261302592168,13.6056099133198,20.3910093496543,22202.918298951,15897.2905328705,-1352.48424038088,0
4279,2813,8.41505453720067,4797.70164218584,22.995999356561,11.6849372530646,11.9462394955442,17.9555262375394,22221.0955922933,15886.1411708584,-1410.18535854145,0
4279,2814,9.6245845747342,4739.98718398344,23.3040481184464,11.8025690164658,12.0719903918411,18.1377994635393,21187.8026768395,17648.5995291585,-1200.77294971079,0
4280,2815,9.75243653393123,4963.33972851603,23.1368585257572,11.4391165303898,11.6891487836412,17.5761940688597,21233.2497681731,17639.9836167279,-1177.05891830309,0
4280,2816,8.3134275547465,4734.43570279438,22.8607343157131,11.7762402569664,12.0411686849622,18.096263545153,22206.1656936041,15900.0719334945,-1327.54840950543,0
4281,2817,9.21261493777542,4652.11234851603,23.1368585257572,11.9351252048858,12.2101036865717,18.3422063538131,21184.9314078617,17634.2301411825,-1202.75729323713,0
4281,2818,8.20067311283579,4410.98389279438,22.8607343157131,12.3377509199519,12.6314603319802,18.963581925775,22213.8820249237,15910.3134357621,-1344.83457766766,0
4282,2819,9.35852176093551,3467.56097840068,23.1122114778287,14.5245122982977,14.9417308463449,22.3444203134243,21196.5319118972,17666.8947037742,-1243.82092617662,0
4283,2820,9.61264989488518,3401.48059323087,22.5173849860856,14.646909330144,15.0656058943522,22.5321535525127,29580.7861076171,8314.88339116145,-1214.30161388488,0
4283,2821,9.75242814125257,3106.85629251603,23.1368585257572,15.6618600162069,16.1477938740243,24.1040400699274,21210.6533642092,17656.7862642675,-1202.43646192312,0
4284,2822,9.77183516553598,3415.00655765204,22.572925104052,14.6139256714157,15.0312320913979,22.4812896955971,29586.3230485314,8356.8291846189,-1155.07816603227,0
4284,2823,9.47723512637071,3414.89681240068,23.1122114778287,14.6766152733095,15.1027931349576,22.5796794998358,21183.3979399673,17646.9986810511,-1243.09361346717,0
4285,2824,9.84234977659088,3866.11906323087,22.5173849860856,13.4350005093766,13.7847937369679,20.6583621163784,29592.4455425947,8332.16312656251,-1171.99212850407,0
4285,2825,9.22400352633347,4065.91929440068,23.1122114778287,13.04713475231,13.3806711258708,20.0602608086927,21182.3678245126,17637.3880922225,-1216.65815496676,0
4286,2826,9.98446254686921,3846.31768923087,22.5173849860856,13.4812851311402,13.8336339644561,20.7299042396275,29573.1181704319,8342.94822235343,-1121.22957182057,0
4287,2827,10.1651653993752,3511.25817723087,22.5173849860856,14.3347167447991,14.7352756920189,22.0493510947408,29582.9216444101,8332.1070934567,-1210.28205492935,0
4288,2828,9.66280159667023,3410.24694123087,22.5173849860856,14.6213166569845,15.0385164852119,22.4925720564584,29534.6386081422,8352.50088057855,-1223.77895723594,0
4289,2829,10.1413551117797,3222.34313523087,22.5173849860856,15.1972089685813,15.6485069479438,23.3833588044923,29565.4067882705,8329.74637942697,-1197.26407819038,0
4290,2830,9.40512751589229,3803.91652014655,22.5229249027392,13.58241079946,13.9404135752082,20.8862334893076,29544.8400940525,8425.32209261854,-1151.61321366788,0
4291,2831,10.1292916688113,3557.22755564815,22.4692504446541,14.2037825041595,14.5963627810842,21.8467601144212,29533.7173330601,8368.71686820225,-1233.73001920455,0
4292,2832,9.66115091470826,3566.65468364815,22.4692504446541,14.1784027045546,14.569530244592,21.8075164930493,29542.7930486525,8356.59904665381,-1230.52430056787,0
4293,2833,9.9421804372952,3072.93965814655,22.5229249027392,15.7008887671244,16.1827695541234,24.1626563116048,29525.2065039889,8401.34118921492,-1104.55480569991,0
4294,2834,10.329855527048,3072.61150364815,22.4692504446541,15.6950113657607,16.1759604128161,24.1534043853115,29579.0679183411,8365.58831950709,-1240.49251541514,0
4295,2835,10.3065305727338,4562.8175891865,25.4586691903747,12.2780255315506,12.5874983060857,18.8765238873175,30501.6346455217,16321.3349536079,-1089.82225879803,0
4295,2836,8.97597699204981,5164.71100728976,26.0812717995551,11.3547808494362,11.6195960327123,17.4512038232725,31586.6721038849,17223.4742154593,-343.264631474881,0
4296,2837,9.06371344412454,4367.67359085246,24.5456368658266,12.5643483660878,12.8827749285572,19.317202461692,32982.7290509769,13646.6476049836,-1387.99046206717,0
4296,2838,7.47324532440821,2228.20740964045,24.1384924192973,19.9721086060913,20.7587068349592,30.7836200728298,27546.0487919564,23820.6996070819,-1506.81095592642,0
4297,2839,9.17843307347789,4319.45867685246,24.5456368658266,12.6577571670045,12.9812618895351,19.4615626727286,32984.4477901781,13682.5511830992,-1344.82824994953,0
4297,2840,10.7990759963588,3323.12213807539,25.3870793084908,15.217328619683,15.6977030483107,23.4221616539161,30440.702967804,16319.7000447506,-1020.67306176066,0
4298,2841,7.01592273463791,3758.37071508271,23.5461767315649,13.7986260161466,14.1777481390261,21.2229681492308,22807.1761775923,19014.9089751141,1085.80198508192,0
4298,2842,9.09390556159295,3801.20892285246,24.5456368658266,13.7940274105316,14.1813962716315,21.2182032657172,32967.4996272496,13672.1280418728,-1287.32928004945,0
4299,2843,10.8999204679153,3371.5854311865,25.4586691903747,15.07399618782,15.5461111045662,23.2005188917643,30470.7547476979,16355.9567936446,-1069.40984362284,0
4300,2844,11.2664442879927,2710.59592014819,25.0110649000356,17.4951246493623,18.1197109873792,26.948008799599,30443.0949973452,16301.3761691562,-1018.0875192571,0
4303,2845,8.90708761038948,2232.50452205989,22.6503896849497,19.6686735013149,20.4133583159875,30.3076685407473,27555.189720854,9355.7030140307,-1451.47646499838,0
4307,2846,10.933393920553,3463.54169997075,23.3329420468964,14.5609440066077,14.9823801420038,22.4013404949461,20186.9675054018,18872.6478577425,-992.232102783846,0
4308,2847,10.872036254535,3982.0732481045,23.2775890430163,13.2461548064974,13.5919747668303,20.3682432573221,20222.3448949367,18821.4723151595,-973.995857947971,0
4309,2848,9.61660480877535,2909.93155532006,23.7370958044026,16.4700263416104,17.0131611966863,25.3566796223662,21594.3134659978,22115.5528151984,-1272.82951290767,0
4309,2849,11.3360715720455,4107.84595088966,23.2580719763597,12.9717542802051,13.3023693025194,19.9440873775656,20267.6913336099,18870.2993838586,-999.028245199876,0
4311,2850,10.9697673845383,3851.88478791439,23.3128190594888,13.5485026140977,13.911459265941,20.8357039064692,20233.5824023941,18859.9356037701,-958.362706297649,0
4312,2851,11.0391158895357,3898.64598591439,23.3128190594888,13.4390764414651,13.7959059483795,20.6665405877168,20271.166757279,18869.5645952156,-982.193301005909,0
4313,2852,8.9703805481376,6217.94567786675,23.4442079407308,9.90875602931073,10.0888206753825,15.2147001106681,20849.5251489449,18600.3396656717,-1194.40106619893,0
4314,2853,9.15028192793705,6645.49896313699,23.4689603976535,9.49944205571956,9.66180455119595,14.583365713534,20954.1715776225,18600.1054206353,-1223.34706654516,0
4314,2854,4.33679972727948,3859.55130061618,23.5624372228133,13.5553200455186,13.9207812369078,20.8468283494012,21830.7995031786,18558.1010461881,529.908462172691,0
4315,2855,9.38941541199455,6415.29490152119,23.4478959789645,9.7135005165875,9.8849997979963,14.9135006602571,20915.2915402388,18554.7608826189,-1217.22509507592,0
4316,2856,9.37385526108176,5838.79671313698,23.4689603976535,10.3179256323566,10.516584906022,15.8460590456538,20949.1247751777,18587.2463074955,-1199.93783569657,0
4317,2857,8.68175630273076,2896.98585653475,24.4056830094795,16.6125416475181,17.1720564489957,25.5793082559816,29058.4693313833,22563.298262842,-1450.60734658565,0
4318,2858,8.80989655840428,2748.70682453475,24.4056830094795,17.236488097041,17.8370135279899,26.5455428013425,29063.3015139205,22622.6253065191,-1290.99924449911,0
4319,2859,8.93517938451484,2788.00120853475,24.4056830094795,17.0652455136761,17.654427090498,26.2803345987888,29038.6451678882,22599.4730616302,-1392.83942531104,0
4320,2860,8.67610080461589,2590.54755217451,24.5027211424856,17.9885461217032,18.6407975476692,27.7108017915114,29044.9641844847,22616.7884713227,-1329.52332244078,0
4321,2861,8.72354921049379,2267.69044417451,24.5027211424856,19.7861203704191,20.5641945034026,30.4966202300451,29047.6753779766,22618.1107016835,-1306.87899312622,0
4326,2862,8.22932990304542,2783.24408637678,24.0813859540511,17.0395519803122,17.6234482954899,26.23955538114,24773.7061528123,22931.6658299416,-1479.29493283372,0
4333,2863,11.8384888039502,4754.44251698702,22.7342889116023,11.7336292286807,11.9955099452816,18.0302072465644,20444.8677469349,16340.7654771707,-920.630965955365,0
4334,2864,11.63940366237,4843.11893913825,22.6966785925653,11.5896593298166,11.8440937323955,17.8078100452174,20421.775375463,16307.3864888703,-921.668974834353,0
4335,2865,6.49135981925886,5002.67972348591,22.6571220147871,11.3441510476714,11.5862338437693,17.4286569042205,20065.1153567191,15892.4716751153,1214.80656041429,0
4336,2866,11.5342003840882,5207.60544098702,22.7342889116023,11.0576528282996,11.2864136248087,16.9865016221675,20401.9957521787,16359.2571612387,-905.28081467836,0
4354,2867,11.0985297143445,2760.07006728766,24.2288208034332,17.1611088828567,17.7546635903313,26.4282562826115,33185.2097907051,17114.2331939372,-1004.31884530586,0
4355,2868,10.3193911580849,2688.30935928766,24.2288208034332,17.4824334605615,18.0973519309936,26.9259221594363,33192.8230811408,17134.8507067401,-972.714332460851,0
4357,2869,9.17420866482205,2093.56361383136,24.5234840051682,20.9705668215186,21.83521924675,32.3332534401427,30313.9881723672,19723.2086010109,-1376.28473530219,0
4357,2870,10.6462220769987,2837.93197728766,24.2288208034332,16.8292904276282,17.4010280090306,25.9144049282198,33209.2782667502,17115.6132393967,-1017.92251807008,0
4359,2871,10.7125789771805,2911.78515528766,24.2288208034332,16.5295427057199,17.0817898625108,25.4502781382731,33215.6854898661,17107.8641933348,-1007.0952303398,0
4363,2872,8.00292544511097,2443.03344843186,24.2652800933611,18.7164524840374,19.4159431600481,28.8378621586459,25423.3072730564,19453.7420528692,-1487.42674131407,0
4363,2873,9.86964077378269,3068.46470131611,22.7471660250497,15.7459855171258,16.2330169302488,24.2330948980218,25009.419954038,9657.29566331455,-1196.44461488513,0
4364,2874,8.13982058962679,3877.08023043186,24.2652800933611,13.583326510414,13.9562581958364,20.8917510676535,25463.2792910199,19483.6032813133,-1402.7958990409,0
4365,2875,8.75834661684602,3534.57593043186,24.2652800933611,14.46341656113,14.8876324374893,22.2528428106984,25484.1531313273,19505.8211918443,-1352.85044501264,0
4365,2876,9.70931877693435,3236.81571326342,24.4917850790212,15.3906862593813,15.8733971601248,23.6881259103094,26924.7749970175,19795.3010799969,-1087.82111375578,0
4366,2877,8.37751805605149,3591.91521078555,24.3003797468078,14.3093394176187,14.7247329443256,22.0146000226989,25473.3704896851,19521.6537112349,-1353.35728150632,0
4366,2878,10.2032402716419,3559.82230336957,24.4799161290717,14.4164822940864,14.8398228964857,22.1807697323844,26923.7471641777,19810.9738342376,-1096.25842769218,0
4367,2879,8.75851915517741,3956.09309478554,24.3003797468078,13.403147250629,13.7661350777091,20.6132498777438,25471.4658114432,19534.8581130938,-1392.31772495172,0
4367,2880,9.73449569424326,3087.74617194969,24.6057328744281,15.9157818525404,16.432592502863,24.501167760174,28612.7788479868,24729.6531177296,-1123.06157827478,0
4368,2881,8.18536020924724,5021.92123745572,24.3204680534542,11.4394523126409,11.6974203212825,17.5788998442931,25499.1633606381,19528.7760653038,-1354.9715420625,0
4368,2882,10.3984232167857,5244.89940736957,24.4799161290717,11.1299701705609,11.3734960310629,17.1012602037681,26953.4309353867,19807.4906590968,-1110.1762488338,0
4369,2883,8.06866275021173,4798.64807043186,24.2652800933611,11.7824363203922,12.0575191701529,18.1085502093352,25462.2882992688,19522.9459830696,-1358.56946195418,0
4369,2884,11.1601558071694,5712.92988136957,24.4799161290717,10.5282331826607,10.7425956850297,16.172267420366,26962.861098119,19822.0842305792,-1102.90725725923,0
4370,2885,8.0669326814625,4217.69031685921,24.4320882873112,12.8510560551807,13.1842875752627,19.7600838967205,25477.5532983386,19571.2293160253,-1332.86218912638,0
4370,2886,9.60183584094782,2756.71528535769,22.739586158156,16.9588112560052,17.5221793063808,26.1103291028975,24980.1131477405,9607.69763511656,-1134.9235086285,0
4370,2887,6.60673476431089,4543.26320810711,24.7673378237453,12.2572132690245,12.5607122281504,18.8430232297039,27315.1987724904,20279.2287844527,947.556924205078,0
4371,2888,9.57674115864977,3811.03166220073,24.678642563503,13.7831522087139,14.1710011288024,21.2016913380096,26997.2595067276,19888.3833304314,-1215.54322527352,0
4372,2889,8.67312973400179,3222.36478620073,24.678642563503,15.4607614956415,15.9496392104993,23.7970734395817,26998.6788066549,19887.3313314941,-1278.6333855259,0
4373,2890,9.18913785380881,3245.01513331809,22.7178261270009,15.1491845990618,15.5996369952412,23.3096255173545,27310.9838240573,9241.17556949463,-1390.93457529804,0
4373,2891,9.04783617517333,1526.14252620073,24.678642563503,26.5758562531082,27.8819496805802,41.0338339498286,26996.1694852771,19915.7501565738,-1207.36757241756,0
4374,2892,8.84941742343218,3153.23279131809,22.7178261270009,15.4499661896116,15.9185844932658,23.7749705494137,27269.7020906299,9260.56161982544,-1287.9384959834,0
4375,2893,8.92602970249114,2487.56301931809,22.7178261270009,18.2236912539971,18.8700722168765,28.0690699032335,27276.6189756395,9242.12638699819,-1329.81399665731,0
4376,2894,10.9574935294828,4562.87305769612,24.0340536368684,12.162416891052,12.4556515406275,18.6951079816701,33731.5301689344,16141.0424846394,-996.189252351608,0
4376,2895,9.27875866040324,2862.44553931809,22.7178261270009,16.5172091140463,17.0521027288358,25.4266221311744,27310.4093914694,9249.51541036513,-1377.00652446011,0
4377,2896,11.213013964288,4040.10486599449,23.9786626403305,13.1847994221444,13.5329402646268,20.2749805532057,33717.2097595387,16194.832953156,-995.936453730119,0
4377,2897,9.01841795209689,2554.05951331809,22.7178261270009,17.8877332506354,18.5116569168353,27.5487065676916,27311.9966200052,9238.40280853195,-1354.52167799783,0
4378,2898,11.4565252195067,3865.70673441422,24.0201186984076,13.5861399484706,13.9571933406418,20.8955391664068,33746.1500601831,16180.8911301715,-998.33365443829,0
4379,2899,8.80400735846647,2766.91877731809,22.7178261270009,16.9119686305857,17.472068315025,26.037737093905,27322.2710248875,9231.35706302079,-1335.07516706653,0
4380,2900,8.57301444982869,3553.11648751308,22.8523106521521,14.2573875570942,14.6566223384748,21.9306356221703,27303.8307404378,9236.84284446335,-1365.16872957335,0
4381,2901,8.77404422362021,3395.41032751308,22.8523106521521,14.7037873519783,15.1290730333281,22.6210199212346,27330.6974556473,9204.57355518149,-1415.9999830958,0
4387,2902,7.1321853136984,4324.02549947528,24.6454191703109,12.6574417803064,12.9816728740633,19.4612803388677,24931.9252055882,21657.6350276355,1054.96894316293,0
4388,2903,7.23699427331253,3961.71982547528,24.6454191703109,13.4232303173512,13.7901461874211,20.6450694209297,24893.2118263471,21663.8638356777,1121.58869376589,0
4389,2904,7.73302407238228,3626.35194947528,24.6454191703109,14.2530179411934,14.6681080235022,21.9283176036824,24895.7813846359,21729.5145870143,1268.24669276798,0
4402,2905,6.5070031042989,2556.27643374979,24.5439274591846,18.1659210307951,18.8307829239311,27.9857445775672,24213.2648192494,20373.8357803123,1036.73690670075,0
4409,2906,8.55069778408104,4069.44715662233,24.1057241831585,13.1327980760813,13.4790632336753,20.1948766682586,22209.0241263034,21853.8762764922,-1491.2092844044,0
4409,2907,9.45686759137548,2787.32645334863,24.5791706083433,17.0927247897997,17.6856321838092,26.3234173539002,26962.9972995871,24679.217983122,-1155.30103125826,0
4410,2908,8.77000468135786,4489.4264828524,24.0512448027614,12.2953336146548,12.5957073660823,18.9005028726623,22186.9973511451,21855.4804079199,-1457.6222979022,0
4410,2909,10.0963401303427,3056.77353927164,24.5316570092449,16.0182759156248,16.5408573948872,24.6596225751433,26953.1180263306,24656.5047790496,-1196.37769925525,0
4411,2910,8.38873393872761,3848.0734148524,24.0512448027614,13.6312039075856,14.0050826902155,20.9652873250807,22213.8967376308,21851.8100183959,-1398.59399587546,0
4413,2911,8.86845046540405,3736.49071110599,23.9987468544716,13.8997536813045,14.2885897494366,21.3804192343727,29862.1851711787,17035.5832932953,-1403.55971757168,0
4414,2912,8.65184898354143,3815.07947910599,23.9987468544716,13.7054477146445,14.0831225638097,21.0799620892577,29851.5375174289,17022.3666804045,-1380.45106378412,0
4415,2913,9.00598645514394,4294.21105710599,23.9987468544716,12.6596086068058,12.9790928684918,19.4632872013639,29861.579875178,17001.5736265823,-1426.21023235603,0
4416,2914,8.85181292841412,4015.03150710599,23.9987468544716,13.2419128857975,13.5933986192226,20.3633135265268,29857.0838014839,17039.1763241631,-1349.14062901096,0
4417,2915,9.14227038408035,3633.58523910599,23.9987468544716,14.1655499091738,14.5698253085512,21.7914694670011,29856.9678558704,17001.1170188253,-1410.54566282094,0
4417,2916,7.42603112669147,1813.37864528876,24.7473863216537,23.360642996752,24.4102140974878,36.042209773465,27412.9857466201,21392.8940195194,1262.28124246448,0
4418,2917,8.55104245127658,3710.21369310599,23.9987468544716,13.9663664259516,14.359053326969,21.4834298611712,29813.2601364478,17021.0331338409,-1349.92262239465,0
4418,2918,8.04235456249962,2654.91077674629,24.0722825095435,17.6138399805169,18.235750950028,27.1289634922266,24609.1101446556,18165.2890211865,-1470.51129209158,0
4419,2919,7.99901416949886,2531.65328074629,24.0722825095435,18.2167244008952,18.8794253355907,28.0629028295781,24598.5367833136,18172.5811611228,-1505.38852890955,0
4419,2920,10.6756722433395,4293.66342863708,23.2905374628921,12.5981465626882,12.9088943210726,19.3668110690278,34203.0312983981,14454.1777673756,-1085.05229085552,0
4420,2921,10.7030542716751,3848.63325147458,23.1102357163667,13.5358363186277,13.8963493834918,20.8156447057693,34196.5655473376,14507.9377180303,-1016.97200236684,0
4420,2922,7.94046351292133,2079.81354266851,23.8515614284051,20.9383256944253,21.7910960450397,32.2806323748373,24638.6283147402,18177.0286999214,-1482.88525741522,0
4421,2923,8.42482810829084,2327.82630266851,23.8515614284051,19.302891774699,20.0381208218562,29.7452421823098,24600.6792337418,18195.3025368181,-1524.8863354956,0
4421,2924,10.6588792239988,4209.3771195574,23.1012462512503,12.7481081052898,13.0653895705518,19.5981252823897,34199.3223462287,14462.1225676032,-1062.33281334863,0
4422,2925,10.9838251797888,4053.80544147458,23.1102357163667,13.0729714757187,13.4079011828393,20.1001874889925,34188.9278569246,14492.7403173589,-1030.54446334874,0
4423,2926,8.22092092811366,1996.75387386037,23.8925860144145,21.5783046199964,22.4789862672004,33.2733141157132,24614.0297724773,18177.6749859823,-1448.88508326183,0
4423,2927,10.6407324377426,3923.8320555574,23.1012462512503,13.3602921474911,13.7109531086623,20.5442623413687,34205.3615136769,14487.8402371623,-1015.31895144597,0
4432,2928,8.0283448415628,1524.82750061151,23.7307857783141,26.3256033805566,27.5941184796656,40.6404371403945,22584.0078505408,19643.416301845,-1494.63788215393,0
4434,2929,8.07019497650731,1628.26159661151,23.7307857783141,25.0559520325117,26.2223272650844,38.6690665917444,22602.3963965245,19649.7821168191,-1508.53720385729,0
4437,2930,8.05883423768444,1647.81950147205,23.7561797216484,24.8393778597027,25.9889812653785,38.3329759435944,22596.5486285806,19635.1716493813,-1504.735135453,0
4475,2931,8.54935361357466,2181.25672814628,23.4882569911335,20.159045869795,20.9501705405128,31.0709704190114,21816.6282237314,17564.3974880693,-1360.44224534375,0
4480,2932,8.47620029541072,2640.63885266991,23.2414067142369,17.5542688715972,18.1624451147616,27.0340079015291,22122.3188261907,16679.4106253809,-1433.77262924268,0
4481,2933,8.56803283127945,2545.51984593208,23.1965262947276,18.0069373108698,18.6447508529455,27.7349720845156,22128.413733189,16653.6716766106,-1478.4095606031,0
4482,2934,8.37825699601964,4088.22088593207,23.1965262947276,13.0075114496665,13.3395752182503,19.9992123014919,22126.711593293,16679.6687912497,-1419.9454474092,0
4483,2935,7.22864804799017,3412.96895869622,23.6625154065535,14.7453861880605,15.1808681374984,22.6874956350253,22912.485863394,17955.0645622394,1196.22532110472,0
4484,2936,7.43334974712762,3242.39961469622,23.6625154065535,15.2727041331722,15.7400578153954,23.5033260481514,22866.684038836,17960.6900748798,1150.20210095139,0
4485,2937,6.84094041574637,3334.97489269622,23.6625154065535,14.9804672325399,15.4300681431457,23.0511724244317,22898.9861161434,17915.3876725874,1106.21476259772,0
4486,2938,7.0174930257787,3429.92897869622,23.6625154065535,14.6955437908623,15.128050974034,22.6103932349215,22908.460958134,17942.5686655282,1177.04721994025,0
4488,2939,9.44825166370106,3563.03150037785,23.6794265495836,14.3210858092534,14.7316103751185,22.0312358643356,21072.8916668039,19766.9450463974,-1285.37166789744,0
4489,2940,8.88597192889592,3786.92579037784,23.6794265495836,13.7418682043118,14.1189024181283,21.1355261497283,21072.4724224511,19774.7002729798,-1347.289757713,0
4490,2941,9.06218612048826,3541.7890757758,23.6738648796442,14.3788369015573,14.7927008107571,22.1205428839776,21081.1745206859,19733.7250887787,-1335.96064146499,0
4491,2942,9.61076387299033,2347.84944629175,24.2300942927889,19.2503892516843,19.9868155837516,29.6652182068762,26489.1710815877,24680.8308837942,-1250.07618959384,0
4491,2943,9.2279115964115,2013.4049357758,23.6738648796442,21.4024801173161,22.286870721916,32.9997267780034,21050.1378239592,19774.2783888091,-1297.51256082704,0
4492,2944,9.32056566406366,2669.84754029174,24.2300942927889,17.5678417535864,18.1884918839468,27.0582167524905,26498.4936810962,24642.7460408823,-1246.11784817235,0
4492,2945,8.60661811950181,2713.1929817758,23.6738648796442,17.2875329585601,17.8831464923127,26.6223131527581,21075.7641077919,19736.050424465,-1383.33804765421,0
4493,2946,9.40795530303302,2583.83095341706,23.6317836835132,17.8864226514201,18.5214317609847,27.5497541338767,21066.8855939134,19720.9519727488,-1437.40499985383,0
4494,2947,9.47730372198298,2889.2027477758,23.6738648796442,16.5435980583346,17.0907696277519,25.4703916608839,21071.3239833456,19743.4181618614,-1407.55091995993,0
4495,2948,9.39770312008023,3113.0970377758,23.6738648796442,15.7085136887043,16.2028628465996,24.1777607328573,21085.9085790179,19771.5814989418,-1405.91698299187,0
4495,2949,9.10739586756692,2765.23065118025,24.2380349817212,17.1399112725481,17.7321674991253,26.3954560732871,26509.9302753942,24851.2247525497,-1187.21491244771,0
4496,2950,9.0104128472451,2870.27264518025,24.2380349817212,16.6975676374297,17.2608139676931,25.7104668001766,26458.6085468458,24832.8158415773,-1266.59539310478,0
4496,2951,9.71230798742509,2578.54471341706,23.6317836835132,17.9123291991053,18.5490810671731,27.5898836727643,21034.3256494158,19768.5849359629,-1483.8602522436,0
4497,2952,9.0369775613484,3038.52297168998,24.2412495956209,16.047762305177,16.5692551427345,24.704451124415,26416.9061480473,24821.3013167922,-1253.47221477226,0
4497,2953,8.84665611657449,2887.7930837758,23.6738648796442,16.5492275653294,17.0967608956559,25.4791071609793,21070.5991973333,19747.0751705445,-1351.15314201463,0
4498,2954,8.92781544832934,3481.3937837758,23.6738648796442,14.5482450755966,14.9721046910364,22.3825728730285,21061.0550202642,19752.11964989,-1279.14927679214,0
4498,2955,8.9970887356542,2768.85277608461,24.2187672689808,17.1213877466462,17.7122055983848,26.3667099717811,26366.3451106776,24390.6055755985,-1298.30276412356,0
4499,2956,9.23044093302142,3105.4319897758,23.6738648796442,15.7352934954223,16.2313101658213,24.2192060556291,21057.2651603044,19750.1156359812,-1398.02151837001,0
4500,2957,9.57979762403121,3088.3422577057,23.625686191686,15.7892756977884,16.2881637297074,24.3026157458313,21071.1879245767,19771.4117293127,-1351.84417660357,0
4504,2958,7.57805194624343,3333.18882046448,23.8127411993715,15.0035642374557,15.4560026649645,23.0873036803233,21926.7471507026,19697.9799996024,1253.07961856929,0
4508,2959,9.17024605344744,3816.81316994295,24.2078571919997,13.7221578862911,14.1025527620205,21.1062863896412,26464.0926844253,24831.8091299996,-1210.95820404103,0
4509,2960,9.02820473291283,3786.64739048876,24.2109164069653,13.7963206492039,14.1810049126074,21.2209730576335,26437.2031372498,24853.2304436961,-1231.17854163439,0
4511,2961,9.4372252654503,2917.69021301775,24.2570181252865,16.5099808719586,17.0612634700296,25.4200734308145,23556.6658336359,21927.2208714265,-1219.87264948108,0
4512,2962,9.49480705810396,3122.66416901775,24.2570181252865,15.7485126008365,16.2512615562664,24.2412920491963,23542.148284503,21929.4364171653,-1187.35691174225,0
4513,2963,9.99085053111979,3428.69341301775,24.2570181252865,14.7663877461858,15.2086732897444,22.7215126320043,23605.322511997,21930.9416791948,-1165.99701466265,0
4514,2964,8.79468781339558,3449.42847246154,23.366856951784,14.6053417126511,15.0297181480256,22.4701004574344,30982.3909647733,13987.6276663017,-1450.49010410863,0
4514,2965,9.74838712019743,3058.26014501775,24.2570181252865,15.977773285119,16.4949866769083,24.5961554720827,23558.6017483251,21903.7126890635,-1207.50146934606,0
4515,2966,9.97705827128265,4456.73144307076,24.2529478217644,12.3720563642257,12.6779846412828,19.0194572964023,23533.2532786085,21891.9664553149,-1221.5342292894,0
4518,2967,6.7210075114776,2027.3139080156,23.2671263293146,21.2113568869189,22.0756288596141,32.7016700265937,24323.2594385454,16403.0543527765,1038.24696137518,0
4518,2968,9.49271369033266,2519.70083636116,23.8984708759345,18.2502438486205,18.9131244985129,28.1142532011328,27652.1123618843,19468.2408194683,-1243.40592863333,0
4519,2969,9.47779034407941,2532.21160436116,23.8984708759345,18.1862134464819,18.8447294998226,28.0150535679506,27669.0100900027,19424.1021582028,-1272.33136446217,0
4519,2970,6.92665098744511,2174.4916400156,23.2671263293146,20.162055217022,20.9503045702185,31.0747835970647,24347.8608321379,16390.570004382,1048.17434462066,0
4520,2971,6.86070380160775,2379.36305522538,23.2977568525476,18.9075320658848,19.6079845685881,29.1305704812042,24308.2804035863,16389.2877930532,1039.03768997663,0
4520,2972,9.06910276686568,2502.0929683359,24.0134479648291,18.3599104297601,19.0316943472492,28.2845484532597,27644.3347118771,19465.132629139,-1226.86857727572,0
4521,2973,7.02324142212262,2256.39189722538,23.2977568525476,19.6387597320468,20.3902680039679,30.2637664908715,24291.1906315028,16403.4765897681,1023.48504970498,0
4522,2974,7.04041438160579,2518.23698522538,23.2977568525476,18.1610017341106,18.8104419802421,27.9739674475476,24322.9392346144,16370.0855488845,1036.34491115619,0
4523,2975,7.3397278531465,3161.83670522538,23.2977568525476,15.494041113916,15.971301983834,23.8448072654607,24331.5170779119,16391.7213862991,1017.32334969717,0
4524,2976,6.97664780221057,2327.84424122538,23.2977568525476,19.2052231924638,19.9263339543905,29.5918722870131,24339.9183447518,16339.3885158695,1056.22298281788,0
4525,2977,6.89217789525956,2118.09064322538,23.2977568525476,20.554242078304,21.3711132321526,31.6829051364958,24326.2136686035,16390.1691501433,1004.37348577117,0
4526,2978,6.9890156398392,2444.40583322538,23.2977568525476,18.5481986564389,19.2239534102287,28.5738137898666,24318.4753485579,16384.1027152064,1010.90321589411,0
4527,2979,7.10775827922112,2821.48139495509,23.3055583326276,16.7675562990389,17.325068528738,25.8160039036159,24348.6813040414,16363.3729319032,1043.98472150141,0
4528,2980,6.69456681818458,2732.54996522538,23.2977568525476,17.1461074294877,17.728100789316,26.402112495239,24335.9766889453,16396.2582921772,949.26250258927,0
4528,2981,9.20654725830537,3646.45950992119,24.1332530378135,14.1457296941673,14.5500296556408,21.76114184362,29150.6239241137,21042.1015579577,-1431.47785362182,0
4529,2982,6.98322915190359,2444.96895095509,23.3055583326276,18.5464699172504,19.2222056294836,28.5711627427084,24348.7785427825,16383.4340042475,1036.28446015083,0
4529,2983,8.67280005636687,3196.21427348519,24.1241217753846,15.4807563706151,15.9654704223467,23.8265283255049,29170.7975838102,20997.4048015265,-1421.00751866951,0
4530,2984,6.93167861677522,2348.54764755015,23.2821449124251,19.0814143085564,19.7937065731657,29.399955677264,24328.0247456854,16369.6916784254,1003.61022407289,0
4530,2985,9.18024640230136,3480.62610756196,24.1425857109672,14.6025900713264,15.0339921055736,22.4678250056829,29204.4506969842,20979.2778570038,-1405.09660307088,0
4531,2986,6.83899656709258,1962.70046523229,23.2916689786064,21.7232104068439,22.6256421050233,33.4955701776844,24357.6638103228,16423.0161725167,990.675190319911,0
4531,2987,8.57100323556921,2790.81583956196,24.1425857109672,17.0158079464609,17.5988234998274,26.2029729693149,29178.3156676419,21050.2804833665,-1386.8489160596,0
4532,2988,8.35029694694127,3099.51022956196,24.1425857109672,15.8154952420589,16.3213010286019,24.3446497510106,29199.5567394722,21027.0834590631,-1368.27398031422,0
4534,2989,8.2683504264556,3226.46576001208,24.2413361704046,15.3946266846023,15.8751521613244,23.6935546610194,21914.6744896302,21108.9080161869,-1452.1299886637,0
4544,2990,8.73592013891676,3743.69327010355,23.7674677961458,13.8579187125955,14.2423504902186,21.3151778201698,31454.9450607754,16440.4366460192,-1396.23399911105,0
4545,2991,9.42654650281153,5234.70279686886,23.8744713091422,11.1016484889439,11.3399455375909,17.0564704358253,31848.2262544261,17230.1598994655,-1208.83155758566,0
4546,2992,9.30350483571866,6072.14097544601,23.8916218191848,10.0870763196219,10.2776236343709,15.4905110587134,31836.5393422949,17275.3956450807,-1233.09968115694,0
4546,2993,5.12706499623095,3685.91254037067,23.7811035019739,14.0060132455703,14.39909733304,21.5442178631414,32813.7939085678,17144.2818035358,541.889936754367,0
4547,2994,6.92002818212059,2928.73169613584,24.1733648351927,16.4552443898961,17.0021043079911,25.3350820861842,24263.6645167107,19474.1914349819,1065.98782459758,0
4547,2995,9.81247985378567,3706.75575122356,23.9076514732445,13.9657574488417,14.3576183286646,21.4822701659127,31706.8671568877,17557.2440914802,-1193.06160047847,0
4548,2996,9.56841826187219,2481.36126722356,23.9076514732445,18.4516494314828,19.1284280149198,28.4263291558733,31727.9379147547,17579.8828931006,-1145.00957878771,0
4549,2997,7.20444920691443,1686.77735423075,24.3533750928053,24.5597870224379,25.6973388699886,37.9017474284682,24511.8694969144,20137.0285371745,1039.36545415015,0
4550,2998,7.12256819329254,1872.87767677321,24.2055103239449,22.6871082208413,23.6762561494995,34.9947093505217,24545.0942736047,20089.2338005479,1045.15074910387,0
4551,2999,7.03715583296402,2162.49755077321,24.2055103239449,20.421898328115,21.2419145942029,31.4812238485608,24524.8175271681,20076.9288550715,1102.89104318366,0
4552,3000,6.96033101753172,1983.24996277321,24.2055103239449,21.7513148140469,22.6695500291702,33.5429430220464,24543.6767178858,20103.3034748855,1068.27014343935,0
4553,3001,6.85923455952443,2479.01117077321,24.2055103239449,18.5125890696854,19.1972252948812,28.5217608124449,24546.5205783615,20107.1813926724,1096.4713925196,0
4554,3002,6.74494509816947,2458.21862677321,24.2055103239449,18.6240679210063,19.3164112743939,28.6945002913497,24535.9637716943,20107.5154213748,1151.03673027432,0
4555,3003,7.07502687209791,2684.11728277321,24.2055103239449,17.49822913465,18.1139369697221,26.950314576994,24512.6415539527,20112.2766521887,1033.84477936095,0
4556,3004,6.94532350278115,2813.05748677321,24.2055103239449,16.9301921537649,17.5082812687503,26.0705826285304,24505.5339262491,20085.3756688003,1063.75751633788,0
4562,3005,7.37429707513249,3125.74481251531,24.2218289405812,15.7333643715989,16.2348095712095,24.2177488476077,22968.3254506695,21505.2756041286,1193.91454604932,0
4562,3006,10.2850016594595,3828.03173754877,24.3546098985566,13.7095475328911,14.0904481154759,21.0871259442556,27444.071144293,24925.4089462427,-1149.10079510948,0
4563,3007,7.20902388891448,3598.95139651531,24.2218289405812,14.2819039035193,14.6949825772227,21.9719726742623,22980.7949595265,21495.5168580659,1202.55502316496,0
4564,3008,7.41549381198431,3984.71476051531,24.2218289405812,13.3307744912544,13.6890436226115,20.5011842556068,22990.6239677315,21475.7406883714,1160.97405257502,0
4565,3009,7.14048560646745,4867.93533451531,24.2218289405812,11.6684318301653,11.9373689786722,17.9323736138067,23022.7535294761,21483.9065277346,1178.68431799215,0
4566,3010,7.63337144343922,4106.93703451531,24.2218289405812,13.0629825217242,13.406289784878,20.0872101865541,22958.2705043849,21506.276377512,1118.98790393768,0
4567,3011,7.04696890384222,3922.77764851531,24.2218289405812,13.4721618234377,13.8384152615127,20.7197752380801,22979.6532978,21493.1745446056,1172.2516062229,0
4569,3012,9.22104913661612,1465.29824849101,24.2211645175971,27.2781419152718,28.633825953663,42.1223584047456,29508.5742703159,19745.8185265182,-1201.07365910105,0
4577,3013,8.15854014754843,1396.95924980537,24.2870362264364,28.3133805259231,29.7565858619986,43.7309523578254,28660.3020717337,20807.58125719,-1406.84455650267,0
4581,3014,8.34733807096796,1291.12931170174,24.3524193664827,30.1094201022165,31.7063933231742,46.5222637193952,28670.4375252406,20838.4408156161,-1410.78443795379,0
4582,3015,6.75752049743263,1987.13336041025,22.6154893034738,21.3840214133823,22.2510761428788,32.966695198159,25178.5972794501,15350.0396059678,1048.07161747695,0
4583,3016,7.14393026248388,1493.37651841025,22.6154893034738,26.4168309654875,27.6717351420965,40.7762874228074,25203.9645895738,15378.7528437988,1084.85460693818,0
4585,3017,8.99541686958204,3024.64603055961,23.2500417704407,15.9693777613285,16.4755940689296,24.5802772259712,30163.227484961,14616.1356020521,-1310.42628184021,0
4588,3018,9.90238137023791,5476.9581133515,24.2276398771484,10.8035367922642,11.0295576854416,16.5968303535856,31776.4763221367,20097.9613221407,-1160.37237709207,0
4588,3019,4.72421546769552,3729.84374583282,24.1269021432492,13.9296869825305,14.321356362395,21.4270123808392,32731.1150546589,20052.3882307193,526.905519643944,0
4589,3020,9.48375167309517,2613.19580668673,24.2436375558393,17.8382875051949,18.4773045219292,27.477188187475,31693.9544673808,20059.3128880545,-1124.98488041613,0
4591,3021,7.60073160899529,1315.2224035907,24.0926341787323,29.5944803983005,31.1421773240114,45.7205277220704,24650.4063128983,19990.7205037618,1180.17597110718,0
4595,3022,9.1126444156446,2247.36148479894,22.0655697220027,19.4662234748274,20.1885909462431,29.9916739805896,27281.5967248334,10988.3950509941,-1449.15664125347,0
4606,3023,9.04987755775347,2491.49041448294,23.1349204127752,18.272128865989,18.9270501193001,28.1455552368828,21343.4659973036,18612.2924116622,-1224.25890127728,0
4607,3024,9.19318633175758,2313.89477648294,23.1349204127752,19.2588788418796,19.9815603952262,29.6744239132036,21314.9127039349,18613.1676643468,-1220.67975660888,0
4608,3025,9.38197402321468,2713.46844248294,23.1349204127752,17.2062668892883,17.7902998461013,26.4947472503023,21293.3936935204,18601.1447719808,-1205.66054197687,0
4609,3026,9.57181030378136,3193.19472248294,23.1349204127752,15.3690376869046,15.837001473441,23.6509307514965,21323.8873309528,18617.0954998652,-1215.5818343569,0
4609,3027,9.37812333464887,3659.4636979263,22.3011857973955,13.9166807624053,14.2913941828069,21.4024325205563,29503.2248762289,9240.43663503623,-1188.78078976409,0
4610,3028,9.24484842042191,3061.45269623502,23.0965395966087,15.8164500163917,16.3115233388447,24.3431547563062,21307.0512470816,18601.8085538823,-1236.56877305545,0
4612,3029,9.81481062980577,2111.59244912705,22.4105135380368,20.4233961376191,21.2179753501815,31.4765040145647,29492.0901424401,9276.04955739383,-1195.19896219309,0
4618,3030,7.56803307926485,3110.91680268857,24.5257282552833,15.8233650900059,16.3335196752599,24.3578922418421,25307.5846879637,21253.5340832808,1048.24305323514,0
4622,3031,7.43494072587191,3625.78659533118,24.3446709289677,14.2228590365803,14.633540896855,21.8809453113785,31649.4482031337,19885.8915951029,279.588203351737,0
4623,3032,10.6716353330645,4703.61028045114,24.2015464139996,11.9339298433023,12.216410759872,18.342448072332,32693.5968241799,19592.0751113628,-1062.63268197256,0
4624,3033,10.9240587676989,4824.64444676083,24.1937669280574,11.7350802742872,12.0072399810528,18.0352664265339,32719.4384702454,19597.5744399593,-1022.99067875802,0
4625,3034,10.728641694623,4997.6196000387,24.2163751327479,11.4682356835013,11.7269705679263,17.6231635110953,32695.5471711236,19600.2360678864,-1013.40725513672,0
4626,3035,10.2621300162897,5782.4280060387,24.2163751327479,10.4297016238715,10.6378913307418,16.0197626250172,32692.8694416902,19604.9806682896,-1004.83685133559,0
4628,3036,10.126779328736,5707.59941245115,24.2015464139996,10.5169070431364,10.7291089528003,16.1543359716793,32688.0536175285,19643.695888395,-1035.94313822159,0
4629,3037,10.927532059863,4819.64324845115,24.2015464139996,11.7436951747758,12.0163501105797,18.048587953593,32699.1034022707,19614.9973854837,-1054.85176368972,0
4630,3038,10.8868357790023,3963.15591711229,24.2651559246693,13.3836850191706,13.7452872450482,20.5830814186889,32680.9276995275,19639.7096492044,-979.43253095743,0
4631,3039,10.6483289287756,4076.5087514822,24.2528002683832,13.1311814663976,13.4785243539789,20.1926996813466,32680.1791591811,19631.823464741,-1005.25798650102,0
4636,3040,9.28952346428082,5513.30393222057,24.9408361131619,10.804169517022,11.03450578652,16.5989912027856,24245.7536099861,23579.4711633231,-1238.17875568252,0
4637,3041,8.05488554423926,3824.90498222788,24.9107371673704,13.7721677620651,14.1613018445929,21.1852341074371,25489.0540758079,22779.6608768016,-1468.53974334522,0
4639,3042,8.1331663158549,2293.04073422788,24.9107371673704,19.7000209535135,20.4771999196238,30.3646005682367,25538.825862033,22758.560435779,-1488.3662171133,0
4644,3043,10.3819083592059,4870.06041506725,24.8549481637194,11.712961158352,11.9884342031581,18.0023285935045,28829.6670371271,24485.7146077471,-1171.76759985431,0
4645,3044,8.83336734937925,2276.3272047283,23.6703507736646,19.5827020122787,20.3352731851554,30.1782643718996,29609.5836725018,15828.2459588669,-1512.47892851282,0
4645,3045,9.21006111774729,4370.10772450959,24.9340811074061,12.5927365396321,12.9155645065861,19.3618638190199,28286.9865275117,23980.4675484064,-1326.80836766573,0
4646,3046,8.94376378888141,3279.11103503404,23.6542139287626,15.1540416058924,15.6140791940777,23.3196998658269,29609.0760913158,15825.3483517744,-1334.99029034347,0
4646,3047,9.3033524995356,3297.55165450959,24.9340811074061,15.2462807958544,15.7242385968368,23.4658067523996,28225.5908896077,23953.3601176544,-1264.60830984585,0
4647,3048,8.11854458517672,3470.62547339449,25.1800083329799,14.7458113633651,15.1952293759738,22.691985884375,26079.2534297147,23993.150657506,-1390.09764721588,0
4647,3049,8.67917574258768,3276.27916487311,23.6360629516313,15.1608618237488,15.621136993914,23.3302035273616,29617.5021440578,15801.5583402805,-1391.98833097292,0
4648,3050,8.07744001818473,3529.83136139449,25.1800083329799,14.5756257844476,15.0147066691318,22.4286723779571,26068.0546525157,24015.5117077123,-1441.93002475775,0
4648,3051,8.65182682017213,3375.7549947283,23.6703507736646,14.8572368111473,15.2994928390173,22.8605471427446,29612.276687213,15845.6529889917,-1356.18251741943,0
4649,3052,8.26423667895034,3656.70112139449,25.1800083329799,14.2277278202709,14.6459202268657,21.8904664531691,26059.2018475782,24028.3696318422,-1392.80142408718,0
4650,3053,8.45380123371065,2803.69252055257,25.3456134385411,17.1296074664896,17.7332787710702,26.3828304257418,26081.693792919,24006.865873814,-1396.91965798514,0
4650,3054,9.47619996279128,2414.91431294337,23.3357739267258,18.7153740474882,19.4030744590345,28.832963307494,29773.2595960998,14341.6841765009,-1280.91636762157,0
4651,3055,8.33964740414071,3178.86137855257,25.3456134385411,15.6876917392379,16.197280121825,24.1500906476345,26072.6516473959,24011.3947137259,-1427.24153456943,0
4651,3056,8.91676270617937,2277.60432014163,22.1172236209853,19.2913031597374,20.0023231631756,29.720835718707,27547.2782612411,9211.45300703295,-1371.82696905261,0
4651,3057,9.16134044845051,2326.06142894337,23.3357739267258,19.2224719646323,19.9452889322867,29.6187412816618,29784.2279748407,14326.6501153204,-1291.12870038991,0
4652,3058,8.38417637010399,3227.03224055257,25.3456134385411,15.5247595672225,16.0240325222235,23.8978846344345,26055.4025091779,24022.231680499,-1380.52414057055,0
4652,3059,9.36483410836486,2254.97135579703,23.3535703361382,19.6578684601562,20.411484046048,30.2935926873574,29780.0988607294,14303.1411452346,-1293.68229377488,0
4653,3060,8.19266227658215,3871.77731255257,25.3456134385411,13.7010795200341,14.0896273027432,21.0762736001429,26044.079034168,24024.2466165056,-1415.684745777,0
4654,3061,8.31330580394813,3109.80986855257,25.3456134385411,15.929231803071,16.454233576604,24.5240087529744,26050.1192529737,24010.0988203454,-1434.50231179281,0
4655,3062,8.1197162395312,2917.21452455257,25.3456134385411,16.657661884716,17.2300010483084,25.6518961589853,26062.4410165224,24008.0407297962,-1426.83222953472,0
4656,3063,7.91153916299533,4123.18207655257,25.3456134385411,13.1304621949962,13.4862593431027,20.1939299024152,26064.9506640634,24026.5854600998,-1390.32198896859,0
4657,3064,8.37479210531805,3693.65305055257,25.3456134385411,14.1473395935554,14.5621499124216,21.7665020622034,26075.1553566335,24046.937107545,-1421.18605347154,0
4658,3065,8.03939969376623,4150.23000455257,25.3456134385411,13.0727695414649,13.4253086047474,20.1047345125454,26082.7907022843,24023.9312695175,-1416.52295147158,0
4659,3066,7.91984362706812,4853.21182055257,25.3456134385411,11.7767040167762,12.0587448308608,18.1016977509102,26072.9851289136,24020.6513592973,-1438.04070606235,0
4663,3067,7.25074866194479,2490.55079387048,23.4522177820124,18.3290154063758,18.9917654234661,28.2347755665018,23919.0815878642,17319.9134737609,1046.40383667971,0
4669,3068,8.17058387175118,3972.83775274171,25.2192067331264,13.4520523530784,13.8251926609488,20.6908966861333,26083.5859941724,22819.2547519251,-1463.61470476016,0
4670,3069,8.15916854477967,3798.56332421978,25.2933295998975,13.8747882681351,14.2730629138454,21.3448115663151,26093.4193467203,22809.5241665852,-1403.66807760571,0
4671,3070,8.34083925603832,3424.78210421978,25.2933295998975,14.8938156301291,15.353308709549,22.9212790512434,26080.5949917923,22835.3993811084,-1491.30014148665,0
4685,3071,6.58130531228772,6830.4006127516,25.11223739823,9.42128582106541,9.58854135388649,14.4651058967312,23667.2331549118,22148.960908581,960.866510121325,0
4686,3072,6.60103646359821,7044.8677747516,25.11223739823,9.2378430710546,9.39714066219826,14.1821531577057,23695.1623825641,22180.9542017292,925.030799144693,0
4687,3073,7.14735402939255,4996.86154705228,25.1583209278018,11.5384352591737,11.8068937906366,17.7332863121467,23894.49671501,22444.4849647177,1230.02620978427,0
4711,3074,9.61587049909651,5114.41349674942,21.4873229248273,11.0951050470587,11.3171928214824,17.0419760081173,26714.8528773376,6204.96053006555,-1115.08031620087,0
4718,3075,9.298049822337,2666.72037081681,22.8463300940928,17.3732464876584,17.9647920816102,26.7523757703863,21804.1899958769,16042.9944388507,-1273.36800534371,0
4725,3076,6.94313878388655,5463.28115624408,24.4104874981172,10.8333018921537,11.0618708325833,16.6430887673712,21786.127887858,23103.356755413,-494.023097542355,0
4726,3077,6.83631375983298,2375.690476396,23.0641643424453,18.8878984409909,19.5839466002324,29.0993082043838,25198.1700994422,15174.6045203076,934.621885908618,0
4726,3078,9.68704800383334,4216.26365456577,23.4074480104138,12.7620279227816,13.0824727558655,19.6203018798632,20899.9338442613,20121.6094195933,-1167.26728674828,0
4727,3079,6.98394897163688,3795.83074945634,23.4859607654303,13.7004680371935,14.073485408508,21.0710568702219,22940.2714076337,18428.2011442247,1154.16153976476,0
4727,3080,8.90314072752352,3203.58017629177,24.205367004955,15.4660684423774,15.9506703556915,23.804017835144,29482.0442091156,18312.3757256021,-1370.57293992189,0
4728,3081,7.14243023948114,3911.66548345634,23.4859607654303,13.4260635508955,13.783621744672,20.646825633527,22950.8433380041,18437.652385946,1113.9265157448,0
4728,3082,9.04840561508623,3538.85994829177,24.205367004955,14.4449555321726,14.8675355607634,22.224137846219,29484.1142415185,18326.0547815194,-1377.76165007007,0
4729,3083,8.98729182934077,4479.45825229177,24.205367004955,12.326356300533,12.6295014271509,18.9487468425249,29489.1282993517,18322.419933735,-1402.96648160987,0
4729,3084,9.24517855733876,2378.24898759254,22.3064695522931,18.7412999432235,19.4172853446888,28.8694151231349,25370.9328505752,10064.6036753849,-1253.06392927835,0
4730,3085,9.41105114238846,3019.43346155043,22.2982942971743,15.8618796325972,16.3512180368631,24.4111041478064,25373.4018174133,10082.5921588648,-1196.73727594859,0
4730,3086,8.56638433080855,4662.32765996012,24.09763389027,11.9953299760237,12.280276167433,18.4370993797916,29545.2046189161,18364.3510276093,-1373.40284919704,0
4731,3087,9.66400838832279,2881.83844244499,22.2764391255077,16.3778305168876,16.8989477112117,25.2095111247872,25325.0066749623,10086.0696485159,-1230.98894205932,0
4731,3088,8.99347768162465,2740.38722549707,24.0661412567637,17.224097011545,17.8199906782962,26.5253027190484,28862.2515120136,18156.4123649452,-1256.30987775423,0
4732,3089,9.11696348885599,3358.76717549707,24.0661412567637,14.9544951411376,15.4063708895812,23.0120493867925,28909.3378662744,18195.8954266475,-1242.93736459332,0
4732,3090,9.4659692813037,2548.20921755043,22.2982942971743,17.8487883286813,18.4648748990563,27.4869434558051,25358.9177481495,10096.5306802933,-1206.23194642264,0
4733,3091,9.36802533012724,2969.83206749707,24.0661412567637,16.2819283904945,16.81652668221,25.0664478143552,28881.4557957306,18186.9148491981,-1344.82601866942,0
4733,3092,9.78042883283685,2763.40323755043,22.2982942971743,16.8650488393904,17.4172400952712,25.9637489786408,25377.6655927758,10083.2993676382,-1262.93702689733,0
4734,3093,9.71381719519998,2790.27495755043,22.2982942971743,16.7519345085065,17.2969195063325,25.7886446732887,25350.5050861678,10071.0087005483,-1231.40773118823,0
4734,3094,8.85231369974451,2231.27826149707,24.0661412567637,19.938999970812,20.7222502776398,30.732025306251,28877.2214752219,18204.8093327438,-1245.13401581743,0
4735,3095,9.18855794824327,2324.62444949707,24.0661412567637,19.359583598682,20.1016001731295,29.8338781761279,28890.1865599645,18197.6442421502,-1179.82724927276,0
4736,3096,9.25300022341518,2363.43426149707,24.0661412567637,19.1311339976025,19.85707141188,29.4798103559937,28852.3255446887,18177.7116746574,-1264.62505570369,0
4738,3097,9.06739633353769,1621.92897149707,24.0661412567637,25.2179691843753,26.403112453815,38.9222137710207,28889.8979514645,18185.6955896477,-1207.0526134484,0
4739,3098,10.5609560220994,2591.74128037817,23.8814582530107,17.886673341625,18.5246843768986,27.550964700937,28434.8384640631,17417.1796876418,-992.183642426222,0
4740,3099,10.2130947415263,3164.19128232108,23.7797081472585,15.546156196766,16.0314981281325,23.9267944949482,28484.8356740059,17432.8661271353,-1071.23645442051,0
4741,3100,10.231777529507,3292.42665432108,23.7797081472585,15.1268619384067,15.5864662876847,23.2779825649872,28422.8294806452,17441.9301838645,-1091.77405691737,0
4742,3101,10.0839585432075,3133.09057032108,23.7797081472585,15.6525156720317,16.1444570744606,24.0913935752453,28432.9662131405,17398.1915223527,-1013.00810433077,0
4743,3102,10.7056785947465,2761.26966432108,23.7797081472585,17.0910868759802,17.6749840046233,26.318428854584,28498.7044527202,17375.8180317493,-1135.36876988958,0
4744,3103,9.90398424977047,3615.85643832108,23.7797081472585,14.1893530650958,14.5930749318604,21.8277471072141,28445.887190079,17401.3869060561,-1067.23543119448,0
4745,3104,10.4877622191808,3198.52981632108,23.7797081472585,15.4309003505768,15.9091229266035,23.7484364535248,28470.2850522509,17393.4011310849,-1077.91459257074,0
4746,3105,10.509033002974,3418.08498432108,23.7797081472585,14.7436528186946,15.1801320458501,22.6851175306582,28491.4759662052,17422.594594475,-1058.21406381688,0
4747,3106,10.3776794273156,3188.68419432108,23.7797081472585,15.4637170919394,15.9439633416701,23.7992193139078,28444.5525312046,17442.1560829649,-1072.7585103213,0
4748,3107,10.3058615769462,3082.03430232108,23.7797081472585,15.8313294842278,16.3344296192612,24.3681385153986,28468.1501215942,17424.7519517922,-1050.16505846007,0
4750,3108,9.16172336022702,4645.34250841449,23.6621365977716,11.9892098924086,12.2707469763632,18.4267917588044,30293.9510181126,16574.6460836546,-1286.88142352633,0
4751,3109,9.12597000456441,4486.40289241449,23.6621365977716,12.2682279168094,12.5643153824936,18.8578356151285,30290.5677461281,16570.1367598075,-1273.46040819078,0
4752,3110,8.88028076774327,4343.56428241449,23.6621365977716,12.5343723411329,12.8445669609833,19.2690539942208,30265.747148532,16553.9644441814,-1272.41402221357,0
4753,3111,8.98817621816118,3734.4043768221,23.6662426276625,13.8707833615624,14.2550757623979,21.3348284353949,30238.4796028046,16572.8761119048,-1339.19369661753,0
4754,3112,8.98885374614029,3658.44555241449,23.6621365977716,14.0646477494071,14.4600768861378,21.6346029454197,30262.6042712079,16587.5562892351,-1292.53703929101,0
4759,3113,6.851138557075,1741.9367862941,23.0313330107686,23.6528633981481,24.6972281134993,36.488000304423,25792.5814276794,15725.4928742763,1037.47070938426,0
4781,3114,10.026652714257,2583.15734804314,24.3367465796715,17.9994026629475,18.6504434612634,27.7270840232973,26987.180538137,24918.1186971282,-1079.79087669657,0
4782,3115,10.4217098809887,2561.15337404315,24.3367465796715,18.1090020235199,18.7675137732469,27.8968817921103,27031.5900662319,24922.7996154178,-1091.46894839115,0
4783,3116,10.216357519561,3029.16182204314,24.3367465796715,16.0945657277575,16.6200175730527,24.7771733684454,27009.5925933967,24918.8749159165,-1045.09743251835,0
4785,3117,8.76614147453292,3043.43241685542,22.4854419029608,15.8005299032948,16.2881224843098,24.3167286287702,21799.6265097776,17245.3785887998,-1284.84432120151,0
4785,3118,9.91965173775698,3105.06431923817,24.3420117816001,15.8209961403185,16.3291600051058,24.3537182868645,27119.886427318,24843.477000095,-1151.39275321955,0
4786,3119,9.46876585407495,3159.64474723817,24.3420117816001,15.6311898873844,16.1274298751373,24.0599389050218,27157.5823881085,24878.9527724944,-1094.1038016827,0
4786,3120,8.95250729786049,2986.43998088532,22.5122800852777,16.0113755399597,16.5122738505053,24.6430891871088,21859.9048134246,17238.523684303,-1262.93569589071,0
4787,3121,9.53653508709492,3311.13957523817,24.3420117816001,15.1341610273982,15.5996065517303,23.2907628366252,27195.9440326148,24884.0208964968,-1180.94090372581,0
4787,3122,8.69389549480356,3427.38964885542,22.4854419029608,14.5679097271553,14.9816828539689,22.4098895754759,21824.0135207338,17240.487048416,-1273.12500941279,0
4788,3123,9.5609081876606,2918.92259323817,24.3420117816001,16.5165748285023,17.0691869621256,25.4305315533315,27128.6521022274,24889.5856494632,-1124.47551117579,0
4788,3124,9.02163974985817,3397.87480885542,22.4854419029608,14.6537343631058,15.0725190390153,22.5426233945883,21823.9587844842,17231.0499844855,-1349.43268768889,0
4789,3125,9.32824255806609,2812.86740323817,24.3420117816001,16.9501963170807,17.5310970591338,26.1019730487651,27135.8766999094,24839.0099783242,-1207.62128340892,0
4789,3126,9.3520958083295,2764.51647503446,22.5079909128887,16.8913125845746,17.447642010658,26.005084947795,21806.3101859215,17281.5660724671,-1339.16906929618,0
4790,3127,9.83054468178351,3296.66519940669,24.2193968928127,15.1654413579415,15.6316355710844,23.3388430290872,27157.0423827054,24865.6083201522,-1121.37227889436,0
4791,3128,9.66262508176101,2889.07406940669,24.2193968928127,16.6189460100107,17.1768833005283,25.5886755343485,27147.1377938404,24884.3454602202,-1113.7313814439,0
4792,3129,9.52053891172086,3386.61938340669,24.2193968928127,14.8875871423917,15.3368480011736,22.9089276217408,27179.0281292813,24858.9621856278,-1153.04390355302,0
4801,3130,7.72985185051931,2602.99420358994,23.9675790091838,17.8452586027078,18.4814985374916,27.48709235354,26467.6727179696,21043.9106224339,1260.94714325052,0
4802,3131,8.19607983560906,2659.40278958994,23.9675790091838,17.5770820268601,18.1953178786568,27.0716938221173,26465.6800910566,21050.3989036421,1260.64525903582,0
4808,3132,9.28506901889721,2502.45825485335,23.2978424307357,18.2420044492546,18.8969248560102,28.0994501506456,31271.2871577952,12553.7148619506,-1219.3038293496,0
4810,3133,6.94812424759476,6185.6529667935,24.1170104363158,9.98121704876008,10.1682202718023,15.3275179824194,26602.8030202865,21252.8644026193,911.361190939371,0
4810,3134,8.77981768533938,3674.31452429073,24.2795762910607,14.0880505763308,14.4902536918387,21.6722873824443,25149.6392915051,23573.6484262417,-1232.60045617613,0
4811,3135,7.15386376548399,5994.1148707935,24.1170104363158,10.1848049239667,10.3810727979171,15.6416624673278,26751.9723372989,21399.0170871686,1135.91748303665,0
4813,3136,9.43791410546743,2613.82322291915,22.4078866099174,17.5504814288634,18.1483160138459,27.025362888101,21205.6264385032,17408.6404843381,-1244.47404107939,0
4815,3137,9.09117428467571,2722.57971345573,23.3614645229763,17.1995150325643,17.7857387864116,26.4850170558936,26238.8730853601,17862.5113878601,-1300.87222611176,0
4824,3138,9.01986112719267,2710.52787318256,24.2239746865168,17.3805721041141,17.9886382888477,26.7681377942347,29567.5594251944,22209.0902343956,-1352.81163442721,0
4825,3139,8.82946700189767,2152.12472118256,24.2239746865168,20.4967398169402,21.3224575245022,31.5973386158614,29589.1771513483,22233.6611522301,-1400.90763932294,0
4826,3140,8.95331201956204,2539.32770471142,24.2180236895237,18.200684556589,18.8640439048964,28.0385355411127,29568.859618219,22180.5143388475,-1324.08836334567,0
4827,3141,9.53373063781497,2519.27611518256,24.2239746865168,18.3044667382354,18.9750060903375,28.1993501170669,29583.9648857513,22212.7225703104,-1404.65519584351,0
4828,3142,8.47838257413533,2736.36437118256,24.2239746865168,17.2648486334982,17.8652209035081,26.5889059088876,29567.785686668,22209.1696146536,-1307.21881967042,0
4829,3143,8.42302001505516,2436.56848518256,24.2239746865168,18.7450609415625,19.4460274367668,28.8820534234631,29530.3139108412,22236.6660386391,-1319.10054899567,0
4830,3144,9.12163014906744,2700.98481951025,24.2267753248387,17.4242404236542,18.0352495282563,26.8357819671526,29569.6652883016,22195.3546151328,-1348.68835385743,0
4831,3145,9.18216529824453,2501.64951951025,24.2267753248387,18.3965703987072,19.0734712933544,28.3420654934955,29585.6584344188,22199.2719680812,-1315.66070424844,0
4836,3146,9.65490207750171,3943.5804878079,23.9404041853684,13.3970857211399,13.7567900120949,20.6030675648121,31523.984430891,18945.8360416584,-1103.87748626877,0
4836,3147,9.63967924546966,2678.57343559491,23.3981461048015,17.4028639238884,18.0028851845664,26.800039175147,32248.9100849045,12270.4995043094,-1121.85325106729,0
4837,3148,9.74904315198189,2853.57436692025,23.4091625015746,16.6503765775368,17.2015011601762,25.63490307276,32201.348525301,12277.3414562531,-1180.75944085768,0
4839,3149,9.60484506143668,3860.09212759491,23.3981461048015,13.5376536732011,13.9007274353355,20.8191321760851,32196.3280045979,12276.0742934376,-1110.45219097529,0
4840,3150,10.6874913137452,3447.69909434987,23.3487417737536,14.6082780676713,15.0326577803089,22.4745953882904,31733.4081570221,11578.2607424635,-1027.71222557732,0
4841,3151,10.9019070785523,4566.68244425203,23.3101499233293,12.0960610310895,12.3805781739623,18.591146397651,31758.5959189403,11599.2510108531,-985.316266383525,0
4842,3152,10.7465698769041,4422.41567234987,23.3487417737536,12.3587307053286,12.6572427717911,18.9970163128378,31798.7241336391,11577.9623472009,-1087.01920998103,0
4844,3153,10.1849654970174,4131.98926774212,23.306470498563,12.925623570279,13.2541198449365,19.8729012351567,31791.1245070748,11552.9858456621,-1001.26756846167,0
4851,3154,8.93234710091114,3475.49163474584,22.4627473152935,14.4282554265054,14.8336990711269,22.1938561981311,30460.1850064136,8888.66079196217,-1076.93439387731,0
4855,3155,7.03252766200797,2076.23675091107,23.2614261795132,20.8461388921061,21.6836441206086,32.1353339066674,23292.7595660611,16858.2057301268,1189.3391823442,0
4855,3156,9.24060132711144,4563.72206051775,23.9882107646404,12.1571600492012,12.4497884313549,18.6868952369099,22057.6282110018,22466.4114765153,-1163.01076704383,0
4856,3157,9.63160047102346,4008.66686051775,23.9882107646404,13.2550303025452,13.6071633193079,20.383567866217,22068.0453571595,22496.9183963663,-1258.4077193645,0
4856,3158,6.96391727383698,1820.07437091107,23.2614261795132,22.9527149076931,23.947208760582,35.4026846543139,23270.4156338666,16831.7662480283,1203.51664378418,0
4856,3159,9.78317156567516,4473.17139815054,22.4531275610177,12.1892782697776,12.4721916058837,18.7333693838453,30367.8036254077,8926.53661905754,-1202.63308196791,0
4857,3160,9.33812629134215,4215.71126051775,23.9882107646404,12.8154428519634,13.1433097351804,19.7040992577795,22013.1607713455,22483.8447669618,-1213.7393214552,0
4859,3161,9.91470681517808,3002.88919315772,22.524670948396,15.9524809140054,16.4498668188608,24.5519845301395,30479.6160760954,9081.36646865622,-1188.4870795109,0
4860,3162,9.83769543479126,3470.49020801785,22.5674529278665,14.4543004457364,14.8622543927001,22.2344093763488,30461.3338175536,9042.44381203411,-1194.26578360881,0
4873,3163,8.66847203614724,4276.80524806039,23.2726338775278,12.6295177313284,12.9418001608631,19.4152471093544,22112.0503687246,17291.536365101,-1364.92050803176,0
4874,3164,8.41618898966912,4084.18787806039,23.2726338775278,13.0232401460456,13.3567787317657,20.0236914178441,22126.881998365,17280.7515675539,-1440.63642762991,0
4875,3165,8.43328564450834,3917.82900755869,23.221929540877,13.3859142985373,13.7390152169951,20.5841491979004,22111.4593550306,17228.0352780391,-1436.61316689615,0
4876,3166,8.56434589070578,4209.00922006039,23.2726338775278,12.7644398639961,13.0839536085016,19.6237364114735,22121.6833002248,17287.3614583471,-1351.70924520256,0
4877,3167,8.56017013636591,3943.17742606039,23.2726338775278,13.3330999550173,13.6836926756099,20.5026266170274,22119.8343402298,17290.7787245423,-1408.69429063201,0
4877,3168,7.74361258691644,2348.14103963293,24.418325875536,19.2811353386999,20.0221395263794,29.7135359493785,25528.426498982,21329.9840398283,1095.31729782837,0
4878,3169,7.64185431073531,2102.74937363293,24.418325875536,20.8832456560043,21.739983272768,32.1974282299179,25545.3274398653,21331.6235897805,1164.32049442083,0
4878,3170,8.85338474076768,3931.12920406039,23.2726338775278,13.3604930997627,13.7126070570071,20.5449705796366,22112.4402373721,17280.8086766306,-1341.16297521945,0
4879,3171,7.73774673700761,2210.28030563293,24.418325875536,20.1406898019984,20.9431964664908,31.0460146092892,25530.5065248202,21360.8781749292,1105.89834899032,0
4879,3172,8.56070402307184,4118.98895806039,23.2726338775278,12.9496818185742,13.2792136891475,19.9100073422509,22096.5216272491,17281.5982673724,-1397.07326346806,0
4880,3173,7.45909923220621,2119.61452877799,24.4904956654319,20.7761216035864,21.6259758171495,32.0315798589137,25530.5314814825,21353.7485400093,1152.04407216629,0
4881,3174,7.17091924349367,2368.19996477799,24.4904956654319,19.1760859689121,19.9105841666599,29.5509673997858,25558.3663732249,21340.1403171356,1171.75470290322,0
4882,3175,7.59043579023004,5296.46856077799,24.4904956654319,11.0598255524737,11.2999528721084,16.9929677457488,25530.418917983,21284.3267393361,1143.48806246899,0
4883,3176,7.30618405091724,3187.65526877799,24.4904956654319,15.5541704651595,16.0470547839265,23.9411377738728,25505.9826022064,21323.0814447664,1145.92318369278,0
4884,3177,7.40905522882262,2814.02823077799,24.4904956654319,16.9661214625173,17.5496936714433,26.1270820025918,25562.5340668553,21330.2148523852,1182.9748541199,0
4885,3178,7.39427940874623,2876.03142077799,24.4904956654319,16.7087560755322,17.275445834955,25.728538916979,25541.1590666228,21341.0465836245,1128.30583316623,0
4886,3179,7.01953045037698,3064.61803277799,24.4904956654319,15.9845209063965,16.5045371826354,24.607254594357,25532.7377700805,21297.9578695701,1179.97855708079,0
4886,3180,8.99403920489655,2983.09905870025,23.7341828635927,16.1875440879509,16.7126265240235,24.9193733505655,21507.080057682,19349.6488339168,-1504.71785678873,0
4887,3181,8.92055004599507,3732.99852703951,23.7553256283588,13.8835069452519,14.2693033395465,21.3547161448218,21556.0268262106,19321.930438972,-1490.67551150482,0
4887,3182,7.1765809183405,3327.85075877799,24.4904956654319,15.0990876775694,15.563787106415,23.2368782151969,25511.1881877481,21340.7819450844,1149.86999915318,0
4888,3183,7.09768373552505,3375.91149077799,24.4904956654319,14.9509657397566,15.4066063878088,23.0076849164409,25552.695305032,21315.5378599234,1141.94747556246,0
4889,3184,7.23963244537238,2862.55150877799,24.4904956654319,16.7638436512595,17.3341341535935,25.8138412231429,25553.2380450176,21316.6029668331,1195.27604896595,0
4890,3185,7.28037025099274,3046.23269258979,24.5604338699465,16.0604905341067,16.5860555728178,24.7250530644554,25529.520870472,21319.220465225,1123.69476073081,0
4890,3186,9.06743211097692,3226.94069231098,24.5126997217645,15.4257058603949,15.9107954869899,23.742377995956,30593.4437848564,19133.5703513315,-1252.10458013867,0
4891,3187,9.5941385011269,3002.49988111424,24.5270517813543,16.2186878537559,16.7540350082948,24.9698655447225,30598.1167826626,19090.4470034831,-1323.15267823019,0
4891,3188,9.69244509650166,3638.59791774365,23.6509066102737,14.1154182771044,14.5136907354304,21.7130897240683,20933.6509432199,18755.6630936001,-1181.39415587256,0
4892,3189,9.24431356274196,3342.57719231098,24.5126997217645,15.0558544728059,15.5181123822035,23.1700380399591,30589.5195443628,19126.6316897241,-1293.89065830152,0
4893,3190,9.37862097719813,3158.79224831098,24.5126997217645,15.6551243493435,16.1545511977029,24.0974479700373,30572.4958550952,19156.8670582148,-1257.45101638814,0
4894,3191,9.26797826010319,3072.93490031098,24.5126997217645,15.9572631762238,16.4757717914904,24.5651218638531,30617.8227903758,19125.1488428387,-1267.9076534093,0
4895,3192,9.57145756525764,2845.19018911424,24.5270517813543,16.8405524724585,17.4162635845712,25.9327357073525,30595.5534667882,19111.4668089945,-1276.34764260549,0
4896,3193,9.41396046665628,3172.36026431098,24.5126997217645,15.6087363739068,16.105253608114,24.0256505783151,30569.8555279876,19148.0924614376,-1314.11373813449,0
4897,3194,9.41081299144154,3258.63610631098,24.5126997217645,15.3219698016506,15.8006202297339,23.5818381561293,30634.8224333698,19118.7137988767,-1301.05265903154,0
4898,3195,8.85787573371199,2103.13012031098,24.5126997217645,20.8988981730532,21.758106658419,32.2220653840598,30613.4039554123,19141.7897197052,-1297.31509580482,0
4899,3196,9.48943366740673,2683.47116831098,24.5126997217645,17.5467179494964,18.1691791388693,27.0263860110015,30625.3473641769,19138.3788955302,-1311.63247716104,0
4900,3197,9.11291150029107,2551.47316514307,24.5995008436817,18.198919865898,18.8667035928099,28.0370535767664,30568.1835804879,19139.7406043856,-1222.78236453246,0
4901,3198,9.59550477806485,2400.44488017063,24.5875067352624,19.0073115261128,19.7311370925248,29.289720904431,30600.7195056263,19108.0233980644,-1325.4802005311,0
4902,3199,9.50834186695021,2664.91106217063,24.5875067352624,17.6441475836106,18.2740215833968,27.1775421457497,30590.8749009842,19119.372763686,-1285.30440940055,0
4902,3200,9.76800731797636,1717.38435817639,24.4943633129842,24.2662329238279,25.3828578564021,37.4466952348544,26976.6236371351,19272.5191622327,-1164.22600052581,0
4903,3201,9.50843602110632,2805.47699714307,24.5995008436817,17.0177465635245,17.6059148394882,26.2073592036494,30577.26356235,19124.335844684,-1265.2208671156,0
4904,3202,9.21790093745341,2598.17228217063,24.5875067352624,17.9640719586572,18.6156455100214,27.6731578196451,30599.1548656862,19113.7540817268,-1316.3866075257,0
4904,3203,9.95705928894312,1621.37669268389,24.4671846729598,25.3299225139874,26.5309606723803,39.0979477111906,26986.7115983059,19189.0772859066,-1123.95598617034,0
4905,3204,9.34683157666904,3274.37048217063,24.5875067352624,15.2799767170723,15.7567426476344,23.5170494183092,30614.7109688956,19134.7937542272,-1315.00366787428,0
4906,3205,9.40754715410643,2990.45134514307,24.5995008436817,16.2736768876521,16.8133051031089,25.0552044127335,30567.838423832,19131.0660238469,-1284.26290134078,0
4906,3206,9.75985990127832,2090.85721417639,24.4943633129842,20.9846411606578,21.8499266134211,32.3549683565769,26969.0132599635,19242.6096886045,-1084.54126012601,0
4907,3207,9.55197593261162,3010.18664114307,24.5995008436817,16.1992189423143,16.7340616043889,24.9399297673762,30579.0928301459,19132.4700737468,-1268.27976325509,0
4908,3208,9.64199543739027,3897.01947914307,24.5995008436817,13.5688722662139,13.9437269596563,20.8701593033208,30565.2867385403,19102.0076334305,-1279.52637511583,0
4909,3209,9.53206798249346,3655.63654514307,24.5995008436817,14.1703427019494,14.5801495183892,21.8003290772582,30538.9043624893,19115.0341534707,-1248.78862427326,0
4910,3210,9.47270239237476,3094.79955557737,24.6848408309018,15.9005092867826,16.4171422012644,24.4777444155823,30606.4759313159,19132.7950933414,-1260.22154696001,0
4911,3211,9.10375013286117,2906.08078757737,24.6848408309018,16.6138580817302,17.1764203434997,25.5821623835224,30607.8666069722,19132.0536561992,-1293.94819375164,0
4912,3212,9.52652506733159,2762.62544957737,24.6848408309018,17.2152359510349,17.8174442855094,26.5134803085549,30573.3175194491,19139.667723598,-1215.05351878643,0
4913,3213,9.23001575477396,3355.97188383448,24.6973080370816,15.0356779200289,15.4984240397381,23.1392927052324,30583.7181946936,19142.8574455489,-1206.83616026019,0
4915,3214,8.84909559352523,2355.66921563917,24.7583558949843,19.2950734450256,20.0413755091609,29.7363279597486,30678.0770913882,19868.5024289976,-1279.63484444365,0
4916,3215,8.93924007643204,2127.72214163917,24.7583558949843,20.7699237924332,21.6230121985311,32.0229862918149,30630.5011724654,19866.2660137778,-1414.86698693106,0
4917,3216,8.80326990786196,2708.26142363917,24.7583558949843,17.4690255018642,18.08903455773,26.9068037089135,30604.8486297777,19846.3850453124,-1317.14070109755,0
4918,3217,9.19927096029508,2604.69517163917,24.7583558949843,17.9582011618799,18.6113585104932,27.6646089792627,30642.7802709333,19852.9038203318,-1320.07273912372,0
4919,3218,8.78261717409963,2972.13290363918,24.7583558949843,16.3644640295269,16.9115914596566,25.1962180163935,30656.2782726273,19860.7898624689,-1289.04083763321,0
4920,3219,9.32686440880397,2441.0663584656,24.8566981845373,18.8244754373969,19.5387775069052,29.0072700792335,30619.9931147872,19846.4329064794,-1312.32156310971,0
4921,3220,9.19800878918735,2444.1499984656,24.8566981845373,18.8074644611801,19.5205733445083,28.9809063700398,30621.5376661477,19889.1633024632,-1273.71543976447,0
4922,3221,8.8486727004501,1810.8364204656,24.8566981845373,23.4101799535038,24.4653167046324,36.1195611896582,30666.447964143,19918.5327443844,-1303.03307595138,0
4923,3222,8.59587705272279,2254.1316964656,24.8566981845373,19.9355655981397,20.7290305134673,30.729584938207,30632.3126821064,19908.0477864695,-1397.90453865102,0
4924,3223,8.85974253053042,2293.1617684656,24.8566981845373,19.6897761453388,20.4655247177781,30.3485268575582,30611.1753503091,19906.2400470985,-1233.07980913328,0
4925,3224,8.88661402053535,1944.5562664656,24.8566981845373,22.2068183655802,23.1690879853082,34.252226200461,30647.3105161511,19914.2073691075,-1316.96996765497,0
4926,3225,8.93791659789203,2603.3759524656,24.8566981845373,17.9796412186161,18.6354012541603,27.6981395591068,30632.474643151,19900.2828227734,-1292.80616228313,0
4927,3226,7.34293792960155,2686.99239459049,23.4908901358373,17.3784586880567,17.9779532146391,26.76254231547,24284.4892262731,16590.3816365227,1119.06806165482,0
4927,3227,8.99630592185498,3403.4263504656,24.8566981845373,14.9091678418154,15.3656367999984,22.9439422346441,30667.9593687117,19880.6765745587,-1323.43248991964,0
4928,3228,8.8911357344339,3343.2513184656,24.8566981845373,15.0933420390823,15.561116689316,23.2289317663672,30676.5714274886,19887.0658800557,-1269.56141850563,0
4928,3229,7.13402392908931,2387.92336659049,23.4908901358373,18.8923608958562,19.5942653877795,29.1077513570028,24274.3412776601,16560.705073276,1107.88307270736,0
4929,3230,8.67260964474888,3530.7806824656,24.8566981845373,14.5381346709499,14.9720988827675,22.3698832881641,30603.8951315325,19915.5410842525,-1322.97077973923,0
4929,3231,7.07264845303569,2152.42137459049,23.4908901358373,20.3541480403336,21.1593278664405,31.3734435822607,24271.0140344258,16527.5898654024,1040.5058682587,0
4930,3232,8.83769950944637,3115.74714054789,25.0966063809791,15.8773131036905,16.3965515793282,24.4429607219871,30665.5873016299,19866.2595247415,-1344.44416547225,0
4931,3233,8.41921353903436,3596.09014854789,25.0966063809791,14.3823935446231,14.8091097192419,22.1295276993297,30610.4583140092,19875.1314312426,-1231.22205321864,0
4932,3234,8.78098915956131,3421.60017654789,25.0966063809791,14.8814683555212,15.3384268698022,22.9016835694987,30635.9326333468,19870.5914424634,-1267.46792854787,0
4933,3235,8.34479266953258,3120.41665254789,25.0966063809791,15.8607821074884,16.3789664001744,24.417369970966,30599.5687067459,19935.9397696728,-1214.55629486925,0
4934,3236,9.04071770538957,2403.31617054789,25.0966063809791,19.0758917173608,19.810855250068,29.397750687168,30621.6374337414,19914.1819588618,-1377.24543850089,0
4935,3237,9.10027984202947,2486.33216454789,25.0966063809791,18.6170713167796,19.3197413855542,28.68663745046,30619.1456883156,19904.4213754213,-1306.2865152376,0
4936,3238,9.18985732899219,2013.16963254789,25.0966063809791,21.6962958653805,22.6232789379131,33.4611526861202,30620.7704336542,19901.291585086,-1342.83771678675,0
4937,3239,8.81485413166673,1987.46529054789,25.0966063809791,21.9023363093879,22.8449261193339,33.780796779167,30628.1107498155,19900.4683191974,-1390.89515653771,0
4940,3240,10.7172511424858,2802.73919614845,25.1425620509914,17.1054506731321,17.7053277997683,26.3448138132568,31781.9047254337,21396.4280910979,-1010.59490290456,0
4941,3241,11.2454087208934,3462.46640757684,25.1161049310357,14.762657593787,15.2125310884646,22.7178941911694,31799.4598633735,21403.500110085,-1006.41657445472,0
4942,3242,10.7038751892945,3172.64384014845,25.1425620509914,15.6844745735722,16.1919023190898,24.1445717201696,31793.9495804266,21394.0835301098,-998.052737996824,0
4943,3243,10.7722289514204,3249.32087315498,25.0726406567797,15.4186802052306,15.9086959768004,23.7329822698444,31772.8908061066,21411.8900626027,-977.469759405716,0
4944,3244,8.59088693437114,2838.97500948553,24.4320927532441,16.8532313527512,17.4287469061751,25.9520866480575,24669.3258105758,23119.898285269,-1357.11018074804,0
4944,3245,10.9774026621909,3752.33538372478,25.1008134734764,13.9715806733877,14.3739455817736,21.4940773836455,31809.2290008566,21384.9793987226,-989.365964750875,0
4945,3246,10.7111959459388,3185.86396715498,25.0726406567797,15.6308294993135,16.1341885005601,24.0613482141931,31788.8175998521,21394.6640399016,-972.654517593636,0
4946,3247,11.0697245604571,4203.64130757684,25.1161049310357,12.9405492381319,13.28393441012,19.899850844126,31771.7353806547,21387.6634521335,-1010.39012292546,0
4948,3248,11.5023647890927,4055.07600515498,25.0726406567797,13.2536956077219,13.6143665282991,20.3838791776014,31771.361163931,21367.0955420125,-1019.08213643365,0
4949,3249,7.78769462277233,2214.48542988068,24.0171601967161,20.0389511453215,20.8287162105047,30.8867937878738,25416.7671343667,17872.3101202383,-1528.97608832486,0
4949,3250,10.9170149843843,2842.67686115498,25.0726406567797,16.9262375321615,17.5134505098718,26.0670431389652,31757.0858160016,21386.0204613109,-993.683043163917,0
4950,3251,7.98651420344854,2442.68542407107,23.9805411264129,18.6712584741178,19.3640758830232,28.7668550653007,25378.4632999634,17892.4587601925,-1520.65332265624,0
4950,3252,11.1273541678714,3981.15472307187,25.0692302486193,13.418963263897,13.7890198723627,20.6394046060096,31750.9483872629,21394.3884878171,-978.790657405286,0
4951,3253,7.96623258911158,2794.96479049732,23.9348239359118,16.9685356457566,17.5461419264149,26.1291336827968,25382.9880734021,17882.502466614,-1507.80347311471,0
4952,3254,10.88742381274,2896.68258707187,25.0692302486193,16.7034254997223,17.2758970807595,25.721973035145,31786.719329938,21397.1154975081,-984.736341728947,0
4953,3255,10.6482004917801,2812.08072107187,25.0692302486193,17.0551917771367,17.6509310106434,26.2667537398828,31807.4299752698,21386.0610348329,-989.630135256652,0
4954,3256,6.79774793495006,2799.16902258727,24.3639274205519,17.0114823093975,17.5966572631964,26.1969474201695,24302.3684394711,20584.2069988591,1030.81878881219,0
4954,3257,10.4129956849866,2730.03387107187,25.0692302486193,17.4153203938837,18.0351706138406,26.8245652812626,31777.8729988185,21396.6684938913,-1009.68787344132,0
4955,3258,6.93388838538217,3018.94704270129,24.3876974022278,16.1390347129468,16.6678473969784,24.8461580395502,24310.1129707544,20603.5545420525,1023.86854537668,0
4956,3259,6.78347195307004,2814.98369058727,24.3639274205519,16.9443291363148,17.5250841267983,26.0929532879812,24309.4117720886,20569.5608335884,1013.25591370532,0
4956,3260,10.6317007961935,3111.3710408935,25.0928337964089,15.892378518447,16.4125411562488,24.4662726147346,31780.4944212257,21370.0364736458,-1003.23207330007,0
4957,3261,6.7843545543803,2750.78049270129,24.3876974022278,17.2247496502586,17.8242947944368,26.527307312357,24324.2513610855,20598.3636090983,1048.62078465875,0
4958,3262,6.54569598019995,2804.76362658727,24.3639274205519,16.9876471749626,17.5712521435582,26.1600357478411,24297.42863235,20592.0552158286,1046.48820751083,0
4958,3263,9.45349216530542,2200.78346289923,24.5625895634726,20.2302727434864,21.0412079240832,31.1854425609351,30916.0993463875,16383.5831260535,-1273.92579179708,0
4959,3264,6.66737225041754,3483.87859499224,24.4123454777118,14.6230880840686,15.0581737913949,22.5002117427189,24400.7684321168,20610.3296555127,1000.4117281372,0
4960,3265,6.85695630317778,3129.06815127892,24.4086132155489,15.7450765636761,16.2491250754132,24.2363912091134,24481.4474522376,20559.6728918084,1008.57130827048,0
4961,3266,6.63664875817242,3236.86339527892,24.4086132155489,15.3805707440707,15.8618499066202,23.6722499175751,24483.6800077153,20555.8218431557,969.170940861465,0
4962,3267,6.74452527065844,3419.92713522819,24.4355561842601,14.8124314866822,15.2591459706675,22.7932018573905,24479.2817290899,20580.5688268292,1031.06738245088,0
4963,3268,6.48571712693596,3397.08051927892,24.4086132155489,14.8776397933881,15.3280588928005,22.8940224965521,24491.2014055846,20582.6578897484,1008.01738328599,0
4964,3269,9.0236135192857,2742.26431504885,24.0085005379385,17.2074322657405,17.8015735413671,26.4993149569811,30327.1317275968,14833.1735395744,-1312.72347406479,0
4964,3270,6.58982037190296,2788.74442527893,24.4086132155489,17.062464492041,17.65149467678,26.2760365963775,24478.3747701427,20584.089378467,993.704602123255,0
4965,3271,8.80675819338979,3151.92588904885,24.0085005379385,15.6163472348882,16.1083405724727,24.0360527562506,30317.7088323711,14827.9851320571,-1321.9121557351,0
4965,3272,6.32713658204559,2757.55560927892,24.4086132155489,17.1979574595359,17.795957298133,26.485876711587,24477.1659989985,20566.114319775,1024.24504525462,0
4966,3273,9.03567333890419,3367.47232504885,24.0085005379385,14.9213277149913,15.3706502099178,22.960583875195,30342.3098876036,14833.7329140791,-1290.66885586378,0
4966,3274,6.73168880790937,3339.63671127892,24.4086132155489,15.0529416917617,15.5140430140039,23.1652614666195,24482.0756377829,20564.6495853102,998.0410920196,0
4967,3275,6.60384039743851,2772.46721127892,24.4086132155489,17.1328298975177,17.7265131094921,26.3850111930255,24486.6068127604,20581.5996713744,1032.77273795168,0
4967,3276,9.32225855039565,3465.26776504885,24.0085005379385,14.6318381873363,15.0637577933594,22.5127312450993,30323.8008103173,14833.1512960108,-1322.80291201568,0
4968,3277,9.20486110386063,3892.85850304885,24.0085005379385,13.5210335188031,13.8882957881335,20.7948502556378,30332.3132746012,14832.480206743,-1346.09255158994,0
4969,3278,8.70985347797946,3876.86762704885,24.0085005379385,13.5586048893734,13.927997431822,20.8529395816941,30356.447546844,14829.7741688058,-1305.29251964912,0
4984,3279,7.25958868575711,3561.78599754615,23.393488174532,14.2933024028148,14.6996024303436,21.9875497402852,23256.9420100494,16941.9476358335,1230.39865930514,0
4989,3280,9.48502386787619,3486.30692037511,24.8945451767762,14.6690649747335,15.1112679790561,22.5725393468296,26956.8815972363,24489.1508421024,-1190.64079289585,0
4990,3281,9.76480309067067,3259.18297862932,25.0666650075428,15.38567883378,15.8735726429297,23.6818897840941,26969.2398578123,24432.9943180432,-1166.49983158618,0
4991,3282,9.26535903377024,3064.11621797354,25.070121691713,16.0598045684355,16.5904606311021,24.7254054178422,26968.9643009719,24470.2811595147,-1116.49204957326,0
4992,3283,9.85466291212059,2858.30527397354,25.070121691713,16.860759415991,17.4436122674727,25.9656291248323,26951.8425089627,24472.4891273213,-1155.34570773592,0
4992,3284,10.31031734146,2843.9562497795,24.7274755424445,16.8733750712955,17.4534028994093,25.9841590630929,23311.0839789237,23752.3588476158,-1120.65759462223,0
4993,3285,8.36324166087093,2830.41360046232,25.068555776244,16.9772429629222,17.5677946407262,26.1460256337981,26614.8648838809,24195.654155672,-1302.45644455679,0
4994,3286,8.63053201982124,2976.02748646232,25.068555776244,16.3900540174334,16.9420321946436,25.2367190620157,26624.9631744649,24192.1112761428,-1464.64842713005,0
4994,3287,10.1653699222134,3233.9926577795,24.7274755424445,15.4281427563295,15.9154551273707,23.7467198825141,23281.569936754,23745.6503379375,-1094.40477007436,0
4995,3288,10.1739841907287,2856.0044717795,24.7274755424445,16.8233720583816,17.4001092211968,25.9067239898961,23316.0512375938,23747.5759576829,-1081.71482944456,0
4995,3289,8.04419746742063,2566.29983446232,25.068555776244,18.1966839465297,18.8698153493321,28.0351048266,26608.2960507062,24182.2376171709,-1282.95920491047,0
