frame,id,lobeDist,intensity[photon],offset[photon],UncertaintyX,UncertaintyY,UncertaintyZ,x[nm],y[nm],z[nm],Probe
6,1,9.78316582802512,3998.89827631951,22.5743345307903,13.1407646806424,13.4749370888711,20.203734118384,20885.777980016,20813.0695921899,-1189.36054129441,0
8,2,9.5280761460978,2959.35221422244,22.5730571881021,16.1207278444593,16.6290890856475,24.8125065743396,20904.1181725455,20781.3765247755,-1201.89881103615,0
22,3,7.02647990094508,2301.1632152564,22.4451801674486,19.2103369577509,19.9203129824823,29.5966309699974,26415.849045044,19092.0831159749,975.93082048261,0
23,4,6.62187508832907,2559.7484552564,22.4451801674486,17.8159106510354,18.4316707766936,27.436534840602,26409.9740576871,19065.5636322748,964.790200565617,0
32,5,8.89133346657679,3404.93905089058,21.245550981465,14.4868022552365,14.8836589432457,22.281093735027,30726.133941415,8787.75828984461,-1431.43824374573,0
32,6,6.26851820256009,2394.44004508342,22.2021826015746,18.6332447039916,19.3005131327893,28.7016374087953,23154.7321053343,17697.2788047621,880.805468297039,0
33,7,8.83450748524143,3239.63392089058,21.245550981465,14.9830886591127,15.4085380790457,23.0485294513595,30745.7842746323,8790.96353609214,-1525.43931256118,0
33,8,6.23389404082645,2306.7809712115,22.1847497139182,19.1297089167726,19.8305576430796,29.470716830201,23130.3142826011,17685.8943262405,927.926015487782,0
34,9,6.47742460250777,2385.82787908342,22.2021826015746,18.6808396371707,19.3513285933054,28.7753676898049,23154.1400092017,17714.4684068494,853.704293150058,0
34,10,8.58157782787496,2535.50675289058,21.245550981465,17.7382322136437,18.3335665756608,27.3120235442629,30709.4546353657,8799.17991521573,-1505.334429299,0
35,11,6.6131919115587,3019.05335308342,22.2021826015746,15.8503602937873,16.3379442600638,24.3929907145149,23142.7875184986,17699.5893510032,877.394997418162,0
35,12,8.61868536991286,3331.17397689058,21.245550981465,14.7028055744407,15.1120266269496,22.6150898700606,30722.9680404401,8804.48390796816,-1478.73578777845,0
54,13,9.15626927854563,3285.95520548089,21.2972126925269,14.8459167124296,15.2639351568767,22.8365429038177,30646.0342214316,9016.31198394371,-1368.82203194439,0
55,14,9.36630767531121,2860.67719748089,21.2972126925269,16.3209352285909,16.8272153208399,25.1183469664764,30630.7596293773,9017.20128739067,-1400.04321859825,0
56,15,9.17123742919452,2781.49372748089,21.2972126925269,16.6402438810118,17.1663343302173,25.612499858087,30640.0593142841,9007.87024189251,-1367.71196908716,0
66,16,7.84304195546782,3180.51272479359,21.2631257774466,15.1740528933659,15.6108649144794,23.3439273240034,26023.4245874664,9090.4166169736,-1508.04845127369,0
70,17,8.28283959045454,4148.06322307106,21.2601006956367,12.7000529741325,12.9997448277271,19.519724269232,26016.5077352936,9115.26792081774,-1513.84706958592,0
71,18,8.10540229950729,4086.96309907106,21.2601006956367,12.8251510337834,13.1313542240668,19.7129799109184,26012.8289578968,9112.47612620443,-1486.42549794377,0
72,19,8.17655069411073,3977.58198307106,21.2601006956367,13.0575866981677,13.3760126116114,20.0720883237732,25992.2781619968,9138.25364828596,-1519.07419513456,0
75,20,7.67182519953533,2211.25525887427,21.3529949932067,19.5553853248873,20.2736440902485,30.1270024237448,25983.5087424728,9400.89727246408,1237.68516513692,0
76,21,7.63099656426566,2232.22401087427,21.3529949932067,19.4245975125663,20.133885325495,29.9243628662395,25994.5325985223,9419.92894933237,1247.09206643218,0
78,22,7.592199529043,2004.66080116487,21.2999216430578,20.9662881266925,21.7825462312812,32.3133618981859,25807.8840035748,9285.63748969278,1180.15201112864,0
79,23,7.82633922285494,2031.11402716487,21.2999216430578,20.7694696228938,21.5717274832304,32.0082773614771,25761.9148690117,9254.40498786479,1206.46499748671,0
81,24,7.85806955813193,2068.62799948292,21.2500751093753,20.4879063467335,21.2694838552473,31.5716521690847,25768.0325653087,9268.44065862575,1177.09309709056,0
82,25,7.78026035928922,2184.61691548292,21.2500751093753,19.704636351549,20.4316486040587,30.3578396823963,25761.4873671607,9296.88334415055,1220.88244318714,0
83,26,8.11373219855059,2389.98733948292,21.2500751093753,18.4900516851694,19.1348222838394,28.4762861450712,25727.9914292088,9292.37141843629,1237.43779550067,0
84,27,8.22723063435789,2243.77875148292,21.2500751093753,19.3338680154371,20.0354618570683,29.7833836001443,25767.627587918,9273.14544012591,1215.38347935401,0
85,28,9.54556638867098,3630.08355777403,21.4481690030331,13.8987877129735,14.2645524563347,21.3725801971441,33967.4979245035,12177.5779700971,-1172.88965544583,0
85,29,7.52770861179009,1835.54886748292,21.2500751093753,22.3359543431726,23.2506578961577,34.4367394513153,25740.7863195839,9294.73177520148,1253.12512847686,0
86,30,10.0299436207142,3638.40938577403,21.4481690030331,13.877452256415,14.2420330492419,21.3396003705976,33991.2776912792,12165.4845079459,-1161.95809687499,0
86,31,7.96518764021181,2079.88328548292,21.2500751093753,20.4083804488106,21.1843654062072,31.4483984714632,25734.3156774001,9271.32267032136,1220.23581500491,0
87,32,9.92348660808895,3854.48444577403,21.4481690030331,13.3526061838869,13.6884684098219,20.5284173860497,33995.6068285304,12166.4742178892,-1096.34575481457,0
90,33,8.37308546252198,2563.4480204426,22.879997486518,17.8675163757269,18.4921050811343,27.5179481807441,24047.2762471334,23826.5868302485,-1311.10133872522,0
93,34,8.44146135508854,2879.82436022845,22.8742576204592,16.4698873201868,17.0035354823874,25.3538539289554,24035.8451753151,23808.9682992965,-1401.62838022111,0
98,35,7.44119227919912,3867.19888208069,22.7563805105181,13.4566114351281,13.8096681120998,20.6923370348348,22996.3469339499,22312.6428888029,1171.53781538589,0
99,36,7.09923104248985,3465.77503208069,22.7563805105181,14.4891884885734,14.9009725975351,22.2888603413803,23009.8971240611,22295.0110448888,1189.58100275544,0
100,37,7.15293524558546,3648.43364926846,22.6622031736793,13.9839875439614,14.3658100473288,21.5074037827721,23063.083551358,22294.9530745171,1139.80700580305,0
101,38,7.17415230354742,3753.85008526846,22.6622031736793,13.7183052201736,14.0851272767176,21.0966481273407,23040.8732412334,22296.7459943217,1202.98612204089,0
104,39,9.9520091671491,3188.52023677468,18.2032827171887,14.743994767799,15.1221429100539,22.6695611305699,30679.5658154826,5086.79198769587,-1224.33140143382,0
104,40,8.59840535772041,1785.85884790167,21.930322005306,22.9546809706651,23.9271000393821,35.3996009244024,21318.5624669734,17740.5580697406,-1424.63686126151,0
106,41,8.89931952688773,2259.93860584332,21.9536895583123,19.3680539997289,20.0820639737564,29.8391250654342,21375.3448224268,17709.1904293252,-1355.57498735506,0
109,42,8.31890009836274,2280.48999189463,21.9100963227731,19.2356241871029,19.9399182970867,29.6337672193259,21313.3217665373,17703.2823670431,-1411.93368266757,0
113,43,9.27773283896011,3404.95634580054,22.8199067674389,14.6719514101896,15.0950490707158,22.5716927572279,32564.2152315075,18255.5197377342,-1255.85530264594,0
114,44,9.0779207732464,4254.93968580054,22.8199067674389,12.6318340609676,12.9406895602949,19.4178465779662,32547.5079093373,18247.0046251629,-1218.50963538519,0
115,45,9.50094532198011,5591.30115780054,22.8199067674389,10.5669274414741,10.7731480972459,16.2292361970445,32543.0766003825,18246.528332827,-1270.04321272004,0
116,46,9.35049237566516,5030.52364431078,22.8059922813972,11.3144205930327,11.556070757382,17.3830360977586,32565.7798364378,18233.7017562655,-1245.75750023408,0
117,47,9.40201125781951,5314.76917431078,22.8059922813972,10.9177496280174,11.1403130360906,16.7706726786358,32567.0684934132,18227.451836129,-1208.41126268615,0
131,48,7.23743251514683,2833.8740252177,22.398287229753,16.5869404866205,17.1226169011202,25.5335603623605,23167.8519300877,16703.6456037464,941.725393206431,0
132,49,6.62132012144106,2118.1611812177,22.398287229753,20.3753443771055,21.1663207388832,31.4019689726228,23167.5474085172,16695.9038144609,1001.33954371044,0
133,50,6.64130762506119,1959.5299292177,22.398287229753,21.5552864283277,22.4315013465426,33.2313371242304,23170.3211295841,16707.1324059423,1048.93681551973,0
134,51,6.72537391772413,1883.9366972177,22.398287229753,22.1820971853706,23.1045712991516,34.2034094860046,23158.9087677943,16722.3189838218,1004.25012472491,0
141,52,9.79858988675656,3826.07151818832,21.5075596549774,13.4247907013716,13.7650918376867,20.6401181721846,33926.839727652,12263.3933870008,-1109.48916592294,0
149,53,6.00222386913691,1860.98188764718,23.3128603050606,22.5919095127792,23.5598203183929,34.8431492766073,25021.0242105972,20490.265733574,726.233327568032,0
157,54,7.46552026623453,2442.67100101518,23.0779434264363,18.5206641506371,19.1917362898977,28.5303828061164,24028.467360085,22850.3480053705,1116.43069873448,0
161,55,6.11734956111939,1856.29282534748,22.3555709656965,22.4132223535142,23.3522166947712,34.5616959771841,24610.3381538792,15418.2481438343,766.301917845794,0
161,56,8.58563759904364,2227.4074517999,23.3502716066351,19.8316836236598,20.5975571293459,30.5629908546182,27885.7140047569,18991.9582928637,-1487.12778729835,0
162,57,6.61425414322881,1755.17145934748,22.3555709656965,23.3543445412527,24.3643088254783,36.0216323368652,24620.0415249631,15452.428726711,736.558761274657,0
163,58,6.19914046884493,1791.91082734748,22.3555709656965,23.0009743219022,23.9841283659065,35.4734136025242,24606.8466852602,15421.9471587245,747.542583664178,0
164,59,6.25062993544406,1957.12785334748,22.3555709656965,21.5651734228781,22.4414413803554,33.2464834939465,24622.3241659076,15410.8564410277,757.891477556555,0
165,60,6.18076982937432,2765.46610246429,23.1431416179766,16.9804526234841,17.5498844403142,26.1451209514694,24308.3486168654,20045.5278180483,863.14904745255,0
165,61,6.38767310406343,1922.98755334748,22.3555709656965,21.8430516526056,22.739740977425,33.6773993128479,24620.8515281593,15430.4677098412,749.068376391422,0
165,62,8.94462602444648,2446.15721432506,23.3410850988557,18.5460105678589,19.2221659512568,28.5705753293957,27889.0343269319,18976.9950448773,-1526.63234570242,0
166,63,5.94555789900205,3598.18105846429,23.1431416179766,14.1679323165104,14.5646744194306,21.7930394346496,24289.2154095721,20005.8047859988,906.687543566743,0
166,64,6.44811205725723,2068.93182934748,22.3555709656965,20.7148333594808,21.5294385146175,31.9280611509069,24617.0970975117,15416.8252528385,767.541984546694,0
167,65,6.01029817924597,2823.04206646429,23.1431416179766,16.7379573873203,17.2917364355224,25.7696750732363,24301.3605741462,20012.2422327251,848.187355646179,0
167,66,6.08714388365598,1856.75537134748,22.3555709656965,22.4091370707928,23.3478264028216,34.555359448456,24608.9003365369,15414.7530002289,806.622379534868,0
167,67,8.92325689636086,3337.23341263819,22.0013183894109,14.7763096310673,15.1974688171091,22.7308764715949,30124.4032436149,13466.7092246613,-1526.65651199217,0
168,68,6.6909551418932,2297.27537134748,22.3555709656965,19.2171649203706,19.9263809020351,29.6068716339407,24649.0957636934,15423.8474326459,816.26537145381,0
168,69,8.59026777515712,3994.88572063819,22.0013183894109,13.0934679018519,13.4202246076738,20.129302044754,30151.3462560639,13534.1828764707,-1463.57651532278,0
169,70,6.20907736467061,2075.05505734748,22.3555709656965,20.6707149387979,21.4821557866503,31.8596668127922,24625.9080042016,15420.5208855657,807.517866935169,0
169,71,9.17383106776184,3234.28388863819,22.0013183894109,15.0947595513642,15.5346519573835,23.2234194413471,30201.3356719829,13434.6088524984,-1506.23869640907,0
170,72,10.0246903625043,5649.42948053803,20.4055450515869,10.3342970406764,10.514739447728,15.8660743633876,31962.0308498566,8010.66074548318,-1033.33914723699,0
171,73,9.63249235481755,5342.76008570741,20.5038703157914,10.7159198189794,10.9138298379919,16.4549633910042,31988.5793472557,7975.21325485637,-974.006661894932,0
171,74,6.18630011574378,1959.35503606837,22.3225479511013,21.5401431540255,22.4140588069558,33.2075267536533,24599.1647823556,15420.8161558913,771.099753339362,0
171,75,6.12631977325912,2656.81055286317,23.0280216735406,17.4464924667857,18.045013035414,26.8663985528218,24386.0616722008,19316.7056626006,798.901145607341,0
171,76,8.27501985614202,2155.99395436369,23.3492822342574,20.3024966122968,21.1019663935901,31.2928183907573,27890.9458128577,19010.1763986291,-1452.28998678446,0
171,77,7.61430969447463,4284.75030441895,20.6824993988129,12.3781438086097,12.6565379722591,19.0211734044289,30677.3704385311,7601.72996093166,-1281.18640335274,0
172,78,6.20316750178382,3668.09102408036,23.0505904695808,13.9748523516377,14.3596659713118,21.4942471644368,24399.7352098873,19306.1453186498,783.277316323031,0
172,79,6.26088504024325,1941.13953406837,22.3225479511013,21.686886396122,22.5715597481208,33.4350794196632,24625.0293704257,15429.2866403096,729.670629622731,0
172,80,8.66925252189904,2307.99068227133,23.317388766254,19.3267101839934,20.0565639661554,29.780214543148,27861.0190679908,19002.462706482,-1443.5431931082,0
172,81,9.93398102814604,4967.16496961745,20.4203515846775,11.2229142873353,11.4433405339418,17.2371230072107,31967.2104892822,7977.46481858374,-988.420160697319,0
173,82,6.40543450391345,3451.00276808036,23.0505904695808,14.5648698827058,14.9838764388611,22.4066794378097,24416.304227816,19332.7788332717,738.841801015934,0
173,83,6.29954014489501,1951.49175406837,22.3225479511013,21.6031777481851,22.4817099545736,33.3052723544585,24628.1416350281,15477.5203169665,751.403459316051,0
174,84,6.54130782154706,1977.17407006836,22.3225479511013,21.3990210674668,22.2626258411087,32.9887004061643,24623.9093378604,15430.1879958925,710.237630637182,0
174,85,6.33836480941662,2922.51092408036,23.0505904695808,16.326845269083,16.8533877810261,25.1329734773576,24421.4312706748,19334.339489281,731.946687781638,0
174,86,8.40738709063663,2362.90550699799,23.324426145013,19.0059691455298,19.7135819082031,29.2831991394514,27900.1246100505,18953.4450493626,-1485.51987821227,0
175,87,6.29713763172714,1820.50313206836,22.3225479511013,22.7273303230329,23.6893051802071,35.0487673727843,24613.9992605942,15426.9372225672,766.659990763468,0
175,88,6.17632764911706,2655.04920608036,23.0505904695808,17.4580711434729,18.0576227208011,26.8844034828014,24405.1492253297,19286.7073794676,725.223148866762,0
176,89,6.35751833704473,3002.55102293206,22.9197047572246,16.0066288009377,16.5116467363765,24.6369591667654,24278.773009621,18460.8834934962,897.949501501307,0
176,90,6.50707918825565,2084.00017006837,22.3225479511013,20.5999686643921,21.405849263935,31.7498588175045,24610.0414946565,15418.287513623,751.693441396871,0
176,91,8.64192142922632,1733.62268699799,23.324426145013,23.8094659572758,24.8708907460892,36.7323848324141,27894.2492668781,18962.2033184487,-1462.37174770237,0
177,92,6.43464536284784,2263.84246006837,22.3225479511013,19.4129016548887,20.1351871566832,29.9100434558933,24613.3078489328,15446.4179514753,755.03451854016,0
177,93,6.43946873290686,2786.80635293206,22.9197047572246,16.857121643537,17.4160228782571,25.9534646591054,24272.4156898493,18431.3727402828,896.329514830266,0
178,94,6.28503297423835,1938.71667406836,22.3225479511013,21.7065975040626,22.5927186579821,33.4656459317248,24623.9437441788,15408.4569545639,805.182874963725,0
178,95,6.91706908678753,2146.00393493206,22.9197047572246,20.2871244540333,21.0793838829228,31.2673042139363,24276.2803112766,18479.9472111829,876.206614894187,0
178,96,8.57502027815444,1854.76168027133,23.317388766254,22.648650027675,23.6209312181187,34.9311945861318,27871.4215936911,18967.3521645518,-1473.04473777722,0
179,97,6.41535403388316,3158.00009215374,22.9810503574697,15.4671923857575,15.9395737765011,23.8023716004251,23589.6423957381,21006.5791305838,893.931006111502,0
179,98,6.27071714992456,2173.40370406837,22.3225479511013,19.9872188663016,20.7496165324491,30.8000760236155,24591.8404431926,15434.6308156021,798.284716511394,0
180,99,6.39991266484663,2249.31912242558,22.2975395912578,19.4975893052245,20.2253987590124,30.0411780882212,24603.3313652694,15415.838349085,821.733549944149,0
180,100,8.85438618136324,1974.13314331384,23.2576241292931,21.6240346254874,22.5185911624728,33.3416126713023,27911.9995976595,18999.3482324377,-1520.98951864057,0
181,101,6.78132103492102,2481.49045905059,23.0108769506426,18.3037537210759,18.9592502477334,28.1941149492096,24213.5859043329,20411.6136486979,911.803444774683,0
181,102,6.09916290704671,1841.24342042558,22.2975395912578,22.5335723605379,23.4806040640974,34.7481048258167,24595.3208837893,15438.9961596197,768.047545427694,0
182,103,6.63100679682828,1948.88448242558,22.2975395912578,21.6186828395739,22.4979563188474,33.3292068407888,24594.2917797266,15427.1765352547,809.539924204701,0
182,104,7.35111714048319,3333.95081403345,22.6513934043087,14.8640961081659,15.2968909599601,22.8684382349883,21889.0998166325,20960.5333815738,1229.43705551549,0
182,105,6.28059091078127,2769.54648705059,23.0108769506426,16.9436722034636,17.5092030325074,26.0877547330845,24218.4646528972,20410.3405218224,925.805239471118,0
183,106,6.08860535079929,2108.99147642558,22.2975395912578,20.4188305904965,21.2114144260584,31.4689665979179,24611.4642404972,15432.5621945802,781.633280539911,0
183,107,6.33664469980863,2878.42100505059,23.0108769506426,16.4945846448608,17.0313237423987,25.3925040909673,24201.716376927,20428.4426030848,936.223432148292,0
183,108,8.41264885618355,1996.70028918315,23.2745587733055,21.4491448513645,22.331026662857,33.0704536421437,27831.6907530705,19009.6883558913,-1482.1608784157,0
184,109,5.97163604711093,1861.70557442558,22.2975395912578,22.3520942423138,23.2855759898572,34.4666207281449,24608.0497539956,15432.827596295,776.640079137196,0
184,110,8.3271978121675,3592.41671046671,22.3667741082175,14.0983791386632,14.4839854290916,21.6835203694244,20862.6575158233,20418.0010132551,-1447.50234170843,0
184,111,6.41620317605513,2175.24095505059,23.0108769506426,20.1079645266721,20.888744422002,30.9899403808041,24207.6876922646,20411.9180206284,871.030296676777,0
184,112,8.37449908307878,1849.55962862674,23.2500690566975,22.6800365548632,23.6536198106485,34.9795897689808,27854.499587281,19015.0025430628,-1400.52332753285,0
185,113,6.1364891683335,2347.07051042558,22.2975395912578,18.9159891859634,19.6037511596433,29.1400177822303,24634.6454689363,15438.5931432369,753.171965421678,0
186,114,8.20068742942316,4500.00248645485,22.4655294456302,12.1424482107556,12.4230552392336,18.6610608846251,21097.631971509,20707.4020364432,-1485.4320959204,0
186,115,6.46225933555168,2715.67089105059,23.0108769506426,17.1779899208801,17.7587278643703,26.4505623147214,24211.5634951535,20425.0701688847,932.090265173468,0
186,116,6.28180453233381,1945.29424442558,22.2975395912578,21.6476806155277,22.529080287354,33.3741733854664,24612.0657410655,15421.3860779083,798.334328216678,0
187,117,11.9812120553613,6375.06308961603,21.8329336356202,9.65916999573994,9.81945108694927,14.8272448888567,34669.1378607754,15958.0533908864,-943.721182120713,0
187,118,6.45713384589012,1965.55816442558,22.2975395912578,21.4853001492995,22.3548121350937,33.1223768572821,24621.2622363443,15455.226257957,768.306530653794,0
188,119,12.0628749634864,6233.10551961603,21.8329336356202,9.79788293683386,9.96403878651418,15.0411645754392,34661.9065266699,15959.6707825181,-922.305024497138,0
188,120,8.74696255764378,3917.12844845485,22.4655294456302,13.3125210655096,13.6551362401526,20.4689310629093,21092.3008751604,20704.6696610991,-1475.51157709862,0
188,121,4.74480414494503,4172.22352592809,22.2009004010488,12.7400788231158,13.0496838095901,19.5837185353728,33537.4307502961,15842.6667114324,573.15080175779,0
189,122,8.4776114168352,3768.16661045485,22.4655294456302,13.6627878129793,14.0247567622098,21.0103420262111,21085.9051760372,20722.2145817972,-1499.9004242041,0
189,123,11.747062823815,5352.66895042626,21.8324583009089,10.7989441695356,11.0095778699315,16.5855477640592,34672.996748768,15926.7280082646,-952.32535654734,0
190,124,8.30634169580308,4253.99403087418,22.7412541115619,12.626578645518,12.9345331465993,19.4095547022369,31496.4129895583,18343.6005974514,-1494.3349184753,0
190,125,8.58833956314245,3691.42636037166,22.4759834949368,13.8541694781541,14.2269560704946,21.3062293690185,21083.0034325481,20701.0432585339,-1477.41691831105,0
191,126,8.59516378833372,4633.28175087418,22.7412541115619,11.9345614891416,12.2066279783315,18.340539554668,31505.9795366421,18344.7056483919,-1512.97776438479,0
192,127,8.77587733094879,2977.64473338831,22.4571568843703,16.0365228276921,16.5383770695982,24.6818399629509,21042.2387404891,20059.3785978353,-1353.30174504075,0
193,128,8.32905300411439,4856.31702687418,22.7412541115619,11.5725507686465,11.8264507570796,17.7814784289518,31484.1585748319,18337.5391138855,-1500.21760965733,0
193,129,8.48938432680612,2850.09216738831,22.4571568843703,16.5297973680315,17.0625334010866,25.4452939538128,21076.2205832242,20049.5024059866,-1370.87775091933,0
193,130,8.39441871633275,2305.41087773864,23.0778347231061,19.2992628627515,20.0239929219903,29.7367952227978,27884.729006095,18970.2906100963,-1462.49629456857,0
197,131,7.9672845708456,3596.80599204076,22.5702023564264,14.1091035182416,14.4972089709278,21.7006227136982,21527.4089861457,20929.9397859987,-1436.19637181275,0
208,132,6.20453413848825,2676.87118015104,22.410892520055,17.2605666680274,17.8395464664571,26.5764603410776,23419.5749728616,17116.6539872354,863.349561393753,0
209,133,8.37288436348534,3769.60596414922,21.4468133601788,13.5522364976801,13.8989169967889,20.836929930773,31685.8894110379,11918.5964896277,-1510.30389400994,0
209,134,6.35363726476305,1911.82009615104,22.410892520055,21.9483643700407,22.8537139116829,33.8409656114508,23409.981543363,17110.1253509183,849.807324084327,0
210,135,8.41147768239071,3215.59694186432,21.3416590960671,15.0712680561274,15.5028838322977,23.185185432029,31660.4074469003,11943.5399869528,-1467.7998714373,0
211,136,8.63539545708053,3005.97549986432,21.3416590960671,15.7808261083356,16.2546551660428,24.2827806336959,31671.3516419352,11891.116848213,-1467.95849307309,0
212,137,8.30534302817987,3403.03820186432,21.3416590960671,14.5037213003156,14.9025101102385,22.3075205427871,31663.1837364538,11954.6258498619,-1473.50010015154,0
213,138,8.78067009391272,3500.08475786432,21.3416590960671,14.2313627080354,14.614704179636,21.88642394678,31683.3193984995,11948.4470484605,-1452.42340010917,0
213,139,6.26049961736532,1886.77235088732,22.5505444892193,22.1923903461391,23.1180909936818,34.2200529033259,23968.2691070559,18233.7446282836,794.427029552887,0
214,140,8.65699610653214,3732.33413223095,21.3306562445369,13.6300467899292,13.9799063122478,20.9568931950185,31690.2710744307,11921.3816473986,-1499.79736562796,0
214,141,6.45134387550989,2102.47043581725,22.5395849626457,20.51314232713,21.3160345050412,31.6161495960246,23861.0876750598,18259.2686779177,770.17282124012,0
215,142,8.20628170741169,3767.76673586432,21.3416590960671,13.5454891350791,13.8908382802363,20.8262360529985,31692.6266593452,11936.5009670238,-1441.49741234221,0
215,143,6.23358292910751,2274.36133981725,22.5395849626457,19.3888118799707,20.1124387103364,29.8735441206976,23889.8450205805,18243.2636990069,738.063390956586,0
216,144,6.074996928382,2639.62103088732,22.5505444892193,17.4523224194698,18.0454782303329,26.8738435907137,23895.3800932305,18248.8883916807,760.432317174816,0
216,145,8.5527475451032,2998.94920586432,21.3416590960671,15.8061539664488,16.281513256864,24.3219660021481,31685.5508063936,11958.0600646284,-1427.9191279413,0
217,146,6.26972993648764,2921.04723288732,22.5505444892193,16.2635270355375,16.7805612723026,25.033447092982,23908.8445763238,18243.3990949013,750.270160963668,0
218,147,6.63582906635052,2221.05102833847,22.4449782852512,19.70245878749,20.446622250933,30.3592325190253,22677.9864811863,18434.3654004931,961.02193429523,0
219,148,6.23609834247648,2300.47678433847,22.4449782852512,19.2143832681783,19.924635704377,29.6028999182641,22652.618158547,18394.0423574736,1005.26813058197,0
228,149,9.82690597538287,3605.18278450821,22.384263537513,14.0666010598337,14.4505630484127,21.6344315143511,30357.8958880064,23808.7715418883,-1187.6051601384,0
229,150,9.68594876190862,3991.58116006311,22.3825587836703,13.1381007782645,13.4705096627133,20.1991706206555,30323.0063224042,23837.4759522998,-1116.58557796253,0
260,151,8.53769610412431,3061.96176471305,21.4256299803492,15.594015107088,16.0575335225015,23.994029451792,33699.6340832768,15737.2018676333,-1384.70315247401,0
261,152,8.44716871653109,3921.54844071305,21.4256299803492,13.197926718355,13.5252773683006,20.2893369151237,33671.0897798423,15731.147563904,-1335.1728666999,0
262,153,9.15459725212235,3585.15982756371,20.8362560267414,13.9464334345453,14.3089594070364,21.4446074717172,33044.7914565583,10802.2844360408,-1195.00751555276,0
263,154,10.0609061716229,2977.85895556371,20.8362560267414,15.8125680480312,16.2825689794941,24.3303063161451,33117.6911232696,10827.51570749,-1138.26383222196,0
265,155,10.0860233871039,2897.86892550948,20.8385620510235,16.1106508529604,16.5986717424347,24.7914807114956,33622.5479296216,11377.3069627998,-1207.39056731654,0
266,156,9.39290758395977,3145.67045652372,20.7873113219345,15.2260096670441,15.6607151317148,23.4228654729637,33644.0368547704,11388.0984237387,-1117.80508641576,0
267,157,9.89566557865866,3279.32422452372,20.7873113219345,14.8026049438032,15.2127860605705,22.7680950396818,33657.8744905797,11388.122936982,-1171.22492960184,0
269,158,6.89843856348114,3085.46122970457,21.677791367425,15.5461242616352,16.009525364892,23.9207011732129,23536.5015276309,17907.4898933047,759.458568120492,0
270,159,6.20357998984689,3671.46440869921,21.5823565073217,13.808234475384,14.1702385375497,21.2329538703294,23519.6109595278,17956.9821151197,756.563157164721,0
273,160,6.630644640452,3966.55243504623,21.4765914956256,13.1033657928242,13.4261166850809,20.1433452116045,23301.402964094,15454.4629569538,971.355354283903,0
273,161,7.53460783133179,2358.81837177829,21.1315988765396,18.6405167244389,19.293663756553,28.7088773733198,27348.9353356536,11444.9675966671,1127.07181947979,0
274,162,6.88519401073725,2069.58521104623,21.4765914956256,20.5283825734418,21.3163234707761,31.6353536996561,23273.3556757718,15461.6914899782,996.230413172941,0
274,163,7.46561794229973,1765.72426977829,21.1315988765396,22.9474543732228,23.9053741721653,35.3845403782928,27347.5154655603,11407.6649592255,1186.66812612731,0
275,164,6.71337928795877,2581.46945104623,21.4765914956256,17.5546513377397,18.1410812463205,27.0286037210697,23265.8999589832,15461.6201333011,1005.42968267037,0
276,165,6.87789780458978,2509.59861304623,21.4765914956256,17.9048870774808,18.5141008480727,27.5709086342146,23264.461904554,15470.8381343151,998.0715422447,0
278,166,7.95405937070537,1765.3220958489,21.4959509349095,23.0424420174268,24.0139018970801,35.533651239017,23410.0615691508,15834.7461244643,-1437.7939887102,0
280,167,8.57109248796031,2835.57212587354,21.4916104215423,16.4488251966997,16.9653068779944,25.3168903227321,23447.9052139759,15874.6821858277,-1399.56276373775,0
281,168,7.64409360783136,1222.65640388833,21.2798169670688,30.2731616578016,31.8170954899605,46.7581302584573,27383.2055566173,11428.1149462726,1185.50814792628,0
304,169,7.37889617885417,1101.49490871834,21.6493807575602,32.9732868244045,34.7567196304687,50.9568475961811,27347.8659507875,11409.5692421729,1190.59486457267,0
305,170,7.76400904052508,1176.82382871834,21.6493807575602,31.3226844996283,32.9641465425279,48.3913710106322,27366.1522432007,11417.2752101673,1140.41062280307,0
306,171,7.76501560404413,1486.56968925652,21.6498086830664,26.218063142881,27.4380578811417,40.4624305745579,27400.8211121801,11449.0097211758,1140.89804086444,0
307,172,7.627819967972,1281.06710925652,21.6498086830664,29.3443349909439,30.8190791585999,45.31746989005,27378.9088609678,11439.5132928471,1170.32610790803,0
308,173,7.82351504193346,1511.77321071834,21.6493807575602,25.8898405499664,27.0837711074513,39.9528998142648,27342.4066530752,11434.4545411335,1146.39304649447,0
309,174,7.45170341987655,1286.64546471834,21.6493807575602,29.2468927562315,30.713519251154,45.1660938012708,27365.6752688081,11469.5968262747,1158.54029951178,0
311,175,7.99761728536067,1265.59954986902,21.7777271032111,29.6648013604648,31.1691644620434,45.8161235892438,27367.5371862596,11440.9804482108,1166.98985397591,0
313,176,7.08231013804929,1184.08132386902,21.7777271032111,31.2245233162249,32.8606531914647,48.2396665972151,27340.7119399741,11451.9664030904,1177.54542776049,0
316,177,7.63988635615393,1017.85110186902,21.7777271032111,35.1381634969645,37.1146955889627,54.3235923983418,27385.119176053,11400.900006457,1133.78611908883,0
319,178,8.11311687871265,1279.83018057706,21.7436788360446,29.399684367825,30.8811373902964,45.4040364812794,27341.5179200338,11415.5895972922,1217.68686955684,0
321,179,7.33681319613897,1299.41176762656,21.8446334817413,29.0959918224066,30.5543944913072,44.93287487099,27378.3435783687,11431.4142961284,1173.80845421093,0
322,180,7.90212195274599,973.801409626563,21.8446334817413,36.4214420514315,38.5140627684877,56.3197745205294,27361.0187916116,11437.3628740644,1156.80969739591,0
323,181,7.57821639263541,1721.42992762656,21.8446334817413,23.5614152160837,24.5782164741998,36.340432557827,27324.4020882019,11434.1107876632,1160.95670870721,0
325,182,7.94505118878118,1283.77330762656,21.8446334817413,29.3666112631818,30.8475513487753,45.3532791281842,27354.7924656456,11441.1605544291,1180.51663133728,0
328,183,7.89802644299783,2703.96666310104,21.7613555754576,17.040620950935,17.5975908936845,26.2337751836433,22659.554773023,22442.2412426306,-1478.46446662658,0
331,184,7.93380572916114,1455.87340011143,21.8488597530365,26.6936481948531,27.9556820777721,41.2019092230867,27351.2716409654,11454.7597516545,1161.49106474562,0
332,185,7.73970734996326,1435.01477811143,21.8488597530365,26.9854930645777,28.2710301322623,41.6550598852725,27377.5121661674,11467.8277904274,1140.13517533743,0
333,186,7.70489368122426,1115.8980278988,21.8506168217388,32.7255854540735,34.4925052622907,50.5731843383204,27378.8064033751,11438.5469570829,1195.45144233892,0
341,187,7.8731393886698,3518.36391831295,21.7284911649502,14.2258070107757,14.6125982140114,21.8788721867183,28342.2524982852,11322.0515385473,-1451.22717150864,0
342,188,7.95352710021198,3667.47993831295,21.7284911649502,13.8342068695869,14.1990138006363,21.2734768462565,28377.8214613792,11285.3885802173,-1415.10096886045,0
343,189,7.96249538819615,3362.83833231295,21.7284911649502,14.6671959385016,15.0792701130043,22.5613765754999,28401.1979463112,11312.9240250307,-1429.65114653776,0
343,190,6.67400945906103,2946.5938012688,21.611620497048,16.0360267073957,16.5284232281989,24.6784753473952,23704.9214352174,16416.9108433049,820.546678031165,0
344,191,7.88581400104778,3717.21464631295,21.7284911649502,13.7098521602491,14.0677675943055,21.081254903087,28357.7805815874,11312.9199954497,-1367.7553845495,0
344,192,6.6336129292347,2589.0897952688,21.611620497048,17.5403576821547,18.1275821928845,27.0069463852018,23684.522637494,16393.8556324395,869.461925655529,0
345,193,6.60089877903547,3266.07229602042,21.5679384113021,14.9408599876598,15.3672130188554,22.9841484610715,23550.6146639983,16302.4881473925,839.804700013884,0
345,194,7.67226661359528,3489.86227431295,21.7284911649502,14.3040561353234,14.6952909644992,21.9998555408255,28350.0371522843,11293.840354068,-1508.47646562814,0
346,195,6.51674805877337,3373.51512402042,21.5679384113021,14.6165208022931,15.0240542257564,22.4825679118165,23555.0303699562,16307.9052171714,849.900654407908,0
346,196,7.52261856253722,3465.58962231295,21.7284911649502,14.371602627689,14.7666867359452,22.1042949098961,28375.7066677715,11302.8983147335,-1378.54014509729,0
347,197,6.28480481055396,2900.56935667117,21.819027555381,16.2401602490723,16.7474919827269,24.9950120690308,27326.4792299937,11443.6914514618,1106.01865831881,0
348,198,7.62317903907025,2945.42558192975,22.0334124708583,16.0990077361471,16.6000326268819,24.7772434906002,27370.0850996153,14524.7463618371,1222.6096849317,0
349,199,7.87213990118789,2766.86079992975,22.0334124708583,16.8111199815465,17.3567531516252,25.8794055154537,27378.053029971,14511.9369084604,1162.01363734616,0
351,200,7.51239982254948,2839.73508862944,21.8430075781442,16.4831835723019,17.0059181291652,25.3711975529387,27375.028090004,11433.68085037,1134.05830326265,0
352,201,8.49109627875628,3035.492981561,21.3673671870468,15.6790609296722,16.1470437239877,24.1254203684294,28469.3801619858,10227.2145808812,-1399.81228047319,0
353,202,6.53775812127527,3332.86874116472,21.5922273574741,14.7399626457733,15.1548730330166,22.6735260378944,27799.5989957504,10750.0471463538,-106.879180524514,0
354,203,8.63059860536246,3423.88546457781,21.5755333114312,14.4716612335129,14.8709551960246,22.2585926490759,22610.8857678345,18673.0037540863,-1381.10037646482,0
354,204,8.89437497320137,3250.687001561,21.3673671870468,14.9637801182851,15.3893828575853,23.0190204246039,28476.369128884,10217.5969766927,-1413.82917517908,0
355,205,8.45791959940603,4588.20185057781,21.5755333114312,11.9135086618267,12.1757879072141,18.3056159659894,22602.4724108429,18690.9981750073,-1361.12757378645,0
356,206,8.619643939635,4318.40459866145,21.5888597541292,12.3978461124388,12.6846732439164,19.0536556614559,22597.9723277822,18720.3237394514,-1323.87243285977,0
357,207,8.66012908505846,4044.57736666145,21.5888597541292,12.946124591807,13.2614997599019,19.9006572811239,22606.0173289175,18693.2528941429,-1419.50329098109,0
358,208,8.53097907142515,4017.90388066145,21.5888597541292,13.0030628175535,13.3214546214765,19.9886318542183,22586.6259132381,18682.9057155363,-1348.51308094045,0
359,209,8.54418887889044,4079.81896666145,21.5888597541292,12.8719106052104,13.1833683709829,19.7859941098171,22594.7875107203,18698.1421186401,-1351.28536749553,0
360,210,6.49441858719723,4066.21920532135,21.5734036414907,12.8989126945152,13.2116622385367,19.8276764233581,22519.9711869183,18872.3060304963,978.231425485004,0
361,211,7.50143283879166,3694.67042361513,21.4454206477173,13.7352331605057,14.0919289989751,21.1197634631714,32758.0677635928,13984.5690458248,1194.86214914576,0
362,212,7.45937701487784,3546.54557361513,21.4454206477173,14.1174896063435,14.4954372065994,21.710656945135,32772.270008158,13958.6790263974,1212.82223700246,0
362,213,6.60362835057975,2187.16986350522,21.6112179814289,19.758964008966,20.4950616462249,30.4434901571512,23499.8085070307,17160.3735727887,749.80020659129,0
363,214,7.57483811274916,3448.97039361513,21.4454206477173,14.3852687149612,14.7783444664078,22.1246568675073,32780.4452514391,13979.2647303748,1225.62871651678,0
363,215,6.41584286040437,2303.11472750522,21.6112179814289,19.0462859905163,19.7334603592325,29.3392726648797,23532.3312719041,17235.9555332342,726.633862047509,0
364,216,7.65469536679899,3448.77215961513,21.4454206477173,14.3858265211559,14.7789339899834,22.1255193197649,32780.7805341709,13969.4062036075,1231.30919654747,0
364,217,6.21614819911984,2151.35558750522,21.6112179814289,19.9933406940798,20.7457434296303,30.8066912085805,23515.8067545976,17218.220868407,743.611775511263,0
365,218,7.35283116545783,3457.51648161513,21.4454206477173,14.3612755198795,14.7529877951777,22.0875599988678,32763.0327003522,13955.198793889,1213.90520075951,0
365,219,6.25307325768683,2551.39179950522,21.6112179814289,17.7211356255907,18.3200978688967,27.2868567260281,23518.3473025006,17230.2835985133,746.899378841961,0
370,220,9.17598616034774,2976.38540821363,21.9544996909802,15.972628509413,16.4649871426947,24.5814351849214,28933.8474573091,15189.9723276243,-1431.03366404914,0
371,221,9.00682810342537,2647.92192701771,21.9567991878208,17.3216269077041,17.8990237861396,26.6694759914219,28938.1926775529,15194.5647585705,-1430.46168076245,0
371,222,7.44142165579542,2323.44920432851,20.9248705473435,18.8021932251716,19.4632195109872,28.9584906055647,24869.8660841893,10177.0827713802,1258.72772657054,0
372,223,6.29051563535435,1907.46438885179,21.7415233388751,21.833476433867,22.7195347477224,33.6598129013648,25459.4302151502,15814.1469811329,688.55631989811,0
372,224,8.52744197034377,2537.75964421363,21.9544996909802,17.8441986211415,18.4556160254544,27.478632961688,28937.124078847,15192.9860967729,-1389.92403187365,0
373,225,6.25676642607176,2076.24962685179,21.7415233388751,20.5359224689938,21.3284633448326,31.6481610438246,25467.3289752474,15812.1954010876,807.016626578403,0
373,226,9.20421064400689,2611.54674421363,21.9544996909802,17.4894900236947,18.0777300440134,26.9293740223119,28946.1231216447,15177.7618145642,-1401.02016623133,0
374,227,6.41051250088994,1973.96088285179,21.7415233388751,21.2977825716094,22.1448744677932,32.8292049560935,25481.2007320438,15786.9121940854,719.149085781524,0
374,228,8.72579909870462,2604.38829421363,21.9544996909802,17.5230990510281,18.113523267397,26.9814136321049,28941.643264785,15171.1663560289,-1388.35639180502,0
375,229,6.39484502475826,1759.40561685179,21.7415233388751,23.1605668568507,24.1452094595831,35.7180745035901,25473.274270209,15787.3634887272,681.921059886274,0
375,230,8.44608210868609,3067.06645021363,21.9544996909802,15.6466325374589,16.1191021055942,24.0770255139617,28961.5243818217,15169.1664143676,-1430.48147444649,0
376,231,6.31418602647097,2193.17190396298,21.7589639237698,19.7490868575888,20.4866590763588,30.4287796622037,25506.9269185203,15815.1414286021,706.799692345175,0
376,232,9.2064346375661,3384.08919883343,21.952957765428,14.631415459214,15.0436596840748,22.5066622563147,29065.4703830029,15160.8951146454,-1357.99430711721,0
377,233,8.57689006991676,3132.46417483343,21.952957765428,15.4219280846333,15.8808264077956,23.7293808606283,29093.8409433099,15182.2637660624,-1317.99490016645,0
377,234,6.33728487974884,2331.20057685179,21.7415233388751,18.9070923079255,19.5866378699047,29.1241378958469,25474.1289489139,15805.6444914281,724.457668338704,0
378,235,6.40129056494091,1628.21876085179,21.7415233388751,24.5232232194703,25.611936630248,37.8322923378657,25465.389858536,15789.9602492238,772.216284743703,0
378,236,8.37523049262036,3313.09070465135,22.0879434602639,14.8598963865653,15.2868218206752,22.8603932293582,31834.6461778647,19279.6511235201,-1509.30346319289,0
378,237,9.31989588944377,2530.36143883343,21.952957765428,17.8805490869554,18.4943374754486,27.5349197453209,29058.4354761713,15153.2565189237,-1368.91185991189,0
379,238,6.29378524905168,1606.98569685179,21.7415233388751,24.7632753883031,25.8706032697898,38.2048219310232,25473.2034712605,15791.5209102553,742.389530113275,0
379,239,9.03910450821195,2155.85336083343,21.952957765428,20.0311195450604,20.7912188068377,30.8666316681369,29075.2214696607,15149.2269533549,-1386.20244016277,0
380,240,8.66876285489019,3703.18065172766,22.0119379081347,13.7750685890005,14.1392005211084,21.1827811740848,31851.8850465636,19260.3560765081,-1529.06257483356,0
380,241,9.10962969381819,2597.88838620415,21.8480414112301,17.5367434418676,18.126719836502,27.0021727917258,29062.0901867765,15168.8787097341,-1335.99563748869,0
381,242,8.45946841466553,3358.82616772766,22.0119379081347,14.7130152974213,15.1305889351997,22.6330177627659,31841.8901550483,19267.8927885563,-1491.21724387069,0
381,243,8.70967792391693,2466.39316620415,21.8480414112301,18.1875998086452,18.8203195293857,28.0100697163855,29073.3944989403,15182.6239301641,-1339.74874755504,0
382,244,8.17110300621407,3516.87042365806,21.9985597279269,14.2606021596771,14.6519694416948,21.9333868249061,31839.8346579043,19246.9651373916,-1496.16548769837,0
382,245,8.9359175708936,2373.72978420415,21.8480414112301,18.6856684178216,19.351707532471,28.7815323011738,29056.1873391179,15197.4567850008,-1350.06811504835,0
383,246,8.35902612066995,3954.16692172766,22.0119379081347,13.1841302003979,13.5158591996535,20.2694297161936,31852.286871548,19253.0492107719,-1512.66762070423,0
383,247,8.84967569241337,2505.50348374694,21.849919897161,17.9878205597208,18.6073471571685,27.7006773108584,29077.2518746948,15186.9452027623,-1419.49743349258,0
384,248,9.4985861363833,4641.36568648636,21.8696764150703,11.8487644148971,12.1100517275718,18.2062533827266,32710.0046515013,17519.6045499896,-1129.67818376659,0
385,249,9.88757857728434,4219.74399448636,21.8696764150703,12.614235403897,12.9145275789048,19.3885490908323,32689.4073545983,17505.5125267869,-1159.02323284839,0
385,250,8.99437118585683,2632.91240455001,21.0999717580878,17.2547420471198,17.81713164832,26.562976469225,20940.1128857708,18772.3568995605,-1432.93678012471,0
386,251,9.81344787880233,4139.92177048636,21.8696764150703,12.7746065271198,13.083300192549,19.6363105675677,32704.4030264121,17503.6390644799,-1171.87058659319,0
387,252,9.64209911568514,3898.01433862871,21.8936168632317,13.2984684210929,13.6353528428433,20.4458431470791,32667.1157123183,17498.8439323582,-1202.30557085928,0
388,253,9.63570273742347,3617.37694648636,21.8696764150703,13.978143549441,14.3523095323062,21.4963487756018,32701.8885748897,17504.4430392197,-1112.40430307544,0
389,254,9.76992408659701,4341.17333248636,21.8696764150703,12.3803189617534,12.6684977456525,19.0272041441347,32702.2741415392,17517.1308083843,-1121.6769363888,0
390,255,9.68049495576062,4032.52426442128,21.8647608424145,12.9987619538089,13.3192867178109,19.9826380744447,32696.893808417,17511.2863179442,-1145.15129458563,0
391,256,9.75678480368885,4078.47050042128,21.8647608424145,12.901380649212,13.2167293053856,19.8321707946338,32729.6776065738,17480.7955277466,-1178.90452263497,0
392,257,9.59578563098777,5029.97167442128,21.8647608424145,11.2440442447918,11.4758112247858,17.2725967525242,32694.9227996567,17485.1700800281,-1213.47024073075,0
393,258,8.96495406660484,7762.45251257119,21.7011976414886,8.53221891846233,8.64691357502149,13.0898762520833,32991.5071941708,16440.3192810029,-1367.70155033537,0
393,259,7.99915935963571,1763.26850719702,21.7171619194738,23.1172531712505,24.0982083875826,35.6507670132448,27407.7330241808,11399.6365662401,1145.85030104546,0
394,260,8.28088628913658,5094.04666457119,21.7011976414886,11.1399009653884,11.3655825161107,17.111527752394,32965.0008231008,16429.7711224035,-1284.53032794225,0
394,261,8.23217129210501,1550.68547572389,21.7097273567936,25.420376343227,26.5784542170205,39.2245022082108,27374.6007745581,11427.7636507587,1169.12515187393,0
395,262,8.26464331896162,1946.93321572389,21.7097273567936,21.5043594686178,22.365907226235,33.1493506106381,27382.9354698901,11396.8366179265,1143.69804241495,0
396,263,7.9261144393815,1684.31721772389,21.7097273567936,23.9079397099279,24.9487441977276,36.877399791948,27369.8556666764,11423.9554128581,1176.96861602127,0
397,264,7.81698217662566,1097.01595372389,21.7097273567936,33.1040403164573,34.9003268310168,51.1605211745584,27389.9754487478,11405.8745735459,1107.37584722918,0
398,265,7.97976127300839,1562.60154172389,21.7097273567936,25.2756883159546,26.4224089491983,38.9999266429795,27365.9891994515,11430.0441629943,1163.45879372959,0
399,266,8.11612872573224,1741.84912972389,21.7097273567936,23.3237932691887,24.320194108688,35.971131096855,27375.5640005809,11395.6646915541,1134.23132270885,0
400,267,8.04030627422698,1240.58885694918,21.586675815725,30.0516153333719,31.5840654987155,46.4158916954576,27378.1295853762,11411.6710151246,1148.35560095178,0
401,268,8.46230447500027,1167.5318096263,21.5944565387001,31.4934102797175,33.1481275857757,48.6563266886147,27400.4061572425,11368.2558427981,1082.75219430855,0
402,269,7.90355726060592,1410.4345376263,21.5944565387001,27.2581995554744,28.5605133775527,42.0770597200339,27401.0947760389,11431.4155984197,1108.07199442114,0
402,270,9.4729039142655,2269.77120012802,21.9427254529812,19.3062576761161,20.0158604872137,29.7433328726718,31604.6751578395,19862.5003627632,-1453.55934201816,0
403,271,7.55395031358148,1669.63331094918,21.586675815725,24.0304220845832,25.0783529101994,37.0668211651368,27376.1794794632,11444.1995739525,1191.65837054119,0
404,272,8.01692631704164,1496.4460676263,21.5944565387001,26.071625918529,27.2788753015139,40.2347934510634,27403.5380396513,11417.31916457,1077.13643524828,0
405,273,8.29245393552843,1611.73440931389,21.5537827665988,24.6572632295489,25.7528337753311,38.0393279422586,27384.3455360665,11373.2740481691,1115.42371078615,0
406,274,8.01341608071803,1851.32578494918,21.586675815725,22.2769490266211,23.1930301081438,34.3468136346657,27377.866159111,11418.6370564084,1147.04668316795,0
406,275,6.75177622866983,2229.92857623031,21.7321429499294,19.5112875911416,20.232012964315,30.0601912778838,26918.4648692718,22379.4227956186,991.358232952703,0
407,276,6.55851233337057,1932.70973223031,21.7321429499294,21.6239781268404,22.4945869826282,33.3349218624552,26939.9206550477,22401.0448868127,999.802123719955,0
407,277,7.99102077147113,1774.99112131389,21.5537827665988,22.9647675091098,23.93142144228,35.4134472196427,27377.5843572154,11394.8276186963,1193.85704586417,0
408,278,6.69000682143395,2108.19087423031,21.7321429499294,20.3101291974822,21.0865632338855,31.2981509172133,26952.3413743613,22390.2703669688,960.261433102253,0
408,279,7.80252017577739,1226.44816494918,21.586675815725,30.3173687940387,31.8721663035418,46.8287978790705,27366.7748193389,11433.9523867492,1162.78069366597,0
409,280,7.81350364024411,1301.1855776263,21.5944565387001,28.9776670905173,30.4207290922211,44.7475384765057,27406.2735918356,11421.9800775486,1206.00511589829,0
410,281,7.77556330823173,2034.22249145617,21.4547975527193,20.779602715042,21.5850140412987,32.0246549246507,27353.0677166354,11406.184516973,1138.90395584551,0
411,282,8.0774015514629,1816.29098462772,21.4892705611342,22.5661125042394,23.50193337818,34.794813560249,27388.0389469506,11412.9825316427,1187.23992199347,0
412,283,7.99071313562033,2371.83075662772,21.4892705611342,18.6324244925775,19.2899835869371,28.6977076302171,27381.9580260219,11427.6911584373,1125.78785359249,0
413,284,8.12137032456891,1869.32959262772,21.4892705611342,22.0977606674232,22.9990121521028,34.0684816130683,27366.5117100115,11410.271853436,1139.016858668,0
414,285,8.04257345324494,1771.4653040103,21.5014344510176,22.9852415605377,23.9525125915801,35.4449522698267,27405.2845885198,11436.9854149341,1176.88149572843,0
415,286,8.22245382658318,1604.66517662772,21.4892705611342,24.7198682675206,25.8190659394999,38.1361437027604,27384.4703331659,11441.8638751304,1118.80657931231,0
416,287,7.63143291465688,2040.00906662772,21.4892705611342,20.744490609112,21.5479448326512,31.970377306096,27369.6344168056,11402.9864934963,1126.08053973659,0
416,288,7.79540468098682,2347.00608034559,21.8950951589032,18.8444271013846,19.5218400512122,29.027642523338,30097.5261368946,20743.277004054,1267.96544943654,0
417,289,7.59641428138494,1611.58134062772,21.4892705611342,24.6411569131375,25.7342629075962,38.0139972986699,27383.8343809208,11426.4552008551,1241.9109644657,0
418,290,8.1195269726482,1441.7801360103,21.5014344510176,26.7811487133213,28.0431193324152,41.3358052270272,27415.2243438618,11395.4965194286,1160.72556884934,0
419,291,7.45588975946106,1324.73674262772,21.4892705611342,28.5479931379594,29.9532651252722,44.0794910635858,27349.3377850542,11408.7082615304,1131.94329137884,0
420,292,7.6851665693836,1155.17261620882,21.3859014789978,31.6695575839947,33.3342840298771,48.9286780995914,27391.3635887282,11433.5647814959,1171.50196447073,0
421,293,7.78090696166781,1519.95427657185,21.3683961302379,25.7024455786958,26.8760157037927,39.6604747961775,27365.5801615792,11414.1052860906,1168.63731518351,0
422,294,7.49067041066111,1672.68256057185,21.3683961302379,23.9401610863131,24.9771864779535,36.9256698903789,27351.5755138307,11405.1818467244,1131.97013782232,0
423,295,7.8043895331841,1688.43115057185,21.3683961302379,23.7754330697708,24.7999232138098,36.6701003240623,27366.5387437199,11420.7625165594,1150.65379666484,0
424,296,8.02672163812639,1833.94631930942,21.3330390085733,22.3700467595263,23.288684830093,34.4900019456757,27396.5141868562,11366.2672217373,1157.85851942857,0
425,297,8.60753299179564,1698.89350057185,21.3683961302379,23.6675739572762,24.6838784115478,36.502766970699,27377.9640975869,11407.7520086416,1055.25070980435,0
426,298,7.58533377815223,2062.00352330941,21.3330390085733,20.5524934034965,21.3399137005344,31.6721112958916,27327.7643271471,11381.3970153686,1130.05458480748,0
427,299,8.1639365712466,1602.37512275156,21.3502089736749,24.707290386606,25.8028691105193,38.1158943031244,27396.3262766279,11392.8005951603,1145.08783232771,0
428,300,8.08984166609225,1395.72763657185,21.3683961302379,27.4011433289692,28.7102580670577,42.2977066736302,27384.0480617218,11406.1521840252,1163.28664905667,0
429,301,8.07991401913568,1886.59907257185,21.3683961302379,21.9225550633294,22.8089519644223,33.7962384360389,27370.9945709235,11435.8041539106,1129.36594260742,0
430,302,8.11029125262573,1555.7644755551,21.1956100754492,25.2102548168943,26.3418748038486,38.8956117597983,27358.3283089403,11400.9490907966,1145.86250257817,0
431,303,7.69270100998145,1721.42633394784,21.1839925782188,23.391919595496,24.3840561939091,36.0742189787304,27387.9991877154,11370.4879690254,1095.71716969695,0
432,304,8.04325490198121,1742.52087291492,21.2155587442036,23.1920108402913,24.1697043369531,35.7642807748954,27413.1296284274,11406.89411962,1136.25375525434,0
433,305,7.77257670434612,1941.9243075551,21.1956100754492,21.4293821733431,22.2771446443095,33.0307994474675,27344.7555139276,11406.5071840293,1203.91230941947,0
434,306,7.39572532933962,2563.1015595551,21.1956100754492,17.5964051064985,18.1819156298347,27.0922539098406,27359.1113827628,11415.5219457616,1172.60009496458,0
436,307,7.8886972526248,3458.6787195551,21.1956100754492,14.3287885376159,14.7161832707478,22.0366491813467,27356.0137328906,11414.7195030225,1202.22014312987,0
437,308,7.94325019634868,3407.3361135551,21.1956100754492,14.4739703080446,14.8695932367641,22.2611146414775,27372.4575642238,11375.3417449717,1110.04963766332,0
438,309,8.07595707256092,2779.4629575551,21.1956100754492,16.6334278717779,17.1578683647732,25.6016135979364,27375.2659569959,11382.9790039284,1134.42880299384,0
439,310,8.04083157557053,2122.20506091492,21.2155587442036,20.1092949089444,20.8638270744046,30.9847433718247,27418.6845559536,11427.0598567544,1121.84073278732,0
440,311,7.81078756973443,2017.2168826314,21.0263825308815,20.8133034009427,21.6143255058029,32.075023346401,27385.9083745092,11414.7739513405,1179.93271781973,0
441,312,8.05062554561113,2250.6924826314,21.0263825308815,19.2490948775172,19.9416702646407,29.651155615228,27399.8563162274,11394.3650743344,1117.25690936845,0
442,313,7.78895019322917,2365.5800986314,21.0263825308815,18.5839886638555,19.2319035849913,28.620921068857,27391.5645679676,11415.8064704104,1155.28830274979,0
443,314,7.66336894506835,2401.9450246314,21.0263825308815,18.3856164440427,19.0203874079969,28.3136956308145,27377.0833332952,11424.1329527705,1144.12105021966,0
444,315,7.94055424185124,2375.4036946314,21.0263825308815,18.5298536360082,19.1741734625182,28.5370781593458,27378.0443621054,11410.5923112629,1144.67935491012,0
445,316,8.01839670269828,2372.4301846314,21.0263825308815,18.5461965636592,19.1916010770294,28.5623894790791,27363.9599967084,11410.4781419996,1109.57534311486,0
446,317,6.49085374740869,3789.61438971024,21.0301694027491,13.4603525771351,13.7982256943913,20.6938747473015,23638.2529038528,18798.2057625925,964.263201163548,0
446,318,8.08014018624709,1979.2000066314,21.0263825308815,21.1000489897754,21.921444177983,32.5194954699974,27378.9655948192,11427.0391267483,1134.81148226817,0
447,319,8.03009424801903,2398.5089686314,21.0263825308815,18.404125148401,19.0401189942495,28.3423596947263,27395.108396012,11406.6795184013,1146.24479996566,0
448,320,8.045342400967,2024.3753326314,21.0263825308815,20.7604226528961,21.5577037768056,31.9930596359253,27372.2393459595,11414.4099956672,1167.52657275181,0
449,321,7.85702619486036,2300.9778406314,21.0263825308815,18.9505037042171,19.6229180055132,29.1886138728255,27380.4750269533,11421.7444853781,1137.54316409994,0
450,322,7.97428922137982,2713.66163430989,20.7947958402943,16.8495656070856,17.3825666592938,25.9347664486806,27406.8922498574,11399.0299873861,1184.32731510023,0
451,323,7.72680799206305,2697.77370180588,20.8002981241245,16.9190040449884,17.4564155025106,26.0422555479014,27344.6227503869,11433.683735397,1171.44909422647,0
452,324,7.8405737978916,2329.89544980588,20.8002981241245,18.742564815922,19.3978400434178,28.8656463273417,27376.656450574,11431.5352440027,1184.0259230635,0
453,325,8.20654226179744,2412.97752180588,20.8002981241245,18.2865496485975,18.9116771205884,28.1594195491456,27389.9879334428,11385.1401765133,1124.19132954991,0
454,326,7.79824214243851,1964.41803180588,20.8002981241245,21.1638600567805,21.9861049161066,32.6173909163603,27387.261218516,11440.1496353926,1130.35077503494,0
460,327,7.76777427245019,2244.14667089929,20.993639116336,19.2825924466983,19.9769622068887,29.7029172982092,26226.8505317674,17265.3849743313,1105.79701895139,0
469,328,6.91776530769214,5922.05955457127,21.2692930554077,10.0858524663802,10.2610169720819,15.4843813651229,32139.9711807998,15227.6248172939,1019.46771950048,0
469,329,6.64949330600232,4940.54177653594,21.1023333785937,11.3159841719288,11.5457498772538,17.382144567099,32159.5596156709,15213.5052100175,1033.8556806188,0
471,330,7.27004562188069,2785.57194956523,21.6238792368531,16.6720337526973,17.2040243017433,25.6627788416066,27398.3776289829,20501.7374409251,1067.81507243967,0
473,331,7.17521608831886,2260.33046457487,21.6166115253059,19.3024645795971,20.007186427985,29.7361829580605,27406.7108772937,20502.0032767581,1059.72613480574,0
474,332,6.99201421032467,2378.70767756523,21.6238792368531,18.6183092576601,19.276765826078,28.6763517272717,27403.7030515987,20497.1381074599,1062.0860783929,0
474,333,9.33626907432021,2961.23973350059,21.5927483084883,15.9788292006833,16.4675128133157,24.589912828911,31708.4009889201,19530.2900011656,-1343.00852472287,0
475,334,8.67135982219606,4412.24653550059,21.5927483084883,12.2242067297249,12.5022157827845,18.7854720151375,31690.8592908609,19538.7926156799,-1286.09455379089,0
475,335,7.33666139744047,2328.84081356523,21.6238792368531,18.8993009913163,19.5766870594671,29.1116185731524,27388.9756135972,20493.6399592718,1013.46210058218,0
476,336,7.13310834590917,1959.10288857487,21.6166115253059,21.3869610494603,22.2385019927435,32.9669167197715,27377.463558456,20482.9122574056,1107.40747697887,0
492,337,8.90761102309191,2925.6462268847,21.1839378425277,16.0546308480624,16.5432704594876,24.7059136505264,21219.6849244857,20923.8030440731,-1377.59348754122,0
493,338,8.86279138035331,2991.9004348847,21.1839378425277,15.8099283288199,16.2837355796804,24.3273149869409,21235.5097546809,20915.914700044,-1425.65707556865,0
494,339,9.10118021957783,2805.65571985865,21.130954793308,16.5164208213347,17.0328118814958,25.4203192066107,21237.1953360931,20895.9179118652,-1495.22395647411,0
495,340,9.13071181248597,3171.5224648847,21.1839378425277,15.1930775747007,15.6301581359674,23.3731181810835,21234.0097762601,20907.3439172017,-1417.21887715912,0
496,341,8.97908222710687,3204.33463540422,21.1676323219213,15.0850498465852,15.5156244956931,23.2059912297263,21235.0993390923,20910.7184300939,-1403.25253115391,0
497,342,8.94718655478817,2973.12771340422,21.1676323219213,15.8759965367339,16.3536082416084,24.4294792090704,21228.4486318688,20877.5895359984,-1373.05745788636,0
498,343,8.67614058239262,2617.6566688847,21.1839378425277,17.3381031346632,17.9068776568881,26.6923177384595,21255.1165904351,20912.604716294,-1444.98402765409,0
499,344,8.43208425892748,2845.0310668847,21.1839378425277,16.3662204812404,16.8739576655897,25.1880565723152,21213.2715602317,20965.5512366971,-1381.07838544179,0
500,345,8.83976618119603,3017.1299215908,21.152192041571,15.7149558093854,16.1826893109988,24.1802880626521,21243.5720037764,20907.9462282282,-1435.34291623232,0
502,346,6.84499766707209,1685.10515859983,21.7179597745789,23.9018454575276,24.9423332035467,36.8679853590772,24094.4961695452,22466.9198453723,1012.2761471601,0
506,347,7.70085534632978,2813.14659291856,21.9110766872859,16.6008153456185,17.1317211347705,25.5534815693036,30884.5500121604,20078.4724247913,1207.57217626581,0
510,348,6.52473168734438,2673.62076463293,21.7349727666572,17.170926505674,17.7359007318285,26.4354101466661,25974.5361546827,20951.3973085737,923.5286891874,0
511,349,6.75018978446357,3622.85326063293,21.7349727666572,13.949095388253,14.3203688467773,21.4510937725092,25988.3567088515,20956.4029473404,875.605262670467,0
512,350,6.83511482695337,3917.56114063293,21.7349727666572,13.2381936761891,13.5704292692269,20.3523119917154,25980.7612738464,20951.8130909232,903.89689519181,0
512,351,8.2658898655386,2998.29371827696,21.8185732218613,15.8737460330721,16.3585396595661,24.4280134481657,26868.9696619171,24338.0319324727,-1452.05832211481,0
513,352,6.37472583715638,3982.60391863293,21.7349727666572,13.0939667353634,13.4184605790343,20.129441163059,25982.7315260563,20941.3391797625,926.072904264407,0
513,353,7.69364798492002,2836.64490427696,21.8185732218613,16.4920629610543,17.0150683929176,25.3848619072032,26874.2713168094,24367.9871258944,-1382.99477344607,0
514,354,6.74783221705262,3635.01161263293,21.7349727666572,13.9177384821708,14.2872597969975,21.4026197264757,26014.5612853432,21009.1670704255,804.412271732436,0
515,355,6.740752460098,2988.74124740691,21.7476732155386,15.8989034707488,16.3844441678416,24.4667222247515,25217.3956111924,21719.1205872305,919.032891592132,0
515,356,8.13726107111476,2489.58122227696,21.8185732218613,18.0633255491219,18.6874287931718,27.8174969092322,26870.0136921943,24357.0990818194,-1500.80400135127,0
516,357,6.35255349637571,3159.59692940691,21.7476732155386,15.3049032298632,15.754622304044,23.5477475843528,25208.2426264098,21710.6532902117,889.243687712753,0
516,358,8.15126584544802,2773.38623227696,21.8185732218613,16.7517460042646,17.2910719048335,25.7867974584696,26860.8276291288,24366.7781378769,-1463.92190207695,0
517,359,6.14934079041475,2891.47443140691,21.7476732155386,16.2652638002177,16.7733331901012,25.0336357807307,25227.7980159811,21759.3350441657,875.709892557104,0
518,360,6.44850366072132,2520.44646140691,21.7476732155386,17.895923327461,18.5080781604428,27.5579998213128,25226.2660157113,21749.8810756502,884.853298010356,0
519,361,8.22668769701898,2554.16145427696,21.8185732218613,17.7415813977536,18.3445346525347,27.3192478493293,26870.9637130525,24354.8346006553,-1518.91770903616,0
519,362,6.29053675644241,2493.66284540691,21.7476732155386,18.0306457150889,18.6516658581608,27.7666318207046,25213.3448626125,21771.6032910189,832.648257484738,0
520,363,6.76463772490789,2462.12705320072,21.7133123652667,18.1868447488514,18.8177383409318,28.0084111317036,25200.7091906387,21727.4973839449,887.578683254343,0
521,364,8.35476388121526,3155.83412221043,21.7683808174502,15.3200248808058,15.7708648717975,23.5711998101084,26861.5485345189,24389.3718740852,-1459.11249446578,0
521,365,6.57771461058324,2670.80137720072,21.7133123652667,17.1801830107217,17.7454834163256,26.449666903474,25221.319621499,21748.342311385,853.68269617176,0
522,366,6.68683303874494,2592.16855720071,21.7133123652667,17.5421638565867,18.1307936679307,27.0100977585931,25208.7665645795,21746.5010806759,814.234611700898,0
523,367,6.56255141325585,2836.89944320072,21.7133123652667,16.4757672298792,16.9965263349953,25.359302839566,25206.7778550506,21750.8159932635,872.503068963901,0
524,368,6.6086956004831,2522.19195520071,21.7133123652667,17.8815379270055,18.4923039240421,27.5356006953545,25217.680550337,21745.0289318556,844.555799146877,0
525,369,6.39611383322558,3553.25104120072,21.7133123652667,14.1298462843822,14.5110657057524,21.730470612601,25218.6089921473,21776.9832859,842.281031720483,0
526,370,6.54864118232357,3639.94537720072,21.7133123652667,13.9026908657148,14.2711694632947,21.3793022279795,25190.8372938741,21748.1849307403,876.991262071318,0
527,371,6.5177585038878,3572.28150520071,21.7133123652667,14.0791391390549,14.4575020504337,21.6520770662767,25214.9127199312,21754.5941782887,889.686990465467,0
527,372,6.62639619680489,2846.37177338904,21.7157650005411,16.4382022983616,16.9566472757889,25.3011729720231,25203.2578535875,21750.4863320397,903.865475693089,0
528,373,6.62827728314454,3813.62038720071,21.7133123652667,13.4754792539362,13.820389335181,20.7189668605674,25218.3050057248,21772.9208696846,927.004825204101,0
529,374,6.42578355686208,3465.27919720071,21.7133123652667,14.3707120184189,14.7655967347047,22.1028768886014,25210.1747390056,21772.7129866567,920.929918398496,0
530,375,6.31809772474755,3494.01292293808,21.6302241011129,14.2812927630283,14.6702777741959,21.9643965364649,25208.9857311493,21752.7188254816,864.313890226809,0
531,376,6.68048213727976,3774.40390293808,21.6302241011129,13.5601166919147,13.9089005427385,20.8495704988883,25230.1689312558,21775.9747841704,872.29424075015,0
532,377,6.56934803151228,3831.40719093808,21.6302241011129,13.4250638864654,13.7664828417376,20.6408446253373,25210.9275188247,21758.8665333875,914.6411487059,0
533,378,6.19379897319955,3537.91074093808,21.6302241011129,14.1616553886538,14.543871233128,21.779428348076,25221.4389183227,21752.2078963102,926.91043991008,0
536,379,9.10742465884937,2727.53531045218,18.5081911624969,16.4298828044908,16.9078477397425,25.2772879437816,28497.7533195305,6118.77836015958,-1325.74981054285,0
547,380,7.61032792089904,3529.2916406797,21.4099863775666,14.1598300460767,14.5398125966604,21.776018960859,29998.6493267581,18044.7092433338,1213.5673877222,0
548,381,7.59689242161829,3886.4872826797,21.4099863775666,13.2753879680834,13.6067517259319,20.4089961955306,29971.0241026306,18058.8945778947,1182.10245470881,0
549,382,7.64316332693949,3871.0470566797,21.4099863775666,13.3106029393519,13.6438597658258,20.4634139133117,30012.3167843981,18062.8542704206,1184.94045542859,0
550,383,7.83724170944256,3589.34244271639,21.3971888198413,13.9987500588649,14.3695913433898,21.5269697494459,30004.515643755,18041.0282829314,1248.94810391048,0
551,384,8.05097998773972,3035.91716671639,21.3971888198413,15.6815968958111,16.1500637370905,24.1294349759376,29984.3577463954,18026.662788907,1200.81921046731,0
565,385,7.18662007710881,3418.39483965102,21.3564111167363,14.4614502735303,14.857976136859,22.2422019572167,22819.9606742432,21817.3110674982,1112.70435541023,0
591,386,6.47382874400801,3929.35277077093,20.9512915407745,13.1322694082541,13.4519121934039,20.1867236143129,23687.2062127958,19735.7992380343,862.834358457063,0
592,387,6.62735906733295,4248.15709477093,20.9512915407745,12.4731992862218,12.7586457422777,19.168599788713,23679.2048541212,19720.1252359449,846.85799954853,0
593,388,6.50747959039562,4161.85922677093,20.9512915407745,12.6427693424141,12.9368889409554,19.4305153829722,23674.3928813276,19735.4481369474,898.157188623122,0
604,389,9.13063829604584,2220.31323104476,20.8130584659529,19.3940564183091,20.093332305281,29.8748622648775,28266.2519082669,16754.9822513837,-1322.03167629362,0
608,390,8.95466176462365,1880.63807545798,20.8356222430328,21.8484804570794,22.720493714893,33.6789034970179,28292.3533680475,16797.8874786124,-1306.22976056534,0
610,391,9.20310166426799,1994.6096852457,20.7957017207716,20.9320125992328,21.7377193271779,32.2579960082506,28269.9804836268,16758.7208492524,-1320.51509448805,0
614,392,8.39989746362762,2019.57780530168,20.8181768444624,20.7508107707429,21.5440799498706,31.9772432631154,28243.3645695634,16778.2422289542,-1281.63208992561,0
618,393,8.68466294563449,3557.73182819966,20.798710039402,14.0140509846884,14.3799402499625,21.549021801217,21116.8135041226,20267.3148336743,-1384.69181108273,0
619,394,8.50280008584221,3835.76602619966,20.798710039402,13.3280664076752,13.656720854771,20.4888713905686,21074.3450620866,20259.4996185832,-1424.17107155677,0
620,395,8.73155136974771,4084.42936885968,20.7483484842792,12.7804146275887,13.0798829310714,19.6426533069298,21083.7450949498,20251.7980815013,-1446.43590578938,0
621,396,8.53379666483832,3713.66571085968,20.7483484842792,13.6125615710698,13.9560200624417,20.9283668875887,21091.2851997159,20266.68785525,-1466.51309750854,0
622,397,8.6657804832831,4090.33233685968,20.7483484842792,12.768251586962,13.0670920722206,19.6238648788417,21117.2209572061,20232.8378334481,-1460.32141324186,0
623,398,8.68994530487217,3531.88513285968,20.7483484842792,14.0768804449857,14.445748399233,21.6460020108608,21090.9171613251,20231.3163849895,-1419.95437928287,0
624,399,8.38453788322926,3627.27973885968,20.7483484842792,13.8280446503377,14.1832200498974,21.2613894567635,21087.6747413707,20264.8685185316,-1388.20306801286,0
625,400,8.65251312712148,3728.86365085968,20.7483484842792,13.5755718027561,13.9170322162076,20.8712039468275,21072.7889188847,20266.5774480426,-1434.28300892386,0
626,401,8.59024915036583,3861.54827485968,20.7483484842792,13.26365980212,13.5884278709074,20.3892267321526,21117.0645493952,20241.2200486148,-1462.57309889605,0
627,402,8.45761830416713,3955.53321685968,20.7483484842792,13.053999272436,13.3677059964469,20.0652955180529,21121.3356565985,20230.1532346712,-1446.61871506215,0
628,403,8.71565344406728,3914.47675285967,20.7483484842792,13.1444887622687,13.4629537470135,20.2050999091935,21095.4916760922,20272.9128575019,-1401.10767656671,0
628,404,8.1941421007312,2474.73857636394,19.3021254603412,17.7042501039442,18.270972163998,27.2521338267776,23679.2569604013,11565.2517200541,-1456.97807766611,0
629,405,8.74557507025334,3864.98433085968,20.7483484842792,13.2558354655647,13.5801884246474,20.3771372871933,21085.701714348,20254.2807813104,-1477.4962695095,0
630,406,8.70200927851022,2031.15300317654,20.7170397153171,20.6441652398469,21.4283072511776,31.8115095579159,20801.6073849014,20177.7694310623,-1282.66623064312,0
631,407,8.83589843508666,2295.06853517654,20.7170397153171,18.9270595619828,19.5934517656442,29.151074272902,20804.3904245285,20171.8739149597,-1392.36824479891,0
632,408,8.73186344034588,2550.52608317654,20.7170397153171,17.5775268130734,18.1555622566957,27.0613021768816,20790.9464192029,20167.6962540651,-1372.56878728222,0
633,409,8.73512426837478,2259.98111717654,20.7170397153171,19.1340933967325,19.8143767537325,29.4717620537006,20834.4222846324,20141.6493044126,-1399.44578616334,0
634,410,8.31026095098722,2122.96358201854,20.6967380038869,19.9982272085815,20.7370948207137,30.810440711259,20814.8481233874,20107.4516757683,-1347.5351631559,0
647,411,9.75364848467672,3280.46128403496,18.9028399287418,14.558652638708,14.9346678962115,22.3853120290535,32139.8410481052,7966.89974434646,-1142.42443978478,0
648,412,9.97365571616595,3377.5673914341,18.9675475848821,14.2859843000078,14.6478426576262,21.9640961254139,32162.6061009273,7926.74784268797,-1143.90681977548,0
654,413,10.2675417179323,3323.06601914115,18.991006349141,14.4449369446322,14.8157038120845,22.2098258241602,32154.171433535,7940.71016770233,-1110.81857375975,0
658,414,9.51320749643387,3960.31039114995,17.7415916927745,12.7290030260987,12.99816313493,19.5555988775023,31685.1219576682,6102.77051341618,-1267.95364367863,0
710,415,8.91727496438907,4494.84131708961,20.901858260328,12.0160039593932,12.2781168159696,18.4624350958475,30903.6698174133,16603.9922245304,-1406.20250697727,0
711,416,8.13632865458279,5360.00057108961,20.901858260328,10.7227314884821,10.9236616731391,16.4662238721167,30964.0212217205,16617.5234257293,-1500.6234687377,0
712,417,5.98377256230089,3852.78731752813,20.9053431911389,13.3000908450815,13.6282290477407,20.4459132249964,31728.5707596099,16187.4575177718,181.994350957944,0
715,418,4.73772768105661,3957.80728552813,20.9053431911389,13.0649743638524,13.3806576879627,20.0826380465831,31819.0080270613,16369.9759250169,419.486050694097,0
784,419,9.77016423112012,2413.79506869755,21.4267468493515,18.3925110837115,19.0332122505413,28.325881132201,23503.2958353563,23948.547407103,-1195.45539137972,0
785,420,9.92490892213813,2572.72861465522,21.4332179715103,17.5892295778401,18.1773408983408,27.081988214627,23569.8801133566,23970.7240602715,-1168.13495597969,0
786,421,10.3596541925877,2474.05820469755,21.4267468493515,18.0764379209815,18.6962478763467,27.8363826607481,23509.4716724525,23934.1771717451,-1284.01571756653,0
788,422,7.37354218140621,3331.62228142208,21.0464910054083,14.6770990085188,15.0827931610716,22.5747744090635,29403.9818920068,21528.7423291541,1239.98455394412,0
789,423,7.14582786371561,3450.93712342208,21.0464910054083,14.3328761786137,14.7190128378588,22.0425583514968,29383.2427767653,21556.2718923255,1174.40437436252,0
790,424,7.39608687628796,2492.62068085773,21.0430109497643,17.9168729937402,18.5211383412154,27.587889945054,29393.920389277,21538.3604629201,1131.56341045926,0
799,425,8.65225847281498,3124.2588308826,21.1265055532989,15.3416376223505,15.7868490083007,23.6027266848736,21200.388605157,21010.0125225995,-1399.53527760973,0
800,426,8.96856683710874,3045.58715045523,21.1236297110144,15.6105343223047,16.0716924507192,24.0186614430101,21233.7816269563,21020.0498372039,-1398.97060270053,0
801,427,8.83050986725681,3711.25692245523,21.1236297110144,13.6593099878316,14.0088394559434,21.0015886344816,21227.9416850339,21011.4302316164,-1406.83609999204,0
802,428,8.70366547391285,4399.48131845523,21.1236297110144,12.2055783414338,12.4789064669642,18.7556692751247,21229.5836237159,21032.6157772944,-1368.41987497525,0
803,429,9.18950207037971,4834.23050645523,21.1236297110144,11.4782964080259,11.7159448392505,17.6327354523152,21248.7582903969,21042.067739362,-1329.28145414408,0
803,430,10.045021268741,4793.36049805678,21.3911442411417,11.5634693677226,11.8071936837812,17.7647682995316,21831.2969494816,22996.06676112,-1201.03990501,0
804,431,8.69598729657752,4484.98625045523,21.1236297110144,12.0527539089225,12.3184445161945,18.519667776598,21219.0448562677,21017.7238620235,-1413.71548073411,0
804,432,10.1765531241922,4507.73042207579,21.3965834644088,12.036738949828,12.3037746463125,18.4955290230128,21854.4067025616,23021.6306630149,-1132.74879039647,0
805,433,8.46842832760903,4578.55269845523,21.1236297110144,11.8912990598391,12.1490010558472,18.2703605863472,21244.4454687386,21019.6784811282,-1400.64949741639,0
805,434,9.66314935816568,4799.83614205678,21.3911442411417,11.5533257137886,11.7965592438198,17.7491082272002,21979.6334778238,22938.1921378059,-1210.35403746502,0
806,435,9.4790683025947,5169.77460434203,21.3989734474775,11.0116744366335,11.2292506036614,16.9130417075679,22000.8049849656,22876.3447246572,-1325.80619025798,0
806,436,8.66376944221398,5071.09811045523,21.1236297110144,11.128498471797,11.3496004276976,17.0928106197391,21276.4805847052,21028.181357458,-1401.00043566556,0
807,437,8.22437853462316,4001.77986245523,21.1236297110144,12.9916014340367,13.3053498893491,19.9698091935285,21250.8543374643,21042.0408052632,-1345.92829621442,0
808,438,8.77294267244452,3547.49361245523,21.1236297110144,14.078329276621,14.450963576721,21.6492580249143,21238.0520634459,21029.1300455034,-1396.63730028236,0
809,439,8.7143527405185,3159.90209045523,21.1236297110144,15.2232376866425,15.661440509165,23.4195868339869,21196.1997112452,21044.7980520035,-1395.38484293385,0
836,440,8.93208987984733,2252.44648114924,20.9949417512904,19.232476811841,19.9234673653597,29.6252854146538,21195.9609175936,21027.3598745975,-1431.17938549976,0
895,441,8.60902364607986,4599.18422305146,17.8470228369906,11.5676984067178,11.7835009866686,17.763520479534,27829.6828227974,5207.82128525893,-1467.67908925425,0
896,442,7.84795611337646,4982.21636305146,17.8470228369906,10.9921772166963,11.1826100382696,16.875692605529,27755.042622247,5285.83544460048,-1405.38668644572,0
942,443,8.25776850263662,3717.42164940495,20.9921186481909,13.6299193809103,13.9766157488446,20.9558256899123,25355.0674397392,21213.9216668359,-1484.07757981222,0
944,444,8.23754821395648,3401.45867940495,20.9921186481909,14.4664799403672,14.8596177561957,22.2489657139672,25378.8847424383,21179.2027226942,-1402.91749514479,0
945,445,8.40914021527262,3848.12393340495,20.9921186481909,13.3198658070543,13.6498498447618,20.4766874866899,25370.9468839129,21174.5059979275,-1428.56754531894,0
946,446,8.41737557552734,3728.08223340495,20.9921186481909,13.6039065333041,13.9491901810765,20.9156240958937,25350.0849693875,21192.120617688,-1480.09105738197,0
947,447,8.15973700336286,3569.25274740495,20.9921186481909,14.0057551426035,14.3730758939484,21.5367200159106,25372.9246915793,21195.1060661074,-1436.17905969588,0
948,448,8.43779008923321,3513.85735740495,20.9921186481909,14.1535089841749,14.5290458491961,21.7651189246187,25344.261190156,21205.7248903101,-1494.22604384392,0
954,449,7.59286856558851,3888.37518637596,20.8943239416823,13.2180154427222,13.5416878699596,20.3190671579531,30855.1230918033,18706.2265574551,1207.30822876148,0
982,450,9.21153266846215,3425.15659844335,17.8763746114317,14.0169611210605,14.3524875965505,21.5450989100379,29570.5927837899,5735.35979677094,-1380.98776398461,0
983,451,9.37743351667883,3082.91661044335,17.8763746114317,15.0337845467027,15.4239056875627,23.1163784146891,29582.7961022268,5717.81452445854,-1478.27502411789,0
1006,452,7.69034178498945,2157.14589200409,19.4143738704985,19.5108728909048,20.1965274808915,30.0498956682489,26237.7832254598,9988.69065840365,1259.41820569417,0
1007,453,7.87371150585689,2086.38383136654,19.3847376836174,19.9698633402026,20.6859019709468,30.7607414103542,26254.2041713319,9944.92657032997,1249.55814169554,0
1008,454,7.53027088400696,2076.86859936653,19.3847376836174,20.0346160892952,20.7550406338221,30.8610524285801,26235.3331737923,9987.00750124112,1246.02108262078,0
1010,455,7.67175920026095,2099.40637405699,19.4157475008377,19.8887113039342,20.5997699588886,30.6351679569957,26226.7510129346,9949.9542100992,1245.28300027485,0
1011,456,7.59442362751903,2248.76468005699,19.4157475008377,18.9485609852685,19.5969873130867,29.179033389315,26221.8524432717,9965.16160392132,1267.34394794079,0
1012,457,7.76499837979343,2602.89870805699,19.4157475008377,17.1163156656169,17.6479703480121,26.3426515850274,26267.3175227146,9921.70025577071,1253.34352777456,0
1016,458,7.85187471689201,1992.81219611696,19.4448894997748,20.6447777359351,21.4079451403101,31.806667824468,26190.6781107672,9987.2928694354,1263.78953707689,0
1020,459,7.17908372829806,2357.85584008862,19.7900027145234,18.4004533453319,19.0186859114462,28.3318481202058,25614.9341415768,12839.7158111954,1141.7840675387,0
1021,460,7.47015747027721,1954.06654365737,19.810482705869,21.0199104206116,21.815389576337,32.3897031996653,25661.4140150508,12856.7189351297,1123.91383797088,0
1023,461,5.92847003005589,1603.48386140368,19.9595781994135,24.3019617934118,25.3393978856315,37.4795042937484,25395.1093282562,14581.2251360442,723.428608749399,0
1024,462,6.42765544057856,1782.70942340368,19.9595781994135,22.4935946915308,23.3969345006125,34.6748696100598,25383.5909593617,14600.175770606,704.722595421766,0
1025,463,6.41280448088586,1600.92884540368,19.9595781994135,24.3304569986741,25.3700461391661,37.523709284055,25383.4772658913,14594.2025054132,717.278243260155,0
1083,464,9.05289298223425,2503.05385871928,20.9761265592852,17.853277245439,18.4525194313115,27.4891742618922,29171.9742730854,16373.1670762712,-1370.22240228684,0
1083,465,8.36226644802525,2956.00861544756,21.0054831976653,15.9162508734392,16.3944391188552,24.4912465038887,22050.802650119,22363.4633710805,-1378.8787336952,0
1084,466,8.68782462200563,3043.46176871928,20.9761265592852,15.597960547129,16.0567172613395,23.9987558666826,29170.0309018703,16368.4356175909,-1350.83240212131,0
1084,467,8.68122728957654,3164.0950750856,20.9848140064508,15.1914750476271,15.6263119403511,23.3700472345153,22103.2020009743,22340.5543041497,-1446.66023735576,0
1085,468,8.71226685706439,3256.12279871928,20.9761265592852,14.8976958292138,15.3153471006348,22.9156884284288,29149.9006441442,16365.2108328395,-1292.78383470362,0
1086,469,8.91284212942935,2746.26495071928,20.9761265592852,16.7388020246828,17.2671371502154,25.7639595853665,29181.564457301,16342.6176783338,-1274.36070628424,0
1087,470,9.06946282219351,2641.70305428972,20.9608758324045,17.1926587747469,17.749337427043,26.4663861416056,29140.1909051059,16350.6156301775,-1384.71781212059,0
1088,471,8.8036443898535,2820.02555028972,20.9608758324045,16.4331606513936,16.9423648615985,25.2909113560132,29153.8110600189,16388.8265014134,-1348.77384074689,0
1089,472,9.1024222984039,2540.53763628972,20.9608758324045,17.6663554076532,18.2533104508031,27.1997094762358,29164.2569867585,16341.3660140356,-1337.72840992083,0
1098,473,8.20011506117066,2115.39277576842,21.3607968886474,20.185158974986,20.947196399134,31.1029196725879,30117.5487271407,21739.4525724991,-1402.24132234604,0
1099,474,8.1643544285403,2292.14974367408,21.3599842089446,19.0642474964197,19.7490926619918,29.3661207927371,30112.2691089751,21709.3062693137,-1416.7235879789,0
1107,475,8.17058164648939,2156.04990521225,20.2885329148797,19.6967865623157,20.4086889951891,30.3416631987339,22048.3003882598,15956.4173824571,-1508.78182558764,0
1110,476,8.13761536570998,2149.71556867172,20.3550099858447,19.7514674123322,20.4681224422431,30.4266604021112,22058.6990806252,15946.8994869671,-1513.39314694535,0
1111,477,7.86845645222788,2229.47171467172,20.3550099858447,19.2485024479622,19.9311101707172,29.6475032467467,22077.6513072624,15955.2509533605,-1483.63155825365,0
1115,478,8.48296354452716,3111.57138372475,21.2883079554829,15.4055998639226,15.856365525935,23.7021500291952,27473.7090387322,18992.4404330931,-1456.53568966637,0
1117,479,8.43982803477392,1978.06695067172,20.3550099858447,20.9595316064045,21.7599404061048,32.2986531992775,22069.006590344,15956.4556011272,-1525.15263469321,0
1119,480,8.25384223652339,2419.20679597062,21.2890742305009,18.3394624706899,18.9747768949075,28.2432074814459,28576.0823410035,18116.9880600134,-1483.5629856521,0
1120,481,8.2411492534936,2277.95029842378,21.3589899460904,19.1481856225033,19.8387106457228,29.4961511097083,28548.0058062164,18122.7227504321,-1520.92110711526,0
1121,482,8.54325352678304,1946.94357042378,21.3589899460904,21.4260553065363,22.2762501288921,33.0263783056668,28540.7341549814,18104.1597853948,-1482.58145573946,0
1132,483,7.07981898512749,3352.09660125141,21.3877243306409,14.6579061133171,15.0659977783949,22.5460610147033,31729.0834927138,15664.0815734564,1085.93469099236,0
1133,484,7.41838795824253,3315.75370125141,21.3877243306409,14.766492060059,15.1808475013413,22.7139757306367,31727.7583791886,15630.824032241,1051.15096342842,0
1141,485,6.690055256262,4293.98022106681,20.994318543021,12.389589158392,12.6711466601275,19.0395636596787,22559.4719885435,18637.2985352263,1020.02001953355,0
1142,486,6.66747647285877,3590.71206706681,20.994318543021,13.9498603563883,14.3141100522523,21.450327662257,22561.2942230508,18669.0873477212,1040.61784981643,0
1143,487,6.75037246173775,3160.72049506682,20.994318543021,15.2037359827411,15.6393942493656,23.3890386800092,22566.0115946722,18648.3037306163,1025.82233599923,0
1144,488,6.70030993846819,3342.25878706681,20.994318543021,14.6391420376079,15.0421261645351,22.5159351496865,22574.6145437064,18651.8092992265,1033.40827055049,0
1145,489,6.98989013864193,3069.81919306681,20.994318543021,15.5088892307874,15.9625505759657,23.8610301047605,22539.4844639849,18656.7741993627,1018.27322869206,0
1158,490,7.02482380758576,1986.10582177452,20.8409623981513,21.0063614864177,21.8180751362474,32.3734406924923,22524.1544744474,17472.6142087909,1064.1432948601,0
1173,491,5.41761902262691,7941.08678650555,21.1918833895139,8.38928539989841,8.4962839624401,12.868990615283,33906.8249258916,14433.2545402711,260.190450589695,0
1174,492,5.8520865362782,7044.07810054673,21.2146329788608,9.03859959514734,9.17029402882675,13.8695758523384,33902.5595574423,14449.4460813462,286.755100930642,0
1174,493,5.46366526816494,5926.05288113274,20.4955023372891,10.0314937143968,10.1995447370725,15.3992186854075,35914.0919428978,14198.8015595935,604.86254749734,0
1175,494,10.5646391053979,10048.441746143,20.9720826593219,7.25819887496252,7.32582043412743,11.1270042407008,34876.0330919642,14218.4061935597,-1097.10991581551,0
1175,495,5.03510656343379,8043.74265113274,20.4955023372891,8.29097968907451,8.39114822331692,12.716645081358,35916.4073197505,14259.6932096543,639.896140621399,0
1176,496,8.4132053703405,2296.00749343863,22.0517218026577,19.1691442465112,19.8708568811372,29.5313098185537,29219.7094146385,23280.6935654915,-1314.14130485719,0
1178,497,8.10897137622724,2935.13497012165,22.1629404322481,16.1558950507423,16.6618930933022,24.8656783757316,27551.5011044104,24448.8927459382,-1492.94474072331,0
1179,498,8.12417225854688,3233.6664137569,22.1615626330025,15.1166811717485,15.5595254908716,23.2577834142159,27546.7380881149,24444.4639056744,-1459.23403962024,0
1180,499,8.27381074388771,3222.59403910461,22.2682240860314,15.165413052564,15.6122560542535,23.3334683323795,27549.7177912144,24456.3281180005,-1423.85949264295,0
1181,500,8.09928584554826,2925.22101310461,22.2682240860314,16.2083220071675,16.7187575083472,24.9471391873571,27532.4757587717,24480.2141941805,-1471.48944529336,0
1206,501,9.07982018281197,2443.83245612538,22.5246098602057,18.4210281318901,19.0782106129502,28.3740656544753,27662.2203913674,24914.9797830116,-1385.13270312676,0
1207,502,9.04497173392128,3659.71018514039,22.5004839275342,13.9375336820914,14.3152478026635,21.4351746848725,27529.5243289184,24906.6714275571,-1232.83101691608,0
1208,503,9.25781038953384,3457.51150514039,22.5004839275342,14.4834033395973,14.8924056351273,22.2792396195603,27458.4416142374,24897.6661461668,-1233.11457691987,0
1209,504,9.06555724893814,3635.61374114039,22.5004839275342,13.9997274274907,14.3809648453413,21.5313319802649,27454.2709001459,24910.1819332501,-1229.74318369294,0
1220,505,8.76559431953187,2472.53248141213,22.3713544348497,18.2439679830676,18.8872658188348,28.0992538262336,30057.2599757515,22086.8099058613,-1255.99855849186,0
1221,506,8.70965362613564,2534.88808741213,22.3713544348497,17.9265977199426,18.5487548055739,27.6077013636866,30026.7504846201,22108.0793057446,-1238.55777833755,0
1222,507,8.88171359132598,2135.73291541213,22.3713544348497,20.2493013998292,21.0309269006657,31.2064860945493,30041.8541271734,22088.7748000578,-1230.91093648312,0
1228,508,10.5619521435208,4138.38549396898,22.3833631058193,12.8262267939482,13.1418944517843,19.7172382277951,30988.2592083204,22384.075303759,-1020.6434424942,0
1229,509,10.1522681397571,4150.87423596898,22.3833631058193,12.8005952349046,13.1148993954317,19.6776337021817,30982.2376022464,22375.3921893556,-1049.41511037704,0
1230,510,10.7001465575163,4059.94825153145,22.2584521407879,12.9784038209564,13.3011641180149,19.9520974005052,30977.6192424487,22351.2388662231,-1062.93551552009,0
1231,511,10.427124705275,4873.03804153145,22.2584521407879,11.5088702575741,11.7562183857766,17.6822078747541,30966.1425842667,22338.7643653674,-1031.62385487137,0
1232,512,10.3313332844533,4205.34187753145,22.2584521407879,12.6788489724709,12.9856930171418,19.4892463030247,31013.0893059857,22385.0778183464,-1054.90577881566,0
1233,513,10.4892960945419,4424.28031753145,22.2584521407879,12.2608781927879,12.5459716755483,18.8435524492053,30989.0726360646,22352.486964404,-1038.92485448359,0
1235,514,10.5189437657253,4314.98730553145,22.2584521407879,12.4648306724367,12.7604701699811,19.1586059474579,30991.1741550782,22368.3491975711,-1063.4372157682,0
1236,515,10.5040377422955,4344.01757353145,22.2584521407879,12.4097713767012,12.7025511286344,19.0735501818444,30992.8223277106,22348.0802104937,-1076.86161360362,0
1236,516,4.12567906210881,3167.73803216302,22.1499737468984,15.3294365038591,15.7848640914181,23.5868681306341,31926.7379181669,22419.555273765,499.418141833422,0
1250,517,8.24678373212252,3930.7751526071,21.7113663593962,13.2061728205011,13.536477926459,20.3027724533122,30292.3870944761,16851.6045574447,-1495.48218458788,0
1252,518,8.10381541752525,3716.7485106071,21.7113663593962,13.709168236216,14.0668884409006,21.0801543352829,30297.3058409436,16826.7292890498,-1469.56366023467,0
1254,519,8.21151679652112,3663.4235646071,21.7113663593962,13.8426165024652,14.2077315584122,21.2864325293027,30285.7145585328,16840.9945610008,-1492.53635586764,0
1256,520,8.56705511059286,3867.8468706071,21.7113663593962,13.3489153100031,13.686926083899,20.5233613253954,30305.1396320495,16863.12621503,-1491.32607487994,0
1257,521,8.34193313500719,3399.7282926071,21.7113663593962,14.5572003736711,14.9627543219806,22.3912337931051,30310.0671030246,16833.6598681418,-1502.10104181686,0
1258,522,8.45494663307267,3918.9031386071,21.7113663593962,13.2327903452938,13.5645278306991,20.3439049388199,30306.5265903771,16866.9510183266,-1473.14873631003,0
1260,523,8.37633702823066,4076.91291798339,21.6279763152066,12.8817753192699,13.1940850265601,19.8013268454428,30291.5226634048,16839.9183245126,-1474.8009793249,0
1263,524,8.44962064925152,4117.77114798339,21.6279763152066,12.7969959749796,13.1048453156814,19.6703438636121,30289.0666773119,16834.0861165045,-1504.77663577857,0
1268,525,6.18484099483045,3185.70660641511,21.3973888953511,15.1744459965489,15.6127141972464,23.3449302440404,23372.6249344385,21167.2884749115,865.925099248353,0
1269,526,6.50677384951819,3214.23027641511,21.3973888953511,15.0826982964014,15.5155731190578,23.2030261321387,23368.5476652079,21159.9599194888,873.218210700612,0
1271,527,6.06396898115457,2242.15200602783,20.8481024164044,19.2667970909999,19.9579621670728,29.6778600295272,23803.8795338774,16991.2879083169,764.116636942976,0
1273,528,6.28042451609549,2638.99921696927,20.7978112990325,17.1788205262493,17.7325439320844,26.4443929691595,23620.6476118137,16872.8749438932,785.825968430908,0
1274,529,6.20517931188246,2200.74789496927,20.7978112990325,19.5131792340577,20.2203309981982,30.0593470296945,23634.0445208519,16864.5930072253,806.844026536262,0
1275,530,6.51834402735628,1849.34509096927,20.7978112990325,22.1067190861922,22.9968403724952,34.0791230068982,23615.7984387771,16901.8432363874,854.975902868515,0
1276,531,6.20373840736124,1762.05605296927,20.7978112990325,22.8981768675475,23.8464611067864,35.3064647964495,23638.5458944996,16834.1010647864,780.711366638722,0
1277,532,6.31197318331555,1482.56813896927,20.7978112990325,26.0106503218904,27.1969071626589,40.1356708833956,23626.2015055385,16858.6752390043,821.099843894915,0
1279,533,6.04638283954152,1572.63245296927,20.7978112990325,24.8949494956158,25.9943022057849,38.4041398066763,23614.8642098428,16838.8820132836,885.092176663687,0
1280,534,6.24253415494109,1867.3739787563,20.7463259383765,21.939612708848,22.8167012134823,33.8197781128501,23627.7047754175,16868.0838059781,802.772396930574,0
1281,535,6.30337414348691,1692.7959027563,20.7463259383765,23.5663053968757,24.5635096807563,36.342508220206,23617.1330668268,16876.0011584255,840.151783068958,0
1282,536,6.20693195686049,1709.8220007563,20.7463259383765,23.394101550712,24.3783914356497,36.0753932198305,23612.8749587843,16839.4595853363,880.455952281331,0
1283,537,6.33968798362067,1457.8886127563,20.7463259383765,26.3227175107027,27.5325022033584,40.6197747547785,23624.8654117784,16844.7754780322,801.4410657384,0
1284,538,6.06091187571641,1865.7440547563,20.7463259383765,21.9534912153209,22.8315862193156,33.8412962740464,23645.8281741082,16831.4247358992,838.420859218364,0
1285,539,6.15708240184374,2115.9814407563,20.7463259383765,20.0554215723164,20.7990066559458,30.8992752102534,23615.411891216,16875.7554987323,814.489668997735,0
1286,540,6.39445503579457,2307.1671207563,20.7463259383765,18.8624720762738,19.5249702866394,29.0511517251413,23611.9822084171,16866.4308355227,902.579126378713,0
1287,541,6.52857781364938,1879.8627207563,20.7463259383765,21.8340129203315,22.7034537824476,33.6560521356979,23599.5383007764,16892.3218879927,812.640780714204,0
1288,542,6.31847825848408,1908.2542347563,20.7463259383765,21.5987087567436,22.4511770734229,33.2912465262578,23591.5024515672,16863.6972777573,820.744682242586,0
1289,543,6.0244809238959,3691.04836657009,20.6937899907062,13.6621104178329,14.0077322654591,21.0047967096911,23596.8601595589,16773.7454303584,901.505259498582,0
1290,544,5.78633126215718,4002.86771282402,20.6487022359729,12.9417051829151,13.2486585289171,19.8915691732636,23607.7378028534,16772.5000005554,953.175948454783,0
1291,545,5.77573378615039,3989.80629482402,20.6487022359729,12.969677004725,13.2780867424298,19.9347811000981,23587.1492712262,16761.6182601853,830.11205649731,0
1292,546,6.01920173581751,3590.14198829075,20.6773670440687,13.9154625173274,14.2747359521103,21.3963103030625,23570.4576291149,16817.0437689707,842.792086601732,0
1293,547,5.82743919014597,3676.82574316992,20.6995375406192,13.6979622494628,14.0455825835807,21.0602181694343,23617.0643850167,16775.7095767932,886.480133714875,0
1294,548,5.67544810328097,4329.09226229075,20.6773670440687,12.2944427122943,12.5685910625181,18.8918993974121,23523.5850511449,16791.1535348275,784.642283558313,0
1295,549,6.38194331431044,4117.93398105667,20.5743619397529,12.6948388697164,12.9883968101547,19.5100508947122,22912.1383755751,16848.968832826,1161.38128821986,0
1296,550,5.52533703964387,4498.31802029075,20.6773670440687,11.990170818662,12.2492243799638,18.4220533185793,23529.6744401353,16800.7204847818,765.9590567283,0
1297,551,4.89784661989828,4313.76216629075,20.6773670440687,12.3230441833298,12.5986263076416,18.9360688652047,23640.4769485988,16718.4888950537,969.268140623163,0
1298,552,6.14133063099814,4224.98034105668,20.5743619397529,12.482523279946,12.7652757565974,19.1821259197682,22907.9009400023,16893.6694333911,1203.34207360405,0
1299,553,6.06253677736158,3192.36387316992,20.6995375406192,15.0631199096708,15.487385284525,23.1706891009561,23594.8912926629,16833.7045941432,808.474216471242,0
1300,554,5.96370715239705,3070.94371290345,20.6306767398976,15.4559412105733,15.9024025484618,23.7780102760385,23597.4231442561,16801.7621944547,753.160814436715,0
1301,555,6.01424314551347,2755.17712263054,20.6603015945688,16.6532147682135,17.1723418791979,25.6304334612709,23588.4626427369,16821.2277429555,818.302641013508,0
1302,556,4.79946053999698,3518.64418890345,20.6306767398976,14.0987077016014,14.4676154307634,21.6794189937797,23611.9192437404,16721.4078852624,923.584131820512,0
1303,557,6.58222171661776,2174.79371308891,20.6373151635429,19.6462214370528,20.3600257088878,30.2647981564613,23564.5947914547,16857.0663242673,853.042399584244,0
1304,558,7.57591538426396,3779.04307486655,21.2998978968803,13.5140782643956,13.8573367768853,20.7775859471391,30265.469547328,18864.6392400018,1245.28562207812,0
1336,559,9.11342824862237,2803.72872020222,21.0673832024436,16.5147978129409,17.0303244598857,25.4175971101596,32106.1087472,19075.1584671458,-1253.53065335197,0
1337,560,8.9321308571345,5557.19898020222,21.0673832024436,10.4892188710408,10.6807876635591,16.1062538715898,32144.5681537634,19022.6585127465,-1350.34229767299,0
1338,561,9.11970350413768,3681.42239371627,21.0736608734961,13.7276947453707,14.0804897618352,21.1071502539221,32280.5864251839,19590.1226321354,-1302.23593014794,0
1339,562,8.77898431567515,3256.93068983159,21.0630664447494,14.9061343300604,15.3251912775482,22.928990793361,32296.8214091295,19616.3359223801,-1317.33034905963,0
1341,563,7.26819119556284,2465.00686227411,21.0468887957963,18.0578337595482,18.6713444689141,27.8061743341419,25707.1716919708,19706.4558150592,1090.73754911522,0
1342,564,7.13091365233859,2353.77556227411,21.0468887957963,18.6533061343365,19.3061208659144,28.7283598057947,25685.2924786399,19707.8323214722,1111.1045173864,0
1343,565,7.13409951424906,2487.51743427411,21.0468887957963,17.9432471502478,18.5492811210413,27.6287422528302,25702.1487406152,19748.3479741808,1180.51643938867,0
1344,566,7.43950506706968,2490.57904827411,21.0468887957963,17.9278083660778,18.5328371286293,27.6048366045222,25677.6604288674,19726.0613871307,1065.50702906536,0
1389,567,7.09691651193654,3807.59564718366,20.6366464569912,13.3762883063247,13.7060170330866,20.5629699138571,21882.9584846777,19699.9790328384,1134.2806559151,0
1390,568,7.14415073560167,4071.16892662095,20.5570588399074,12.7889741911768,13.0872151618953,19.6554145981362,21882.6509604767,19715.0674302621,1137.53489420447,0
1391,569,7.34261097136251,3572.54433862095,20.5570588399074,13.9475244606028,14.3073761033508,21.4455396695533,21848.4220097065,19707.5513247945,1085.50498276068,0
1391,570,6.64776895516528,2527.1338220849,20.1405521632439,17.5931694012372,18.1644897670866,27.0833933444577,25008.2956199944,15248.3217269876,751.652636554007,0
1392,571,7.11114063076483,3437.21659462095,20.5570588399074,14.3131563655585,14.6932414999528,22.0107091292115,21879.6683061684,19721.0170147779,1146.92205930422,0
1393,572,7.57666139672673,3547.52280262095,20.5570588399074,14.0132515655673,14.3767132457715,21.5471288069898,21882.5786359981,19689.7187852284,1085.2688103508,0
1394,573,7.45171187522495,3684.67870462095,20.5570588399074,13.6627592531178,14.007109901208,21.0054390536259,21890.8933974332,19709.9021804779,1139.28570080574,0
1412,574,8.79313709856005,3034.7839586411,20.067993771039,15.5035464369997,15.9463868835386,23.8498711706951,20672.999235204,18631.4022235566,-1327.99758451081,0
1413,575,9.40169012086623,3261.8720186411,20.067993771039,14.7647648591624,15.1650943519829,22.707465905633,20679.6193716015,18650.8935916673,-1341.41544080094,0
1414,576,9.12152279698624,3362.4207086411,20.067993771039,14.4663211951842,14.8498827861442,22.2460824152034,20670.2144862493,18675.9728961228,-1331.32305639554,0
1485,577,9.47258501145065,3347.16459276029,20.5354309074161,14.5683799543982,14.9625789937388,22.4052136658726,25154.6761839083,18760.3848642318,-1120.01024958293,0
1528,578,7.80599854432697,3117.9897083441,21.5445163080132,15.4175876689612,15.8718477831734,23.7214599818438,29442.0805969376,21485.4332563575,1163.86693659781,0
1529,579,7.08582761803149,2822.2025543441,21.5445163080132,16.5103661901402,17.031301540111,25.4123044592635,29431.0995303579,21512.3057256363,1190.79894524028,0
1531,580,8.46700677441832,2878.10534475203,21.1906958068428,16.2374496531556,16.7373451609581,24.9888151043883,27332.478131354,18699.7436597698,-1331.74787287529,0
1532,581,8.46847836144319,2746.31876937794,21.1623148242297,16.7669372447773,17.2993110077358,25.8081324652444,27353.7726757873,18650.8091306013,-1439.47766136148,0
1533,582,7.86596480950702,2642.07275074383,21.5079718597381,17.2777922311934,17.8467964297865,26.6000762235356,30487.0723375776,20530.6581160108,1122.15878221327,0
1534,583,6.89350301436262,3408.29131996659,21.4548491900575,14.502069971614,14.9018999025294,22.3052802235602,25945.6858128681,21381.6901826829,1001.61673511126,0
1535,584,6.8228340568663,2801.64570808095,21.4451561126395,16.5793496935507,17.1034103164775,25.5187433046487,25888.9760192896,21396.4795368984,944.231462403752,0
1536,585,6.85485357401345,2615.61411208095,21.4451561126395,17.3893868513901,17.964762615141,26.7726247283231,25912.6598890175,21408.1696024471,1009.03689368409,0
1537,586,6.64828156023993,2507.15203209727,21.4296818762758,17.9092649061988,18.5181501861868,27.5775183491076,25904.9112547357,21409.6203313068,927.245597420426,0
1538,587,6.67642223265182,2655.32093409727,21.4296818762758,17.2054165585305,17.7688131922313,26.4877620495755,25910.945851194,21388.3036760768,913.15934785269,0
1539,588,6.63118365709655,2323.76961208095,21.4451561126395,18.8958814094823,19.5705428413728,29.1056344422775,25913.4862886501,21406.2168955404,948.734638516562,0
1540,589,6.55032961500963,2347.78539570157,21.4184110547556,18.7541955418134,19.4189441115632,28.8860563153041,25921.3988834287,21409.4136267133,971.155043582345,0
1541,590,7.02251047062902,2445.40462770157,21.4184110547556,18.2235100540039,18.8529027459534,28.064113331959,25905.8021592672,21387.2111091639,1005.07036154209,0
1542,591,6.84894238975399,2265.58436370157,21.4184110547556,19.2334200983852,19.9305934989837,29.628432279484,25892.1562546405,21398.5055920626,1006.60713784767,0
1545,592,6.67935234420794,3624.92179552367,21.4368630817576,13.9108065245476,14.2771316452158,21.391129192137,26846.4997137776,21145.6546660501,1006.69970462304,0
1546,593,6.9446119131212,3405.58567386548,21.44435158878,14.5086059157737,14.9087045087633,22.3153573855078,26960.956598159,21127.2500023833,990.95098742718,0
1547,594,6.69408346680548,4034.40594786548,21.44435158878,12.953575846054,13.2681044558353,19.9118275686724,26954.402806653,21157.6637402385,969.552195298329,0
1556,595,5.25600968309668,5013.39417059229,21.3770776264993,11.2306526898366,11.458351545984,17.250977036265,33401.1721895941,17682.6129472834,-376.190396671455,0
1561,596,9.29848547026848,3217.0218744434,21.7051830059088,15.112707169307,15.5505831092503,23.2503322248953,23987.7272922595,23793.6580321363,-1123.90245797163,0
1574,597,8.324685919066,2664.51299152411,21.6230691965496,17.1943397167332,17.75943213237,26.4712762061764,32673.2081286072,16756.6666584637,-1495.64215193756,0
1578,598,8.87412693411162,2557.83635248975,20.6892601033912,17.5379190852834,18.1130545812585,26.9998845197405,28971.4124825615,13597.0913366331,-1396.48260831171,0
1580,599,9.27300759276388,2402.94194019561,20.8706717836965,18.352618114931,18.9830621334692,28.2620004999854,29018.3895952817,13619.7689948929,-1375.73045381246,0
1581,600,9.17845809620485,2425.07807019561,20.8706717836965,18.2349023381466,18.8576108716025,28.079708007601,29059.2476360734,13616.4291158353,-1346.87176240255,0
1583,601,9.71687011300546,2160.51158165852,20.8248895472807,19.7760589632515,20.501600488277,30.4667453746737,29002.2481648033,13592.9386028867,-1360.39877258579,0
1587,602,9.01186373494309,3744.81623501821,20.8795414164184,13.5512053803722,13.8925821117528,20.8338887845338,33952.8343048986,13343.6306456858,-1370.12278106776,0
1592,603,7.67002243072085,2952.6757931339,21.5957193860834,16.0110898856656,16.5017796097983,24.6398398328356,29084.7376395065,18106.9141518835,1246.0583345637,0
1593,604,7.43663171769909,4398.74411204489,21.4236361608588,12.2337667804314,12.5109168718469,18.7998661268619,31858.7026112709,14654.5092895927,1077.53233976571,0
1593,605,8.11588886225549,3788.1219731339,21.5957193860834,13.5236575369553,13.8701351813691,20.7931347068247,29098.374045249,18113.9787332054,1194.0734811218,0
1593,606,8.65063553239329,3415.16158534209,20.8500464734747,14.4103556741262,14.7988773755167,22.1617962970657,20868.302783581,21256.5568556092,-1361.22426493328,0
1594,607,7.30073376111612,4241.56657604489,21.4236361608588,12.5300267905801,12.8222960139069,19.2574560074343,31869.0248921091,14661.9624363025,1085.88064002631,0
1594,608,7.69501805290695,3727.5504731339,21.5957193860834,13.6701804577206,14.0246877754661,21.0195985445846,29064.2018731407,18117.139962579,1245.68977078889,0
1594,609,8.67887357635954,3687.72402828778,20.8601132396849,13.6886119320814,14.0372535596431,21.0461895054306,20865.5625498218,21227.4861656297,-1355.39984008738,0
1595,610,7.0266243287637,4230.83991404489,21.4236361608588,12.5509535307996,12.8443009488014,19.2897813099087,31850.6957445525,14670.8186334227,1061.8455455764,0
1595,611,7.44114644144784,3416.37467978868,21.5847439994583,14.4942404505516,14.8949185708257,22.2935311425474,29083.7235294442,18070.2774803038,1232.00527213995,0
1595,612,8.72032864163691,3638.57130334209,20.8500464734747,13.8107105368355,14.1659174812058,21.2348687952259,20857.082780257,21261.4202165687,-1359.44482723049,0
1596,613,7.60964956379654,4753.18840314097,21.3524364735671,11.6237671369806,11.8701276812984,17.8577800581962,32147.2542601626,14315.4615453391,1142.12159209798,0
1596,614,7.82746219092404,3697.2206711339,21.5957193860834,13.7451546216245,14.103794275909,21.1354840670941,29088.8284966646,18109.0365532305,1253.35954252313,0
1596,615,8.65286948335546,3505.89939828778,20.8601132396849,14.159755325321,14.534333777438,21.7744145009453,20907.2397944554,21240.8954105021,-1364.50312807637,0
1597,616,7.38613717135678,5376.81054114097,21.3524364735671,10.733559678908,10.9380078865151,16.4837690614187,32133.2849461082,14310.8748788073,1165.26154071995,0
1597,617,7.78027810545333,3641.32621778868,21.5847439994583,13.8850318136876,14.2513203461969,21.351671608371,29084.6903633952,18067.3738942033,1250.79417821041,0
1597,618,8.9463502994979,4038.51010428778,20.8601132396849,12.8872028869002,13.1931820327074,19.8078863476993,20887.1395281379,21236.3746972494,-1359.0321046036,0
1597,619,6.68119749163173,4066.71961188587,21.2182514210013,12.8632410773645,13.1710764447626,19.7717259431046,32187.2957127919,14292.4074831368,1179.95468249128,0
1598,620,7.67329482552996,5597.99563314097,21.3524364735671,10.459844699973,10.6519509660885,16.0614468198205,32157.9253709842,14301.5041233294,1122.29067162238,0
1598,621,7.76051662486892,3616.6936151339,21.5957193860834,13.949648186231,14.3196394774063,21.4515862678185,29076.6040986776,18104.5134756574,1261.24412824879,0
1599,622,7.57142383352963,6053.18494914097,21.3524364735671,9.95181655423219,10.1217230660517,15.2777905675407,32144.1671849154,14319.5484826368,1117.39396093355,0
1599,623,8.0068632261656,3770.6773811339,21.5957193860834,13.5654259401544,13.9141863015805,20.8576896719788,29086.8249945851,18102.3097313977,1195.46443803807,0
1599,624,10.190779266257,3652.09124111109,21.3563296244543,13.8324840335484,14.193708534501,21.2698521631816,21792.8527718169,23436.4828686195,-1076.54836506106,0
1600,625,7.15514028292729,5554.97056108044,21.3489546400331,10.5113572207271,10.7057435647245,16.1409151301512,32128.8669331658,14278.7552480675,1175.69297076899,0
1600,626,7.7202496428925,3891.02892066572,21.54933292194,13.279326957624,13.6121412934152,20.4154248969995,29059.8893847377,18121.8632697303,1237.26953988597,0
1600,627,5.065071988513,4096.85358854972,21.2654402192625,12.8051942630139,13.1104011239347,19.6821617431114,31535.9808031192,14748.3483421974,25.3166671288841,0
1601,628,7.34327192740982,5456.16192508044,21.3489546400331,10.6328923319303,10.8327479805314,16.3284319852665,32147.810447415,14304.2710035954,1141.91017448743,0
1601,629,7.94622640168571,3509.12010666572,21.54933292194,14.2305490114974,14.6158726205695,21.8857250903425,29085.8541658636,18103.9653788316,1248.33754798062,0
1601,630,4.75008401226739,4772.46185075203,21.2129499562259,11.5818181571625,11.8251077834826,17.7927302461363,32817.6978872926,13842.9868081307,288.622053812887,0
1602,631,7.4047072155107,3417.84436266572,21.54933292194,14.485846846415,14.8856919254966,22.2804553029157,29101.8730718853,18109.4607936915,1264.86805621011,0
1602,632,7.29166544256242,2549.59568577793,21.3475261894153,17.6865038663606,18.279810783029,27.2322958060131,32145.0346821586,14314.1014693268,1077.87699831273,0
1603,633,7.73135406627814,3283.55184066572,21.54933292194,14.8844992944298,15.3073701916568,22.8969300358252,29085.7299533486,18106.6918838731,1229.46430518434,0
1604,634,7.9347149209171,4327.49613666571,21.54933292194,12.3771152944353,12.6625626549816,19.0215469298139,29072.0798734789,18118.2473900627,1169.296934736,0
1605,635,7.90220276321933,4203.57786066572,21.54933292194,12.6163530626214,12.9141211572302,19.3910933788326,29082.4485163509,18093.6290488534,1200.54121267043,0
1608,636,7.24117547475771,2687.25771412411,21.679000575728,17.1015704851299,17.6614228506987,26.3278512733405,26743.0531504577,24034.0623056566,1155.72302515909,0
1645,637,8.49966107260201,2954.48346654043,22.0005263888377,16.0604289604378,16.5587042793859,24.7174419861775,31766.9007067911,18246.89112085,-1435.35442240873,0
1645,638,9.30937567780117,2497.75095634002,21.2373482835577,17.9240264954999,18.5313409362733,27.5996780521672,21869.196907939,20095.3140109412,-1304.83715764817,0
1646,639,8.45965938138208,5898.41254854043,22.0005263888377,10.1584212029079,10.3411931129509,15.5975497560183,31788.5664093573,18326.4913062213,-1403.88179690613,0
1646,640,9.10607611073212,2691.22734034002,21.2373482835577,17.0156518747018,17.5645970896329,26.1933501804525,21871.5619230879,20101.6740346584,-1253.62188511173,0
1647,641,8.74216557339796,6070.96822257349,21.9937440816142,9.97311179279628,10.1477380820203,15.3116883924283,31855.9554130622,18369.1872000683,-1430.66453234884,0
1648,642,8.71009854350764,5637.78288057349,21.9937440816142,10.4558113279768,10.6518093245753,16.0563506219055,31828.7805356959,18372.7479241788,-1446.4266998611,0
1649,643,8.79175763233927,5656.76929257349,21.9937440816142,10.4333089872106,10.6282920446886,16.0216310701814,31838.5686345445,18382.5593338817,-1444.27776359357,0
1650,644,8.74679452069864,5550.91189309523,21.8675013811951,10.5518649921381,10.7514113123333,16.2043378411802,31864.7202251533,18361.4841989188,-1448.98491103769,0
1651,645,8.68033393622551,5833.62739612211,21.8720470890614,10.2219943100622,10.4067933884324,15.6954062903512,31834.5517358937,18355.5439908037,-1433.67753582201,0
1651,646,7.42546521463923,3901.89617771381,21.7780346500187,13.277936248704,13.6126946442448,20.4138327784467,31927.640305309,18381.0380476285,-1490.23412064772,0
1652,647,8.72063607113897,5988.70066909523,21.8675013811951,10.0521811520934,10.2294992697642,15.4334451941177,31835.2568423961,18365.8065033368,-1409.20786507381,0
1652,648,8.05299214500294,4237.88214057071,21.7900758839608,12.5711880874673,12.8685899391426,19.3218688266049,31769.355039548,18400.6892748422,-1337.73422793307,0
1653,649,8.59410749679609,5885.57493709523,21.8675013811951,10.1640483320818,10.3462645879509,15.6060080343689,31817.0043879851,18372.3255009061,-1364.14555287828,0
1654,650,8.60330104868248,6150.37150909524,21.8675013811951,9.88338947799192,10.0534038643963,15.1730962389671,31841.6209962628,18371.6235818841,-1402.91069405724,0
1655,651,8.75597956201365,5940.22144309523,21.8675013811951,10.1043489259601,10.2839455468052,15.5139160246887,31828.3184541053,18380.0520632983,-1389.69816189883,0
1656,652,8.60078066630722,6265.54546309524,21.8675013811951,9.76776875866857,9.93284106744725,14.9947763619214,31831.173240983,18382.1486654895,-1412.60600880047,0
1657,653,8.60470207821801,5641.74711709523,21.8675013811951,10.4426413986727,10.6372525982811,16.0358110145498,31847.5113862738,18362.2261649013,-1444.03060673252,0
1658,654,8.66352264011432,4404.30441109523,21.8675013811951,12.2630326971219,12.5451843851697,18.8460376327899,31823.6280338698,18378.862637322,-1363.29535858606,0
1660,655,6.05552960373822,1649.05391667131,20.3054219731877,23.9030273253319,24.9171835626022,36.8625261444666,24935.0864365043,14787.9368418249,752.127684955979,0
1662,656,6.20590641953747,3211.3722569362,20.7564975456841,15.0099624006033,15.4317641168948,23.088653742408,23569.6101603962,16859.7122500256,875.681108249842,0
1662,657,6.16830749866025,2783.49018575368,20.7255369288173,16.5461279808694,17.0594436393003,25.464938292449,23572.1913169241,16857.7167358517,877.080736270129,0
1663,658,6.05671231050023,2865.1675889362,20.7564975456841,16.224717983311,16.7187057693938,24.9677020511252,23494.3574588916,16843.0269505453,798.129062476324,0
1664,659,6.94909336974473,2227.0293482668,20.7388405247765,19.3381908079888,20.0325763184145,29.7880138771664,23292.913641803,16834.9910852964,905.776928215198,0
1665,660,6.36616245118665,2416.5410522668,20.7388405247765,18.2567579706515,18.8790821165507,28.1130517976883,23315.4619791609,16838.4089999024,841.515621596114,0
1669,661,6.61649851435393,2340.4632482668,20.7388405247765,18.6716470346674,19.3213326335107,28.7555683443324,23310.3102012778,16833.5681107459,930.973350634606,0
1670,662,6.74487830865588,2182.17952442767,20.6343387751674,19.5984128373292,20.3089115540948,30.1907174169675,23347.6427988837,16779.0395998926,859.662022206072,0
1678,663,6.46515788805025,2179.93287242767,20.6343387751674,19.6127435361348,20.324219076728,30.2129193657096,23373.589840281,16664.0256741483,853.087811477673,0
1680,664,6.60977050298278,2317.20445422911,20.6140926772441,18.7802656062959,19.435382481274,28.9233030933794,23385.5175620071,16693.418138253,897.782509865175,0
1681,665,6.70758636888028,2461.80514422911,20.6140926772441,17.9993839210435,18.6032177375879,27.7140526185384,23424.6216498583,16717.3211576299,794.432167703594,0
1683,666,6.20425249868266,2296.40995118529,20.6304943902994,18.9030112195455,19.5665427789795,29.1134807775778,23443.2692443891,16709.0808164312,906.534656140337,0
1686,667,6.5918176585313,2229.16653222911,20.6140926772441,19.3008391287492,19.9908443664063,29.7296412411437,23383.0986907362,16700.6428511663,868.057607247626,0
1687,668,6.30204781011503,2179.56398022911,20.6140926772441,19.6110631496708,20.3221170798266,30.2102314233764,23413.2358655734,16701.8038095826,805.418685380079,0
1689,669,6.79070721112972,2334.60303518529,20.6304943902994,18.6846674458919,19.3336720553663,28.7753082826715,23423.3543673641,16698.102543659,845.271934463473,0
1692,670,8.00842332482267,2937.88532840638,20.5063730433634,15.9126248020386,16.3847946832895,24.4840387148482,33284.5182197954,12957.8496348036,-1458.31060448061,0
1693,671,8.06270228417771,3624.50401572322,20.4907128780463,13.8061483327257,14.1576303240946,21.2268590143021,33381.1288495695,12911.3613664217,-1434.71238634826,0
1694,672,8.20340969255768,3683.66585172322,20.4907128780463,13.6579225587243,14.001375733256,20.9977890502445,33382.5546091947,12896.752478078,-1468.28789339465,0
1695,673,8.2160362204229,3644.87806572322,20.4907128780463,13.7546192377141,14.1033030672475,21.1472233823274,33359.2057178911,12901.8018018445,-1498.77508041834,0
1696,674,8.04855947520648,3682.60860372322,20.4907128780463,13.66053420855,14.0041283084126,21.0018249793622,33351.6740297427,12872.8765795816,-1509.2643470133,0
1697,675,8.22305579460236,3785.51407572322,20.4907128780463,13.4124264869049,13.7427194688763,20.6184339566773,33364.6500936376,12904.2683880696,-1454.68999738883,0
1700,676,5.38883614580339,3330.14212671508,20.9146714759556,14.6653150464505,15.0689700884443,22.5561772433065,31444.1729143873,14782.9361513844,538.297761510483,0
1773,677,10.2113055267962,3309.58537313498,20.8960580493751,14.7244916933692,15.1313375153577,22.6476252230452,31575.8163060526,17301.8716368594,-1139.65560271648,0
1774,678,9.74749901471233,4678.83042745624,20.9127206421957,11.7068902579931,11.9539628209804,17.9851933677461,31520.3139610431,17349.5391155251,-1160.01507488522,0
1794,679,8.60094997362766,2798.34832925041,21.4715412641482,16.5967634837884,17.1222256765059,25.5457808539031,23631.9361888069,23309.8231201919,-1497.37904271725,0
1795,680,10.3539427424483,3608.78270804579,21.366436763061,13.9446670743607,14.3122040122157,21.4432860147255,31172.0031959673,22975.4445981097,-1067.66447687439,0
1801,681,7.19821192076805,2778.76232272805,20.3089833649877,16.502280341755,17.007772107039,25.3956750291264,22460.3945997676,16353.0310188047,1099.50316608854,0
1802,682,6.90320253112197,3408.02741440083,20.273096226186,14.3610693448938,14.7409082486747,22.0839707600345,22326.1088034478,16260.307650878,1144.22253088859,0
1803,683,7.18006489786543,3255.67357240083,20.273096226186,14.8099314090322,15.215041985313,22.7779102523933,22303.3991342019,16239.1081585377,1196.65824125593,0
1804,684,7.37170291905883,3683.92509040083,20.273096226186,13.6331461210683,13.973169760993,20.9589233069032,22304.6131871235,16263.326861166,1175.4024267661,0
1804,685,7.0050628324457,2970.646279045,20.740758574181,15.8254391855845,16.2951122731966,24.3499149978283,21972.7541763699,18922.2786005753,1023.84533336686,0
1805,686,7.1255867587168,3876.28655742579,20.7075319626656,13.2259366657126,13.548333304281,20.3308382841497,21971.0097591981,18953.5592993801,1071.55893540002,0
1805,687,7.43545771441169,4271.13825040083,20.273096226186,12.3655786435166,12.6399044737629,19.0008192732383,22317.6133159027,16265.9926068879,1216.71942178922,0
1806,688,7.16092715856322,3531.934837045,20.740758574181,14.0758710960878,14.4446080576409,21.644421105728,21960.3793069048,18948.5998137152,1036.5482792162,0
1807,689,6.94655905677575,3530.393017045,20.740758574181,14.0799907736134,14.4489558329841,21.6507890622337,21981.2952091162,18938.2147749877,1048.60615095018,0
1808,690,7.12318885647771,3230.839417045,20.740758574181,14.9466276979387,15.3646000655518,22.990666001533,21979.0348964956,18933.8800847591,1043.47221248015,0
1809,691,7.11566894872629,3479.490931045,20.740758574181,14.2178266730413,14.594450364166,21.8638551108382,21975.8854065463,18953.0133593089,1067.11577220173,0
1810,692,6.89360073758096,3557.56402225806,20.7810387647045,14.0124710101737,14.3780994960935,21.5465317754583,21973.9190200394,18960.0815892007,1083.78627244327,0
1811,693,6.97894295672512,3791.48014225806,20.7810387647045,13.4294430820893,13.7633518028257,20.6454749656356,21969.0820720208,18936.2156802819,1052.04155584097,0
1812,694,7.21996248515597,3618.66414625806,20.7810387647045,13.8537104407635,14.2106065654676,21.3011448206158,22005.7681037589,18934.2369103722,1117.85173911247,0
1812,695,6.37442313441673,2622.5164317463,20.7755784671871,17.2501049654441,17.8080533071547,26.5546562280497,25960.300612342,16307.4644044698,988.100094261124,0
1813,696,7.05194692029806,3850.33361425806,20.7810387647045,13.2927097343082,13.6193198802184,20.4341950323097,21974.3363539174,18916.9729739251,1055.83030190359,0
1813,697,6.70524447166002,2635.1464707635,20.7330375778625,17.1858512084196,17.7391890613172,26.4550471065296,25929.4050755735,16352.3070463776,891.409640414025,0
1814,698,7.14855317809772,3554.32620025806,20.7810387647045,14.0210197665421,14.3871204534143,21.5597456347486,21980.3607248344,18957.3511776134,1041.60202144032,0
1814,699,6.7788954805792,2415.9786297463,20.7755784671871,18.2662405225231,18.8896940672358,28.1278757436047,25944.5972078271,16329.2731967534,974.76528658913,0
1818,700,7.85568128261123,2474.78540781675,21.7867581868695,18.1338134547786,18.76216250435,27.9265468285338,25135.8852926731,23792.4310933643,-1484.90307431877,0
1821,701,7.98710338272788,2287.01896866741,21.9193270999994,19.1982767014329,19.9001400475425,29.5759379844873,25175.8737261541,23766.7776902865,-1457.22240126851,0
1822,702,8.06940485935775,2521.02034518397,21.9123727022433,17.9203365401959,18.536222791979,27.5963915525622,25117.0645060661,23801.8780415994,-1487.65066063346,0
1823,703,7.74953505499698,2643.37754182692,21.9202902976138,17.3366937354957,17.9146130960963,26.6926794120007,25134.4074341786,23791.0247407907,-1529.0262918134,0
1824,704,7.83100982880732,2579.62741319077,21.9274131530541,17.6362997439134,18.233757495379,27.1566025219007,25161.1393133788,23790.3175322691,-1516.78244295677,0
1825,705,7.57351222997164,2383.04948118397,21.9123727022433,18.6453155425542,19.3095065162394,28.7192638954691,25144.4897758641,23798.8048692467,-1486.72619264848,0
1839,706,7.0254252843502,3201.48609028607,21.8117987403003,15.1761332473532,15.6188770909176,23.3487458605957,28584.3789493081,23382.3092659574,1232.3490499763,0
1840,707,7.49660115242794,3715.28998232639,21.8292382562921,13.7254021474511,14.0851026002395,21.1055459982573,28563.1469032843,23391.981608553,1179.82725950003,0
1841,708,7.43399011909833,2599.60700432639,21.8292382562921,17.5256280796269,18.1146462915759,26.9848970170464,28537.9020973111,23397.0941115539,1138.37927905164,0
1849,709,8.79652642053669,2741.14534521593,20.508669057718,16.6886301912528,17.2080632681556,25.6847203838885,31969.4038432241,11551.0802042299,-1298.19545026895,0
1850,710,9.14561440227041,2912.31522728919,20.5517940103205,16.0146187650851,16.4934510284116,24.6419740078959,31972.4769197134,11564.8496503231,-1427.18253280922,0
1851,711,9.15684726215912,2994.2895058346,20.4995822723865,15.7063192039134,16.1660993897161,24.1648785077077,31983.3405176452,11535.6997641635,-1349.98517350365,0
1852,712,8.45524613211571,3037.70924528919,20.5517940103205,15.5601049738643,16.0118197950899,23.9388783234833,31990.8252991808,11542.5987411161,-1380.18182237821,0
1853,713,8.94657195933649,2936.74206128919,20.5517940103205,15.9233392987412,16.3966846218237,24.5007608944416,31964.5663636313,11571.5187672806,-1296.50313012161,0
1854,714,8.87972711977301,2690.16099128919,20.5517940103205,16.9131070553844,17.447017296852,26.0322659056548,31965.7957246648,11555.9875162716,-1313.61576869523,0
1854,715,7.29206076756407,2510.25737398569,19.6660043607276,17.5935838090252,18.1584322204255,27.0822449784594,25885.1503674171,9948.58773736103,1145.58549240635,0
1856,716,6.73952666895252,2625.04525369202,21.8570101953309,17.4111667749497,17.9931147475055,26.8077686748328,26048.1400217813,21320.7678287243,943.759204711171,0
1857,717,7.85081286393316,3231.16741559241,19.6524044990265,14.8052890527026,15.203352485322,22.7688623761276,25601.6336866194,10087.7767700152,1247.05431113597,0
1857,718,6.91592289787077,3297.74131969202,21.8570101953309,14.8787294953799,15.3044182317456,22.8888760682246,26040.9388266463,21343.3377796711,915.627050581691,0
1858,719,6.88755202073254,3146.92929769202,21.8570101953309,15.361051626406,15.815282533897,23.6349247025456,26040.0580813998,21328.064765695,933.043829823309,0
1859,720,6.85169624958998,2941.05227569202,21.8570101953309,16.0910110171059,16.5895597885006,24.7643225727617,26072.1662146297,21328.8939332413,909.671160659664,0
1860,721,6.69088120437665,3216.0457025083,21.87370888944,15.1370546011658,15.5781292567138,23.2884768803026,26054.2456239385,21316.2423321419,977.314312587877,0
1861,722,6.8972641728042,3028.8467285083,21.87370888944,15.7710206542433,16.2501622959139,24.2692372019188,26059.8005207979,21322.9325189577,906.568519588001,0
1862,723,7.82815192011623,3369.87209711207,19.6445635774393,14.3924289733347,14.7673993139591,22.1306232068344,25606.7697303459,10025.0156016332,1195.66494632414,0
1862,724,6.76666377494002,3224.1072185083,21.87370888944,15.1112461463469,15.5507928341298,23.248556554742,26033.4324010284,21335.3530555768,927.139863346968,0
1863,725,7.159571950024,3410.0286845083,21.87370888944,14.5465771887393,14.953129843905,22.3752505406443,26050.0379021722,21334.5746289343,984.21096141376,0
1864,726,7.78285119110196,3257.18708111207,19.6445635774393,14.724625646533,15.1180717183761,22.644136035703,25646.7978866427,10039.2278787922,1252.1662762803,0
1865,727,7.86759824251674,3362.58303657905,19.6682726194467,14.4162684179576,14.7928081030339,22.1675416150317,25668.9733718441,10039.6101600213,1243.34278587766,0
1866,728,7.74913763278665,3394.63086657905,19.6682726194467,14.3250032709032,14.6965109845426,22.026475090628,25663.7184302161,10018.5434614757,1256.36322480449,0
1867,729,7.63356956503665,3376.85433911207,19.6445635774393,14.3724971065393,14.7463683176772,22.0998149131607,25653.2667338046,10032.1706625979,1270.1955420604,0
1869,730,7.60174056184634,3507.62270111207,19.6445635774393,14.0123005310622,14.3664954228936,21.5431172174603,25642.1042912247,10031.8421636727,1201.91439825871,0
1869,731,10.1962378417136,2923.65828613583,21.389976151655,16.0912653913145,16.5845147715789,24.7632520339842,23056.1376893681,19640.741146748,-1146.63430315717,0
1871,732,7.80356159720826,3318.76980977891,19.6449420298649,14.5406310507977,14.9238115528393,22.359706555311,25623.3482042337,10052.5879153989,1185.52167431374,0
1872,733,7.7551528805259,3522.10384601313,19.6675903256204,13.9766029093966,14.3291032177043,21.48801559805,25653.1250873078,10043.7428309462,1204.77634993599,0
1902,734,6.60310265058998,2395.85864897061,21.0892220074344,18.4296037670566,19.0681497005156,28.3820571955959,24600.5563270894,17165.3342543817,871.537041616893,0
1905,735,8.86613394473376,3444.13493369631,20.1842987208635,14.2492533669752,14.6219691384933,21.9108751468703,21459.4784473879,15350.4420434374,-1260.90349834758,0
1911,736,9.29273339932391,2318.40676389564,21.8225863913021,18.9957330188653,19.6824205593252,29.2617682010576,26957.8369766746,21861.4529995944,-1371.84036749318,0
1912,737,8.99121904462207,2620.95589989563,21.8225863913021,17.4246850432798,18.0070783183121,26.8285807950656,26927.6144105123,21877.2857476105,-1322.82285704137,0
1913,738,8.98162827848127,2853.55596870609,21.8435548500149,16.4280080183185,16.9473017020888,25.2858045914248,26925.395537394,21881.7749518784,-1406.90771785093,0
1914,739,8.69952776679952,3899.05860189563,21.8225863913021,13.2888944533862,13.624636930821,20.4308754576733,26926.1561387443,21860.972851305,-1358.40397032517,0
1920,740,8.55400263939907,5445.7224479449,21.1087025501422,10.6289973753695,10.8270900079277,16.3219832160379,21613.3399120256,21360.3965229484,-1469.65860783162,0
1920,741,7.89652106503187,4297.68955971832,21.8581106153198,12.4616878099305,12.7539681910452,19.1528686492822,26910.6372630996,24207.7676339671,1259.3047341236,0
1920,742,5.98280128455079,4173.81863722207,21.3534627455354,12.6571477421937,12.9554003885315,19.4536619975698,22402.8957707319,20977.5677439017,210.983271426161,0
1921,743,8.37508127977776,5599.37582394489,21.1087025501422,10.4415154781503,10.6312347729555,16.0327343555357,21623.1582255532,21354.9332754075,-1482.40428937132,0
1922,744,3.96952686635251,3974.73756584798,21.3782367132469,13.0756127147019,13.3960283615242,20.100225628209,22459.6535339676,21180.2476696926,467.153413127721,0
1923,745,8.52514226562579,2619.05150409308,21.8649498678282,17.4402515580389,18.0241810384631,26.8528281826796,27624.2324823266,24895.6414206067,-1414.20192681105,0
1923,746,7.08817731830707,3300.81222837466,21.2542653121758,14.7952987939594,15.2099425781856,22.7581432339325,22504.7637400577,20916.5866845597,362.884244999275,0
1924,747,8.19069722496706,3782.62911480633,21.8665752816629,13.5652345787304,13.9164388609298,20.8580708604494,27436.0261788766,24887.4881915714,-1337.92082616913,0
1924,748,6.80555763491926,2055.18673888763,21.191297595508,20.5715350833564,21.358086951798,31.7010148282877,22310.916850046,20567.1456922567,955.329435126348,0
1925,749,8.8867154171019,4842.67866642285,21.8744026792894,11.52541588673,11.770821437759,17.7069935614232,27352.9677100153,24841.6285750016,-1307.33418552794,0
1926,750,9.15349576642245,4463.32486842285,21.8744026792894,12.1568194789103,12.4336195017743,18.6820044226061,27332.8139225549,24848.2965621282,-1295.6302349293,0
1926,751,8.67808709851534,2441.2436709111,21.6554458349883,18.2862433931856,18.9229619353852,28.1621433759313,25672.7008551483,21577.7414892523,-1317.35443471091,0
1927,752,8.78961717110353,2241.7982409111,21.6554458349883,19.4231389367235,20.1366937459688,29.9233060578141,25724.9073823125,21567.5577083697,-1325.93406284681,0
1928,753,9.02565962985902,1932.32178271796,21.637919361119,21.6059861413318,22.4737563183291,33.30660295332,25693.4990371357,21543.4699194321,-1361.11441414078,0
1929,754,9.07885586750423,2256.5997129111,21.6554458349883,19.3324502216945,20.0397801745586,29.7827938896227,25681.1392029789,21551.5771876383,-1371.57918811518,0
1930,755,8.95118370852427,2283.40165970154,21.5591046841557,19.1530728744282,19.8467764231089,29.5045065461911,25682.648585325,21568.581404926,-1311.54024087174,0
1930,756,6.73640190476544,2529.87119374167,20.7425791509292,17.6816844693229,18.2667394992015,27.2226470224695,22677.9610494378,17517.0246058781,935.268582192456,0
1931,757,6.44601955805719,3197.83166974167,20.7425791509292,15.0512163815417,15.4752577455449,23.1524092870521,22670.7985595016,17504.500337785,937.303369429096,0
1932,758,6.75536264458195,2766.87095374167,20.7425791509292,16.6171640188341,17.1350756079327,25.5749236335167,22657.2452069469,17522.6124291123,954.769902613082,0
1933,759,6.72207510434174,2778.06016174167,20.7425791509292,16.5709880554419,17.0860462240259,25.5034661721207,22684.4431511551,17484.6101842465,973.291134046204,0
1982,760,7.94484532444582,4391.24296515383,21.0404800566476,12.213098612233,12.4861344664705,18.7670980482755,31104.5820240494,17065.9343090432,1219.70286144086,0
1983,761,7.82698980790705,3901.01028315383,21.0404800566476,13.2046410256311,13.5289196362815,20.2987653067298,31087.2927195622,17058.5370266067,1254.16150723621,0
1984,762,7.84379557727659,3895.43770515383,21.0404800566476,13.2171773743834,13.5421226829544,20.3181357569871,31088.2306704247,17042.770656536,1260.03626745864,0
1985,763,7.44745383527636,3759.60175052691,20.8772971477075,13.5154421784209,13.854868006439,20.7786160767422,32332.0767816036,15772.4418482521,1166.0088873884,0
1986,764,7.34533514660487,4316.50713452691,20.8772971477075,12.3363489062168,12.6142516571129,18.957072143492,32365.7530425296,15737.8819846766,1167.62934929346,0
1987,765,7.19166333257691,3348.37633052691,20.8772971477075,14.6067754961283,15.0067050149751,22.4655568967594,32344.7553575351,15745.0006790092,1204.72069380716,0
1994,766,8.98159275931329,3407.22796114286,21.4117334432705,14.5000068915828,14.8992870439548,22.3019711772961,29469.0536276735,24293.755852132,-1248.80932131493,0
1995,767,9.29304183877547,2952.06067114286,21.4117334432705,15.9877438701628,16.4749193627636,24.6031410896631,29447.1728014107,24272.6803705243,-1312.87815803782,0
1997,768,6.2715982640058,2558.93406846859,20.5354917148824,17.507108148961,18.0782460724409,26.9516278752812,22926.5689983724,17643.6091708356,852.142213182613,0
1998,769,8.58598806370398,4619.8598451023,20.1547377867146,11.7388018798174,11.9815138106945,18.0328276648068,33372.2377422569,12132.3933786739,-1396.17294693558,0
1998,770,6.67590685316266,3063.32946846859,20.5354917148824,15.4691515375292,15.9153175463823,23.7981470067678,22885.5345087781,17638.1257546043,920.48645689476,0
1999,771,8.13338828056345,4599.19525560972,20.2022865827594,11.7771202796004,12.0220454070285,18.092084065974,33104.4803558831,12005.1505452644,-1443.78359462029,0
1999,772,5.9728309473792,3117.49140246859,20.5354917148824,15.2859250046028,15.7213504386399,23.5147629611367,22928.925559561,17653.1286111099,923.640618849365,0
2000,773,6.28445965017755,2992.37068714384,20.5908103601087,15.7259269205912,16.1879255628389,24.1954989860586,22942.4586100324,17713.1962896107,832.498004667467,0
2001,774,6.1764112830292,2695.10743478109,20.6328525534283,16.9043672259314,17.4387571056216,26.0190218741937,22969.5224983271,17744.5428803605,765.176696990908,0
2002,775,6.19467353109339,3120.34139078109,20.6328525534283,15.2894011622599,15.7261111914528,23.520437167291,22985.8742286081,17758.4790984517,784.166184504979,0
2011,776,5.88744945859748,1445.37532564449,20.2761355870096,26.3432050674086,27.5446309551517,40.6488193295516,25193.0592426146,14695.415252163,677.195779841832,0
2012,777,6.33373920582613,1985.14503463589,20.2395599885884,20.8801878858891,21.6730993580189,32.1751534312656,25211.3275708247,14681.3664956868,628.608165001178,0
2012,778,9.21096987344129,2912.80139008505,21.0219882994499,16.0801599277155,16.5684750544914,24.7448960127959,28712.5382151691,17934.8620633298,-1439.95779172109,0
2037,779,9.78169307801967,4661.18675959558,15.7007843491981,11.2715473898497,11.455578468766,17.3014818955794,28796.8039296051,3815.18151064428,-1341.73971639749,0
2038,780,9.71125281438373,4487.57782759558,15.7007843491981,11.5454747047369,11.7410514593988,17.7239105704882,28831.3478516365,3839.77868905879,-1349.19449624715,0
2062,781,9.78191935425835,3064.57227486091,20.0802482014884,15.4027309217305,15.8398281068977,23.6939924903588,31152.697412735,10800.7386071667,-1179.02700011274,0
2068,782,9.43186759554639,3118.07736195669,20.0453479849804,15.2183250557451,15.6443310361923,23.4087066881786,31149.3107160588,10787.5952550139,-1106.4214046028,0
2069,783,9.70634635186729,3035.06136795669,20.0453479849804,15.4994434870409,15.9417821824473,23.8434534200957,31104.9304954465,10677.3873403234,-1211.55079222122,0
2070,784,9.6845399511241,3178.47930650137,19.998577000964,15.0159203552187,15.4297728243871,23.0955811102448,31104.2096691646,10717.58817512,-1168.18599038836,0
2071,785,9.67843398862276,3463.76005850137,19.998577000964,14.1729346401898,14.5395324501488,21.7923841890759,31091.5275609859,10710.4220367733,-1167.46898016039,0
2072,786,9.69169156548969,3282.04555850137,19.998577000964,14.6947563513387,15.0903823202067,22.599022901698,31125.9424965682,10739.8627400875,-1112.4739480388,0
2073,787,9.82235377941875,3312.50751650137,19.998577000964,14.6037173884146,14.9942263064023,22.4582792739434,31121.5549454916,10715.7725149353,-1107.46984520849,0
2076,788,8.2558050829951,3170.00803848867,16.7675466163739,14.6017233530547,14.9549229565685,22.44493583169,27532.9026908904,4244.30496516624,-1458.07249137324,0
2096,789,7.99212496344868,2270.681092875,18.8401621530408,18.7074950181051,19.3313369232326,28.803314971468,25861.0056060573,8238.42509810145,1252.07914548455,0
2099,790,6.16574134351488,1805.23549171369,20.8492163349269,22.5104354755081,23.4310047261288,34.7053950172352,25222.7527076669,21019.9611399606,735.17356872848,0
2136,791,6.73228465530665,3127.32211411188,20.5911775651624,15.2606764156019,15.6952461565119,23.4758847428656,22977.2237973323,21404.6119496876,980.323928442841,0
2137,792,6.89931090103689,3607.77525211188,20.5911775651624,13.8602177395281,14.2156257007113,21.3106935877366,22927.3970399924,21420.5512276799,920.493309579658,0
2138,793,6.4193555459358,4192.77018621486,19.7619674679527,12.4671112154479,12.7421031398423,19.1563949907757,36340.2055561819,15315.8970008057,712.443842269262,0
2142,794,5.8715466511093,3772.25472606547,20.5143713658994,13.4462690549851,13.7785882807033,20.670788034985,33710.7028788464,15346.7972931486,718.055458324835,0
2149,795,8.62478473879487,2132.09987170052,20.3866422458716,19.8736958268597,20.599192470875,30.6161642993579,28094.2106273444,15968.3681123012,-1448.55906804737,0
2150,796,8.4405641604786,2266.11613562414,20.3568110626512,19.0286478548914,19.6965575882899,29.3069713055725,28085.2074383143,15997.7564951,-1353.8590944767,0
2151,797,8.9843204952924,2463.40301762414,20.3568110626512,17.9464522687868,18.5433349953338,27.6311271467369,28123.4538150789,15975.903737693,-1428.96589330888,0
2152,798,8.87381826822007,2618.55416162414,20.3568110626512,17.2003047918489,17.7496849013577,26.4760779341191,28136.4773370182,15987.4670282004,-1406.79878971896,0
2153,799,8.85400748599115,2157.59403362414,20.3568110626512,19.7006326737114,20.413851786145,30.3479123067294,28115.2430139515,15969.4707050793,-1444.86356703683,0
2155,800,9.0494862302943,2425.89273962414,20.3568110626512,18.1398350982705,18.7492285105765,27.9305419359197,28099.4914731712,15966.9546622111,-1476.40390533992,0
2157,801,8.47333488653265,2456.1057409563,20.3811859322815,17.9879164795556,18.587811185649,27.6954169700803,28102.4355129278,15992.1387941179,-1361.81252442343,0
2158,802,8.88513894766688,2056.2897889563,20.3811859322815,20.3916004537465,21.1527163677438,31.4186200204985,28138.0058386792,15993.4577639756,-1437.51628893478,0
2163,803,9.0409346127955,2005.18025077148,20.3302396074891,20.7506176039608,21.5359423658284,31.97475844478,28129.9927193521,16019.7381220921,-1345.37029011709,0
2166,804,8.80962569511221,2332.11216877148,20.3302396074891,18.6431194302188,19.2850617759178,28.7097746071389,28146.8976939765,15981.5018969309,-1410.55786655793,0
2167,805,8.70662542019135,2001.72231672636,20.3061268904353,20.7709501634466,21.557302571839,32.0061601465398,28136.5333898034,15939.4055801288,-1453.73211143419,0
2169,806,8.76267050944356,2166.76298677148,20.3302396074891,19.636115479778,20.3445371400001,30.2478484182249,28130.12776399,16009.9072390829,-1458.57363976708,0
2171,807,8.55014626625344,2197.91674850936,20.3351774076066,19.4395617490566,20.1347428535353,29.9433793543764,28088.8896047339,15989.2507628457,-1435.68038741995,0
2172,808,8.84904408362465,2215.77983450936,20.3351774076066,19.3285873226607,20.0162835834339,29.7714733156424,28105.3499263436,15999.7876655288,-1425.52844849047,0
2173,809,8.97323551772443,2400.90836450936,20.3351774076066,18.2678061520091,18.8852180581363,28.1286078858546,28105.7813559201,15979.9200497703,-1401.90380092994,0
2222,810,8.18282179546004,1727.92328078004,18.9607849081843,22.7446878301376,23.6473351140362,35.0589697178688,24687.790950677,8713.83662754512,-1498.09951030251,0
2226,811,6.68497867840609,1689.94156653214,19.9026226205969,23.3697787354431,24.3363613044473,36.0332830173491,26577.0184630834,13842.0337261105,968.93397719287,0
2239,812,8.69509767152182,2710.23904505462,20.6558745639049,16.8426655876552,17.3734977755957,25.9236086784624,28691.861994432,17121.3834301228,-1445.74595520386,0
2267,813,11.063577621275,3430.86297610349,21.4962487755721,14.4424447409796,14.8392815999846,22.2132001920762,27928.9866517124,25345.7344968507,-990.908444686505,0
2275,814,9.48034658379877,2338.54945895925,18.9978527511861,18.3573996508487,18.9611361576525,28.2619626043711,22809.5286910264,8248.03417858193,-1195.86527332602,0
2276,815,9.28674448747038,2064.71691403829,18.9665350031687,20.0270606288902,20.7400285261471,30.8474349372843,22789.5031303906,8249.39546903961,-1212.70681606134,0
2285,816,8.96662796183368,4442.71596282666,17.7049285059658,11.8140411897271,12.0397758977603,18.1432840870416,29141.2533500137,5238.3702484851,-1419.895869273,0
2286,817,8.8730444409209,4793.21527458486,17.6693519654099,11.2506622131432,11.4508899178961,17.2740021934875,29166.7386122395,5239.99637632127,-1420.21797536306,0
2287,818,9.09019553391888,4807.88501682666,17.7049285059658,11.2318760705011,11.4315750801839,17.2451046016097,29155.0976068808,5255.28726877409,-1403.3442392533,0
2288,819,8.30247848621043,3314.16937458486,17.6693519654099,14.299004390959,14.6470184951577,21.9802032431668,29160.9839470893,5242.1701146779,-1380.98849725265,0
2313,820,7.72858797746285,2085.29002868638,21.1416531063655,20.347962118345,21.1180301140786,31.3542991100912,28572.7552024488,19360.3885067367,1251.83830428937,0
2315,821,8.18929209258112,2137.16125868638,21.1416531063655,19.9937656452853,20.7391428337385,30.8054058448009,28561.2483829444,19375.0150250346,1178.21561959089,0
2318,822,7.63163484012446,2954.45121318905,21.0453358260505,15.9275956702353,16.4069279260192,24.5089246701806,29193.475695003,17971.9879519473,1167.87985138403,0
2319,823,7.60283295149348,2671.48319118905,21.0453358260505,17.0727248447364,17.6228807134863,26.2810327975946,29230.6455043453,18010.4833927012,1133.41730004973,0
2326,824,8.22389889213387,2567.74892091656,19.5396250675434,17.2985602277208,17.8431914985766,26.625148023717,22155.0062959247,13528.0723903155,-1421.16683322848,0
2473,825,9.12393289078604,2659.94608383406,20.1452206610773,16.9807207025998,17.5136303942893,26.1354717380505,33417.4610473637,11607.4481339653,-1313.25394651068,0
2474,826,9.18081378588475,2647.74367983406,20.1452206610773,17.0347343260524,17.5710029016058,26.219063812572,33432.1962499225,11602.0379670757,-1260.89226581052,0
2475,827,9.60148360022207,2526.40244583406,20.1452206610773,17.597502378258,18.1691612018184,27.0901181111411,33387.95649297,11595.3465365322,-1240.20068416937,0
2479,828,8.47691648871326,2167.93676596068,20.2091070813618,19.6041289879928,20.3085134140693,30.1977815781599,32146.2013793303,11234.6612312074,-1360.97043900887,0
2485,829,6.83627973389249,3024.00574841123,21.1079292678763,15.6844607576957,16.1498671336076,24.1329748353941,25301.6603978861,18233.7094848963,1008.35402102682,0
2486,830,6.79490987666351,3759.39979139555,21.1007681201375,13.5398857111016,13.8827092043133,20.8169634785859,25293.1816928018,18250.7531359126,953.593910786499,0
2487,831,7.08839253375911,4278.09006539555,21.1007681201375,12.4296578660108,12.7141279599272,19.1016916200407,25265.0742179384,18289.2242891316,900.492198016616,0
2488,832,7.08994539314206,4414.55118041123,21.1079292678763,12.1768614699358,12.4486230192175,18.7112865157889,25261.345068265,18298.3112482925,902.293082343071,0
2489,833,7.18981168561397,4680.31689641123,21.1079292678763,11.7208516794056,11.970091168787,18.0071595369949,25278.0487356039,18317.4983709956,931.887049083128,0
2490,834,7.05306890497428,4673.83944504354,21.2066541324655,11.7396961105239,11.9906042938964,18.0364612583405,25299.0755923274,18272.872307199,919.303689172926,0
2491,835,7.13773043572391,4266.85542659652,21.2002832785477,12.4603940360328,12.7472517784484,19.1493914878068,25289.9869502146,18278.6909762676,934.630528134804,0
2492,836,7.13394836935722,4424.10865704354,21.2066541324655,12.16842441665,12.440552496819,18.6984751527467,25300.9707100456,18288.9905318927,934.28793992057,0
2493,837,6.71334671435532,3479.25933504354,21.2066541324655,14.272956340858,14.6573113357817,21.9503613653844,25306.0573759902,18264.7827164075,1017.06283043951,0
2494,838,6.68482885453218,3161.62238904354,21.2066541324655,15.2283773820747,15.6677784999488,23.4277832437968,25320.8983017773,18246.3589906817,946.989337156712,0
2495,839,6.73161732385112,3194.81557104354,21.2066541324655,15.120579970217,15.5536503335872,23.2610570758153,25322.0785000485,18260.5561333832,981.63597256227,0
2496,840,6.65596428242631,3393.88655904354,21.2066541324655,14.5139738424644,14.9119857511919,22.3229976375502,25327.9121791937,18244.5827696148,995.150327166624,0
2497,841,6.68106213608888,3284.13100104354,21.2066541324655,14.8402617667336,15.25701074965,22.8275382522357,25334.1582541065,18252.4952310375,1001.27383160987,0
2498,842,7.00189986079451,3198.22960104354,21.2066541324655,15.1096067435735,15.5420343504394,23.2440856634955,25320.8868663604,18226.3385692487,964.737078379951,0
2499,843,6.81601523866008,3112.12996704354,21.2066541324655,15.3929421952947,15.8420654162633,23.6823251623003,25311.1141605504,18268.0400272515,971.641062153934,0
2500,844,6.40784017928227,2754.19189479244,21.2876676338853,16.7527446242538,17.2857561893826,25.7865865983701,25319.6101360398,18230.9908229866,985.191833381118,0
2501,845,7.07412793389085,2627.91487177505,21.1997526758117,17.2935026156145,17.8596292516674,26.6233281264894,25853.6351383575,17675.418307397,1067.85764520865,0
2502,846,6.89998593255324,2784.69593977505,21.1997526758117,16.6124426115329,17.1356259912056,25.5691497679004,25856.4165702138,17706.1049090479,1058.42348849957,0
2517,847,6.77220615390045,3222.43717183948,21.2915812434975,15.0431721377697,15.4726141551447,23.1415861973498,23986.7093737349,18179.4886512156,1017.11529597477,0
2518,848,6.74492849465343,3182.79037183948,21.2915812434975,15.1703229576198,15.6072200083571,23.3382421719248,24008.7818831641,18174.5867318436,964.55934268837,0
2519,849,6.61269285771411,3031.47175183948,21.2915812434975,15.6830133481795,16.1503896365672,24.1313023606615,23992.4755278662,18174.2912296369,984.341592073968,0
2520,850,6.53504917199859,3244.62781580716,21.3115888881711,14.975740462212,15.4014560447677,23.0373565581566,23976.4197605773,18160.2358590997,954.921409854948,0
2521,851,6.95473944879236,3560.04013580716,21.3115888881711,14.0663444471936,14.4401347158511,21.6312343186072,23980.4335138598,18156.2497878086,977.040879811854,0
2522,852,6.87781554155297,3264.01069580716,21.3115888881711,14.9153255726712,15.3375231763158,22.9439233860054,23997.5009339461,18167.6415120201,936.98285337936,0
2523,853,6.56755956056375,2710.36515980716,21.3115888881711,16.9436591213222,17.4889727287352,26.0821662818452,24001.848709948,18153.9368003744,941.920697518437,0
2524,854,6.99127354852239,2853.66631580716,21.3115888881711,16.3506477763547,16.8589301746151,25.164373030044,23983.1397504825,18187.6745063164,1007.49011337067,0
2534,855,6.60866181509873,3040.1056560024,21.560049574115,15.688771444795,16.1594746072885,24.1410316131583,24508.9139130337,22706.6719454402,1057.62468257419,0
2535,856,6.82013592092358,3119.84907809721,21.5614233720454,15.4135237649124,15.8677239944289,23.7152237614922,24518.0632524508,22695.048403053,1012.19298669271,0
2536,857,6.71069504596483,3253.6697520024,21.560049574115,14.9785516823216,15.4070276963797,23.0424198239458,24509.0016072813,22696.4563777048,1073.21087579802,0
2537,858,6.57182999979227,3155.68538009721,21.5614233720454,15.2938363105688,15.7409136880492,23.5300819914881,24512.7492267,22735.6694605413,1099.49013777955,0
2538,859,6.69163243250695,3059.90946511658,21.5597565030403,15.6191242151752,16.08562660029,24.0332805706725,24505.8013608895,22685.1865187995,1126.30615383507,0
2539,860,6.85953269079311,3063.41846609721,21.5614233720454,15.6070977960933,16.0728948793114,24.0146800587965,24529.0035031371,22685.524372673,1073.80044999598,0
2540,861,6.57512576589708,2802.55161466052,21.5295538397896,16.5881184334986,17.1137302508388,25.5325909766289,24519.2132178977,22689.2156456715,1057.56153728109,0
2541,862,6.71642017317316,3179.37242266052,21.5295538397896,15.2119769085433,15.6538653868773,23.4033681096842,24545.8795773119,22707.8733149091,1093.94121521914,0
2542,863,6.6298409834557,2900.8593521892,21.5261560964758,16.1975354211885,16.6988745965028,24.9281248263379,24477.2119469647,22673.7240159379,1056.62294101678,0
2542,864,6.27668219657392,2310.15847680564,21.5083545531936,18.9862212332802,19.6678766542261,29.2458244117244,24504.9258661666,22668.7268377956,1051.14056741427,0
2543,865,6.51532258510342,2945.4620021892,21.5261560964758,16.0283382917383,16.5192940599542,24.6663114752305,24447.5691955663,22584.7472030297,933.953425132063,0
2544,866,6.44378368352997,2511.9242441892,21.5261560964758,17.9015552211603,18.5111991332088,27.5659277591336,24477.4113290643,22585.9321688834,963.399737993822,0
2545,867,6.27328405574058,2667.1855181892,21.5261560964758,17.1672187012422,17.7293769853736,26.4289598260092,24471.3152094325,22581.9813718712,940.330113062031,0
2547,868,7.71716191073534,2561.89609250004,20.7651442241446,17.531150926483,18.1068524680062,26.9896818774104,21839.20420742,17415.5407235517,1215.2837049207,0
2548,869,7.28833574942489,3492.34041050004,20.7651442241446,14.185545401812,14.5606144823415,21.814020809301,21842.2464709209,17400.5924489303,1190.73638788636,0
2550,870,7.52597446710673,4063.86802669932,20.6425379116319,12.8125707308038,13.1127767934394,19.6920707753623,21814.0281601439,17408.0449053516,1193.7078376996,0
2551,871,7.35712537979678,3821.63284054043,20.6726196456183,13.3474548000342,13.6759809224331,20.5185093072877,21860.51233583,17355.7376526956,1223.31248030755,0
2552,872,7.33201401094008,3858.70259854043,20.6726196456183,13.2622228687942,13.5862219719042,20.3868153584894,21831.9198272242,17375.5323001667,1236.94831676671,0
2553,873,7.79711658125868,2840.61682654043,20.6726196456183,16.3085718838163,16.8066695083648,25.0971710214569,21841.2778297328,17371.9696871925,1210.04111594713,0
2554,874,7.43745791221851,3752.72875069932,20.6425379116319,13.5065970134027,13.8433494268717,20.764341259301,21840.1642919569,17360.4671966471,1242.04379046394,0
2555,875,7.44863589356243,3630.66742054043,20.6726196456183,13.810937003561,14.164445819848,21.2347470097717,21850.2379853826,17365.0808904401,1188.81372012307,0
2556,876,7.59826993932613,3921.91721854043,20.6726196456183,13.1201816243958,13.4366833911134,20.1673568263071,21825.8609108291,17387.9136267247,1183.445933099,0
2557,877,7.54530924344943,4071.05526454043,20.6726196456183,12.80062186997,13.100473987439,19.6736857475332,21856.5335380973,17385.2823742846,1212.19216118312,0
2571,878,8.2551115154446,2722.24072023034,21.1920910731609,16.874042256041,17.4134996619122,25.9740058913691,25455.7036048003,18924.1635039426,-1429.03839755835,0
2572,879,8.44007842513761,1704.00076623034,21.1920910731609,23.5694199518864,24.5750829790472,36.3496092063343,25433.6616752951,18895.785157835,-1406.10061330325,0
2590,880,8.1295822767101,2937.86579054502,20.2547039150446,15.8767175661219,16.3437757298965,24.4276749935331,27527.2530802515,12514.0453369144,1032.95166682317,0
2590,881,6.75132065666019,2783.61167911083,20.1912947500883,16.4645896838202,16.966318532673,25.3369535796886,26419.4518251786,12915.1625696122,899.276754073994,0
2591,882,6.90247697332843,2388.93461765061,20.2276986709546,18.31243215155,18.9312318576394,28.1972894309231,26369.9921251939,12956.5598308756,950.350334393157,0
2592,883,6.94168895361693,2489.27824111083,20.1912947500883,17.7875741864702,18.3719779485448,27.3845299933947,26390.1329456591,12905.832176392,924.904635269269,0
2593,884,7.01437763048918,2838.77227788827,21.5477240652911,16.4441887475133,16.961041549021,25.3098965504698,26367.5954800687,24151.0126869078,1215.69765723201,0
2593,885,7.05591398434678,2630.04640711083,20.1912947500883,17.1213671605163,17.6636396585962,26.3533075636095,26350.3940419717,12923.7554075902,948.368124633796,0
2594,886,7.00165749400942,2868.96992388827,21.5477240652911,16.3245209363601,16.8339493571788,25.1247020804702,26410.3653639503,24157.5290168298,1219.79004656014,0
2594,887,6.65770680911351,2457.60485311083,20.1912947500883,17.9470031126667,18.5416348869876,27.6313502328761,26378.1032950238,12919.0987322766,917.783797298877,0
2595,888,7.5329407097598,2963.10904788827,21.5477240652911,15.9656587914774,16.4530295317885,24.5693940960187,26413.1247197694,24135.0443451387,1122.96088121925,0
2596,889,6.39943646794366,3697.68732666327,20.8900985994838,13.667272675583,14.0150380736467,21.0132886968821,22521.25366887,19027.9875466022,880.922884369866,0
2597,890,6.42265969041202,3461.10606066326,20.8900985994838,14.2861203274905,14.6680608829319,21.9698427952767,22533.8522815723,19006.0158418939,827.723489771499,0
2597,891,7.08401353028257,2606.59621188827,21.5477240652911,17.4477652193658,18.0281963409081,26.8633641728722,26423.5778256031,24160.1854812115,1154.19337693236,0
2608,892,6.80139922840033,1911.0628632109,21.3219692562281,21.7080323888054,22.578033580336,33.4633969451767,26655.5772011537,19666.4194551608,1053.62695160346,0
2609,893,7.17056510069214,2134.27854174703,21.3089667165724,20.0468322550329,20.7984316316194,30.8883375394067,26688.5988233202,19635.6293808485,1038.29501868247,0
2610,894,7.15696123622534,2888.90703734181,21.1222238595711,16.1858172894451,16.6817477374496,24.9087004726723,25873.8098429552,18417.3545178243,1104.84994958802,0
2611,895,7.17657844720179,2805.78091334181,21.1222238595711,16.5146153408058,17.0307897266292,25.4174962670924,25898.1194850486,18392.2805361048,1111.0039553245,0
2618,896,6.52437395271261,1544.69958508608,20.573704274898,25.1619512638119,26.2774507146436,38.8172325695,26291.4656979281,14919.1011361923,729.629857121346,0
2619,897,7.11004482700809,3616.23013844421,21.2711856908327,13.9147946399753,14.2797653320493,21.3968593865359,30457.5848246768,16251.6374169113,1251.4816186344,0
2620,898,7.70259855441878,3559.39003122957,21.2926950352839,14.0659284387869,14.4395127709109,21.6305408434619,30439.4721157749,16278.0045048416,1182.69608735899,0
2620,899,7.36557071605236,1773.71132726704,20.492471273184,22.7114457213934,23.6404286113544,35.0153552535994,27257.1881931632,13711.8448306489,1090.12811155439,0
2621,900,7.90280248425234,3537.67239522957,21.2926950352839,14.1238844700208,14.5007100441234,21.7201347409969,30567.3998971901,16210.1063365134,1259.52551733125,0
2622,901,7.67819028993808,3675.46705122957,21.2926950352839,13.7665571444539,14.1235477260805,21.1677852281301,30546.6776730939,16240.5964148861,1161.02919166781,0
2622,902,6.91483591395641,1888.48881326704,20.492471273184,21.7022860464794,22.5578761856174,33.4506294019653,27299.0625359505,13705.6539530548,1063.13105278995,0
2623,903,7.31369940121898,3321.20086722957,21.2926950352839,14.7384474284363,15.1502061687626,22.670338358524,30555.8129247539,16225.5257915836,1266.48892275805,0
2624,904,8.18485023817357,3590.71100322957,21.2926950352839,13.9834484236416,14.3524360306061,21.5030398521435,30563.9283051434,16234.248779956,1184.11402688566,0
2626,905,7.54280952536575,3681.78851322957,21.2926950352839,13.7507377502446,14.1068584784203,21.1433341857662,30546.1777980052,16206.3142070375,1229.25096082669,0
2627,906,7.57696226789124,3350.40734322957,21.2926950352839,14.6513865002716,15.0581347021808,22.5357125871039,30563.2021948024,16230.4618707745,1232.79509992678,0
2629,907,8.02256606366254,4474.62516738005,21.129204081953,12.0714888287895,12.3381558998157,18.5486105727107,30082.5111128922,15158.8943537247,1254.9994033309,0
2672,908,10.5614108079887,3959.3060420059,20.1100269907324,12.9805104464554,13.284634809504,19.950178381568,35028.9157995421,13440.58243171,-1069.28860775386,0
2673,909,10.498714192883,4368.46101800591,20.1100269907324,12.1698017823542,12.4330579345715,18.6981324903932,35052.2871360426,13443.1174847574,-1113.80418325731,0
2675,910,7.17495463925788,2731.78078450966,20.2578401375481,16.6891465351855,17.2054647663312,25.6846525976311,21976.9659607885,17385.2447977306,1149.7591582215,0
2676,911,6.95338454185099,2163.85664230219,20.3995892103611,19.6688126337551,20.3805242661821,30.2987970771691,22732.6459130898,17442.8002865214,867.074047415279,0
2726,912,7.2572770870236,2222.17369811606,20.6221174519471,19.3453699897612,20.0385047017176,29.7986569327826,25947.4305633383,18126.2909227,1129.77457137814,0
2731,913,7.44456072380136,2219.10535452622,20.1572243629306,19.2731105926033,19.9543873735682,29.6847989548631,27782.6356575328,14045.5120173689,1149.77751509215,0
2758,914,10.1566228380469,6067.67990808168,20.9991746657146,9.91459941416306,10.0807980627163,15.2198050451725,31881.7585839318,17501.5222375361,-1104.24069317299,0
2759,915,10.0097909663438,5788.36820208168,20.9991746657146,10.2156009691637,10.3947075047923,15.6840461528653,31861.0606071448,17518.433116946,-1081.53486756843,0
2759,916,6.60091374115628,3561.37783271874,20.944158514257,14.0210438297884,14.3887440156209,21.560223568773,32939.582828007,17369.1517230401,519.10455191232,0
2771,917,9.85653461737592,2502.22873119368,19.3134717877197,17.5713113227478,18.1298478444472,27.0464187771306,20862.438177888,14545.1508188545,-1237.51191740365,0
2776,918,8.8153328498849,2684.2372312139,19.5859959630154,16.7851688224601,17.2987483604174,25.8308584168365,21451.9005468909,15377.9140705928,-1449.60237677291,0
2777,919,8.82156411938099,2754.4781452139,19.5859959630154,16.4901922297073,16.9858447166714,25.3744637433696,21443.2505843737,15353.4075916405,-1402.81565062879,0
2778,920,8.83843433776901,2673.8850112139,19.5859959630154,16.8298250092109,17.3461362696581,25.8999563886992,21446.7767434584,15378.3034927324,-1414.08929288851,0
2814,921,7.78250907716219,3261.15369233191,21.5046241074484,14.9482822535299,15.3744119044799,22.9954465091416,29459.7214187698,23678.3405322786,-1496.87262848445,0
2817,922,7.85401544738308,3431.74506233191,21.5046241074484,14.440923683001,14.8377569619272,22.2108712634728,29519.3995425175,23684.4722986498,-1511.56656088357,0
2825,923,6.41850018494424,2048.32939524205,20.0721668393516,20.3815800839872,21.1370061341587,31.4017164065974,26310.2071550336,13818.9111739746,785.139937857709,0
2826,924,6.69819734711473,1643.32708157118,20.051601621354,23.8938543500515,24.9023894269773,36.8469361467433,26268.109670747,13817.2130840502,809.838926249562,0
2827,925,6.34862487347708,1586.75253924205,20.0721668393516,24.5226509941449,25.5790607320605,37.8224970082689,26281.3970921377,13823.1001819689,846.30579160597,0
2828,926,6.41907495067415,1468.33051157118,20.051601621354,25.9648853861036,27.1318799234719,40.0603073957491,26262.0934090064,13831.7784130415,765.948121577118,0
2829,927,6.45820648358325,1658.90971524205,20.0721668393516,23.7348998057907,24.7319295301363,36.6004875499294,26302.7126299731,13792.9847729118,844.941277727128,0
2831,928,9.79464190834297,3947.40366569985,18.3311805994621,12.8194970768341,13.0988223302662,19.6969049659541,32390.9681150809,7114.68129485647,-1165.01989209365,0
2835,929,6.59718225953232,3250.73867370668,21.9021659146688,15.0303409786549,15.4654024221648,23.123496988252,27485.7845163559,23705.4294547938,1071.93180839345,0
2836,930,7.19483873919905,4190.67619770668,21.9021659146688,12.6750446232165,12.9787803667101,19.4825660228001,27463.0237482543,23690.2998709005,1087.91116416823,0
2837,931,7.25445488375113,4298.88993570668,21.9021659146688,12.4633947911339,12.7561174330913,19.1556032131116,27472.6124725876,23717.627966421,1083.22509780023,0
2838,932,6.8940215499831,2683.34592881374,21.8132208192068,17.1396569287365,17.7035884602685,26.387265422911,26421.4191472832,22573.2724715842,1024.55931617798,0
2839,933,6.83853371620992,3009.57301481374,21.8132208192068,15.8321221545644,16.3143176705588,24.363593165832,26443.0527721069,22564.2152507428,1047.20280145209,0
2839,934,8.60016966756311,2666.80778021087,21.4012634187998,17.1493804869607,17.7088496295798,26.40091808375,31551.5285621531,21303.7013835462,-1424.8011382677,0
2840,935,7.42744898912273,2728.79080754499,22.0066723857148,16.9698102180314,17.5252258997525,26.1249725193153,26438.818033091,22654.4751029356,1205.45059154174,0
2840,936,8.44326033457796,2668.08684182598,21.488115370378,17.1572421832055,17.7182918965237,26.4133856081001,31548.0844000466,21307.0600971264,-1407.75753893034,0
2841,937,8.72193694973688,3531.7786684384,22.0309571065675,14.2236053499372,14.6131743357761,21.8762683853443,26485.4644628027,22778.9157883386,-1287.91143802891,0
2842,938,8.91261478387626,2999.4543004384,22.0309571065675,15.8983864155211,16.387036828288,24.4667875540393,26463.3042896757,22750.5519134345,-1364.30556152622,0
2843,939,8.77602197332905,2558.7360664384,22.0309571065675,17.7538791206805,18.3603387987674,27.3390350613994,26492.1881675799,22752.7265398144,-1295.28366051488,0
2844,940,8.98257370907337,3218.3486884384,22.0309571065675,15.1494016505976,15.5928423192169,23.3080257334339,26474.1909414466,22774.9368717197,-1346.2125413758,0
2845,941,9.0537238100062,2982.6044104384,22.0309571065675,15.9601438166011,16.4525845133848,24.5623502075479,26467.5426033298,22751.6998154646,-1390.58391749446,0
2846,942,8.76976801147652,3301.1664484384,22.0309571065675,14.8894522254867,15.3175371716728,22.9059473219485,26480.3357677514,22762.5772287384,-1363.0305098235,0
2847,943,8.72507018521776,3518.7833284384,22.0309571065675,14.2590420325185,14.6506306724358,21.9310601104756,26503.2629122499,22767.9515547638,-1303.72336146158,0
2848,944,8.81729904659478,3568.2096724384,22.0309571065675,14.125495454126,14.5094908309206,21.7245771057127,26461.7459742099,22767.1760443565,-1348.49457048611,0
2849,945,8.64443875554576,2963.2435564384,22.0309571065675,16.0318878025946,16.5287434315278,24.673369203682,26465.5518878524,22740.866013839,-1296.79718978255,0
2850,946,8.80032557994135,3502.342263189,22.1123037695553,14.3134758938117,14.7089549778342,22.0154422479123,26440.5642762932,22767.4671361138,-1314.56834495656,0
2851,947,8.53203123141149,3553.33410242724,22.1212830309743,14.1754584740336,14.5631453991859,21.8020619525729,26459.0548789424,22749.5559675631,-1331.53838407328,0
2852,948,8.70194780588048,4154.51174642724,22.1212830309743,12.7685820334627,13.0790393448381,19.6275769878662,26468.2578563952,22761.8668866555,-1329.81196171592,0
2853,949,8.57716253131112,2799.34007042724,22.1212830309743,16.6883452263145,17.2272307258253,25.6896424006026,26459.149351156,22750.3732007012,-1353.70875445957,0
2853,950,8.71192791115201,1842.14030588523,20.9262031820016,22.2002547703355,23.0994231149772,34.2247712507966,28291.4078637796,16239.8561704707,-1432.11945643243,0
2854,951,9.00267449147348,3010.19496842724,22.1212830309743,15.8715403670758,16.3595382181496,24.4255204261133,26482.5033333579,22740.8454635788,-1353.08952919407,0
2855,952,8.76130172126046,2817.62165042724,22.1212830309743,16.6131480944002,17.1472822915432,25.5732458524082,26466.3652904068,22754.6604218338,-1388.99658678906,0
2856,953,8.83567625913039,3285.07944842724,22.1212830309743,14.9500758064895,15.3826445377541,22.999965987057,26461.8105022943,22748.0510144326,-1274.5219350414,0
2857,954,8.78176867030307,3432.43338842724,22.1212830309743,14.5111227987534,14.918060371606,22.3210945286497,26479.6174704246,22727.4747604327,-1351.86059103882,0
2865,955,10.3238068634929,3272.68458315595,19.8582929140682,14.7051192160658,15.0998076193028,22.6146244956363,31304.3792418737,9309.5117758856,-1132.51447657742,0
2866,956,9.43073784589211,3021.76439115595,19.8582929140682,15.5196411057162,15.9609851917714,23.8740913079798,31318.0556681266,9284.04053361408,-1191.37150670763,0
2869,957,7.13850733036288,3926.77372274764,21.3763343254644,13.1812541473831,13.5072780494964,20.2634539960004,29175.4766013081,18369.9802259688,1076.70910269596,0
2870,958,7.22711425949206,4091.53918368185,21.3523306261559,12.8246110612129,13.1315736237152,19.712363091968,29188.480308787,18369.8107685533,1049.71390637298,0
2871,959,7.08398030874885,4385.45412768185,21.3523306261559,12.2516999892473,12.5291872055045,18.8274053419866,29170.3623652142,18362.6259057827,1068.64981356772,0
2872,960,7.12258348620083,3851.96238168185,21.3523306261559,13.3485032323266,13.6832833028001,20.5218393996658,29168.5450393861,18362.8646636036,1058.27893408868,0
2873,961,7.31619321802318,3768.28560768185,21.3523306261559,13.5453780778554,13.890819129326,20.8260914346353,29171.2397994661,18371.745899667,1045.65889015687,0
2874,962,7.1008818543222,3825.13471368185,21.3523306261559,13.410788414765,13.7489292005817,20.6180921318853,29178.0782020493,18384.3367893075,1074.10755072578,0
2875,963,7.23050219743752,3002.11119768185,21.3523306261559,15.796205921833,16.2710839009493,24.3066081150747,29176.5284588826,18365.6058385696,1043.31314172722,0
2881,964,6.97518518777096,3686.47260996447,21.2080325444785,13.7298120352699,14.0839889363214,21.1107718520111,23732.8080458437,19643.3660999826,1228.07208849998,0
2882,965,6.0797281679777,2718.06998126754,21.2829658027607,16.9059415871368,17.4485240226366,26.0236880030535,24342.6702511867,19493.1257357466,667.838664670438,0
2883,966,6.13815229415081,2897.07528326754,21.2829658027607,16.1774309981666,16.6747217214248,24.8962401448399,24334.4103593623,19545.8245860066,678.0943310173,0
2884,967,6.15040483689209,3150.22748412382,21.2435276934384,15.2706537800172,15.7129443727944,23.4932825939222,24309.9073500229,19491.4564180002,706.092496246528,0
2885,968,5.99038763693012,2441.12244012382,21.2435276934384,18.2156860147943,18.8422089153508,28.0513483497366,24309.3709781797,19492.8312874904,637.198577647328,0
2893,969,6.72514242861145,3623.3393329909,21.9370133116437,13.9700769606599,14.3444207166491,21.484052089161,28077.9397866044,23670.8328083832,1071.47573952813,0
2894,970,6.88574130495366,3796.7059789909,21.9370133116437,13.5389232952477,13.8893151776921,20.8175781232491,28075.6311366675,23675.5880687122,1063.12146030414,0
2899,971,9.90918920520357,2685.98417040843,20.259616865868,16.8851004405248,17.4135482770591,25.9878976495777,19947.9472537889,18714.9400801144,-1214.13433914755,0
2900,972,9.69199457349032,2159.91325863178,20.2605781622321,19.6661337745032,20.3755202321895,30.2940566176014,19993.8126694317,18723.0537770397,-1179.89841147133,0
2902,973,9.25147543133169,2867.34432663178,20.2605781622321,16.1435649978784,16.6266854843324,24.8405050658748,19999.2680120009,18722.0055259731,-1178.40711109528,0
2903,974,9.92874206592831,2527.08667863178,20.2605781622321,17.6137963525665,18.1880518405723,27.1157709541831,19966.2441382716,18776.8063285807,-1183.15063061887,0
2904,975,9.86700723359997,3150.07006263178,20.2605781622321,15.14211402047,15.5661305668745,23.2915191528412,19993.8092548088,18768.9170141963,-1230.73860556818,0
2905,976,9.76101092473162,2424.63331737926,20.2248183816902,18.122955976572,18.7294099052319,27.9038991283796,19941.1532288796,18779.9830881001,-1252.737013994,0
2906,977,9.53189712815074,2321.80435863178,20.2605781622321,18.6882310274883,19.3321392532087,28.7793585711169,19979.4573918561,18788.6314479095,-1122.46006931029,0
2907,978,9.39904347720959,2635.52067663178,20.2605781622321,17.1079906929095,17.650330535774,26.3328536746522,19988.9776520748,18834.2419696698,-1088.90079886365,0
2928,979,9.57682670871768,3039.70797101335,18.4739141690765,15.2624335805453,15.672559286165,23.4718359507944,23215.4754535157,6710.04389149753,-1164.53414403855,0
2929,980,9.56892206038635,3293.40343901335,18.4739141690765,14.4646349290889,14.8307022720528,22.2386766886494,23172.5813665055,6711.66649594619,-1193.27536267937,0
2930,981,9.04477799783447,3037.02326963576,18.4430564438924,15.267098583296,15.677111748239,23.4789445867369,23210.2850494654,6684.07451923027,-1173.48956875072,0
2963,982,8.99090819549263,3429.78758388222,18.7553721705873,14.1144482058038,14.4647685925111,21.6983822117588,22824.1142620239,7926.0708160627,-1227.90985820444,0
3007,983,6.31935613046587,2319.83337198093,20.6537258822931,18.7726381475814,19.4278177762411,28.9116466894088,24468.5750540192,17799.3737147518,812.336936742574,0
3008,984,6.51880395371835,2393.26805598093,20.6537258822931,18.3658755532579,18.9941726996653,28.2816994651668,24478.0086309211,17811.5785941553,813.526493066471,0
3009,985,6.24237554855092,2288.75468598093,20.6537258822931,18.9519566285595,19.6190958393932,29.1893845393165,24455.4531743652,17784.5609408045,876.770439400495,0
3010,986,6.58952494793709,2316.48357835006,20.6993635715764,18.8002380645369,19.4579103146119,28.9545744293175,24478.7209959375,17787.272913594,811.520285664507,0
3010,987,7.85012583997381,1748.07951585991,19.9221409081988,22.8064254237986,23.7318954464164,35.1597499932539,27669.6592183812,11514.5036142783,1154.7333606073,0
3011,988,6.31527635475715,2250.51570835006,20.6993635715764,19.1875624236315,19.871187234165,29.5545158242057,24441.2358714031,17826.5379993662,801.020087578235,0
3011,989,7.85560752408352,2354.85176385991,19.9221409081988,18.441339275203,19.064150361157,28.3956843589985,27673.3838083217,11500.2496824102,1187.81896326088,0
3012,990,6.40116647093081,2348.94990235006,20.6993635715764,18.61693156056,19.2624283581395,28.6706735472339,24460.2074978933,17770.5595052421,878.178504374057,0
3017,991,8.62812414385321,2540.73279858781,19.9824367468368,17.5009350568988,18.0642717570651,26.9400313442608,28566.3574372426,11064.8250151263,-1508.66583849691,0
3036,992,8.66072906605598,4466.70146943639,17.9526093883825,11.7965860944199,12.0237013351988,18.1169516900332,29578.0867933781,5641.78725718704,-1527.91667191907,0
3039,993,8.82201917848386,3613.30071151717,18.3104384019989,13.5828270242589,13.9004825279349,20.8757384556287,28904.4535288788,6067.18922442264,-1491.71245446846,0
3049,994,8.37253471018578,4796.03308883505,20.5555617564678,11.4910051226926,11.7250148986797,17.6511798475798,33557.4639213739,14967.5896124314,-1461.61639564779,0
3049,995,4.43135428179816,3556.49387663802,20.3327687763936,13.9637453204946,14.3222641860751,21.4699976273603,34426.5290828937,14819.3031692722,586.312966218508,0
3050,996,8.52014219405972,3152.00829071247,20.5486965964881,15.1738504631078,15.6028939559673,23.3414765596181,33531.6911861919,15013.7125424434,-1455.77690901038,0
3065,997,8.96351647147843,2548.70224477783,20.8352858010365,17.6059830335113,18.187402092401,27.1057858621406,28521.3136596358,17354.0290571652,-1472.47229497776,0
3081,998,7.59244305615627,2439.37326284026,19.4599727092608,17.9102257385256,18.4922163837312,27.5715813766344,27156.3000693812,10264.3537950745,1152.65836885311,0
3082,999,7.36974234284213,2271.82148084026,19.4599727092608,18.8221125044094,19.4629231604958,28.9834086507658,27188.3345103364,10212.4852662553,1148.80826004295,0
3085,1000,7.54264919501669,3535.32002722119,21.2306383441739,14.1231073733612,14.4992851563922,21.7187667969341,30941.6765168502,20518.3366989157,1203.16368950535,0
3086,1001,7.53450113911178,3602.45527522118,21.2306383441739,13.9459067098064,14.3122141270247,21.4448441846625,30950.6627124568,20472.0925199346,1149.91063082537,0
3087,1002,7.87366434169492,3586.92694522119,21.2306383441739,13.9863663963379,14.3549198032408,21.5073859953212,30926.6468363809,20484.3937293752,1198.02113326632,0
3088,1003,7.66588272561375,3010.33031722119,21.2306383441739,15.7499888303257,16.2207111367803,24.2347288563394,30937.7472803771,20575.4442788942,1183.59145155827,0
3115,1004,7.65099509680341,4421.85644069645,20.838759008414,12.1396038093136,12.4073404339641,18.6531533772815,31839.0906310596,16577.9340413756,1228.03362675061,0
3125,1005,8.01358533318896,3813.9894644406,20.7977366289121,13.3784729231481,13.7098086946674,20.5667568170987,30354.4222792873,16746.3447745225,-1518.59068547214,0
3185,1006,9.20104174907305,3324.06316458725,21.4834192982764,14.7531614008957,15.1677265604014,22.6936312725769,26262.5762886481,24397.1044753524,-1228.69287579375,0
3186,1007,9.14177651367149,3503.86140258725,21.4834192982764,14.2373588460535,14.6224252074349,21.8960764445911,26299.924323946,24386.0471497162,-1217.02131782187,0
3187,1008,9.19727064453315,3319.0506854737,21.4825417154799,14.7681501435242,15.1835741766664,22.716807915994,26249.4940393241,24350.9643130453,-1220.26391359092,0
3188,1009,9.07695572883387,3165.9920114737,21.4825417154799,15.2497079911914,15.6933274539641,23.4615917043755,26291.9941506889,24383.4748074026,-1275.48028398536,0
3189,1010,8.99352465879195,3119.4070214737,21.4825417154799,15.4046872289581,15.8575082394309,23.7013196006936,26281.2681784012,24370.3898438819,-1259.74348982732,0
3190,1011,8.67162391114418,2307.37135584792,21.488334339501,18.9987762056099,19.6810005467101,29.2651962765558,26268.7468590894,24428.8765665388,-1239.74085292893,0
3199,1012,7.45434196194225,2348.61018338127,21.2924775039621,18.7267675587388,19.3879236195691,28.8430887410212,25449.2732436549,22503.9613343557,1245.51310807216,0
3202,1013,7.7428781236567,2805.56307129258,21.3501920324704,16.5493015197675,17.070357626603,25.4719275264874,25550.000547636,22552.6128140579,1255.29099309821,0
3204,1014,9.80082836979187,3866.17126597892,19.9686930524023,13.1711708568726,13.4838769373114,20.2443465302833,34312.8397535594,12398.2282042019,-1154.66910274344,0
3205,1015,9.69186643601852,3769.87089356937,20.0126805341269,13.3975703423481,13.7225565784115,20.5942327169474,34273.1479874516,12392.9662036282,-1211.93802642149,0
3206,1016,9.8777573983877,3656.90223997892,19.9686930524023,13.6659033554086,14.0047174672046,21.0087235306633,34284.2587858002,12374.0373148463,-1173.39947631511,0
3207,1017,8.32223464899006,3767.90563237785,21.3554625502215,13.5466225804579,13.8921601204548,20.8280227248494,25660.4530694717,22585.436639508,-1489.0277222419,0
3207,1018,9.48920527128214,3662.23253197892,19.9686930524023,13.6526803538636,13.9907875515235,20.9882910911966,34323.3471583767,12360.1840350251,-1190.00600779259,0
3208,1019,9.62833757367675,4020.77175997892,19.9686930524023,12.8351369994677,13.1305163885225,19.7252750960257,34299.7800543023,12402.1211080725,-1139.10689819871,0
3209,1020,9.42268295464412,3630.03051997892,19.9686930524023,13.7330899892635,14.075503599317,21.1125437160617,34295.9757705355,12359.5742472091,-1175.55015327261,0
3210,1021,9.90347790608077,3485.56498115036,20.0064105586944,14.1145191752404,14.4779936226576,21.7021195277575,34287.2078958675,12360.5187120839,-1223.22222664889,0
3220,1022,6.97271323582706,2215.67225807353,20.6269676660168,19.3864934890208,20.0824839784379,29.8623823319695,24964.8934245137,17592.3608082514,962.469104289823,0
3223,1023,6.43916761298113,3221.25904181009,21.063288898762,15.0179026287885,15.4434494332564,23.1018382743087,23474.477336158,21040.5263597282,791.851704042763,0
3236,1024,5.79107185754456,2054.850647544,20.6772811678631,20.4650016185644,21.2359627801824,31.5336716088524,24302.8043800678,18199.6408282943,810.054734793365,0
3237,1025,6.23308760793763,2506.802141544,20.6772811678631,17.7839374424175,18.3747006080787,27.3807155721079,24321.8848555789,18196.4200862477,791.851699808551,0
3238,1026,6.02341877130399,2016.899849544,20.6772811678631,20.7399707626762,21.5302048089264,31.9598164866931,24348.7366315197,18204.3884167132,871.131460851913,0
3239,1027,6.4124450176411,2388.874937544,20.6772811678631,18.3937968822875,19.0242581191859,28.3250286186459,24324.7859894159,18215.8174247608,822.924046195496,0
3240,1028,6.48361870777604,2624.35155893947,20.6821590253386,17.2266603969934,17.7819219759963,26.5180347040809,24342.9957941396,18200.1293048311,854.216326858534,0
3241,1029,6.27114613606623,2128.39211693947,20.6821590253386,19.95890699868,20.6948386741175,30.7494530709764,24345.4455817604,18227.8749314273,853.227169588307,0
3242,1030,6.15819444970943,2262.68463893947,20.6821590253386,19.1112762949431,19.7895133736398,29.436277249866,24340.2095889005,18203.3259531245,846.999461361458,0
3243,1031,6.27596768116531,2536.35768893947,20.6821590253386,17.6400196926608,18.2215970472757,27.157921968979,24324.8020357929,18218.9858004475,787.049844012172,0
3244,1032,6.40723477718357,2177.22375893947,20.6821590253386,19.6395989165995,20.3536315063136,30.2547254140683,24347.025062003,18191.2301271669,831.51339704645,0
3245,1033,6.65958279869252,2197.67413827833,20.7130520558491,19.5158408649553,20.2219032963587,30.0631205225797,24320.0101982997,18212.7734455352,821.003855743572,0
3246,1034,6.04212862166794,1822.97960093947,20.6821590253386,22.3101862946272,23.2131338066077,34.3940602641341,24359.8700278336,18196.8340946018,869.107045664627,0
3247,1035,6.45908963203681,2074.57082427833,20.7130520558491,20.333312968902,21.0956580081134,31.3297509165751,24310.9101832993,18207.8604830942,809.426751132685,0
3248,1036,6.44962405258103,2163.69979493947,20.6821590253386,19.7267065063517,20.4466936404941,30.3896822460691,24330.0539897818,18180.135462609,858.96650077005,0
3249,1037,6.58207044656193,2117.07075293947,20.6821590253386,20.0348668668886,20.7760369292333,30.8671512975698,24328.6210300916,18215.0468214278,908.485204814213,0
3250,1038,6.25392063210107,2409.12097730386,20.7109993422301,18.2912230863358,18.9154201513788,28.1663159035969,24330.4758144585,18226.540844056,894.233831446667,0
3251,1039,6.33641946097045,2685.96774649452,20.7550520735015,16.9633399347718,17.5029594017876,26.1107190077934,24345.940091905,18225.9931828929,821.988982545203,0
3252,1040,6.22119062141938,2400.48678530386,20.7109993422301,18.3373434690998,18.9645663975599,28.2377357435356,24324.3493689396,18209.9591325885,841.010897716013,0
3253,1041,6.19179908817587,2388.98921330386,20.7109993422301,18.3992308669511,19.0305211613059,28.33357358256,24366.6724896191,18232.3910898949,887.262588107231,0
3254,1042,6.21432500695108,2342.38219730386,20.7109993422301,18.6557733477003,19.3040097820596,28.7308747992388,24328.4238838948,18219.7622691847,826.140060433229,0
3255,1043,6.17857522065649,2252.31788330386,20.7109993422301,19.1789371661711,19.8621519278349,29.5412020778945,24327.4711285517,18194.7746533263,824.030086717672,0
3255,1044,7.1788981996594,3160.27929841791,19.4642976176448,15.0030667852881,15.4101842619436,23.0740523555371,25725.8346269694,10685.4377072024,1034.57806851131,0
3256,1045,6.17898485475297,2560.08611043178,20.7402482937443,17.5356513728452,18.1113134449691,26.9965588601594,24326.5498066831,18247.6275581786,877.210705431351,0
3256,1046,6.87612920224651,2761.27830841791,19.4642976176448,16.4433974462616,16.9346705927308,25.301638714686,25741.7700031395,10637.0161734747,1037.05670629124,0
3257,1047,7.43972285099485,2756.34448441791,19.4642976176448,16.463544266566,16.9560306013873,25.3328072652671,25704.5980030324,10672.4570401798,1030.83205657481,0
3257,1048,6.17241190296104,2241.92161130386,20.7109993422301,19.2417997420259,19.9292547449288,29.6385800800979,24336.0704620723,18223.7179130118,817.201453816364,0
3258,1049,7.23838404200057,2838.67767241791,19.4642976176448,16.1356208301543,16.6084812880722,24.8255197446535,25726.0616067924,10669.3676178678,1006.06266657287,0
3258,1050,6.24663204008866,2499.49365530386,20.7109993422301,17.8259579120781,18.4198842420472,27.4458983803066,24303.0005774692,18204.8297576551,842.648881680137,0
3259,1051,7.21028233690166,2777.70970441791,19.4642976176448,16.3767668361828,16.8640345501775,25.1985583555847,25738.9509716116,10668.883314647,1028.48221186401,0
3259,1052,6.35418096623452,2824.35512930386,20.7109993422301,16.3787679394142,16.8816209356024,25.2059147501932,24336.1247958313,18223.2765155309,846.738968500046,0
3322,1053,6.19149935393469,3824.0903931549,21.0965692209306,13.386439259825,13.7209432132375,20.5798231587805,34027.7617308912,20255.8632837525,-365.104384493362,0
3339,1054,6.43886122631627,1814.39986080696,20.2376987136823,22.2773514063151,23.1700191640681,34.3409729799228,26329.5045152186,14816.2388434539,776.227318216867,0
3342,1055,8.65134462347994,2679.14707130919,20.711828992796,16.986414028699,17.5269336352162,26.1462814282925,27808.5517381555,16979.0386766337,-1439.92484723195,0
3345,1056,7.08417776972044,2549.90123150097,19.9643227852474,17.4542107157763,18.0143546819232,26.8676411772776,22410.300515823,16020.5536876688,1161.74131639764,0
3346,1057,7.08264826078067,2433.55989950097,19.9643227852474,18.0302092059,18.6270203282368,27.7592959466497,22425.0589634623,16031.5321639793,1177.52601545082,0
3347,1058,9.65580334756826,3781.0908000619,21.1791908501084,13.4963949519221,13.8375865837915,20.7499520005844,33077.1879214045,18212.2984875177,-1145.01837984459,0
3347,1059,7.41474107791114,2702.14494350097,19.9643227852474,16.7687505311499,17.2862283300076,25.8068044269968,22456.4415379492,16052.3753000743,1126.83562748262,0
3384,1060,11.1178874513818,4559.71796833945,20.5772385330451,11.8759909863931,12.1286653732766,18.2455431052326,35097.0479207871,14255.81445913,-993.856051513043,0
3475,1061,10.5490648160393,3206.02375635749,20.6326762207635,15.0109732436947,15.4314966673976,23.089848485075,20718.3026283125,21534.373294934,-1081.92754520574,0
3530,1062,7.44718625344695,2891.79186891431,21.1678215865785,16.1812585109224,16.677442881478,24.9017933013127,29618.6674619137,18878.5988245996,1190.64849824985,0
3531,1063,7.56685996512279,2723.63582594363,21.1565453597209,16.8625985526126,17.4008994877627,25.9561729689746,29560.9730400387,18866.3800380521,1182.61499068565,0
3533,1064,7.64907910786742,2708.71175691431,21.1678215865785,16.9286563316422,17.4712507073543,26.0584557991813,29564.552000693,18857.5316966986,1184.55666996779,0
3534,1065,7.82165582705456,2541.81119594363,21.1565453597209,17.6927101220702,18.2839326839721,27.2412202878779,29573.674436521,18852.5898166659,1227.026259199,0
3535,1066,7.64286279458741,2749.28364891431,21.1678215865785,16.7552607723869,17.2869710619176,25.7900790852908,29578.5691903176,18863.5344540292,1189.12577468975,0
3536,1067,7.69551886143338,2545.45843489115,21.161208985315,17.6757739948778,18.2659623211254,27.2150149875043,29589.3449532883,18832.9055312432,1201.8758140483,0
3538,1068,7.70890718580681,2647.51396994363,21.1565453597209,17.1975190000548,17.7569845414167,26.4745922321309,29548.6330636968,18864.9088564446,1200.61112732311,0
3540,1069,7.59558603880449,2650.14570109982,21.1365811042272,17.1824871604993,17.7407455849946,26.451253789562,29578.6218614797,18853.2615924372,1267.6189782663,0
3541,1070,8.00915572187715,2431.63839447785,21.14951699005,18.2491718328813,18.8766274925954,28.1028547117294,29588.6855704722,18878.818741841,1197.42379437711,0
3542,1071,7.19961775877543,3425.15133689866,21.1413131138452,14.4167120227334,14.8085376833995,22.1724354271368,29622.4169777222,18788.2202215173,1123.13434668561,0
3543,1072,7.32540074632809,3929.32647689866,21.1413131138452,13.1516979340438,13.4740644471433,20.2172099629589,29638.3346960506,18749.4263801531,1053.32165244741,0
3544,1073,7.12779831250621,3895.80290489866,21.1413131138452,13.2267240642754,13.5530827177027,20.3331366469988,29637.5036167909,18767.455130665,1075.43591802815,0
3545,1074,7.21061367146592,4122.80286089866,21.1413131138452,12.7399301057284,13.0406830556593,19.5810477621648,29621.4862938476,18734.7789848679,1060.78780684145,0
3546,1075,7.23446692375361,3590.39038889866,21.1413131138452,13.9672674206201,14.3339004390022,21.4776259576644,29613.7140336872,18748.7599193943,1026.38400183679,0
3547,1076,7.1481113224769,3199.64914889866,21.1413131138452,15.0966844194346,15.5276584080121,23.2239077356016,29632.6821174383,18751.1896471855,1075.19489103072,0
3548,1077,7.21972936713236,2621.02612889866,21.1413131138452,17.3157538669923,17.8825581240308,26.6575699103089,29637.2728597287,18732.8471095039,1145.34225878593,0
3581,1078,8.80947347508124,3307.78618949488,20.9928277366519,14.7418891332072,15.150741523426,22.6748046971709,22122.0919011783,23253.98978111,-1282.61029493952,0
3582,1079,8.94321629543217,2965.78848749488,20.9928277366519,15.8785032274981,16.3542677334052,24.4328067290933,22112.7679189598,23215.823801589,-1288.42484172966,0
3583,1080,8.64283486519167,2862.13845053105,21.01084552587,16.2736166168051,16.7736123764093,25.044195564917,22149.2544666887,23190.3984490501,-1316.73723926657,0
3584,1081,9.20816629793774,3546.43789949488,20.9928277366519,14.0661902807951,14.4368712803421,21.6301409863424,22143.1508221412,23226.758587084,-1279.80505206824,0
3585,1082,8.84112144996501,3456.95058053105,21.01084552587,14.3118956040669,14.696494035167,22.010024016254,22135.4390903935,23207.9964743095,-1253.57607406224,0
3586,1083,9.25708647655192,3007.61586149488,20.9928277366519,15.7270424950398,16.1937015816943,24.1984904593918,22100.217760885,23230.389785531,-1305.78581671527,0
3587,1084,9.05039178007842,3396.61704749488,20.9928277366519,14.4804621149999,14.8743996809015,22.2705855616317,22138.5473418808,23186.7221465092,-1397.11477848194,0
3595,1085,9.0635349701983,1602.33629839864,20.2108399531288,24.3864700730509,25.4353084242524,37.6119878543387,26966.7421425078,13222.0849783113,-1342.043482732,0
3596,1086,8.33843527960663,1576.56587839864,20.2108399531288,24.6795461593969,25.7506871944813,38.0666849770652,26957.734034502,13257.7517185799,-1278.76401018805,0
3600,1087,8.82308479258095,1889.72020593049,20.0550241156043,21.5889108492347,22.4288162421173,33.2727882236091,26940.0230566268,13231.6554356433,-1331.32639427905,0
3610,1088,9.09156654277514,5744.48087201639,20.1345142684277,10.2069727762191,10.3801741886389,15.6692064509856,34181.0074671611,13256.7811637654,-1419.96402595016,0
3610,1089,9.59985887462245,5220.10816625618,19.5151401584887,10.801679364223,10.9964366179789,16.585341897965,34165.6773073385,11178.7612168507,-1107.63498455853,0
3611,1090,10.198746358006,3346.75281425618,19.5151401584887,14.4427263965587,14.8190843629424,22.2079846999151,34242.1200481509,11129.7103532621,-1118.7035376282,0
3612,1091,10.1945647651099,3362.43532625618,19.5151401584887,14.3975950729837,14.7714655090941,22.1382264328461,34204.9967725036,11140.4721683327,-1163.3591042402,0
3613,1092,10.7420135162223,3270.67501025618,19.5151401584887,14.6671343260502,15.0559422283615,22.5548681787879,34194.7088317408,11128.0037119143,-1126.22602176694,0
3614,1093,10.05405404519,3374.17518425618,19.5151401584887,14.3640549056686,14.7360802488263,22.0863852775488,34181.7122452755,11127.151440879,-1152.69504961825,0
3616,1094,10.0601517561261,3108.21123425618,19.5151401584887,15.179072051735,15.5967791613713,23.3463433565205,34192.0327874558,11139.2095355572,-1093.5243870777,0
3617,1095,9.82735203995315,3371.77435025618,19.5151401584887,14.3708970251454,14.7432985162941,22.0969606902531,34206.0087398937,11166.2969331061,-1134.92358050983,0
3618,1096,9.61870199120471,3292.94117227951,19.4496683118054,14.5921215574475,14.9760366180352,22.4387139366312,34216.5415304163,11116.7050854316,-1085.2796445572,0
3634,1097,10.3421671957267,4101.13570814785,21.0727269703692,12.7776711757404,13.0797967708612,19.6391880842376,31877.2064655671,22124.6358978365,-1036.36240506911,0
3663,1098,7.58711866076614,2623.06504813874,21.1007770074386,17.2998911368866,17.8651671553836,26.6328713596819,28937.0715455024,17886.2581138857,1224.88418618525,0
3664,1099,7.64453795884869,2675.97150013874,21.1007770074386,17.0615499966547,17.6116948368592,26.2639268551216,28945.7886002301,17853.0121872858,1244.01459511934,0
3666,1100,6.99598085945159,2913.38155267971,21.4365518258729,16.1368817036871,16.633461419688,24.8339843614195,27436.4016549869,23776.6855439376,1109.89033266193,0
3666,1101,8.03801153538344,2006.18286613874,21.1007770074386,20.911661283085,21.7208491323148,32.2278081956331,28945.0760037794,17877.5388170855,1203.51854044736,0
3667,1102,7.11632438808665,6133.54351374669,21.4472978404125,9.87481238876854,10.0419969117722,15.1591859957275,27468.8339412929,23869.8585598001,1054.44843850739,0
3668,1103,6.27644772066696,6704.76098467971,21.4365518258729,9.33470221899829,9.47938249777838,14.3263430414333,27438.7937509605,23834.8601612903,1023.97480701444,0
3669,1104,6.23562626400983,6179.4677237467,21.4472978404125,9.82825495773433,9.99346145913641,15.0873845604938,27478.1617237568,23829.9839233023,1000.85339199636,0
3670,1105,6.29260686439661,6371.24920987618,21.4903773472406,9.64267782767326,9.80032591573139,14.8012753458634,27483.062325535,23839.2989401614,1023.3251721695,0
3671,1106,6.46571176947009,6668.27299599655,21.4996275223599,9.37030184245115,9.51677217278985,14.3813222566362,27500.5321381606,23834.2024720694,1032.36257560427,0
3672,1107,6.72468815570703,5830.62421599655,21.4996275223599,10.2011889766093,10.3827868046574,15.6626788299814,27448.0944860174,23831.3196663099,1051.31197210422,0
3673,1108,6.93066561761918,3680.94951787618,21.4903773472406,13.7743798038809,14.1336532203796,21.18038717735,27453.7173872941,23785.3540890535,1129.25883296387,0
3717,1109,9.0761136836523,2496.04606292066,21.1169049040518,17.9122026136231,18.5171481413691,27.5809293490719,28350.140302956,16203.774156411,-1393.06206972452,0
3718,1110,9.15157068073612,2626.06554092066,21.1169049040518,17.2887230341039,17.8534924161432,26.6156392329733,28339.6854246964,16197.7251113762,-1407.68244815082,0
3719,1111,8.72775605081142,2603.22457892066,21.1169049040518,17.3941457219954,17.9656477652835,26.7788411670483,28338.698458794,16192.7947198514,-1413.41897767658,0
3723,1112,10.4611300248793,5102.74206726965,21.1676339289053,11.0872723780742,11.3067605498142,17.0292696927992,33251.7010696366,17839.1191643301,-1041.48384588479,0
3723,1113,5.07717678412715,3388.47104728317,20.8652919036881,14.4885455030751,14.8816397815041,22.2827244946557,34266.465948671,17845.0690379003,537.057438392481,0
3723,1114,8.53471301868568,2346.55226045033,21.7063752252934,18.81310309703,19.4858036877208,28.9784036512831,25490.3190707928,24844.9772286287,-1330.18329260688,0
3724,1115,8.65586596006397,2455.78089811578,21.7169221586382,18.2205146713105,18.8536880026848,28.0605702657534,25570.2864864874,24794.8896353081,-1246.61111180271,0
3725,1116,9.12934105060376,2219.66217811578,21.7169221586382,19.5726234399497,20.2973630350055,30.1551704827763,25579.6558273183,24822.8100550669,-1232.61558186523,0
3727,1117,7.34050132993595,3167.51385081651,21.5480966148456,15.2531523917037,15.6976749779507,23.4671121466536,24825.7975301623,22972.2231675427,1235.89024889745,0
3728,1118,7.38577858304203,3304.33936281651,21.5480966148456,14.8207391771254,15.2398863347672,22.798320358128,24806.0433057847,22970.6033098554,1223.50853010257,0
3728,1119,8.85283541057727,3526.83920011578,21.7169221586382,14.2014420512021,14.5867415747995,21.8411709892811,25538.631579532,24794.6884682716,-1231.53731221418,0
3729,1120,7.56237297221456,2927.76084081651,21.5480966148456,16.0980130772774,16.5934869583404,24.7741920418193,24812.0292126426,22985.8577438591,1115.58716166675,0
3729,1121,9.25622284891618,3355.58705011578,21.7169221586382,14.687278092421,15.1003985290302,22.5924002140501,25557.1314144065,24795.8869644827,-1255.90504000387,0
3730,1122,9.60184582465933,3514.13706479908,21.6764989301816,14.2314033930871,14.6180091382904,21.8873861789582,25698.4106204664,25021.9762298626,-1123.77223702997,0
3730,1123,7.46285405699989,3063.20109373859,21.5432264165686,15.6054253163306,16.0709221520067,24.0120376391084,24857.0530955045,22987.6375206012,1229.08387840407,0
3731,1124,6.94658728781161,2588.09584758439,21.5257413884413,17.5311980571854,18.1167381932579,26.9924638205311,24831.0364263806,22982.3393210922,1194.18992438355,0
3731,1125,9.42778553833314,3287.77586279908,21.6764989301816,14.8871862014882,15.3115229050005,22.9014462584267,25669.3581863763,25047.8404945859,-1222.43305688292,0
3732,1126,9.55578342039701,3680.74172879908,21.6764989301816,13.7951184627838,14.157272135074,21.2129214316418,25659.5489460998,25018.4521401479,-1198.12151652324,0
3732,1127,7.42120370973538,2776.79258958439,21.5257413884413,16.6938947630059,17.2260859755652,25.6962919929813,24817.5845426067,22996.988261203,1204.28038584285,0
3733,1128,9.89844348892979,3347.42227079908,21.6764989301816,14.7066774308561,15.120513698531,22.6222877455134,25695.8000107193,25038.5562392079,-1186.72648091404,0
3734,1129,9.27768601714968,3314.04648330528,21.6876275409552,14.8083218369271,15.228173777676,22.7795101474245,25939.5542227818,25113.9707135579,-1212.65747375798,0
3735,1130,9.16034011664759,4154.35475987679,21.691238861714,12.7283357018251,13.0331161299188,19.5644145821043,26084.3548734539,25155.3747406507,-1189.87545008882,0
3735,1131,6.77809765770435,2381.26698387408,21.030999996332,18.4985640927515,19.1408728908837,28.4886361650084,25023.1855008672,18168.5579637842,916.089963915965,0
3736,1132,8.80907351659576,3448.11309587679,21.691238861714,14.416419442817,14.8136980913776,22.1734908991595,26061.0767696956,25138.2089631129,-1215.28961464446,0
3736,1133,6.62266558545639,2271.51142587408,21.030999996332,19.1248767294722,19.8091098016758,29.4587440868132,25069.4070279332,18166.9163856446,932.064268987043,0
3737,1134,6.86549057188638,3415.61514344336,21.626538847959,14.5013538606314,14.9028553334538,22.3046450036509,26109.7476310825,22592.1043695875,1089.70221240244,0
3737,1135,6.81577156827321,2225.25682587408,21.030999996332,19.4057265606159,20.109017076577,29.8938291084522,25053.5676790037,18177.0809092165,959.247146262256,0
3738,1136,6.86286138110487,3162.20601344336,21.626538847959,15.28070694649,15.7276992672846,23.5099643425987,26114.7148694786,22589.0744970961,1026.94612827511,0
3739,1137,6.92293393780457,3392.2392026194,21.6185444260688,14.5679098216258,14.9731534753114,22.4075388171307,26096.5084693365,22599.4616115982,1060.70843650965,0
3739,1138,7.7607751363814,2335.88995728811,21.2152048508529,18.7846299454664,19.4485835176225,28.9324166314992,25312.8885495028,18895.7688885462,1173.11336333333,0
3740,1139,7.00079363794515,3616.26679487978,21.6005966902268,13.951293977872,14.3214232209164,21.4541431474529,26087.9248363821,22598.5964046518,1058.10644049387,0
3740,1140,7.461303695589,2074.71447149892,21.2855131529119,20.452189477444,21.2318031794128,31.5164471511906,25275.2810493988,18882.954758813,1183.73308338567,0
3741,1141,6.76878051431821,3290.40926639448,21.6073632469171,14.8705851960578,15.2932426959543,22.8755760132075,26103.4829244642,22588.4389289008,1041.21567026492,0
3741,1142,7.32558555146415,2163.85369349892,21.2855131529119,19.8462112058895,20.5835300402365,30.5773566369242,25294.4320977399,18895.9217529258,1163.76326306261,0
3742,1143,7.3897134777778,2295.34891349892,21.2855131529119,19.0315955526603,19.7131723039238,29.3152472841339,25298.9739610996,18877.4229306036,1189.77725323336,0
3743,1144,8.05611787555896,2458.16568534827,21.2597489853455,18.1297275621673,18.7508121747476,27.9182925933127,25214.4493394553,18751.8906912834,-1477.772969669,0
3745,1145,9.12128725285399,1985.51181768185,21.2323752663617,21.0969805436131,21.9214877625493,32.5156570502978,25176.4437028779,18641.9091379145,-1215.04010274615,0
3766,1146,7.25726745173492,2732.98709268963,20.7660273828981,16.7626939222513,17.2899224586525,25.8002208801501,32464.7531926875,13531.5428015643,1139.25953160699,0
3767,1147,7.27916659821923,4510.93919918607,20.7846837195615,11.9777155435719,12.2370108385527,18.4030577951609,32461.5487700147,13554.3598031699,1127.05316105394,0
3768,1148,7.35893965744281,4365.19315718607,20.7846837195615,12.2375722743617,12.509756322594,18.8043188066771,32453.4007778875,13546.9969334519,1119.18957211314,0
3769,1149,7.37285400680028,4502.39311118607,20.7846837195615,11.9925432639211,12.2525682779784,18.4259526361644,32462.8131727303,13534.9081765263,1118.59550932174,0
3770,1150,7.33716484654843,4711.05453433344,20.7312877703227,11.639615809585,11.8820551300988,17.8809521767255,32460.5358400922,13549.3741294104,1108.96640322753,0
3771,1151,7.20750176243187,4850.22880344615,20.7140369580276,11.4206456212492,11.6525118821544,17.5429051012481,32474.4992366081,13548.7199793305,1152.70039178566,0
3772,1152,7.30194023350767,4842.41759833344,20.7312877703227,11.4339644515327,11.6665899757159,17.5634988877575,32455.9202229362,13548.4905635881,1120.31268776759,0
3772,1153,8.38434406605337,5317.99421281801,21.4125820885963,10.8140277140553,11.0225586641586,16.6080509249403,32132.9060573848,19396.7728158644,-1516.92176322303,0
3773,1154,7.35114810089244,4914.00023662459,20.7246239868329,11.3254363348657,11.5528898089334,17.3959714746432,32696.0586263079,13720.2642715044,1101.14253792084,0
3773,1155,6.30116383326702,3792.42892114765,20.4527308960947,13.39211292007,13.7209692838535,20.5869482745988,32782.1109183918,13705.6486170416,1075.73470526312,0
3774,1156,7.53228403241115,5234.65474462459,20.7246239868329,10.8736182196,11.0801699505163,16.6987040406808,32741.9348509807,13764.916381403,1107.11052890698,0
3775,1157,7.20091447235106,4747.54975462459,20.7246239868329,11.5809273300978,11.8205013358482,17.7903399890235,32770.3931543562,13739.971707473,1141.35666394583,0
3776,1158,7.35900463931702,5842.10979862459,20.7246239868329,10.1377021356359,10.3117169760104,15.5634164318724,32765.6110556047,13757.5200664164,1105.38589385495,0
3777,1159,7.11262121314005,3228.76895062459,20.7246239868329,14.9510560034876,15.3691109104157,22.997466168722,32735.1927347279,13761.5680167561,1136.59075647649,0
3783,1160,8.46819125017147,3881.46439971721,21.1786760909238,13.2630183729582,13.5916499556814,20.3893110958512,32162.4436846419,17494.228771766,-1364.56678911035,0
3785,1161,8.8647871212468,2663.2388053898,21.2506676115922,17.1417173054139,17.6988192021113,26.3885377055114,32101.5240608083,18072.5082373144,-1304.56776295791,0
3786,1162,9.05695442907236,3937.29508425214,21.2434933340834,13.1443960501358,13.4672810404274,20.2061777283825,32466.8224992518,18485.7839397224,-1289.9229237397,0
3787,1163,9.00756064409446,5127.40391625214,21.2434933340834,11.0585810579382,11.2772632662118,16.9851360434431,32455.3417653505,18472.3365241416,-1305.69249792548,0
3787,1164,8.03537280824129,3763.14269925161,21.2878606176953,13.5508686960081,13.8960159770403,20.8344136308181,32381.0312749546,18514.2615628865,-1195.49494381173,0
3787,1165,8.86491569023508,4184.61206926629,21.1514555392102,12.616477429354,12.9109347109545,19.3903697538895,32469.7220841737,18466.7070587467,-1290.41434993303,0
3788,1166,8.8678510244217,5153.98929825214,21.2434933340834,11.021766123033,11.2387354946224,16.9283188000972,32441.9238519994,18491.4637020612,-1318.88486481808,0
3789,1167,8.79293401667317,5158.72488825214,21.2434933340834,11.0152432173946,11.2319095869104,16.9182519977259,32460.7266841323,18479.2837433114,-1340.90057482057,0
3790,1168,8.95300006087906,2570.17825510515,21.2507931661194,17.5716174047914,18.156242984273,27.0540730310325,32446.3697934092,18468.2655067751,-1386.34054546276,0
3792,1169,9.19251775922924,1907.76933025008,21.5338242199357,21.7836205316535,22.6626238516972,33.581564527796,25218.4728611197,18720.364710539,-1217.60855720765,0
3793,1170,9.23367089166397,1312.04298179456,21.5084324306099,28.7646230052009,30.1881675949403,44.4160859704183,25210.0794135136,18663.8801867683,-1158.16786121565,0
3796,1171,7.44409688419312,2669.41364117413,21.0539869375394,17.0832685701865,17.6341995270943,26.2973832684257,22739.2008409999,21868.3352933546,1263.74055134542,0
3798,1172,8.30161609860928,3787.65163517413,21.0539869375394,13.4675269342236,13.8060063194079,20.7050221400876,22761.8474361384,21751.3834919463,-1482.00327224948,0
3799,1173,8.18229323147317,1691.34968422763,21.4977896838605,23.7791432451371,24.8062759177601,36.676508032993,25465.447301856,18492.5333064896,-1394.31470335331,0
3801,1174,8.56607084244119,1982.42243933801,21.5260211827067,21.184999005486,22.0205244200608,32.6534041626162,25379.6564094336,18542.9736704147,-1456.29813727317,0
3805,1175,8.24322550187352,1714.32196733801,21.5260211827067,23.5514439693373,24.5617986857501,36.3233925710427,25447.9804603291,18491.0056746362,-1469.43168954525,0
3807,1176,8.6549941611865,1315.67339333801,21.5260211827067,28.7103027794229,30.1297537352606,44.3318195772053,25430.3683899243,18485.3481316262,-1391.05958520777,0
3809,1177,8.66572089633227,1704.27907125657,21.5520563461965,23.6602472353855,24.6793247641174,36.4923191559536,25383.299707313,18527.0652971623,-1392.85479260708,0
3811,1178,8.34415625691198,1751.99278015452,21.5020262322029,23.1723519064507,24.1536699746926,35.7351936526926,25354.9445707854,18525.4766100718,-1386.31840240789,0
3812,1179,8.62741765956348,1536.40229215452,21.5020262322029,25.5360036643194,26.699122817855,39.4028565231338,25404.7019269004,18523.7714332555,-1331.60808529776,0
3813,1180,8.621044501311,1637.98620415452,21.5020262322029,24.3498352631399,25.4207100475222,37.5620037980935,25413.5236058967,18494.2513527358,-1388.79034218838,0
3815,1181,8.44625312541062,1584.17668615452,21.5020262322029,24.9604147011016,26.0785273702212,38.509512843178,25349.0969339057,18533.9431878365,-1337.58267478489,0
3816,1182,8.71691012103068,1599.27157619623,21.4828263621838,24.7798945264613,25.8836210939629,38.2292618632467,25373.861484082,18506.3998405201,-1438.43708430012,0
3817,1183,8.43429648444379,1698.44757415452,21.5020262322029,23.7070119411592,24.7287370945609,36.5646214159825,25374.6311855554,18535.3791441159,-1442.08975866059,0
3819,1184,8.99501746041253,1766.69209324621,21.5270904898834,23.0371076858838,24.0087146042874,35.525527813872,25420.7976598365,18541.8181201537,-1408.36926091949,0
3820,1185,6.71452832776147,1450.0837069256,19.9874461253573,26.1871129345914,27.3700781504276,40.4048274506243,23193.5012837173,14789.5980963421,1030.1050583207,0
3821,1186,7.37729135272807,1477.7483629256,19.9874461253573,25.8216771364457,26.9761565648527,39.8376771246458,23185.0157871769,14783.5305304202,1059.62544277575,0
3823,1187,7.09922470782782,2654.61249922279,20.0080632161588,16.9821717020115,17.5133891046073,26.1372263101322,22861.2027109938,15204.7483905287,1134.58858125725,0
3823,1188,8.77515648529877,1473.90188865575,21.4399276490247,26.3227063249322,27.5467979546991,40.6237131774828,25380.5319098383,18529.2676732817,-1354.73199537043,0
3824,1189,7.29864028564534,2121.75950722279,20.0080632161588,19.8640855977139,20.5829830822829,30.5996381039151,22827.7546954458,15204.6951843808,1138.99780781465,0
3824,1190,8.26976466403974,1299.56609865575,21.4399276490247,28.9505803487596,30.3879654861218,44.7045116865356,25392.6339818266,18515.0808287443,-1527.31774704635,0
3825,1191,6.88670671163016,2510.71664122279,20.0080632161588,17.6503119130261,18.223456573601,27.171351413399,22874.1025582126,15176.6035121123,1137.38961010651,0
3825,1192,8.34035512757645,1609.91243865575,21.4399276490247,24.6464156895713,25.738994260392,38.0218999255683,25365.4944074919,18463.5767139626,-1431.82088068888,0
3826,1193,6.87114342269055,2537.34607522279,20.0080632161588,17.5214884609129,18.086471152464,26.9719413280921,22839.9678329877,15189.3463155719,1128.21324938829,0
3828,1194,8.33202660703797,1691.89321065575,21.4399276490247,23.7583598652711,24.7828585802267,36.643972864797,25393.1660791883,18518.2991980274,-1384.95764692038,0
3829,1195,8.08415708412197,1708.72107465575,21.4399276490247,23.5859267354529,24.5973416306526,36.3764596590572,25387.1410230303,18521.3549618981,-1459.92718607078,0
3830,1196,8.24015745280365,1672.06884682029,21.3464126543848,23.9407924255267,24.9774605504885,36.926537500841,25396.1716712911,18509.8707713189,-1401.85069344725,0
3831,1197,8.16347479288237,1655.96784082029,21.3464126543848,24.1122795968335,25.1620371462005,37.1926047999306,25387.2447705303,18529.965417862,-1269.01530025254,0
3832,1198,8.25370986257133,2098.60233682029,21.3464126543848,20.2976709371694,21.0673682268955,31.2772274237486,25398.3466993283,18508.247611827,-1446.94978105909,0
3833,1199,8.44522441574949,2979.44410282029,21.3464126543848,15.8776865334505,16.3574299483417,24.4326530079567,25394.8105008828,18487.3770667297,-1403.36654939777,0
3834,1200,8.19638368370626,2553.79165282029,21.3464126543848,17.6660059762793,18.2579698219461,27.2005542290271,25423.1693589899,18492.3345942365,-1416.76727569281,0
3835,1201,8.28074551461209,2657.99665882029,21.3464126543848,17.1802762747148,17.741029203298,26.4485571338451,25423.5367249038,18514.1503583682,-1346.08465870084,0
3835,1202,7.30693682595539,3009.9033098924,21.3747989805533,15.7712440026989,16.2448659991105,24.2680583667649,28950.2134095791,21176.1692494952,1057.18784505934,0
3836,1203,8.38126190406812,2770.92396082029,21.3464126543848,16.6915021761501,17.221388971664,25.6919954405188,25379.9256052397,18510.9381717551,-1430.31120507905,0
3837,1204,8.28751165700682,2778.19254082029,21.3464126543848,16.6612784670714,17.1892748101162,25.6452178845078,25394.6729193329,18506.5238920863,-1330.41834359716,0
3838,1205,8.80084955495418,2550.84016882029,21.3464126543848,17.6802889226062,18.2731784641998,27.2226689879499,25417.3167247378,18498.2573817374,-1354.09686551343,0
3840,1206,8.23166684633137,3212.54949590998,20.4687993203608,14.9691921614885,15.3855310451473,23.0247501269806,28545.7559711561,14775.4831601149,-1413.11949105988,0
3841,1207,8.44296372352721,2108.27073691939,21.2363262080727,20.208466588873,20.9702343493807,31.138517162602,25384.1166483063,18503.1195974234,-1410.1222122697,0
3842,1208,8.65259142663823,2496.57260592285,21.2620613014588,17.9341294092557,18.5424305463623,27.6154121460634,25391.1631963218,18537.9921930323,-1379.16263628201,0
3843,1209,9.79714032956107,4628.02097181377,20.6558009822169,11.7684283230235,12.0164979920524,18.0796504032906,34395.5876977176,15675.8267736903,-1138.68481760129,0
3844,1210,9.98972091359157,4978.82907381377,20.6558009822169,11.2245672808483,11.4467940240701,17.2401506992125,34413.0629515993,15634.969111139,-1189.73297613895,0
3844,1211,5.03388399810672,3318.49995017943,20.3044197810066,14.6242818785201,15.0192070567364,22.4909703254377,35476.8406944487,15613.1212653171,721.442994752974,0
3845,1212,10.3434175640785,5094.75191181377,20.6558009822169,11.0593450367891,11.2739147693113,16.9851680616267,34414.095638249,15618.2394180304,-1141.22595229783,0
3845,1213,5.28875975159353,3671.35572606442,20.2761677568439,13.6645282451364,14.0062676296944,21.0074260493186,35444.6363963932,15526.4233529174,512.443837127607,0
3846,1214,9.90628107974454,4810.08788781377,20.6558009822169,11.4774829400864,11.7116069760693,17.6305163087081,34409.2724942587,15610.8476098325,-1181.80501478072,0
3846,1215,5.37940588146159,3191.89375806442,20.2761677568439,15.0095902457367,15.4261471680104,23.0866385245382,35450.3395220988,15527.7603419614,605.632304359462,0
3847,1216,9.82815639044569,4643.61537981377,20.6558009822169,11.7427248065084,11.989551407436,18.0399687090643,34415.8570358995,15629.7894491051,-1170.46515111578,0
3848,1217,10.0165948831436,4769.51599581377,20.6558009822169,11.5406277823347,11.7777550761446,17.7279869596641,34431.5487907747,15610.8307046604,-1167.42197063598,0
3848,1218,4.91059920667564,3146.34473417943,20.3044197810066,15.1600685968498,15.5856101957706,23.3194185537691,35463.5319387547,15588.5604630534,666.924895281467,0
3849,1219,9.62515091890633,4655.79575781377,20.6558009822169,11.7227537366328,11.9686159701536,18.0091373034073,34411.58750852,15639.2726450425,-1171.39030154066,0
3850,1220,9.80346103954866,4569.77526394253,20.7455457721437,11.8735715411596,12.1274541744187,18.2421740909687,34389.4759979414,15617.3456616038,-1112.50660406153,0
3875,1221,7.1166165720172,3069.45118706821,20.8141762253279,15.485874278951,15.9361611526143,23.8248763668791,22412.3898434579,21008.7935264283,1072.08387512474,0
3876,1222,7.49514132071564,2459.50719506821,20.8141762253279,18.0458738539742,18.6554555164947,27.7867877475991,22416.7067697218,21011.2178962997,1043.69208320511,0
3881,1223,7.57720725605084,4348.22061374437,20.9123204681754,12.2804904251062,12.5558692378305,18.8708857775287,33567.3317641362,13932.8835106804,1176.64281849761,0
3882,1224,7.48706435151316,4841.86732574437,20.9123204681754,11.449481971227,11.6841908263842,17.5878236710419,33541.277957572,13933.3705247035,1190.87110613836,0
3883,1225,7.35221564250468,5067.71226321888,20.9568063589098,11.120493360508,11.3400389860835,17.0801288233911,33531.7741202037,13946.6111277201,1199.39349032278,0
3884,1226,7.54161139574862,4952.96646974437,20.9123204681754,11.282642005707,11.5094555338969,17.3302996892567,33560.5977394272,13930.7556629789,1259.41560400679,0
3885,1227,7.48049716147906,4846.47075974437,20.9123204681754,11.4424358162013,11.6768093671151,17.5769471466567,33539.2009858949,13933.9655960646,1261.75748433651,0
3886,1228,7.47665837687626,4543.76744174437,20.9123204681754,11.9323163247024,12.1903868236773,18.3332377026372,33541.2467813786,13932.7424575016,1221.89833507801,0
3886,1229,6.58238779472351,3354.98055997212,20.6547079927249,14.5601464884996,14.9551223889664,22.3928267354213,33613.9586389774,13926.9303952977,1207.69312583573,0
3887,1230,7.33241080235984,4757.18971521888,20.9568063589098,11.584893768928,11.8264132591887,17.7969481497696,33523.9223269596,13950.5705446415,1164.7563497518,0
3888,1231,7.65966608452598,4119.72288974437,20.9123204681754,12.7240681175325,13.0220429307158,19.5560046313725,33562.3948001332,13897.4340483821,1157.78672139458,0
3889,1232,7.19649814920874,4041.77287574437,20.9123204681754,12.8855017851641,13.1918484621002,19.8053843155075,33559.1163560987,13868.7865923059,1209.56285517602,0
3890,1233,7.23211559901491,4558.85113878922,20.9337713244233,11.9084111817373,12.1654753401676,18.2963737980439,33531.3536341508,13879.2252717735,1176.77299549594,0
3891,1234,7.47371821528232,4278.43813278922,20.9337713244233,12.4135067077938,12.695775836405,19.0763651053277,33556.5299411826,13870.1554991635,1184.78119621309,0
3892,1235,7.52725459120498,4303.74600678922,20.9337713244233,12.365542148473,12.645383560266,19.0022867001939,33530.1986216518,13889.0044777571,1149.32062610611,0
3893,1236,7.45367479437962,4480.65883878922,20.9337713244233,12.0436462817755,12.3073802327725,18.5051884160083,33534.5722841177,13887.6829479929,1182.01923054935,0
3914,1237,8.86472636603111,4483.60399277289,21.1721019051828,12.0594395043629,12.3258455570971,18.5300974441916,33654.3130135212,16519.4132399255,-1371.67251601989,0
3947,1238,6.16130657981428,1900.5586575386,20.1243682124939,21.5165367308217,22.3524897109633,33.1609320657492,25242.9954054709,15310.593356343,610.36930615788,0
3950,1239,6.48866773966334,1902.20326012144,20.6942570391254,21.6362217531144,22.4905069529603,33.3491600226955,27169.8325373117,15867.152119454,890.485902026522,0
3963,1240,8.10105100805184,2923.16723680077,18.7254417891955,15.7075799974983,16.1461541892802,24.1609639821195,28424.4502011417,6586.03080388594,1212.78565896649,0
3967,1241,9.2853774191915,4658.13697630937,15.7147430336063,11.2775241065761,11.4619317590106,17.3107332366788,27268.9114458679,3598.99055428683,-1433.83218225152,0
3968,1242,8.93265034275163,5168.70757479906,15.6923404429833,10.5622898619503,10.717492670631,16.2080148536958,27233.7648872871,3611.46094390194,-1346.60003837692,0
3969,1243,9.43232485485696,4523.22772630937,15.7147430336063,11.4891005994125,11.6824123487236,17.6370057596606,27247.8034501188,3582.75070113492,-1458.8261152121,0
3979,1244,7.18554620142615,1834.68141728422,21.4342663088879,22.3877313321686,23.3094055969964,34.5179050269683,28701.8344139881,21899.2987937589,1111.093564999,0
3981,1245,7.04211821422818,2259.31802228405,21.3813922616292,19.2642721612991,19.9630172977287,29.676083740591,28676.9427333914,21858.8736995062,1090.53423041727,0
3983,1246,7.46217923653209,1958.50894028405,21.3813922616292,21.3395157635166,22.1838346497603,32.8923120157242,28703.2461438819,21842.5350055254,1049.34822485807,0
3985,1247,7.05745778218432,2482.74033333384,20.8045878282187,17.9259411430554,18.5275976395982,27.6010500454254,25944.761665806,16508.2354836446,894.709755946881,0
3986,1248,6.42890000795209,2159.49022914334,20.8232371005844,19.7823796696471,20.5083301723744,30.4765317601096,25934.30216495,16526.4245339748,929.825842113761,0
3987,1249,6.83121097307096,1961.29680933384,20.8045878282187,21.1890588197403,22.0131695206124,32.6564712601876,25949.7988687989,16512.8483723308,914.98601157302,0
3988,1250,7.13428917126643,2484.99045714334,20.8232371005844,17.9177881704671,18.5191671455718,27.5884956274004,25940.7324579071,16507.5487058714,935.667894628998,0
3989,1251,6.51225720556397,2057.41827333384,20.8045878282187,20.4737717900552,21.2473673045887,31.547820044758,25937.0485473933,16507.99179,983.937174663764,0
3991,1252,6.99687338126499,2199.07157262636,20.7425045654747,19.512845919154,20.2191465135666,30.058602422883,25877.1175043931,15578.0391170619,1026.76163088896,0
4028,1253,7.49285324058472,2793.92660053464,19.9972689387072,16.3933110217179,16.8882923150651,25.2260040753951,27441.2668834173,10249.2533871695,1065.06751587824,0
4031,1254,7.89799848091935,2625.64667820532,19.9950645990651,17.1092013200673,17.6481411843626,26.3337699896942,27409.1178677355,10297.3718143412,1148.25675077882,0
4036,1255,7.3840920116467,2375.16913568957,19.9102739145628,18.3286793734233,18.9439961783439,28.2211962403085,25197.154175511,10988.3221201833,1141.03104255938,0
4037,1256,7.54211585241811,2419.19910968957,19.9102739145628,18.0950972174579,18.695318882427,27.8595452616494,25207.1675171206,10952.5716902808,1181.48869260454,0
4038,1257,7.25221187787157,2623.38012968957,19.9102739145628,17.1055349721096,17.6431284866577,26.3277878534891,25170.5210439214,11013.5825335332,1044.65363283249,0
4062,1258,8.3762605941533,2162.26499194701,19.8461501362162,19.5667400774989,20.2629561533695,30.1383085097188,30453.904382318,9427.7047636399,-1423.67540234209,0
4082,1259,9.40056196395129,3738.70289947142,21.2132493811079,13.6019295327898,13.9491665455205,20.9131371799116,31082.1877585942,22182.8341983077,-1241.53024353379,0
4091,1260,8.64762284769527,3467.25107293604,18.7680530260575,14.0144941026847,14.3596145975326,21.5439708316607,29465.268807169,6387.2300235002,-1501.0366546547,0
4092,1261,8.40758118407489,2969.9225211509,18.781357852361,15.5480557639129,15.978152725274,23.9144792798479,29456.9731523934,6406.27690339211,-1435.34422054721,0
4093,1262,8.60211238300578,3394.0772031509,18.781357852361,14.2163169986918,14.5723863982416,21.8558754076643,29466.7984194843,6405.61863307174,-1459.66627113648,0
4095,1263,8.81643041973511,3117.94271843461,18.899854575076,15.0629245066039,15.4669098335334,23.1647994983997,29447.703245478,6401.70223426155,-1437.20428090757,0
4096,1264,8.47689653518258,3184.8742551509,18.781357852361,14.8335801471227,15.2233841222799,22.809883670992,29466.9904758125,6393.29652746994,-1459.98757375333,0
4098,1265,8.78687465197058,3462.8423751509,18.781357852361,14.0279721340667,14.3739530047817,21.5648359357119,29443.9639412986,6413.5194998067,-1495.29789459074,0
4114,1266,8.66259296311829,4258.41744848425,21.5905367278203,12.5127630000821,12.8055114807553,19.2311666834616,22048.1823029748,22693.9090941158,-1282.8324667121,0
4115,1267,9.11441243715806,4402.77585248425,21.5905367278203,12.2412722351005,12.5201293267761,18.8118243242667,22010.2040692763,22710.551592502,-1346.36497562054,0
4116,1268,8.85285130021335,4333.94460248425,21.5905367278203,12.3687266447873,12.6540767622949,19.0086815510051,22032.4118760641,22696.8121810693,-1325.75303617376,0
4117,1269,9.02771079439475,4325.42054048425,21.5905367278203,12.3847598975415,12.6709303863982,19.0334463778737,22046.7428557671,22692.2943880064,-1343.65898275813,0
4117,1270,6.82663117019256,3177.39877856535,21.3642782485621,15.1971898218787,15.6364449879807,23.3800111476957,28942.3386209017,22029.3677412754,1042.83125040528,0
4118,1271,9.11402809361093,4565.04139448425,21.5905367278203,11.9542822913651,12.218705627613,18.3686106850694,22041.2461313602,22703.6390711802,-1294.33617557106,0
4118,1272,6.86852141333863,2835.73313184407,21.3510249963205,16.4276516659225,16.9411620362226,25.2836661544152,28506.8255619152,21691.9434615055,1012.21118865713,0
4119,1273,9.22693969146329,4752.28442048425,21.5905367278203,11.6446829596769,11.8938300899568,17.8905608529844,22071.1020224204,22693.4334829101,-1378.56166029634,0
4119,1274,7.15371396147085,2934.49934349594,21.3596131855571,16.0461029875545,16.5362435329013,24.6932754163116,28491.7964526381,21727.6639313887,1042.35759983438,0
4120,1275,7.02421457524597,3128.72381718811,21.3616549025852,15.3575568427068,15.8062672891073,23.6280548970371,28522.4329391652,21739.9350061256,1048.55779969501,0
4120,1276,9.01570108903533,4097.78692558572,21.6049947577438,12.8360626209253,13.1457704701053,19.7306470029323,21947.5269103819,22700.7966239875,-1223.43007101663,0
4121,1277,6.64075195247774,2771.70438318811,21.3616549025852,16.6905366009392,17.2205466689863,25.6905516003457,28523.9842646759,21715.3331985803,1083.08690317936,0
4122,1278,6.94878960103243,2771.50614918811,21.3616549025852,16.6913626595143,17.2214244360975,25.6918301108947,28533.2372364297,21708.8187282089,1050.08025863788,0
4123,1279,7.23823009020064,2788.17983118811,21.3616549025852,16.622254159353,17.1479955020311,25.5848707575434,28510.7939614802,21732.8259847455,1021.37448832091,0
4124,1280,6.91675077346556,2222.00869860081,21.352175652735,19.4878723232785,20.2014841191193,30.0223949170187,28511.1569805255,21707.6398099186,1028.89225115574,0
4125,1281,6.49177209023169,3841.66040175065,21.5126948669467,13.3889788019295,13.727385902473,20.5847866383291,23719.0466743981,21548.1644331748,798.72741133116,0
4125,1282,7.29371042587217,2772.27738058306,21.3633078859885,16.6883973330292,17.2182934092538,25.6872460911079,28495.5180355187,21717.6035532269,1027.03598459425,0
4126,1283,6.37820278566462,4747.30344375065,21.5126948669467,11.6462740180923,11.8949217861416,17.8928579285228,23723.1290611565,21556.3372130319,772.215832708063,0
4127,1284,6.5355285261616,4583.20974375065,21.5126948669467,11.9166458593517,12.1786000579983,18.310327539621,23720.1262570356,21561.0196095208,793.786499070133,0
4128,1285,6.35995116563681,4194.64907775065,21.5126948669467,12.6306320066538,12.9288371892592,19.4130674686721,23732.8455620631,21567.3674481492,806.823711929697,0
4129,1286,6.4833283210457,4485.83279775065,21.5126948669467,12.0853036481166,12.3556769943621,18.5707773006886,23720.6294768434,21543.4125259516,792.556497910068,0
4130,1287,6.40086384973264,3941.93671437196,21.5699610585888,13.1670670571333,13.4940361488676,20.2420018842177,23733.9221589225,21534.4268608668,823.059285736234,0
4131,1288,6.29344312448724,3490.11737637196,21.5699610585888,14.2850932779989,14.6737060507134,21.9701105071724,23725.0769498463,21574.8731632754,804.80745504048,0
4132,1289,6.28206280915876,2631.12540237196,21.5699610585888,17.3376775229496,17.9113009191235,26.6930018613511,23731.4543490218,21519.0093355477,805.284925251325,0
4141,1290,8.07917580086028,2635.41669401394,20.4089441095531,17.1324482112342,17.6782463289116,26.3712380305921,29449.4416492832,9531.05619443857,-1492.13640874203,0
4143,1291,8.38623871949514,1886.75099810797,20.3937152448632,21.693456110177,22.546711578088,33.4364718503173,29429.2705512297,9530.89276212692,-1529.07311457528,0
4145,1292,7.96248454490729,2257.84504610797,20.3937152448632,19.0848800087078,19.7570941785148,29.3942192228389,29427.4159666017,9562.54782722063,-1527.54882589782,0
4156,1293,7.60334741187434,2823.16590029942,19.5694322676135,16.2120608185221,16.6907918607974,24.9441271158722,25433.9967738895,9088.40596746498,1251.11608244794,0
4157,1294,7.53401761915027,3116.88261029942,19.5694322676135,15.1579221306681,15.5750448736132,23.3138128335132,25428.84444947,9067.41655256138,1202.56979226847,0
4161,1295,7.55080461493212,3284.80993701276,19.5899156122008,14.6343188592597,15.0221165117271,22.5043664138563,25436.3213871085,9040.59223694272,1209.03551356991,0
4162,1296,7.88422250593097,2757.00089901276,19.5899156122008,16.480461418876,16.9755760869733,25.3594227598135,25404.4166655051,9065.1263029298,1240.56780385618,0
4163,1297,8.5312439044625,3439.07733252568,19.7080536061166,14.2057711969259,14.571155240024,21.8423048304957,30135.4301244846,7201.92245273574,1223.29726134311,0
4164,1298,7.68159505864776,2876.80031301276,19.5899156122008,16.0082044138409,16.4750586339626,24.6288566227425,25444.7344189321,9063.72286882051,1223.84510611842,0
4169,1299,8.87584211853263,5135.27909675151,18.5589782649471,10.8401350730099,11.029510852772,16.6427070841609,29649.6922798877,5574.49062848764,-1488.77945956978,0
4183,1300,6.82702002872655,2323.86713683692,21.3808308823766,18.8835584829034,19.5564872042386,29.0862971473528,28562.1999862487,20245.1633999933,894.911274918533,0
4184,1301,6.43474778089342,1955.20489575329,21.3694246319729,21.3629044474569,22.2087145001734,32.9285188422322,28562.9569950041,20253.8306317242,1028.14858110951,0
4185,1302,6.87552859983494,2111.47936575329,21.3694246319729,20.2136801443009,20.9778442561681,31.1471566981099,28571.7807918862,20265.4384978981,930.042636637394,0
4186,1303,6.88929508453391,2293.78856775329,21.3694246319729,19.0563530719089,19.7407974358396,29.3539281188325,28560.0966743653,20251.5745539246,927.123903014693,0
4188,1304,7.08324350873013,2090.04806775329,21.3694246319729,20.3618907549632,21.1364491458956,31.3768539347813,28588.760387119,20232.6091071623,927.592509026503,0
4189,1305,6.81649754090107,2150.17904775329,21.3694246319729,19.9529473702314,20.6989259248627,30.7431000237473,28612.2631058837,20243.7162240798,960.332925342473,0
4190,1306,6.91550978185737,2138.37362056307,21.3032207589865,20.0182447170617,20.7677677328417,30.8440128227686,28595.9179965722,20257.5776225243,955.161016166068,0
4191,1307,8.58886078996371,2493.3893636461,18.0589193039718,17.3915380506864,17.9209657265754,26.7632606648082,28174.5510026953,4879.88485983863,-1403.03145666118,0
4193,1308,9.63107214442739,5746.34376949299,16.2279636805823,9.92872840162813,10.0636967761314,15.2327757060003,30104.3433477776,4078.51324353172,-1209.48125925697,0
4194,1309,10.0186848464967,5476.08474949299,16.2279636805823,10.2307634608126,10.3772956150692,15.6982289701199,30097.3898986712,4132.65113821638,-1196.18712598615,0
4195,1310,9.86419302380574,4548.93078718154,16.5196165171162,11.5251841563485,11.7274455425117,17.6947073816493,30018.7568413916,4305.91583951807,-1166.78526651869,0
4196,1311,10.0498927554816,4460.23208518154,16.5196165171162,11.6706280224337,11.8792430201489,17.9190605435457,30016.2138807102,4290.37656590535,-1198.70774815016,0
4197,1312,10.1678430864737,4373.42761918154,16.5196165171162,11.8179225002839,12.0330400927755,18.1462870500309,30030.6815347476,4309.6840624522,-1229.7856125178,0
4198,1313,9.97484795359574,4487.98484518154,16.5196165171162,11.624583140714,11.8311794371436,17.8480324209662,29998.9633244143,4276.92154990742,-1196.29958394519,0
4200,1314,9.91925186182869,3741.84007049707,15.6801579151999,12.9665130178078,13.225478664879,19.9162800826658,29224.6022749902,3663.97503127646,-1216.16039072959,0
4201,1315,9.74000653510525,4246.56586049707,15.6801579151999,11.9555975314613,12.1686989989282,18.3564340933961,29226.6549154078,3643.58630175673,-1200.46024208589,0
4241,1316,9.69909592737088,3679.21734220848,19.2344247595179,13.5279917565621,13.8522375909322,20.7936340757553,31838.8160901236,8312.83915949595,-1249.0950862631,0
4242,1317,9.9692866247844,3756.83696620848,19.2344247595179,13.34267678926,13.6572677306038,20.5073508145675,31786.9209077473,8288.03242903974,-1236.58607783254,0
4252,1318,8.70491177162414,5052.75155039631,16.6097858591744,10.7915675199213,10.9635642499716,16.563564815558,28582.4032807511,4126.14610854128,-1423.71902725763,0
4254,1319,10.8945885864926,5217.13740650709,16.6175588169809,10.5770959534613,10.7404062928239,16.2329212534075,29343.0548907721,4496.1233736955,1179.98447991651,0
4255,1320,9.48087383097183,5191.6267607916,16.35031225021,10.5877634999249,10.7493629992763,16.2487733644358,29411.8510394163,4176.51077953518,-1320.45813779086,0
4256,1321,9.31537929996816,2621.61419958014,19.6421926547981,17.0694313758477,17.601228788304,26.2709353790823,21304.6081390038,14986.023162959,-1187.77804948592,0
4256,1322,9.30053846981164,3971.4964907916,16.35031225021,12.5537083970731,12.8005801803949,19.2811568733074,29440.3742146359,4162.62618482047,-1184.29667667106,0
4258,1323,9.65241372090435,3664.7403887916,16.35031225021,13.224215576488,13.5028835133125,20.3161288539112,29431.6208040198,4162.68315104116,-1190.19568275845,0
4262,1324,9.40840084848349,3939.43570143299,16.2688114021167,12.6103572998822,12.8590197984321,19.3683506628559,29422.5189047536,4160.33480799512,-1201.03600812465,0
4263,1325,9.62238034670819,3997.34205543299,16.2688114021167,12.4923604116818,12.7355556357248,19.1862498421065,29416.2636968126,4123.87066807593,-1108.16121866731,0
4265,1326,9.98661746826374,4214.36423343299,16.2688114021167,12.0754645470773,12.2996791208151,18.5429598655065,29449.5800308764,4103.75988804358,-1195.35385166392,0
4266,1327,9.91037711790909,4345.61716743299,16.2688114021167,11.8410408771788,12.0548162110609,18.1812971890862,29455.406054934,4096.11298716576,-1221.78308685048,0
4267,1328,9.67917242136743,4395.13161543299,16.2688114021167,11.7557804066709,11.9658013485632,18.0497712052239,29472.6826353107,4100.52703423849,-1184.8016873506,0
4268,1329,9.51961584957154,4363.87672143299,16.2688114021167,11.8094032307494,12.0217827671034,18.132491046834,29431.2523050449,4094.65058884995,-1215.00822996312,0
4278,1330,7.86500730934432,3175.40111782253,21.2809564926415,15.1929669903942,15.6310822919367,23.3732340831124,29786.2408039957,16872.0205287892,1220.08505827192,0
4279,1331,8.03554289318871,4124.11068124552,21.2936845804474,12.7519324265357,13.0546037690064,19.5999464436825,29812.1655674448,16845.4743010957,1200.35856669115,0
4279,1332,4.83668367752713,2991.02764670336,21.3086162043744,15.8302861705992,16.3067322930785,24.3591992853909,30530.1099832898,16396.0484751656,244.961631212362,0
4280,1333,7.80405109638025,3760.16434399858,21.3572430213679,13.56542375225,13.9120017149686,20.8570843572036,29795.6603637784,16894.0875590181,1239.57346783127,0
4283,1334,7.80060538268428,3434.81829799858,21.3572430213679,14.414851919636,14.8087335940799,22.1701553987289,29801.6330804493,16877.2610735963,1205.81858840967,0
4284,1335,7.84745865910499,3568.23760130054,21.345072308373,14.0484170201357,14.4215291382738,21.6036098754901,29799.0602846305,16895.1725778156,1263.07334573434,0
4285,1336,8.01938013059331,4080.25399730054,21.345072308373,12.8473555444334,13.1554468453199,19.7474843001089,29799.5224533692,16872.5247213681,1254.77213471729,0
4286,1337,7.58557479425354,4938.27682730053,21.345072308373,11.3384523312479,11.5710377130994,17.4173105551243,29777.5835461195,16881.2516952391,1235.30525364333,0
4291,1338,8.16037309434875,5681.42626888904,21.3662386720998,10.3623671756295,10.5502294627288,15.9110878326819,29782.3222848405,16913.8122584627,1264.59797691812,0
4292,1339,8.08841534705947,5802.52521688904,21.3662386720998,10.2239057064941,10.4056720047833,15.6974922982633,29772.3155029553,16922.9881707581,1187.84619365106,0
4293,1340,8.25926026277753,5882.98619488904,21.3662386720998,10.1346561789745,10.3125297092577,15.5598228772611,29778.52717376,16890.6870536129,1210.09852131141,0
4317,1341,7.62776605919405,2838.49947150673,20.6756104733296,16.3173734598314,16.8160445234255,25.1107996367755,33088.8992681423,13856.679156079,1197.47760559585,0
4324,1342,7.31944022557835,2851.66579940678,21.4934049405899,16.3849451020884,16.8974828679772,25.2180366412639,30006.1407618815,19015.1929068793,1035.89689112368,0
4326,1343,6.64912321929148,2585.01710361934,20.3499814650072,17.3535638286843,17.912509610346,26.7132728984422,27119.284602183,14093.1359007305,714.762459692009,0
4329,1344,6.90425939886503,2289.96954877543,20.5317214941389,18.9218519049116,19.5852043575189,29.1422667726238,26710.9291603767,15255.588600428,832.179080959316,0
4330,1345,6.61284311889742,1894.63383322148,20.461346909991,21.6441624579582,22.4950441723619,33.3603748683073,26696.5388829817,15220.1097354861,797.301128943984,0
4402,1346,9.4834716104545,3441.90804639922,19.7195719811118,14.1993584135096,14.5645118718939,21.8324266499256,21109.579008583,16193.9921754269,-1284.72543825654,0
4402,1347,7.80233198540002,3040.16569686474,20.9617761944416,15.6075526949658,16.0667199329121,24.0135495625512,22292.0166309161,21552.3440438036,1178.74736699369,0
4403,1348,8.93954595141545,3080.46138639922,19.7195719811118,15.2994470505355,15.7264153938418,23.5331272361257,21054.3034567224,16201.0835296749,-1316.17195479241,0
4403,1349,7.72747582365404,2418.21441604201,21.0062871581322,18.295094726387,18.9236198447549,28.1734334488996,22306.5483674988,21588.4733109244,1124.71109504707,0
4406,1350,7.50802373858867,2825.24134158733,20.9825353205101,16.4154568817167,16.9238301951853,25.2635871849928,22285.7001534229,21598.1080322031,1114.752418517,0
4407,1351,7.23679577589516,2566.85433558733,20.9825353205101,17.5434323329085,18.1227649939453,27.009478464792,22273.7146898374,21627.1752929111,1244.6768780805,0
4408,1352,7.30456571231106,2537.16328758733,20.9825353205101,17.6863606209831,18.2748904930389,27.2307608526079,22278.6574346166,21580.9387522086,1135.22981348018,0
4409,1353,7.81855470073454,2833.94161158734,20.9825353205101,16.3807297775594,16.8869654712519,25.209849158737,22274.3176666294,21638.462653288,1139.92778990565,0
4425,1354,6.48609719336995,4580.10356080943,20.8178745821008,11.8623713948464,12.1162738415565,18.2250381897771,24429.4609530206,18690.9801503158,766.455267672204,0
4426,1355,6.29161352121296,4042.40484880943,20.8178745821008,12.874813038362,13.1797781506654,19.7886442033843,24434.9769414772,18691.0880538488,765.784037103194,0
4427,1356,6.2384605430038,3536.41525604084,20.8470552723408,14.0761657993866,14.4459688630306,21.645166141669,24429.8996995699,18691.4931500145,749.806134790693,0
4428,1357,6.89505077076074,2958.52693702193,20.9893862643004,15.9047083461342,16.3820144096073,24.4733378494691,26447.5861619055,18690.4063340429,1159.43611705383,0
4429,1358,7.08826975570616,3808.97282302193,20.9893862643004,13.410465634174,13.7452794217743,20.616680271201,26454.4039929319,18679.9668239155,1066.43757427508,0
4430,1359,7.44776874125503,3676.4857007937,21.0291926692687,13.7351279917355,14.0879089919702,21.1185227575619,26442.4963136246,18684.9338209608,1067.43080832692,0
4430,1360,9.36167344150502,3364.56871304164,21.2529083111282,14.6048550720403,15.0085287507311,22.4636498689984,30634.3743295157,23249.8224233276,-1351.24120537429,0
4431,1361,7.10049692834798,3530.8277627937,21.0291926692687,14.1120674396985,14.48565801278,21.701157067933,26458.487132437,18695.1216619895,1072.71938981777,0
4432,1362,7.18008334434937,2460.33176600401,21.0654953431294,18.0850807430976,18.7006244592601,27.8484353075592,25894.8319913477,19137.1802020771,1049.56662768479,0
4433,1363,7.00384717987718,2108.73072800401,21.0654953431294,20.1702856117534,20.9267686328354,31.0786258607006,25876.30025978,19129.7927748912,1144.8271503096,0
4434,1364,7.08640625465312,2248.19936000401,21.0654953431294,19.2716893509737,19.9663679942394,29.686315404406,25888.9154703439,19125.9085220687,1142.70985214319,0
4435,1365,6.99805819576599,2261.21672600401,21.0654953431294,19.1930199269688,19.882363014402,29.5644435803739,25889.2032372789,19155.91892901,1125.22321402619,0
4436,1366,7.05744576189434,2310.26862800401,21.0654953431294,18.9038849317344,19.5737250085581,29.1165556290281,25898.9103585522,19126.1834657658,1082.27305755551,0
4437,1367,6.84807766362913,2396.74270400401,21.0654953431294,18.4206087532679,19.0582322003632,28.3680364038886,25894.470131982,19153.1107121139,1140.81296565566,0
4438,1368,7.11455444050299,2406.16983200401,21.0654953431294,18.3698449991396,19.0041125901816,28.2894190695022,25895.853029332,19145.2542926998,1091.02261864044,0
4439,1369,7.1643938002981,2672.30999000401,21.0654953431294,17.0722276582235,17.6226051919027,26.280332917272,25899.2653896269,19115.0845866558,1128.40120666245,0
4440,1370,7.01619017026127,2364.15134637421,21.1265634331669,18.6099671095459,19.2610079298548,28.661541604322,25870.2290479516,19132.1961655455,1118.96807636859,0
4441,1371,6.94645705440786,2488.68635037421,21.1265634331669,17.9509078501841,18.5585043512861,27.6408971804681,25893.3302386604,19157.7888283426,1167.75389502466,0
4442,1372,7.14966239924098,2827.42420437421,21.1265634331669,16.4279633499256,16.9388292990539,25.2834147398556,25861.0481930134,19152.6333056544,1086.45735539574,0
4443,1373,7.13843089048433,2905.41827037421,21.1265634331669,16.1231556129903,16.6153080045435,24.8117571962955,25912.164368246,19142.2265944253,1099.29094279932,0
4444,1374,7.20484658909937,2518.48752837421,21.1265634331669,17.8020303884709,18.3999417485088,27.4103753026303,25884.5260314383,19152.5617207024,1098.80088041046,0
4493,1375,8.78489469964124,2997.64602959844,21.8445431483668,15.8796400908144,16.3650817696148,24.4372127181333,27813.5439658996,24908.7469387422,-1309.31092935003,0
4495,1376,9.13844831899335,3419.97805700682,21.8354636383062,14.5134264120303,14.9176910876849,22.3238834170216,27823.6271333052,24902.2536910253,-1307.65677058602,0
4503,1377,6.88829762527677,1750.01243887048,21.6591038479586,23.2310984842264,24.2196104567572,35.8270882295552,26859.5313693931,22122.4092040684,1024.05090473,0
4504,1378,6.99610890048293,1965.25051087048,21.6591038479586,21.3479052873964,22.1973041362804,32.9065523966338,26867.4566697121,22107.4886318188,984.129511414074,0
4505,1379,6.73709985102761,1905.56005087048,21.6591038479586,21.8305448113474,22.7150366324223,33.6548941715443,26844.6288107049,22123.7532765624,927.457583379455,0
4506,1380,6.60348878230682,1893.79816687048,21.6591038479586,21.9289691839653,22.8206661696574,33.8075165845271,26880.7413487076,22087.5341790092,992.313043637966,0
4507,1381,6.63122838813105,1971.28563487048,21.6591038479586,21.3006148165511,22.1465967633234,32.8332336329993,26842.3182557258,22099.9053014956,985.846379713495,0
4508,1382,6.38976765230042,1709.52559082171,21.6555279212596,23.6334952717943,24.6524024464207,36.4513293696637,26889.1040835447,22117.5662421559,985.716344304554,0
4509,1383,6.92471413055331,1870.20526082171,21.6555279212596,22.1290222575139,23.0353544715957,34.1177276924736,26896.2699497416,22103.3406127504,947.017471076965,0
4510,1384,6.82999476527198,2328.21071334961,21.7239019920954,18.9210914593715,19.6013417892868,29.1457574708755,26917.393949588,22106.9086437455,1019.32247355233,0
4511,1385,8.7010448110646,3900.36544870455,21.7224811731,13.2757694883815,13.609922101577,20.4103494992565,29103.827504368,24246.151744034,-1395.54647007753,0
4511,1386,6.66570825373373,2278.05751134961,21.7239019920954,19.2156426598535,19.9159471612282,29.6020868054308,26923.7256200742,22098.3160366002,1015.90942278645,0
4512,1387,8.33459363614381,3953.27190070455,21.7224811731,13.1572362718183,13.485010082468,20.2271781946636,29064.2371526792,24256.4529710613,-1436.66565277142,0
4512,1388,6.63538581443559,2526.92559832652,21.7286981476636,17.8605861776808,18.4701771158336,27.5032107684158,26905.555399529,22123.4566215358,966.887583564598,0
4513,1389,8.70012768764716,3656.16318670455,21.7224811731,13.8622681172045,14.2285801077932,21.3168388561056,29098.5609783673,24265.0917880271,-1417.44946531861,0
4513,1390,6.74882082253872,2903.534556009,21.7479990140371,16.2186801530317,16.7238706274058,24.9615473470979,26772.6788441879,22197.7579705189,982.198203828853,0
4514,1391,8.99977848803011,3171.26079670456,21.7224811731,15.2632343206868,15.7102073394605,23.4832175422436,29085.5772118669,24230.6350423333,-1400.3360588079,0
4516,1392,10.3123430014487,4203.1274203387,21.2301875707868,12.5872584887192,12.8808704048188,19.3454178037054,33165.6291110535,18196.1991540773,-1088.01157275101,0
4517,1393,10.4358122846845,3654.8562283387,21.2301875707868,13.8115911794361,14.1704710456597,21.2372296102202,33163.6786600838,18218.9710667478,-1062.91306868453,0
4522,1394,9.14832084406175,2574.27276249333,21.7952960372533,17.6406296352922,18.2366979952304,27.1628466706598,23887.1706709932,23554.4501265883,-1237.15977042372,0
4523,1395,7.4691281404982,2124.15411169395,21.6321474734751,20.1804302899492,20.9462379406891,31.0967214143142,26841.7057645164,20707.8759789991,1264.35270690563,0
4524,1396,7.05462304965725,2469.05924569395,21.6321474734751,18.1371204677678,18.7636512853955,27.9311073529113,26854.8599285549,20727.8613747458,948.17661172873,0
4526,1397,6.34861207979576,1525.05251010683,20.0391487084631,25.2412452518368,26.3519257976752,38.9372573706844,24180.8095356325,15359.6409707073,835.757223544881,0
4528,1398,8.80526331126486,5344.93971514642,20.995421839055,10.7488673575894,10.9516128710555,16.5067257744334,33607.4225799022,14947.5865757959,-1393.69349004153,0
4528,1399,7.22504470424077,2595.34272892775,21.9752471175248,17.5691265110949,18.1628061949349,27.0527544909134,25570.1685727685,23804.8843695117,1231.83971229745,0
4529,1400,8.74380267345995,4871.13842914642,20.995421839055,11.4115535268216,11.6450720721855,17.5294467757409,33595.7686640428,14930.8212034637,-1433.11140741275,0
4530,1401,8.72039488576578,4817.0352613592,20.9998695820626,11.4948151546515,11.7323371252131,17.6579817497105,33610.485238007,14934.3352739164,-1379.43272056841,0
4531,1402,8.6674930423408,5535.7656673592,20.9998695820626,10.5104618065853,10.702533760533,16.138904390777,33612.2020173668,14924.4960672039,-1404.59237452241,0
4545,1403,6.26223382507149,2255.22036569155,21.6860856156539,19.3466258265406,20.0553649619783,29.8048775863622,24700.847676169,20962.778150821,721.211367037509,0
4546,1404,5.971521471581,2291.60731769155,21.6860856156539,19.1279086475355,19.8216900727141,29.4660146349395,24708.5768739735,20984.8560004859,747.858234938468,0
4547,1405,6.01804257390176,2217.62198369155,21.6860856156539,19.5795378147566,20.3043092703026,30.1657615696638,24712.3782272378,20988.4062944458,737.716835023866,0
4548,1406,6.16468501993619,2687.89910969155,21.6860856156539,17.0998249602145,17.659652782325,26.3251730183161,24738.5356566837,21003.9232719782,748.38639120987,0
4549,1407,5.91502030030329,2892.54267569155,21.6860856156539,16.2523697658774,16.7589335238348,25.0134869573945,24680.157242051,20953.6665468999,836.954815322485,0
4550,1408,6.30926285163359,2101.87625829971,21.4449119738361,20.2952145229127,21.0662445403555,31.2738351793173,23549.2594974919,21097.551804131,790.050342936493,0
4551,1409,6.67747089896699,2118.13058207829,21.7679762731567,20.2489752126613,21.0216398005478,31.20351739031,25811.7733565773,21079.0937156909,782.305130185088,0
4552,1410,6.39871368991858,1953.24601051438,21.7440552577938,21.4615979223618,22.3205940451092,33.0832017631018,25828.5949625753,21066.6587290616,837.42584430145,0
4553,1411,6.73528501371109,2090.38923548229,21.7369114526349,20.435088640215,21.2204181086118,31.4918498484809,25809.4431968867,21082.7765333311,860.960271134487,0
4554,1412,6.50837186535733,2002.63765148229,21.7369114526349,21.0759496394918,21.9069784954114,32.4852674576161,25832.1889471869,21062.8867142821,875.541547149652,0
4555,1413,6.50267225894962,2136.18128948229,21.7369114526349,20.1199957132553,20.8831317734421,31.0034914695459,25820.1305071517,21075.6488143079,895.177446769592,0
4556,1414,6.69068985459068,2271.04648748229,21.7369114526349,19.2601969628281,19.9637342148158,29.671166862846,25806.1007139059,21041.8388046098,884.222902358174,0
4557,1415,6.61324185937329,2052.30628148229,21.7369114526349,20.7069971108404,21.5116255194089,31.9133180431165,25827.8964465275,21044.1631805281,877.333216894987,0
4558,1416,6.6591191873692,2286.33253148229,21.7369114526349,19.1686370421496,19.8659127050479,29.5293112373471,25824.6449276667,21062.6558604794,834.786622581157,0
4559,1417,6.51393911053492,2487.56206748229,21.7369114526349,18.0598911537818,18.6827000619314,27.8118841273118,25808.2206480785,21047.8143587419,847.000913939948,0
4560,1418,6.61042517816409,2506.75027183594,21.6956902420631,17.9558085402183,18.5712230475842,27.6505508899288,25835.1137366613,21066.3170835442,866.174095700276,0
4561,1419,6.32888869612848,2615.2653384632,21.5295905466467,17.4044956328461,17.9819095452981,26.7963098127367,24911.2218368764,20415.0533195884,641.339876836008,0
4562,1420,6.13783549679626,3475.62557239654,21.5602351996417,14.3241020958162,14.7148334075571,22.0303965717623,24968.6783460163,20486.8756699175,619.008106187894,0
4563,1421,5.92464111563107,2569.18468084034,21.5746367942984,17.6292250633663,18.2217404256663,27.1444135879771,25015.5335522335,20584.0559308668,663.971956521426,0
4564,1422,6.16717539888113,2821.47539839654,21.5602351996417,16.515610211528,17.0370579379289,25.4204714726613,25002.0931915233,20584.5661662613,659.051587800434,0
4565,1423,6.11729413180395,2680.28347267875,21.6032428409093,17.1207822940394,17.6809295201688,26.3573358205791,25024.9055374041,20613.3434388454,591.743278309097,0
4566,1424,6.02921236941989,2805.39150484034,21.5746367942984,16.5831506660299,17.1089866109787,25.5250496349584,25035.0148858928,20583.8323789963,666.347271567687,0
4567,1425,5.98166698924907,2900.83016284034,21.5746367942984,16.204532785489,16.7068611833389,24.9391066609442,25014.9406663057,20577.1593322037,663.198703414074,0
4568,1426,5.98367487410629,2886.71641039654,21.5602351996417,16.2570391708743,16.7624406776523,25.0203132345221,25019.2237219496,20560.0850463549,681.716657577,0
4569,1427,6.33631293821283,2743.4566584632,21.5295905466467,16.83478075871,17.3758827080541,25.9143698510654,24988.0137935117,20398.5012930468,785.498091477346,0
4570,1428,6.35635708580351,1910.81725544608,21.470906030611,21.7440634042553,22.6191466857981,33.5199426166926,24949.4216856363,20392.6640259947,816.120490714663,0
4571,1429,6.33859088105796,2230.43654144608,21.470906030611,19.458244276409,20.1715494883444,29.9769653182682,24963.2548717705,20362.1464200625,816.161234677011,0
4572,1430,6.19161976856879,2309.81824544608,21.470906030611,18.9813161622524,19.6621131344274,29.2380808226932,24948.1762466118,20388.4431621554,839.783894335765,0
4573,1431,6.18640053532888,2958.13152944608,21.470906030611,15.9734363937237,16.4604119100301,24.5811886852262,24962.4531160433,20370.4402927304,844.257829771912,0
4574,1432,6.11270526760844,2539.74765944608,21.470906030611,17.7548287965993,18.3541742768303,27.3385290865569,24973.0335582968,20420.7127071604,803.842753820366,0
4575,1433,6.28984957962912,2947.99956944608,21.470906030611,16.0111391926597,16.5004155062217,24.6395259244182,24967.4426324297,20384.7775939941,868.682748954544,0
4576,1434,6.15611142640118,2330.89712744608,21.470906030611,18.8596847007998,19.532264175079,29.0496625653929,24975.5140623906,20398.259575715,790.285879105898,0
4577,1435,5.97211366354021,2351.05091744608,21.470906030611,18.7452605222105,19.4101369616967,28.8724166537872,24970.866388701,20382.719811605,774.235640842258,0
4578,1436,6.25172798351389,2098.89726944608,21.470906030611,20.321177396873,21.094427668398,31.3141825895864,24972.9334827748,20407.047927794,843.377096182474,0
4579,1437,6.42523612768149,2414.97036944608,21.470906030611,18.3939351903305,19.0353292974734,28.3282515629758,24956.0329284669,20392.2539662033,802.375663567592,0
4580,1438,6.13958726824953,2336.67451484946,21.3712561375989,18.8085929047534,19.4763406156792,28.9701365924383,24955.597483955,20371.1886507124,765.372197972822,0
4581,1439,6.35196335883637,2332.00500284946,21.3712561375989,18.8352010036325,19.5047386488782,29.0113528371261,24960.1739136017,20379.9783093209,827.548051086439,0
4582,1440,6.71026884449809,2898.45215355759,21.4390560681864,16.1944050576855,16.694546518024,24.9230039274865,25721.6936128213,20596.443511388,783.315079663512,0
4595,1441,10.3477318161489,3316.40583065571,20.9239088858864,14.707463834736,15.1136251373421,22.6213758083844,33936.3715981914,13857.1677397733,-1103.01628339053,0
4596,1442,10.2012856622444,4716.79688465571,20.9239088858864,11.6464927225736,11.8907305847325,17.8919740574393,33926.1309960348,13888.7210693142,-1102.62060992163,0
4596,1443,4.44801289841829,3323.95700079409,20.6541751911537,14.6515618250907,15.0517173125191,22.5341635496039,34936.4496987515,13965.3698496232,736.082479205872,0
4597,1444,10.5059176098278,4994.79914561037,20.9052822319322,11.2209590394524,11.4448262037786,17.2350820079616,33923.392266719,13883.0775765804,-1044.43233003286,0
4598,1445,10.2029511557009,4886.92570865571,20.9239088858864,11.3819435062796,11.6135303984998,17.4835959440305,33909.4157868852,13921.3821607115,-1059.92614305424,0
4598,1446,4.91428234367542,3593.59929279409,20.6541751911537,13.9038782802014,14.2622899558645,21.3783432752772,34984.4060281871,14007.9389115364,795.476582749913,0
4599,1447,10.3006018857926,4812.22563161037,20.9052822319322,11.4945619374972,11.7313673650597,17.6573961617806,33943.4658787282,13898.6656739521,-1062.22143291289,0
4600,1448,10.5127809734578,4664.23315879785,20.9589439631224,11.7346022018812,11.9833728186898,18.0280745960837,33922.8363557708,13899.3358645289,-1078.38744514819,0
4600,1449,6.06001531458872,3207.04983998638,20.6891373703743,15.0149974186297,15.4363639534704,23.0962397734588,35059.2860147206,13855.8927139967,638.190773091484,0
4601,1450,10.0884851206917,5040.72357679785,20.9589439631224,11.1590278065405,11.3803847002563,17.1396049116995,33927.1645940454,13916.9853350469,-1063.75457807879,0
4601,1451,6.36619824979277,3236.34441998638,20.6891373703743,14.9228301992606,15.3388775684352,22.9537138997272,35028.9807026713,13829.4412577829,589.368492505583,0
4602,1452,10.1733040582396,5032.9309263684,20.9404565140531,11.1687415684104,11.3904197121555,17.1545602208298,33926.8793521959,13895.7759577476,-1082.84175566502,0
4603,1453,10.2857884660295,5319.28639879785,20.9589439631224,10.7794400573072,10.9833242700285,16.5538308574093,33929.4386877055,13900.5693915996,-1093.63016361575,0
4604,1454,8.91638081785199,3364.56459894371,20.0694373161328,14.4603098205115,14.8435513343983,22.2367939072257,21015.8949774016,17820.3853442627,-1383.49516962262,0
4605,1455,8.53981468697773,3587.51177094371,20.0694373161328,13.8528137923792,14.2026781449357,21.2978328860738,20914.2979662247,17797.7563221913,-1250.65031624414,0
4606,1456,9.04252027735884,3576.47674494371,20.0694373161328,13.8812918250134,14.2326980618007,21.3418430128504,20914.8499411267,17803.8898715088,-1343.41734051789,0
4621,1457,7.39659125170123,2911.82510107207,20.6918321718397,16.0365971162394,16.5184061806345,24.6764315724028,30820.2711373364,13347.8973937054,1199.09324139123,0
4622,1458,7.91211621984958,3358.90002526639,20.9325696586814,14.5826161231729,14.9817405101808,22.4283596230025,30911.2421482507,14992.0894243601,1252.45675368349,0
4670,1459,6.96704753080792,1697.83169674789,20.600087569669,23.4763629910974,24.4640933715431,36.2022406162512,27431.0583276135,13716.6465992559,1172.62018465451,0
4671,1460,7.35248143309804,1728.75620074789,20.600087569669,23.1684190521198,24.133169870375,35.7246035883424,27394.1811432766,13751.991785809,1212.31494898757,0
4679,1461,6.93449973547401,1984.70848637864,20.412171253259,20.9219452367894,21.7206536366955,32.2406595393557,26738.2205155112,13586.0245173217,921.909342274183,0
4680,1462,6.83563315191437,2627.2269425538,20.2489584828212,17.1434507661356,17.687857597295,26.3876940165352,25967.653126402,13236.6795493273,976.860123921315,0
4685,1463,8.64549747598277,5324.80391903641,16.438279391975,10.4281333118349,10.5840552997359,16.0028948963959,26766.3160102987,4035.61628827378,-1438.79048655566,0
4691,1464,7.56512322427943,3464.18126779515,21.3382973674298,14.3301405253337,14.7190278040714,22.0391298565302,31670.9164441231,14861.8909015782,1065.64755397645,0
4692,1465,7.45611749021988,3950.84573779515,21.3382973674298,13.1240219573076,13.4466599891659,20.174927678867,31642.6361925204,14929.5903489513,1093.82688702503,0
4693,1466,7.33550241634416,4083.6375653577,21.3169878713507,12.837585155875,13.1449248895887,19.7323236124757,31669.7421295817,14851.8284516769,1080.19354127986,0
4694,1467,7.4669545336054,4048.48699579515,21.3382973674298,12.9133169266102,13.2248115935222,19.8493753157591,31629.0927743157,14894.0507352473,1041.21938823155,0
4695,1468,7.12891830972245,4485.14318756738,21.3320426954107,12.0707437767316,12.3389728949374,18.5479017486831,31684.4209857694,14924.4468503746,1035.08699467594,0
4696,1469,7.33283209504206,3805.12316522255,21.4110843630558,13.4639283068012,13.805479435607,20.7003619341183,32058.6079942219,15956.9160199801,1134.27811315876,0
4697,1470,7.00221737882497,3997.05772922255,21.4110843630558,13.0303964246491,13.3487001482858,20.0304407625486,32070.2711450244,15939.7991717184,1110.76973628883,0
4698,1471,7.27509896107214,3719.72836322255,21.4110843630558,13.6695630428474,14.0223312139412,21.0181739432813,32072.8954747244,15924.0254933574,1148.742309034,0
4699,1472,7.31184529236856,3837.80974922255,21.4110843630558,13.3873767991006,13.7247831875159,20.5820587586052,32057.2371297227,15946.3107867353,1144.4345964158,0
4700,1473,7.22039357218335,3859.0522461226,21.4211843348893,13.3392898009935,13.6741918485615,20.5077721730036,32040.2727612267,15949.0837350439,1082.91691211702,0
4701,1474,7.14423961282585,3935.1741021226,21.4211843348893,13.1670887809269,13.492752021553,20.2416748317017,32065.9205324977,15965.7904308368,1160.97143616909,0
4711,1475,9.60906893588194,3025.99071247437,20.4621693756434,15.5887771363653,16.041162979605,23.9829453539719,32020.9338879498,11100.0604199073,-1223.33619453845,0
4712,1476,9.20932859593174,4314.30135638105,21.225739885771,12.3724783904028,12.6550654604108,19.0136605489502,22788.4222006718,21183.4014066497,-1229.02961554602,0
4712,1477,9.26436913775708,3352.78105320785,20.4112851591503,14.5366635831059,14.9277753604602,22.355821396797,31990.2054609085,11085.2343669669,-1198.84971152268,0
4713,1478,9.09034664961928,4324.08090038105,21.225739885771,12.3540886192739,12.6357415125057,18.9852577169098,22806.7685671245,21222.4092892005,-1261.9381368289,0
4713,1479,9.58277013622947,3186.36367368629,20.4412596918115,15.0487575404755,15.4693787280578,23.1477034045479,32035.5237923868,11105.8104977064,-1208.96418998815,0
4715,1480,8.9249064455251,2572.12695739565,20.543339611827,17.4459370962901,18.013286655918,26.8569632290682,32483.1551416949,11546.6036769708,-1385.3227016207,0
4726,1481,6.43124438991799,2864.7503953508,20.9831487419025,16.2593803624399,16.7581763296132,25.0220767329983,23023.6056933527,19192.2043344297,862.333525078181,0
4727,1482,6.6429930337639,3660.88362563921,20.9541228246174,13.7659318951617,14.1196845423826,21.1659352465911,23033.6926146473,19182.4374146392,886.627171566829,0
4728,1483,6.47108034613207,3320.7106213508,20.9831487419025,14.7018819892455,15.1083396218377,22.6129146149166,23032.009418468,19194.2446894925,874.965678428625,0
4729,1484,6.45970382238327,3746.2088893508,20.9831487419025,13.5590128830639,13.9017793490388,20.8462213146678,23039.7291420895,19180.8507775528,877.12325205656,0
4730,1485,6.38742611061719,3488.56846672825,20.9685801230415,14.2196079721412,14.598605990935,21.8672360428493,23036.4527117509,19180.5765442718,867.644140529307,0
4730,1486,6.37504434383533,3136.63399340366,21.0007140430402,15.2838842154092,15.7243177988203,23.5130197490791,23034.7713706482,19176.0637229261,876.627675750231,0
4731,1487,6.39388331831019,3602.00021044587,20.9378993410509,13.9142179297573,14.2759552957526,21.3950850527487,23082.392245543,19199.4806570337,844.567531837669,0
4732,1488,6.26616618646623,3617.95253739894,20.989301106573,13.8788850447273,14.2391722299346,21.3406091121505,23160.2081166938,19183.5404477441,886.647154357391,0
4733,1489,6.20049791808502,4170.28888203314,20.9587867112709,12.6266483348103,12.9200031298218,19.4056315997714,23157.1190792657,19186.5342675254,903.333030428059,0
4734,1490,6.35201241004191,4086.01740603314,20.9587867112709,12.7977456637395,13.0999330427751,19.6699284588237,23157.9635006669,19177.7566039484,877.112487144926,0
4735,1491,6.45078638997993,3885.66891003314,20.9587867112709,13.2307913307873,13.555724746623,20.3389682054332,23162.6138788677,19164.9585017238,861.649880841368,0
4736,1492,6.34175468867016,3487.21857003314,20.9587867112709,14.2221638912566,14.6012075805984,21.8711604022692,23156.992716962,19156.2116315268,896.466840771844,0
4756,1493,7.17784821326195,3009.55542836184,19.4743427252955,15.5082245614575,15.9443864312094,23.8551902837043,26399.4335584395,10019.9494404827,1176.31089266169,0
4757,1494,7.81524202537515,2743.45932236184,19.4743427252955,16.5180456053151,17.0139480596181,25.4171616424249,26423.8557936345,10037.8708141896,1223.26249290858,0
4812,1495,7.37153195945986,4633.59973087035,20.7666912595905,11.7686766629817,12.0176196555316,18.080271807791,32311.4620371023,13922.2043726377,1162.3095978025,0
4813,1496,7.44601607016414,4756.21847287035,20.7666912595905,11.5707185910853,11.8101229047186,17.7746690403866,32308.1276249701,13897.0642525515,1077.93411966496,0
4814,1497,7.22686840406742,4350.50306324771,20.7645070345765,12.2627691169803,12.5360487178694,18.8431842104049,32314.1393942189,13913.5313989753,1111.90733335316,0
4826,1498,6.79763303278358,2594.09113348445,20.1408875928791,17.2769642841995,17.8283207468206,26.5939482716222,22775.8301572982,16367.1428462551,1063.14831202785,0
4827,1499,6.86608153206368,2689.41966148445,20.1408875928791,16.8514012227339,17.3762407997059,25.9353276888197,22766.3110489001,16352.4845566557,993.020507197815,0
4828,1500,6.93143018084905,2390.15239948445,20.1408875928791,18.2901852535079,18.9063036015644,28.1625024296217,22757.3737303146,16345.6347271066,1022.48037098848,0
4848,1501,7.61678237849648,5843.81765272353,20.6050930049438,10.1279390212497,10.3007819049731,15.5481500311277,31967.6843707647,12458.2585281892,1216.44472660846,0
4848,1502,6.43922732223259,4240.16015276355,20.5185548492093,12.4479101436432,12.7284427319116,19.1285387545624,31423.4562905037,13040.0120517619,-117.715872404511,0
4849,1503,6.26865809132706,2953.35852206369,21.2892498261585,15.9658109346359,16.4502548797591,24.5688206432734,24420.7873631993,21860.0350279469,882.9178577141,0
4850,1504,6.4009702127135,3302.32838761725,21.3449376152822,14.8018770564757,15.2178389839021,22.7685744224425,24422.6184859052,21854.5885687236,915.526677913637,0
4851,1505,6.35208441538543,3306.31509361725,21.3449376152822,14.78978081374,15.2050427629415,22.7498684766987,24449.8160553802,21872.0188526694,889.59533779177,0
4852,1506,6.26697088364148,3070.15659409304,21.3595574372154,15.5567094071012,16.0172647763079,23.9361174512175,24445.8404473717,21883.8931946839,899.455998748088,0
4853,1507,6.36795939903202,3306.02875561725,21.3449376152822,14.7906487322481,15.2059608927735,22.7512106450242,24433.7259142218,21861.1219207368,872.237918357779,0
4854,1508,6.29857372162337,3246.99907561725,21.3449376152822,14.9725030966319,15.3983797289063,23.0324462289473,24438.2255396723,21855.3856116511,899.143730300735,0
4855,1509,6.40188554424656,2932.46779561725,21.3449376152822,16.0516759347316,16.5419884703564,24.7018520844976,24441.1641512039,21850.3623719271,871.951142049536,0
4856,1510,6.25624177682994,3448.09645561725,21.3449376152822,14.375945181083,14.7674944273509,22.1099666016274,24437.290413626,21880.9800020887,909.747165530809,0
4857,1511,6.15552621229049,3114.05013961725,21.3449376152822,15.4046896484627,15.8560179846596,23.700912007094,24438.7168911206,21859.4882801285,931.052020203579,0
4858,1512,6.57690439163059,3609.79359409304,21.3595574372154,13.9412806689957,14.3085638390422,21.4380332341439,24425.7735561858,21867.3489052831,904.854897120801,0
4859,1513,7.07251091895831,3990.08586746985,20.9712687818243,13.0015385272331,13.3144710882792,19.9847924154248,25894.1979249402,18518.1882728413,1124.41903877276,0
4859,1514,6.32217855169621,4028.76789361725,21.3449376152822,12.9557938137645,13.2695817200774,19.9150176857379,24423.8308200062,21871.6530836526,897.100721449757,0
4860,1515,6.99287520753762,4512.53141994066,20.999020168458,11.9937307250987,12.2555111907352,18.4282549543938,25880.9301868452,18501.3586395536,1187.08126340612,0
4861,1516,7.15293407511969,3978.99562194066,20.999020168458,13.0283073758601,13.3428915265903,20.0262170716907,25882.5230732892,18529.9403484487,1136.15676574867,0
4861,1517,6.51810260892038,2849.04929911185,21.4811397542276,16.3935490657312,16.9064765977126,25.2313122121691,28050.4007860404,21851.3431111544,951.440841086261,0
4861,1518,8.27796621807682,3266.71378822937,20.8721043941206,14.8518968457337,15.2658067322745,22.8445629238228,33912.0443665896,13465.9691068498,-1524.53823794093,0
4862,1519,6.72431597791403,2392.54894311612,21.4932472642134,18.5191644612655,19.1692041785947,28.5222940459425,28102.4310834061,21888.80647978,960.06284992855,0
4864,1520,10.0224733658773,3369.06706151974,21.559761635708,14.6285983745074,15.036745162909,22.5012214141053,28892.8965843593,23139.0887007261,-1072.14408145708,0
4867,1521,8.08701846822688,2385.07908622937,20.8721043941206,18.4493190550435,19.0861594527793,28.4117613337926,33884.1300166562,13473.5849942661,-1528.17817066785,0
4870,1522,6.70517373163428,2447.09574945739,21.0342917050437,18.1481928701004,18.7674486124881,27.9460496999543,25764.715010619,18722.2281376194,905.577115390555,0
4874,1523,6.95027924048342,3337.45359408551,20.9273452038796,14.6451658421145,15.047801677836,22.5250584225169,33434.1984765454,14158.7812261879,1225.93762866266,0
4898,1524,7.3870331246231,2483.13160219725,20.9412459071036,17.947370502813,18.5522576934686,27.6347371193337,23190.7365705565,19626.5110118972,1148.49999463647,0
4899,1525,7.69784917433013,2646.74073019725,20.9412459071036,17.1668075493864,17.7215992010543,26.426301556616,23172.47265112,19626.8422814108,1156.47338448613,0
4900,1526,7.44930091539472,2569.89367246037,20.9224228291015,17.5190816883501,18.0960690702655,26.9715642778412,23192.4283900404,19655.7131726454,1201.01995586941,0
4901,1527,7.36072652048098,2542.99992646037,20.9224228291015,17.6480167453564,18.2332847608067,27.1711778242639,23204.368676455,19649.0152932363,1199.70073485264,0
4902,1528,7.34416210932341,2085.39157747682,20.2217651214946,20.1546543450256,20.8968382931279,31.0507629314023,22255.054324426,17172.4720690829,1229.13557640952,0
4903,1529,7.5791258611944,2344.92393547682,20.2217651214946,18.5515025473689,19.1858514474012,28.567465130421,22243.6758838722,17239.6863312212,1134.76936803683,0
4917,1530,7.49438757654339,2256.01667261504,19.4603284458946,18.9145497564714,19.5614256309367,29.1265527648087,25241.7726635739,10920.191897909,1176.17541828779,0
4918,1531,7.91238389802042,2552.06813861503,19.4603284458946,17.3584478000678,17.9057246043575,26.7175335703216,25258.6251928507,10908.2544631502,1055.23993322956,0
4924,1532,9.02929084053125,2614.01514646262,20.4410501892565,17.2347207501594,17.7873646757935,26.5296499271355,20854.6143845544,20237.1783475342,-1241.73243779612,0
4925,1533,8.90496123838611,2668.33126246262,20.4410501892565,16.9910703796772,17.5284347095037,26.1525387741398,20862.6355074025,20237.6263089985,-1225.83611637552,0
4943,1534,9.81234498255606,2593.3836173017,21.3898810867627,17.4843015737091,18.0650833047908,26.9193789889336,31281.457504324,21691.9202867534,-1324.27297942758,0
4944,1535,9.50854429542594,2449.1793953017,21.3898810867627,18.198850018625,18.826231914074,28.0258177489856,31269.5597255066,21643.9677124087,-1393.7313010766,0
4945,1536,9.50060673823922,2585.8507253017,21.3898810867627,17.5198279443138,18.1029001519038,26.9743823319319,31254.103790464,21676.8375596711,-1414.66731976966,0
4946,1537,8.98798950749205,3371.2978853017,21.3898810867627,14.6016437014453,15.0065240539258,22.4590675660109,31247.0860185028,21677.4926639966,-1244.40000874971,0
4947,1538,9.27474222040384,2532.8781953017,21.3898810867627,17.7750810856855,18.3746921355151,27.3695980044885,31283.4783649897,21676.8125680392,-1360.93636786383,0
4948,1539,6.6704788404303,2018.3032654587,21.296587664665,20.86347348233,21.6723565741801,32.1539739431542,28172.5925956786,21920.0188570573,957.87132761038,0
4949,1540,6.39155301026087,2179.8419494587,21.296587664665,19.7445323930549,20.4749872625829,30.4198482159584,28181.8144207626,21900.3042434864,963.823374415706,0
4950,1541,6.56683482704292,2079.47841249826,21.2912627641655,20.4197898425911,21.1972136806374,31.4662567931708,28149.8597404334,21914.6092971303,932.566419556369,0
4988,1542,7.4602321561069,3767.74314550575,20.9511007840433,13.5038931721376,13.8433827383002,20.7609582551296,31516.7025327241,16397.7403281894,1212.2106304019,0
4989,1543,7.45259150848354,3893.72493847978,20.9556310135408,13.2122914819494,13.5362134287845,20.3103756706948,31529.2955648005,16395.2788111763,1174.82094056124,0
4990,1544,7.51435067480205,4134.65815790004,20.9059550592904,12.6931385823231,12.9894639298931,19.5082126931994,31511.7951056142,16413.3129150175,1262.44781266487,0
4992,1545,9.32955388618348,2806.27767255343,21.5872036587048,16.5813795796266,17.1072536030964,25.5223495082365,24982.0300486379,23698.6436819598,-1105.99119111677,0
4993,1546,9.11034089335388,2419.67732055343,21.5872036587048,18.3890102395131,19.0316470365209,28.3210562977097,24953.7737290474,23701.353093271,-1104.98334800045,0
4994,1547,9.59241109515203,2592.05279655343,21.5872036587048,17.5224133267662,18.1081664566302,26.9790776084931,24974.4890092629,23652.4465769424,-1234.26701917005,0
4995,1548,9.35616911281125,2353.95173655343,21.5872036587048,18.7498548908201,19.416647726074,28.8799761240606,24972.5337760538,23704.9751604691,-1110.28117818393,0
4998,1549,8.53534088680403,1797.89195605565,21.5738333186213,22.7552191642034,23.706562821465,35.0885169457492,25063.3612209642,23553.8573605076,-1311.56365202229,0
5000,1550,8.47325157316497,2084.39794572899,21.6354300526982,20.4563659033836,21.2416548848181,31.5244030435308,25115.113522115,23463.3183592127,-1283.41488124351,0
