Q (L/min)              Time (s)                   N_bound (mol/m^2)
0                        0                        4.994815417970914E-15
0                        10                       1.803766606593591E-13
0                        20                       2.3432391398075154E-13
0                        30                       2.6921073163251463E-13
0                        40                       2.901010782758069E-13
0                        50                       3.044505581673929E-13
0                        60                       3.195549084122382E-13
0                        70                       3.379711805904386E-13
0                        80                       3.5702074579749977E-13
0                        90                       3.7235383630452587E-13
0                        100                      3.8211192865314763E-13
0                        110                      3.88244481300575E-13
0                        120                      3.9442296083609035E-13
0                        130                      4.028855143064851E-13
0                        140                      4.130107400767431E-13
0                        150                      4.224638166637861E-13
0                        160                      4.2946445234695905E-13
0                        170                      4.341113670654874E-13
0                        180                      4.379362556953743E-13
0                        190                      4.4247050586381684E-13
0                        200                      4.47824009838266E-13
0                        210                      4.5306612195760107E-13
0                        220                      4.579644280975944E-13
0                        230                      4.622746450811971E-13
0                        240                      4.659564877976259E-13
0                        250                      4.691916802891768E-13
0                        260                      4.722889057206038E-13
0                        270                      4.755263794313306E-13
0                        280                      4.789290525198366E-13
0                        290                      4.819311844764399E-13
0                        300                      4.848339206267115E-13
0                        310                      4.875360002145887E-13
0                        320                      4.899784267525309E-13
0                        330                      4.92242550264514E-13
0                        340                      4.944357962438927E-13
0                        350                      4.965482776229183E-13
0                        360                      4.984670684660193E-13
0                        370                      5.002396201985242E-13
0                        380                      5.020415977501837E-13
0                        390                      5.038015527063832E-13
0                        400                      5.054813015885543E-13
0                        410                      5.070032901556656E-13
0                        420                      5.084520278342044E-13
0                        430                      5.098489006872102E-13
0                        440                      5.111439987058058E-13
0                        450                      5.123568271360845E-13
0                        460                      5.135346603497546E-13
0                        470                      5.146219050427179E-13
0                        480                      5.15625720321336E-13
0                        490                      5.166245661014204E-13
0                        500                      5.175779283930999E-13
0                        510                      5.184428198005711E-13
0                        520                      5.19262562949815E-13
0                        530                      5.200773553271348E-13
0                        540                      5.208423697777825E-13
0                        550                      5.215335134784174E-13
0                        560                      5.222158942145096E-13
0                        570                      5.228828129506182E-13
0                        580                      5.234984776052157E-13
0                        590                      5.240574490417545E-13
0                        600                      5.246249251553644E-13
0                        610                      5.251749832971445E-13
0                        620                      5.256761077361184E-13
0                        630                      5.261386178750955E-13
0                        640                      5.266157804525613E-13
0                        650                      5.270687224697769E-13
0                        660                      5.274749389778967E-13
0                        670                      5.27868959024617E-13
0                        680                      5.282699737138028E-13
0                        690                      5.286426651356286E-13
0                        700                      5.289756894555431E-13
0                        710                      5.293181895136251E-13
0                        720                      5.296561881969304E-13
0                        730                      5.299642171394536E-13
0                        740                      5.302447470484447E-13
0                        750                      5.305438616824663E-13
0                        760                      5.308296482159836E-13
0                        770                      5.310862900457298E-13
0                        780                      5.313267919750581E-13
0                        790                      5.315878626751725E-13
0                        800                      5.318342471324975E-13
0                        810                      5.320511400292356E-13
0                        820                      5.322658187286372E-13
0                        830                      5.324954807055046E-13
0                        840                      5.327060758033125E-13
0                        850                      5.328899606021875E-13
0                        860                      5.330882523720478E-13
0                        870                      5.332901840300618E-13
0                        880                      5.334737215963378E-13
0                        890                      5.336348539043478E-13
0                        900                      5.338145330321788E-13
0                        910                      5.3399430480325E-13
0                        920                      5.341527518208936E-13
0                        930                      5.342941389572744E-13
0                        940                      5.344639168859072E-13
0                        950                      5.346233476130788E-13
0                        960                      5.347611189878378E-13
0                        970                      5.348975025909944E-13
0                        980                      5.350515111955608E-13
0                        990                      5.351950932374331E-13
0                        1000                     5.353191402485208E-13
0                        1010                     5.354462284697329E-13
0                        1020                     5.35588813612004E-13
0                        1030                     5.357176876557384E-13
0                        1040                     5.358277267541405E-13
0                        1050                     5.359532684387416E-13
0                        1060                     5.360847287785934E-13
0                        1070                     5.361998700740494E-13
0                        1080                     5.363001136347105E-13
0                        1090                     5.364256713514617E-13
0                        1100                     5.365459798307002E-13
0                        1110                     5.366493539230834E-13
0                        1120                     5.367490191844056E-13
0                        1130                     5.368686757454768E-13
0                        1140                     5.369786941479208E-13
0                        1150                     5.370727471863688E-13
0                        1160                     5.371690900470433E-13
0                        1170                     5.372840157251609E-13
0                        1180                     5.373875894608564E-13
0                        1190                     5.374738671818197E-13
0                        1200                     5.375731566054872E-13
0                        1210                     5.376833646475053E-13
0                        1220                     5.377810604630246E-13
0                        1230                     5.378623282331102E-13
0                        1240                     5.379647050961738E-13
0                        1250                     5.380664183972505E-13
0                        1260                     5.381542197453838E-13
0                        1270                     5.382330747845323E-13
0                        1280                     5.383329058741053E-13
0                        1290                     5.384309001369144E-13
0                        1300                     5.385155972500323E-13
0                        1310                     5.38593838259048E-13
0                        1320                     5.38693586428965E-13
0                        1330                     5.387856039743632E-13
0                        1340                     5.388637534593446E-13
0                        1350                     5.389414119708948E-13
0                        1360                     5.390373457169983E-13
0                        1370                     5.391251053537437E-13
0                        1380                     5.391990021141032E-13
0                        1390                     5.392811466259368E-13
0                        1400                     5.393751463403688E-13
0                        1410                     5.394576975190244E-13
0                        1420                     5.395271090891243E-13
0                        1430                     5.396136973661347E-13
0                        1440                     5.397026804165131E-13
0                        1450                     5.397792446692417E-13
0                        1460                     5.39847238193831E-13
0                        1470                     5.399375484875062E-13
0                        1480                     5.400217556751014E-13
0                        1490                     5.400935470524234E-13
0                        1500                     5.40166772494309E-13
0                        1510                     5.402541236218903E-13
0                        1520                     5.403335831875087E-13
0                        1530                     5.404016684228515E-13
0                        1540                     5.404752757438349E-13
0                        1550                     5.405617254689995E-13
0                        1560                     5.406387561376995E-13
0                        1570                     5.407032713548195E-13
0                        1580                     5.407815978581457E-13
0                        1590                     5.408663443778662E-13
0                        1600                     5.409408434679768E-13
0                        1610                     5.410036722412419E-13
0                        1620                     5.410859360775073E-13
0                        1630                     5.411655247128037E-13
0                        1640                     5.41234335421987E-13
0                        1650                     5.412976499926741E-13
0                        1660                     5.413756932163898E-13
0                        1670                     5.414551863086898E-13
0                        1680                     5.415228023188759E-13
0                        1690                     5.41582461829231E-13
0                        1700                     5.416666115641438E-13
0                        1710                     5.417441103744557E-13
0                        1720                     5.418075750639716E-13
0                        1730                     5.418731685347231E-13
0                        1740                     5.419543221699276E-13
0                        1750                     5.420265600982027E-13
0                        1760                     5.42086684531199E-13
0                        1770                     5.421588898848642E-13
0                        1780                     5.422368467760614E-13
0                        1790                     5.423042911099319E-13
0                        1800                     5.423626325719844E-13
0                        1810                     5.424398248052712E-13
0                        1820                     5.42514368587565E-13
0                        1830                     5.425776900251327E-13
0                        1840                     5.42639021889849E-13
0                        1850                     5.427163999709513E-13
0                        1860                     5.427872626517257E-13
0                        1870                     5.428473110761133E-13
0                        1880                     5.429094939682886E-13
0                        1890                     5.42986845504987E-13
0                        1900                     5.430561672212309E-13
0                        1910                     5.431132168550551E-13
0                        1920                     5.431803401714545E-13
0                        1930                     5.432565455761158E-13
0                        1940                     5.433219457589871E-13
0                        1950                     5.433764715151557E-13
0                        1960                     5.434493337448392E-13
0                        1970                     5.435219905195003E-13
0                        1980                     5.435828538216555E-13
0                        1990                     5.436390921105386E-13
0                        2000                     5.43714409095439E-13
0                        2010                     5.437832933105374E-13
0                        2020                     5.438405777945904E-13
0                        2030                     5.439026436070561E-13
0                        2040                     5.439757625312175E-13
0                        2050                     5.44040693243099E-13
0                        2060                     5.440955277957055E-13
0                        2070                     5.441626775743311E-13
0                        2080                     5.442333832427832E-13
0                        2090                     5.442945108671006E-13
0                        2100                     5.443480805342688E-13
0                        2110                     5.444164042637548E-13
0                        2120                     5.444867254625707E-13
0                        2130                     5.44545632146327E-13
0                        2140                     5.445966868107182E-13
0                        2150                     5.446707264437218E-13
0                        2160                     5.447387859286031E-13
0                        2170                     5.447939436278894E-13
0                        2180                     5.44850890843263E-13
0                        2190                     5.449228485157532E-13
0                        2200                     5.449865570054088E-13
0                        2210                     5.450388037762375E-13
0                        2220                     5.451020795635398E-13
0                        2230                     5.451715046899894E-13
0                        2240                     5.452310731198522E-13
0                        2250                     5.452817751337825E-13
0                        2260                     5.453501109814336E-13
0                        2270                     5.45416722882914E-13
0                        2280                     5.454726312260555E-13
0                        2290                     5.45525704391091E-13
0                        2300                     5.455952125989017E-13
0                        2310                     5.456586552946676E-13
0                        2320                     5.457115875996337E-13
0                        2330                     5.457656661666109E-13
0                        2340                     5.458354607374287E-13
0                        2350                     5.458978061081609E-13
0                        2360                     5.459481215913633E-13
0                        2370                     5.460071031825267E-13
0                        2380                     5.460761758973361E-13
0                        2390                     5.461350285921742E-13
0                        2400                     5.461829430740621E-13
0                        2410                     5.462478213903627E-13
0                        2420                     5.463137962860857E-13
0                        2430                     5.463684134515292E-13
0                        2440                     5.464170423023468E-13
0                        2450                     5.464856630506515E-13
0                        2460                     5.465482925069562E-13
0                        2470                     5.465995094166627E-13
0                        2480                     5.466540421776845E-13
0                        2490                     5.467207784119755E-13
0                        2500                     5.467797968433338E-13
0                        2510                     5.468286339009047E-13
0                        2520                     5.468884512531158E-13
0                        2530                     5.469530900211792E-13
0                        2540                     5.470085508071754E-13
0                        2550                     5.470561333192352E-13
0                        2560                     5.471173328393063E-13
0                        2570                     5.471818683359546E-13
0                        2580                     5.472354342141815E-13
0                        2590                     5.472806545635495E-13
0                        2600                     5.473476368516603E-13
0                        2610                     5.474102831457035E-13
0                        2620                     5.474602663024099E-13
0                        2630                     5.475102174443381E-13
0                        2640                     5.475765876686465E-13
0                        2650                     5.476352059674375E-13
0                        2660                     5.476822613042443E-13
0                        2670                     5.47738728911924E-13
0                        2680                     5.478028408010385E-13
0                        2690                     5.47857537197366E-13
0                        2700                     5.479029734554311E-13
0                        2710                     5.479647649707951E-13
0                        2720                     5.480263548569966E-13
0                        2730                     5.480775104801108E-13
0                        2740                     5.481241746376853E-13
0                        2750                     5.4818852608131E-13
0                        2760                     5.48247228994341E-13
0                        2770                     5.482954495082813E-13
0                        2780                     5.483431494125535E-13
0                        2790                     5.484079569208202E-13
0                        2800                     5.484671575254584E-13
0                        2810                     5.48514612374187E-13
0                        2820                     5.485665214488611E-13
0                        2830                     5.486301427826422E-13
0                        2840                     5.486854389691162E-13
0                        2850                     5.487305300038853E-13
0                        2860                     5.487838574637559E-13
0                        2870                     5.488462215272474E-13
0                        2880                     5.488994509710522E-13
0                        2890                     5.489425947391158E-13
0                        2900                     5.490017547589109E-13
0                        2910                     5.49063666795298E-13
0                        2920                     5.491155023533E-13
0                        2930                     5.491578474478941E-13
0                        2940                     5.49217919769712E-13
0                        2950                     5.492785103760397E-13
0                        2960                     5.493267407687066E-13
0                        2970                     5.493692198622791E-13
0                        2980                     5.494335862331921E-13
0                        2990                     5.494923190342351E-13
0                        3000                     5.495388508593649E-13
0                        3010                     5.495879051018569E-13
0                        3020                     5.496492323120557E-13
0                        3030                     5.497029691112773E-13
0                        3040                     5.49747011242445E-13
0                        3050                     5.497980440973436E-13
0                        3060                     5.49858393406485E-13
0                        3070                     5.499103703738072E-13
0                        3080                     5.499525272523126E-13
0                        3090                     5.500088635765422E-13
0                        3100                     5.500685111538786E-13
0                        3110                     5.501174242261125E-13
0                        3120                     5.501582431835459E-13
0                        3130                     5.50219423525751E-13
0                        3140                     5.502761436446735E-13
0                        3150                     5.503217191660111E-13
0                        3160                     5.503676873963268E-13
0                        3170                     5.504281422607266E-13
0                        3180                     5.504816533181936E-13
0                        3190                     5.505247353033921E-13
0                        3200                     5.505721857228003E-13
0                        3210                     5.506330773281161E-13
0                        3220                     5.506871794367274E-13
0                        3230                     5.507291985604785E-13
0                        3240                     5.507813349437841E-13
0                        3250                     5.508408366324313E-13
0                        3260                     5.508906699184723E-13
0                        3270                     5.509312851265445E-13
0                        3280                     5.509846704130295E-13
0                        3290                     5.510428292183185E-13
0                        3300                     5.510904855321326E-13
0                        3310                     5.511295119155703E-13
0                        3320                     5.511891076198876E-13
0                        3330                     5.512466662898077E-13
0                        3340                     5.512929047640434E-13
0                        3350                     5.513355006180817E-13
0                        3360                     5.513947842671551E-13
0                        3370                     5.514478236026966E-13
0                        3380                     5.514906607539906E-13
0                        3390                     5.515318943856117E-13
0                        3400                     5.515911774766894E-13
0                        3410                     5.516461637602767E-13
0                        3420                     5.516896570915568E-13
0                        3430                     5.517335003881457E-13
0                        3440                     5.517936379407161E-13
0                        3450                     5.518458736684869E-13
0                        3460                     5.51886540668849E-13
0                        3470                     5.519321078831873E-13
0                        3480                     5.519908724821288E-13
0                        3490                     5.520409572408637E-13
0                        3500                     5.520795649636737E-13
0                        3510                     5.521315846586976E-13
0                        3520                     5.52189563552778E-13
0                        3530                     5.52236165641316E-13
0                        3540                     5.522731721701671E-13
0                        3550                     5.523310914000419E-13
0                        3560                     5.523858137643446E-13
0                        3570                     5.524286033007537E-13
0                        3580                     5.524703678218271E-13
0                        3590                     5.525287557610236E-13
0                        3600                     5.525799975389344E-13
5.000000000000001E-5     0                        4.994815417879597E-15
5.000000000000001E-5     10                       1.803939849930869E-13
5.000000000000001E-5     20                       2.3443131605624523E-13
5.000000000000001E-5     30                       2.69526805433789E-13
5.000000000000001E-5     40                       2.907341748543517E-13
5.000000000000001E-5     50                       3.055029898651122E-13
5.000000000000001E-5     60                       3.211334824779554E-13
5.000000000000001E-5     70                       3.401886269368362E-13
5.000000000000001E-5     80                       3.599858673241794E-13
5.000000000000001E-5     90                       3.7615864042548424E-13
5.000000000000001E-5     100                      3.868265181759817E-13
5.000000000000001E-5     110                      3.939235542435252E-13
5.000000000000001E-5     120                      4.0111769260227043E-13
5.000000000000001E-5     130                      4.106504770395253E-13
5.000000000000001E-5     140                      4.2190121723460113E-13
5.000000000000001E-5     150                      4.3252848734195666E-13
5.000000000000001E-5     160                      4.407420493658895E-13
5.000000000000001E-5     170                      4.466340660723109E-13
5.000000000000001E-5     180                      4.517344910964539E-13
5.000000000000001E-5     190                      4.575736436435718E-13
5.000000000000001E-5     200                      4.642563999429764E-13
5.000000000000001E-5     210                      4.708385587190824E-13
5.000000000000001E-5     220                      4.77100313408497E-13
5.000000000000001E-5     230                      4.828166871616136E-13
5.000000000000001E-5     240                      4.879517217759722E-13
5.000000000000001E-5     250                      4.926752371056668E-13
5.000000000000001E-5     260                      4.972786121125446E-13
5.000000000000001E-5     270                      5.020303697556449E-13
5.000000000000001E-5     280                      5.069605418326186E-13
5.000000000000001E-5     290                      5.115164105817868E-13
5.000000000000001E-5     300                      5.159787716508479E-13
5.000000000000001E-5     310                      5.202607565791572E-13
5.000000000000001E-5     320                      5.243182836691707E-13
5.000000000000001E-5     330                      5.282375520164832E-13
5.000000000000001E-5     340                      5.321178862341757E-13
5.000000000000001E-5     350                      5.359336363358849E-13
5.000000000000001E-5     360                      5.395587602382853E-13
5.000000000000001E-5     370                      5.430480163678742E-13
5.000000000000001E-5     380                      5.465964271672674E-13
5.000000000000001E-5     390                      5.501061722295273E-13
5.000000000000001E-5     400                      5.535452998584072E-13
5.000000000000001E-5     410                      5.568495261526941E-13
5.000000000000001E-5     420                      5.600942476209762E-13
5.000000000000001E-5     430                      5.63303672356689E-13
5.000000000000001E-5     440                      5.664418530431503E-13
5.000000000000001E-5     450                      5.695110918947537E-13
5.000000000000001E-5     460                      5.725484563405437E-13
5.000000000000001E-5     470                      5.755067197631859E-13
5.000000000000001E-5     480                      5.784012926844049E-13
5.000000000000001E-5     490                      5.812981116316465E-13
5.000000000000001E-5     500                      5.841510064146421E-13
5.000000000000001E-5     510                      5.869215813859611E-13
5.000000000000001E-5     520                      5.896567908326422E-13
5.000000000000001E-5     530                      5.923877477263288E-13
5.000000000000001E-5     540                      5.950674470307074E-13
5.000000000000001E-5     550                      5.976724663885332E-13
5.000000000000001E-5     560                      6.002689434890519E-13
5.000000000000001E-5     570                      6.028471561747829E-13
5.000000000000001E-5     580                      6.053668487733647E-13
5.000000000000001E-5     590                      6.07820341945545E-13
5.000000000000001E-5     600                      6.102748111456651E-13
5.000000000000001E-5     610                      6.127068166715672E-13
5.000000000000001E-5     620                      6.150762613730539E-13
5.000000000000001E-5     630                      6.173880442900759E-13
5.000000000000001E-5     640                      6.197046231082772E-13
5.000000000000001E-5     650                      6.219880409416827E-13
5.000000000000001E-5     660                      6.242032004180119E-13
5.000000000000001E-5     670                      6.263805730766515E-13
5.000000000000001E-5     680                      6.285564085063711E-13
5.000000000000001E-5     690                      6.306887527953622E-13
5.000000000000001E-5     700                      6.327517922457273E-13
5.000000000000001E-5     710                      6.347973316508042E-13
5.000000000000001E-5     720                      6.368330456124582E-13
5.000000000000001E-5     730                      6.388217605220305E-13
5.000000000000001E-5     740                      6.407409016567538E-13
5.000000000000001E-5     750                      6.426486301049143E-13
5.000000000000001E-5     760                      6.445395518865884E-13
5.000000000000001E-5     770                      6.463752965649229E-13
5.000000000000001E-5     780                      6.481481557978973E-13
5.000000000000001E-5     790                      6.499207579369932E-13
5.000000000000001E-5     800                      6.516679302135075E-13
5.000000000000001E-5     810                      6.533550948306859E-13
5.000000000000001E-5     820                      6.549961959606734E-13
5.000000000000001E-5     830                      6.566356442658137E-13
5.000000000000001E-5     840                      6.58240852096298E-13
5.000000000000001E-5     850                      6.597838390326837E-13
5.000000000000001E-5     860                      6.612986243776463E-13
5.000000000000001E-5     870                      6.628063718497095E-13
5.000000000000001E-5     880                      6.642718876352133E-13
5.000000000000001E-5     890                      6.656765804250667E-13
5.000000000000001E-5     900                      6.670669027941314E-13
5.000000000000001E-5     910                      6.684467518570871E-13
5.000000000000001E-5     920                      6.697813237881215E-13
5.000000000000001E-5     930                      6.710562530791014E-13
5.000000000000001E-5     940                      6.72332656617598E-13
5.000000000000001E-5     950                      6.735889193525222E-13
5.000000000000001E-5     960                      6.747934649154551E-13
5.000000000000001E-5     970                      6.759540263076553E-13
5.000000000000001E-5     980                      6.77116816981071E-13
5.000000000000001E-5     990                      6.7825213425437E-13
5.000000000000001E-5     1000                     6.793341524047328E-13
5.000000000000001E-5     1010                     6.803906628626589E-13
5.000000000000001E-5     1020                     6.814449198387764E-13
5.000000000000001E-5     1030                     6.82464650226632E-13
5.000000000000001E-5     1040                     6.834327005055879E-13
5.000000000000001E-5     1050                     6.843936115961564E-13
5.000000000000001E-5     1060                     6.853438157304805E-13
5.000000000000001E-5     1070                     6.862544086410773E-13
5.000000000000001E-5     1080                     6.871192893840213E-13
5.000000000000001E-5     1090                     6.879863847802177E-13
5.000000000000001E-5     1100                     6.888397522351394E-13
5.000000000000001E-5     1110                     6.896516554248418E-13
5.000000000000001E-5     1120                     6.9042619539688E-13
5.000000000000001E-5     1130                     6.912091492759499E-13
5.000000000000001E-5     1140                     6.919703569079297E-13
5.000000000000001E-5     1150                     6.926875396871874E-13
5.000000000000001E-5     1160                     6.933855001169949E-13
5.000000000000001E-5     1170                     6.940866548737838E-13
5.000000000000001E-5     1180                     6.947601102162525E-13
5.000000000000001E-5     1190                     6.953917353684293E-13
5.000000000000001E-5     1200                     6.960217673562896E-13
5.000000000000001E-5     1210                     6.966458908020082E-13
5.000000000000001E-5     1220                     6.972380576101506E-13
5.000000000000001E-5     1230                     6.977957862167477E-13
5.000000000000001E-5     1240                     6.983624413746271E-13
5.000000000000001E-5     1250                     6.989144695911891E-13
5.000000000000001E-5     1260                     6.994326163329625E-13
5.000000000000001E-5     1270                     6.99930442841328E-13
5.000000000000001E-5     1280                     7.004343887995617E-13
5.000000000000001E-5     1290                     7.009191638356863E-13
5.000000000000001E-5     1300                     7.013708363038252E-13
5.000000000000001E-5     1310                     7.018161393365987E-13
5.000000000000001E-5     1320                     7.022617097125525E-13
5.000000000000001E-5     1330                     7.026846275876678E-13
5.000000000000001E-5     1340                     7.030779522171468E-13
5.000000000000001E-5     1350                     7.03473215867033E-13
5.000000000000001E-5     1360                     7.038667006586713E-13
5.000000000000001E-5     1370                     7.042358633358842E-13
5.000000000000001E-5     1380                     7.045769368453566E-13
5.000000000000001E-5     1390                     7.049327026691107E-13
5.000000000000001E-5     1400                     7.05278124587298E-13
5.000000000000001E-5     1410                     7.055964704666457E-13
5.000000000000001E-5     1420                     7.058992699154184E-13
5.000000000000001E-5     1430                     7.062132081631108E-13
5.000000000000001E-5     1440                     7.06512526563508E-13
5.000000000000001E-5     1450                     7.067860277344688E-13
5.000000000000001E-5     1460                     7.070575161950167E-13
5.000000000000001E-5     1470                     7.073333631870499E-13
5.000000000000001E-5     1480                     7.075941516730095E-13
5.000000000000001E-5     1490                     7.078309773024891E-13
5.000000000000001E-5     1500                     7.080703394745931E-13
5.000000000000001E-5     1510                     7.083117579441104E-13
5.000000000000001E-5     1520                     7.085346526040117E-13
5.000000000000001E-5     1530                     7.087358631640349E-13
5.000000000000001E-5     1540                     7.089507158259025E-13
5.000000000000001E-5     1550                     7.091614353898736E-13
5.000000000000001E-5     1560                     7.093537460995143E-13
5.000000000000001E-5     1570                     7.095276527941703E-13
5.000000000000001E-5     1580                     7.097175425564883E-13
5.000000000000001E-5     1590                     7.099013940065228E-13
5.000000000000001E-5     1600                     7.100662046489825E-13
5.000000000000001E-5     1610                     7.10219486710565E-13
5.000000000000001E-5     1620                     7.10386124002627E-13
5.000000000000001E-5     1630                     7.105421420636927E-13
5.000000000000001E-5     1640                     7.106794239769304E-13
5.000000000000001E-5     1650                     7.108127152530718E-13
5.000000000000001E-5     1660                     7.109571716171978E-13
5.000000000000001E-5     1670                     7.11090433002807E-13
5.000000000000001E-5     1680                     7.112055990906945E-13
5.000000000000001E-5     1690                     7.113263044357321E-13
5.000000000000001E-5     1700                     7.114529591099655E-13
5.000000000000001E-5     1710                     7.115649738807197E-13
5.000000000000001E-5     1720                     7.116605687714232E-13
5.000000000000001E-5     1730                     7.117714907672801E-13
5.000000000000001E-5     1740                     7.118797681650207E-13
5.000000000000001E-5     1750                     7.119720595014191E-13
5.000000000000001E-5     1760                     7.120552909547084E-13
5.000000000000001E-5     1770                     7.12154940076958E-13
5.000000000000001E-5     1780                     7.12246172646712E-13
5.000000000000001E-5     1790                     7.123215525895819E-13
5.000000000000001E-5     1800                     7.123981475141111E-13
5.000000000000001E-5     1810                     7.124842735827548E-13
5.000000000000001E-5     1820                     7.125597525109817E-13
5.000000000000001E-5     1830                     7.126211130038194E-13
5.000000000000001E-5     1840                     7.126885286511236E-13
5.000000000000001E-5     1850                     7.127643091064092E-13
5.000000000000001E-5     1860                     7.128299267507989E-13
5.000000000000001E-5     1870                     7.128801079025187E-13
5.000000000000001E-5     1880                     7.129439166890636E-13
5.000000000000001E-5     1890                     7.130101545202351E-13
5.000000000000001E-5     1900                     7.130645501474737E-13
5.000000000000001E-5     1910                     7.131060854022227E-13
5.000000000000001E-5     1920                     7.1315781567536E-13
5.000000000000001E-5     1930                     7.132152727967053E-13
5.000000000000001E-5     1940                     7.132595285563311E-13
5.000000000000001E-5     1950                     7.132905750833291E-13
5.000000000000001E-5     1960                     7.133419683621732E-13
5.000000000000001E-5     1970                     7.133917196380419E-13
5.000000000000001E-5     1980                     7.134254746218062E-13
5.000000000000001E-5     1990                     7.13452757710712E-13
5.000000000000001E-5     2000                     7.135012240552023E-13
5.000000000000001E-5     2010                     7.135425785871442E-13
5.000000000000001E-5     2020                     7.135691681652554E-13
5.000000000000001E-5     2030                     7.135989574684498E-13
5.000000000000001E-5     2040                     7.136396532273478E-13
5.000000000000001E-5     2050                     7.136706795655881E-13
5.000000000000001E-5     2060                     7.136898838683667E-13
5.000000000000001E-5     2070                     7.137125647530097E-13
5.000000000000001E-5     2080                     7.137486479107289E-13
5.000000000000001E-5     2090                     7.137771790968473E-13
5.000000000000001E-5     2100                     7.13791698081914E-13
5.000000000000001E-5     2110                     7.138152199922828E-13
5.000000000000001E-5     2120                     7.138484387807191E-13
5.000000000000001E-5     2130                     7.138699823553255E-13
5.000000000000001E-5     2140                     7.138791820349417E-13
5.000000000000001E-5     2150                     7.139005728562513E-13
5.000000000000001E-5     2160                     7.139284404327158E-13
5.000000000000001E-5     2170                     7.139438791568441E-13
5.000000000000001E-5     2180                     7.139482183695059E-13
5.000000000000001E-5     2190                     7.139743796827471E-13
5.000000000000001E-5     2200                     7.139981891770678E-13
5.000000000000001E-5     2210                     7.140072179967388E-13
5.000000000000001E-5     2220                     7.140124264013404E-13
5.000000000000001E-5     2230                     7.140382558902131E-13
5.000000000000001E-5     2240                     7.14055619573729E-13
5.000000000000001E-5     2250                     7.140591045688887E-13
5.000000000000001E-5     2260                     7.140701619663779E-13
5.000000000000001E-5     2270                     7.140918205797181E-13
5.000000000000001E-5     2280                     7.141029971120933E-13
5.000000000000001E-5     2290                     7.141027378498051E-13
5.000000000000001E-5     2300                     7.14118618190552E-13
5.000000000000001E-5     2310                     7.141367072731655E-13
5.000000000000001E-5     2320                     7.141445266392501E-13
5.000000000000001E-5     2330                     7.141429396067709E-13
5.000000000000001E-5     2340                     7.141585441055736E-13
5.000000000000001E-5     2350                     7.141743503768383E-13
5.000000000000001E-5     2360                     7.141774139737857E-13
5.000000000000001E-5     2370                     7.141739569592709E-13
5.000000000000001E-5     2380                     7.141930115277975E-13
5.000000000000001E-5     2390                     7.142049420721169E-13
5.000000000000001E-5     2400                     7.14203559598923E-13
5.000000000000001E-5     2410                     7.142059441785652E-13
5.000000000000001E-5     2420                     7.142221444631949E-13
5.000000000000001E-5     2430                     7.142292587798389E-13
5.000000000000001E-5     2440                     7.142246972971467E-13
5.000000000000001E-5     2450                     7.142327269889862E-13
5.000000000000001E-5     2460                     7.142459763145291E-13
5.000000000000001E-5     2470                     7.142485341982497E-13
5.000000000000001E-5     2480                     7.142422686329375E-13
5.000000000000001E-5     2490                     7.14251318622568E-13
5.000000000000001E-5     2500                     7.142637082197456E-13
5.000000000000001E-5     2510                     7.142634407192587E-13
5.000000000000001E-5     2520                     7.142541987130766E-13
5.000000000000001E-5     2530                     7.142698402967803E-13
5.000000000000001E-5     2540                     7.142800247224186E-13
5.000000000000001E-5     2550                     7.142757044743283E-13
5.000000000000001E-5     2560                     7.142721741770607E-13
5.000000000000001E-5     2570                     7.142867212337281E-13
5.000000000000001E-5     2580                     7.142921430632307E-13
5.000000000000001E-5     2590                     7.142846052206132E-13
5.000000000000001E-5     2600                     7.142884834317146E-13
5.000000000000001E-5     2610                     7.143002940824428E-13
5.000000000000001E-5     2620                     7.143011627682012E-13
5.000000000000001E-5     2630                     7.142920076032307E-13
5.000000000000001E-5     2640                     7.143018464005094E-13
5.000000000000001E-5     2650                     7.143106865591341E-13
5.000000000000001E-5     2660                     7.143076078227543E-13
5.000000000000001E-5     2670                     7.14300513159185E-13
5.000000000000001E-5     2680                     7.14312735538869E-13
5.000000000000001E-5     2690                     7.143182791294027E-13
5.000000000000001E-5     2700                     7.143120781880954E-13
5.000000000000001E-5     2710                     7.143063456133314E-13
5.000000000000001E-5     2720                     7.143188163531601E-13
5.000000000000001E-5     2730                     7.143231370944999E-13
5.000000000000001E-5     2740                     7.143141407486528E-13
5.000000000000001E-5     2750                     7.143141782786872E-13
5.000000000000001E-5     2760                     7.143264897401731E-13
5.000000000000001E-5     2770                     7.143274927239049E-13
5.000000000000001E-5     2780                     7.143162808015508E-13
5.000000000000001E-5     2790                     7.143233889397234E-13
5.000000000000001E-5     2800                     7.143326036515487E-13
5.000000000000001E-5     2810                     7.14329204124173E-13
5.000000000000001E-5     2820                     7.143184214155826E-13
5.000000000000001E-5     2830                     7.143308950124181E-13
5.000000000000001E-5     2840                     7.143367121466645E-13
5.000000000000001E-5     2850                     7.143298428205049E-13
5.000000000000001E-5     2860                     7.143261350381022E-13
5.000000000000001E-5     2870                     7.143367995611902E-13
5.000000000000001E-5     2880                     7.143389376799631E-13
5.000000000000001E-5     2890                     7.143297774092815E-13
5.000000000000001E-5     2900                     7.143323888210023E-13
5.000000000000001E-5     2910                     7.14341065150149E-13
5.000000000000001E-5     2920                     7.143395867379237E-13
5.000000000000001E-5     2930                     7.143294063895735E-13
5.000000000000001E-5     2940                     7.143337590154096E-13
5.000000000000001E-5     2950                     7.143423831114705E-13
5.000000000000001E-5     2960                     7.143389365780266E-13
5.000000000000001E-5     2970                     7.143264528427439E-13
5.000000000000001E-5     2980                     7.143377692057347E-13
5.000000000000001E-5     2990                     7.143450177957519E-13
5.000000000000001E-5     3000                     7.143381988406492E-13
5.000000000000001E-5     3010                     7.14330823469136E-13
5.000000000000001E-5     3020                     7.143426145194469E-13
5.000000000000001E-5     3030                     7.143475041897987E-13
5.000000000000001E-5     3040                     7.143396561317297E-13
5.000000000000001E-5     3050                     7.143347594882456E-13
5.000000000000001E-5     3060                     7.143464934299391E-13
5.000000000000001E-5     3070                     7.143486734540198E-13
5.000000000000001E-5     3080                     7.143376509691607E-13
5.000000000000001E-5     3090                     7.143396585881918E-13
5.000000000000001E-5     3100                     7.143500935718321E-13
5.000000000000001E-5     3110                     7.143505172641431E-13
5.000000000000001E-5     3120                     7.143392403453757E-13
5.000000000000001E-5     3130                     7.14347368984805E-13
5.000000000000001E-5     3140                     7.14354364290606E-13
5.000000000000001E-5     3150                     7.143501177885408E-13
5.000000000000001E-5     3160                     7.143399938834264E-13
5.000000000000001E-5     3170                     7.143444021424646E-13
5.000000000000001E-5     3180                     7.14351697655282E-13
5.000000000000001E-5     3190                     7.143467591435636E-13
5.000000000000001E-5     3200                     7.143334673075412E-13
5.000000000000001E-5     3210                     7.143457660190856E-13
5.000000000000001E-5     3220                     7.143527671982588E-13
5.000000000000001E-5     3230                     7.14344787218881E-13
5.000000000000001E-5     3240                     7.143376011344733E-13
5.000000000000001E-5     3250                     7.143495100466296E-13
5.000000000000001E-5     3260                     7.143520452983904E-13
5.000000000000001E-5     3270                     7.143413514587891E-13
5.000000000000001E-5     3280                     7.143426776229863E-13
5.000000000000001E-5     3290                     7.143521721706354E-13
5.000000000000001E-5     3300                     7.143504452707261E-13
5.000000000000001E-5     3310                     7.14338628653856E-13
5.000000000000001E-5     3320                     7.143466359976185E-13
5.000000000000001E-5     3330                     7.143534076633079E-13
5.000000000000001E-5     3340                     7.14348027264469E-13
5.000000000000001E-5     3350                     7.143390967708839E-13
5.000000000000001E-5     3360                     7.143496730949244E-13
5.000000000000001E-5     3370                     7.143533733036873E-13
5.000000000000001E-5     3380                     7.143452069865024E-13
5.000000000000001E-5     3390                     7.143428548553572E-13
5.000000000000001E-5     3400                     7.143518793348919E-13
5.000000000000001E-5     3410                     7.143521939502328E-13
5.000000000000001E-5     3420                     7.143423069490295E-13
5.000000000000001E-5     3430                     7.143419017032631E-13
5.000000000000001E-5     3440                     7.143513590015181E-13
5.000000000000001E-5     3450                     7.143522980437981E-13
5.000000000000001E-5     3460                     7.143412895491095E-13
5.000000000000001E-5     3470                     7.143467502292498E-13
5.000000000000001E-5     3480                     7.143553816377037E-13
5.000000000000001E-5     3490                     7.143524901694696E-13
5.000000000000001E-5     3500                     7.143413816609348E-13
5.000000000000001E-5     3510                     7.143473847856851E-13
5.000000000000001E-5     3520                     7.143542202553469E-13
5.000000000000001E-5     3530                     7.143488007487193E-13
5.000000000000001E-5     3540                     7.143369634326737E-13
5.000000000000001E-5     3550                     7.143495383581809E-13
5.000000000000001E-5     3560                     7.143548122435479E-13
5.000000000000001E-5     3570                     7.143463513141521E-13
5.000000000000001E-5     3580                     7.143417688064497E-13
5.000000000000001E-5     3590                     7.143523298825091E-13
5.000000000000001E-5     3600                     7.143536098437269E-13
1.0000000000000002E-4    0                        4.9948154177857655E-15
1.0000000000000002E-4    10                       1.8044095063034298E-13
1.0000000000000002E-4    20                       2.347178236377591E-13
1.0000000000000002E-4    30                       2.7030175922643967E-13
1.0000000000000002E-4    40                       2.922043904606732E-13
1.0000000000000002E-4    50                       3.0781743481199373E-13
1.0000000000000002E-4    60                       3.243942734487282E-13
1.0000000000000002E-4    70                       3.4447860866929793E-13
1.0000000000000002E-4    80                       3.653904426463665E-13
1.0000000000000002E-4    90                       3.827668289013419E-13
1.0000000000000002E-4    100                      3.9471581194202726E-13
1.0000000000000002E-4    110                      4.031463317502614E-13
1.0000000000000002E-4    120                      4.117026338217445E-13
1.0000000000000002E-4    130                      4.2261717541980083E-13
1.0000000000000002E-4    140                      4.352752891265266E-13
1.0000000000000002E-4    150                      4.4734620970510645E-13
1.0000000000000002E-4    160                      4.570433031217986E-13
1.0000000000000002E-4    170                      4.644504155597938E-13
1.0000000000000002E-4    180                      4.710814120441798E-13
1.0000000000000002E-4    190                      4.784536593993767E-13
1.0000000000000002E-4    200                      4.866854833758778E-13
1.0000000000000002E-4    210                      4.94826627054853E-13
1.0000000000000002E-4    220                      5.026634143312675E-13
1.0000000000000002E-4    230                      5.099796797165407E-13
1.0000000000000002E-4    240                      5.167323687838258E-13
1.0000000000000002E-4    250                      5.230720827082765E-13
1.0000000000000002E-4    260                      5.292737281543855E-13
1.0000000000000002E-4    270                      5.3560297648667E-13
1.0000000000000002E-4    280                      5.420943376008621E-13
1.0000000000000002E-4    290                      5.481839350925392E-13
1.0000000000000002E-4    300                      5.541669239167265E-13
1.0000000000000002E-4    310                      5.599346435776054E-13
1.0000000000000002E-4    320                      5.654216910931787E-13
1.0000000000000002E-4    330                      5.707096518511533E-13
1.0000000000000002E-4    340                      5.759044126466205E-13
1.0000000000000002E-4    350                      5.80983550073629E-13
1.0000000000000002E-4    360                      5.858145210136793E-13
1.0000000000000002E-4    370                      5.904449334114954E-13
1.0000000000000002E-4    380                      5.950923689852101E-13
1.0000000000000002E-4    390                      5.996783432541746E-13
1.0000000000000002E-4    400                      6.041459959133993E-13
1.0000000000000002E-4    410                      6.083779899135142E-13
1.0000000000000002E-4    420                      6.124974961728926E-13
1.0000000000000002E-4    430                      6.165260912595557E-13
1.0000000000000002E-4    440                      6.203687235370655E-13
1.0000000000000002E-4    450                      6.240504882732546E-13
1.0000000000000002E-4    460                      6.276767325432734E-13
1.0000000000000002E-4    470                      6.311494663763998E-13
1.0000000000000002E-4    480                      6.34443921564292E-13
1.0000000000000002E-4    490                      6.376938437912169E-13
1.0000000000000002E-4    500                      6.408641119846627E-13
1.0000000000000002E-4    510                      6.438665568426494E-13
1.0000000000000002E-4    520                      6.467323899232856E-13
1.0000000000000002E-4    530                      6.495697087496276E-13
1.0000000000000002E-4    540                      6.523098106878588E-13
1.0000000000000002E-4    550                      6.548873645827836E-13
1.0000000000000002E-4    560                      6.573834203287868E-13
1.0000000000000002E-4    570                      6.59844464480515E-13
1.0000000000000002E-4    580                      6.621950987114963E-13
1.0000000000000002E-4    590                      6.644011699716844E-13
1.0000000000000002E-4    600                      6.66566045985604E-13
1.0000000000000002E-4    610                      6.686826342287869E-13
1.0000000000000002E-4    620                      6.706833543808552E-13
1.0000000000000002E-4    630                      6.725691574413096E-13
1.0000000000000002E-4    640                      6.744278965396917E-13
1.0000000000000002E-4    650                      6.762371648333208E-13
1.0000000000000002E-4    660                      6.779360965649636E-13
1.0000000000000002E-4    670                      6.795445568921339E-13
1.0000000000000002E-4    680                      6.811379736105982E-13
1.0000000000000002E-4    690                      6.826693568271173E-13
1.0000000000000002E-4    700                      6.840948897018515E-13
1.0000000000000002E-4    710                      6.854711870941939E-13
1.0000000000000002E-4    720                      6.868314529068429E-13
1.0000000000000002E-4    730                      6.881277767948931E-13
1.0000000000000002E-4    740                      6.893266137017467E-13
1.0000000000000002E-4    750                      6.904957929918198E-13
1.0000000000000002E-4    760                      6.916415405915851E-13
1.0000000000000002E-4    770                      6.927185600100955E-13
1.0000000000000002E-4    780                      6.937166086248435E-13
1.0000000000000002E-4    790                      6.947068159633873E-13
1.0000000000000002E-4    800                      6.956662463683814E-13
1.0000000000000002E-4    810                      6.965569190158048E-13
1.0000000000000002E-4    820                      6.973967868913842E-13
1.0000000000000002E-4    830                      6.98232144405295E-13
1.0000000000000002E-4    840                      6.990290808334636E-13
1.0000000000000002E-4    850                      6.997612077330212E-13
1.0000000000000002E-4    860                      7.004700052220147E-13
1.0000000000000002E-4    870                      7.01169667225041E-13
1.0000000000000002E-4    880                      7.018261107536559E-13
1.0000000000000002E-4    890                      7.024257298342634E-13
1.0000000000000002E-4    900                      7.030184405498999E-13
1.0000000000000002E-4    910                      7.036017048762454E-13
1.0000000000000002E-4    920                      7.041475879839534E-13
1.0000000000000002E-4    930                      7.046441501153058E-13
1.0000000000000002E-4    940                      7.051429605708225E-13
1.0000000000000002E-4    950                      7.056239050767886E-13
1.0000000000000002E-4    960                      7.060629628163429E-13
1.0000000000000002E-4    970                      7.064674469832826E-13
1.0000000000000002E-4    980                      7.068787224272029E-13
1.0000000000000002E-4    990                      7.072726542167131E-13
1.0000000000000002E-4    1000                     7.076287499217935E-13
1.0000000000000002E-4    1010                     7.079657733236278E-13
1.0000000000000002E-4    1020                     7.08308784491418E-13
1.0000000000000002E-4    1030                     7.086331278442558E-13
1.0000000000000002E-4    1040                     7.089212954261463E-13
1.0000000000000002E-4    1050                     7.091994652124078E-13
1.0000000000000002E-4    1060                     7.094824495209669E-13
1.0000000000000002E-4    1070                     7.097421707723642E-13
1.0000000000000002E-4    1080                     7.099690596198895E-13
1.0000000000000002E-4    1090                     7.102032535993984E-13
1.0000000000000002E-4    1100                     7.104347489545539E-13
1.0000000000000002E-4    1110                     7.106402061883045E-13
1.0000000000000002E-4    1120                     7.108217845292712E-13
1.0000000000000002E-4    1130                     7.110206604545029E-13
1.0000000000000002E-4    1140                     7.11207519782861E-13
1.0000000000000002E-4    1150                     7.113685580171789E-13
1.0000000000000002E-4    1160                     7.115206418825888E-13
1.0000000000000002E-4    1170                     7.116830845920192E-13
1.0000000000000002E-4    1180                     7.118309838621317E-13
1.0000000000000002E-4    1190                     7.119564372031824E-13
1.0000000000000002E-4    1200                     7.120811950483808E-13
1.0000000000000002E-4    1210                     7.122145134278262E-13
1.0000000000000002E-4    1220                     7.123320972321591E-13
1.0000000000000002E-4    1230                     7.12428259484893E-13
1.0000000000000002E-4    1240                     7.125361313731411E-13
1.0000000000000002E-4    1250                     7.126456644606895E-13
1.0000000000000002E-4    1260                     7.127361763271064E-13
1.0000000000000002E-4    1270                     7.128094165917504E-13
1.0000000000000002E-4    1280                     7.129048535435453E-13
1.0000000000000002E-4    1290                     7.129930027683352E-13
1.0000000000000002E-4    1300                     7.130634988034304E-13
1.0000000000000002E-4    1310                     7.131278824758282E-13
1.0000000000000002E-4    1320                     7.132052191235933E-13
1.0000000000000002E-4    1330                     7.132724577091056E-13
1.0000000000000002E-4    1340                     7.133239646849809E-13
1.0000000000000002E-4    1350                     7.133719374867558E-13
1.0000000000000002E-4    1360                     7.13434840578087E-13
1.0000000000000002E-4    1370                     7.134887913324507E-13
1.0000000000000002E-4    1380                     7.135263403292172E-13
1.0000000000000002E-4    1390                     7.135680577696839E-13
1.0000000000000002E-4    1400                     7.136226836265642E-13
1.0000000000000002E-4    1410                     7.13664282046513E-13
1.0000000000000002E-4    1420                     7.136897486717883E-13
1.0000000000000002E-4    1430                     7.137300387135688E-13
1.0000000000000002E-4    1440                     7.137737111032672E-13
1.0000000000000002E-4    1450                     7.138049239102356E-13
1.0000000000000002E-4    1460                     7.138235139704136E-13
1.0000000000000002E-4    1470                     7.138627508071125E-13
1.0000000000000002E-4    1480                     7.138957449617294E-13
1.0000000000000002E-4    1490                     7.139157330135685E-13
1.0000000000000002E-4    1500                     7.139299931577355E-13
1.0000000000000002E-4    1510                     7.139616722245143E-13
1.0000000000000002E-4    1520                     7.139866695812507E-13
1.0000000000000002E-4    1530                     7.139988808003582E-13
1.0000000000000002E-4    1540                     7.140135050118555E-13
1.0000000000000002E-4    1550                     7.140415296366526E-13
1.0000000000000002E-4    1560                     7.140600679080212E-13
1.0000000000000002E-4    1570                     7.140658581996249E-13
1.0000000000000002E-4    1580                     7.140826143013341E-13
1.0000000000000002E-4    1590                     7.141049455321099E-13
1.0000000000000002E-4    1600                     7.141162193068763E-13
1.0000000000000002E-4    1610                     7.141179125691079E-13
1.0000000000000002E-4    1620                     7.141373268893353E-13
1.0000000000000002E-4    1630                     7.141543127264341E-13
1.0000000000000002E-4    1640                     7.141595051482521E-13
1.0000000000000002E-4    1650                     7.141617159856231E-13
1.0000000000000002E-4    1660                     7.141803562752315E-13
1.0000000000000002E-4    1670                     7.141921424513776E-13
1.0000000000000002E-4    1680                     7.141925968100473E-13
1.0000000000000002E-4    1690                     7.141943785598233E-13
1.0000000000000002E-4    1700                     7.142113320413203E-13
1.0000000000000002E-4    1710                     7.142216677439682E-13
1.0000000000000002E-4    1720                     7.142197689532356E-13
1.0000000000000002E-4    1730                     7.142254386565649E-13
1.0000000000000002E-4    1740                     7.142413692774797E-13
1.0000000000000002E-4    1750                     7.14249204301944E-13
1.0000000000000002E-4    1760                     7.142457748423908E-13
1.0000000000000002E-4    1770                     7.142466394497484E-13
1.0000000000000002E-4    1780                     7.142605062316947E-13
1.0000000000000002E-4    1790                     7.142651309798227E-13
1.0000000000000002E-4    1800                     7.142575316815558E-13
1.0000000000000002E-4    1810                     7.142634424169038E-13
1.0000000000000002E-4    1820                     7.142769424144064E-13
1.0000000000000002E-4    1830                     7.142778860399905E-13
1.0000000000000002E-4    1840                     7.142682008724462E-13
1.0000000000000002E-4    1850                     7.142800761986759E-13
1.0000000000000002E-4    1860                     7.142904183547738E-13
1.0000000000000002E-4    1870                     7.142889783877974E-13
1.0000000000000002E-4    1880                     7.142836136583983E-13
1.0000000000000002E-4    1890                     7.142962506257643E-13
1.0000000000000002E-4    1900                     7.143020200512277E-13
1.0000000000000002E-4    1910                     7.14296706013174E-13
1.0000000000000002E-4    1920                     7.142897392958072E-13
1.0000000000000002E-4    1930                     7.14300009366878E-13
1.0000000000000002E-4    1940                     7.143049320203807E-13
1.0000000000000002E-4    1950                     7.142973175611345E-13
1.0000000000000002E-4    1960                     7.142929564437643E-13
1.0000000000000002E-4    1970                     7.143065170236238E-13
1.0000000000000002E-4    1980                     7.143100229588408E-13
1.0000000000000002E-4    1990                     7.142999276061252E-13
1.0000000000000002E-4    2000                     7.14302702827239E-13
1.0000000000000002E-4    2010                     7.143135123507705E-13
1.0000000000000002E-4    2020                     7.143145036002993E-13
1.0000000000000002E-4    2030                     7.143045994891386E-13
1.0000000000000002E-4    2040                     7.143136647994221E-13
1.0000000000000002E-4    2050                     7.143210711500909E-13
1.0000000000000002E-4    2060                     7.143174078272121E-13
1.0000000000000002E-4    2070                     7.143083333953279E-13
1.0000000000000002E-4    2080                     7.143165688288481E-13
1.0000000000000002E-4    2090                     7.143215954583825E-13
1.0000000000000002E-4    2100                     7.143152464309967E-13
1.0000000000000002E-4    2110                     7.143086255440119E-13
1.0000000000000002E-4    2120                     7.14319942416651E-13
1.0000000000000002E-4    2130                     7.143233499587451E-13
1.0000000000000002E-4    2140                     7.143145578462638E-13
1.0000000000000002E-4    2150                     7.143141013780219E-13
1.0000000000000002E-4    2160                     7.143233751883634E-13
1.0000000000000002E-4    2170                     7.143229965945193E-13
1.0000000000000002E-4    2180                     7.143128448690204E-13
1.0000000000000002E-4    2190                     7.14318508373196E-13
1.0000000000000002E-4    2200                     7.143255115122814E-13
1.0000000000000002E-4    2210                     7.143217019099173E-13
1.0000000000000002E-4    2220                     7.143116748072705E-13
1.0000000000000002E-4    2230                     7.143218841567188E-13
1.0000000000000002E-4    2240                     7.143262481718366E-13
1.0000000000000002E-4    2250                     7.143196286395868E-13
1.0000000000000002E-4    2260                     7.143110292797115E-13
1.0000000000000002E-4    2270                     7.143215036419025E-13
1.0000000000000002E-4    2280                     7.143249144731703E-13
1.0000000000000002E-4    2290                     7.143158553529992E-13
1.0000000000000002E-4    2300                     7.143126694232032E-13
1.0000000000000002E-4    2310                     7.143237376095661E-13
1.0000000000000002E-4    2320                     7.143247194696249E-13
1.0000000000000002E-4    2330                     7.143136435009683E-13
1.0000000000000002E-4    2340                     7.143173819469311E-13
1.0000000000000002E-4    2350                     7.143258089722797E-13
1.0000000000000002E-4    2360                     7.143226909271544E-13
1.0000000000000002E-4    2370                     7.143113130784214E-13
1.0000000000000002E-4    2380                     7.143211067321668E-13
1.0000000000000002E-4    2390                     7.143265812118124E-13
1.0000000000000002E-4    2400                     7.14320120752334E-13
1.0000000000000002E-4    2410                     7.143140498834286E-13
1.0000000000000002E-4    2420                     7.143238526612776E-13
1.0000000000000002E-4    2430                     7.143276056108476E-13
1.0000000000000002E-4    2440                     7.143205180971994E-13
1.0000000000000002E-4    2450                     7.143161976739665E-13
1.0000000000000002E-4    2460                     7.143261608256719E-13
1.0000000000000002E-4    2470                     7.143277092835695E-13
1.0000000000000002E-4    2480                     7.143177713846045E-13
1.0000000000000002E-4    2490                     7.143190677116577E-13
1.0000000000000002E-4    2500                     7.14327895979584E-13
1.0000000000000002E-4    2510                     7.143261416702587E-13
1.0000000000000002E-4    2520                     7.143150382735054E-13
1.0000000000000002E-4    2530                     7.143222696031576E-13
1.0000000000000002E-4    2540                     7.143293396887573E-13
1.0000000000000002E-4    2550                     7.143262820697062E-13
1.0000000000000002E-4    2560                     7.143161525166515E-13
1.0000000000000002E-4    2570                     7.143245074262724E-13
1.0000000000000002E-4    2580                     7.143305282920381E-13
1.0000000000000002E-4    2590                     7.143242182023955E-13
1.0000000000000002E-4    2600                     7.143159044155453E-13
1.0000000000000002E-4    2610                     7.143269014196831E-13
1.0000000000000002E-4    2620                     7.143301895089966E-13
1.0000000000000002E-4    2630                     7.143211925272379E-13
1.0000000000000002E-4    2640                     7.14319821583252E-13
1.0000000000000002E-4    2650                     7.143290458874105E-13
1.0000000000000002E-4    2660                     7.143305669254073E-13
1.0000000000000002E-4    2670                     7.143214692865975E-13
1.0000000000000002E-4    2680                     7.143220083339375E-13
1.0000000000000002E-4    2690                     7.143310566293663E-13
1.0000000000000002E-4    2700                     7.143296215732575E-13
1.0000000000000002E-4    2710                     7.143181191844807E-13
1.0000000000000002E-4    2720                     7.143247001281159E-13
1.0000000000000002E-4    2730                     7.143319886833756E-13
1.0000000000000002E-4    2740                     7.143271078391379E-13
1.0000000000000002E-4    2750                     7.14316620334398E-13
1.0000000000000002E-4    2760                     7.143274692927206E-13
1.0000000000000002E-4    2770                     7.143316268094814E-13
1.0000000000000002E-4    2780                     7.143238043929716E-13
1.0000000000000002E-4    2790                     7.143203071505056E-13
1.0000000000000002E-4    2800                     7.143295074812307E-13
1.0000000000000002E-4    2810                     7.14330236221709E-13
1.0000000000000002E-4    2820                     7.143205935572146E-13
1.0000000000000002E-4    2830                     7.14323195682221E-13
1.0000000000000002E-4    2840                     7.143305429222172E-13
1.0000000000000002E-4    2850                     7.143279564950513E-13
1.0000000000000002E-4    2860                     7.143177217518576E-13
1.0000000000000002E-4    2870                     7.143219134809999E-13
1.0000000000000002E-4    2880                     7.143289964654053E-13
1.0000000000000002E-4    2890                     7.143243695952308E-13
1.0000000000000002E-4    2900                     7.143121660590058E-13
1.0000000000000002E-4    2910                     7.143233908294427E-13
1.0000000000000002E-4    2920                     7.143305677496797E-13
1.0000000000000002E-4    2930                     7.143253250142037E-13
1.0000000000000002E-4    2940                     7.143191743763542E-13
1.0000000000000002E-4    2950                     7.143296322636132E-13
1.0000000000000002E-4    2960                     7.14332471529671E-13
1.0000000000000002E-4    2970                     7.143243553080097E-13
1.0000000000000002E-4    2980                     7.143203372920258E-13
1.0000000000000002E-4    2990                     7.14328873900151E-13
1.0000000000000002E-4    3000                     7.143292179085725E-13
1.0000000000000002E-4    3010                     7.143189184219051E-13
1.0000000000000002E-4    3020                     7.143209641940942E-13
1.0000000000000002E-4    3030                     7.143301779091218E-13
1.0000000000000002E-4    3040                     7.14330218807247E-13
1.0000000000000002E-4    3050                     7.143198202787999E-13
1.0000000000000002E-4    3060                     7.143232162343634E-13
1.0000000000000002E-4    3070                     7.143318428901323E-13
1.0000000000000002E-4    3080                     7.143284999854581E-13
1.0000000000000002E-4    3090                     7.143161573070621E-13
1.0000000000000002E-4    3100                     7.143260459080754E-13
1.0000000000000002E-4    3110                     7.143323020011934E-13
1.0000000000000002E-4    3120                     7.14325440713504E-13
1.0000000000000002E-4    3130                     7.143180854404119E-13
1.0000000000000002E-4    3140                     7.143287589709276E-13
1.0000000000000002E-4    3150                     7.143312854824019E-13
1.0000000000000002E-4    3160                     7.143218490780327E-13
1.0000000000000002E-4    3170                     7.143218059574426E-13
1.0000000000000002E-4    3180                     7.143304614236364E-13
1.0000000000000002E-4    3190                     7.143292630359269E-13
1.0000000000000002E-4    3200                     7.143186430965755E-13
1.0000000000000002E-4    3210                     7.14324610477205E-13
1.0000000000000002E-4    3220                     7.143310215026356E-13
1.0000000000000002E-4    3230                     7.143265284786421E-13
1.0000000000000002E-4    3240                     7.143169201446559E-13
1.0000000000000002E-4    3250                     7.143267238236418E-13
1.0000000000000002E-4    3260                     7.143305080599862E-13
1.0000000000000002E-4    3270                     7.143233610929674E-13
1.0000000000000002E-4    3280                     7.143152983993609E-13
1.0000000000000002E-4    3290                     7.143254134359996E-13
1.0000000000000002E-4    3300                     7.143296149742127E-13
1.0000000000000002E-4    3310                     7.143220283237942E-13
1.0000000000000002E-4    3320                     7.143193251084142E-13
1.0000000000000002E-4    3330                     7.143298949142164E-13
1.0000000000000002E-4    3340                     7.14331404341279E-13
1.0000000000000002E-4    3350                     7.143219457460361E-13
1.0000000000000002E-4    3360                     7.143204990420756E-13
1.0000000000000002E-4    3370                     7.143289677081479E-13
1.0000000000000002E-4    3380                     7.143296488236615E-13
1.0000000000000002E-4    3390                     7.143195308130856E-13
1.0000000000000002E-4    3400                     7.143245411552923E-13
1.0000000000000002E-4    3410                     7.14332918094985E-13
1.0000000000000002E-4    3420                     7.143303311624264E-13
1.0000000000000002E-4    3430                     7.143198728772887E-13
1.0000000000000002E-4    3440                     7.143248470932161E-13
1.0000000000000002E-4    3450                     7.14330929966243E-13
1.0000000000000002E-4    3460                     7.143256047180471E-13
1.0000000000000002E-4    3470                     7.143140978226655E-13
1.0000000000000002E-4    3480                     7.143260016291781E-13
1.0000000000000002E-4    3490                     7.143310109383151E-13
1.0000000000000002E-4    3500                     7.14323010383577E-13
1.0000000000000002E-4    3510                     7.14318278137092E-13
1.0000000000000002E-4    3520                     7.143283193162722E-13
1.0000000000000002E-4    3530                     7.143295470620108E-13
1.0000000000000002E-4    3540                     7.143195259465352E-13
1.0000000000000002E-4    3550                     7.143217490398628E-13
1.0000000000000002E-4    3560                     7.143297223674421E-13
1.0000000000000002E-4    3570                     7.143273327888281E-13
1.0000000000000002E-4    3580                     7.143166240871827E-13
1.0000000000000002E-4    3590                     7.143244127536692E-13
1.0000000000000002E-4    3600                     7.143299888754227E-13
1.5000000000000001E-4    0                        4.994815417704636E-15
1.5000000000000001E-4    10                       1.8051119030981598E-13
1.5000000000000001E-4    20                       2.3507589118768355E-13
1.5000000000000001E-4    30                       2.711458372081639E-13
1.5000000000000001E-4    40                       2.9378219066116026E-13
1.5000000000000001E-4    50                       3.1035534806713144E-13
1.5000000000000001E-4    60                       3.2802093984751605E-13
1.5000000000000001E-4    70                       3.49223771619201E-13
1.5000000000000001E-4    80                       3.7125222207833873E-13
1.5000000000000001E-4    90                       3.897814671695106E-13
1.5000000000000001E-4    100                      4.029717112315514E-13
1.5000000000000001E-4    110                      4.127421678292842E-13
1.5000000000000001E-4    120                      4.2269839945974927E-13
1.5000000000000001E-4    130                      4.350239279560546E-13
1.5000000000000001E-4    140                      4.490853796758979E-13
1.5000000000000001E-4    150                      4.62567932393123E-13
1.5000000000000001E-4    160                      4.737054370614755E-13
1.5000000000000001E-4    170                      4.825747884000135E-13
1.5000000000000001E-4    180                      4.906521143212186E-13
1.5000000000000001E-4    190                      4.994115637580628E-13
1.5000000000000001E-4    200                      5.089462486208676E-13
1.5000000000000001E-4    210                      5.183684758537639E-13
1.5000000000000001E-4    220                      5.274323141267937E-13
1.5000000000000001E-4    230                      5.358607207536289E-13
1.5000000000000001E-4    240                      5.43571228280289E-13
1.5000000000000001E-4    250                      5.507187339233268E-13
1.5000000000000001E-4    260                      5.576228168500498E-13
1.5000000000000001E-4    270                      5.646051447416312E-13
1.5000000000000001E-4    280                      5.717202646988246E-13
1.5000000000000001E-4    290                      5.783561234850817E-13
1.5000000000000001E-4    300                      5.848550107265263E-13
1.5000000000000001E-4    310                      5.910413177442316E-13
1.5000000000000001E-4    320                      5.968055051298787E-13
1.5000000000000001E-4    330                      6.022389593548125E-13
1.5000000000000001E-4    340                      6.074975073886593E-13
1.5000000000000001E-4    350                      6.126077770928441E-13
1.5000000000000001E-4    360                      6.174531432870587E-13
1.5000000000000001E-4    370                      6.220349704471008E-13
1.5000000000000001E-4    380                      6.266019151392707E-13
1.5000000000000001E-4    390                      6.310856826036078E-13
1.5000000000000001E-4    400                      6.354058879150096E-13
1.5000000000000001E-4    410                      6.394096578577355E-13
1.5000000000000001E-4    420                      6.432711871943012E-13
1.5000000000000001E-4    430                      6.470122103210286E-13
1.5000000000000001E-4    440                      6.505091735622384E-13
1.5000000000000001E-4    450                      6.537152725030798E-13
1.5000000000000001E-4    460                      6.568672253504669E-13
1.5000000000000001E-4    470                      6.599301633972552E-13
1.5000000000000001E-4    480                      6.628345864903469E-13
1.5000000000000001E-4    490                      6.655721081502377E-13
1.5000000000000001E-4    500                      6.68239290372673E-13
1.5000000000000001E-4    510                      6.707631790073325E-13
1.5000000000000001E-4    520                      6.730792364680025E-13
1.5000000000000001E-4    530                      6.753210348125627E-13
1.5000000000000001E-4    540                      6.775074654284484E-13
1.5000000000000001E-4    550                      6.795493080941919E-13
1.5000000000000001E-4    560                      6.814352528890361E-13
1.5000000000000001E-4    570                      6.832869590522372E-13
1.5000000000000001E-4    580                      6.850661568584571E-13
1.5000000000000001E-4    590                      6.867031086966562E-13
1.5000000000000001E-4    600                      6.882394659223806E-13
1.5000000000000001E-4    610                      6.89752739740276E-13
1.5000000000000001E-4    620                      6.911826505222591E-13
1.5000000000000001E-4    630                      6.924844960463604E-13
1.5000000000000001E-4    640                      6.937402485023261E-13
1.5000000000000001E-4    650                      6.949648004153758E-13
1.5000000000000001E-4    660                      6.961019452155033E-13
1.5000000000000001E-4    670                      6.971403596184951E-13
1.5000000000000001E-4    680                      6.981596429391516E-13
1.5000000000000001E-4    690                      6.99139445021359E-13
1.5000000000000001E-4    700                      7.00035031356086E-13
1.5000000000000001E-4    710                      7.008665458832277E-13
1.5000000000000001E-4    720                      7.016877246746074E-13
1.5000000000000001E-4    730                      7.024629091158211E-13
1.5000000000000001E-4    740                      7.03162347167888E-13
1.5000000000000001E-4    750                      7.038315615339697E-13
1.5000000000000001E-4    760                      7.044875982652132E-13
1.5000000000000001E-4    770                      7.050948428547792E-13
1.5000000000000001E-4    780                      7.056389227166586E-13
1.5000000000000001E-4    790                      7.061676878164034E-13
1.5000000000000001E-4    800                      7.06685282531954E-13
1.5000000000000001E-4    810                      7.071636441619647E-13
1.5000000000000001E-4    820                      7.075879655373168E-13
1.5000000000000001E-4    830                      7.080126796421711E-13
1.5000000000000001E-4    840                      7.084228357549978E-13
1.5000000000000001E-4    850                      7.087898893773153E-13
1.5000000000000001E-4    860                      7.091214333939844E-13
1.5000000000000001E-4    870                      7.094611140395346E-13
1.5000000000000001E-4    880                      7.097793509331925E-13
1.5000000000000001E-4    890                      7.100573223201298E-13
1.5000000000000001E-4    900                      7.103224635127278E-13
1.5000000000000001E-4    910                      7.105911934263029E-13
1.5000000000000001E-4    920                      7.108390565606731E-13
1.5000000000000001E-4    930                      7.11051758782713E-13
1.5000000000000001E-4    940                      7.112584909780942E-13
1.5000000000000001E-4    950                      7.114480333588452E-13
1.5000000000000001E-4    960                      7.116307247473275E-13
1.5000000000000001E-4    970                      7.117999295626904E-13
1.5000000000000001E-4    980                      7.119645249215499E-13
1.5000000000000001E-4    990                      7.121300032470262E-13
1.5000000000000001E-4    1000                     7.122822905317149E-13
1.5000000000000001E-4    1010                     7.124126906369431E-13
1.5000000000000001E-4    1020                     7.125258315693301E-13
1.5000000000000001E-4    1030                     7.126385960971145E-13
1.5000000000000001E-4    1040                     7.127600039157522E-13
1.5000000000000001E-4    1050                     7.128681171326989E-13
1.5000000000000001E-4    1060                     7.12964431621472E-13
1.5000000000000001E-4    1070                     7.130506420343909E-13
1.5000000000000001E-4    1080                     7.131349286693477E-13
1.5000000000000001E-4    1090                     7.132152584009822E-13
1.5000000000000001E-4    1100                     7.132848712227638E-13
1.5000000000000001E-4    1110                     7.133432435737252E-13
1.5000000000000001E-4    1120                     7.133971280222789E-13
1.5000000000000001E-4    1130                     7.134715369895815E-13
1.5000000000000001E-4    1140                     7.135280310238702E-13
1.5000000000000001E-4    1150                     7.135760868171643E-13
1.5000000000000001E-4    1160                     7.136217939908126E-13
1.5000000000000001E-4    1170                     7.136797801967027E-13
1.5000000000000001E-4    1180                     7.137306773483978E-13
1.5000000000000001E-4    1190                     7.137619865135696E-13
1.5000000000000001E-4    1200                     7.137890264752449E-13
1.5000000000000001E-4    1210                     7.138398999000009E-13
1.5000000000000001E-4    1220                     7.138804421584556E-13
1.5000000000000001E-4    1230                     7.139012233241803E-13
1.5000000000000001E-4    1240                     7.139291161337083E-13
1.5000000000000001E-4    1250                     7.139686864782948E-13
1.5000000000000001E-4    1260                     7.139970028929267E-13
1.5000000000000001E-4    1270                     7.140096099122162E-13
1.5000000000000001E-4    1280                     7.140322256955071E-13
1.5000000000000001E-4    1290                     7.140620717326435E-13
1.5000000000000001E-4    1300                     7.140787597022824E-13
1.5000000000000001E-4    1310                     7.140830234409004E-13
1.5000000000000001E-4    1320                     7.141075370433123E-13
1.5000000000000001E-4    1330                     7.141306537279544E-13
1.5000000000000001E-4    1340                     7.141387707235932E-13
1.5000000000000001E-4    1350                     7.141408632102539E-13
1.5000000000000001E-4    1360                     7.141646229608846E-13
1.5000000000000001E-4    1370                     7.141802353833274E-13
1.5000000000000001E-4    1380                     7.141817245306829E-13
1.5000000000000001E-4    1390                     7.141885053899567E-13
1.5000000000000001E-4    1400                     7.142075681393594E-13
1.5000000000000001E-4    1410                     7.14216492116992E-13
1.5000000000000001E-4    1420                     7.142135188221974E-13
1.5000000000000001E-4    1430                     7.142243922972302E-13
1.5000000000000001E-4    1440                     7.142388258578318E-13
1.5000000000000001E-4    1450                     7.14241892512874E-13
1.5000000000000001E-4    1460                     7.14236731128971E-13
1.5000000000000001E-4    1470                     7.142511484706999E-13
1.5000000000000001E-4    1480                     7.142612613874406E-13
1.5000000000000001E-4    1490                     7.142596779022177E-13
1.5000000000000001E-4    1500                     7.142578667286646E-13
1.5000000000000001E-4    1510                     7.142709377529024E-13
1.5000000000000001E-4    1520                     7.142766919690661E-13
1.5000000000000001E-4    1530                     7.142717618186769E-13
1.5000000000000001E-4    1540                     7.142707031205163E-13
1.5000000000000001E-4    1550                     7.142827774011915E-13
1.5000000000000001E-4    1560                     7.142860818468019E-13
1.5000000000000001E-4    1570                     7.142778638981992E-13
1.5000000000000001E-4    1580                     7.142820703863549E-13
1.5000000000000001E-4    1590                     7.142937131696495E-13
1.5000000000000001E-4    1600                     7.142936392752363E-13
1.5000000000000001E-4    1610                     7.142836479509534E-13
1.5000000000000001E-4    1620                     7.142934310816892E-13
1.5000000000000001E-4    1630                     7.143013865078421E-13
1.5000000000000001E-4    1640                     7.142970713163277E-13
1.5000000000000001E-4    1650                     7.14290362450628E-13
1.5000000000000001E-4    1660                     7.143018104573738E-13
1.5000000000000001E-4    1670                     7.143059530451594E-13
1.5000000000000001E-4    1680                     7.142986298499202E-13
1.5000000000000001E-4    1690                     7.14298359527942E-13
1.5000000000000001E-4    1700                     7.14307829207257E-13
1.5000000000000001E-4    1710                     7.143100551868391E-13
1.5000000000000001E-4    1720                     7.143024349895311E-13
1.5000000000000001E-4    1730                     7.143036889783707E-13
1.5000000000000001E-4    1740                     7.143127800220553E-13
1.5000000000000001E-4    1750                     7.143119123248721E-13
1.5000000000000001E-4    1760                     7.143016665204207E-13
1.5000000000000001E-4    1770                     7.143083534897387E-13
1.5000000000000001E-4    1780                     7.143157172316233E-13
1.5000000000000001E-4    1790                     7.143114461358589E-13
1.5000000000000001E-4    1800                     7.143018191782865E-13
1.5000000000000001E-4    1810                     7.143125968023357E-13
1.5000000000000001E-4    1820                     7.143168470226174E-13
1.5000000000000001E-4    1830                     7.143096393858658E-13
1.5000000000000001E-4    1840                     7.143066335510388E-13
1.5000000000000001E-4    1850                     7.143157296723722E-13
1.5000000000000001E-4    1860                     7.143165661585276E-13
1.5000000000000001E-4    1870                     7.143075366462341E-13
1.5000000000000001E-4    1880                     7.143103586402931E-13
1.5000000000000001E-4    1890                     7.143175951295677E-13
1.5000000000000001E-4    1900                     7.14315154138329E-13
1.5000000000000001E-4    1910                     7.143055456599494E-13
1.5000000000000001E-4    1920                     7.143132294622887E-13
1.5000000000000001E-4    1930                     7.143182417700464E-13
1.5000000000000001E-4    1940                     7.143129243031157E-13
1.5000000000000001E-4    1950                     7.143039123098888E-13
1.5000000000000001E-4    1960                     7.143124009984531E-13
1.5000000000000001E-4    1970                     7.143165602326762E-13
1.5000000000000001E-4    1980                     7.143088642367627E-13
1.5000000000000001E-4    1990                     7.143029259360044E-13
1.5000000000000001E-4    2000                     7.143142139897422E-13
1.5000000000000001E-4    2010                     7.143165654754478E-13
1.5000000000000001E-4    2020                     7.143066398476716E-13
1.5000000000000001E-4    2030                     7.143075950286029E-13
1.5000000000000001E-4    2040                     7.143164410070908E-13
1.5000000000000001E-4    2050                     7.143147001459337E-13
1.5000000000000001E-4    2060                     7.143039033940861E-13
1.5000000000000001E-4    2070                     7.14311225404332E-13
1.5000000000000001E-4    2080                     7.143174059390326E-13
1.5000000000000001E-4    2090                     7.143121793988637E-13
1.5000000000000001E-4    2100                     7.143040297157567E-13
1.5000000000000001E-4    2110                     7.143139491077101E-13
1.5000000000000001E-4    2120                     7.143184367749825E-13
1.5000000000000001E-4    2130                     7.143124752244404E-13
1.5000000000000001E-4    2140                     7.143062925625536E-13
1.5000000000000001E-4    2150                     7.14316377663933E-13
1.5000000000000001E-4    2160                     7.143203757324433E-13
1.5000000000000001E-4    2170                     7.143131906626965E-13
1.5000000000000001E-4    2180                     7.143123799626877E-13
1.5000000000000001E-4    2190                     7.14321589332623E-13
1.5000000000000001E-4    2200                     7.143220553665661E-13
1.5000000000000001E-4    2210                     7.143131561889587E-13
1.5000000000000001E-4    2220                     7.14313134943959E-13
1.5000000000000001E-4    2230                     7.143200956079028E-13
1.5000000000000001E-4    2240                     7.143178363194277E-13
1.5000000000000001E-4    2250                     7.143072837779372E-13
1.5000000000000001E-4    2260                     7.143137376905375E-13
1.5000000000000001E-4    2270                     7.143208064839195E-13
1.5000000000000001E-4    2280                     7.143161078126894E-13
1.5000000000000001E-4    2290                     7.143058896687637E-13
1.5000000000000001E-4    2300                     7.143164548168274E-13
1.5000000000000001E-4    2310                     7.14320443490799E-13
1.5000000000000001E-4    2320                     7.143128893435479E-13
1.5000000000000001E-4    2330                     7.143095854557496E-13
1.5000000000000001E-4    2340                     7.143185397129466E-13
1.5000000000000001E-4    2350                     7.143208922725942E-13
1.5000000000000001E-4    2360                     7.143130592590465E-13
1.5000000000000001E-4    2370                     7.143115994398341E-13
1.5000000000000001E-4    2380                     7.143205654793133E-13
1.5000000000000001E-4    2390                     7.143202495853613E-13
1.5000000000000001E-4    2400                     7.143097555772315E-13
1.5000000000000001E-4    2410                     7.143139609184521E-13
1.5000000000000001E-4    2420                     7.143215764199262E-13
1.5000000000000001E-4    2430                     7.143179587364606E-13
1.5000000000000001E-4    2440                     7.143069993764558E-13
1.5000000000000001E-4    2450                     7.143166629087009E-13
1.5000000000000001E-4    2460                     7.143214455038595E-13
1.5000000000000001E-4    2470                     7.143147327537647E-13
1.5000000000000001E-4    2480                     7.143094626219946E-13
1.5000000000000001E-4    2490                     7.143187026606379E-13
1.5000000000000001E-4    2500                     7.143218620165459E-13
1.5000000000000001E-4    2510                     7.143146970002201E-13
1.5000000000000001E-4    2520                     7.143113150220247E-13
1.5000000000000001E-4    2530                     7.143206640314799E-13
1.5000000000000001E-4    2540                     7.143214542322979E-13
1.5000000000000001E-4    2550                     7.143114476427077E-13
1.5000000000000001E-4    2560                     7.143135955909192E-13
1.5000000000000001E-4    2570                     7.143221577122965E-13
1.5000000000000001E-4    2580                     7.143218205645258E-13
1.5000000000000001E-4    2590                     7.143120036251643E-13
1.5000000000000001E-4    2600                     7.14319595946461E-13
1.5000000000000001E-4    2610                     7.143255670845115E-13
1.5000000000000001E-4    2620                     7.143212973232235E-13
1.5000000000000001E-4    2630                     7.143122729546986E-13
1.5000000000000001E-4    2640                     7.143156515025869E-13
1.5000000000000001E-4    2650                     7.143207682309351E-13
1.5000000000000001E-4    2660                     7.143151172090136E-13
1.5000000000000001E-4    2670                     7.143035312264415E-13
1.5000000000000001E-4    2680                     7.143149738879095E-13
1.5000000000000001E-4    2690                     7.143208396112606E-13
1.5000000000000001E-4    2700                     7.143130478083678E-13
1.5000000000000001E-4    2710                     7.143071302513995E-13
1.5000000000000001E-4    2720                     7.143177679136838E-13
1.5000000000000001E-4    2730                     7.143194003353827E-13
1.5000000000000001E-4    2740                     7.143093270419912E-13
1.5000000000000001E-4    2750                     7.14311146065654E-13
1.5000000000000001E-4    2760                     7.143194321533723E-13
1.5000000000000001E-4    2770                     7.143170812289717E-13
1.5000000000000001E-4    2780                     7.143062757233251E-13
1.5000000000000001E-4    2790                     7.143140969291552E-13
1.5000000000000001E-4    2800                     7.143197464443732E-13
1.5000000000000001E-4    2810                     7.143140941926247E-13
1.5000000000000001E-4    2820                     7.143067442976764E-13
1.5000000000000001E-4    2830                     7.143163171484586E-13
1.5000000000000001E-4    2840                     7.143190068183769E-13
1.5000000000000001E-4    2850                     7.143109653572617E-13
1.5000000000000001E-4    2860                     7.143097904453587E-13
1.5000000000000001E-4    2870                     7.143178554834451E-13
1.5000000000000001E-4    2880                     7.143173574856046E-13
1.5000000000000001E-4    2890                     7.143080006056531E-13
1.5000000000000001E-4    2900                     7.143122595153722E-13
1.5000000000000001E-4    2910                     7.143185017235278E-13
1.5000000000000001E-4    2920                     7.143149652547408E-13
1.5000000000000001E-4    2930                     7.143054799074221E-13
1.5000000000000001E-4    2940                     7.143109924887426E-13
1.5000000000000001E-4    2950                     7.143167366539903E-13
1.5000000000000001E-4    2960                     7.143110272061075E-13
1.5000000000000001E-4    2970                     7.143003041449092E-13
1.5000000000000001E-4    2980                     7.143123512291971E-13
1.5000000000000001E-4    2990                     7.143170370872262E-13
1.5000000000000001E-4    3000                     7.143087826194007E-13
1.5000000000000001E-4    3010                     7.143051717961102E-13
1.5000000000000001E-4    3020                     7.143150637800029E-13
1.5000000000000001E-4    3030                     7.14315724553778E-13
1.5000000000000001E-4    3040                     7.143056240576315E-13
1.5000000000000001E-4    3050                     7.143090354073641E-13
1.5000000000000001E-4    3060                     7.14316645900314E-13
1.5000000000000001E-4    3070                     7.143135945042874E-13
1.5000000000000001E-4    3080                     7.143031444271866E-13
1.5000000000000001E-4    3090                     7.143120235982137E-13
1.5000000000000001E-4    3100                     7.143170284621695E-13
1.5000000000000001E-4    3110                     7.143109381533874E-13
1.5000000000000001E-4    3120                     7.143051414287395E-13
1.5000000000000001E-4    3130                     7.143143543270834E-13
1.5000000000000001E-4    3140                     7.143164084998104E-13
1.5000000000000001E-4    3150                     7.143081780803431E-13
1.5000000000000001E-4    3160                     7.143082718181957E-13
1.5000000000000001E-4    3170                     7.143159606410877E-13
1.5000000000000001E-4    3180                     7.143148844505304E-13
1.5000000000000001E-4    3190                     7.143055626361715E-13
1.5000000000000001E-4    3200                     7.143108315886312E-13
1.5000000000000001E-4    3210                     7.143166462658922E-13
1.5000000000000001E-4    3220                     7.143126409603658E-13
1.5000000000000001E-4    3230                     7.143034465904605E-13
1.5000000000000001E-4    3240                     7.143097866549412E-13
1.5000000000000001E-4    3250                     7.14315058559655E-13
1.5000000000000001E-4    3260                     7.143088985177203E-13
1.5000000000000001E-4    3270                     7.142996884371806E-13
1.5000000000000001E-4    3280                     7.143113894546916E-13
1.5000000000000001E-4    3290                     7.143154610554535E-13
1.5000000000000001E-4    3300                     7.14306871950485E-13
1.5000000000000001E-4    3310                     7.143045529428658E-13
1.5000000000000001E-4    3320                     7.143142001280285E-13
1.5000000000000001E-4    3330                     7.143162610592794E-13
1.5000000000000001E-4    3340                     7.143075645252252E-13
1.5000000000000001E-4    3350                     7.143117360399522E-13
1.5000000000000001E-4    3360                     7.1431915645092E-13
1.5000000000000001E-4    3370                     7.143169340603432E-13
1.5000000000000001E-4    3380                     7.143079236642638E-13
1.5000000000000001E-4    3390                     7.143086418872814E-13
1.5000000000000001E-4    3400                     7.143150878554111E-13
1.5000000000000001E-4    3410                     7.143117489756151E-13
1.5000000000000001E-4    3420                     7.143001475723804E-13
1.5000000000000001E-4    3430                     7.143080145516243E-13
1.5000000000000001E-4    3440                     7.143159844257669E-13
1.5000000000000001E-4    3450                     7.143106546420502E-13
1.5000000000000001E-4    3460                     7.143002423328739E-13
1.5000000000000001E-4    3470                     7.143118638357607E-13
1.5000000000000001E-4    3480                     7.143173883590624E-13
1.5000000000000001E-4    3490                     7.143110072213526E-13
1.5000000000000001E-4    3500                     7.143087545032284E-13
1.5000000000000001E-4    3510                     7.143182505292991E-13
1.5000000000000001E-4    3520                     7.143194209337596E-13
1.5000000000000001E-4    3530                     7.143109276896294E-13
1.5000000000000001E-4    3540                     7.143099382540243E-13
1.5000000000000001E-4    3550                     7.143171879879129E-13
1.5000000000000001E-4    3560                     7.143156394200218E-13
1.5000000000000001E-4    3570                     7.143053530482123E-13
1.5000000000000001E-4    3580                     7.143107127228822E-13
1.5000000000000001E-4    3590                     7.143187940605096E-13
1.5000000000000001E-4    3600                     7.143170652942988E-13
