% Model:              fff-holesurface-binding-with epi-new_kb5E-3-rerun.mph
% Version:            COMSOL 6.2.0.339
% Date:               May 24 2026, 17:08
% Q (L/min)              Time (s)                  N_bound (mol/m^2)
0                        0                        4.9616476396375635E-15
0                        10                       1.7492198600727957E-13
0                        20                       2.2509045412930517E-13
0                        30                       2.5152948177601916E-13
0                        40                       2.7107005456102957E-13
0                        50                       2.8403358894669295E-13
0                        60                       2.934416834899453E-13
0                        70                       3.001232546717878E-13
0                        80                       3.044759440984639E-13
0                        90                       3.076566172040771E-13
0                        100                      3.0971559383092996E-13
0                        110                      3.1058913347078057E-13
0                        120                      3.1053449129073924E-13
0                        130                      3.1014460043203224E-13
0                        140                      3.0948469340384853E-13
0                        150                      3.0852186905752615E-13
0                        160                      3.0693273660896134E-13
0                        170                      3.0476795854714473E-13
0                        180                      3.025601352268002E-13
0                        190                      3.00284314592706E-13
0                        200                      2.9782587789739734E-13
0                        210                      2.951423830710172E-13
0                        220                      2.9236879643049317E-13
0                        230                      2.8957239178198997E-13
0                        240                      2.867553823790009E-13
0                        250                      2.838795546471202E-13
0                        260                      2.8093812344697374E-13
0                        270                      2.7799721899075407E-13
0                        280                      2.750618610238306E-13
0                        290                      2.7213929496350277E-13
0                        300                      2.692356982548384E-13
0                        310                      2.6634914662269076E-13
0                        320                      2.6347501785930223E-13
0                        330                      2.6063681450935047E-13
0                        340                      2.57852923329537E-13
0                        350                      2.5510832179581336E-13
0                        360                      2.523761644029159E-13
0                        370                      2.4968556624669917E-13
0                        380                      2.4706357708535696E-13
0                        390                      2.4447941517681003E-13
0                        400                      2.4191941372956764E-13
0                        410                      2.394488112624039E-13
0                        420                      2.3701096049984226E-13
0                        430                      2.3459905819763057E-13
0                        440                      2.322154211913259E-13
0                        450                      2.298895424892765E-13
0                        460                      2.2761302757184433E-13
0                        470                      2.2538960244290728E-13
0                        480                      2.232272712907121E-13
0                        490                      2.2110057261098003E-13
0                        500                      2.19079157846837E-13
0                        510                      2.171017681182815E-13
0                        520                      2.1513340481024217E-13
0                        530                      2.1319348978617587E-13
0                        540                      2.1128123328477296E-13
0                        550                      2.0943162577802143E-13
0                        560                      2.0761200535146212E-13
0                        570                      2.0585649028885063E-13
0                        580                      2.0414407321085557E-13
0                        590                      2.0245564450627902E-13
0                        600                      2.0082030252450037E-13
0                        610                      1.992237144957221E-13
0                        620                      1.9764930038451266E-13
0                        630                      1.961400724006404E-13
0                        640                      1.946840369115387E-13
0                        650                      1.9323304436346945E-13
0                        660                      1.918059677421295E-13
0                        670                      1.9040169142971077E-13
0                        680                      1.8902936783850335E-13
0                        690                      1.8770008888955152E-13
0                        700                      1.8639149759289978E-13
0                        710                      1.8511413121315277E-13
0                        720                      1.8389479800029638E-13
0                        730                      1.82684680934344E-13
0                        740                      1.814899249611317E-13
0                        750                      1.8030913965849055E-13
0                        760                      1.7916284609619102E-13
0                        770                      1.7803540742749977E-13
0                        780                      1.7694117555191092E-13
0                        790                      1.758677324181385E-13
0                        800                      1.7481965635780276E-13
0                        810                      1.7381727421651506E-13
0                        820                      1.728218264116615E-13
0                        830                      1.7183791445152047E-13
0                        840                      1.7086466312703964E-13
0                        850                      1.6991784733060468E-13
0                        860                      1.6898551795923549E-13
0                        870                      1.680787885829323E-13
0                        880                      1.671933495128333E-13
0                        890                      1.6631918458994125E-13
0                        900                      1.6546639356695046E-13
0                        910                      1.6463251008395842E-13
0                        920                      1.6380851238076988E-13
0                        930                      1.630072450003022E-13
0                        940                      1.622312819117407E-13
0                        950                      1.6145892276381005E-13
0                        960                      1.6069543897868688E-13
0                        970                      1.5994070526623976E-13
0                        980                      1.5920506859757003E-13
0                        990                      1.5847871520815054E-13
0                        1000                     1.5777166948609835E-13
0                        1010                     1.570731505135401E-13
0                        1020                     1.5639318833848962E-13
0                        1030                     1.557331881220828E-13
0                        1040                     1.5507591125440445E-13
0                        1050                     1.5442543369961859E-13
0                        1060                     1.5378174531707547E-13
0                        1070                     1.531529120073384E-13
0                        1080                     1.5253131593506463E-13
0                        1090                     1.5193019153149301E-13
0                        1100                     1.51340650459668E-13
0                        1110                     1.5075391814488765E-13
0                        1120                     1.5017251451546766E-13
0                        1130                     1.495988090039998E-13
0                        1140                     1.4903600737693787E-13
0                        1150                     1.4848037302445147E-13
0                        1160                     1.4793689250237816E-13
0                        1170                     1.4739850990547284E-13
0                        1180                     1.4687530773207008E-13
0                        1190                     1.4636104803542824E-13
0                        1200                     1.4584909569080516E-13
0                        1210                     1.4534144198144513E-13
0                        1220                     1.4483990495242371E-13
0                        1230                     1.4434702955279983E-13
0                        1240                     1.4385994376105632E-13
0                        1250                     1.4338852181819526E-13
0                        1260                     1.429229483235669E-13
0                        1270                     1.4245859883016167E-13
0                        1280                     1.4199947645329686E-13
0                        1290                     1.41543914358606E-13
0                        1300                     1.4109748908145787E-13
0                        1310                     1.4066068019015365E-13
0                        1320                     1.40225267813323E-13
0                        1330                     1.3979330586653185E-13
0                        1340                     1.3936481869730556E-13
0                        1350                     1.3894373471443702E-13
0                        1360                     1.385262779797704E-13
0                        1370                     1.3811637406807984E-13
0                        1380                     1.3770974882547225E-13
0                        1390                     1.3731062333475482E-13
0                        1400                     1.369191880321199E-13
0                        1410                     1.3652884310138325E-13
0                        1420                     1.361412288372337E-13
0                        1430                     1.3575640738339338E-13
0                        1440                     1.3537755888059427E-13
0                        1450                     1.3500164994880616E-13
0                        1460                     1.3463200097207926E-13
0                        1470                     1.3426543306564305E-13
0                        1480                     1.339058081016507E-13
0                        1490                     1.3355155449582688E-13
0                        1500                     1.3319792044891216E-13
0                        1510                     1.328464875167772E-13
0                        1520                     1.3249703288446193E-13
0                        1530                     1.3215243803132646E-13
0                        1540                     1.3181043908902026E-13
0                        1550                     1.314741676552004E-13
0                        1560                     1.3114356025360073E-13
0                        1570                     1.3081369920577703E-13
0                        1580                     1.304857466804197E-13
0                        1590                     1.301597867286603E-13
0                        1600                     1.2983809645506035E-13
0                        1610                     1.2951851938353204E-13
0                        1620                     1.2920335730499035E-13
0                        1630                     1.2889012391596985E-13
0                        1640                     1.2858132928576844E-13
0                        1650                     1.282771045239013E-13
0                        1660                     1.2797353698050885E-13
0                        1670                     1.2767161322790048E-13
0                        1680                     1.273713708265002E-13
0                        1690                     1.2707472510967235E-13
0                        1700                     1.2677985973282015E-13
0                        1710                     1.264901696392833E-13
0                        1720                     1.2620402297710846E-13
0                        1730                     1.2591818698446682E-13
0                        1740                     1.256340857761511E-13
0                        1750                     1.2535152723208043E-13
0                        1760                     1.2507165286596437E-13
0                        1770                     1.24796756213692E-13
0                        1780                     1.2452278995119137E-13
0                        1790                     1.2424963905242035E-13
0                        1800                     1.2397849022567044E-13
0                        1810                     1.2370865418173743E-13
0                        1820                     1.234430332221946E-13
0                        1830                     1.231801528864193E-13
0                        1840                     1.229175842981805E-13
0                        1850                     1.226565662247707E-13
0                        1860                     1.22396811670074E-13
0                        1870                     1.2213947550046615E-13
0                        1880                     1.2188624199580571E-13
0                        1890                     1.2163368394293077E-13
0                        1900                     1.2138186979870856E-13
0                        1910                     1.211317357499659E-13
0                        1920                     1.2088274810102695E-13
0                        1930                     1.2063744507747702E-13
0                        1940                     1.2039424311776962E-13
0                        1950                     1.2015132817443377E-13
0                        1960                     1.1990977576472965E-13
0                        1970                     1.1966926348979677E-13
0                        1980                     1.1943093929164093E-13
0                        1990                     1.1919600427356017E-13
0                        2000                     1.1896156633357627E-13
0                        2010                     1.1872781443938231E-13
0                        2020                     1.1849548355779046E-13
0                        2030                     1.182641744718577E-13
0                        2040                     1.1803612026205509E-13
0                        2050                     1.178096716546137E-13
0                        2060                     1.1758349810958725E-13
0                        2070                     1.1735853316748143E-13
0                        2080                     1.171344381859828E-13
0                        2090                     1.1691234178412358E-13
0                        2100                     1.1669306944265124E-13
0                        2110                     1.164741700074229E-13
0                        2120                     1.1625592743959433E-13
0                        2130                     1.160388597479499E-13
0                        2140                     1.1582274538668753E-13
0                        2150                     1.1560950431810677E-13
0                        2160                     1.15397519207668E-13
0                        2170                     1.151857935308524E-13
0                        2180                     1.1497514918957094E-13
0                        2190                     1.1476524459983832E-13
0                        2200                     1.1455717927338527E-13
0                        2210                     1.1435149092744936E-13
0                        2220                     1.141460849183912E-13
0                        2230                     1.1394130794447114E-13
0                        2240                     1.1373751323855716E-13
0                        2250                     1.1353462011696762E-13
0                        2260                     1.1333427932022503E-13
0                        2270                     1.1313492691941953E-13
0                        2280                     1.1293582430622548E-13
0                        2290                     1.127376953249136E-13
0                        2300                     1.1254020783588913E-13
0                        2310                     1.1234442727809552E-13
0                        2320                     1.1215065953930603E-13
0                        2330                     1.1195710991771551E-13
0                        2340                     1.1176416266284995E-13
0                        2350                     1.1157204661161255E-13
0                        2360                     1.1138079227844077E-13
0                        2370                     1.1119181855948742E-13
0                        2380                     1.110036245321677E-13
0                        2390                     1.1081567550537454E-13
0                        2400                     1.1062860803937013E-13
0                        2410                     1.104421074569108E-13
0                        2420                     1.1025720310434415E-13
0                        2430                     1.1007401049987793E-13
0                        2440                     1.0989099086117937E-13
0                        2450                     1.0970854848827784E-13
0                        2460                     1.0952681739199954E-13
0                        2470                     1.0934591747973278E-13
0                        2480                     1.0916706537789673E-13
0                        2490                     1.089888280237908E-13
0                        2500                     1.088108345098371E-13
0                        2510                     1.0863364295657807E-13
0                        2520                     1.0845696140793382E-13
0                        2530                     1.0828178269722964E-13
0                        2540                     1.0810806307390985E-13
0                        2550                     1.0793448528427033E-13
0                        2560                     1.0776146130297127E-13
0                        2570                     1.0758905229029342E-13
0                        2580                     1.0741745128922885E-13
0                        2590                     1.0724769610511365E-13
0                        2600                     1.0707842430932452E-13
0                        2610                     1.069093971930134E-13
0                        2620                     1.0674110350665678E-13
0                        2630                     1.065732746232013E-13
0                        2640                     1.0640686901449646E-13
0                        2650                     1.0624170903108873E-13
0                        2660                     1.0607666979190853E-13
0                        2670                     1.0591216344047592E-13
0                        2680                     1.0574819184604789E-13
0                        2690                     1.0558500993174886E-13
0                        2700                     1.0542349472804972E-13
0                        2710                     1.0526236419623092E-13
0                        2720                     1.0510147692710833E-13
0                        2730                     1.0494126341135942E-13
0                        2740                     1.0478147875678325E-13
0                        2750                     1.0462304811470071E-13
0                        2760                     1.0446568058809491E-13
0                        2770                     1.0430842063020946E-13
0                        2780                     1.041516732991193E-13
0                        2790                     1.0399539571672648E-13
0                        2800                     1.0383989317593874E-13
0                        2810                     1.0368589755120554E-13
0                        2820                     1.0353220887031297E-13
0                        2830                     1.0337876281864569E-13
0                        2840                     1.0322593674297658E-13
0                        2850                     1.030735128653467E-13
0                        2860                     1.0292238182500271E-13
0                        2870                     1.0277215490667697E-13
0                        2880                     1.0262202871044087E-13
0                        2890                     1.0247239546855558E-13
0                        2900                     1.0232317903465613E-13
0                        2910                     1.0217472599343636E-13
0                        2920                     1.0202763573879929E-13
0                        2930                     1.0188079090805665E-13
0                        2940                     1.0173418882620754E-13
0                        2950                     1.0158815774952211E-13
0                        2960                     1.0144250950510191E-13
0                        2970                     1.0129809948871534E-13
0                        2980                     1.0115445345022238E-13
0                        2990                     1.0101090623325199E-13
0                        3000                     1.0086783284482782E-13
0                        3010                     1.0072513293132006E-13
0                        3020                     1.0058318715710925E-13
0                        3030                     1.0044247281073914E-13
0                        3040                     1.0030195525162043E-13
0                        3050                     1.00161681159309E-13
0                        3060                     1.0002193304763579E-13
0                        3070                     9.988255420256389E-14
0                        3080                     9.974436432367091E-14
0                        3090                     9.960681358076157E-14
0                        3100                     9.946936366898719E-14
0                        3110                     9.933236894701488E-14
0                        3120                     9.919571210664297E-14
0                        3130                     9.905970645104146E-14
0                        3140                     9.892435447607707E-14
0                        3150                     9.878934721988249E-14
0                        3160                     9.865504836367765E-14
0                        3170                     9.852168759532946E-14
0                        3180                     9.838846506841035E-14
0                        3190                     9.825556508969321E-14
0                        3200                     9.812297048611659E-14
0                        3210                     9.799108642808676E-14
0                        3220                     9.785955726038782E-14
0                        3230                     9.772876181444661E-14
0                        3240                     9.759832758167214E-14
0                        3250                     9.74685847696574E-14
0                        3260                     9.733973057264633E-14
0                        3270                     9.721100302905702E-14
0                        3280                     9.708257428584989E-14
0                        3290                     9.695443138271573E-14
0                        3300                     9.682695544790212E-14
0                        3310                     9.669981337897757E-14
0                        3320                     9.657357568663013E-14
0                        3330                     9.64479714811051E-14
0                        3340                     9.632249843989112E-14
0                        3350                     9.619730468913494E-14
0                        3360                     9.607246201366437E-14
0                        3370                     9.594823066049165E-14
0                        3380                     9.582434519874374E-14
0                        3390                     9.570112459406727E-14
0                        3400                     9.557818655298727E-14
0                        3410                     9.54560535376251E-14
0                        3420                     9.533450528327507E-14
0                        3430                     9.521308613747708E-14
0                        3440                     9.509193701022265E-14
0                        3450                     9.497112162805459E-14
0                        3460                     9.485088684244691E-14
0                        3470                     9.473098017836238E-14
0                        3480                     9.461203348399901E-14
0                        3490                     9.449341516809029E-14
0                        3500                     9.437497747019894E-14
0                        3510                     9.425676733316036E-14
0                        3520                     9.413895005443335E-14
0                        3530                     9.40217232255166E-14
0                        3540                     9.390485863949161E-14
0                        3550                     9.378841686086072E-14
0                        3560                     9.367285724838351E-14
0                        3570                     9.355746179416212E-14
0                        3580                     9.344229025564775E-14
0                        3590                     9.33273324706097E-14
0                        3600                     9.32128974582098E-14
5.000000000000001E-5     0                        4.961647639289601E-15
5.000000000000001E-5     10                       1.7520528943840403E-13
5.000000000000001E-5     20                       2.2373907548199688E-13
5.000000000000001E-5     30                       2.528270625012174E-13
5.000000000000001E-5     40                       2.7256566520674145E-13
5.000000000000001E-5     50                       2.868606079402218E-13
5.000000000000001E-5     60                       2.976417300328312E-13
5.000000000000001E-5     70                       3.063056828041069E-13
5.000000000000001E-5     80                       3.132698191187617E-13
5.000000000000001E-5     90                       3.1907854113219374E-13
5.000000000000001E-5     100                      3.2416011476631304E-13
5.000000000000001E-5     110                      3.2856064160797045E-13
5.000000000000001E-5     120                      3.324150234397617E-13
5.000000000000001E-5     130                      3.3583842255665535E-13
5.000000000000001E-5     140                      3.390334991440953E-13
5.000000000000001E-5     150                      3.419302352629916E-13
5.000000000000001E-5     160                      3.4454127701796127E-13
5.000000000000001E-5     170                      3.469326081667964E-13
5.000000000000001E-5     180                      3.4918429603021094E-13
5.000000000000001E-5     190                      3.5137383168468163E-13
5.000000000000001E-5     200                      3.534683626129112E-13
5.000000000000001E-5     210                      3.5540471517833895E-13
5.000000000000001E-5     220                      3.571737430641438E-13
5.000000000000001E-5     230                      3.5885490559924E-13
5.000000000000001E-5     240                      3.6044796311322016E-13
5.000000000000001E-5     250                      3.6195799612100953E-13
5.000000000000001E-5     260                      3.633990002439663E-13
5.000000000000001E-5     270                      3.647762810208346E-13
5.000000000000001E-5     280                      3.6610658953589075E-13
5.000000000000001E-5     290                      3.674279295297334E-13
5.000000000000001E-5     300                      3.6873187578847206E-13
5.000000000000001E-5     310                      3.7000684469949475E-13
5.000000000000001E-5     320                      3.712776141727585E-13
5.000000000000001E-5     330                      3.725663800626707E-13
5.000000000000001E-5     340                      3.738780143376918E-13
5.000000000000001E-5     350                      3.752396996588284E-13
5.000000000000001E-5     360                      3.7666817423749145E-13
5.000000000000001E-5     370                      3.7812418560685015E-13
5.000000000000001E-5     380                      3.7962138180501657E-13
5.000000000000001E-5     390                      3.812068292037982E-13
5.000000000000001E-5     400                      3.82896078484017E-13
5.000000000000001E-5     410                      3.8464858342594356E-13
5.000000000000001E-5     420                      3.8645312955481387E-13
5.000000000000001E-5     430                      3.8828095691019654E-13
5.000000000000001E-5     440                      3.9017225606764644E-13
5.000000000000001E-5     450                      3.9216786503038973E-13
5.000000000000001E-5     460                      3.942360983047459E-13
5.000000000000001E-5     470                      3.9631775809251724E-13
5.000000000000001E-5     480                      3.984433967047796E-13
5.000000000000001E-5     490                      4.006436883838721E-13
5.000000000000001E-5     500                      4.0290344029874914E-13
5.000000000000001E-5     510                      4.051867901779494E-13
5.000000000000001E-5     520                      4.0748111343882877E-13
5.000000000000001E-5     530                      4.097978144740091E-13
5.000000000000001E-5     540                      4.121549862259873E-13
5.000000000000001E-5     550                      4.145408481370904E-13
5.000000000000001E-5     560                      4.169312232887225E-13
5.000000000000001E-5     570                      4.19325431765633E-13
5.000000000000001E-5     580                      4.2172356519390923E-13
5.000000000000001E-5     590                      4.2412567809645875E-13
5.000000000000001E-5     600                      4.265274163434042E-13
5.000000000000001E-5     610                      4.2892489574696597E-13
5.000000000000001E-5     620                      4.313150446041627E-13
5.000000000000001E-5     630                      4.336980948321893E-13
5.000000000000001E-5     640                      4.3606283656731603E-13
5.000000000000001E-5     650                      4.384113543417122E-13
5.000000000000001E-5     660                      4.4074724572467933E-13
5.000000000000001E-5     670                      4.430534771145952E-13
5.000000000000001E-5     680                      4.4533643698774464E-13
5.000000000000001E-5     690                      4.476024339328362E-13
5.000000000000001E-5     700                      4.498299195604533E-13
5.000000000000001E-5     710                      4.5202869599460765E-13
5.000000000000001E-5     720                      4.5420720113814947E-13
5.000000000000001E-5     730                      4.563179034616127E-13
5.000000000000001E-5     740                      4.583915990640691E-13
5.000000000000001E-5     750                      4.60457259450258E-13
5.000000000000001E-5     760                      4.624982045326723E-13
5.000000000000001E-5     770                      4.645159388400143E-13
5.000000000000001E-5     780                      4.664794447513046E-13
5.000000000000001E-5     790                      4.684159023436658E-13
5.000000000000001E-5     800                      4.702774183613548E-13
5.000000000000001E-5     810                      4.720885242708388E-13
5.000000000000001E-5     820                      4.73887520518786E-13
5.000000000000001E-5     830                      4.756616827040361E-13
5.000000000000001E-5     840                      4.774043881825614E-13
5.000000000000001E-5     850                      4.791137899311308E-13
5.000000000000001E-5     860                      4.807699001213052E-13
5.000000000000001E-5     870                      4.823791383942073E-13
5.000000000000001E-5     880                      4.839456357774784E-13
5.000000000000001E-5     890                      4.854277142822816E-13
5.000000000000001E-5     900                      4.86895176009868E-13
5.000000000000001E-5     910                      4.883407097448853E-13
5.000000000000001E-5     920                      4.897655582956073E-13
5.000000000000001E-5     930                      4.911394277991481E-13
5.000000000000001E-5     940                      4.924829581629632E-13
5.000000000000001E-5     950                      4.937770846173039E-13
5.000000000000001E-5     960                      4.950358750885992E-13
5.000000000000001E-5     970                      4.962573716825005E-13
5.000000000000001E-5     980                      4.974036235051731E-13
5.000000000000001E-5     990                      4.985365736414789E-13
5.000000000000001E-5     1000                     4.99649830233963E-13
5.000000000000001E-5     1010                     5.007447439938443E-13
5.000000000000001E-5     1020                     5.017949630509386E-13
5.000000000000001E-5     1030                     5.028187759698372E-13
5.000000000000001E-5     1040                     5.037930857599369E-13
5.000000000000001E-5     1050                     5.047093890396361E-13
5.000000000000001E-5     1060                     5.056181694725654E-13
5.000000000000001E-5     1070                     5.065084823780192E-13
5.000000000000001E-5     1080                     5.073809335771145E-13
5.000000000000001E-5     1090                     5.082243654579973E-13
5.000000000000001E-5     1100                     5.090406277287133E-13
5.000000000000001E-5     1110                     5.098154058583523E-13
5.000000000000001E-5     1120                     5.105688154107105E-13
5.000000000000001E-5     1130                     5.11263515170751E-13
5.000000000000001E-5     1140                     5.119399523740701E-13
5.000000000000001E-5     1150                     5.126060253706249E-13
5.000000000000001E-5     1160                     5.132593322002941E-13
5.000000000000001E-5     1170                     5.13887011501404E-13
5.000000000000001E-5     1180                     5.144914647670881E-13
5.000000000000001E-5     1190                     5.15072956741255E-13
5.000000000000001E-5     1200                     5.156234170769749E-13
5.000000000000001E-5     1210                     5.161581236827862E-13
5.000000000000001E-5     1220                     5.166731241777953E-13
5.000000000000001E-5     1230                     5.171479020239236E-13
5.000000000000001E-5     1240                     5.176154374391683E-13
5.000000000000001E-5     1250                     5.180726664067336E-13
5.000000000000001E-5     1260                     5.185203820687291E-13
5.000000000000001E-5     1270                     5.189500841776916E-13
5.000000000000001E-5     1280                     5.193667848151516E-13
5.000000000000001E-5     1290                     5.197572731362051E-13
5.000000000000001E-5     1300                     5.201362609576254E-13
5.000000000000001E-5     1310                     5.20485649582528E-13
5.000000000000001E-5     1320                     5.208162594271426E-13
5.000000000000001E-5     1330                     5.211431187302101E-13
5.000000000000001E-5     1340                     5.214621030760021E-13
5.000000000000001E-5     1350                     5.217709616142594E-13
5.000000000000001E-5     1360                     5.220632224293294E-13
5.000000000000001E-5     1370                     5.223460475250932E-13
5.000000000000001E-5     1380                     5.226115745154611E-13
5.000000000000001E-5     1390                     5.228700617125501E-13
5.000000000000001E-5     1400                     5.231102226145713E-13
5.000000000000001E-5     1410                     5.233426645901463E-13
5.000000000000001E-5     1420                     5.235671504589897E-13
5.000000000000001E-5     1430                     5.237858511371237E-13
5.000000000000001E-5     1440                     5.239922037253846E-13
5.000000000000001E-5     1450                     5.241914607991495E-13
5.000000000000001E-5     1460                     5.243793625463581E-13
5.000000000000001E-5     1470                     5.245594620408488E-13
5.000000000000001E-5     1480                     5.247314785771436E-13
5.000000000000001E-5     1490                     5.248876161457121E-13
5.000000000000001E-5     1500                     5.250410429644314E-13
5.000000000000001E-5     1510                     5.251906866447984E-13
5.000000000000001E-5     1520                     5.253368012950205E-13
5.000000000000001E-5     1530                     5.254744726879791E-13
5.000000000000001E-5     1540                     5.256072272341629E-13
5.000000000000001E-5     1550                     5.257308391605584E-13
5.000000000000001E-5     1560                     5.258425869861855E-13
5.000000000000001E-5     1570                     5.259530721468453E-13
5.000000000000001E-5     1580                     5.260612128539301E-13
5.000000000000001E-5     1590                     5.261650032193051E-13
5.000000000000001E-5     1600                     5.262653604202334E-13
5.000000000000001E-5     1610                     5.26355593662978E-13
5.000000000000001E-5     1620                     5.264414898919693E-13
5.000000000000001E-5     1630                     5.265265928786512E-13
5.000000000000001E-5     1640                     5.266082881799156E-13
5.000000000000001E-5     1650                     5.266876579018316E-13
5.000000000000001E-5     1660                     5.26761479490586E-13
5.000000000000001E-5     1670                     5.268282831029908E-13
5.000000000000001E-5     1680                     5.268943247850418E-13
5.000000000000001E-5     1690                     5.269587245234592E-13
5.000000000000001E-5     1700                     5.270205141805783E-13
5.000000000000001E-5     1710                     5.270800036016601E-13
5.000000000000001E-5     1720                     5.271331448922415E-13
5.000000000000001E-5     1730                     5.271839077981535E-13
5.000000000000001E-5     1740                     5.272341429674486E-13
5.000000000000001E-5     1750                     5.272822533000378E-13
5.000000000000001E-5     1760                     5.273289715446529E-13
5.000000000000001E-5     1770                     5.273721397089272E-13
5.000000000000001E-5     1780                     5.274112221162171E-13
5.000000000000001E-5     1790                     5.274499122495948E-13
5.000000000000001E-5     1800                     5.274875313341458E-13
5.000000000000001E-5     1810                     5.275236489369005E-13
5.000000000000001E-5     1820                     5.275582765878826E-13
5.000000000000001E-5     1830                     5.275890638862768E-13
5.000000000000001E-5     1840                     5.27618593292983E-13
5.000000000000001E-5     1850                     5.276477750287373E-13
5.000000000000001E-5     1860                     5.276756683820201E-13
5.000000000000001E-5     1870                     5.277027411440911E-13
5.000000000000001E-5     1880                     5.277276012584518E-13
5.000000000000001E-5     1890                     5.277505215103971E-13
5.000000000000001E-5     1900                     5.277731446598952E-13
5.000000000000001E-5     1910                     5.277950545610944E-13
5.000000000000001E-5     1920                     5.278162076540073E-13
5.000000000000001E-5     1930                     5.278363913239406E-13
5.000000000000001E-5     1940                     5.278554090525796E-13
5.000000000000001E-5     1950                     5.278732255724772E-13
5.000000000000001E-5     1960                     5.278901468481024E-13
5.000000000000001E-5     1970                     5.279051298067409E-13
5.000000000000001E-5     1980                     5.279197289647808E-13
5.000000000000001E-5     1990                     5.279339739406586E-13
5.000000000000001E-5     2000                     5.279478531743371E-13
5.000000000000001E-5     2010                     5.279608825460055E-13
5.000000000000001E-5     2020                     5.279733408942785E-13
5.000000000000001E-5     2030                     5.279850273417008E-13
5.000000000000001E-5     2040                     5.279959381348857E-13
5.000000000000001E-5     2050                     5.28006461668167E-13
5.000000000000001E-5     2060                     5.280163950034176E-13
5.000000000000001E-5     2070                     5.280257801529358E-13
5.000000000000001E-5     2080                     5.280346346872359E-13
5.000000000000001E-5     2090                     5.280425694730258E-13
5.000000000000001E-5     2100                     5.280503378099443E-13
5.000000000000001E-5     2110                     5.280579473843605E-13
5.000000000000001E-5     2120                     5.280653238979315E-13
5.000000000000001E-5     2130                     5.280723307679697E-13
5.000000000000001E-5     2140                     5.28078928341996E-13
5.000000000000001E-5     2150                     5.280851943886302E-13
5.000000000000001E-5     2160                     5.280907300900395E-13
5.000000000000001E-5     2170                     5.280961177087998E-13
5.000000000000001E-5     2180                     5.28101368676546E-13
5.000000000000001E-5     2190                     5.281064802100682E-13
5.000000000000001E-5     2200                     5.281112703827308E-13
5.000000000000001E-5     2210                     5.281158452473423E-13
5.000000000000001E-5     2220                     5.281201300975444E-13
5.000000000000001E-5     2230                     5.281241729776346E-13
5.000000000000001E-5     2240                     5.281280289048869E-13
5.000000000000001E-5     2250                     5.281314549722062E-13
5.000000000000001E-5     2260                     5.281347894846948E-13
5.000000000000001E-5     2270                     5.281380357131084E-13
5.000000000000001E-5     2280                     5.281411939359377E-13
5.000000000000001E-5     2290                     5.281441519354321E-13
5.000000000000001E-5     2300                     5.28146976027041E-13
5.000000000000001E-5     2310                     5.281496008829713E-13
5.000000000000001E-5     2320                     5.281519167491271E-13
5.000000000000001E-5     2330                     5.281541921057883E-13
5.000000000000001E-5     2340                     5.281564217540198E-13
5.000000000000001E-5     2350                     5.281585453112248E-13
5.000000000000001E-5     2360                     5.281605976917484E-13
5.000000000000001E-5     2370                     5.281624329269011E-13
5.000000000000001E-5     2380                     5.281641766614936E-13
5.000000000000001E-5     2390                     5.28165884615129E-13
5.000000000000001E-5     2400                     5.281675412207696E-13
5.000000000000001E-5     2410                     5.281691198927382E-13
5.000000000000001E-5     2420                     5.281706356813695E-13
5.000000000000001E-5     2430                     5.281720356205028E-13
5.000000000000001E-5     2440                     5.281733673556293E-13
5.000000000000001E-5     2450                     5.281745989871617E-13
5.000000000000001E-5     2460                     5.281756995827047E-13
5.000000000000001E-5     2470                     5.281767855131785E-13
5.000000000000001E-5     2480                     5.2817783904588E-13
5.000000000000001E-5     2490                     5.281788618586205E-13
5.000000000000001E-5     2500                     5.281798118195087E-13
5.000000000000001E-5     2510                     5.281807260564576E-13
5.000000000000001E-5     2520                     5.281815709483465E-13
5.000000000000001E-5     2530                     5.281823809799819E-13
5.000000000000001E-5     2540                     5.281831356965128E-13
5.000000000000001E-5     2550                     5.281838135314383E-13
5.000000000000001E-5     2560                     5.281844817122601E-13
5.000000000000001E-5     2570                     5.281851288423711E-13
5.000000000000001E-5     2580                     5.281857567713215E-13
5.000000000000001E-5     2590                     5.281863395730937E-13
5.000000000000001E-5     2600                     5.281869003332467E-13
5.000000000000001E-5     2610                     5.281874076217887E-13
5.000000000000001E-5     2620                     5.281878737908443E-13
5.000000000000001E-5     2630                     5.28188333871022E-13
5.000000000000001E-5     2640                     5.281887793869376E-13
5.000000000000001E-5     2650                     5.28189208438473E-13
5.000000000000001E-5     2660                     5.281896174050231E-13
5.000000000000001E-5     2670                     5.281900009460371E-13
5.000000000000001E-5     2680                     5.281903597813772E-13
5.000000000000001E-5     2690                     5.281906990614377E-13
5.000000000000001E-5     2700                     5.28190997725194E-13
5.000000000000001E-5     2710                     5.281912889495687E-13
5.000000000000001E-5     2720                     5.281915725971672E-13
5.000000000000001E-5     2730                     5.281918486087665E-13
5.000000000000001E-5     2740                     5.281921067025227E-13
5.000000000000001E-5     2750                     5.28192353257053E-13
5.000000000000001E-5     2760                     5.281925834013034E-13
5.000000000000001E-5     2770                     5.281928000126751E-13
5.000000000000001E-5     2780                     5.281930032752574E-13
5.000000000000001E-5     2790                     5.281931848215593E-13
5.000000000000001E-5     2800                     5.281933627523061E-13
5.000000000000001E-5     2810                     5.281935367948735E-13
5.000000000000001E-5     2820                     5.281937054324601E-13
5.000000000000001E-5     2830                     5.281938651129464E-13
5.000000000000001E-5     2840                     5.281940154629627E-13
5.000000000000001E-5     2850                     5.281941577591183E-13
5.000000000000001E-5     2860                     5.281942830451144E-13
5.000000000000001E-5     2870                     5.281944051162178E-13
5.000000000000001E-5     2880                     5.2819452394452E-13
5.000000000000001E-5     2890                     5.281946395331982E-13
5.000000000000001E-5     2900                     5.281947475673331E-13
5.000000000000001E-5     2910                     5.281948507462991E-13
5.000000000000001E-5     2920                     5.281949470849109E-13
5.000000000000001E-5     2930                     5.281950380287279E-13
5.000000000000001E-5     2940                     5.281951245058193E-13
5.000000000000001E-5     2950                     5.281952011379093E-13
5.000000000000001E-5     2960                     5.28195275806246E-13
5.000000000000001E-5     2970                     5.281953484140517E-13
5.000000000000001E-5     2980                     5.281954190113067E-13
5.000000000000001E-5     2990                     5.281954849766402E-13
5.000000000000001E-5     3000                     5.281955479699416E-13
5.000000000000001E-5     3010                     5.281956067352228E-13
5.000000000000001E-5     3020                     5.281956614069952E-13
5.000000000000001E-5     3030                     5.281957141224808E-13
5.000000000000001E-5     3040                     5.281957633751883E-13
5.000000000000001E-5     3050                     5.281958076671551E-13
5.000000000000001E-5     3060                     5.28195851295629E-13
5.000000000000001E-5     3070                     5.281958935033701E-13
5.000000000000001E-5     3080                     5.281959344371226E-13
5.000000000000001E-5     3090                     5.281959723853394E-13
5.000000000000001E-5     3100                     5.281960088809791E-13
5.000000000000001E-5     3110                     5.281960425673177E-13
5.000000000000001E-5     3120                     5.28196074841972E-13
5.000000000000001E-5     3130                     5.281961048869663E-13
5.000000000000001E-5     3140                     5.281961318320773E-13
5.000000000000001E-5     3150                     5.281961583879059E-13
5.000000000000001E-5     3160                     5.281961840938941E-13
5.000000000000001E-5     3170                     5.281962090265527E-13
5.000000000000001E-5     3180                     5.281962321407826E-13
5.000000000000001E-5     3190                     5.281962543691825E-13
5.000000000000001E-5     3200                     5.281962744538213E-13
5.000000000000001E-5     3210                     5.281962928887826E-13
5.000000000000001E-5     3220                     5.281963110788043E-13
5.000000000000001E-5     3230                     5.281963286836516E-13
5.000000000000001E-5     3240                     5.281963456288496E-13
5.000000000000001E-5     3250                     5.281963617698876E-13
5.000000000000001E-5     3260                     5.281963768948492E-13
5.000000000000001E-5     3270                     5.281963910350539E-13
5.000000000000001E-5     3280                     5.281964043924945E-13
5.000000000000001E-5     3290                     5.281964161266186E-13
5.000000000000001E-5     3300                     5.281964275613005E-13
5.000000000000001E-5     3310                     5.281964386946272E-13
5.000000000000001E-5     3320                     5.281964495239578E-13
5.000000000000001E-5     3330                     5.281964596407927E-13
5.000000000000001E-5     3340                     5.281964692992477E-13
5.000000000000001E-5     3350                     5.281964783112952E-13
5.000000000000001E-5     3360                     5.281964868133279E-13
5.000000000000001E-5     3370                     5.281964948929632E-13
5.000000000000001E-5     3380                     5.281965022334951E-13
5.000000000000001E-5     3390                     5.281965093920684E-13
5.000000000000001E-5     3400                     5.281965162280784E-13
5.000000000000001E-5     3410                     5.281965227971753E-13
5.000000000000001E-5     3420                     5.281965288827559E-13
5.000000000000001E-5     3430                     5.281965347285901E-13
5.000000000000001E-5     3440                     5.281965400972365E-13
5.000000000000001E-5     3450                     5.281965452472567E-13
5.000000000000001E-5     3460                     5.281965498733863E-13
5.000000000000001E-5     3470                     5.281965541894179E-13
5.000000000000001E-5     3480                     5.281965584654916E-13
5.000000000000001E-5     3490                     5.281965625961237E-13
5.000000000000001E-5     3500                     5.281965665982114E-13
5.000000000000001E-5     3510                     5.281965703015525E-13
5.000000000000001E-5     3520                     5.281965738602182E-13
5.000000000000001E-5     3530                     5.281965770696801E-13
5.000000000000001E-5     3540                     5.281965800114485E-13
5.000000000000001E-5     3550                     5.281965829137883E-13
5.000000000000001E-5     3560                     5.281965857218025E-13
5.000000000000001E-5     3570                     5.281965884233559E-13
5.000000000000001E-5     3580                     5.281965909376625E-13
5.000000000000001E-5     3590                     5.281965932909185E-13
5.000000000000001E-5     3600                     5.281965955536601E-13
1.0000000000000002E-4    0                        4.961647639436396E-15
1.0000000000000002E-4    10                       1.7568853384606984E-13
1.0000000000000002E-4    20                       2.244338091382067E-13
1.0000000000000002E-4    30                       2.5417946374065134E-13
1.0000000000000002E-4    40                       2.7506863226785986E-13
1.0000000000000002E-4    50                       2.9101007097539275E-13
1.0000000000000002E-4    60                       3.0384119010442983E-13
1.0000000000000002E-4    70                       3.1455052031231936E-13
1.0000000000000002E-4    80                       3.2370009821851184E-13
1.0000000000000002E-4    90                       3.3162762902136795E-13
1.0000000000000002E-4    100                      3.387936125327041E-13
1.0000000000000002E-4    110                      3.450496952104528E-13
1.0000000000000002E-4    120                      3.507561863269031E-13
1.0000000000000002E-4    130                      3.559499938628513E-13
1.0000000000000002E-4    140                      3.607475483128288E-13
1.0000000000000002E-4    150                      3.6524720779374443E-13
1.0000000000000002E-4    160                      3.6955167240751285E-13
1.0000000000000002E-4    170                      3.7377039731044396E-13
1.0000000000000002E-4    180                      3.7799477034831475E-13
1.0000000000000002E-4    190                      3.8224942843225967E-13
1.0000000000000002E-4    200                      3.8654154545261964E-13
1.0000000000000002E-4    210                      3.9093505255989157E-13
1.0000000000000002E-4    220                      3.9547476351589114E-13
1.0000000000000002E-4    230                      4.0010085031794317E-13
1.0000000000000002E-4    240                      4.047449925688544E-13
1.0000000000000002E-4    250                      4.0945300909052384E-13
1.0000000000000002E-4    260                      4.1422170065840744E-13
1.0000000000000002E-4    270                      4.1900671361118813E-13
1.0000000000000002E-4    280                      4.2382907780636274E-13
1.0000000000000002E-4    290                      4.286575751420242E-13
1.0000000000000002E-4    300                      4.334841991943106E-13
1.0000000000000002E-4    310                      4.382995326789536E-13
1.0000000000000002E-4    320                      4.430782182440515E-13
1.0000000000000002E-4    330                      4.4784030071241345E-13
1.0000000000000002E-4    340                      4.525638656775288E-13
1.0000000000000002E-4    350                      4.572157513461568E-13
1.0000000000000002E-4    360                      4.617865287395848E-13
1.0000000000000002E-4    370                      4.663341119181847E-13
1.0000000000000002E-4    380                      4.708240652100124E-13
1.0000000000000002E-4    390                      4.752068333851475E-13
1.0000000000000002E-4    400                      4.794755374451718E-13
1.0000000000000002E-4    410                      4.837152138953572E-13
1.0000000000000002E-4    420                      4.878843035104679E-13
1.0000000000000002E-4    430                      4.919228963168469E-13
1.0000000000000002E-4    440                      4.958275472089791E-13
1.0000000000000002E-4    450                      4.997000579432558E-13
1.0000000000000002E-4    460                      5.034948301446026E-13
1.0000000000000002E-4    470                      5.071456090031083E-13
1.0000000000000002E-4    480                      5.10629110418191E-13
1.0000000000000002E-4    490                      5.140493367181762E-13
1.0000000000000002E-4    500                      5.174401928546844E-13
1.0000000000000002E-4    510                      5.207331901153813E-13
1.0000000000000002E-4    520                      5.238677413935322E-13
1.0000000000000002E-4    530                      5.268837928505836E-13
1.0000000000000002E-4    540                      5.298688589612148E-13
1.0000000000000002E-4    550                      5.327571863519527E-13
1.0000000000000002E-4    560                      5.354882884860919E-13
1.0000000000000002E-4    570                      5.380756509153091E-13
1.0000000000000002E-4    580                      5.406277059085929E-13
1.0000000000000002E-4    590                      5.4313895764727E-13
1.0000000000000002E-4    600                      5.45519085806649E-13
1.0000000000000002E-4    610                      5.478298237080942E-13
1.0000000000000002E-4    620                      5.500665310455096E-13
1.0000000000000002E-4    630                      5.522162716801174E-13
1.0000000000000002E-4    640                      5.542830202081801E-13
1.0000000000000002E-4    650                      5.562096668437145E-13
1.0000000000000002E-4    660                      5.581026318707575E-13
1.0000000000000002E-4    670                      5.599090918259141E-13
1.0000000000000002E-4    680                      5.61669571836109E-13
1.0000000000000002E-4    690                      5.633287854035793E-13
1.0000000000000002E-4    700                      5.649238594850682E-13
1.0000000000000002E-4    710                      5.664239352030737E-13
1.0000000000000002E-4    720                      5.678377465591439E-13
1.0000000000000002E-4    730                      5.692175223020277E-13
1.0000000000000002E-4    740                      5.705290300147104E-13
1.0000000000000002E-4    750                      5.71803058216456E-13
1.0000000000000002E-4    760                      5.729911978125165E-13
1.0000000000000002E-4    770                      5.741362206839919E-13
1.0000000000000002E-4    780                      5.751904572480263E-13
1.0000000000000002E-4    790                      5.762013400487267E-13
1.0000000000000002E-4    800                      5.77173184171163E-13
1.0000000000000002E-4    810                      5.781022615845086E-13
1.0000000000000002E-4    820                      5.789934644138259E-13
1.0000000000000002E-4    830                      5.798210148158713E-13
1.0000000000000002E-4    840                      5.806153854632763E-13
1.0000000000000002E-4    850                      5.813357588896589E-13
1.0000000000000002E-4    860                      5.820356889190126E-13
1.0000000000000002E-4    870                      5.826993632180194E-13
1.0000000000000002E-4    880                      5.833382188869952E-13
1.0000000000000002E-4    890                      5.839387438779018E-13
1.0000000000000002E-4    900                      5.845021075726235E-13
1.0000000000000002E-4    910                      5.850337148619654E-13
1.0000000000000002E-4    920                      5.85514931914231E-13
1.0000000000000002E-4    930                      5.859848683974448E-13
1.0000000000000002E-4    940                      5.864260318123437E-13
1.0000000000000002E-4    950                      5.868520597186315E-13
1.0000000000000002E-4    960                      5.872452811963351E-13
1.0000000000000002E-4    970                      5.876180449741357E-13
1.0000000000000002E-4    980                      5.879608167809651E-13
1.0000000000000002E-4    990                      5.882770091054476E-13
1.0000000000000002E-4    1000                     5.885831999842326E-13
1.0000000000000002E-4    1010                     5.888695012385008E-13
1.0000000000000002E-4    1020                     5.891450889251861E-13
1.0000000000000002E-4    1030                     5.893964902181057E-13
1.0000000000000002E-4    1040                     5.896359421134395E-13
1.0000000000000002E-4    1050                     5.898507260266755E-13
1.0000000000000002E-4    1060                     5.900539764798559E-13
1.0000000000000002E-4    1070                     5.90247244676626E-13
1.0000000000000002E-4    1080                     5.904296853202794E-13
1.0000000000000002E-4    1090                     5.906027055289047E-13
1.0000000000000002E-4    1100                     5.907601212432793E-13
1.0000000000000002E-4    1110                     5.909095439240936E-13
1.0000000000000002E-4    1120                     5.91041462201446E-13
1.0000000000000002E-4    1130                     5.911686686780229E-13
1.0000000000000002E-4    1140                     5.912877357828237E-13
1.0000000000000002E-4    1150                     5.914012921088771E-13
1.0000000000000002E-4    1160                     5.915064701816727E-13
1.0000000000000002E-4    1170                     5.916036299687027E-13
1.0000000000000002E-4    1180                     5.916940315347403E-13
1.0000000000000002E-4    1190                     5.917737961254418E-13
1.0000000000000002E-4    1200                     5.918513440658159E-13
1.0000000000000002E-4    1210                     5.91923256059946E-13
1.0000000000000002E-4    1220                     5.919922076585207E-13
1.0000000000000002E-4    1230                     5.920547997413494E-13
1.0000000000000002E-4    1240                     5.921134719294599E-13
1.0000000000000002E-4    1250                     5.921664514853276E-13
1.0000000000000002E-4    1260                     5.922144347354537E-13
1.0000000000000002E-4    1270                     5.922606693736003E-13
1.0000000000000002E-4    1280                     5.923034045869015E-13
1.0000000000000002E-4    1290                     5.92344262150226E-13
1.0000000000000002E-4    1300                     5.923809124120801E-13
1.0000000000000002E-4    1310                     5.924155118254451E-13
1.0000000000000002E-4    1320                     5.924458965095036E-13
1.0000000000000002E-4    1330                     5.924743402506744E-13
1.0000000000000002E-4    1340                     5.925012010321875E-13
1.0000000000000002E-4    1350                     5.925263369404043E-13
1.0000000000000002E-4    1360                     5.925499790148332E-13
1.0000000000000002E-4    1370                     5.925711653767673E-13
1.0000000000000002E-4    1380                     5.92591111377314E-13
1.0000000000000002E-4    1390                     5.926083387841089E-13
1.0000000000000002E-4    1400                     5.926248609640481E-13
1.0000000000000002E-4    1410                     5.926402041040256E-13
1.0000000000000002E-4    1420                     5.926547461051746E-13
1.0000000000000002E-4    1430                     5.92668076610942E-13
1.0000000000000002E-4    1440                     5.926802558379437E-13
1.0000000000000002E-4    1450                     5.926914773327634E-13
1.0000000000000002E-4    1460                     5.927012070621072E-13
1.0000000000000002E-4    1470                     5.927106339327645E-13
1.0000000000000002E-4    1480                     5.927192704439617E-13
1.0000000000000002E-4    1490                     5.927274399356029E-13
1.0000000000000002E-4    1500                     5.927345510557947E-13
1.0000000000000002E-4    1510                     5.927408226699468E-13
1.0000000000000002E-4    1520                     5.927469803570019E-13
1.0000000000000002E-4    1530                     5.927527217140575E-13
1.0000000000000002E-4    1540                     5.927581656909262E-13
1.0000000000000002E-4    1550                     5.927628914457137E-13
1.0000000000000002E-4    1560                     5.927670713319553E-13
1.0000000000000002E-4    1570                     5.927711707744231E-13
1.0000000000000002E-4    1580                     5.92774984607119E-13
1.0000000000000002E-4    1590                     5.927785978458048E-13
1.0000000000000002E-4    1600                     5.927817495988203E-13
1.0000000000000002E-4    1610                     5.927847032524061E-13
1.0000000000000002E-4    1620                     5.927874860568508E-13
1.0000000000000002E-4    1630                     5.927901405309533E-13
1.0000000000000002E-4    1640                     5.927924733669426E-13
1.0000000000000002E-4    1650                     5.927945370948584E-13
1.0000000000000002E-4    1660                     5.927964998788693E-13
1.0000000000000002E-4    1670                     5.927983153049754E-13
1.0000000000000002E-4    1680                     5.927999669605917E-13
1.0000000000000002E-4    1690                     5.92801529713525E-13
1.0000000000000002E-4    1700                     5.928028613122492E-13
1.0000000000000002E-4    1710                     5.928039790648593E-13
1.0000000000000002E-4    1720                     5.928050895954777E-13
1.0000000000000002E-4    1730                     5.928061528476925E-13
1.0000000000000002E-4    1740                     5.92807152859645E-13
1.0000000000000002E-4    1750                     5.928080702688042E-13
1.0000000000000002E-4    1760                     5.928088707452355E-13
1.0000000000000002E-4    1770                     5.928096429438056E-13
1.0000000000000002E-4    1780                     5.928103505924047E-13
1.0000000000000002E-4    1790                     5.928109969310784E-13
1.0000000000000002E-4    1800                     5.928116099403108E-13
1.0000000000000002E-4    1810                     5.928121551394157E-13
1.0000000000000002E-4    1820                     5.928126498364569E-13
1.0000000000000002E-4    1830                     5.928131199681055E-13
1.0000000000000002E-4    1840                     5.928135381592444E-13
1.0000000000000002E-4    1850                     5.928139185172066E-13
1.0000000000000002E-4    1860                     5.928142801473753E-13
1.0000000000000002E-4    1870                     5.928146016814561E-13
1.0000000000000002E-4    1880                     5.928148943677516E-13
1.0000000000000002E-4    1890                     5.928151726277162E-13
1.0000000000000002E-4    1900                     5.92815419770259E-13
1.0000000000000002E-4    1910                     5.928156450726857E-13
1.0000000000000002E-4    1920                     5.928158592782282E-13
1.0000000000000002E-4    1930                     5.928160494516825E-13
1.0000000000000002E-4    1940                     5.92816222913738E-13
1.0000000000000002E-4    1950                     5.9281638780884E-13
1.0000000000000002E-4    1960                     5.928165340965109E-13
1.0000000000000002E-4    1970                     5.928166677261955E-13
1.0000000000000002E-4    1980                     5.928167947437344E-13
1.0000000000000002E-4    1990                     5.928169006267269E-13
1.0000000000000002E-4    2000                     5.928169933681504E-13
1.0000000000000002E-4    2010                     5.928170855294483E-13
1.0000000000000002E-4    2020                     5.928171727853195E-13
1.0000000000000002E-4    2030                     5.928172552885934E-13
1.0000000000000002E-4    2040                     5.928173293938923E-13
1.0000000000000002E-4    2050                     5.928173920258718E-13
1.0000000000000002E-4    2060                     5.928174533102031E-13
1.0000000000000002E-4    2070                     5.92817510946185E-13
1.0000000000000002E-4    2080                     5.928175654007091E-13
1.0000000000000002E-4    2090                     5.928176141600165E-13
1.0000000000000002E-4    2100                     5.92817658091356E-13
1.0000000000000002E-4    2110                     5.928177000588986E-13
1.0000000000000002E-4    2120                     5.928177398068337E-13
1.0000000000000002E-4    2130                     5.928177763190219E-13
1.0000000000000002E-4    2140                     5.928178071136965E-13
1.0000000000000002E-4    2150                     5.928178368080655E-13
1.0000000000000002E-4    2160                     5.928178640438091E-13
1.0000000000000002E-4    2170                     5.928178889770078E-13
1.0000000000000002E-4    2180                     5.92817912649647E-13
1.0000000000000002E-4    2190                     5.928179338192938E-13
1.0000000000000002E-4    2200                     5.928179530396226E-13
1.0000000000000002E-4    2210                     5.928179713290354E-13
1.0000000000000002E-4    2220                     5.928179870837867E-13
1.0000000000000002E-4    2230                     5.928180004170251E-13
1.0000000000000002E-4    2240                     5.928180136448559E-13
1.0000000000000002E-4    2250                     5.928180263086398E-13
1.0000000000000002E-4    2260                     5.928180382355739E-13
1.0000000000000002E-4    2270                     5.92818049198603E-13
1.0000000000000002E-4    2280                     5.928180583737553E-13
1.0000000000000002E-4    2290                     5.928180672532185E-13
1.0000000000000002E-4    2300                     5.928180756971968E-13
1.0000000000000002E-4    2310                     5.928180836403008E-13
1.0000000000000002E-4    2320                     5.928180909223476E-13
1.0000000000000002E-4    2330                     5.928180973237866E-13
1.0000000000000002E-4    2340                     5.928181035036671E-13
1.0000000000000002E-4    2350                     5.928181093229337E-13
1.0000000000000002E-4    2360                     5.928181147853804E-13
1.0000000000000002E-4    2370                     5.928181193644249E-13
1.0000000000000002E-4    2380                     5.928181237552655E-13
1.0000000000000002E-4    2390                     5.928181278129385E-13
1.0000000000000002E-4    2400                     5.92818131522132E-13
1.0000000000000002E-4    2410                     5.92818135035709E-13
1.0000000000000002E-4    2420                     5.928181382211181E-13
1.0000000000000002E-4    2430                     5.92818141091236E-13
1.0000000000000002E-4    2440                     5.928181438182194E-13
1.0000000000000002E-4    2450                     5.928181462890963E-13
1.0000000000000002E-4    2460                     5.928181485211761E-13
1.0000000000000002E-4    2470                     5.928181506427317E-13
1.0000000000000002E-4    2480                     5.928181525191114E-13
1.0000000000000002E-4    2490                     5.928181540754077E-13
1.0000000000000002E-4    2500                     5.928181556071842E-13
1.0000000000000002E-4    2510                     5.928181570887465E-13
1.0000000000000002E-4    2520                     5.928181584752017E-13
1.0000000000000002E-4    2530                     5.928181597709493E-13
1.0000000000000002E-4    2540                     5.928181608562104E-13
1.0000000000000002E-4    2550                     5.928181618892163E-13
1.0000000000000002E-4    2560                     5.928181628818576E-13
1.0000000000000002E-4    2570                     5.928181638096445E-13
1.0000000000000002E-4    2580                     5.928181646740362E-13
1.0000000000000002E-4    2590                     5.928181654245157E-13
1.0000000000000002E-4    2600                     5.928181661500881E-13
1.0000000000000002E-4    2610                     5.928181668312947E-13
1.0000000000000002E-4    2620                     5.928181674774656E-13
1.0000000000000002E-4    2630                     5.928181680229953E-13
1.0000000000000002E-4    2640                     5.928181685383523E-13
1.0000000000000002E-4    2650                     5.928181690215471E-13
1.0000000000000002E-4    2660                     5.928181694647151E-13
1.0000000000000002E-4    2670                     5.928181698748369E-13
1.0000000000000002E-4    2680                     5.92818170258137E-13
1.0000000000000002E-4    2690                     5.928181705679319E-13
1.0000000000000002E-4    2700                     5.928181708549751E-13
1.0000000000000002E-4    2710                     5.928181711387863E-13
1.0000000000000002E-4    2720                     5.928181714053325E-13
1.0000000000000002E-4    2730                     5.928181716584284E-13
1.0000000000000002E-4    2740                     5.92818171881123E-13
1.0000000000000002E-4    2750                     5.928181720882867E-13
1.0000000000000002E-4    2760                     5.928181722842237E-13
1.0000000000000002E-4    2770                     5.928181724658334E-13
1.0000000000000002E-4    2780                     5.928181726314068E-13
1.0000000000000002E-4    2790                     5.928181727883719E-13
1.0000000000000002E-4    2800                     5.92818172918791E-13
1.0000000000000002E-4    2810                     5.928181730331926E-13
1.0000000000000002E-4    2820                     5.928181731469953E-13
1.0000000000000002E-4    2830                     5.928181732549475E-13
1.0000000000000002E-4    2840                     5.928181733571766E-13
1.0000000000000002E-4    2850                     5.928181734492731E-13
1.0000000000000002E-4    2860                     5.928181735320586E-13
1.0000000000000002E-4    2870                     5.92818173611348E-13
1.0000000000000002E-4    2880                     5.928181736848624E-13
1.0000000000000002E-4    2890                     5.928181737519539E-13
1.0000000000000002E-4    2900                     5.928181738154807E-13
1.0000000000000002E-4    2910                     5.928181738702374E-13
1.0000000000000002E-4    2920                     5.928181739159458E-13
1.0000000000000002E-4    2930                     5.928181739612702E-13
1.0000000000000002E-4    2940                     5.928181740048408E-13
1.0000000000000002E-4    2950                     5.928181740458133E-13
1.0000000000000002E-4    2960                     5.928181740836796E-13
1.0000000000000002E-4    2970                     5.928181741166879E-13
1.0000000000000002E-4    2980                     5.928181741485866E-13
1.0000000000000002E-4    2990                     5.928181741782345E-13
1.0000000000000002E-4    3000                     5.928181742052471E-13
1.0000000000000002E-4    3010                     5.928181742306932E-13
1.0000000000000002E-4    3020                     5.92818174253433E-13
1.0000000000000002E-4    3030                     5.92818174271827E-13
1.0000000000000002E-4    3040                     5.928181742897624E-13
1.0000000000000002E-4    3050                     5.928181743072662E-13
1.0000000000000002E-4    3060                     5.928181743235471E-13
1.0000000000000002E-4    3070                     5.928181743389044E-13
1.0000000000000002E-4    3080                     5.928181743521575E-13
1.0000000000000002E-4    3090                     5.92818174364882E-13
1.0000000000000002E-4    3100                     5.92818174376809E-13
1.0000000000000002E-4    3110                     5.9281817438764E-13
1.0000000000000002E-4    3120                     5.928181743977579E-13
1.0000000000000002E-4    3130                     5.92818174407083E-13
1.0000000000000002E-4    3140                     5.928181744145382E-13
1.0000000000000002E-4    3150                     5.928181744215809E-13
1.0000000000000002E-4    3160                     5.928181744285134E-13
1.0000000000000002E-4    3170                     5.928181744349952E-13
1.0000000000000002E-4    3180                     5.928181744411379E-13
1.0000000000000002E-4    3190                     5.928181744464879E-13
1.0000000000000002E-4    3200                     5.92818174451515E-13
1.0000000000000002E-4    3210                     5.928181744562476E-13
1.0000000000000002E-4    3220                     5.92818174460619E-13
1.0000000000000002E-4    3230                     5.92818174464599E-13
1.0000000000000002E-4    3240                     5.928181744683571E-13
1.0000000000000002E-4    3250                     5.928181744714149E-13
1.0000000000000002E-4    3260                     5.92818174474162E-13
1.0000000000000002E-4    3270                     5.928181744768833E-13
1.0000000000000002E-4    3280                     5.928181744794532E-13
1.0000000000000002E-4    3290                     5.928181744818879E-13
1.0000000000000002E-4    3300                     5.928181744840447E-13
1.0000000000000002E-4    3310                     5.928181744860166E-13
1.0000000000000002E-4    3320                     5.928181744878888E-13
1.0000000000000002E-4    3330                     5.928181744896216E-13
1.0000000000000002E-4    3340                     5.928181744911997E-13
1.0000000000000002E-4    3350                     5.928181744926931E-13
1.0000000000000002E-4    3360                     5.928181744939524E-13
1.0000000000000002E-4    3370                     5.928181744950194E-13
1.0000000000000002E-4    3380                     5.9281817449608E-13
1.0000000000000002E-4    3390                     5.928181744970946E-13
1.0000000000000002E-4    3400                     5.928181744980504E-13
1.0000000000000002E-4    3410                     5.928181744989212E-13
1.0000000000000002E-4    3420                     5.928181744996863E-13
1.0000000000000002E-4    3430                     5.92818174500424E-13
1.0000000000000002E-4    3440                     5.928181745011053E-13
1.0000000000000002E-4    3450                     5.928181745017272E-13
1.0000000000000002E-4    3460                     5.928181745023149E-13
1.0000000000000002E-4    3470                     5.928181745028264E-13
1.0000000000000002E-4    3480                     5.928181745032463E-13
1.0000000000000002E-4    3490                     5.928181745036568E-13
1.0000000000000002E-4    3500                     5.928181745040563E-13
1.0000000000000002E-4    3510                     5.928181745044268E-13
1.0000000000000002E-4    3520                     5.92818174504773E-13
1.0000000000000002E-4    3530                     5.928181745050728E-13
1.0000000000000002E-4    3540                     5.928181745053623E-13
1.0000000000000002E-4    3550                     5.928181745056302E-13
1.0000000000000002E-4    3560                     5.928181745058737E-13
1.0000000000000002E-4    3570                     5.928181745061023E-13
1.0000000000000002E-4    3580                     5.928181745063085E-13
1.0000000000000002E-4    3590                     5.92818174506474E-13
1.0000000000000002E-4    3600                     5.928181745066326E-13
1.5000000000000001E-4    0                        4.9616476397393786E-15
1.5000000000000001E-4    10                       1.759508095185314E-13
1.5000000000000001E-4    20                       2.2496983162454606E-13
1.5000000000000001E-4    30                       2.553707380540184E-13
1.5000000000000001E-4    40                       2.7727772422667363E-13
1.5000000000000001E-4    50                       2.9436686562662416E-13
1.5000000000000001E-4    60                       3.083071384348746E-13
1.5000000000000001E-4    70                       3.200377014971076E-13
1.5000000000000001E-4    80                       3.3014076073786617E-13
1.5000000000000001E-4    90                       3.3898137875903366E-13
1.5000000000000001E-4    100                      3.468908652107194E-13
1.5000000000000001E-4    110                      3.539930341929873E-13
1.5000000000000001E-4    120                      3.6054758654796306E-13
1.5000000000000001E-4    130                      3.669666294782843E-13
1.5000000000000001E-4    140                      3.736546565572412E-13
1.5000000000000001E-4    150                      3.8076029771720563E-13
1.5000000000000001E-4    160                      3.881203673531804E-13
1.5000000000000001E-4    170                      3.9544199626437377E-13
1.5000000000000001E-4    180                      4.0254746244843484E-13
1.5000000000000001E-4    190                      4.094779659688801E-13
1.5000000000000001E-4    200                      4.1649858378634753E-13
1.5000000000000001E-4    210                      4.235839045892759E-13
1.5000000000000001E-4    220                      4.306355648318498E-13
1.5000000000000001E-4    230                      4.376064278489287E-13
1.5000000000000001E-4    240                      4.444435218145043E-13
1.5000000000000001E-4    250                      4.511296888525011E-13
1.5000000000000001E-4    260                      4.5769318287399E-13
1.5000000000000001E-4    270                      4.642231778650748E-13
1.5000000000000001E-4    280                      4.706902982316087E-13
1.5000000000000001E-4    290                      4.769871692893638E-13
1.5000000000000001E-4    300                      4.830163292933065E-13
1.5000000000000001E-4    310                      4.889688350388724E-13
1.5000000000000001E-4    320                      4.948631874578477E-13
1.5000000000000001E-4    330                      5.005868792110252E-13
1.5000000000000001E-4    340                      5.06051921243099E-13
1.5000000000000001E-4    350                      5.112985403142376E-13
1.5000000000000001E-4    360                      5.165033632856142E-13
1.5000000000000001E-4    370                      5.216050447416009E-13
1.5000000000000001E-4    380                      5.264790184173446E-13
1.5000000000000001E-4    390                      5.310625611265585E-13
1.5000000000000001E-4    400                      5.354835375849499E-13
1.5000000000000001E-4    410                      5.398677239344354E-13
1.5000000000000001E-4    420                      5.441152042929013E-13
1.5000000000000001E-4    430                      5.482292031778986E-13
1.5000000000000001E-4    440                      5.521526498156539E-13
1.5000000000000001E-4    450                      5.558441755786268E-13
1.5000000000000001E-4    460                      5.594615127005012E-13
1.5000000000000001E-4    470                      5.629671492496491E-13
1.5000000000000001E-4    480                      5.663406332891896E-13
1.5000000000000001E-4    490                      5.694078811948664E-13
1.5000000000000001E-4    500                      5.724090603106088E-13
1.5000000000000001E-4    510                      5.752979206213481E-13
1.5000000000000001E-4    520                      5.780993860729544E-13
1.5000000000000001E-4    530                      5.806367222830692E-13
1.5000000000000001E-4    540                      5.830826803466347E-13
1.5000000000000001E-4    550                      5.854327959615257E-13
1.5000000000000001E-4    560                      5.877145389448195E-13
1.5000000000000001E-4    570                      5.897971698396741E-13
1.5000000000000001E-4    580                      5.91752761950664E-13
1.5000000000000001E-4    590                      5.936367489256099E-13
1.5000000000000001E-4    600                      5.954248400741309E-13
1.5000000000000001E-4    610                      5.971005007608758E-13
1.5000000000000001E-4    620                      5.987147022146318E-13
1.5000000000000001E-4    630                      6.001431196396944E-13
1.5000000000000001E-4    640                      6.014311826592542E-13
1.5000000000000001E-4    650                      6.027119588956328E-13
1.5000000000000001E-4    660                      6.039423194956727E-13
1.5000000000000001E-4    670                      6.05119092494435E-13
1.5000000000000001E-4    680                      6.062101287349283E-13
1.5000000000000001E-4    690                      6.072050424958038E-13
1.5000000000000001E-4    700                      6.081688657509293E-13
1.5000000000000001E-4    710                      6.090885624766242E-13
1.5000000000000001E-4    720                      6.099549933205682E-13
1.5000000000000001E-4    730                      6.107058471698168E-13
1.5000000000000001E-4    740                      6.114334311720905E-13
1.5000000000000001E-4    750                      6.121181175036043E-13
1.5000000000000001E-4    760                      6.127499382010805E-13
1.5000000000000001E-4    770                      6.133485878436078E-13
1.5000000000000001E-4    780                      6.138984775327555E-13
1.5000000000000001E-4    790                      6.143540817637684E-13
1.5000000000000001E-4    800                      6.147951296059417E-13
1.5000000000000001E-4    810                      6.152275519864474E-13
1.5000000000000001E-4    820                      6.156322677913517E-13
1.5000000000000001E-4    830                      6.160166082081073E-13
1.5000000000000001E-4    840                      6.163526384751618E-13
1.5000000000000001E-4    850                      6.166738512369126E-13
1.5000000000000001E-4    860                      6.169762334448642E-13
1.5000000000000001E-4    870                      6.17265376760676E-13
1.5000000000000001E-4    880                      6.175157239150111E-13
1.5000000000000001E-4    890                      6.177447277296624E-13
1.5000000000000001E-4    900                      6.179610768367881E-13
1.5000000000000001E-4    910                      6.18161521847648E-13
1.5000000000000001E-4    920                      6.183440997983568E-13
1.5000000000000001E-4    930                      6.185170836326977E-13
1.5000000000000001E-4    940                      6.186606706644664E-13
1.5000000000000001E-4    950                      6.187856267357514E-13
1.5000000000000001E-4    960                      6.189098905152313E-13
1.5000000000000001E-4    970                      6.190274906648248E-13
1.5000000000000001E-4    980                      6.191384247499614E-13
1.5000000000000001E-4    990                      6.192378461182698E-13
1.5000000000000001E-4    1000                     6.193261883853353E-13
1.5000000000000001E-4    1010                     6.194105890662683E-13
1.5000000000000001E-4    1020                     6.194883103505819E-13
1.5000000000000001E-4    1030                     6.195605941103168E-13
1.5000000000000001E-4    1040                     6.196223841147692E-13
1.5000000000000001E-4    1050                     6.196724119825734E-13
1.5000000000000001E-4    1060                     6.19721783235654E-13
1.5000000000000001E-4    1070                     6.197699724068657E-13
1.5000000000000001E-4    1080                     6.198142195180889E-13
1.5000000000000001E-4    1090                     6.198561809941938E-13
1.5000000000000001E-4    1100                     6.198931884554029E-13
1.5000000000000001E-4    1110                     6.199272143165409E-13
1.5000000000000001E-4    1120                     6.19956918315485E-13
1.5000000000000001E-4    1130                     6.199830085946051E-13
1.5000000000000001E-4    1140                     6.200078643021033E-13
1.5000000000000001E-4    1150                     6.200301956694291E-13
1.5000000000000001E-4    1160                     6.200510076283955E-13
1.5000000000000001E-4    1170                     6.20068442517928E-13
1.5000000000000001E-4    1180                     6.200849909679944E-13
1.5000000000000001E-4    1190                     6.201003332056713E-13
1.5000000000000001E-4    1200                     6.201148316863504E-13
1.5000000000000001E-4    1210                     6.201268502946988E-13
1.5000000000000001E-4    1220                     6.20137680114016E-13
1.5000000000000001E-4    1230                     6.201477438050321E-13
1.5000000000000001E-4    1240                     6.201572344484158E-13
1.5000000000000001E-4    1250                     6.201654168826664E-13
1.5000000000000001E-4    1260                     6.201723594610925E-13
1.5000000000000001E-4    1270                     6.201789184059353E-13
1.5000000000000001E-4    1280                     6.201848014157103E-13
1.5000000000000001E-4    1290                     6.20190065778164E-13
1.5000000000000001E-4    1300                     6.201949997061032E-13
1.5000000000000001E-4    1310                     6.201992331865348E-13
1.5000000000000001E-4    1320                     6.202030149855885E-13
1.5000000000000001E-4    1330                     6.202065590499076E-13
1.5000000000000001E-4    1340                     6.202093302559467E-13
1.5000000000000001E-4    1350                     6.202117111455591E-13
1.5000000000000001E-4    1360                     6.202140735842819E-13
1.5000000000000001E-4    1370                     6.202162750155592E-13
1.5000000000000001E-4    1380                     6.202183296801287E-13
1.5000000000000001E-4    1390                     6.202201037875122E-13
1.5000000000000001E-4    1400                     6.202216662446604E-13
1.5000000000000001E-4    1410                     6.202231334460122E-13
1.5000000000000001E-4    1420                     6.202245040871015E-13
1.5000000000000001E-4    1430                     6.202257238264149E-13
1.5000000000000001E-4    1440                     6.202267010041566E-13
1.5000000000000001E-4    1450                     6.20227632241041E-13
1.5000000000000001E-4    1460                     6.202284743212767E-13
1.5000000000000001E-4    1470                     6.20229240623655E-13
1.5000000000000001E-4    1480                     6.202298981025347E-13
1.5000000000000001E-4    1490                     6.202303907331354E-13
1.5000000000000001E-4    1500                     6.202308660899229E-13
1.5000000000000001E-4    1510                     6.202313333503901E-13
1.5000000000000001E-4    1520                     6.202317602699178E-13
1.5000000000000001E-4    1530                     6.202321598615009E-13
1.5000000000000001E-4    1540                     6.202325110119436E-13
1.5000000000000001E-4    1550                     6.202328239870069E-13
1.5000000000000001E-4    1560                     6.202330992420667E-13
1.5000000000000001E-4    1570                     6.202333267720569E-13
1.5000000000000001E-4    1580                     6.202335444749375E-13
1.5000000000000001E-4    1590                     6.202337373698532E-13
1.5000000000000001E-4    1600                     6.202339161647176E-13
1.5000000000000001E-4    1610                     6.202340640934965E-13
1.5000000000000001E-4    1620                     6.202342003145998E-13
1.5000000000000001E-4    1630                     6.202343262031684E-13
1.5000000000000001E-4    1640                     6.202344446367904E-13
1.5000000000000001E-4    1650                     6.202345438931427E-13
1.5000000000000001E-4    1660                     6.202346288695596E-13
1.5000000000000001E-4    1670                     6.202347081487163E-13
1.5000000000000001E-4    1680                     6.202347797578363E-13
1.5000000000000001E-4    1690                     6.202348453290906E-13
1.5000000000000001E-4    1700                     6.202348982531079E-13
1.5000000000000001E-4    1710                     6.202349399499656E-13
1.5000000000000001E-4    1720                     6.202349816224804E-13
1.5000000000000001E-4    1730                     6.202350219256337E-13
1.5000000000000001E-4    1740                     6.202350583974225E-13
1.5000000000000001E-4    1750                     6.20235092738293E-13
1.5000000000000001E-4    1760                     6.202351222923353E-13
1.5000000000000001E-4    1770                     6.202351493239993E-13
1.5000000000000001E-4    1780                     6.202351720935043E-13
1.5000000000000001E-4    1790                     6.202351922101079E-13
1.5000000000000001E-4    1800                     6.202352110575502E-13
1.5000000000000001E-4    1810                     6.202352278948025E-13
1.5000000000000001E-4    1820                     6.202352433625187E-13
1.5000000000000001E-4    1830                     6.202352560865216E-13
1.5000000000000001E-4    1840                     6.202352682177361E-13
1.5000000000000001E-4    1850                     6.202352793947763E-13
1.5000000000000001E-4    1860                     6.202352898861977E-13
1.5000000000000001E-4    1870                     6.202352983718396E-13
1.5000000000000001E-4    1880                     6.202353061174358E-13
1.5000000000000001E-4    1890                     6.202353132612126E-13
1.5000000000000001E-4    1900                     6.202353197234128E-13
1.5000000000000001E-4    1910                     6.202353256447486E-13
1.5000000000000001E-4    1920                     6.202353301970312E-13
1.5000000000000001E-4    1930                     6.202353341465743E-13
1.5000000000000001E-4    1940                     6.202353380967904E-13
1.5000000000000001E-4    1950                     6.202353418519625E-13
1.5000000000000001E-4    1960                     6.202353452831308E-13
1.5000000000000001E-4    1970                     6.202353484846832E-13
1.5000000000000001E-4    1980                     6.202353512457431E-13
1.5000000000000001E-4    1990                     6.202353537988073E-13
1.5000000000000001E-4    2000                     6.202353559133176E-13
1.5000000000000001E-4    2010                     6.202353578842611E-13
1.5000000000000001E-4    2020                     6.202353596834711E-13
1.5000000000000001E-4    2030                     6.202353613363686E-13
1.5000000000000001E-4    2040                     6.20235362806542E-13
1.5000000000000001E-4    2050                     6.202353640608212E-13
1.5000000000000001E-4    2060                     6.202353652608469E-13
1.5000000000000001E-4    2070                     6.202353663421563E-13
1.5000000000000001E-4    2080                     6.202353673135973E-13
1.5000000000000001E-4    2090                     6.20235368226313E-13
1.5000000000000001E-4    2100                     6.202353690168542E-13
1.5000000000000001E-4    2110                     6.202353697229914E-13
1.5000000000000001E-4    2120                     6.202353703875602E-13
1.5000000000000001E-4    2130                     6.202353709277633E-13
1.5000000000000001E-4    2140                     6.202353713778244E-13
1.5000000000000001E-4    2150                     6.202353718254641E-13
1.5000000000000001E-4    2160                     6.20235372247635E-13
1.5000000000000001E-4    2170                     6.202353726423086E-13
1.5000000000000001E-4    2180                     6.202353729933981E-13
1.5000000000000001E-4    2190                     6.202353732972571E-13
1.5000000000000001E-4    2200                     6.202353735871379E-13
1.5000000000000001E-4    2210                     6.202353738574114E-13
1.5000000000000001E-4    2220                     6.20235374105063E-13
1.5000000000000001E-4    2230                     6.202353743047362E-13
1.5000000000000001E-4    2240                     6.202353744953674E-13
1.5000000000000001E-4    2250                     6.202353746699298E-13
1.5000000000000001E-4    2260                     6.202353748289615E-13
1.5000000000000001E-4    2270                     6.202353749705744E-13
1.5000000000000001E-4    2280                     6.202353750788353E-13
1.5000000000000001E-4    2290                     6.202353751808971E-13
1.5000000000000001E-4    2300                     6.202353752819998E-13
1.5000000000000001E-4    2310                     6.202353753757729E-13
1.5000000000000001E-4    2320                     6.202353754635773E-13
1.5000000000000001E-4    2330                     6.202353755428001E-13
1.5000000000000001E-4    2340                     6.202353756116306E-13
1.5000000000000001E-4    2350                     6.202353756758244E-13
1.5000000000000001E-4    2360                     6.2023537573359E-13
1.5000000000000001E-4    2370                     6.202353757838869E-13
1.5000000000000001E-4    2380                     6.202353758308561E-13
1.5000000000000001E-4    2390                     6.202353758730354E-13
1.5000000000000001E-4    2400                     6.202353759098771E-13
1.5000000000000001E-4    2410                     6.202353759443121E-13
1.5000000000000001E-4    2420                     6.20235375975127E-13
1.5000000000000001E-4    2430                     6.202353760020664E-13
1.5000000000000001E-4    2440                     6.202353760272669E-13
1.5000000000000001E-4    2450                     6.20235376049761E-13
1.5000000000000001E-4    2460                     6.20235376069477E-13
1.5000000000000001E-4    2470                     6.202353760879334E-13
1.5000000000000001E-4    2480                     6.202353761043535E-13
1.5000000000000001E-4    2490                     6.202353761187507E-13
1.5000000000000001E-4    2500                     6.202353761322385E-13
1.5000000000000001E-4    2510                     6.202353761442117E-13
1.5000000000000001E-4    2520                     6.202353761547564E-13
1.5000000000000001E-4    2530                     6.20235376164649E-13
1.5000000000000001E-4    2540                     6.202353761731502E-13
1.5000000000000001E-4    2550                     6.202353761798128E-13
1.5000000000000001E-4    2560                     6.202353761863436E-13
1.5000000000000001E-4    2570                     6.202353761926331E-13
1.5000000000000001E-4    2580                     6.202353761984314E-13
1.5000000000000001E-4    2590                     6.202353762037753E-13
1.5000000000000001E-4    2600                     6.20235376208245E-13
1.5000000000000001E-4    2610                     6.202353762125238E-13
1.5000000000000001E-4    2620                     6.202353762164772E-13
1.5000000000000001E-4    2630                     6.202353762201878E-13
1.5000000000000001E-4    2640                     6.202353762231964E-13
1.5000000000000001E-4    2650                     6.202353762259742E-13
1.5000000000000001E-4    2660                     6.202353762285408E-13
1.5000000000000001E-4    2670                     6.202353762308477E-13
1.5000000000000001E-4    2680                     6.202353762329308E-13
1.5000000000000001E-4    2690                     6.202353762348567E-13
1.5000000000000001E-4    2700                     6.202353762363214E-13
1.5000000000000001E-4    2710                     6.202353762376364E-13
1.5000000000000001E-4    2720                     6.202353762389353E-13
1.5000000000000001E-4    2730                     6.202353762401435E-13
1.5000000000000001E-4    2740                     6.202353762412759E-13
1.5000000000000001E-4    2750                     6.202353762422467E-13
1.5000000000000001E-4    2760                     6.202353762431255E-13
1.5000000000000001E-4    2770                     6.202353762439494E-13
1.5000000000000001E-4    2780                     6.202353762446818E-13
1.5000000000000001E-4    2790                     6.202353762453481E-13
1.5000000000000001E-4    2800                     6.202353762459649E-13
1.5000000000000001E-4    2810                     6.202353762464933E-13
1.5000000000000001E-4    2820                     6.20235376246973E-13
1.5000000000000001E-4    2830                     6.202353762474194E-13
1.5000000000000001E-4    2840                     6.20235376247802E-13
1.5000000000000001E-4    2850                     6.202353762481517E-13
1.5000000000000001E-4    2860                     6.202353762484762E-13
1.5000000000000001E-4    2870                     6.2023537624875E-13
1.5000000000000001E-4    2880                     6.20235376249005E-13
1.5000000000000001E-4    2890                     6.202353762492362E-13
1.5000000000000001E-4    2900                     6.20235376249414E-13
1.5000000000000001E-4    2910                     6.202353762495758E-13
1.5000000000000001E-4    2920                     6.20235376249735E-13
1.5000000000000001E-4    2930                     6.20235376249883E-13
1.5000000000000001E-4    2940                     6.202353762500202E-13
1.5000000000000001E-4    2950                     6.202353762501364E-13
1.5000000000000001E-4    2960                     6.20235376250236E-13
1.5000000000000001E-4    2970                     6.202353762503311E-13
1.5000000000000001E-4    2980                     6.202353762504183E-13
1.5000000000000001E-4    2990                     6.202353762505016E-13
1.5000000000000001E-4    3000                     6.202353762505708E-13
1.5000000000000001E-4    3010                     6.202353762506354E-13
1.5000000000000001E-4    3020                     6.202353762506954E-13
1.5000000000000001E-4    3030                     6.202353762507523E-13
1.5000000000000001E-4    3040                     6.202353762508E-13
1.5000000000000001E-4    3050                     6.202353762508406E-13
1.5000000000000001E-4    3060                     6.202353762508781E-13
1.5000000000000001E-4    3070                     6.202353762509131E-13
1.5000000000000001E-4    3080                     6.202353762509431E-13
1.5000000000000001E-4    3090                     6.202353762509714E-13
1.5000000000000001E-4    3100                     6.202353762509961E-13
1.5000000000000001E-4    3110                     6.20235376251019E-13
1.5000000000000001E-4    3120                     6.202353762510406E-13
1.5000000000000001E-4    3130                     6.202353762510588E-13
1.5000000000000001E-4    3140                     6.202353762510743E-13
1.5000000000000001E-4    3150                     6.202353762510891E-13
1.5000000000000001E-4    3160                     6.202353762511009E-13
1.5000000000000001E-4    3170                     6.202353762511107E-13
1.5000000000000001E-4    3180                     6.202353762511199E-13
1.5000000000000001E-4    3190                     6.2023537625113E-13
1.5000000000000001E-4    3200                     6.202353762511384E-13
1.5000000000000001E-4    3210                     6.202353762511453E-13
1.5000000000000001E-4    3220                     6.202353762511513E-13
1.5000000000000001E-4    3230                     6.202353762511581E-13
1.5000000000000001E-4    3240                     6.202353762511639E-13
1.5000000000000001E-4    3250                     6.20235376251169E-13
1.5000000000000001E-4    3260                     6.202353762511733E-13
1.5000000000000001E-4    3270                     6.202353762511777E-13
1.5000000000000001E-4    3280                     6.20235376251181E-13
1.5000000000000001E-4    3290                     6.202353762511852E-13
1.5000000000000001E-4    3300                     6.20235376251188E-13
1.5000000000000001E-4    3310                     6.202353762511893E-13
1.5000000000000001E-4    3320                     6.202353762511912E-13
1.5000000000000001E-4    3330                     6.202353762511932E-13
1.5000000000000001E-4    3340                     6.20235376251195E-13
1.5000000000000001E-4    3350                     6.202353762511968E-13
1.5000000000000001E-4    3360                     6.202353762511982E-13
1.5000000000000001E-4    3370                     6.202353762512001E-13
1.5000000000000001E-4    3380                     6.202353762512015E-13
1.5000000000000001E-4    3390                     6.202353762512024E-13
1.5000000000000001E-4    3400                     6.202353762512032E-13
1.5000000000000001E-4    3410                     6.202353762512042E-13
1.5000000000000001E-4    3420                     6.202353762512047E-13
1.5000000000000001E-4    3430                     6.202353762512056E-13
1.5000000000000001E-4    3440                     6.202353762512067E-13
1.5000000000000001E-4    3450                     6.20235376251208E-13
1.5000000000000001E-4    3460                     6.202353762512082E-13
1.5000000000000001E-4    3470                     6.202353762512092E-13
1.5000000000000001E-4    3480                     6.202353762512094E-13
1.5000000000000001E-4    3490                     6.202353762512094E-13
1.5000000000000001E-4    3500                     6.202353762512102E-13
1.5000000000000001E-4    3510                     6.202353762512107E-13
1.5000000000000001E-4    3520                     6.20235376251211E-13
1.5000000000000001E-4    3530                     6.202353762512102E-13
1.5000000000000001E-4    3540                     6.202353762512102E-13
1.5000000000000001E-4    3550                     6.202353762512105E-13
1.5000000000000001E-4    3560                     6.2023537625121E-13
1.5000000000000001E-4    3570                     6.202353762512097E-13
1.5000000000000001E-4    3580                     6.202353762512105E-13
1.5000000000000001E-4    3590                     6.202353762512099E-13
1.5000000000000001E-4    3600                     6.202353762512099E-13
