% Model:              refresh-2_5-D_Cd_without_photobleaching.mph
% Version:            COMSOL 6.2.0.339
% Date:               May 22 2026, 16:15
% Table:              Evaluation Group 5 - 
% Q (L/min)              Time (s)                 Dependent variable N_bound (mol/m^2)
0                        0                        4.9617273966060805E-15
0                        10                       1.7863185753105132E-13
0                        20                       2.3516250078218925E-13
0                        30                       2.737351352486451E-13
0                        40                       3.05409446077114E-13
0                        50                       3.321479254014948E-13
0                        60                       3.500496884176159E-13
0                        70                       3.5966714228913445E-13
0                        80                       3.6563326892387494E-13
0                        90                       3.7323446499142304E-13
0                        100                      3.8486301097343885E-13
0                        110                      3.989138041880006E-13
0                        120                      4.116003792728333E-13
0                        130                      4.200306475890363E-13
0                        140                      4.242118772680206E-13
0                        150                      4.267211793374029E-13
0                        160                      4.3059371977350874E-13
0                        170                      4.3716271191946424E-13
0                        180                      4.453841037819762E-13
0                        190                      4.508376210453038E-13
0                        200                      4.550722216379664E-13
0                        210                      4.594091397787468E-13
0                        220                      4.637314772241494E-13
0                        230                      4.677858078021435E-13
0                        240                      4.713821991533758E-13
0                        250                      4.745273296025338E-13
0                        260                      4.775398065511235E-13
0                        270                      4.805979619255609E-13
0                        280                      4.835849096770849E-13
0                        290                      4.863913444743038E-13
0                        300                      4.888881221902514E-13
0                        310                      4.910783049325983E-13
0                        320                      4.930828420911562E-13
0                        330                      4.950447187229277E-13
0                        340                      4.970303311107632E-13
0                        350                      4.989979021603845E-13
0                        360                      5.007348987308482E-13
0                        370                      5.023729867667484E-13
0                        380                      5.039874572392697E-13
0                        390                      5.055130519279092E-13
0                        400                      5.068939642701033E-13
0                        410                      5.081274079689726E-13
0                        420                      5.093139624072566E-13
0                        430                      5.104860530006583E-13
0                        440                      5.116334544682297E-13
0                        450                      5.127091434477536E-13
0                        460                      5.136687833505732E-13
0                        470                      5.145164838083768E-13
0                        480                      5.152973334413215E-13
0                        490                      5.16065994512839E-13
0                        500                      5.168475497160905E-13
0                        510                      5.176102128915365E-13
0                        520                      5.183184929969507E-13
0                        530                      5.189483081784967E-13
0                        540                      5.195074842467748E-13
0                        550                      5.20027476350532E-13
0                        560                      5.205413276552996E-13
0                        570                      5.210525497665136E-13
0                        580                      5.215488469513819E-13
0                        590                      5.220295261186527E-13
0                        600                      5.224680915536995E-13
0                        610                      5.228523482387532E-13
0                        620                      5.232026508043606E-13
0                        630                      5.235576792327224E-13
0                        640                      5.239044605961336E-13
0                        650                      5.242212259661649E-13
0                        660                      5.245088104637285E-13
0                        670                      5.247846756397065E-13
0                        680                      5.250439468493803E-13
0                        690                      5.252967543941633E-13
0                        700                      5.25544584288249E-13
0                        710                      5.257755064377181E-13
0                        720                      5.259796956925574E-13
0                        730                      5.261591289442986E-13
0                        740                      5.263293979099021E-13
0                        750                      5.265019690125531E-13
0                        760                      5.266739149712067E-13
0                        770                      5.268402549356571E-13
0                        780                      5.269881509028926E-13
0                        790                      5.27119138525371E-13
0                        800                      5.272490105027226E-13
0                        810                      5.273764645505027E-13
0                        820                      5.274955788668338E-13
0                        830                      5.276015917151456E-13
0                        840                      5.27695310370508E-13
0                        850                      5.27784645022821E-13
0                        860                      5.278748169204561E-13
0                        870                      5.27962049468177E-13
0                        880                      5.280463201149995E-13
0                        890                      5.281258256605722E-13
0                        900                      5.281953563285375E-13
0                        910                      5.282610428298278E-13
0                        920                      5.283246860826746E-13
0                        930                      5.283851678888317E-13
0                        940                      5.284441429369169E-13
0                        950                      5.284983709114593E-13
0                        960                      5.28545930334551E-13
0                        970                      5.285927757773769E-13
0                        980                      5.286383898488833E-13
0                        990                      5.2867938094121E-13
0                        1000                     5.287186585938908E-13
0                        1010                     5.287573174610284E-13
0                        1020                     5.287937681276084E-13
0                        1030                     5.288262965414561E-13
0                        1040                     5.288547727603594E-13
0                        1050                     5.288806068006378E-13
0                        1060                     5.289056856923592E-13
0                        1070                     5.28931122229063E-13
0                        1080                     5.289566645362421E-13
0                        1090                     5.289795817522488E-13
0                        1100                     5.290007656138959E-13
0                        1110                     5.290217959894344E-13
0                        1120                     5.290421653892253E-13
0                        1130                     5.290608214757464E-13
0                        1140                     5.290772418941151E-13
0                        1150                     5.290917945321841E-13
0                        1160                     5.291054220645669E-13
0                        1170                     5.291190001612021E-13
0                        1180                     5.291326991573671E-13
0                        1190                     5.291460689674745E-13
0                        1200                     5.29158062998632E-13
0                        1210                     5.291689774296929E-13
0                        1220                     5.291796194597365E-13
0                        1230                     5.291901144722346E-13
0                        1240                     5.292001659790101E-13
0                        1250                     5.292092483414822E-13
0                        1260                     5.29217885403947E-13
0                        1270                     5.292260965491763E-13
0                        1280                     5.292338455868946E-13
0                        1290                     5.292412294974018E-13
0                        1300                     5.292478386832129E-13
0                        1310                     5.29254189299206E-13
0                        1320                     5.292602118283265E-13
0                        1330                     5.292655044651785E-13
0                        1340                     5.292704896511462E-13
0                        1350                     5.292754350601168E-13
0                        1360                     5.292801931954899E-13
0                        1370                     5.292846137875946E-13
0                        1380                     5.292888857049665E-13
0                        1390                     5.292928363923671E-13
0                        1400                     5.292966196977941E-13
0                        1410                     5.293001361833535E-13
0                        1420                     5.293033076669456E-13
0                        1430                     5.293064120279204E-13
0                        1440                     5.293092941047944E-13
0                        1450                     5.293117968042858E-13
0                        1460                     5.293142552327242E-13
0                        1470                     5.293166768401549E-13
0                        1480                     5.293189642279708E-13
0                        1490                     5.293210286146302E-13
0                        1500                     5.293228631250259E-13
0                        1510                     5.293246067509417E-13
0                        1520                     5.293263556217039E-13
0                        1530                     5.293280347594755E-13
0                        1540                     5.29329661457832E-13
0                        1550                     5.293312119632953E-13
0                        1560                     5.293325507359343E-13
0                        1570                     5.293338084877584E-13
0                        1580                     5.293350562265195E-13
0                        1590                     5.293362796260721E-13
0                        1600                     5.29337422617238E-13
0                        1610                     5.293384795183066E-13
0                        1620                     5.293394975454318E-13
0                        1630                     5.293404411133187E-13
0                        1640                     5.29341350928242E-13
0                        1650                     5.293421894631167E-13
0                        1660                     5.29342993537555E-13
0                        1670                     5.293437383715128E-13
0                        1680                     5.293443818088806E-13
0                        1690                     5.293450137981928E-13
0                        1700                     5.29345639406669E-13
0                        1710                     5.293462392115059E-13
0                        1720                     5.293467989796453E-13
0                        1730                     5.293473415468299E-13
0                        1740                     5.293478467860702E-13
0                        1750                     5.293483343044927E-13
0                        1760                     5.293487887412312E-13
0                        1770                     5.293492076909445E-13
0                        1780                     5.293496174042571E-13
0                        1790                     5.293499991019022E-13
0                        1800                     5.293503457492157E-13
0                        1810                     5.293506895095481E-13
0                        1820                     5.293510250442023E-13
0                        1830                     5.293513410624829E-13
0                        1840                     5.293516488275811E-13
0                        1850                     5.293519474008984E-13
0                        1860                     5.293522196577088E-13
0                        1870                     5.293524805919451E-13
0                        1880                     5.293527404602569E-13
0                        1890                     5.293529948024514E-13
0                        1900                     5.293532390301181E-13
0                        1910                     5.29353478865105E-13
0                        1920                     5.293537093998625E-13
0                        1930                     5.293539352108003E-13
0                        1940                     5.293541540055299E-13
0                        1950                     5.293543641163929E-13
0                        1960                     5.293545724238627E-13
0                        1970                     5.293547749582008E-13
0                        1980                     5.293549716013663E-13
0                        1990                     5.293551677345184E-13
0                        2000                     5.293553633789255E-13
0                        2010                     5.293555582001996E-13
0                        2020                     5.293557508922599E-13
0                        2030                     5.293559410703114E-13
0                        2040                     5.293561298015973E-13
0                        2050                     5.293563188322686E-13
0                        2060                     5.293565094575271E-13
0                        2070                     5.293567022113282E-13
0                        2080                     5.293568954696215E-13
0                        2090                     5.29357090163546E-13
0                        2100                     5.29357288546678E-13
0                        2110                     5.293574882145215E-13
0                        2120                     5.293576884712861E-13
0                        2130                     5.293578911684176E-13
0                        2140                     5.293580971397634E-13
0                        2150                     5.293583051873784E-13
0                        2160                     5.293585177242276E-13
0                        2170                     5.293587326330687E-13
0                        2180                     5.293589536499848E-13
0                        2190                     5.293591804449772E-13
0                        2200                     5.293594098948206E-13
0                        2210                     5.293596486666401E-13
0                        2220                     5.293598908234798E-13
0                        2230                     5.293601344782305E-13
0                        2240                     5.293603836706326E-13
0                        2250                     5.293606401397261E-13
0                        2260                     5.29360900338729E-13
0                        2270                     5.293611686299184E-13
0                        2280                     5.293614410115316E-13
0                        2290                     5.293617224351633E-13
0                        2300                     5.293620091043059E-13
0                        2310                     5.293623043893278E-13
0                        2320                     5.293626182597114E-13
0                        2330                     5.293629357705182E-13
0                        2340                     5.293632547649883E-13
0                        2350                     5.293635798627092E-13
0                        2360                     5.293639157689341E-13
0                        2370                     5.293642566122384E-13
0                        2380                     5.29364608586132E-13
0                        2390                     5.293649667617649E-13
0                        2400                     5.293653360077792E-13
0                        2410                     5.293657206602138E-13
0                        2420                     5.293661094101919E-13
0                        2430                     5.293665109411028E-13
0                        2440                     5.293669328671743E-13
0                        2450                     5.293673575635422E-13
0                        2460                     5.293677875940867E-13
0                        2470                     5.293682317626796E-13
0                        2480                     5.293686834609599E-13
0                        2490                     5.293691441500096E-13
0                        2500                     5.293696307898762E-13
0                        2510                     5.29370126639845E-13
0                        2520                     5.293706246921614E-13
0                        2530                     5.293711286410901E-13
0                        2540                     5.293716494024695E-13
0                        2550                     5.293721938187183E-13
0                        2560                     5.293727598546883E-13
0                        2570                     5.29373330711098E-13
0                        2580                     5.293739036921518E-13
0                        2590                     5.293744823441773E-13
0                        2600                     5.293750719921994E-13
0                        2610                     5.293756942758001E-13
0                        2620                     5.293763324358598E-13
0                        2630                     5.293769724717308E-13
0                        2640                     5.293776217767349E-13
0                        2650                     5.293782886723278E-13
0                        2660                     5.293789640679749E-13
0                        2670                     5.293796587125191E-13
0                        2680                     5.293803642056673E-13
0                        2690                     5.293810880042066E-13
0                        2700                     5.293818378608505E-13
0                        2710                     5.293825946127664E-13
0                        2720                     5.29383375775341E-13
0                        2730                     5.293841874300114E-13
0                        2740                     5.293850073359917E-13
0                        2750                     5.293858315994179E-13
0                        2760                     5.293866641343644E-13
0                        2770                     5.293875205828024E-13
0                        2780                     5.293884108559744E-13
0                        2790                     5.29389332035315E-13
0                        2800                     5.293902605064684E-13
0                        2810                     5.293911908541901E-13
0                        2820                     5.293921384594996E-13
0                        2830                     5.29393094782067E-13
0                        2840                     5.293940724686273E-13
0                        2850                     5.293950934323975E-13
0                        2860                     5.293961253105812E-13
0                        2870                     5.293971612614157E-13
0                        2880                     5.293982141049174E-13
0                        2890                     5.293992893335219E-13
0                        2900                     5.294003771810499E-13
0                        2910                     5.294014916895592E-13
0                        2920                     5.294026191252604E-13
0                        2930                     5.294037778040717E-13
0                        2940                     5.294049648760529E-13
0                        2950                     5.294061637022705E-13
0                        2960                     5.294074025737113E-13
0                        2970                     5.294086558201232E-13
0                        2980                     5.29409914784076E-13
0                        2990                     5.29411194825535E-13
0                        3000                     5.294125026165322E-13
0                        3010                     5.294138238928796E-13
0                        3020                     5.294151742375391E-13
0                        3030                     5.294165388350032E-13
0                        3040                     5.294179341879992E-13
0                        3050                     5.2941934719999E-13
0                        3060                     5.294207878473997E-13
0                        3070                     5.294222874020454E-13
0                        3080                     5.294237981314568E-13
0                        3090                     5.294253131470862E-13
0                        3100                     5.294268458809358E-13
0                        3110                     5.294284102310334E-13
0                        3120                     5.294299887666408E-13
0                        3130                     5.294315989143796E-13
0                        3140                     5.294332265668123E-13
0                        3150                     5.294348845779553E-13
0                        3160                     5.294365846219389E-13
0                        3170                     5.294382955672623E-13
0                        3180                     5.294400398979192E-13
0                        3190                     5.294418372925051E-13
0                        3200                     5.294436415900907E-13
0                        3210                     5.294454570987079E-13
0                        3220                     5.294473078690378E-13
0                        3230                     5.294491786048005E-13
0                        3240                     5.294510709199982E-13
0                        3250                     5.294530181433428E-13
0                        3260                     5.294549974331772E-13
0                        3270                     5.29456989919688E-13
0                        3280                     5.294590077985016E-13
0                        3290                     5.294610357106023E-13
0                        3300                     5.294630928027775E-13
0                        3310                     5.294651981371598E-13
0                        3320                     5.294673168193292E-13
0                        3330                     5.294694830277641E-13
0                        3340                     5.294716826825032E-13
0                        3350                     5.294738879109069E-13
0                        3360                     5.294761156741053E-13
0                        3370                     5.294783846336702E-13
0                        3380                     5.294806710599264E-13
0                        3390                     5.294829952611074E-13
0                        3400                     5.294853411934624E-13
0                        3410                     5.294877227753486E-13
0                        3420                     5.294901352716863E-13
0                        3430                     5.294925753190409E-13
0                        3440                     5.294950910668366E-13
0                        3450                     5.294976357798772E-13
0                        3460                     5.295001844474291E-13
0                        3470                     5.295027505000413E-13
0                        3480                     5.295053583520952E-13
0                        3490                     5.295079867847216E-13
0                        3500                     5.295106518629981E-13
0                        3510                     5.295133453817449E-13
0                        3520                     5.295160704143282E-13
0                        3530                     5.295188536674415E-13
0                        3540                     5.295216538996134E-13
0                        3550                     5.29524487699624E-13
0                        3560                     5.295273936171029E-13
0                        3570                     5.295303171645797E-13
0                        3580                     5.295332506251663E-13
0                        3590                     5.295362219579761E-13
0                        3600                     5.295392283577632E-13
5.000000000000001E-5     0                        4.961727391623756E-15
5.000000000000001E-5     10                       1.7863378622206309E-13
5.000000000000001E-5     20                       2.352166423275164E-13
5.000000000000001E-5     30                       2.7387088613375373E-13
5.000000000000001E-5     40                       3.0597365173122954E-13
5.000000000000001E-5     50                       3.325156976769272E-13
5.000000000000001E-5     60                       3.4970926723178235E-13
5.000000000000001E-5     70                       3.58746276918037E-13
5.000000000000001E-5     80                       3.648443895496189E-13
5.000000000000001E-5     90                       3.7327275165013516E-13
5.000000000000001E-5     100                      3.8578512992188744E-13
5.000000000000001E-5     110                      4.000475304369263E-13
5.000000000000001E-5     120                      4.120748750347032E-13
5.000000000000001E-5     130                      4.1948561025783174E-13
5.000000000000001E-5     140                      4.230951755438233E-13
5.000000000000001E-5     150                      4.259320174194185E-13
5.000000000000001E-5     160                      4.307678546959379E-13
5.000000000000001E-5     170                      4.3817889836329914E-13
5.000000000000001E-5     180                      4.4647734887989003E-13
5.000000000000001E-5     190                      4.522076486639869E-13
5.000000000000001E-5     200                      4.559968509830924E-13
5.000000000000001E-5     210                      4.599566252716629E-13
5.000000000000001E-5     220                      4.640052144046769E-13
5.000000000000001E-5     230                      4.680425475718473E-13
5.000000000000001E-5     240                      4.718316278152478E-13
5.000000000000001E-5     250                      4.75195494708689E-13
5.000000000000001E-5     260                      4.781472965721386E-13
5.000000000000001E-5     270                      4.809500153252138E-13
5.000000000000001E-5     280                      4.838470494215908E-13
5.000000000000001E-5     290                      4.866845709836367E-13
5.000000000000001E-5     300                      4.894230297289384E-13
5.000000000000001E-5     310                      4.919491450957422E-13
5.000000000000001E-5     320                      4.942597828732809E-13
5.000000000000001E-5     330                      4.964698920775687E-13
5.000000000000001E-5     340                      4.987274939072782E-13
5.000000000000001E-5     350                      5.011102365721045E-13
5.000000000000001E-5     360                      5.035334916251779E-13
5.000000000000001E-5     370                      5.059557690141985E-13
5.000000000000001E-5     380                      5.083972221715142E-13
5.000000000000001E-5     390                      5.10892411641994E-13
5.000000000000001E-5     400                      5.134685214921721E-13
5.000000000000001E-5     410                      5.161308884301457E-13
5.000000000000001E-5     420                      5.188653731340467E-13
5.000000000000001E-5     430                      5.216511669080326E-13
5.000000000000001E-5     440                      5.244804146885993E-13
5.000000000000001E-5     450                      5.273366978284927E-13
5.000000000000001E-5     460                      5.302321966059054E-13
5.000000000000001E-5     470                      5.332181645912278E-13
5.000000000000001E-5     480                      5.363125040130577E-13
5.000000000000001E-5     490                      5.394877923088085E-13
5.000000000000001E-5     500                      5.426945890016676E-13
5.000000000000001E-5     510                      5.458921925312748E-13
5.000000000000001E-5     520                      5.491024323401897E-13
5.000000000000001E-5     530                      5.523242086628056E-13
5.000000000000001E-5     540                      5.555721065364485E-13
5.000000000000001E-5     550                      5.588622036923655E-13
5.000000000000001E-5     560                      5.621880651964351E-13
5.000000000000001E-5     570                      5.655249546550044E-13
5.000000000000001E-5     580                      5.68845753696269E-13
5.000000000000001E-5     590                      5.721388784417755E-13
5.000000000000001E-5     600                      5.754307305528445E-13
5.000000000000001E-5     610                      5.787171427918767E-13
5.000000000000001E-5     620                      5.81988632555675E-13
5.000000000000001E-5     630                      5.852357216558996E-13
5.000000000000001E-5     640                      5.884530220780796E-13
5.000000000000001E-5     650                      5.916401896104011E-13
5.000000000000001E-5     660                      5.947999395064961E-13
5.000000000000001E-5     670                      5.979464161303094E-13
5.000000000000001E-5     680                      6.010726514731257E-13
5.000000000000001E-5     690                      6.041480021740567E-13
5.000000000000001E-5     700                      6.071555653151949E-13
5.000000000000001E-5     710                      6.101064314664013E-13
5.000000000000001E-5     720                      6.130366185411471E-13
5.000000000000001E-5     730                      6.159489049226173E-13
5.000000000000001E-5     740                      6.188264008895597E-13
5.000000000000001E-5     750                      6.216324270351388E-13
5.000000000000001E-5     760                      6.243533436511144E-13
5.000000000000001E-5     770                      6.270042256261613E-13
5.000000000000001E-5     780                      6.296128531261865E-13
5.000000000000001E-5     790                      6.322000220777905E-13
5.000000000000001E-5     800                      6.34751942430281E-13
5.000000000000001E-5     810                      6.372852832334103E-13
5.000000000000001E-5     820                      6.397574640315751E-13
5.000000000000001E-5     830                      6.421336123937735E-13
5.000000000000001E-5     840                      6.4441581004665E-13
5.000000000000001E-5     850                      6.466359730313514E-13
5.000000000000001E-5     860                      6.488328433698952E-13
5.000000000000001E-5     870                      6.510199929650383E-13
5.000000000000001E-5     880                      6.531860826486413E-13
5.000000000000001E-5     890                      6.552852492258281E-13
5.000000000000001E-5     900                      6.572846373056509E-13
5.000000000000001E-5     910                      6.59195475950128E-13
5.000000000000001E-5     920                      6.610919080774821E-13
5.000000000000001E-5     930                      6.629691444578818E-13
5.000000000000001E-5     940                      6.647585160541801E-13
5.000000000000001E-5     950                      6.665217278833061E-13
5.000000000000001E-5     960                      6.682592105179386E-13
5.000000000000001E-5     970                      6.699343461326224E-13
5.000000000000001E-5     980                      6.715271266793127E-13
5.000000000000001E-5     990                      6.730466246891194E-13
5.000000000000001E-5     1000                     6.745205265020062E-13
5.000000000000001E-5     1010                     6.759753465766746E-13
5.000000000000001E-5     1020                     6.774038535116336E-13
5.000000000000001E-5     1030                     6.788150194395582E-13
5.000000000000001E-5     1040                     6.801863711907187E-13
5.000000000000001E-5     1050                     6.814868572931542E-13
5.000000000000001E-5     1060                     6.827116649778854E-13
5.000000000000001E-5     1070                     6.838824235223629E-13
5.000000000000001E-5     1080                     6.850305769403405E-13
5.000000000000001E-5     1090                     6.861774240129159E-13
5.000000000000001E-5     1100                     6.873093387507679E-13
5.000000000000001E-5     1110                     6.884009153364166E-13
5.000000000000001E-5     1120                     6.894686947415038E-13
5.000000000000001E-5     1130                     6.904863180693782E-13
5.000000000000001E-5     1140                     6.914716417440619E-13
5.000000000000001E-5     1150                     6.924204932702736E-13
5.000000000000001E-5     1160                     6.933111145835254E-13
5.000000000000001E-5     1170                     6.941867377937623E-13
5.000000000000001E-5     1180                     6.950275913399952E-13
5.000000000000001E-5     1190                     6.958048301038916E-13
5.000000000000001E-5     1200                     6.965664276699357E-13
5.000000000000001E-5     1210                     6.973190400169863E-13
5.000000000000001E-5     1220                     6.980421510208485E-13
5.000000000000001E-5     1230                     6.987208593282812E-13
5.000000000000001E-5     1240                     6.993566250583079E-13
5.000000000000001E-5     1250                     6.99964221620797E-13
5.000000000000001E-5     1260                     7.00561139731256E-13
5.000000000000001E-5     1270                     7.011495487181531E-13
5.000000000000001E-5     1280                     7.017281477566367E-13
5.000000000000001E-5     1290                     7.022935184792076E-13
5.000000000000001E-5     1300                     7.028247843892372E-13
5.000000000000001E-5     1310                     7.0331321691718E-13
5.000000000000001E-5     1320                     7.037720884480836E-13
5.000000000000001E-5     1330                     7.042301638808808E-13
5.000000000000001E-5     1340                     7.046793905040197E-13
5.000000000000001E-5     1350                     7.050997916072814E-13
5.000000000000001E-5     1360                     7.055147973796365E-13
5.000000000000001E-5     1370                     7.059193444366644E-13
5.000000000000001E-5     1380                     7.063004234266987E-13
5.000000000000001E-5     1390                     7.06652768458697E-13
5.000000000000001E-5     1400                     7.069819620269319E-13
5.000000000000001E-5     1410                     7.07299143212505E-13
5.000000000000001E-5     1420                     7.076165415564609E-13
5.000000000000001E-5     1430                     7.079306695726199E-13
5.000000000000001E-5     1440                     7.082326752126387E-13
5.000000000000001E-5     1450                     7.085129502366445E-13
5.000000000000001E-5     1460                     7.087703654586942E-13
5.000000000000001E-5     1470                     7.090198229739956E-13
5.000000000000001E-5     1480                     7.092668056346879E-13
5.000000000000001E-5     1490                     7.095092883233798E-13
5.000000000000001E-5     1500                     7.097395576998828E-13
5.000000000000001E-5     1510                     7.099515774123597E-13
5.000000000000001E-5     1520                     7.101466345738044E-13
5.000000000000001E-5     1530                     7.103315855367987E-13
5.000000000000001E-5     1540                     7.105136131641555E-13
5.000000000000001E-5     1550                     7.106943181911021E-13
5.000000000000001E-5     1560                     7.108706419868299E-13
5.000000000000001E-5     1570                     7.110415775657172E-13
5.000000000000001E-5     1580                     7.111982452313063E-13
5.000000000000001E-5     1590                     7.113438944589384E-13
5.000000000000001E-5     1600                     7.114884170534804E-13
5.000000000000001E-5     1610                     7.116288908270007E-13
5.000000000000001E-5     1620                     7.11760066971584E-13
5.000000000000001E-5     1630                     7.118799108198178E-13
5.000000000000001E-5     1640                     7.119908206562352E-13
5.000000000000001E-5     1650                     7.12097389759966E-13
5.000000000000001E-5     1660                     7.122028878614744E-13
5.000000000000001E-5     1670                     7.12305392795577E-13
5.000000000000001E-5     1680                     7.12405852990581E-13
5.000000000000001E-5     1690                     7.125028884396663E-13
5.000000000000001E-5     1700                     7.125926518693096E-13
5.000000000000001E-5     1710                     7.126740555639338E-13
5.000000000000001E-5     1720                     7.127493228097273E-13
5.000000000000001E-5     1730                     7.128220135072169E-13
5.000000000000001E-5     1740                     7.128951170727591E-13
5.000000000000001E-5     1750                     7.129659904664198E-13
5.000000000000001E-5     1760                     7.130351796038071E-13
5.000000000000001E-5     1770                     7.130998801280955E-13
5.000000000000001E-5     1780                     7.131586506988436E-13
5.000000000000001E-5     1790                     7.132128319327041E-13
5.000000000000001E-5     1800                     7.132670983065579E-13
5.000000000000001E-5     1810                     7.133202225363528E-13
5.000000000000001E-5     1820                     7.133714573992208E-13
5.000000000000001E-5     1830                     7.134187620540139E-13
5.000000000000001E-5     1840                     7.134615651340157E-13
5.000000000000001E-5     1850                     7.135010478053128E-13
5.000000000000001E-5     1860                     7.135391004179135E-13
5.000000000000001E-5     1870                     7.135771197144579E-13
5.000000000000001E-5     1880                     7.136141544296166E-13
5.000000000000001E-5     1890                     7.136503985632851E-13
5.000000000000001E-5     1900                     7.136844905935168E-13
5.000000000000001E-5     1910                     7.137147838499191E-13
5.000000000000001E-5     1920                     7.137442629741888E-13
5.000000000000001E-5     1930                     7.137732276306252E-13
5.000000000000001E-5     1940                     7.138005736650942E-13
5.000000000000001E-5     1950                     7.138255486765468E-13
5.000000000000001E-5     1960                     7.138483041777892E-13
5.000000000000001E-5     1970                     7.138696940778445E-13
5.000000000000001E-5     1980                     7.138906013657583E-13
5.000000000000001E-5     1990                     7.139111780137756E-13
5.000000000000001E-5     2000                     7.139311453270636E-13
5.000000000000001E-5     2010                     7.139504829658688E-13
5.000000000000001E-5     2020                     7.139683735490431E-13
5.000000000000001E-5     2030                     7.139845036514191E-13
5.000000000000001E-5     2040                     7.139992504815785E-13
5.000000000000001E-5     2050                     7.140133385308481E-13
5.000000000000001E-5     2060                     7.140274999183263E-13
5.000000000000001E-5     2070                     7.14041248207243E-13
5.000000000000001E-5     2080                     7.140547117651474E-13
5.000000000000001E-5     2090                     7.140672826137082E-13
5.000000000000001E-5     2100                     7.140785621783593E-13
5.000000000000001E-5     2110                     7.140887544865868E-13
5.000000000000001E-5     2120                     7.140988140437998E-13
5.000000000000001E-5     2130                     7.141088317800532E-13
5.000000000000001E-5     2140                     7.141183080506677E-13
5.000000000000001E-5     2150                     7.141272799052062E-13
5.000000000000001E-5     2160                     7.141360256287779E-13
5.000000000000001E-5     2170                     7.141439936445487E-13
5.000000000000001E-5     2180                     7.141511635808956E-13
5.000000000000001E-5     2190                     7.141581456270506E-13
5.000000000000001E-5     2200                     7.141650230017078E-13
5.000000000000001E-5     2210                     7.141716943693857E-13
5.000000000000001E-5     2220                     7.141778233847297E-13
5.000000000000001E-5     2230                     7.141836788071884E-13
5.000000000000001E-5     2240                     7.141892220708315E-13
5.000000000000001E-5     2250                     7.141944482631592E-13
5.000000000000001E-5     2260                     7.141994371143447E-13
5.000000000000001E-5     2270                     7.142039458086892E-13
5.000000000000001E-5     2280                     7.142083002606594E-13
5.000000000000001E-5     2290                     7.14212420153959E-13
5.000000000000001E-5     2300                     7.142160405015013E-13
5.000000000000001E-5     2310                     7.142194997608648E-13
5.000000000000001E-5     2320                     7.142227883938222E-13
5.000000000000001E-5     2330                     7.142258905240515E-13
5.000000000000001E-5     2340                     7.142288262630002E-13
5.000000000000001E-5     2350                     7.142316829106107E-13
5.000000000000001E-5     2360                     7.142344869889644E-13
5.000000000000001E-5     2370                     7.142371075922517E-13
5.000000000000001E-5     2380                     7.142395294554975E-13
5.000000000000001E-5     2390                     7.142418612334632E-13
5.000000000000001E-5     2400                     7.142440175659105E-13
5.000000000000001E-5     2410                     7.142460946642646E-13
5.000000000000001E-5     2420                     7.14247990299497E-13
5.000000000000001E-5     2430                     7.142497725562053E-13
5.000000000000001E-5     2440                     7.142514795743794E-13
5.000000000000001E-5     2450                     7.142530174700044E-13
5.000000000000001E-5     2460                     7.142544460627775E-13
5.000000000000001E-5     2470                     7.142558227340501E-13
5.000000000000001E-5     2480                     7.142571242109161E-13
5.000000000000001E-5     2490                     7.142583742469975E-13
5.000000000000001E-5     2500                     7.142596092930754E-13
5.000000000000001E-5     2510                     7.142607964580384E-13
5.000000000000001E-5     2520                     7.142618890641381E-13
5.000000000000001E-5     2530                     7.142629471397931E-13
5.000000000000001E-5     2540                     7.142639463159927E-13
5.000000000000001E-5     2550                     7.142649096287106E-13
5.000000000000001E-5     2560                     7.14265830596276E-13
5.000000000000001E-5     2570                     7.142666935413542E-13
5.000000000000001E-5     2580                     7.14267538562013E-13
5.000000000000001E-5     2590                     7.142683378988665E-13
5.000000000000001E-5     2600                     7.142690749151126E-13
5.000000000000001E-5     2610                     7.142697885327757E-13
5.000000000000001E-5     2620                     7.142704689088562E-13
5.000000000000001E-5     2630                     7.14271116918959E-13
5.000000000000001E-5     2640                     7.142717534393697E-13
5.000000000000001E-5     2650                     7.142723754168973E-13
5.000000000000001E-5     2660                     7.142729522855329E-13
5.000000000000001E-5     2670                     7.142734963545197E-13
5.000000000000001E-5     2680                     7.142740175962244E-13
5.000000000000001E-5     2690                     7.142745065308873E-13
5.000000000000001E-5     2700                     7.14274979569386E-13
5.000000000000001E-5     2710                     7.142754166730273E-13
5.000000000000001E-5     2720                     7.142758383828645E-13
5.000000000000001E-5     2730                     7.142762422156518E-13
5.000000000000001E-5     2740                     7.142766083183938E-13
5.000000000000001E-5     2750                     7.142769539917025E-13
5.000000000000001E-5     2760                     7.142772829174372E-13
5.000000000000001E-5     2770                     7.142775977981971E-13
5.000000000000001E-5     2780                     7.14277907737224E-13
5.000000000000001E-5     2790                     7.142781989771987E-13
5.000000000000001E-5     2800                     7.14278461007296E-13
5.000000000000001E-5     2810                     7.142787126551115E-13
5.000000000000001E-5     2820                     7.142789431095791E-13
5.000000000000001E-5     2830                     7.142791639045702E-13
5.000000000000001E-5     2840                     7.142793699680663E-13
5.000000000000001E-5     2850                     7.142795624442307E-13
5.000000000000001E-5     2860                     7.142797506854917E-13
5.000000000000001E-5     2870                     7.142799283742288E-13
5.000000000000001E-5     2880                     7.142800993689501E-13
5.000000000000001E-5     2890                     7.142802663158577E-13
5.000000000000001E-5     2900                     7.142804177731064E-13
5.000000000000001E-5     2910                     7.142805522679629E-13
5.000000000000001E-5     2920                     7.14280684535814E-13
5.000000000000001E-5     2930                     7.142808111337682E-13
5.000000000000001E-5     2940                     7.142809226552502E-13
5.000000000000001E-5     2950                     7.142810266957994E-13
5.000000000000001E-5     2960                     7.142811212714208E-13
5.000000000000001E-5     2970                     7.142812078779549E-13
5.000000000000001E-5     2980                     7.142812903119096E-13
5.000000000000001E-5     2990                     7.142813652878159E-13
5.000000000000001E-5     3000                     7.142814394989163E-13
5.000000000000001E-5     3010                     7.142815134013767E-13
5.000000000000001E-5     3020                     7.142815853832478E-13
5.000000000000001E-5     3030                     7.14281655673406E-13
5.000000000000001E-5     3040                     7.142817249958007E-13
5.000000000000001E-5     3050                     7.142817902482677E-13
5.000000000000001E-5     3060                     7.142818485071521E-13
5.000000000000001E-5     3070                     7.142819033627855E-13
5.000000000000001E-5     3080                     7.142819505995647E-13
5.000000000000001E-5     3090                     7.142819943274349E-13
5.000000000000001E-5     3100                     7.142820332078422E-13
5.000000000000001E-5     3110                     7.142820694272477E-13
5.000000000000001E-5     3120                     7.142821068786734E-13
5.000000000000001E-5     3130                     7.1428215112287E-13
5.000000000000001E-5     3140                     7.14282210141019E-13
5.000000000000001E-5     3150                     7.142822806453641E-13
5.000000000000001E-5     3160                     7.142823653956853E-13
5.000000000000001E-5     3170                     7.142824628765161E-13
5.000000000000001E-5     3180                     7.142825639191542E-13
5.000000000000001E-5     3190                     7.142826710258365E-13
5.000000000000001E-5     3200                     7.142827930704125E-13
5.000000000000001E-5     3210                     7.142829212226203E-13
5.000000000000001E-5     3220                     7.142830520283126E-13
5.000000000000001E-5     3230                     7.142831849070789E-13
5.000000000000001E-5     3240                     7.142833177351057E-13
5.000000000000001E-5     3250                     7.142834496048472E-13
5.000000000000001E-5     3260                     7.142835802745028E-13
5.000000000000001E-5     3270                     7.142837072703635E-13
5.000000000000001E-5     3280                     7.142838232063467E-13
5.000000000000001E-5     3290                     7.142839304438103E-13
5.000000000000001E-5     3300                     7.142840276962737E-13
5.000000000000001E-5     3310                     7.14284118720073E-13
5.000000000000001E-5     3320                     7.142842060469091E-13
5.000000000000001E-5     3330                     7.142842796465149E-13
5.000000000000001E-5     3340                     7.142843367373694E-13
5.000000000000001E-5     3350                     7.142843873035165E-13
5.000000000000001E-5     3360                     7.142844250860118E-13
5.000000000000001E-5     3370                     7.14284458345477E-13
5.000000000000001E-5     3380                     7.142844837360948E-13
5.000000000000001E-5     3390                     7.142845051174042E-13
5.000000000000001E-5     3400                     7.142845251996613E-13
5.000000000000001E-5     3410                     7.142845424422344E-13
5.000000000000001E-5     3420                     7.142845581224526E-13
5.000000000000001E-5     3430                     7.1428457124675E-13
5.000000000000001E-5     3440                     7.142845747930558E-13
5.000000000000001E-5     3450                     7.142845734255251E-13
5.000000000000001E-5     3460                     7.142845707163666E-13
5.000000000000001E-5     3470                     7.142845630008466E-13
5.000000000000001E-5     3480                     7.142845446642338E-13
5.000000000000001E-5     3490                     7.142845223676043E-13
5.000000000000001E-5     3500                     7.142844946420156E-13
5.000000000000001E-5     3510                     7.142844639515241E-13
5.000000000000001E-5     3520                     7.142844323349338E-13
5.000000000000001E-5     3530                     7.142844012107649E-13
5.000000000000001E-5     3540                     7.142843712838762E-13
5.000000000000001E-5     3550                     7.142843443639414E-13
5.000000000000001E-5     3560                     7.142843207811378E-13
5.000000000000001E-5     3570                     7.142842963621254E-13
5.000000000000001E-5     3580                     7.142842705336918E-13
5.000000000000001E-5     3590                     7.142842423214901E-13
5.000000000000001E-5     3600                     7.142842129657015E-13
1.0000000000000002E-4    0                        4.9617273866350846E-15
1.0000000000000002E-4    10                       1.7863636023192564E-13
1.0000000000000002E-4    20                       2.352699830110774E-13
1.0000000000000002E-4    30                       2.7407927646431584E-13
1.0000000000000002E-4    40                       3.062793661504645E-13
1.0000000000000002E-4    50                       3.328929738464912E-13
1.0000000000000002E-4    60                       3.5008278958408847E-13
1.0000000000000002E-4    70                       3.590341388431465E-13
1.0000000000000002E-4    80                       3.6501127446897156E-13
1.0000000000000002E-4    90                       3.733533935962115E-13
1.0000000000000002E-4    100                      3.8586057086037014E-13
1.0000000000000002E-4    110                      4.0019046693952146E-13
1.0000000000000002E-4    120                      4.123018095767229E-13
1.0000000000000002E-4    130                      4.1974850110909395E-13
1.0000000000000002E-4    140                      4.2332001486517505E-13
1.0000000000000002E-4    150                      4.2608519446676165E-13
1.0000000000000002E-4    160                      4.3092286811844365E-13
1.0000000000000002E-4    170                      4.3855946088990894E-13
1.0000000000000002E-4    180                      4.4745022239388383E-13
1.0000000000000002E-4    190                      4.542345181900626E-13
1.0000000000000002E-4    200                      4.593640342226776E-13
1.0000000000000002E-4    210                      4.647262884992333E-13
1.0000000000000002E-4    220                      4.704215080101224E-13
1.0000000000000002E-4    230                      4.76603468035928E-13
1.0000000000000002E-4    240                      4.830878848115502E-13
1.0000000000000002E-4    250                      4.895187979303136E-13
1.0000000000000002E-4    260                      4.956408820254312E-13
1.0000000000000002E-4    270                      5.015967241896507E-13
1.0000000000000002E-4    280                      5.076404996810391E-13
1.0000000000000002E-4    290                      5.136754057950929E-13
1.0000000000000002E-4    300                      5.196772797081597E-13
1.0000000000000002E-4    310                      5.256132771927362E-13
1.0000000000000002E-4    320                      5.314694542864761E-13
1.0000000000000002E-4    330                      5.372515366463099E-13
1.0000000000000002E-4    340                      5.429717347876901E-13
1.0000000000000002E-4    350                      5.486334607248121E-13
1.0000000000000002E-4    360                      5.542250771272904E-13
1.0000000000000002E-4    370                      5.597088283723465E-13
1.0000000000000002E-4    380                      5.651110186757687E-13
1.0000000000000002E-4    390                      5.704428088208483E-13
1.0000000000000002E-4    400                      5.757270501366101E-13
1.0000000000000002E-4    410                      5.808752499567973E-13
1.0000000000000002E-4    420                      5.857859486538213E-13
1.0000000000000002E-4    430                      5.906227262225839E-13
1.0000000000000002E-4    440                      5.954207889609494E-13
1.0000000000000002E-4    450                      6.001709865168446E-13
1.0000000000000002E-4    460                      6.047648319222033E-13
1.0000000000000002E-4    470                      6.092246208386816E-13
1.0000000000000002E-4    480                      6.135946774552617E-13
1.0000000000000002E-4    490                      6.178167473904567E-13
1.0000000000000002E-4    500                      6.219597364944212E-13
1.0000000000000002E-4    510                      6.259075725720867E-13
1.0000000000000002E-4    520                      6.297539211337359E-13
1.0000000000000002E-4    530                      6.334951071460812E-13
1.0000000000000002E-4    540                      6.370076195778931E-13
1.0000000000000002E-4    550                      6.403892470979703E-13
1.0000000000000002E-4    560                      6.436829489668515E-13
1.0000000000000002E-4    570                      6.468931102102265E-13
1.0000000000000002E-4    580                      6.500777764547052E-13
1.0000000000000002E-4    590                      6.531678739328033E-13
1.0000000000000002E-4    600                      6.560931874601209E-13
1.0000000000000002E-4    610                      6.58954782568144E-13
1.0000000000000002E-4    620                      6.616813497440278E-13
1.0000000000000002E-4    630                      6.643331522456157E-13
1.0000000000000002E-4    640                      6.668621438192979E-13
1.0000000000000002E-4    650                      6.692412937718672E-13
1.0000000000000002E-4    660                      6.71566894892679E-13
1.0000000000000002E-4    670                      6.737564902017028E-13
1.0000000000000002E-4    680                      6.758524175771283E-13
1.0000000000000002E-4    690                      6.779086939651074E-13
1.0000000000000002E-4    700                      6.798246192289815E-13
1.0000000000000002E-4    710                      6.815892414466459E-13
1.0000000000000002E-4    720                      6.833387165812413E-13
1.0000000000000002E-4    730                      6.850547458987489E-13
1.0000000000000002E-4    740                      6.866727706404293E-13
1.0000000000000002E-4    750                      6.882340725891146E-13
1.0000000000000002E-4    760                      6.897226257412737E-13
1.0000000000000002E-4    770                      6.911343638539044E-13
1.0000000000000002E-4    780                      6.924912980157019E-13
1.0000000000000002E-4    790                      6.937335986812961E-13
1.0000000000000002E-4    800                      6.949367415695064E-13
1.0000000000000002E-4    810                      6.960822740422752E-13
1.0000000000000002E-4    820                      6.971014696546609E-13
1.0000000000000002E-4    830                      6.980935956487989E-13
1.0000000000000002E-4    840                      6.990755548351601E-13
1.0000000000000002E-4    850                      7.000170183990383E-13
1.0000000000000002E-4    860                      7.00887332543869E-13
1.0000000000000002E-4    870                      7.017303311069179E-13
1.0000000000000002E-4    880                      7.025162955505514E-13
1.0000000000000002E-4    890                      7.032711832415851E-13
1.0000000000000002E-4    900                      7.039769170306358E-13
1.0000000000000002E-4    910                      7.04623636038253E-13
1.0000000000000002E-4    920                      7.052501768383022E-13
1.0000000000000002E-4    930                      7.058261579017686E-13
1.0000000000000002E-4    940                      7.063680255742345E-13
1.0000000000000002E-4    950                      7.068960987165258E-13
1.0000000000000002E-4    960                      7.073758310997112E-13
1.0000000000000002E-4    970                      7.078041886475103E-13
1.0000000000000002E-4    980                      7.082277220842515E-13
1.0000000000000002E-4    990                      7.086407159556946E-13
1.0000000000000002E-4    1000                     7.090227995036615E-13
1.0000000000000002E-4    1010                     7.093870811282386E-13
1.0000000000000002E-4    1020                     7.097292613734318E-13
1.0000000000000002E-4    1030                     7.100481534645112E-13
1.0000000000000002E-4    1040                     7.103510893702441E-13
1.0000000000000002E-4    1050                     7.106209568605538E-13
1.0000000000000002E-4    1060                     7.108801638624536E-13
1.0000000000000002E-4    1070                     7.111264963029101E-13
1.0000000000000002E-4    1080                     7.113390759543399E-13
1.0000000000000002E-4    1090                     7.115376580216054E-13
1.0000000000000002E-4    1100                     7.11734346862571E-13
1.0000000000000002E-4    1110                     7.119220081573575E-13
1.0000000000000002E-4    1120                     7.120937845778062E-13
1.0000000000000002E-4    1130                     7.122588912161001E-13
1.0000000000000002E-4    1140                     7.124096274739828E-13
1.0000000000000002E-4    1150                     7.125529654541022E-13
1.0000000000000002E-4    1160                     7.126844004165224E-13
1.0000000000000002E-4    1170                     7.12801524451156E-13
1.0000000000000002E-4    1180                     7.12915047541398E-13
1.0000000000000002E-4    1190                     7.130165311533652E-13
1.0000000000000002E-4    1200                     7.131054872563538E-13
1.0000000000000002E-4    1210                     7.131933216492797E-13
1.0000000000000002E-4    1220                     7.132791398602425E-13
1.0000000000000002E-4    1230                     7.133580596445269E-13
1.0000000000000002E-4    1240                     7.134304667886782E-13
1.0000000000000002E-4    1250                     7.134992055184056E-13
1.0000000000000002E-4    1260                     7.135615562397686E-13
1.0000000000000002E-4    1270                     7.136209638426518E-13
1.0000000000000002E-4    1280                     7.136734179799659E-13
1.0000000000000002E-4    1290                     7.137221882530446E-13
1.0000000000000002E-4    1300                     7.137679054176451E-13
1.0000000000000002E-4    1310                     7.138082774374231E-13
1.0000000000000002E-4    1320                     7.138469429571157E-13
1.0000000000000002E-4    1330                     7.138830510495317E-13
1.0000000000000002E-4    1340                     7.1391335467055E-13
1.0000000000000002E-4    1350                     7.139423766366691E-13
1.0000000000000002E-4    1360                     7.139709691174822E-13
1.0000000000000002E-4    1370                     7.139978551079528E-13
1.0000000000000002E-4    1380                     7.140217060475204E-13
1.0000000000000002E-4    1390                     7.140444401411887E-13
1.0000000000000002E-4    1400                     7.140649390839172E-13
1.0000000000000002E-4    1410                     7.140842311313656E-13
1.0000000000000002E-4    1420                     7.14101757012116E-13
1.0000000000000002E-4    1430                     7.141171738626157E-13
1.0000000000000002E-4    1440                     7.141319179412899E-13
1.0000000000000002E-4    1450                     7.14144911494448E-13
1.0000000000000002E-4    1460                     7.141560662346602E-13
1.0000000000000002E-4    1470                     7.141667261001645E-13
1.0000000000000002E-4    1480                     7.141765790748156E-13
1.0000000000000002E-4    1490                     7.141857314864948E-13
1.0000000000000002E-4    1500                     7.141946580589054E-13
1.0000000000000002E-4    1510                     7.142032216665838E-13
1.0000000000000002E-4    1520                     7.142107481780658E-13
1.0000000000000002E-4    1530                     7.142176708950619E-13
1.0000000000000002E-4    1540                     7.142240563687445E-13
1.0000000000000002E-4    1550                     7.142298101602831E-13
1.0000000000000002E-4    1560                     7.142352058059151E-13
1.0000000000000002E-4    1570                     7.142398585687162E-13
1.0000000000000002E-4    1580                     7.142442390557176E-13
1.0000000000000002E-4    1590                     7.142482436978793E-13
1.0000000000000002E-4    1600                     7.142515618906114E-13
1.0000000000000002E-4    1610                     7.142546100743151E-13
1.0000000000000002E-4    1620                     7.142574015231423E-13
1.0000000000000002E-4    1630                     7.142599169251324E-13
1.0000000000000002E-4    1640                     7.142622956469352E-13
1.0000000000000002E-4    1650                     7.142646121017328E-13
1.0000000000000002E-4    1660                     7.14266699322308E-13
1.0000000000000002E-4    1670                     7.14268491792033E-13
1.0000000000000002E-4    1680                     7.142701769102744E-13
1.0000000000000002E-4    1690                     7.142716388583776E-13
1.0000000000000002E-4    1700                     7.142730114040054E-13
1.0000000000000002E-4    1710                     7.14274221345835E-13
1.0000000000000002E-4    1720                     7.142753120904981E-13
1.0000000000000002E-4    1730                     7.142763445705781E-13
1.0000000000000002E-4    1740                     7.142772327709608E-13
1.0000000000000002E-4    1750                     7.142779925299497E-13
1.0000000000000002E-4    1760                     7.14278674128596E-13
1.0000000000000002E-4    1770                     7.142792675140521E-13
1.0000000000000002E-4    1780                     7.142798385876209E-13
1.0000000000000002E-4    1790                     7.142803588320525E-13
1.0000000000000002E-4    1800                     7.142807620134149E-13
1.0000000000000002E-4    1810                     7.142811176858628E-13
1.0000000000000002E-4    1820                     7.142814146229192E-13
1.0000000000000002E-4    1830                     7.142816634689065E-13
1.0000000000000002E-4    1840                     7.142818791725701E-13
1.0000000000000002E-4    1850                     7.142820620228008E-13
1.0000000000000002E-4    1860                     7.142822459999431E-13
1.0000000000000002E-4    1870                     7.142824313181851E-13
1.0000000000000002E-4    1880                     7.14282612912348E-13
1.0000000000000002E-4    1890                     7.142827894102661E-13
1.0000000000000002E-4    1900                     7.142829309239861E-13
1.0000000000000002E-4    1910                     7.142830056889538E-13
1.0000000000000002E-4    1920                     7.142830694095704E-13
1.0000000000000002E-4    1930                     7.142831215413721E-13
1.0000000000000002E-4    1940                     7.142831383898856E-13
1.0000000000000002E-4    1950                     7.142831241546764E-13
1.0000000000000002E-4    1960                     7.142830978695179E-13
1.0000000000000002E-4    1970                     7.142830533328712E-13
1.0000000000000002E-4    1980                     7.142830130215897E-13
1.0000000000000002E-4    1990                     7.142829972872365E-13
1.0000000000000002E-4    2000                     7.142830005864877E-13
1.0000000000000002E-4    2010                     7.142830201199299E-13
1.0000000000000002E-4    2020                     7.142830869791521E-13
1.0000000000000002E-4    2030                     7.142832071387215E-13
1.0000000000000002E-4    2040                     7.142833735308006E-13
1.0000000000000002E-4    2050                     7.142835717602177E-13
1.0000000000000002E-4    2060                     7.142837618989219E-13
1.0000000000000002E-4    2070                     7.14283941966734E-13
1.0000000000000002E-4    2080                     7.142840867457694E-13
1.0000000000000002E-4    2090                     7.142841706872276E-13
1.0000000000000002E-4    2100                     7.142842365702411E-13
1.0000000000000002E-4    2110                     7.142842738711191E-13
1.0000000000000002E-4    2120                     7.142843029893571E-13
1.0000000000000002E-4    2130                     7.142843453076342E-13
1.0000000000000002E-4    2140                     7.142844139618982E-13
1.0000000000000002E-4    2150                     7.142844907295961E-13
1.0000000000000002E-4    2160                     7.142845837236596E-13
1.0000000000000002E-4    2170                     7.142846766133437E-13
1.0000000000000002E-4    2180                     7.142847365110831E-13
1.0000000000000002E-4    2190                     7.142847606661381E-13
1.0000000000000002E-4    2200                     7.14284755546977E-13
1.0000000000000002E-4    2210                     7.142847422967793E-13
1.0000000000000002E-4    2220                     7.142847197077655E-13
1.0000000000000002E-4    2230                     7.14284672328421E-13
1.0000000000000002E-4    2240                     7.142846108697449E-13
1.0000000000000002E-4    2250                     7.142845385612154E-13
1.0000000000000002E-4    2260                     7.14284456756635E-13
1.0000000000000002E-4    2270                     7.142843870522973E-13
1.0000000000000002E-4    2280                     7.142843539969931E-13
1.0000000000000002E-4    2290                     7.142843384518428E-13
1.0000000000000002E-4    2300                     7.142843430451758E-13
1.0000000000000002E-4    2310                     7.142843741397193E-13
1.0000000000000002E-4    2320                     7.142843862212688E-13
1.0000000000000002E-4    2330                     7.142843651651032E-13
1.0000000000000002E-4    2340                     7.142843150832619E-13
1.0000000000000002E-4    2350                     7.142842504606457E-13
1.0000000000000002E-4    2360                     7.142841813399647E-13
1.0000000000000002E-4    2370                     7.142840976393329E-13
1.0000000000000002E-4    2380                     7.142839962627306E-13
1.0000000000000002E-4    2390                     7.142838894879551E-13
1.0000000000000002E-4    2400                     7.1428377372174E-13
1.0000000000000002E-4    2410                     7.142836635542465E-13
1.0000000000000002E-4    2420                     7.142835860359881E-13
1.0000000000000002E-4    2430                     7.142835436728769E-13
1.0000000000000002E-4    2440                     7.142835170464776E-13
1.0000000000000002E-4    2450                     7.142835246696007E-13
1.0000000000000002E-4    2460                     7.142835377579004E-13
1.0000000000000002E-4    2470                     7.142835192853777E-13
1.0000000000000002E-4    2480                     7.142834756667575E-13
1.0000000000000002E-4    2490                     7.142834255240294E-13
1.0000000000000002E-4    2500                     7.142833625651414E-13
1.0000000000000002E-4    2510                     7.142832718262494E-13
1.0000000000000002E-4    2520                     7.14283172047935E-13
1.0000000000000002E-4    2530                     7.14283066093632E-13
1.0000000000000002E-4    2540                     7.142829546797142E-13
1.0000000000000002E-4    2550                     7.142828470243475E-13
1.0000000000000002E-4    2560                     7.142827681162974E-13
1.0000000000000002E-4    2570                     7.142827091088556E-13
1.0000000000000002E-4    2580                     7.142826864741243E-13
1.0000000000000002E-4    2590                     7.142826976199031E-13
1.0000000000000002E-4    2600                     7.142827129847326E-13
1.0000000000000002E-4    2610                     7.142827251285584E-13
1.0000000000000002E-4    2620                     7.142827038499836E-13
1.0000000000000002E-4    2630                     7.142826738990378E-13
1.0000000000000002E-4    2640                     7.142826370643486E-13
1.0000000000000002E-4    2650                     7.142825808348909E-13
1.0000000000000002E-4    2660                     7.142825079945997E-13
1.0000000000000002E-4    2670                     7.142824306272185E-13
1.0000000000000002E-4    2680                     7.142823479160721E-13
1.0000000000000002E-4    2690                     7.142822746221103E-13
1.0000000000000002E-4    2700                     7.142822381032362E-13
1.0000000000000002E-4    2710                     7.142822279168935E-13
1.0000000000000002E-4    2720                     7.142822383760683E-13
1.0000000000000002E-4    2730                     7.142823052084647E-13
1.0000000000000002E-4    2740                     7.142824307601197E-13
1.0000000000000002E-4    2750                     7.142826044883478E-13
1.0000000000000002E-4    2760                     7.142828137939656E-13
1.0000000000000002E-4    2770                     7.142830170844076E-13
1.0000000000000002E-4    2780                     7.14283210870787E-13
1.0000000000000002E-4    2790                     7.14283371700661E-13
1.0000000000000002E-4    2800                     7.142834741211426E-13
1.0000000000000002E-4    2810                     7.142835589050718E-13
1.0000000000000002E-4    2820                     7.142836166371859E-13
1.0000000000000002E-4    2830                     7.142836662731459E-13
1.0000000000000002E-4    2840                     7.14283729503981E-13
1.0000000000000002E-4    2850                     7.142838199636993E-13
1.0000000000000002E-4    2860                     7.142839187394465E-13
1.0000000000000002E-4    2870                     7.142840337969109E-13
1.0000000000000002E-4    2880                     7.142841494739474E-13
1.0000000000000002E-4    2890                     7.14284232204782E-13
1.0000000000000002E-4    2900                     7.14284278834553E-13
1.0000000000000002E-4    2910                     7.142842955180762E-13
1.0000000000000002E-4    2920                     7.142843036490204E-13
1.0000000000000002E-4    2930                     7.142843024591874E-13
1.0000000000000002E-4    2940                     7.14284276040048E-13
1.0000000000000002E-4    2950                     7.142842344648608E-13
1.0000000000000002E-4    2960                     7.142841818163565E-13
1.0000000000000002E-4    2970                     7.142841186581224E-13
1.0000000000000002E-4    2980                     7.142840666586945E-13
1.0000000000000002E-4    2990                     7.142840499936829E-13
1.0000000000000002E-4    3000                     7.142840508527884E-13
1.0000000000000002E-4    3010                     7.142840708659179E-13
1.0000000000000002E-4    3020                     7.142841163629598E-13
1.0000000000000002E-4    3030                     7.14284143241403E-13
1.0000000000000002E-4    3040                     7.142841363658323E-13
1.0000000000000002E-4    3050                     7.142840997715845E-13
1.0000000000000002E-4    3060                     7.142840478394751E-13
1.0000000000000002E-4    3070                     7.142839913354164E-13
1.0000000000000002E-4    3080                     7.142839199175747E-13
1.0000000000000002E-4    3090                     7.142838297608875E-13
1.0000000000000002E-4    3100                     7.142837338724715E-13
1.0000000000000002E-4    3110                     7.142836281992293E-13
1.0000000000000002E-4    3120                     7.142835273742489E-13
1.0000000000000002E-4    3130                     7.142834577125025E-13
1.0000000000000002E-4    3140                     7.14283423495961E-13
1.0000000000000002E-4    3150                     7.142834043401751E-13
1.0000000000000002E-4    3160                     7.142834185023956E-13
1.0000000000000002E-4    3170                     7.142834385979724E-13
1.0000000000000002E-4    3180                     7.142834270711132E-13
1.0000000000000002E-4    3190                     7.142833897381584E-13
1.0000000000000002E-4    3200                     7.142833456289338E-13
1.0000000000000002E-4    3210                     7.142832888381236E-13
1.0000000000000002E-4    3220                     7.14283203795462E-13
1.0000000000000002E-4    3230                     7.142831090651042E-13
1.0000000000000002E-4    3240                     7.142830079788183E-13
1.0000000000000002E-4    3250                     7.142829009573434E-13
1.0000000000000002E-4    3260                     7.142827972416E-13
1.0000000000000002E-4    3270                     7.142827213602014E-13
1.0000000000000002E-4    3280                     7.142826654185002E-13
1.0000000000000002E-4    3290                     7.142826450825049E-13
1.0000000000000002E-4    3300                     7.142826588873474E-13
1.0000000000000002E-4    3310                     7.142826762655591E-13
1.0000000000000002E-4    3320                     7.142826930994665E-13
1.0000000000000002E-4    3330                     7.14282674066316E-13
1.0000000000000002E-4    3340                     7.14282641134742E-13
1.0000000000000002E-4    3350                     7.142826029138185E-13
1.0000000000000002E-4    3360                     7.142825487294655E-13
1.0000000000000002E-4    3370                     7.14282480577719E-13
1.0000000000000002E-4    3380                     7.142824071731127E-13
1.0000000000000002E-4    3390                     7.142823273249428E-13
1.0000000000000002E-4    3400                     7.142822565643438E-13
1.0000000000000002E-4    3410                     7.142822228011557E-13
1.0000000000000002E-4    3420                     7.142822165149968E-13
1.0000000000000002E-4    3430                     7.142822267820865E-13
1.0000000000000002E-4    3440                     7.142822989336741E-13
1.0000000000000002E-4    3450                     7.14282421597718E-13
1.0000000000000002E-4    3460                     7.142825568851141E-13
1.0000000000000002E-4    3470                     7.142827263862171E-13
1.0000000000000002E-4    3480                     7.142829613242671E-13
1.0000000000000002E-4    3490                     7.142831994117638E-13
1.0000000000000002E-4    3500                     7.142833784337239E-13
1.0000000000000002E-4    3510                     7.142835046270441E-13
1.0000000000000002E-4    3520                     7.142835954007589E-13
1.0000000000000002E-4    3530                     7.142836333674535E-13
1.0000000000000002E-4    3540                     7.142836705270711E-13
1.0000000000000002E-4    3550                     7.142837372462666E-13
1.0000000000000002E-4    3560                     7.142838918569354E-13
1.0000000000000002E-4    3570                     7.142840837428001E-13
1.0000000000000002E-4    3580                     7.14284310267456E-13
1.0000000000000002E-4    3590                     7.142845484171622E-13
1.0000000000000002E-4    3600                     7.142847749280748E-13
1.5000000000000001E-4    0                        4.961727381643377E-15
1.5000000000000001E-4    10                       1.7863888398215953E-13
1.5000000000000001E-4    20                       2.351865529001495E-13
1.5000000000000001E-4    30                       2.8011080921520997E-13
1.5000000000000001E-4    40                       3.16882562165364E-13
1.5000000000000001E-4    50                       3.3867275300907575E-13
1.5000000000000001E-4    60                       3.46615665247187E-13
1.5000000000000001E-4    70                       3.490763415756655E-13
1.5000000000000001E-4    80                       3.5542659760318933E-13
1.5000000000000001E-4    90                       3.697247939764113E-13
1.5000000000000001E-4    100                      3.8885705748090366E-13
1.5000000000000001E-4    110                      4.0591662667498856E-13
1.5000000000000001E-4    120                      4.1580899984985385E-13
1.5000000000000001E-4    130                      4.1885260595794503E-13
1.5000000000000001E-4    140                      4.2001215534583487E-13
1.5000000000000001E-4    150                      4.2660091880712266E-13
1.5000000000000001E-4    160                      4.3672643121910715E-13
1.5000000000000001E-4    170                      4.4651484369482906E-13
1.5000000000000001E-4    180                      4.555315274241675E-13
1.5000000000000001E-4    190                      4.63789003569731E-13
1.5000000000000001E-4    200                      4.717570708254971E-13
1.5000000000000001E-4    210                      4.799686716105629E-13
1.5000000000000001E-4    220                      4.885107847492119E-13
1.5000000000000001E-4    230                      4.968764426336422E-13
1.5000000000000001E-4    240                      5.051902785183199E-13
1.5000000000000001E-4    250                      5.133831692435251E-13
1.5000000000000001E-4    260                      5.213300573247851E-13
1.5000000000000001E-4    270                      5.289858779222875E-13
1.5000000000000001E-4    280                      5.364026851233414E-13
1.5000000000000001E-4    290                      5.436748650991983E-13
1.5000000000000001E-4    300                      5.508620681206506E-13
1.5000000000000001E-4    310                      5.579480076763248E-13
1.5000000000000001E-4    320                      5.647825680032897E-13
1.5000000000000001E-4    330                      5.714331705478481E-13
1.5000000000000001E-4    340                      5.779569413907607E-13
1.5000000000000001E-4    350                      5.842962088526882E-13
1.5000000000000001E-4    360                      5.905645530037194E-13
1.5000000000000001E-4    370                      5.965872450697281E-13
1.5000000000000001E-4    380                      6.023105629425913E-13
1.5000000000000001E-4    390                      6.079303658678977E-13
1.5000000000000001E-4    400                      6.131952716901445E-13
1.5000000000000001E-4    410                      6.182849740709401E-13
1.5000000000000001E-4    420                      6.233309494192462E-13
1.5000000000000001E-4    430                      6.282120941872455E-13
1.5000000000000001E-4    440                      6.32834696392629E-13
1.5000000000000001E-4    450                      6.373508184405854E-13
1.5000000000000001E-4    460                      6.416327746993892E-13
1.5000000000000001E-4    470                      6.457951153090395E-13
1.5000000000000001E-4    480                      6.49734352392368E-13
1.5000000000000001E-4    490                      6.535203943017366E-13
1.5000000000000001E-4    500                      6.571370678816509E-13
1.5000000000000001E-4    510                      6.603528919717748E-13
1.5000000000000001E-4    520                      6.634381700774552E-13
1.5000000000000001E-4    530                      6.664648969717022E-13
1.5000000000000001E-4    540                      6.69453359960025E-13
1.5000000000000001E-4    550                      6.722994072250968E-13
1.5000000000000001E-4    560                      6.748843446553345E-13
1.5000000000000001E-4    570                      6.771947582914119E-13
1.5000000000000001E-4    580                      6.793568591020606E-13
1.5000000000000001E-4    590                      6.815301878865702E-13
1.5000000000000001E-4    600                      6.836622687920194E-13
1.5000000000000001E-4    610                      6.857106143912288E-13
1.5000000000000001E-4    620                      6.876767427088216E-13
1.5000000000000001E-4    630                      6.894295485278429E-13
1.5000000000000001E-4    640                      6.910226390300073E-13
1.5000000000000001E-4    650                      6.926026070781396E-13
1.5000000000000001E-4    660                      6.941475909423733E-13
1.5000000000000001E-4    670                      6.95580591753818E-13
1.5000000000000001E-4    680                      6.968460817537718E-13
1.5000000000000001E-4    690                      6.979572049062176E-13
1.5000000000000001E-4    700                      6.990227966834674E-13
1.5000000000000001E-4    710                      7.000975094281295E-13
1.5000000000000001E-4    720                      7.011281431577689E-13
1.5000000000000001E-4    730                      7.021235428764088E-13
1.5000000000000001E-4    740                      7.030524872846583E-13
1.5000000000000001E-4    750                      7.038452143085682E-13
1.5000000000000001E-4    760                      7.045950785418816E-13
1.5000000000000001E-4    770                      7.053370484559752E-13
1.5000000000000001E-4    780                      7.060471393439465E-13
1.5000000000000001E-4    790                      7.066895945426306E-13
1.5000000000000001E-4    800                      7.073037447134638E-13
1.5000000000000001E-4    810                      7.07866890717798E-13
1.5000000000000001E-4    820                      7.083967056972148E-13
1.5000000000000001E-4    830                      7.088870623193492E-13
1.5000000000000001E-4    840                      7.093175539438097E-13
1.5000000000000001E-4    850                      7.097328178803352E-13
1.5000000000000001E-4    860                      7.101128286878778E-13
1.5000000000000001E-4    870                      7.104307046861411E-13
1.5000000000000001E-4    880                      7.107351587120225E-13
1.5000000000000001E-4    890                      7.110356690487682E-13
1.5000000000000001E-4    900                      7.113230841971896E-13
1.5000000000000001E-4    910                      7.115767318120649E-13
1.5000000000000001E-4    920                      7.11787794824436E-13
1.5000000000000001E-4    930                      7.119657105707062E-13
1.5000000000000001E-4    940                      7.121302262690131E-13
1.5000000000000001E-4    950                      7.122974292007269E-13
1.5000000000000001E-4    960                      7.124699447924206E-13
1.5000000000000001E-4    970                      7.126275841144179E-13
1.5000000000000001E-4    980                      7.127614606929459E-13
1.5000000000000001E-4    990                      7.128937764780333E-13
1.5000000000000001E-4    1000                     7.130220624077197E-13
1.5000000000000001E-4    1010                     7.131376328278568E-13
1.5000000000000001E-4    1020                     7.132441291862629E-13
1.5000000000000001E-4    1030                     7.133430553219965E-13
1.5000000000000001E-4    1040                     7.134318267601318E-13
1.5000000000000001E-4    1050                     7.135152062858673E-13
1.5000000000000001E-4    1060                     7.13586133459287E-13
1.5000000000000001E-4    1070                     7.136519563048766E-13
1.5000000000000001E-4    1080                     7.137133747905127E-13
1.5000000000000001E-4    1090                     7.137643528008228E-13
1.5000000000000001E-4    1100                     7.138096738576683E-13
1.5000000000000001E-4    1110                     7.138533101094164E-13
1.5000000000000001E-4    1120                     7.13893490035602E-13
1.5000000000000001E-4    1130                     7.139321478515702E-13
1.5000000000000001E-4    1140                     7.139666303349052E-13
1.5000000000000001E-4    1150                     7.139944207384247E-13
1.5000000000000001E-4    1160                     7.14021226122153E-13
1.5000000000000001E-4    1170                     7.140474565881447E-13
1.5000000000000001E-4    1180                     7.140715195181633E-13
1.5000000000000001E-4    1190                     7.140932803515129E-13
1.5000000000000001E-4    1200                     7.141136324197336E-13
1.5000000000000001E-4    1210                     7.141314454855825E-13
1.5000000000000001E-4    1220                     7.141481588740099E-13
1.5000000000000001E-4    1230                     7.141623333771565E-13
1.5000000000000001E-4    1240                     7.141750243857026E-13
1.5000000000000001E-4    1250                     7.141869555408824E-13
1.5000000000000001E-4    1260                     7.141964677901405E-13
1.5000000000000001E-4    1270                     7.142046614648661E-13
1.5000000000000001E-4    1280                     7.142125793162669E-13
1.5000000000000001E-4    1290                     7.142203102796566E-13
1.5000000000000001E-4    1300                     7.142274220244137E-13
1.5000000000000001E-4    1310                     7.142332560660532E-13
1.5000000000000001E-4    1320                     7.142377348930977E-13
1.5000000000000001E-4    1330                     7.142415039662372E-13
1.5000000000000001E-4    1340                     7.14245418317407E-13
1.5000000000000001E-4    1350                     7.142496174966324E-13
1.5000000000000001E-4    1360                     7.142536940195635E-13
1.5000000000000001E-4    1370                     7.142575735710432E-13
1.5000000000000001E-4    1380                     7.142607927785044E-13
1.5000000000000001E-4    1390                     7.14263259050465E-13
1.5000000000000001E-4    1400                     7.14265657185299E-13
1.5000000000000001E-4    1410                     7.14267840479925E-13
1.5000000000000001E-4    1420                     7.142699073341617E-13
1.5000000000000001E-4    1430                     7.142717748920607E-13
1.5000000000000001E-4    1440                     7.142732791050316E-13
1.5000000000000001E-4    1450                     7.142747004434308E-13
1.5000000000000001E-4    1460                     7.142761114588218E-13
1.5000000000000001E-4    1470                     7.142774620894014E-13
1.5000000000000001E-4    1480                     7.142786880847697E-13
1.5000000000000001E-4    1490                     7.142797500381699E-13
1.5000000000000001E-4    1500                     7.14280648044351E-13
1.5000000000000001E-4    1510                     7.142815049790878E-13
1.5000000000000001E-4    1520                     7.142823024214695E-13
1.5000000000000001E-4    1530                     7.142830842290773E-13
1.5000000000000001E-4    1540                     7.142838525969418E-13
1.5000000000000001E-4    1550                     7.142844174238745E-13
1.5000000000000001E-4    1560                     7.142847531798312E-13
1.5000000000000001E-4    1570                     7.14285078447261E-13
1.5000000000000001E-4    1580                     7.142853791634261E-13
1.5000000000000001E-4    1590                     7.142856004820155E-13
1.5000000000000001E-4    1600                     7.14285703436341E-13
1.5000000000000001E-4    1610                     7.142857485961485E-13
1.5000000000000001E-4    1620                     7.142858531064909E-13
1.5000000000000001E-4    1630                     7.14286129178896E-13
1.5000000000000001E-4    1640                     7.142865658748483E-13
1.5000000000000001E-4    1650                     7.14287032865336E-13
1.5000000000000001E-4    1660                     7.142875218679796E-13
1.5000000000000001E-4    1670                     7.142878582286378E-13
1.5000000000000001E-4    1680                     7.142880550748887E-13
1.5000000000000001E-4    1690                     7.142882524060389E-13
1.5000000000000001E-4    1700                     7.142884359475252E-13
1.5000000000000001E-4    1710                     7.142885753975702E-13
1.5000000000000001E-4    1720                     7.142886565455782E-13
1.5000000000000001E-4    1730                     7.142887191591537E-13
1.5000000000000001E-4    1740                     7.14288802011859E-13
1.5000000000000001E-4    1750                     7.142889153566796E-13
1.5000000000000001E-4    1760                     7.142890465934708E-13
1.5000000000000001E-4    1770                     7.142892017513219E-13
1.5000000000000001E-4    1780                     7.142892850152768E-13
1.5000000000000001E-4    1790                     7.142891969636168E-13
1.5000000000000001E-4    1800                     7.142890997107069E-13
1.5000000000000001E-4    1810                     7.142889948797949E-13
1.5000000000000001E-4    1820                     7.142888596855334E-13
1.5000000000000001E-4    1830                     7.142886711322899E-13
1.5000000000000001E-4    1840                     7.142884728391624E-13
1.5000000000000001E-4    1850                     7.142883381086802E-13
1.5000000000000001E-4    1860                     7.142883581514462E-13
1.5000000000000001E-4    1870                     7.142885424982967E-13
1.5000000000000001E-4    1880                     7.142887952331213E-13
1.5000000000000001E-4    1890                     7.142890719312631E-13
1.5000000000000001E-4    1900                     7.142892433817134E-13
1.5000000000000001E-4    1910                     7.14289282412362E-13
1.5000000000000001E-4    1920                     7.142893231374762E-13
1.5000000000000001E-4    1930                     7.142893602587636E-13
1.5000000000000001E-4    1940                     7.142893752655764E-13
1.5000000000000001E-4    1950                     7.142893547338431E-13
1.5000000000000001E-4    1960                     7.142893264980146E-13
1.5000000000000001E-4    1970                     7.142893124730698E-13
1.5000000000000001E-4    1980                     7.142893082245749E-13
1.5000000000000001E-4    1990                     7.142893508012212E-13
1.5000000000000001E-4    2000                     7.142894426133748E-13
1.5000000000000001E-4    2010                     7.14289586757166E-13
1.5000000000000001E-4    2020                     7.142896374120596E-13
1.5000000000000001E-4    2030                     7.142896485833944E-13
1.5000000000000001E-4    2040                     7.14289622422091E-13
1.5000000000000001E-4    2050                     7.142895760869408E-13
1.5000000000000001E-4    2060                     7.142894868800779E-13
1.5000000000000001E-4    2070                     7.142893824849286E-13
1.5000000000000001E-4    2080                     7.142892981668529E-13
1.5000000000000001E-4    2090                     7.142892389777688E-13
1.5000000000000001E-4    2100                     7.142891963526746E-13
1.5000000000000001E-4    2110                     7.142891938356032E-13
1.5000000000000001E-4    2120                     7.142892465204087E-13
1.5000000000000001E-4    2130                     7.142893788458515E-13
1.5000000000000001E-4    2140                     7.142894459827996E-13
1.5000000000000001E-4    2150                     7.142894669083123E-13
1.5000000000000001E-4    2160                     7.142894568936402E-13
1.5000000000000001E-4    2170                     7.142894416690031E-13
1.5000000000000001E-4    2180                     7.142894351455353E-13
1.5000000000000001E-4    2190                     7.142894137401437E-13
1.5000000000000001E-4    2200                     7.142893648916105E-13
1.5000000000000001E-4    2210                     7.142892706575574E-13
1.5000000000000001E-4    2220                     7.142892110977569E-13
1.5000000000000001E-4    2230                     7.142892773076001E-13
1.5000000000000001E-4    2240                     7.142893791014134E-13
1.5000000000000001E-4    2250                     7.142894506682799E-13
1.5000000000000001E-4    2260                     7.142894749805223E-13
1.5000000000000001E-4    2270                     7.142894419395681E-13
1.5000000000000001E-4    2280                     7.142893975925217E-13
1.5000000000000001E-4    2290                     7.142894289002523E-13
1.5000000000000001E-4    2300                     7.142895271769354E-13
1.5000000000000001E-4    2310                     7.142895557764337E-13
1.5000000000000001E-4    2320                     7.142895458395649E-13
1.5000000000000001E-4    2330                     7.142895043839715E-13
1.5000000000000001E-4    2340                     7.142894650918099E-13
1.5000000000000001E-4    2350                     7.142894366827483E-13
1.5000000000000001E-4    2360                     7.142893578490228E-13
1.5000000000000001E-4    2370                     7.142891899536449E-13
1.5000000000000001E-4    2380                     7.142890984185446E-13
1.5000000000000001E-4    2390                     7.142892143687971E-13
1.5000000000000001E-4    2400                     7.142893899485302E-13
1.5000000000000001E-4    2410                     7.142895543177506E-13
1.5000000000000001E-4    2420                     7.14289649345686E-13
1.5000000000000001E-4    2430                     7.142896414949448E-13
1.5000000000000001E-4    2440                     7.142896011750704E-13
1.5000000000000001E-4    2450                     7.142896220263502E-13
1.5000000000000001E-4    2460                     7.142897509370205E-13
1.5000000000000001E-4    2470                     7.14289941022708E-13
1.5000000000000001E-4    2480                     7.142900811040603E-13
1.5000000000000001E-4    2490                     7.142901342557502E-13
1.5000000000000001E-4    2500                     7.142900442651396E-13
1.5000000000000001E-4    2510                     7.142899282614109E-13
1.5000000000000001E-4    2520                     7.142898214884593E-13
1.5000000000000001E-4    2530                     7.142897104974314E-13
1.5000000000000001E-4    2540                     7.14289579964478E-13
1.5000000000000001E-4    2550                     7.142894195663606E-13
1.5000000000000001E-4    2560                     7.142892733597455E-13
1.5000000000000001E-4    2570                     7.142891988623633E-13
1.5000000000000001E-4    2580                     7.142891495979447E-13
1.5000000000000001E-4    2590                     7.142891530854009E-13
1.5000000000000001E-4    2600                     7.142892084467312E-13
1.5000000000000001E-4    2610                     7.142892468240606E-13
1.5000000000000001E-4    2620                     7.142891856780863E-13
1.5000000000000001E-4    2630                     7.142890120069858E-13
1.5000000000000001E-4    2640                     7.142888540182349E-13
1.5000000000000001E-4    2650                     7.142887001032467E-13
1.5000000000000001E-4    2660                     7.142885426652125E-13
1.5000000000000001E-4    2670                     7.142883752499331E-13
1.5000000000000001E-4    2680                     7.142882609323694E-13
1.5000000000000001E-4    2690                     7.142882183930463E-13
1.5000000000000001E-4    2700                     7.142881839519302E-13
1.5000000000000001E-4    2710                     7.142881803494664E-13
1.5000000000000001E-4    2720                     7.142882467440648E-13
1.5000000000000001E-4    2730                     7.142883779379501E-13
1.5000000000000001E-4    2740                     7.142884958142166E-13
1.5000000000000001E-4    2750                     7.142885681187518E-13
1.5000000000000001E-4    2760                     7.142885893967002E-13
1.5000000000000001E-4    2770                     7.142886525129253E-13
1.5000000000000001E-4    2780                     7.142887467314E-13
1.5000000000000001E-4    2790                     7.142887756060298E-13
1.5000000000000001E-4    2800                     7.142886364299977E-13
1.5000000000000001E-4    2810                     7.142884935594538E-13
1.5000000000000001E-4    2820                     7.142883531326035E-13
1.5000000000000001E-4    2830                     7.142882034178286E-13
1.5000000000000001E-4    2840                     7.142880276122643E-13
1.5000000000000001E-4    2850                     7.142878651374462E-13
1.5000000000000001E-4    2860                     7.142878197620398E-13
1.5000000000000001E-4    2870                     7.142878479675971E-13
1.5000000000000001E-4    2880                     7.142880204212561E-13
1.5000000000000001E-4    2890                     7.142883201251085E-13
1.5000000000000001E-4    2900                     7.142886287290607E-13
1.5000000000000001E-4    2910                     7.14288874568559E-13
1.5000000000000001E-4    2920                     7.1428892373793E-13
1.5000000000000001E-4    2930                     7.142889685930399E-13
1.5000000000000001E-4    2940                     7.142890036287687E-13
1.5000000000000001E-4    2950                     7.14288997714012E-13
1.5000000000000001E-4    2960                     7.142889784954164E-13
1.5000000000000001E-4    2970                     7.142889673508639E-13
1.5000000000000001E-4    2980                     7.142890071809046E-13
1.5000000000000001E-4    2990                     7.142891374550598E-13
1.5000000000000001E-4    3000                     7.142893544622285E-13
1.5000000000000001E-4    3010                     7.142896085082968E-13
1.5000000000000001E-4    3020                     7.142898877473345E-13
1.5000000000000001E-4    3030                     7.142901020431985E-13
1.5000000000000001E-4    3040                     7.142902603195649E-13
1.5000000000000001E-4    3050                     7.142903112481576E-13
1.5000000000000001E-4    3060                     7.142902093271114E-13
1.5000000000000001E-4    3070                     7.142900909517724E-13
1.5000000000000001E-4    3080                     7.142899738114746E-13
1.5000000000000001E-4    3090                     7.14289852088905E-13
1.5000000000000001E-4    3100                     7.14289711170751E-13
1.5000000000000001E-4    3110                     7.142895672977131E-13
1.5000000000000001E-4    3120                     7.142894544400742E-13
1.5000000000000001E-4    3130                     7.142893733939458E-13
1.5000000000000001E-4    3140                     7.142893310333271E-13
1.5000000000000001E-4    3150                     7.142893411672207E-13
1.5000000000000001E-4    3160                     7.142893668809739E-13
1.5000000000000001E-4    3170                     7.142893720553805E-13
1.5000000000000001E-4    3180                     7.142892463956299E-13
1.5000000000000001E-4    3190                     7.142890661943343E-13
1.5000000000000001E-4    3200                     7.142888923959702E-13
1.5000000000000001E-4    3210                     7.142886929464843E-13
1.5000000000000001E-4    3220                     7.142884385918258E-13
1.5000000000000001E-4    3230                     7.142882135824878E-13
1.5000000000000001E-4    3240                     7.142880074298989E-13
1.5000000000000001E-4    3250                     7.142878532075785E-13
1.5000000000000001E-4    3260                     7.142877685644536E-13
1.5000000000000001E-4    3270                     7.142877055087059E-13
1.5000000000000001E-4    3280                     7.142876891547765E-13
1.5000000000000001E-4    3290                     7.142876963137784E-13
1.5000000000000001E-4    3300                     7.142876985304705E-13
1.5000000000000001E-4    3310                     7.142877379140839E-13
1.5000000000000001E-4    3320                     7.142878742041753E-13
1.5000000000000001E-4    3330                     7.142880971507969E-13
1.5000000000000001E-4    3340                     7.142882009572679E-13
1.5000000000000001E-4    3350                     7.142882862063468E-13
1.5000000000000001E-4    3360                     7.14288348256119E-13
1.5000000000000001E-4    3370                     7.142883598291488E-13
1.5000000000000001E-4    3380                     7.142883333923198E-13
1.5000000000000001E-4    3390                     7.142882924669734E-13
1.5000000000000001E-4    3400                     7.142882318107486E-13
1.5000000000000001E-4    3410                     7.142881375358006E-13
1.5000000000000001E-4    3420                     7.142881616001285E-13
1.5000000000000001E-4    3430                     7.142882586358898E-13
1.5000000000000001E-4    3440                     7.142884218517267E-13
1.5000000000000001E-4    3450                     7.142883671565346E-13
1.5000000000000001E-4    3460                     7.14288255479227E-13
1.5000000000000001E-4    3470                     7.142881527132817E-13
1.5000000000000001E-4    3480                     7.142880484376583E-13
1.5000000000000001E-4    3490                     7.142879353419016E-13
1.5000000000000001E-4    3500                     7.142878287317374E-13
1.5000000000000001E-4    3510                     7.142877759747377E-13
1.5000000000000001E-4    3520                     7.142877868348978E-13
1.5000000000000001E-4    3530                     7.142879322069083E-13
1.5000000000000001E-4    3540                     7.142880984585815E-13
1.5000000000000001E-4    3550                     7.142882646069395E-13
1.5000000000000001E-4    3560                     7.142884041996766E-13
1.5000000000000001E-4    3570                     7.142885017958448E-13
1.5000000000000001E-4    3580                     7.142885912954261E-13
1.5000000000000001E-4    3590                     7.142886998161416E-13
1.5000000000000001E-4    3600                     7.14288864073538E-13
