% Model:              fff-holesurface-binding-with epi-new-111kb1e-2.mph
% Version:            COMSOL 6.2.0.339
% Date:               May 22 2026, 15:21
% Q (L/min)              Time (s)                 N_bound (mol/m^2)
0                        0                        4.961567689817862E-15
0                        10                       1.7170766244504598E-13
0                        20                       2.1436762606787784E-13
0                        30                       2.369962225335352E-13
0                        40                       2.493155238345857E-13
0                        50                       2.564201576291351E-13
0                        60                       2.59553581615125E-13
0                        70                       2.594581415349712E-13
0                        80                       2.5794422195913294E-13
0                        90                       2.5615305824279676E-13
0                        100                      2.5338700506840827E-13
0                        110                      2.4958361443946404E-13
0                        120                      2.4534295565536723E-13
0                        130                      2.410247475207215E-13
0                        140                      2.3653041348360457E-13
0                        150                      2.3171772599603875E-13
0                        160                      2.267554154420897E-13
0                        170                      2.2189346594232896E-13
0                        180                      2.170514068246236E-13
0                        190                      2.122758521322551E-13
0                        200                      2.0761916870736014E-13
0                        210                      2.0306969324509104E-13
0                        220                      1.985740662801043E-13
0                        230                      1.942324921202977E-13
0                        240                      1.9011021550612874E-13
0                        250                      1.8615008765450122E-13
0                        260                      1.822373835288612E-13
0                        270                      1.784080139288056E-13
0                        280                      1.747686793133402E-13
0                        290                      1.7135468527998673E-13
0                        300                      1.6806051791140293E-13
0                        310                      1.6480069319247137E-13
0                        320                      1.6164245362580678E-13
0                        330                      1.586739861444809E-13
0                        340                      1.5587907655777235E-13
0                        350                      1.5311893572137682E-13
0                        360                      1.5044414604341705E-13
0                        370                      1.4785385214827186E-13
0                        380                      1.4536325327118139E-13
0                        390                      1.4302124264872197E-13
0                        400                      1.407460685771088E-13
0                        410                      1.3855639031937547E-13
0                        420                      1.364942786192204E-13
0                        430                      1.344904696503926E-13
0                        440                      1.3255872347793907E-13
0                        450                      1.3073556555471595E-13
0                        460                      1.289626061225405E-13
0                        470                      1.2725170618949893E-13
0                        480                      1.256344012838235E-13
0                        490                      1.2406035999098575E-13
0                        500                      1.2253979905864008E-13
0                        510                      1.2109985583510387E-13
0                        520                      1.1969726677115092E-13
0                        530                      1.183407902340216E-13
0                        540                      1.1705386567275913E-13
0                        550                      1.157991748469781E-13
0                        560                      1.1458426976719291E-13
0                        570                      1.1342937678672008E-13
0                        580                      1.1230237521749524E-13
0                        590                      1.1120976698745344E-13
0                        600                      1.1016908512662126E-13
0                        610                      1.0915256104463257E-13
0                        620                      1.0816581629301267E-13
0                        630                      1.0722404884267485E-13
0                        640                      1.0630327342939606E-13
0                        650                      1.0541060890648415E-13
0                        660                      1.0457904055691436E-13
0                        670                      1.037652234308565E-13
0                        680                      1.029559274236E-13
0                        690                      1.0216691678773001E-13
0                        700                      1.0139533419198664E-13
0                        710                      1.0064622697911899E-13
0                        720                      9.992705717653679E-14
0                        730                      9.922157983778846E-14
0                        740                      9.853529686016762E-14
0                        750                      9.787465538127637E-14
0                        760                      9.722579290579981E-14
0                        770                      9.659368086183426E-14
0                        780                      9.598400107301277E-14
0                        790                      9.538471515295938E-14
0                        800                      9.480008793279849E-14
0                        810                      9.423514703997289E-14
0                        820                      9.367932001158365E-14
0                        830                      9.313648564960466E-14
0                        840                      9.26112334326651E-14
0                        850                      9.209441356073005E-14
0                        860                      9.158874797023021E-14
0                        870                      9.109833787321175E-14
0                        880                      9.061509439298129E-14
0                        890                      9.014209998242765E-14
0                        900                      8.968127102299625E-14
0                        910                      8.922746184793422E-14
0                        920                      8.879344714364728E-14
0                        930                      8.836498898187165E-14
0                        940                      8.79405125445389E-14
0                        950                      8.752043655759551E-14
0                        960                      8.710978638474224E-14
0                        970                      8.670675585350117E-14
0                        980                      8.631209221237313E-14
0                        990                      8.59264006820589E-14
0                        1000                     8.554607684454945E-14
0                        1010                     8.518094743632902E-14
0                        1020                     8.482240043951911E-14
0                        1030                     8.446483111388792E-14
0                        1040                     8.411140199538939E-14
0                        1050                     8.376346319996455E-14
0                        1060                     8.342004207002413E-14
0                        1070                     8.308492673555556E-14
0                        1080                     8.275443312146778E-14
0                        1090                     8.242787507174815E-14
0                        1100                     8.210863320231563E-14
0                        1110                     8.179353153421133E-14
0                        1120                     8.14821171892979E-14
0                        1130                     8.118091158108868E-14
0                        1140                     8.088332330337132E-14
0                        1150                     8.058674640443536E-14
0                        1160                     8.029286672013102E-14
0                        1170                     8.000182729490789E-14
0                        1180                     7.971655350511299E-14
0                        1190                     7.943408409174436E-14
0                        1200                     7.915986694334828E-14
0                        1210                     7.889054643951786E-14
0                        1220                     7.862170082249693E-14
0                        1230                     7.835552583157039E-14
0                        1240                     7.809156503385833E-14
0                        1250                     7.783134702453897E-14
0                        1260                     7.757471157372999E-14
0                        1270                     7.732165648777151E-14
0                        1280                     7.707490362990334E-14
0                        1290                     7.682933732782065E-14
0                        1300                     7.658492130774793E-14
0                        1310                     7.634218370665223E-14
0                        1320                     7.610223448270398E-14
0                        1330                     7.586539031446618E-14
0                        1340                     7.563117099303481E-14
0                        1350                     7.540318258468623E-14
0                        1360                     7.517695166074618E-14
0                        1370                     7.495131971627796E-14
0                        1380                     7.472783752099894E-14
0                        1390                     7.450573931826461E-14
0                        1400                     7.428679853489936E-14
0                        1410                     7.407035130307192E-14
0                        1420                     7.385527544800302E-14
0                        1430                     7.364381504218398E-14
0                        1440                     7.343540096264881E-14
0                        1450                     7.322753921864171E-14
0                        1460                     7.302093987383665E-14
0                        1470                     7.281576421061563E-14
0                        1480                     7.261326636916192E-14
0                        1490                     7.241216812483555E-14
0                        1500                     7.221386569810982E-14
0                        1510                     7.201672562775565E-14
0                        1520                     7.182266980402105E-14
0                        1530                     7.163113986751393E-14
0                        1540                     7.14400578838298E-14
0                        1550                     7.125001040230471E-14
0                        1560                     7.106114248218552E-14
0                        1570                     7.087449902317619E-14
0                        1580                     7.068902299884168E-14
0                        1590                     7.050696816058368E-14
0                        1600                     7.03262888110675E-14
0                        1610                     7.014617331802798E-14
0                        1620                     6.996687276504747E-14
0                        1630                     6.97890385704049E-14
0                        1640                     6.961275939237543E-14
0                        1650                     6.943782947447773E-14
0                        1660                     6.926478665761784E-14
0                        1670                     6.909264239929451E-14
0                        1680                     6.892325229583417E-14
0                        1690                     6.87550157111823E-14
0                        1700                     6.858728022457734E-14
0                        1710                     6.84202558834678E-14
0                        1720                     6.8254492699602E-14
0                        1730                     6.809006676190132E-14
0                        1740                     6.792686627853808E-14
0                        1750                     6.776635260264213E-14
0                        1760                     6.760637216175662E-14
0                        1770                     6.744698061530717E-14
0                        1780                     6.728817608544715E-14
0                        1790                     6.713065099493357E-14
0                        1800                     6.697455943563452E-14
0                        1810                     6.681930459653593E-14
0                        1820                     6.666548555740202E-14
0                        1830                     6.651370435370962E-14
0                        1840                     6.63621989364133E-14
0                        1850                     6.621130823455507E-14
0                        1860                     6.606099218749618E-14
0                        1870                     6.591206225505588E-14
0                        1880                     6.576383229694394E-14
0                        1890                     6.561700923143884E-14
0                        1900                     6.547092044422474E-14
0                        1910                     6.532607292146056E-14
0                        1920                     6.518300577823234E-14
0                        1930                     6.50401841606589E-14
0                        1940                     6.489790849797033E-14
0                        1950                     6.475614192118278E-14
0                        1960                     6.461560330680564E-14
0                        1970                     6.447568545407702E-14
0                        1980                     6.433703978149392E-14
0                        1990                     6.419934046992267E-14
0                        2000                     6.406215630596038E-14
0                        2010                     6.39263396928029E-14
0                        2020                     6.379168973714295E-14
0                        2030                     6.365726118279617E-14
0                        2040                     6.352333608568646E-14
0                        2050                     6.338997896877878E-14
0                        2060                     6.325769510859008E-14
0                        2070                     6.312597803609005E-14
0                        2080                     6.299540038087149E-14
0                        2090                     6.28653025880622E-14
0                        2100                     6.273648948198122E-14
0                        2110                     6.260873838549552E-14
0                        2120                     6.248118204542055E-14
0                        2130                     6.235407365455737E-14
0                        2140                     6.222747619768716E-14
0                        2150                     6.210184600744699E-14
0                        2160                     6.197672765877634E-14
0                        2170                     6.18531192360402E-14
0                        2180                     6.173012416878022E-14
0                        2190                     6.160738758584722E-14
0                        2200                     6.148502327895191E-14
0                        2210                     6.136332949355921E-14
0                        2220                     6.124234937932504E-14
0                        2230                     6.112199292616601E-14
0                        2240                     6.100251378642935E-14
0                        2250                     6.088345689348515E-14
0                        2260                     6.076570282041137E-14
0                        2270                     6.064850001763546E-14
0                        2280                     6.053154009717094E-14
0                        2290                     6.041492506610028E-14
0                        2300                     6.029892406992863E-14
0                        2310                     6.018357633656819E-14
0                        2320                     6.006883151182046E-14
0                        2330                     5.995548870977159E-14
0                        2340                     5.984253758056454E-14
0                        2350                     5.972974012454547E-14
0                        2360                     5.961746210751323E-14
0                        2370                     5.950551920630926E-14
0                        2380                     5.939456475486355E-14
0                        2390                     5.928439862058352E-14
0                        2400                     5.917439070639366E-14
0                        2410                     5.906472936458757E-14
0                        2420                     5.895547402244397E-14
0                        2430                     5.884695631974733E-14
0                        2440                     5.87388391054934E-14
0                        2450                     5.86315110442189E-14
0                        2460                     5.85245155016808E-14
0                        2470                     5.841843856406056E-14
0                        2480                     5.831307773292938E-14
0                        2490                     5.82078585216927E-14
0                        2500                     5.810295259117308E-14
0                        2510                     5.799841837992736E-14
0                        2520                     5.789456133393088E-14
0                        2530                     5.779107319583938E-14
0                        2540                     5.768869203043187E-14
0                        2550                     5.758686947860153E-14
0                        2560                     5.748512899852333E-14
0                        2570                     5.738378338395125E-14
0                        2580                     5.728273474934161E-14
0                        2590                     5.71823405266665E-14
0                        2600                     5.70829273194384E-14
0                        2610                     5.698365916351297E-14
0                        2620                     5.688460592170062E-14
0                        2630                     5.6785973331524106E-14
0                        2640                     5.668766018513096E-14
0                        2650                     5.659032225275831E-14
0                        2660                     5.6493315437225744E-14
0                        2670                     5.639651381135268E-14
0                        2680                     5.629995524728502E-14
0                        2690                     5.620388734660643E-14
0                        2700                     5.6108259503073246E-14
0                        2710                     5.601308425771054E-14
0                        2720                     5.591845807153914E-14
0                        2730                     5.582413715948697E-14
0                        2740                     5.573071950125794E-14
0                        2750                     5.5637602573200804E-14
0                        2760                     5.5544672910345794E-14
0                        2770                     5.545196658457318E-14
0                        2780                     5.5359712482741555E-14
0                        2790                     5.526786662572554E-14
0                        2800                     5.5176475786859775E-14
0                        2810                     5.508596877076108E-14
0                        2820                     5.499561144897478E-14
0                        2830                     5.4905470907070965E-14
0                        2840                     5.481553713640767E-14
0                        2850                     5.4726073030613575E-14
0                        2860                     5.46370982593116E-14
0                        2870                     5.454840892909724E-14
0                        2880                     5.446027976640195E-14
0                        2890                     5.437283280756238E-14
0                        2900                     5.428548132453174E-14
0                        2910                     5.419836124840246E-14
0                        2920                     5.411146586259886E-14
0                        2930                     5.402508730152067E-14
0                        2940                     5.393896620066257E-14
0                        2950                     5.385338284758796E-14
0                        2960                     5.3768057073467857E-14
0                        2970                     5.368324936243409E-14
0                        2980                     5.3599078469201815E-14
0                        2990                     5.351499804007097E-14
0                        3000                     5.343113596874945E-14
0                        3010                     5.334748549606735E-14
0                        3020                     5.326432165763187E-14
0                        3030                     5.318140034490845E-14
0                        3040                     5.309899603756774E-14
0                        3050                     5.301695758152469E-14
0                        3060                     5.2935126782800226E-14
0                        3070                     5.2853889904321626E-14
0                        3080                     5.2773074361338994E-14
0                        3090                     5.269236147062191E-14
0                        3100                     5.2611853670424286E-14
0                        3110                     5.253160748386946E-14
0                        3120                     5.245179008557989E-14
0                        3130                     5.237222665364827E-14
0                        3140                     5.229313597198462E-14
0                        3150                     5.221424620753972E-14
0                        3160                     5.2135941320304227E-14
0                        3170                     5.2058038303648E-14
0                        3180                     5.1980230105572484E-14
0                        3190                     5.1902613324979285E-14
0                        3200                     5.18252432413497E-14
0                        3210                     5.174827805289403E-14
0                        3220                     5.167155400868868E-14
0                        3230                     5.1595517804489535E-14
0                        3240                     5.151970225346943E-14
0                        3250                     5.144401913313764E-14
0                        3260                     5.136849638723138E-14
0                        3270                     5.129330243261573E-14
0                        3280                     5.1218405817522524E-14
0                        3290                     5.1143817447408386E-14
0                        3300                     5.1069604075035224E-14
0                        3310                     5.099559965739491E-14
0                        3320                     5.092221459887306E-14
0                        3330                     5.0849036299899145E-14
0                        3340                     5.077598745640432E-14
0                        3350                     5.070309293707808E-14
0                        3360                     5.0630511055338704E-14
0                        3370                     5.055821165916581E-14
0                        3380                     5.048622766054602E-14
0                        3390                     5.0414857147075915E-14
0                        3400                     5.034359092105596E-14
0                        3410                     5.0272476130629957E-14
0                        3420                     5.020150573869083E-14
0                        3430                     5.013086348151134E-14
0                        3440                     5.0060563516563346E-14
0                        3450                     4.999046353359254E-14
0                        3460                     4.992075636709405E-14
0                        3470                     4.985152826282381E-14
0                        3480                     4.97823675307639E-14
0                        3490                     4.9713370107523177E-14
0                        3500                     4.964453124366472E-14
0                        3510                     4.957605729552937E-14
0                        3520                     4.950776533612704E-14
0                        3530                     4.943985383996347E-14
0                        3540                     4.937212483861593E-14
0                        3550                     4.9304763398521273E-14
0                        3560                     4.923785428225381E-14
0                        3570                     4.9171009675924046E-14
0                        3580                     4.9104320804718434E-14
0                        3590                     4.9037782851506294E-14
0                        3600                     4.8971592152202106E-14
5.000000000000001E-5     0                        4.9615676894699126E-15
5.000000000000001E-5     10                       1.7195005854297212E-13
5.000000000000001E-5     20                       2.152668200470279E-13
5.000000000000001E-5     30                       2.3859439758173663E-13
5.000000000000001E-5     40                       2.5254694547379E-13
5.000000000000001E-5     50                       2.613611442721951E-13
5.000000000000001E-5     60                       2.670950772159216E-13
5.000000000000001E-5     70                       2.707589148108926E-13
5.000000000000001E-5     80                       2.7346494676252126E-13
5.000000000000001E-5     90                       2.7535463969466186E-13
5.000000000000001E-5     100                      2.766769862845781E-13
5.000000000000001E-5     110                      2.7778812706481663E-13
5.000000000000001E-5     120                      2.7864090175673985E-13
5.000000000000001E-5     130                      2.7937435355861994E-13
5.000000000000001E-5     140                      2.800220339065688E-13
5.000000000000001E-5     150                      2.8060195926646875E-13
5.000000000000001E-5     160                      2.811522183751567E-13
5.000000000000001E-5     170                      2.8167774878240385E-13
5.000000000000001E-5     180                      2.82192026394927E-13
5.000000000000001E-5     190                      2.82699545792968E-13
5.000000000000001E-5     200                      2.8320342049537745E-13
5.000000000000001E-5     210                      2.837061139436933E-13
5.000000000000001E-5     220                      2.842082946686467E-13
5.000000000000001E-5     230                      2.847103631538819E-13
5.000000000000001E-5     240                      2.8521323938225656E-13
5.000000000000001E-5     250                      2.857185212129369E-13
5.000000000000001E-5     260                      2.8622840862005564E-13
5.000000000000001E-5     270                      2.8674505813257723E-13
5.000000000000001E-5     280                      2.872776598342922E-13
5.000000000000001E-5     290                      2.8783772591059026E-13
5.000000000000001E-5     300                      2.884254410645965E-13
5.000000000000001E-5     310                      2.890467114487065E-13
5.000000000000001E-5     320                      2.896829424737316E-13
5.000000000000001E-5     330                      2.9036327531408E-13
5.000000000000001E-5     340                      2.9112600115917075E-13
5.000000000000001E-5     350                      2.919641357483329E-13
5.000000000000001E-5     360                      2.9282612795348247E-13
5.000000000000001E-5     370                      2.937607208371315E-13
5.000000000000001E-5     380                      2.948080731982944E-13
5.000000000000001E-5     390                      2.9594261442455575E-13
5.000000000000001E-5     400                      2.9709609915998263E-13
5.000000000000001E-5     410                      2.9830593437101914E-13
5.000000000000001E-5     420                      2.996183721754785E-13
5.000000000000001E-5     430                      3.010273933093494E-13
5.000000000000001E-5     440                      3.024576614254993E-13
5.000000000000001E-5     450                      3.0392247242992126E-13
5.000000000000001E-5     460                      3.054622725485774E-13
5.000000000000001E-5     470                      3.070841607505323E-13
5.000000000000001E-5     480                      3.087308541254695E-13
5.000000000000001E-5     490                      3.103935943574366E-13
5.000000000000001E-5     500                      3.1210004302482643E-13
5.000000000000001E-5     510                      3.1386209597640633E-13
5.000000000000001E-5     520                      3.1564268352945E-13
5.000000000000001E-5     530                      3.1743106705830463E-13
5.000000000000001E-5     540                      3.192453123411578E-13
5.000000000000001E-5     550                      3.2106897421836994E-13
5.000000000000001E-5     560                      3.2290479967155897E-13
5.000000000000001E-5     570                      3.2475755756818397E-13
5.000000000000001E-5     580                      3.2661322153156005E-13
5.000000000000001E-5     590                      3.2846706013168743E-13
5.000000000000001E-5     600                      3.3031765265874267E-13
5.000000000000001E-5     610                      3.321648087018555E-13
5.000000000000001E-5     620                      3.3400270842290465E-13
5.000000000000001E-5     630                      3.358339903761977E-13
5.000000000000001E-5     640                      3.3764155278645866E-13
5.000000000000001E-5     650                      3.394333397805836E-13
5.000000000000001E-5     660                      3.4121800038077914E-13
5.000000000000001E-5     670                      3.42990617686976E-13
5.000000000000001E-5     680                      3.447446308124465E-13
5.000000000000001E-5     690                      3.464729869115921E-13
5.000000000000001E-5     700                      3.4818140639199273E-13
5.000000000000001E-5     710                      3.498526772606026E-13
5.000000000000001E-5     720                      3.5150230197035667E-13
5.000000000000001E-5     730                      3.5313140277831876E-13
5.000000000000001E-5     740                      3.5470256512933116E-13
5.000000000000001E-5     750                      3.562568436258898E-13
5.000000000000001E-5     760                      3.577958501351862E-13
5.000000000000001E-5     770                      3.593187585161514E-13
5.000000000000001E-5     780                      3.6080559156758587E-13
5.000000000000001E-5     790                      3.6226444296131535E-13
5.000000000000001E-5     800                      3.636874557634091E-13
5.000000000000001E-5     810                      3.650668685278372E-13
5.000000000000001E-5     820                      3.6642538708297394E-13
5.000000000000001E-5     830                      3.677490773531185E-13
5.000000000000001E-5     840                      3.690102183399487E-13
5.000000000000001E-5     850                      3.7026112523562174E-13
5.000000000000001E-5     860                      3.714931725940561E-13
5.000000000000001E-5     870                      3.727081374049988E-13
5.000000000000001E-5     880                      3.7388062757650915E-13
5.000000000000001E-5     890                      3.7503015082272967E-13
5.000000000000001E-5     900                      3.7613681565710543E-13
5.000000000000001E-5     910                      3.7721762716496277E-13
5.000000000000001E-5     920                      3.782633928140197E-13
5.000000000000001E-5     930                      3.792487092915569E-13
5.000000000000001E-5     940                      3.802249147691143E-13
5.000000000000001E-5     950                      3.8118437324333136E-13
5.000000000000001E-5     960                      3.821284828501915E-13
5.000000000000001E-5     970                      3.8303445150001397E-13
5.000000000000001E-5     980                      3.839199297744219E-13
5.000000000000001E-5     990                      3.8476679533588623E-13
5.000000000000001E-5     1000                     3.8558246887004854E-13
5.000000000000001E-5     1010                     3.8638200161052546E-13
5.000000000000001E-5     1020                     3.8714308294351015E-13
5.000000000000001E-5     1030                     3.878638607042131E-13
5.000000000000001E-5     1040                     3.885785503606482E-13
5.000000000000001E-5     1050                     3.892782940673558E-13
5.000000000000001E-5     1060                     3.899629067315686E-13
5.000000000000001E-5     1070                     3.906153853225511E-13
5.000000000000001E-5     1080                     3.9125207455563216E-13
5.000000000000001E-5     1090                     3.9185592719761626E-13
5.000000000000001E-5     1100                     3.924456016636422E-13
5.000000000000001E-5     1110                     3.930027111773518E-13
5.000000000000001E-5     1120                     3.9352693683738803E-13
5.000000000000001E-5     1130                     3.940465316296712E-13
5.000000000000001E-5     1140                     3.9455452820381183E-13
5.000000000000001E-5     1150                     3.9505065058147757E-13
5.000000000000001E-5     1160                     3.9552156787190563E-13
5.000000000000001E-5     1170                     3.9598015170831137E-13
5.000000000000001E-5     1180                     3.9640319175875506E-13
5.000000000000001E-5     1190                     3.968024431614595E-13
5.000000000000001E-5     1200                     3.971998150841936E-13
5.000000000000001E-5     1210                     3.9758610275236755E-13
5.000000000000001E-5     1220                     3.979625091040174E-13
5.000000000000001E-5     1230                     3.9832173476983723E-13
5.000000000000001E-5     1240                     3.9864962170374434E-13
5.000000000000001E-5     1250                     3.9897193332385183E-13
5.000000000000001E-5     1260                     3.9928947429731775E-13
5.000000000000001E-5     1270                     3.9959522764019815E-13
5.000000000000001E-5     1280                     3.998932745743878E-13
5.000000000000001E-5     1290                     4.0016685864384585E-13
5.000000000000001E-5     1300                     4.0042498347352275E-13
5.000000000000001E-5     1310                     4.006815350514347E-13
5.000000000000001E-5     1320                     4.009298792978132E-13
5.000000000000001E-5     1330                     4.0117153654355967E-13
5.000000000000001E-5     1340                     4.0140047889711803E-13
5.000000000000001E-5     1350                     4.016083257664258E-13
5.000000000000001E-5     1360                     4.0181294446422246E-13
5.000000000000001E-5     1370                     4.0201408972900563E-13
5.000000000000001E-5     1380                     4.0220732692000185E-13
5.000000000000001E-5     1390                     4.023951997111899E-13
5.000000000000001E-5     1400                     4.025660978939576E-13
5.000000000000001E-5     1410                     4.0272767852902554E-13
5.000000000000001E-5     1420                     4.028881365319614E-13
5.000000000000001E-5     1430                     4.030429889455798E-13
5.000000000000001E-5     1440                     4.0319356674721556E-13
5.000000000000001E-5     1450                     4.0333524633008327E-13
5.000000000000001E-5     1460                     4.034635146613375E-13
5.000000000000001E-5     1470                     4.035899904537041E-13
5.000000000000001E-5     1480                     4.0371403926046184E-13
5.000000000000001E-5     1490                     4.0383302371346716E-13
5.000000000000001E-5     1500                     4.0394839123971393E-13
5.000000000000001E-5     1510                     4.0405272876199156E-13
5.000000000000001E-5     1520                     4.0415327670001885E-13
5.000000000000001E-5     1530                     4.0425184418695404E-13
5.000000000000001E-5     1540                     4.043479784808314E-13
5.000000000000001E-5     1550                     4.044400129459278E-13
5.000000000000001E-5     1560                     4.0452891491116027E-13
5.000000000000001E-5     1570                     4.046115169588719E-13
5.000000000000001E-5     1580                     4.046907018587281E-13
5.000000000000001E-5     1590                     4.0476440115114006E-13
5.000000000000001E-5     1600                     4.048316280817883E-13
5.000000000000001E-5     1610                     4.048981097811561E-13
5.000000000000001E-5     1620                     4.0496281012856576E-13
5.000000000000001E-5     1630                     4.0502575688264506E-13
5.000000000000001E-5     1640                     4.050846793275729E-13
5.000000000000001E-5     1650                     4.051416478982679E-13
5.000000000000001E-5     1660                     4.051934707675389E-13
5.000000000000001E-5     1670                     4.052410591483227E-13
5.000000000000001E-5     1680                     4.0528837962730636E-13
5.000000000000001E-5     1690                     4.05334253752E-13
5.000000000000001E-5     1700                     4.053785760254917E-13
5.000000000000001E-5     1710                     4.0542073912094995E-13
5.000000000000001E-5     1720                     4.0545829352827025E-13
5.000000000000001E-5     1730                     4.054948183013677E-13
5.000000000000001E-5     1740                     4.0553079846121136E-13
5.000000000000001E-5     1750                     4.0556519626937824E-13
5.000000000000001E-5     1760                     4.0559859800533413E-13
5.000000000000001E-5     1770                     4.056297217547581E-13
5.000000000000001E-5     1780                     4.05659637823376E-13
5.000000000000001E-5     1790                     4.056870300918358E-13
5.000000000000001E-5     1800                     4.0571233330451174E-13
5.000000000000001E-5     1810                     4.0573744370451384E-13
5.000000000000001E-5     1820                     4.0576184120563377E-13
5.000000000000001E-5     1830                     4.057855924159382E-13
5.000000000000001E-5     1840                     4.0580778245234847E-13
5.000000000000001E-5     1850                     4.0582911510467496E-13
5.000000000000001E-5     1860                     4.058487550731986E-13
5.000000000000001E-5     1870                     4.058665996178672E-13
5.000000000000001E-5     1880                     4.0588424272581026E-13
5.000000000000001E-5     1890                     4.05901375135994E-13
5.000000000000001E-5     1900                     4.05917992444064E-13
5.000000000000001E-5     1910                     4.059334699057094E-13
5.000000000000001E-5     1920                     4.059484038480265E-13
5.000000000000001E-5     1930                     4.059622272381426E-13
5.000000000000001E-5     1940                     4.059755625055809E-13
5.000000000000001E-5     1950                     4.059879033007829E-13
5.000000000000001E-5     1960                     4.0599914888985894E-13
5.000000000000001E-5     1970                     4.0601025900267174E-13
5.000000000000001E-5     1980                     4.0602103356678397E-13
5.000000000000001E-5     1990                     4.0603147864494136E-13
5.000000000000001E-5     2000                     4.0604119726205397E-13
5.000000000000001E-5     2010                     4.060505704585856E-13
5.000000000000001E-5     2020                     4.0605922684926787E-13
5.000000000000001E-5     2030                     4.060675300042413E-13
5.000000000000001E-5     2040                     4.0607511156785043E-13
5.000000000000001E-5     2050                     4.060821010111422E-13
5.000000000000001E-5     2060                     4.060890357694555E-13
5.000000000000001E-5     2070                     4.0609576749543E-13
5.000000000000001E-5     2080                     4.0610231534073914E-13
5.000000000000001E-5     2090                     4.0610842006546024E-13
5.000000000000001E-5     2100                     4.061142816091898E-13
5.000000000000001E-5     2110                     4.061196626380852E-13
5.000000000000001E-5     2120                     4.0612446357999273E-13
5.000000000000001E-5     2130                     4.06129213399726E-13
5.000000000000001E-5     2140                     4.061338474635238E-13
5.000000000000001E-5     2150                     4.0613828347276733E-13
5.000000000000001E-5     2160                     4.061425478573399E-13
5.000000000000001E-5     2170                     4.0614632457832624E-13
5.000000000000001E-5     2180                     4.0614991333229116E-13
5.000000000000001E-5     2190                     4.0615346492811757E-13
5.000000000000001E-5     2200                     4.0615686059090775E-13
5.000000000000001E-5     2210                     4.061601522217986E-13
5.000000000000001E-5     2220                     4.0616318137984113E-13
5.000000000000001E-5     2230                     4.061658995837568E-13
5.000000000000001E-5     2240                     4.0616858834050953E-13
5.000000000000001E-5     2250                     4.0617120234951026E-13
5.000000000000001E-5     2260                     4.061737064165475E-13
5.000000000000001E-5     2270                     4.061761043359076E-13
5.000000000000001E-5     2280                     4.0617822082348146E-13
5.000000000000001E-5     2290                     4.061802428400363E-13
5.000000000000001E-5     2300                     4.061822415905233E-13
5.000000000000001E-5     2310                     4.061841499317752E-13
5.000000000000001E-5     2320                     4.061859999341887E-13
5.000000000000001E-5     2330                     4.0618772233462985E-13
5.000000000000001E-5     2340                     4.0618936561296104E-13
5.000000000000001E-5     2350                     4.0619088068896855E-13
5.000000000000001E-5     2360                     4.0619225241864127E-13
5.000000000000001E-5     2370                     4.0619360968162483E-13
5.000000000000001E-5     2380                     4.0619493040809046E-13
5.000000000000001E-5     2390                     4.061962147132658E-13
5.000000000000001E-5     2400                     4.0619741711517536E-13
5.000000000000001E-5     2410                     4.0619856372069473E-13
5.000000000000001E-5     2420                     4.0619962998069177E-13
5.000000000000001E-5     2430                     4.0620057957535776E-13
5.000000000000001E-5     2440                     4.0620151547973564E-13
5.000000000000001E-5     2450                     4.0620242425693257E-13
5.000000000000001E-5     2460                     4.062033074915795E-13
5.000000000000001E-5     2470                     4.062041285705886E-13
5.000000000000001E-5     2480                     4.0620491852097234E-13
5.000000000000001E-5     2490                     4.0620564981030786E-13
5.000000000000001E-5     2500                     4.0620634972331395E-13
5.000000000000001E-5     2510                     4.062070043128476E-13
5.000000000000001E-5     2520                     4.0620759037700153E-13
5.000000000000001E-5     2530                     4.062081677753456E-13
5.000000000000001E-5     2540                     4.0620872782572144E-13
5.000000000000001E-5     2550                     4.062092719747856E-13
5.000000000000001E-5     2560                     4.062097776779755E-13
5.000000000000001E-5     2570                     4.0621026416447686E-13
5.000000000000001E-5     2580                     4.0621071394736564E-13
5.000000000000001E-5     2590                     4.062111425337416E-13
5.000000000000001E-5     2600                     4.062115376884197E-13
5.000000000000001E-5     2610                     4.062118957343137E-13
5.000000000000001E-5     2620                     4.062122499995983E-13
5.000000000000001E-5     2630                     4.062125946873902E-13
5.000000000000001E-5     2640                     4.0621292983910353E-13
5.000000000000001E-5     2650                     4.0621324357803236E-13
5.000000000000001E-5     2660                     4.0621354273728366E-13
5.000000000000001E-5     2670                     4.06213820818895E-13
5.000000000000001E-5     2680                     4.062140652744987E-13
5.000000000000001E-5     2690                     4.062143053206708E-13
5.000000000000001E-5     2700                     4.062145407885904E-13
5.000000000000001E-5     2710                     4.062147651696608E-13
5.000000000000001E-5     2720                     4.062149821367753E-13
5.000000000000001E-5     2730                     4.0621517578084007E-13
5.000000000000001E-5     2740                     4.062153558967757E-13
5.000000000000001E-5     2750                     4.0621553463127565E-13
5.000000000000001E-5     2760                     4.062157060599061E-13
5.000000000000001E-5     2770                     4.062158717619614E-13
5.000000000000001E-5     2780                     4.0621602617184496E-13
5.000000000000001E-5     2790                     4.0621616291662207E-13
5.000000000000001E-5     2800                     4.062162972531055E-13
5.000000000000001E-5     2810                     4.062164286950831E-13
5.000000000000001E-5     2820                     4.062165538372753E-13
5.000000000000001E-5     2830                     4.0621667463323644E-13
5.000000000000001E-5     2840                     4.0621678186935585E-13
5.000000000000001E-5     2850                     4.062168823208012E-13
5.000000000000001E-5     2860                     4.0621698190780295E-13
5.000000000000001E-5     2870                     4.0621707727033274E-13
5.000000000000001E-5     2880                     4.0621716951789366E-13
5.000000000000001E-5     2890                     4.0621725504933713E-13
5.000000000000001E-5     2900                     4.062173310375089E-13
5.000000000000001E-5     2910                     4.0621740587113823E-13
5.000000000000001E-5     2920                     4.062174789294314E-13
5.000000000000001E-5     2930                     4.06217548569928E-13
5.000000000000001E-5     2940                     4.062176156306635E-13
5.000000000000001E-5     2950                     4.0621767493063813E-13
5.000000000000001E-5     2960                     4.0621773085099896E-13
5.000000000000001E-5     2970                     4.0621778623205116E-13
5.000000000000001E-5     2980                     4.062178391857796E-13
5.000000000000001E-5     2990                     4.06217890448535E-13
5.000000000000001E-5     3000                     4.0621793775004677E-13
5.000000000000001E-5     3010                     4.062179799090607E-13
5.000000000000001E-5     3020                     4.0621802152274756E-13
5.000000000000001E-5     3030                     4.062180620449155E-13
5.000000000000001E-5     3040                     4.0621810074592175E-13
5.000000000000001E-5     3050                     4.0621813789489336E-13
5.000000000000001E-5     3060                     4.06218170652297E-13
5.000000000000001E-5     3070                     4.062182017261883E-13
5.000000000000001E-5     3080                     4.0621823246961526E-13
5.000000000000001E-5     3090                     4.0621826182471246E-13
5.000000000000001E-5     3100                     4.062182902556357E-13
5.000000000000001E-5     3110                     4.062183163610009E-13
5.000000000000001E-5     3120                     4.0621833971365185E-13
5.000000000000001E-5     3130                     4.0621836280579614E-13
5.000000000000001E-5     3140                     4.062183852381934E-13
5.000000000000001E-5     3150                     4.0621840670203976E-13
5.000000000000001E-5     3160                     4.062184272341758E-13
5.000000000000001E-5     3170                     4.0621844529851313E-13
5.000000000000001E-5     3180                     4.0621846253424285E-13
5.000000000000001E-5     3190                     4.062184795661533E-13
5.000000000000001E-5     3200                     4.062184958077201E-13
5.000000000000001E-5     3210                     4.062185115407295E-13
5.000000000000001E-5     3220                     4.062185259146039E-13
5.000000000000001E-5     3230                     4.062185388263363E-13
5.000000000000001E-5     3240                     4.062185516139656E-13
5.000000000000001E-5     3250                     4.0621856400623767E-13
5.000000000000001E-5     3260                     4.062185758831794E-13
5.000000000000001E-5     3270                     4.062185872020732E-13
5.000000000000001E-5     3280                     4.062185971433312E-13
5.000000000000001E-5     3290                     4.0621860668110344E-13
5.000000000000001E-5     3300                     4.062186160921889E-13
5.000000000000001E-5     3310                     4.0621862505816197E-13
5.000000000000001E-5     3320                     4.062186337427517E-13
5.000000000000001E-5     3330                     4.062186416369947E-13
5.000000000000001E-5     3340                     4.062186487616225E-13
5.000000000000001E-5     3350                     4.0621865582671985E-13
5.000000000000001E-5     3360                     4.0621866265670235E-13
5.000000000000001E-5     3370                     4.062186692124289E-13
5.000000000000001E-5     3380                     4.0621867545721767E-13
5.000000000000001E-5     3390                     4.062186812551519E-13
5.000000000000001E-5     3400                     4.062186867806225E-13
5.000000000000001E-5     3410                     4.062186916708626E-13
5.000000000000001E-5     3420                     4.0621869638328496E-13
5.000000000000001E-5     3430                     4.0621870102520597E-13
5.000000000000001E-5     3440                     4.0621870551156654E-13
5.000000000000001E-5     3450                     4.062187098186759E-13
5.000000000000001E-5     3460                     4.0621871381261863E-13
5.000000000000001E-5     3470                     4.062187176443804E-13
5.000000000000001E-5     3480                     4.062187210193674E-13
5.000000000000001E-5     3490                     4.062187242361533E-13
5.000000000000001E-5     3500                     4.062187273866451E-13
5.000000000000001E-5     3510                     4.0621873044753796E-13
5.000000000000001E-5     3520                     4.0621873333977153E-13
5.000000000000001E-5     3530                     4.062187360685342E-13
5.000000000000001E-5     3540                     4.0621873865140304E-13
5.000000000000001E-5     3550                     4.062187410469271E-13
5.000000000000001E-5     3560                     4.0621874335400055E-13
5.000000000000001E-5     3570                     4.062187454004629E-13
5.000000000000001E-5     3580                     4.062187473529093E-13
5.000000000000001E-5     3590                     4.0621874926324046E-13
5.000000000000001E-5     3600                     4.0621875111791773E-13
1.0000000000000002E-4    0                        4.961567689616736E-15
1.0000000000000002E-4    10                       1.7243608341377575E-13
1.0000000000000002E-4    20                       2.1618040189883808E-13
1.0000000000000002E-4    30                       2.406567613061724E-13
1.0000000000000002E-4    40                       2.565686327066637E-13
1.0000000000000002E-4    50                       2.6804232690489917E-13
1.0000000000000002E-4    60                       2.7686215756128703E-13
1.0000000000000002E-4    70                       2.8402384855109873E-13
1.0000000000000002E-4    80                       2.900132851641961E-13
1.0000000000000002E-4    90                       2.952071513622726E-13
1.0000000000000002E-4    100                      2.996501346005763E-13
1.0000000000000002E-4    110                      3.0369616559972183E-13
1.0000000000000002E-4    120                      3.0722394060258623E-13
1.0000000000000002E-4    130                      3.10637445714276E-13
1.0000000000000002E-4    140                      3.1418078851667553E-13
1.0000000000000002E-4    150                      3.1737973670485093E-13
1.0000000000000002E-4    160                      3.200269788847689E-13
1.0000000000000002E-4    170                      3.2236172173803424E-13
1.0000000000000002E-4    180                      3.2486504891699155E-13
1.0000000000000002E-4    190                      3.278812315735883E-13
1.0000000000000002E-4    200                      3.3139146763322853E-13
1.0000000000000002E-4    210                      3.3509716532836334E-13
1.0000000000000002E-4    220                      3.387000470957159E-13
1.0000000000000002E-4    230                      3.42128665543351E-13
1.0000000000000002E-4    240                      3.4565011138556583E-13
1.0000000000000002E-4    250                      3.494450039018171E-13
1.0000000000000002E-4    260                      3.532416590149616E-13
1.0000000000000002E-4    270                      3.5705567440718415E-13
1.0000000000000002E-4    280                      3.609148051477641E-13
1.0000000000000002E-4    290                      3.6483245151880087E-13
1.0000000000000002E-4    300                      3.6877220416226733E-13
1.0000000000000002E-4    310                      3.7267164508228646E-13
1.0000000000000002E-4    320                      3.765689438479374E-13
1.0000000000000002E-4    330                      3.804574025893351E-13
1.0000000000000002E-4    340                      3.8431795414280243E-13
1.0000000000000002E-4    350                      3.8812706032437736E-13
1.0000000000000002E-4    360                      3.918733989675233E-13
1.0000000000000002E-4    370                      3.956060759754087E-13
1.0000000000000002E-4    380                      3.9929956559620885E-13
1.0000000000000002E-4    390                      4.029103357214926E-13
1.0000000000000002E-4    400                      4.0641046994147905E-13
1.0000000000000002E-4    410                      4.0986894228014705E-13
1.0000000000000002E-4    420                      4.1329660049777085E-13
1.0000000000000002E-4    430                      4.1664100849442373E-13
1.0000000000000002E-4    440                      4.198621347649539E-13
1.0000000000000002E-4    450                      4.23020859152931E-13
1.0000000000000002E-4    460                      4.261419115224674E-13
1.0000000000000002E-4    470                      4.2912024301021824E-13
1.0000000000000002E-4    480                      4.320258063609857E-13
1.0000000000000002E-4    490                      4.3489575353714114E-13
1.0000000000000002E-4    500                      4.3767791498326134E-13
1.0000000000000002E-4    510                      4.403993201251722E-13
1.0000000000000002E-4    520                      4.429728859850335E-13
1.0000000000000002E-4    530                      4.455045635742578E-13
1.0000000000000002E-4    540                      4.479702803851624E-13
1.0000000000000002E-4    550                      4.50339590057609E-13
1.0000000000000002E-4    560                      4.5263691343126387E-13
1.0000000000000002E-4    570                      4.54858729888486E-13
1.0000000000000002E-4    580                      4.568853265820842E-13
1.0000000000000002E-4    590                      4.588575298391475E-13
1.0000000000000002E-4    600                      4.608130253372244E-13
1.0000000000000002E-4    610                      4.627018979651644E-13
1.0000000000000002E-4    620                      4.64542058595117E-13
1.0000000000000002E-4    630                      4.662639263283435E-13
1.0000000000000002E-4    640                      4.679333217842536E-13
1.0000000000000002E-4    650                      4.695520592137367E-13
1.0000000000000002E-4    660                      4.711316432443329E-13
1.0000000000000002E-4    670                      4.72606946101375E-13
1.0000000000000002E-4    680                      4.739955672605212E-13
1.0000000000000002E-4    690                      4.753465366492362E-13
1.0000000000000002E-4    700                      4.766417200475121E-13
1.0000000000000002E-4    710                      4.778709040009333E-13
1.0000000000000002E-4    720                      4.790632854913371E-13
1.0000000000000002E-4    730                      4.801548530256977E-13
1.0000000000000002E-4    740                      4.811497356934768E-13
1.0000000000000002E-4    750                      4.821389614007651E-13
1.0000000000000002E-4    760                      4.83100389998461E-13
1.0000000000000002E-4    770                      4.840262118947348E-13
1.0000000000000002E-4    780                      4.849043884953066E-13
1.0000000000000002E-4    790                      4.857143551522813E-13
1.0000000000000002E-4    800                      4.865061621503983E-13
1.0000000000000002E-4    810                      4.872674965682522E-13
1.0000000000000002E-4    820                      4.87998291562421E-13
1.0000000000000002E-4    830                      4.886500023350002E-13
1.0000000000000002E-4    840                      4.892836032963482E-13
1.0000000000000002E-4    850                      4.898894986008345E-13
1.0000000000000002E-4    860                      4.904573019093078E-13
1.0000000000000002E-4    870                      4.910002047578085E-13
1.0000000000000002E-4    880                      4.915128418885594E-13
1.0000000000000002E-4    890                      4.919555288355539E-13
1.0000000000000002E-4    900                      4.923829258250538E-13
1.0000000000000002E-4    910                      4.928047169013203E-13
1.0000000000000002E-4    920                      4.932056898911462E-13
1.0000000000000002E-4    930                      4.935912473509238E-13
1.0000000000000002E-4    940                      4.939397729454493E-13
1.0000000000000002E-4    950                      4.942740243795872E-13
1.0000000000000002E-4    960                      4.945934193650958E-13
1.0000000000000002E-4    970                      4.949019150814855E-13
1.0000000000000002E-4    980                      4.951803003250941E-13
1.0000000000000002E-4    990                      4.954371354328451E-13
1.0000000000000002E-4    1000                     4.956837527477755E-13
1.0000000000000002E-4    1010                     4.959163028296416E-13
1.0000000000000002E-4    1020                     4.961327237143503E-13
1.0000000000000002E-4    1030                     4.963403213064552E-13
1.0000000000000002E-4    1040                     4.965227889400518E-13
1.0000000000000002E-4    1050                     4.966843664476946E-13
1.0000000000000002E-4    1060                     4.968450701198704E-13
1.0000000000000002E-4    1070                     4.969996210429768E-13
1.0000000000000002E-4    1080                     4.971469736326693E-13
1.0000000000000002E-4    1090                     4.972837102491557E-13
1.0000000000000002E-4    1100                     4.974071215127191E-13
1.0000000000000002E-4    1110                     4.975267922866052E-13
1.0000000000000002E-4    1120                     4.976391363644883E-13
1.0000000000000002E-4    1130                     4.977431279729599E-13
1.0000000000000002E-4    1140                     4.978422429096363E-13
1.0000000000000002E-4    1150                     4.979310514903846E-13
1.0000000000000002E-4    1160                     4.9800630422892E-13
1.0000000000000002E-4    1170                     4.980805317546222E-13
1.0000000000000002E-4    1180                     4.981527044698442E-13
1.0000000000000002E-4    1190                     4.982207499941232E-13
1.0000000000000002E-4    1200                     4.982848899907563E-13
1.0000000000000002E-4    1210                     4.983413639819377E-13
1.0000000000000002E-4    1220                     4.983961038080049E-13
1.0000000000000002E-4    1230                     4.984477944568788E-13
1.0000000000000002E-4    1240                     4.984971420557547E-13
1.0000000000000002E-4    1250                     4.985395733323355E-13
1.0000000000000002E-4    1260                     4.985796975584146E-13
1.0000000000000002E-4    1270                     4.986175616306611E-13
1.0000000000000002E-4    1280                     4.986526329650025E-13
1.0000000000000002E-4    1290                     4.986851574935651E-13
1.0000000000000002E-4    1300                     4.98715833433367E-13
1.0000000000000002E-4    1310                     4.987411186954897E-13
1.0000000000000002E-4    1320                     4.987645046455893E-13
1.0000000000000002E-4    1330                     4.987876646640274E-13
1.0000000000000002E-4    1340                     4.988095154260563E-13
1.0000000000000002E-4    1350                     4.988303163637606E-13
1.0000000000000002E-4    1360                     4.988487870735898E-13
1.0000000000000002E-4    1370                     4.988659438820017E-13
1.0000000000000002E-4    1380                     4.988822329956641E-13
1.0000000000000002E-4    1390                     4.988973813325145E-13
1.0000000000000002E-4    1400                     4.989112354268299E-13
1.0000000000000002E-4    1410                     4.989243951851849E-13
1.0000000000000002E-4    1420                     4.98935471535334E-13
1.0000000000000002E-4    1430                     4.989451453813978E-13
1.0000000000000002E-4    1440                     4.989547740210154E-13
1.0000000000000002E-4    1450                     4.989639385842403E-13
1.0000000000000002E-4    1460                     4.989726192455968E-13
1.0000000000000002E-4    1470                     4.989804918116366E-13
1.0000000000000002E-4    1480                     4.989875314345201E-13
1.0000000000000002E-4    1490                     4.989942954731886E-13
1.0000000000000002E-4    1500                     4.990005714597727E-13
1.0000000000000002E-4    1510                     4.990063036584013E-13
1.0000000000000002E-4    1520                     4.99011729555124E-13
1.0000000000000002E-4    1530                     4.990164420823648E-13
1.0000000000000002E-4    1540                     4.99020356995558E-13
1.0000000000000002E-4    1550                     4.990242327437296E-13
1.0000000000000002E-4    1560                     4.990279701206197E-13
1.0000000000000002E-4    1570                     4.990314787973313E-13
1.0000000000000002E-4    1580                     4.990347348183275E-13
1.0000000000000002E-4    1590                     4.990375612934682E-13
1.0000000000000002E-4    1600                     4.990402928461939E-13
1.0000000000000002E-4    1610                     4.99042855003141E-13
1.0000000000000002E-4    1620                     4.990452776516559E-13
1.0000000000000002E-4    1630                     4.990473092022665E-13
1.0000000000000002E-4    1640                     4.990492334822338E-13
1.0000000000000002E-4    1650                     4.990510201503142E-13
1.0000000000000002E-4    1660                     4.990526456599794E-13
1.0000000000000002E-4    1670                     4.990541773176284E-13
1.0000000000000002E-4    1680                     4.990555775473707E-13
1.0000000000000002E-4    1690                     4.990568260928476E-13
1.0000000000000002E-4    1700                     4.990580069549848E-13
1.0000000000000002E-4    1710                     4.990590845521784E-13
1.0000000000000002E-4    1720                     4.990600475828421E-13
1.0000000000000002E-4    1730                     4.990609594568517E-13
1.0000000000000002E-4    1740                     4.990617896670113E-13
1.0000000000000002E-4    1750                     4.990625330428601E-13
1.0000000000000002E-4    1760                     4.99063236853099E-13
1.0000000000000002E-4    1770                     4.990638761585812E-13
1.0000000000000002E-4    1780                     4.990644492753755E-13
1.0000000000000002E-4    1790                     4.990649924662662E-13
1.0000000000000002E-4    1800                     4.990654847089504E-13
1.0000000000000002E-4    1810                     4.990659267114989E-13
1.0000000000000002E-4    1820                     4.990663456803214E-13
1.0000000000000002E-4    1830                     4.990667169145464E-13
1.0000000000000002E-4    1840                     4.990670211502916E-13
1.0000000000000002E-4    1850                     4.99067319630957E-13
1.0000000000000002E-4    1860                     4.990676089790907E-13
1.0000000000000002E-4    1870                     4.990678786171357E-13
1.0000000000000002E-4    1880                     4.990681309633369E-13
1.0000000000000002E-4    1890                     4.990683410941952E-13
1.0000000000000002E-4    1900                     4.990685395885159E-13
1.0000000000000002E-4    1910                     4.990687307205134E-13
1.0000000000000002E-4    1920                     4.99068908584978E-13
1.0000000000000002E-4    1930                     4.990690745550999E-13
1.0000000000000002E-4    1940                     4.990692176141831E-13
1.0000000000000002E-4    1950                     4.990693556456697E-13
1.0000000000000002E-4    1960                     4.990694849334658E-13
1.0000000000000002E-4    1970                     4.990696075958176E-13
1.0000000000000002E-4    1980                     4.990697108734299E-13
1.0000000000000002E-4    1990                     4.990698077567616E-13
1.0000000000000002E-4    2000                     4.990698985162269E-13
1.0000000000000002E-4    2010                     4.990699818219014E-13
1.0000000000000002E-4    2020                     4.990700584137476E-13
1.0000000000000002E-4    2030                     4.990701301912378E-13
1.0000000000000002E-4    2040                     4.990701880742152E-13
1.0000000000000002E-4    2050                     4.990702411755003E-13
1.0000000000000002E-4    2060                     4.990702937577319E-13
1.0000000000000002E-4    2070                     4.99070343191814E-13
1.0000000000000002E-4    2080                     4.990703900941779E-13
1.0000000000000002E-4    2090                     4.9907043141297E-13
1.0000000000000002E-4    2100                     4.990704696017025E-13
1.0000000000000002E-4    2110                     4.990705057527911E-13
1.0000000000000002E-4    2120                     4.990705392421504E-13
1.0000000000000002E-4    2130                     4.990705697356978E-13
1.0000000000000002E-4    2140                     4.990705986315744E-13
1.0000000000000002E-4    2150                     4.990706227600802E-13
1.0000000000000002E-4    2160                     4.990706436999432E-13
1.0000000000000002E-4    2170                     4.990706645466219E-13
1.0000000000000002E-4    2180                     4.990706843696889E-13
1.0000000000000002E-4    2190                     4.990707031250953E-13
1.0000000000000002E-4    2200                     4.990707201043637E-13
1.0000000000000002E-4    2210                     4.990707352587068E-13
1.0000000000000002E-4    2220                     4.990707498135235E-13
1.0000000000000002E-4    2230                     4.990707633088213E-13
1.0000000000000002E-4    2240                     4.990707756290925E-13
1.0000000000000002E-4    2250                     4.99070787289253E-13
1.0000000000000002E-4    2260                     4.990707974142808E-13
1.0000000000000002E-4    2270                     4.990708058239133E-13
1.0000000000000002E-4    2280                     4.990708141492757E-13
1.0000000000000002E-4    2290                     4.990708221793705E-13
1.0000000000000002E-4    2300                     4.990708297233257E-13
1.0000000000000002E-4    2310                     4.99070836731493E-13
1.0000000000000002E-4    2320                     4.990708428304181E-13
1.0000000000000002E-4    2330                     4.990708487284448E-13
1.0000000000000002E-4    2340                     4.990708542220206E-13
1.0000000000000002E-4    2350                     4.990708592320875E-13
1.0000000000000002E-4    2360                     4.990708639501989E-13
1.0000000000000002E-4    2370                     4.990708682013352E-13
1.0000000000000002E-4    2380                     4.990708716434763E-13
1.0000000000000002E-4    2390                     4.99070874988576E-13
1.0000000000000002E-4    2400                     4.990708782606194E-13
1.0000000000000002E-4    2410                     4.990708813107996E-13
1.0000000000000002E-4    2420                     4.990708841953523E-13
1.0000000000000002E-4    2430                     4.990708866960476E-13
1.0000000000000002E-4    2440                     4.990708890919655E-13
1.0000000000000002E-4    2450                     4.990708913421305E-13
1.0000000000000002E-4    2460                     4.990708933978449E-13
1.0000000000000002E-4    2470                     4.990708953125904E-13
1.0000000000000002E-4    2480                     4.990708970903651E-13
1.0000000000000002E-4    2490                     4.990708985239907E-13
1.0000000000000002E-4    2500                     4.990708998699471E-13
1.0000000000000002E-4    2510                     4.990709011980015E-13
1.0000000000000002E-4    2520                     4.990709024435848E-13
1.0000000000000002E-4    2530                     4.990709036263825E-13
1.0000000000000002E-4    2540                     4.990709046636768E-13
1.0000000000000002E-4    2550                     4.990709056361419E-13
1.0000000000000002E-4    2560                     4.990709065544775E-13
1.0000000000000002E-4    2570                     4.990709074056332E-13
1.0000000000000002E-4    2580                     4.990709081822373E-13
1.0000000000000002E-4    2590                     4.990709089184282E-13
1.0000000000000002E-4    2600                     4.990709095252728E-13
1.0000000000000002E-4    2610                     4.990709100670632E-13
1.0000000000000002E-4    2620                     4.990709106053038E-13
1.0000000000000002E-4    2630                     4.990709111146838E-13
1.0000000000000002E-4    2640                     4.990709115978484E-13
1.0000000000000002E-4    2650                     4.990709120302848E-13
1.0000000000000002E-4    2660                     4.990709124239612E-13
1.0000000000000002E-4    2670                     4.990709127993584E-13
1.0000000000000002E-4    2680                     4.990709131479867E-13
1.0000000000000002E-4    2690                     4.990709134663273E-13
1.0000000000000002E-4    2700                     4.990709137681307E-13
1.0000000000000002E-4    2710                     4.990709140262536E-13
1.0000000000000002E-4    2720                     4.990709142447841E-13
1.0000000000000002E-4    2730                     4.99070914461977E-13
1.0000000000000002E-4    2740                     4.990709146700816E-13
1.0000000000000002E-4    2750                     4.990709148664013E-13
1.0000000000000002E-4    2760                     4.990709150468634E-13
1.0000000000000002E-4    2770                     4.990709152054232E-13
1.0000000000000002E-4    2780                     4.990709153585831E-13
1.0000000000000002E-4    2790                     4.990709155008812E-13
1.0000000000000002E-4    2800                     4.990709156307852E-13
1.0000000000000002E-4    2810                     4.990709157534556E-13
1.0000000000000002E-4    2820                     4.990709158622369E-13
1.0000000000000002E-4    2830                     4.990709159511471E-13
1.0000000000000002E-4    2840                     4.990709160383416E-13
1.0000000000000002E-4    2850                     4.990709161231464E-13
1.0000000000000002E-4    2860                     4.99070916202287E-13
1.0000000000000002E-4    2870                     4.990709162766804E-13
1.0000000000000002E-4    2880                     4.99070916341034E-13
1.0000000000000002E-4    2890                     4.990709164030652E-13
1.0000000000000002E-4    2900                     4.990709164611214E-13
1.0000000000000002E-4    2910                     4.990709165139295E-13
1.0000000000000002E-4    2920                     4.990709165634515E-13
1.0000000000000002E-4    2930                     4.990709166088047E-13
1.0000000000000002E-4    2940                     4.990709166452038E-13
1.0000000000000002E-4    2950                     4.99070916679971E-13
1.0000000000000002E-4    2960                     4.990709167141291E-13
1.0000000000000002E-4    2970                     4.990709167460403E-13
1.0000000000000002E-4    2980                     4.990709167762784E-13
1.0000000000000002E-4    2990                     4.990709168025743E-13
1.0000000000000002E-4    3000                     4.990709168274691E-13
1.0000000000000002E-4    3010                     4.990709168508818E-13
1.0000000000000002E-4    3020                     4.990709168732438E-13
1.0000000000000002E-4    3030                     4.990709168927013E-13
1.0000000000000002E-4    3040                     4.990709169102342E-13
1.0000000000000002E-4    3050                     4.990709169268386E-13
1.0000000000000002E-4    3060                     4.990709169420292E-13
1.0000000000000002E-4    3070                     4.990709169560125E-13
1.0000000000000002E-4    3080                     4.990709169692263E-13
1.0000000000000002E-4    3090                     4.990709169809115E-13
1.0000000000000002E-4    3100                     4.990709169917414E-13
1.0000000000000002E-4    3110                     4.990709170019593E-13
1.0000000000000002E-4    3120                     4.99070917010989E-13
1.0000000000000002E-4    3130                     4.990709170193868E-13
1.0000000000000002E-4    3140                     4.990709170272946E-13
1.0000000000000002E-4    3150                     4.990709170342803E-13
1.0000000000000002E-4    3160                     4.990709170407896E-13
1.0000000000000002E-4    3170                     4.990709170469068E-13
1.0000000000000002E-4    3180                     4.990709170523025E-13
1.0000000000000002E-4    3190                     4.99070917057347E-13
1.0000000000000002E-4    3200                     4.990709170620562E-13
1.0000000000000002E-4    3210                     4.990709170658706E-13
1.0000000000000002E-4    3220                     4.990709170694219E-13
1.0000000000000002E-4    3230                     4.99070917072926E-13
1.0000000000000002E-4    3240                     4.990709170762033E-13
1.0000000000000002E-4    3250                     4.990709170793138E-13
1.0000000000000002E-4    3260                     4.990709170820125E-13
1.0000000000000002E-4    3270                     4.990709170843897E-13
1.0000000000000002E-4    3280                     4.990709170867205E-13
1.0000000000000002E-4    3290                     4.9907091708889E-13
1.0000000000000002E-4    3300                     4.990709170909416E-13
1.0000000000000002E-4    3310                     4.990709170927349E-13
1.0000000000000002E-4    3320                     4.990709170944114E-13
1.0000000000000002E-4    3330                     4.990709170959895E-13
1.0000000000000002E-4    3340                     4.99070917097498E-13
1.0000000000000002E-4    3350                     4.99070917098824E-13
1.0000000000000002E-4    3360                     4.990709170999956E-13
1.0000000000000002E-4    3370                     4.990709171011096E-13
1.0000000000000002E-4    3380                     4.990709171021289E-13
1.0000000000000002E-4    3390                     4.990709171030607E-13
1.0000000000000002E-4    3400                     4.990709171039466E-13
1.0000000000000002E-4    3410                     4.990709171047303E-13
1.0000000000000002E-4    3420                     4.990709171054485E-13
1.0000000000000002E-4    3430                     4.990709171061291E-13
1.0000000000000002E-4    3440                     4.99070917106732E-13
1.0000000000000002E-4    3450                     4.990709171072846E-13
1.0000000000000002E-4    3460                     4.990709171078095E-13
1.0000000000000002E-4    3470                     4.990709171082374E-13
1.0000000000000002E-4    3480                     4.990709171086231E-13
1.0000000000000002E-4    3490                     4.99070917109007E-13
1.0000000000000002E-4    3500                     4.990709171093669E-13
1.0000000000000002E-4    3510                     4.990709171097065E-13
1.0000000000000002E-4    3520                     4.990709171100093E-13
1.0000000000000002E-4    3530                     4.990709171102675E-13
1.0000000000000002E-4    3540                     4.990709171105211E-13
1.0000000000000002E-4    3550                     4.990709171107577E-13
1.0000000000000002E-4    3560                     4.990709171109812E-13
1.0000000000000002E-4    3570                     4.990709171111798E-13
1.0000000000000002E-4    3580                     4.990709171113604E-13
1.0000000000000002E-4    3590                     4.990709171115325E-13
1.0000000000000002E-4    3600                     4.990709171116964E-13
1.5000000000000001E-4    0                        4.961567689919801E-15
1.5000000000000001E-4    10                       1.7267818828300555E-13
1.5000000000000001E-4    20                       2.1693228217677969E-13
1.5000000000000001E-4    30                       2.4256062713560226E-13
1.5000000000000001E-4    40                       2.6026805658542305E-13
1.5000000000000001E-4    50                       2.7369748044806636E-13
1.5000000000000001E-4    60                       2.844631138272195E-13
1.5000000000000001E-4    70                       2.933592708887341E-13
1.5000000000000001E-4    80                       3.009393715358645E-13
1.5000000000000001E-4    90                       3.075426034565937E-13
1.5000000000000001E-4    100                      3.1339603972680165E-13
1.5000000000000001E-4    110                      3.186989614561505E-13
1.5000000000000001E-4    120                      3.2374997576344246E-13
1.5000000000000001E-4    130                      3.28817402439005E-13
1.5000000000000001E-4    140                      3.341044538924488E-13
1.5000000000000001E-4    150                      3.397080270372284E-13
1.5000000000000001E-4    160                      3.4556622956558977E-13
1.5000000000000001E-4    170                      3.5152030536180485E-13
1.5000000000000001E-4    180                      3.574365930710819E-13
1.5000000000000001E-4    190                      3.6328569388654907E-13
1.5000000000000001E-4    200                      3.6912547316864613E-13
1.5000000000000001E-4    210                      3.750197434461725E-13
1.5000000000000001E-4    220                      3.809692873423752E-13
1.5000000000000001E-4    230                      3.8690763546370823E-13
1.5000000000000001E-4    240                      3.9275272897696516E-13
1.5000000000000001E-4    250                      3.98462833530784E-13
1.5000000000000001E-4    260                      4.04051353799945E-13
1.5000000000000001E-4    270                      4.095563576490985E-13
1.5000000000000001E-4    280                      4.1499740615188586E-13
1.5000000000000001E-4    290                      4.2034124494815164E-13
1.5000000000000001E-4    300                      4.256248029615535E-13
1.5000000000000001E-4    310                      4.308237621398664E-13
1.5000000000000001E-4    320                      4.358419083343351E-13
1.5000000000000001E-4    330                      4.4063476060883276E-13
1.5000000000000001E-4    340                      4.4528767345128463E-13
1.5000000000000001E-4    350                      4.4981428706903585E-13
1.5000000000000001E-4    360                      4.5419831126461106E-13
1.5000000000000001E-4    370                      4.584879907158009E-13
1.5000000000000001E-4    380                      4.627233736193119E-13
1.5000000000000001E-4    390                      4.667364678404234E-13
1.5000000000000001E-4    400                      4.70511044092454E-13
1.5000000000000001E-4    410                      4.74256808285539E-13
1.5000000000000001E-4    420                      4.779124292719944E-13
1.5000000000000001E-4    430                      4.813488436849128E-13
1.5000000000000001E-4    440                      4.847241190856453E-13
1.5000000000000001E-4    450                      4.879175872037645E-13
1.5000000000000001E-4    460                      4.908507018289116E-13
1.5000000000000001E-4    470                      4.937473172573766E-13
1.5000000000000001E-4    480                      4.965827404231348E-13
1.5000000000000001E-4    490                      4.99234553131089E-13
1.5000000000000001E-4    500                      5.01815862359991E-13
1.5000000000000001E-4    510                      5.042709049565657E-13
1.5000000000000001E-4    520                      5.065655862441589E-13
1.5000000000000001E-4    530                      5.088061559329305E-13
1.5000000000000001E-4    540                      5.108815058182474E-13
1.5000000000000001E-4    550                      5.128641007415821E-13
1.5000000000000001E-4    560                      5.147772659532193E-13
1.5000000000000001E-4    570                      5.16495639874972E-13
1.5000000000000001E-4    580                      5.181600194406307E-13
1.5000000000000001E-4    590                      5.197803949712748E-13
1.5000000000000001E-4    600                      5.21272260807792E-13
1.5000000000000001E-4    610                      5.22718383261572E-13
1.5000000000000001E-4    620                      5.240781087580376E-13
1.5000000000000001E-4    630                      5.253350804269228E-13
1.5000000000000001E-4    640                      5.26555649693166E-13
1.5000000000000001E-4    650                      5.276839331518009E-13
1.5000000000000001E-4    660                      5.286956945521042E-13
1.5000000000000001E-4    670                      5.296635154927057E-13
1.5000000000000001E-4    680                      5.306096437518208E-13
1.5000000000000001E-4    690                      5.314789963040564E-13
1.5000000000000001E-4    700                      5.323027070416478E-13
1.5000000000000001E-4    710                      5.33087959173696E-13
1.5000000000000001E-4    720                      5.337725127020151E-13
1.5000000000000001E-4    730                      5.34431982629625E-13
1.5000000000000001E-4    740                      5.350700659373589E-13
1.5000000000000001E-4    750                      5.356469097186114E-13
1.5000000000000001E-4    760                      5.362031385361564E-13
1.5000000000000001E-4    770                      5.367182282243483E-13
1.5000000000000001E-4    780                      5.371669592622397E-13
1.5000000000000001E-4    790                      5.37606708181317E-13
1.5000000000000001E-4    800                      5.380244741547913E-13
1.5000000000000001E-4    810                      5.384002090248439E-13
1.5000000000000001E-4    820                      5.387647706046061E-13
1.5000000000000001E-4    830                      5.390901077727064E-13
1.5000000000000001E-4    840                      5.393740652892628E-13
1.5000000000000001E-4    850                      5.396544517533632E-13
1.5000000000000001E-4    860                      5.399235040861078E-13
1.5000000000000001E-4    870                      5.401627175377014E-13
1.5000000000000001E-4    880                      5.403934703017118E-13
1.5000000000000001E-4    890                      5.406029441772464E-13
1.5000000000000001E-4    900                      5.407804637617896E-13
1.5000000000000001E-4    910                      5.409538817649971E-13
1.5000000000000001E-4    920                      5.411216674953558E-13
1.5000000000000001E-4    930                      5.41271438041459E-13
1.5000000000000001E-4    940                      5.414136727809892E-13
1.5000000000000001E-4    950                      5.415452867450949E-13
1.5000000000000001E-4    960                      5.41661662679315E-13
1.5000000000000001E-4    970                      5.417738542695811E-13
1.5000000000000001E-4    980                      5.418732182901261E-13
1.5000000000000001E-4    990                      5.419646298287232E-13
1.5000000000000001E-4    1000                     5.420513620388248E-13
1.5000000000000001E-4    1010                     5.4212670272378E-13
1.5000000000000001E-4    1020                     5.421992400443967E-13
1.5000000000000001E-4    1030                     5.422650383171059E-13
1.5000000000000001E-4    1040                     5.423229768110482E-13
1.5000000000000001E-4    1050                     5.423788116400439E-13
1.5000000000000001E-4    1060                     5.42427600479262E-13
1.5000000000000001E-4    1070                     5.424735705104857E-13
1.5000000000000001E-4    1080                     5.425162139061992E-13
1.5000000000000001E-4    1090                     5.425528028068994E-13
1.5000000000000001E-4    1100                     5.425880251242311E-13
1.5000000000000001E-4    1110                     5.426193938291536E-13
1.5000000000000001E-4    1120                     5.426479760872883E-13
1.5000000000000001E-4    1130                     5.426749435006905E-13
1.5000000000000001E-4    1140                     5.42698065840642E-13
1.5000000000000001E-4    1150                     5.4271984280519E-13
1.5000000000000001E-4    1160                     5.427400419983289E-13
1.5000000000000001E-4    1170                     5.427572751341774E-13
1.5000000000000001E-4    1180                     5.427738408501642E-13
1.5000000000000001E-4    1190                     5.427885090359634E-13
1.5000000000000001E-4    1200                     5.428006079804283E-13
1.5000000000000001E-4    1210                     5.428124342082203E-13
1.5000000000000001E-4    1220                     5.428237650356198E-13
1.5000000000000001E-4    1230                     5.428336139982696E-13
1.5000000000000001E-4    1240                     5.428429250630548E-13
1.5000000000000001E-4    1250                     5.428513538987348E-13
1.5000000000000001E-4    1260                     5.428581260045138E-13
1.5000000000000001E-4    1270                     5.428646232812889E-13
1.5000000000000001E-4    1280                     5.428709444344454E-13
1.5000000000000001E-4    1290                     5.428766685287666E-13
1.5000000000000001E-4    1300                     5.428820651279374E-13
1.5000000000000001E-4    1310                     5.42886743357359E-13
1.5000000000000001E-4    1320                     5.428907609108895E-13
1.5000000000000001E-4    1330                     5.428945887853997E-13
1.5000000000000001E-4    1340                     5.428979485004631E-13
1.5000000000000001E-4    1350                     5.429007447371692E-13
1.5000000000000001E-4    1360                     5.429033684845476E-13
1.5000000000000001E-4    1370                     5.42905897528332E-13
1.5000000000000001E-4    1380                     5.429082444849983E-13
1.5000000000000001E-4    1390                     5.429104401654584E-13
1.5000000000000001E-4    1400                     5.429121237651714E-13
1.5000000000000001E-4    1410                     5.429135442289108E-13
1.5000000000000001E-4    1420                     5.429149603670508E-13
1.5000000000000001E-4    1430                     5.429162867572935E-13
1.5000000000000001E-4    1440                     5.429175045250455E-13
1.5000000000000001E-4    1450                     5.42918626126636E-13
1.5000000000000001E-4    1460                     5.429194894221455E-13
1.5000000000000001E-4    1470                     5.429202368610267E-13
1.5000000000000001E-4    1480                     5.429209715201007E-13
1.5000000000000001E-4    1490                     5.429216360433195E-13
1.5000000000000001E-4    1500                     5.429222149335407E-13
1.5000000000000001E-4    1510                     5.429227518388158E-13
1.5000000000000001E-4    1520                     5.42923217813151E-13
1.5000000000000001E-4    1530                     5.429235958313631E-13
1.5000000000000001E-4    1540                     5.429239555166254E-13
1.5000000000000001E-4    1550                     5.429242649576263E-13
1.5000000000000001E-4    1560                     5.429245073777451E-13
1.5000000000000001E-4    1570                     5.429247255338409E-13
1.5000000000000001E-4    1580                     5.429249382481729E-13
1.5000000000000001E-4    1590                     5.429251367924449E-13
1.5000000000000001E-4    1600                     5.429253244848054E-13
1.5000000000000001E-4    1610                     5.429254780223513E-13
1.5000000000000001E-4    1620                     5.429256081625955E-13
1.5000000000000001E-4    1630                     5.429257373148889E-13
1.5000000000000001E-4    1640                     5.429258537492586E-13
1.5000000000000001E-4    1650                     5.42925948362556E-13
1.5000000000000001E-4    1660                     5.429260267660131E-13
1.5000000000000001E-4    1670                     5.429260794509838E-13
1.5000000000000001E-4    1680                     5.429261306128389E-13
1.5000000000000001E-4    1690                     5.429261826870014E-13
1.5000000000000001E-4    1700                     5.429262402043922E-13
1.5000000000000001E-4    1710                     5.42926309223788E-13
1.5000000000000001E-4    1720                     5.429263715859446E-13
1.5000000000000001E-4    1730                     5.429264275301982E-13
1.5000000000000001E-4    1740                     5.42926465250624E-13
1.5000000000000001E-4    1750                     5.429264881333259E-13
1.5000000000000001E-4    1760                     5.429265106425381E-13
1.5000000000000001E-4    1770                     5.429265328301901E-13
1.5000000000000001E-4    1780                     5.429265533843011E-13
1.5000000000000001E-4    1790                     5.429265657339974E-13
1.5000000000000001E-4    1800                     5.429265613800025E-13
1.5000000000000001E-4    1810                     5.429265456996867E-13
1.5000000000000001E-4    1820                     5.429265321389676E-13
1.5000000000000001E-4    1830                     5.429265259569137E-13
1.5000000000000001E-4    1840                     5.429265316418558E-13
1.5000000000000001E-4    1850                     5.429265489516534E-13
1.5000000000000001E-4    1860                     5.42926569364141E-13
1.5000000000000001E-4    1870                     5.429265966306153E-13
1.5000000000000001E-4    1880                     5.42926635414819E-13
1.5000000000000001E-4    1890                     5.429266812783272E-13
1.5000000000000001E-4    1900                     5.42926727609186E-13
1.5000000000000001E-4    1910                     5.4292677448759E-13
1.5000000000000001E-4    1920                     5.429268161178715E-13
1.5000000000000001E-4    1930                     5.429268332100205E-13
1.5000000000000001E-4    1940                     5.429268399992194E-13
1.5000000000000001E-4    1950                     5.429268308121556E-13
1.5000000000000001E-4    1960                     5.429268015838684E-13
1.5000000000000001E-4    1970                     5.429267809154873E-13
1.5000000000000001E-4    1980                     5.429267693802038E-13
1.5000000000000001E-4    1990                     5.429267675581937E-13
1.5000000000000001E-4    2000                     5.429267737739946E-13
1.5000000000000001E-4    2010                     5.429267669716332E-13
1.5000000000000001E-4    2020                     5.42926750743298E-13
1.5000000000000001E-4    2030                     5.429267170760082E-13
1.5000000000000001E-4    2040                     5.429266633987464E-13
1.5000000000000001E-4    2050                     5.42926634505521E-13
1.5000000000000001E-4    2060                     5.429266180176185E-13
1.5000000000000001E-4    2070                     5.429266013206966E-13
1.5000000000000001E-4    2080                     5.429265789428537E-13
1.5000000000000001E-4    2090                     5.429265460961511E-13
1.5000000000000001E-4    2100                     5.42926491170078E-13
1.5000000000000001E-4    2110                     5.429264040533167E-13
1.5000000000000001E-4    2120                     5.429263264261009E-13
1.5000000000000001E-4    2130                     5.429262782477105E-13
1.5000000000000001E-4    2140                     5.429262338869502E-13
1.5000000000000001E-4    2150                     5.42926184447137E-13
1.5000000000000001E-4    2160                     5.429261095744841E-13
1.5000000000000001E-4    2170                     5.429259903414901E-13
1.5000000000000001E-4    2180                     5.42925852800166E-13
1.5000000000000001E-4    2190                     5.429256779457769E-13
1.5000000000000001E-4    2200                     5.429254759557634E-13
1.5000000000000001E-4    2210                     5.429252638400067E-13
1.5000000000000001E-4    2220                     5.429250590114573E-13
1.5000000000000001E-4    2230                     5.429248662293509E-13
1.5000000000000001E-4    2240                     5.429247037719868E-13
1.5000000000000001E-4    2250                     5.42924555516263E-13
1.5000000000000001E-4    2260                     5.429244300137624E-13
1.5000000000000001E-4    2270                     5.429243099350226E-13
1.5000000000000001E-4    2280                     5.429241982949919E-13
1.5000000000000001E-4    2290                     5.429240958261303E-13
1.5000000000000001E-4    2300                     5.429240036948647E-13
1.5000000000000001E-4    2310                     5.429239247386567E-13
1.5000000000000001E-4    2320                     5.429238526707816E-13
1.5000000000000001E-4    2330                     5.429237949394211E-13
1.5000000000000001E-4    2340                     5.429237412417975E-13
1.5000000000000001E-4    2350                     5.429236950184526E-13
1.5000000000000001E-4    2360                     5.429236545931584E-13
1.5000000000000001E-4    2370                     5.429236320116634E-13
1.5000000000000001E-4    2380                     5.429236162525607E-13
1.5000000000000001E-4    2390                     5.429236066511381E-13
1.5000000000000001E-4    2400                     5.42923601321265E-13
1.5000000000000001E-4    2410                     5.429236074416312E-13
1.5000000000000001E-4    2420                     5.429236215394389E-13
1.5000000000000001E-4    2430                     5.429236393018785E-13
1.5000000000000001E-4    2440                     5.429236626816831E-13
1.5000000000000001E-4    2450                     5.429236909656575E-13
1.5000000000000001E-4    2460                     5.429237222541741E-13
1.5000000000000001E-4    2470                     5.42923762831491E-13
1.5000000000000001E-4    2480                     5.429238070938169E-13
1.5000000000000001E-4    2490                     5.429238516850065E-13
1.5000000000000001E-4    2500                     5.429238984006959E-13
1.5000000000000001E-4    2510                     5.429239468306188E-13
1.5000000000000001E-4    2520                     5.429239986274615E-13
1.5000000000000001E-4    2530                     5.42924052360304E-13
1.5000000000000001E-4    2540                     5.429241069357913E-13
1.5000000000000001E-4    2550                     5.429241621842955E-13
1.5000000000000001E-4    2560                     5.429242184085965E-13
1.5000000000000001E-4    2570                     5.429242756910109E-13
1.5000000000000001E-4    2580                     5.429243330103192E-13
1.5000000000000001E-4    2590                     5.429243903540425E-13
1.5000000000000001E-4    2600                     5.429244475701092E-13
1.5000000000000001E-4    2610                     5.429245042520075E-13
1.5000000000000001E-4    2620                     5.42924560685049E-13
1.5000000000000001E-4    2630                     5.429246164294E-13
1.5000000000000001E-4    2640                     5.429246712709076E-13
1.5000000000000001E-4    2650                     5.429247255253907E-13
1.5000000000000001E-4    2660                     5.429247785561543E-13
1.5000000000000001E-4    2670                     5.429248302354766E-13
1.5000000000000001E-4    2680                     5.429248811618986E-13
1.5000000000000001E-4    2690                     5.429249300556099E-13
1.5000000000000001E-4    2700                     5.429249759761068E-13
1.5000000000000001E-4    2710                     5.429250214939304E-13
1.5000000000000001E-4    2720                     5.429250662129299E-13
1.5000000000000001E-4    2730                     5.429251095624741E-13
1.5000000000000001E-4    2740                     5.4292515152983E-13
1.5000000000000001E-4    2750                     5.429251908060104E-13
1.5000000000000001E-4    2760                     5.429252294086294E-13
1.5000000000000001E-4    2770                     5.429252667551085E-13
1.5000000000000001E-4    2780                     5.429253030290543E-13
1.5000000000000001E-4    2790                     5.429253360455252E-13
1.5000000000000001E-4    2800                     5.429253679998711E-13
1.5000000000000001E-4    2810                     5.429253987413951E-13
1.5000000000000001E-4    2820                     5.429254286191158E-13
1.5000000000000001E-4    2830                     5.429254559144026E-13
1.5000000000000001E-4    2840                     5.429254816763447E-13
1.5000000000000001E-4    2850                     5.429255064884917E-13
1.5000000000000001E-4    2860                     5.429255298163123E-13
1.5000000000000001E-4    2870                     5.429255519427793E-13
1.5000000000000001E-4    2880                     5.429255731542405E-13
1.5000000000000001E-4    2890                     5.42925592577672E-13
1.5000000000000001E-4    2900                     5.429256110377865E-13
1.5000000000000001E-4    2910                     5.429256286174272E-13
1.5000000000000001E-4    2920                     5.429256436683704E-13
1.5000000000000001E-4    2930                     5.429256578629521E-13
1.5000000000000001E-4    2940                     5.429256718902199E-13
1.5000000000000001E-4    2950                     5.429256851540295E-13
1.5000000000000001E-4    2960                     5.429256978426837E-13
1.5000000000000001E-4    2970                     5.429257091507125E-13
1.5000000000000001E-4    2980                     5.429257192904551E-13
1.5000000000000001E-4    2990                     5.429257292605292E-13
1.5000000000000001E-4    3000                     5.429257386140419E-13
1.5000000000000001E-4    3010                     5.429257475249085E-13
1.5000000000000001E-4    3020                     5.429257554130523E-13
1.5000000000000001E-4    3030                     5.42925762820855E-13
1.5000000000000001E-4    3040                     5.429257698390822E-13
1.5000000000000001E-4    3050                     5.429257765538319E-13
1.5000000000000001E-4    3060                     5.429257825368493E-13
1.5000000000000001E-4    3070                     5.429257878276796E-13
1.5000000000000001E-4    3080                     5.429257928855408E-13
1.5000000000000001E-4    3090                     5.42925797531765E-13
1.5000000000000001E-4    3100                     5.429258017871567E-13
1.5000000000000001E-4    3110                     5.429258058299851E-13
1.5000000000000001E-4    3120                     5.429258094142573E-13
1.5000000000000001E-4    3130                     5.429258126903694E-13
1.5000000000000001E-4    3140                     5.429258157988106E-13
1.5000000000000001E-4    3150                     5.429258185447436E-13
1.5000000000000001E-4    3160                     5.429258210491722E-13
1.5000000000000001E-4    3170                     5.4292582341978E-13
1.5000000000000001E-4    3180                     5.429258253414212E-13
1.5000000000000001E-4    3190                     5.429258270518194E-13
1.5000000000000001E-4    3200                     5.429258287462709E-13
1.5000000000000001E-4    3210                     5.429258303343646E-13
1.5000000000000001E-4    3220                     5.429258318299536E-13
1.5000000000000001E-4    3230                     5.429258331392844E-13
1.5000000000000001E-4    3240                     5.429258343173252E-13
1.5000000000000001E-4    3250                     5.429258354283898E-13
1.5000000000000001E-4    3260                     5.429258364752294E-13
1.5000000000000001E-4    3270                     5.429258374132218E-13
1.5000000000000001E-4    3280                     5.429258381876033E-13
1.5000000000000001E-4    3290                     5.429258389288861E-13
1.5000000000000001E-4    3300                     5.42925839616655E-13
1.5000000000000001E-4    3310                     5.429258402542669E-13
1.5000000000000001E-4    3320                     5.429258407667387E-13
1.5000000000000001E-4    3330                     5.42925841252623E-13
1.5000000000000001E-4    3340                     5.429258416933081E-13
1.5000000000000001E-4    3350                     5.429258420868033E-13
1.5000000000000001E-4    3360                     5.429258424538682E-13
1.5000000000000001E-4    3370                     5.429258427776379E-13
1.5000000000000001E-4    3380                     5.429258430597633E-13
1.5000000000000001E-4    3390                     5.429258433234676E-13
1.5000000000000001E-4    3400                     5.42925843549323E-13
1.5000000000000001E-4    3410                     5.429258437237965E-13
1.5000000000000001E-4    3420                     5.429258438945252E-13
1.5000000000000001E-4    3430                     5.429258440588735E-13
1.5000000000000001E-4    3440                     5.429258442092874E-13
1.5000000000000001E-4    3450                     5.429258443472227E-13
1.5000000000000001E-4    3460                     5.429258444602976E-13
1.5000000000000001E-4    3470                     5.429258445679531E-13
1.5000000000000001E-4    3480                     5.429258446665086E-13
1.5000000000000001E-4    3490                     5.429258447584907E-13
1.5000000000000001E-4    3500                     5.429258448315106E-13
1.5000000000000001E-4    3510                     5.42925844898121E-13
1.5000000000000001E-4    3520                     5.42925844959139E-13
1.5000000000000001E-4    3530                     5.429258450163773E-13
1.5000000000000001E-4    3540                     5.429258450634224E-13
1.5000000000000001E-4    3550                     5.429258451039208E-13
1.5000000000000001E-4    3560                     5.429258451414276E-13
1.5000000000000001E-4    3570                     5.429258451744954E-13
1.5000000000000001E-4    3580                     5.429258452039072E-13
1.5000000000000001E-4    3590                     5.429258452309788E-13
1.5000000000000001E-4    3600                     5.429258452534836E-13
