% Model:              fff-holesurface-binding-with epi-new_kb5E-2.mph
% Version:            COMSOL 6.2.0.339
% Date:               May 24 2026, 15:21
% Q (L/min)              Time (s)                N_bound (mol/m^2)
0                        0                        4.960928199091233E-15
0                        10                       1.4814513914779452E-13
0                        20                       1.616952665550416E-13
0                        30                       1.5609764922357265E-13
0                        40                       1.445215411442862E-13
0                        50                       1.3213528442446368E-13
0                        60                       1.2026804415399928E-13
0                        70                       1.0877924506543005E-13
0                        80                       9.853213321667348E-14
0                        90                       8.964882565109211E-14
0                        100                      8.179315968546057E-14
0                        110                      7.501884415397823E-14
0                        120                      6.919892520027075E-14
0                        130                      6.399072025670359E-14
0                        140                      5.940951133951349E-14
0                        150                      5.5050968874400165E-14
0                        160                      5.124184963843415E-14
0                        170                      4.8321559696597475E-14
0                        180                      4.596361199190657E-14
0                        190                      4.3778441378807385E-14
0                        200                      4.1799922277878435E-14
0                        210                      3.992212945827907E-14
0                        220                      3.832371697302677E-14
0                        230                      3.707975808817447E-14
0                        240                      3.597159261898624E-14
0                        250                      3.488753152924753E-14
0                        260                      3.3901127021678243E-14
0                        270                      3.307914019932664E-14
0                        280                      3.237695966788589E-14
0                        290                      3.1691088341269294E-14
0                        300                      3.104358369345625E-14
0                        310                      3.047527823008462E-14
0                        320                      2.99833064445847E-14
0                        330                      2.9504491721863226E-14
0                        340                      2.904728579138499E-14
0                        350                      2.8634905080419435E-14
0                        360                      2.8263041158804604E-14
0                        370                      2.7898642394133587E-14
0                        380                      2.7552756750679156E-14
0                        390                      2.7237816094978324E-14
0                        400                      2.6946255707839154E-14
0                        410                      2.6658417931840377E-14
0                        420                      2.6379156621039805E-14
0                        430                      2.611758508852094E-14
0                        440                      2.5871405818785748E-14
0                        450                      2.563030012708759E-14
0                        460                      2.5394115343703866E-14
0                        470                      2.517491757527125E-14
0                        480                      2.4965989870609724E-14
0                        490                      2.475813043948571E-14
0                        500                      2.455566118210732E-14
0                        510                      2.4357364602148845E-14
0                        520                      2.4167273431684353E-14
0                        530                      2.398970286644557E-14
0                        540                      2.3813665913947437E-14
0                        550                      2.3639561841821045E-14
0                        560                      2.346972718776619E-14
0                        570                      2.330286936122601E-14
0                        580                      2.314513936484482E-14
0                        590                      2.2990716246812378E-14
0                        600                      2.2837806867456264E-14
0                        610                      2.268687200721835E-14
0                        620                      2.2539195034567078E-14
0                        630                      2.2396308942435378E-14
0                        640                      2.2256252023407817E-14
0                        650                      2.2119315205239893E-14
0                        660                      2.1988805744082235E-14
0                        670                      2.185942304228337E-14
0                        680                      2.1731392043551134E-14
0                        690                      2.1604681223502817E-14
0                        700                      2.1481166221773465E-14
0                        710                      2.13596139327607E-14
0                        720                      2.124107012079123E-14
0                        730                      2.1124754934072488E-14
0                        740                      2.1010552133682857E-14
0                        750                      2.0900798695288237E-14
0                        760                      2.079185853768955E-14
0                        770                      2.0683916825406652E-14
0                        780                      2.0576940323729514E-14
0                        790                      2.047229498191011E-14
0                        800                      2.036908520324315E-14
0                        810                      2.0268116343231723E-14
0                        820                      2.0169258403477906E-14
0                        830                      2.007142109757453E-14
0                        840                      1.997561357828654E-14
0                        850                      1.9882537643468994E-14
0                        860                      1.9789836139692456E-14
0                        870                      1.9697993515936425E-14
0                        880                      1.9606955484852606E-14
0                        890                      1.9517799028314206E-14
0                        900                      1.9429566871261682E-14
0                        910                      1.93432040751793E-14
0                        920                      1.925775918537933E-14
0                        930                      1.9173965487538914E-14
0                        940                      1.9092329128962187E-14
0                        950                      1.901097781768001E-14
0                        960                      1.893028833921783E-14
0                        970                      1.8850225854072496E-14
0                        980                      1.8771634918893115E-14
0                        990                      1.869376918796182E-14
0                        1000                     1.8617804865994883E-14
0                        1010                     1.8543199153797197E-14
0                        1020                     1.846884032718624E-14
0                        1030                     1.8395030315113184E-14
0                        1040                     1.8321892931759626E-14
0                        1050                     1.8249951876836204E-14
0                        1060                     1.8178659927220895E-14
0                        1070                     1.810862384376073E-14
0                        1080                     1.8039107047925393E-14
0                        1090                     1.797102364272097E-14
0                        1100                     1.7904007733958442E-14
0                        1110                     1.783720053982015E-14
0                        1120                     1.7770848063172093E-14
0                        1130                     1.7705043686751397E-14
0                        1140                     1.7640213947731027E-14
0                        1150                     1.7575913223957624E-14
0                        1160                     1.751318175615629E-14
0                        1170                     1.7451199616178514E-14
0                        1180                     1.7389326015160254E-14
0                        1190                     1.732797694558424E-14
0                        1200                     1.7267018721266017E-14
0                        1210                     1.7206932080273672E-14
0                        1220                     1.7147960858266897E-14
0                        1230                     1.708914497498145E-14
0                        1240                     1.7030694033308218E-14
0                        1250                     1.6972589617911324E-14
0                        1260                     1.69152831703645E-14
0                        1270                     1.6858368670002552E-14
0                        1280                     1.680225913919349E-14
0                        1290                     1.6746536172926073E-14
0                        1300                     1.66915548696236E-14
0                        1310                     1.6637499889160197E-14
0                        1320                     1.658357116724214E-14
0                        1330                     1.652994285577261E-14
0                        1340                     1.6476603729988546E-14
0                        1350                     1.6423933352431018E-14
0                        1360                     1.6371592826957347E-14
0                        1370                     1.6319943962440326E-14
0                        1380                     1.6268664618377414E-14
0                        1390                     1.621811302372406E-14
0                        1400                     1.6168251179997963E-14
0                        1410                     1.6118466254186073E-14
0                        1420                     1.6068923224489252E-14
0                        1430                     1.601960542297311E-14
0                        1440                     1.5970831607837004E-14
0                        1450                     1.5922382685102444E-14
0                        1460                     1.587454252647892E-14
0                        1470                     1.5827435462710335E-14
0                        1480                     1.5780421612298067E-14
0                        1490                     1.5733632810055173E-14
0                        1500                     1.5687065123772496E-14
0                        1510                     1.5641010355437173E-14
0                        1520                     1.5595209862507706E-14
0                        1530                     1.5549934005099392E-14
0                        1540                     1.5504911502875142E-14
0                        1550                     1.5460378716643516E-14
0                        1560                     1.5416458995294295E-14
0                        1570                     1.5372624477541846E-14
0                        1580                     1.5328992671147937E-14
0                        1590                     1.5285555448653235E-14
0                        1600                     1.524256819196927E-14
0                        1610                     1.519980391028185E-14
0                        1620                     1.5157644940589983E-14
0                        1630                     1.511589625589902E-14
0                        1640                     1.5074232510672626E-14
0                        1650                     1.5032747792946717E-14
0                        1660                     1.499149167276613E-14
0                        1670                     1.495062386647847E-14
0                        1680                     1.4909977678525377E-14
0                        1690                     1.4869750458991528E-14
0                        1700                     1.4829699601541853E-14
0                        1710                     1.479015286683697E-14
0                        1720                     1.4750961984849908E-14
0                        1730                     1.4711849537911907E-14
0                        1740                     1.4672899502578027E-14
0                        1750                     1.4634153660331918E-14
0                        1760                     1.459575440440756E-14
0                        1770                     1.4557552964228435E-14
0                        1780                     1.4519737732325542E-14
0                        1790                     1.4482168990580855E-14
0                        1800                     1.4444762410761707E-14
0                        1810                     1.440786125008063E-14
0                        1820                     1.4371139468004764E-14
0                        1830                     1.4334525428597634E-14
0                        1840                     1.4298041580575672E-14
0                        1850                     1.4261813660409566E-14
0                        1860                     1.4225823185961953E-14
0                        1870                     1.4190067915254875E-14
0                        1880                     1.415460810018051E-14
0                        1890                     1.4119305220224115E-14
0                        1900                     1.4084474015646416E-14
0                        1910                     1.4049804864436784E-14
0                        1920                     1.4015231233308252E-14
0                        1930                     1.3980774119039947E-14
0                        1940                     1.3946548014713898E-14
0                        1950                     1.3912536592930789E-14
0                        1960                     1.3878754608414981E-14
0                        1970                     1.3845428122976155E-14
0                        1980                     1.3812180377130697E-14
0                        1990                     1.3779041587453107E-14
0                        2000                     1.3746007566030849E-14
0                        2010                     1.3713231950055112E-14
0                        2020                     1.3680612271805856E-14
0                        2030                     1.3648246700713688E-14
0                        2040                     1.3616065159608251E-14
0                        2050                     1.358407644944448E-14
0                        2060                     1.355248612463849E-14
0                        2070                     1.3520968457430056E-14
0                        2080                     1.3489552798710785E-14
0                        2090                     1.3458233749127033E-14
0                        2100                     1.3427151578172182E-14
0                        2110                     1.3396212255807648E-14
0                        2120                     1.3365543034763895E-14
0                        2130                     1.3335244435066086E-14
0                        2140                     1.3304991604398944E-14
0                        2150                     1.3274819679857558E-14
0                        2160                     1.3244801807157531E-14
0                        2170                     1.3214904147931698E-14
0                        2180                     1.3185378247563784E-14
0                        2190                     1.3156023998737793E-14
0                        2200                     1.3126703552263103E-14
0                        2210                     1.3097525489289654E-14
0                        2220                     1.306844661256781E-14
0                        2230                     1.3039608417252255E-14
0                        2240                     1.3011049625402711E-14
0                        2250                     1.2982531653285841E-14
0                        2260                     1.2954113903134971E-14
0                        2270                     1.2925794046783383E-14
0                        2280                     1.2897694064224987E-14
0                        2290                     1.2869701428696675E-14
0                        2300                     1.2841934260986664E-14
0                        2310                     1.2814270833392713E-14
0                        2320                     1.2786830821982967E-14
0                        2330                     1.2759644287772184E-14
0                        2340                     1.2732494446722462E-14
0                        2350                     1.2705435561721869E-14
0                        2360                     1.267846630041762E-14
0                        2370                     1.2651697892458388E-14
0                        2380                     1.2625028565842174E-14
0                        2390                     1.2598640853688617E-14
0                        2400                     1.2572422684710178E-14
0                        2410                     1.2546246613134087E-14
0                        2420                     1.2520151901661296E-14
0                        2430                     1.2494166903120374E-14
0                        2440                     1.2468357975825924E-14
0                        2450                     1.2442698479543723E-14
0                        2460                     1.2417141309065232E-14
0                        2470                     1.2391871161480836E-14
0                        2480                     1.2366686726867246E-14
0                        2490                     1.2341562866883077E-14
0                        2500                     1.2316507624030747E-14
0                        2510                     1.2291598361588635E-14
0                        2520                     1.2266811353130559E-14
0                        2530                     1.2242161808148718E-14
0                        2540                     1.2217664822746851E-14
0                        2550                     1.2193261472295735E-14
0                        2560                     1.2169122685259981E-14
0                        2570                     1.2145063812052358E-14
0                        2580                     1.2121061550471267E-14
0                        2590                     1.2097123334358217E-14
0                        2600                     1.207332128012062E-14
0                        2610                     1.2049633278437512E-14
0                        2620                     1.2026074121826303E-14
0                        2630                     1.2002682872357737E-14
0                        2640                     1.1979373509279733E-14
0                        2650                     1.1956182131684661E-14
0                        2660                     1.1933221649976653E-14
0                        2670                     1.1910301339964022E-14
0                        2680                     1.1887447046819385E-14
0                        2690                     1.1864652908181735E-14
0                        2700                     1.1842007979181394E-14
0                        2710                     1.181944737951372E-14
0                        2720                     1.179703500905693E-14
0                        2730                     1.1774720281961568E-14
0                        2740                     1.1752522966004215E-14
0                        2750                     1.1730547719889211E-14
0                        2760                     1.1708609290446102E-14
0                        2770                     1.1686731649153418E-14
0                        2780                     1.1664910016681269E-14
0                        2790                     1.1643227940254625E-14
0                        2800                     1.1621624850685446E-14
0                        2810                     1.1600186353851865E-14
0                        2820                     1.1578928404279881E-14
0                        2830                     1.1557694900345483E-14
0                        2840                     1.1536523048697198E-14
0                        2850                     1.1515413077793641E-14
0                        2860                     1.1494442216854741E-14
0                        2870                     1.1473540188187896E-14
0                        2880                     1.1452783392490773E-14
0                        2890                     1.1432093503693409E-14
0                        2900                     1.1411548014884852E-14
0                        2910                     1.1391166692779839E-14
0                        2920                     1.1370809309695024E-14
0                        2930                     1.1350511260552668E-14
0                        2940                     1.1330271680803295E-14
0                        2950                     1.1310163249229919E-14
0                        2960                     1.129011962436503E-14
0                        2970                     1.1270260480006727E-14
0                        2980                     1.1250512628472729E-14
0                        2990                     1.1230792590050578E-14
0                        3000                     1.1211126259547133E-14
0                        3010                     1.1191532358869768E-14
0                        3020                     1.1172054763782753E-14
0                        3030                     1.1152676142124184E-14
0                        3040                     1.1133365323113835E-14
0                        3050                     1.1114244980882592E-14
0                        3060                     1.109518165420837E-14
0                        3070                     1.1076158793900462E-14
0                        3080                     1.105718175545721E-14
0                        3090                     1.1038302240347645E-14
0                        3100                     1.1019504460659746E-14
0                        3110                     1.1000798707322687E-14
0                        3120                     1.0982195206438318E-14
0                        3130                     1.0963654587363811E-14
0                        3140                     1.0945291845555905E-14
0                        3150                     1.0926982933397781E-14
0                        3160                     1.0908712290052821E-14
0                        3170                     1.0890484930039783E-14
0                        3180                     1.0872349629263799E-14
0                        3190                     1.0854291492044129E-14
0                        3200                     1.0836320630971179E-14
0                        3210                     1.0818463632577687E-14
0                        3220                     1.080066231169708E-14
0                        3230                     1.078294120727106E-14
0                        3240                     1.0765377274643094E-14
0                        3250                     1.0747840763198115E-14
0                        3260                     1.0730349386941977E-14
0                        3270                     1.0712899136229214E-14
0                        3280                     1.0695550942734532E-14
0                        3290                     1.0678260474283186E-14
0                        3300                     1.0661071572041324E-14
0                        3310                     1.0643949642426168E-14
0                        3320                     1.0626908362849504E-14
0                        3330                     1.0610019765732442E-14
0                        3340                     1.0593156545207569E-14
0                        3350                     1.0576335283931192E-14
0                        3360                     1.0559552680874586E-14
0                        3370                     1.0542866441482159E-14
0                        3380                     1.0526234780998116E-14
0                        3390                     1.0509716962680233E-14
0                        3400                     1.0493324143865597E-14
0                        3410                     1.0476948313402064E-14
0                        3420                     1.0460615321003743E-14
0                        3430                     1.044432532317172E-14
0                        3440                     1.042813201794565E-14
0                        3450                     1.041198659791767E-14
0                        3460                     1.0395942280877545E-14
0                        3470                     1.037994459084864E-14
0                        3480                     1.0364047643183285E-14
0                        3490                     1.0348265540587103E-14
0                        3500                     1.0332500132830512E-14
0                        3510                     1.031677613808296E-14
0                        3520                     1.0301093071185793E-14
0                        3530                     1.0285501866669264E-14
0                        3540                     1.0269956105156855E-14
0                        3550                     1.0254539802870732E-14
0                        3560                     1.0239201674315884E-14
0                        3570                     1.0223883141796141E-14
0                        3580                     1.0208602434769077E-14
0                        3590                     1.0193372741833449E-14
0                        3600                     1.0178224987197194E-14
5.000000000000001E-5     0                        4.9609281987433906E-15
5.000000000000001E-5     10                       1.4831429354064518E-13
5.000000000000001E-5     20                       1.6159540619420667E-13
5.000000000000001E-5     30                       1.5753249156894304E-13
5.000000000000001E-5     40                       1.4863295994344843E-13
5.000000000000001E-5     50                       1.389849144338557E-13
5.000000000000001E-5     60                       1.2990056723804365E-13
5.000000000000001E-5     70                       1.2174458647656692E-13
5.000000000000001E-5     80                       1.1472438878415925E-13
5.000000000000001E-5     90                       1.0877032926210072E-13
5.000000000000001E-5     100                      1.0343176426549947E-13
5.000000000000001E-5     110                      9.970140740668084E-14
5.000000000000001E-5     120                      9.64897349414269E-14
5.000000000000001E-5     130                      9.180896102397356E-14
5.000000000000001E-5     140                      8.85061196765468E-14
5.000000000000001E-5     150                      8.827680799968801E-14
5.000000000000001E-5     160                      8.621546199785013E-14
5.000000000000001E-5     170                      8.499523787669656E-14
5.000000000000001E-5     180                      8.382527124542632E-14
5.000000000000001E-5     190                      8.296709210784292E-14
5.000000000000001E-5     200                      8.231389490072581E-14
5.000000000000001E-5     210                      8.171757848280369E-14
5.000000000000001E-5     220                      8.12748644502372E-14
5.000000000000001E-5     230                      8.093126095307455E-14
5.000000000000001E-5     240                      8.06720746330774E-14
5.000000000000001E-5     250                      8.04975703398287E-14
5.000000000000001E-5     260                      8.039548323054458E-14
5.000000000000001E-5     270                      8.033411476261927E-14
5.000000000000001E-5     280                      8.031797107665495E-14
5.000000000000001E-5     290                      8.035315113578798E-14
5.000000000000001E-5     300                      8.043730825957463E-14
5.000000000000001E-5     310                      8.055870836390117E-14
5.000000000000001E-5     320                      8.069679678406817E-14
5.000000000000001E-5     330                      8.085806544595368E-14
5.000000000000001E-5     340                      8.107131689850936E-14
5.000000000000001E-5     350                      8.13503096559509E-14
5.000000000000001E-5     360                      8.165614169589787E-14
5.000000000000001E-5     370                      8.196761158233088E-14
5.000000000000001E-5     380                      8.230518625813859E-14
5.000000000000001E-5     390                      8.26803532263766E-14
5.000000000000001E-5     400                      8.306609524439828E-14
5.000000000000001E-5     410                      8.34853620820254E-14
5.000000000000001E-5     420                      8.392524841645205E-14
5.000000000000001E-5     430                      8.437596272630866E-14
5.000000000000001E-5     440                      8.485348740222516E-14
5.000000000000001E-5     450                      8.53400911184514E-14
5.000000000000001E-5     460                      8.583646758223015E-14
5.000000000000001E-5     470                      8.635099235642183E-14
5.000000000000001E-5     480                      8.68689473446165E-14
5.000000000000001E-5     490                      8.739473548286536E-14
5.000000000000001E-5     500                      8.792918441300366E-14
5.000000000000001E-5     510                      8.846514771768082E-14
5.000000000000001E-5     520                      8.900537357290172E-14
5.000000000000001E-5     530                      8.954770691013568E-14
5.000000000000001E-5     540                      9.009027846413597E-14
5.000000000000001E-5     550                      9.063240866559047E-14
5.000000000000001E-5     560                      9.117389133914433E-14
5.000000000000001E-5     570                      9.171351958109793E-14
5.000000000000001E-5     580                      9.224961298480646E-14
5.000000000000001E-5     590                      9.278252431088955E-14
5.000000000000001E-5     600                      9.331270099313E-14
5.000000000000001E-5     610                      9.383321088696441E-14
5.000000000000001E-5     620                      9.434639818789964E-14
5.000000000000001E-5     630                      9.485838464038252E-14
5.000000000000001E-5     640                      9.536525971833701E-14
5.000000000000001E-5     650                      9.586526354813663E-14
5.000000000000001E-5     660                      9.636028529822978E-14
5.000000000000001E-5     670                      9.684144138549518E-14
5.000000000000001E-5     680                      9.731811378870794E-14
5.000000000000001E-5     690                      9.778729290816568E-14
5.000000000000001E-5     700                      9.824816868174617E-14
5.000000000000001E-5     710                      9.870300910655299E-14
5.000000000000001E-5     720                      9.914167299459653E-14
5.000000000000001E-5     730                      9.95753207401572E-14
5.000000000000001E-5     740                      1.0000090187226327E-13
5.000000000000001E-5     750                      1.0041765860299184E-13
5.000000000000001E-5     760                      1.008279635715025E-13
5.000000000000001E-5     770                      1.0122121029067765E-13
5.000000000000001E-5     780                      1.0160923904075945E-13
5.000000000000001E-5     790                      1.0198897947726301E-13
5.000000000000001E-5     800                      1.0235926004443637E-13
5.000000000000001E-5     810                      1.027218685154958E-13
5.000000000000001E-5     820                      1.0306915820148083E-13
5.000000000000001E-5     830                      1.0341280829669041E-13
5.000000000000001E-5     840                      1.0374817127897491E-13
5.000000000000001E-5     850                      1.0407841088644468E-13
5.000000000000001E-5     860                      1.043956559020952E-13
5.000000000000001E-5     870                      1.0470143394744583E-13
5.000000000000001E-5     880                      1.0500206179819983E-13
5.000000000000001E-5     890                      1.0529114754655322E-13
5.000000000000001E-5     900                      1.055688923157077E-13
5.000000000000001E-5     910                      1.058426832712546E-13
5.000000000000001E-5     920                      1.0610443610041011E-13
5.000000000000001E-5     930                      1.0636001533984108E-13
5.000000000000001E-5     940                      1.0661024639242107E-13
5.000000000000001E-5     950                      1.068478882575142E-13
5.000000000000001E-5     960                      1.0708172654096E-13
5.000000000000001E-5     970                      1.0730865860237713E-13
5.000000000000001E-5     980                      1.0752678326592284E-13
5.000000000000001E-5     990                      1.0774042320368291E-13
5.000000000000001E-5     1000                     1.0794690657671051E-13
5.000000000000001E-5     1010                     1.0814144027360989E-13
5.000000000000001E-5     1020                     1.0833335138192379E-13
5.000000000000001E-5     1030                     1.0851813218347558E-13
5.000000000000001E-5     1040                     1.0869251600172166E-13
5.000000000000001E-5     1050                     1.0886083038921063E-13
5.000000000000001E-5     1060                     1.0902745280069677E-13
5.000000000000001E-5     1070                     1.091885900509134E-13
5.000000000000001E-5     1080                     1.0934093101797292E-13
5.000000000000001E-5     1090                     1.0948703263851597E-13
5.000000000000001E-5     1100                     1.0963148778768443E-13
5.000000000000001E-5     1110                     1.0977080831764988E-13
5.000000000000001E-5     1120                     1.0990207405061155E-13
5.000000000000001E-5     1130                     1.100278834401906E-13
5.000000000000001E-5     1140                     1.1015225589581407E-13
5.000000000000001E-5     1150                     1.1027210796279244E-13
5.000000000000001E-5     1160                     1.1038484177177813E-13
5.000000000000001E-5     1170                     1.1049272527771981E-13
5.000000000000001E-5     1180                     1.1059934061592886E-13
5.000000000000001E-5     1190                     1.1070197275179548E-13
5.000000000000001E-5     1200                     1.1079834068330772E-13
5.000000000000001E-5     1210                     1.1089046477194833E-13
5.000000000000001E-5     1220                     1.1098147787925566E-13
5.000000000000001E-5     1230                     1.1106900379302234E-13
5.000000000000001E-5     1240                     1.1115069490092887E-13
5.000000000000001E-5     1250                     1.1123099058918848E-13
5.000000000000001E-5     1260                     1.1130859439022533E-13
5.000000000000001E-5     1270                     1.1138006864536574E-13
5.000000000000001E-5     1280                     1.1144875660663295E-13
5.000000000000001E-5     1290                     1.1151590164941544E-13
5.000000000000001E-5     1300                     1.1158199948152406E-13
5.000000000000001E-5     1310                     1.1164507475389564E-13
5.000000000000001E-5     1320                     1.1170371880077227E-13
5.000000000000001E-5     1330                     1.1175984012289759E-13
5.000000000000001E-5     1340                     1.1181526344927453E-13
5.000000000000001E-5     1350                     1.1186845639383874E-13
5.000000000000001E-5     1360                     1.1191803351496348E-13
5.000000000000001E-5     1370                     1.1196475486968612E-13
5.000000000000001E-5     1380                     1.1201022970398386E-13
5.000000000000001E-5     1390                     1.1205518827348391E-13
5.000000000000001E-5     1400                     1.1209845260497956E-13
5.000000000000001E-5     1410                     1.1213869363317884E-13
5.000000000000001E-5     1420                     1.1217721930089522E-13
5.000000000000001E-5     1430                     1.1221489827130187E-13
5.000000000000001E-5     1440                     1.1225118348430965E-13
5.000000000000001E-5     1450                     1.1228448039198336E-13
5.000000000000001E-5     1460                     1.123157048703123E-13
5.000000000000001E-5     1470                     1.1234671025117279E-13
5.000000000000001E-5     1480                     1.1237698052555757E-13
5.000000000000001E-5     1490                     1.1240552342486429E-13
5.000000000000001E-5     1500                     1.1243185579391251E-13
5.000000000000001E-5     1510                     1.1245725175757373E-13
5.000000000000001E-5     1520                     1.124823179757402E-13
5.000000000000001E-5     1530                     1.1250631537752774E-13
5.000000000000001E-5     1540                     1.1252862867949574E-13
5.000000000000001E-5     1550                     1.1254952386772467E-13
5.000000000000001E-5     1560                     1.1257016342576561E-13
5.000000000000001E-5     1570                     1.1259023206551092E-13
5.000000000000001E-5     1580                     1.1260971793438564E-13
5.000000000000001E-5     1590                     1.126283551348904E-13
5.000000000000001E-5     1600                     1.1264565600259698E-13
5.000000000000001E-5     1610                     1.1266232868449158E-13
5.000000000000001E-5     1620                     1.1267759942104641E-13
5.000000000000001E-5     1630                     1.1269253065607442E-13
5.000000000000001E-5     1640                     1.1270687546006809E-13
5.000000000000001E-5     1650                     1.1272083646809104E-13
5.000000000000001E-5     1660                     1.1273398463820901E-13
5.000000000000001E-5     1670                     1.1274624982428836E-13
5.000000000000001E-5     1680                     1.1275815056080003E-13
5.000000000000001E-5     1690                     1.1276943889377084E-13
5.000000000000001E-5     1700                     1.1277985532603912E-13
5.000000000000001E-5     1710                     1.1279007801845401E-13
5.000000000000001E-5     1720                     1.1279975056488531E-13
5.000000000000001E-5     1730                     1.1280895857824092E-13
5.000000000000001E-5     1740                     1.1281792584064098E-13
5.000000000000001E-5     1750                     1.1282625735119876E-13
5.000000000000001E-5     1760                     1.1283414243351538E-13
5.000000000000001E-5     1770                     1.1284180941990399E-13
5.000000000000001E-5     1780                     1.1284891058375241E-13
5.000000000000001E-5     1790                     1.1285579079507E-13
5.000000000000001E-5     1800                     1.1286241932332408E-13
5.000000000000001E-5     1810                     1.1286853066948628E-13
5.000000000000001E-5     1820                     1.1287451744355465E-13
5.000000000000001E-5     1830                     1.1288015844209654E-13
5.000000000000001E-5     1840                     1.1288534989286082E-13
5.000000000000001E-5     1850                     1.1289047830366873E-13
5.000000000000001E-5     1860                     1.1289539898030572E-13
5.000000000000001E-5     1870                     1.1290012786720093E-13
5.000000000000001E-5     1880                     1.129046107830121E-13
5.000000000000001E-5     1890                     1.1290876509170201E-13
5.000000000000001E-5     1900                     1.1291283247564408E-13
5.000000000000001E-5     1910                     1.1291666496442583E-13
5.000000000000001E-5     1920                     1.1292018291299934E-13
5.000000000000001E-5     1930                     1.1292350199985058E-13
5.000000000000001E-5     1940                     1.1292676202712473E-13
5.000000000000001E-5     1950                     1.1292995665662213E-13
5.000000000000001E-5     1960                     1.1293293845818457E-13
5.000000000000001E-5     1970                     1.1293579271204541E-13
5.000000000000001E-5     1980                     1.1293854955671574E-13
5.000000000000001E-5     1990                     1.1294104213142176E-13
5.000000000000001E-5     2000                     1.129434633059416E-13
5.000000000000001E-5     2010                     1.1294582749162617E-13
5.000000000000001E-5     2020                     1.1294805850931394E-13
5.000000000000001E-5     2030                     1.129501171676861E-13
5.000000000000001E-5     2040                     1.1295212131364883E-13
5.000000000000001E-5     2050                     1.129540699795957E-13
5.000000000000001E-5     2060                     1.1295589805482553E-13
5.000000000000001E-5     2070                     1.1295757874842283E-13
5.000000000000001E-5     2080                     1.1295917799283131E-13
5.000000000000001E-5     2090                     1.1296075856105702E-13
5.000000000000001E-5     2100                     1.1296229148375605E-13
5.000000000000001E-5     2110                     1.1296370686734485E-13
5.000000000000001E-5     2120                     1.1296508786799701E-13
5.000000000000001E-5     2130                     1.1296639484442665E-13
5.000000000000001E-5     2140                     1.1296758766625257E-13
5.000000000000001E-5     2150                     1.1296876439648802E-13
5.000000000000001E-5     2160                     1.1296990059529426E-13
5.000000000000001E-5     2170                     1.1297096128829583E-13
5.000000000000001E-5     2180                     1.1297194880082804E-13
5.000000000000001E-5     2190                     1.1297292092388089E-13
5.000000000000001E-5     2200                     1.1297385445838436E-13
5.000000000000001E-5     2210                     1.1297472057305074E-13
5.000000000000001E-5     2220                     1.1297552068987832E-13
5.000000000000001E-5     2230                     1.1297630431138841E-13
5.000000000000001E-5     2240                     1.129770710564918E-13
5.000000000000001E-5     2250                     1.1297779521135203E-13
5.000000000000001E-5     2260                     1.1297846138991439E-13
5.000000000000001E-5     2270                     1.1297910489360689E-13
5.000000000000001E-5     2280                     1.1297973351308458E-13
5.000000000000001E-5     2290                     1.1298032562046316E-13
5.000000000000001E-5     2300                     1.1298086969774977E-13
5.000000000000001E-5     2310                     1.1298139603035665E-13
5.000000000000001E-5     2320                     1.1298191038653378E-13
5.000000000000001E-5     2330                     1.1298239512796659E-13
5.000000000000001E-5     2340                     1.1298284040830607E-13
5.000000000000001E-5     2350                     1.1298327067696734E-13
5.000000000000001E-5     2360                     1.1298369075479859E-13
5.000000000000001E-5     2370                     1.1298408569117412E-13
5.000000000000001E-5     2380                     1.1298444680269721E-13
5.000000000000001E-5     2390                     1.1298478847762952E-13
5.000000000000001E-5     2400                     1.1298512600802539E-13
5.000000000000001E-5     2410                     1.1298544946707473E-13
5.000000000000001E-5     2420                     1.1298574829633988E-13
5.000000000000001E-5     2430                     1.129860260497235E-13
5.000000000000001E-5     2440                     1.1298629953743676E-13
5.000000000000001E-5     2450                     1.1298656106633212E-13
5.000000000000001E-5     2460                     1.1298680212053417E-13
5.000000000000001E-5     2470                     1.1298702623765499E-13
5.000000000000001E-5     2480                     1.129872469312784E-13
5.000000000000001E-5     2490                     1.1298745786062184E-13
5.000000000000001E-5     2500                     1.1298765205416E-13
5.000000000000001E-5     2510                     1.1298783247794451E-13
5.000000000000001E-5     2520                     1.1298801021776206E-13
5.000000000000001E-5     2530                     1.1298818036124336E-13
5.000000000000001E-5     2540                     1.1298833752204375E-13
5.000000000000001E-5     2550                     1.1298848414349184E-13
5.000000000000001E-5     2560                     1.1298862867765392E-13
5.000000000000001E-5     2570                     1.1298876721763344E-13
5.000000000000001E-5     2580                     1.1298889544153182E-13
5.000000000000001E-5     2590                     1.1298901508208495E-13
5.000000000000001E-5     2600                     1.1298913299397749E-13
5.000000000000001E-5     2610                     1.1298924603177151E-13
5.000000000000001E-5     2620                     1.1298934940594547E-13
5.000000000000001E-5     2630                     1.129894479178532E-13
5.000000000000001E-5     2640                     1.1298954540070612E-13
5.000000000000001E-5     2650                     1.1298963919847719E-13
5.000000000000001E-5     2660                     1.1298972373048592E-13
5.000000000000001E-5     2670                     1.1298980579611414E-13
5.000000000000001E-5     2680                     1.1298988478772478E-13
5.000000000000001E-5     2690                     1.1298996021988372E-13
5.000000000000001E-5     2700                     1.1299003375459705E-13
5.000000000000001E-5     2710                     1.129901059221999E-13
5.000000000000001E-5     2720                     1.1299017432925124E-13
5.000000000000001E-5     2730                     1.1299023757237577E-13
5.000000000000001E-5     2740                     1.1299029848771812E-13
5.000000000000001E-5     2750                     1.1299035860574835E-13
5.000000000000001E-5     2760                     1.1299041636577976E-13
5.000000000000001E-5     2770                     1.129904707277424E-13
5.000000000000001E-5     2780                     1.1299052341659258E-13
5.000000000000001E-5     2790                     1.1299057559467127E-13
5.000000000000001E-5     2800                     1.1299062633992955E-13
5.000000000000001E-5     2810                     1.1299067527873828E-13
5.000000000000001E-5     2820                     1.1299072377381638E-13
5.000000000000001E-5     2830                     1.129907722109079E-13
5.000000000000001E-5     2840                     1.1299082063227922E-13
5.000000000000001E-5     2850                     1.1299086929738205E-13
5.000000000000001E-5     2860                     1.129909189885717E-13
5.000000000000001E-5     2870                     1.1299097010823329E-13
5.000000000000001E-5     2880                     1.1299102623374373E-13
5.000000000000001E-5     2890                     1.1299109038934617E-13
5.000000000000001E-5     2900                     1.129911576755239E-13
5.000000000000001E-5     2910                     1.1299122957414235E-13
5.000000000000001E-5     2920                     1.1299130644945886E-13
5.000000000000001E-5     2930                     1.1299139362799491E-13
5.000000000000001E-5     2940                     1.1299148208326382E-13
5.000000000000001E-5     2950                     1.1299157182106309E-13
5.000000000000001E-5     2960                     1.129916615910605E-13
5.000000000000001E-5     2970                     1.1299174959140677E-13
5.000000000000001E-5     2980                     1.1299183618199699E-13
5.000000000000001E-5     2990                     1.1299191980901497E-13
5.000000000000001E-5     3000                     1.129920008325392E-13
5.000000000000001E-5     3010                     1.1299207294432273E-13
5.000000000000001E-5     3020                     1.1299213888574475E-13
5.000000000000001E-5     3030                     1.1299220057592516E-13
5.000000000000001E-5     3040                     1.12992258327256E-13
5.000000000000001E-5     3050                     1.1299230717095025E-13
5.000000000000001E-5     3060                     1.1299234369587479E-13
5.000000000000001E-5     3070                     1.1299237648510822E-13
5.000000000000001E-5     3080                     1.1299240361614227E-13
5.000000000000001E-5     3090                     1.1299242401041281E-13
5.000000000000001E-5     3100                     1.1299242562163964E-13
5.000000000000001E-5     3110                     1.1299242280177889E-13
5.000000000000001E-5     3120                     1.1299241777735937E-13
5.000000000000001E-5     3130                     1.1299240866477578E-13
5.000000000000001E-5     3140                     1.1299239570635048E-13
5.000000000000001E-5     3150                     1.1299237591732601E-13
5.000000000000001E-5     3160                     1.1299235485812762E-13
5.000000000000001E-5     3170                     1.1299233171162811E-13
5.000000000000001E-5     3180                     1.129923071548521E-13
5.000000000000001E-5     3190                     1.1299227894679184E-13
5.000000000000001E-5     3200                     1.1299224981621394E-13
5.000000000000001E-5     3210                     1.1299222014394552E-13
5.000000000000001E-5     3220                     1.12992190236646E-13
5.000000000000001E-5     3230                     1.1299215999993299E-13
5.000000000000001E-5     3240                     1.1299212969803714E-13
5.000000000000001E-5     3250                     1.1299209957961556E-13
5.000000000000001E-5     3260                     1.1299206966241619E-13
5.000000000000001E-5     3270                     1.1299204034070654E-13
5.000000000000001E-5     3280                     1.1299201185440645E-13
5.000000000000001E-5     3290                     1.1299198369864041E-13
5.000000000000001E-5     3300                     1.1299195602992252E-13
5.000000000000001E-5     3310                     1.1299192902036582E-13
5.000000000000001E-5     3320                     1.1299190351715088E-13
5.000000000000001E-5     3330                     1.1299187834109561E-13
5.000000000000001E-5     3340                     1.1299185373738588E-13
5.000000000000001E-5     3350                     1.1299182960232872E-13
5.000000000000001E-5     3360                     1.129918069090218E-13
5.000000000000001E-5     3370                     1.1299178469819601E-13
5.000000000000001E-5     3380                     1.1299176304936585E-13
5.000000000000001E-5     3390                     1.1299174181827214E-13
5.000000000000001E-5     3400                     1.1299172186974206E-13
5.000000000000001E-5     3410                     1.1299170269916672E-13
5.000000000000001E-5     3420                     1.1299168399558381E-13
5.000000000000001E-5     3430                     1.1299166568888429E-13
5.000000000000001E-5     3440                     1.1299164824499373E-13
5.000000000000001E-5     3450                     1.1299163187276068E-13
5.000000000000001E-5     3460                     1.1299161581441033E-13
5.000000000000001E-5     3470                     1.129916002107541E-13
5.000000000000001E-5     3480                     1.129915851857799E-13
5.000000000000001E-5     3490                     1.1299157174889552E-13
5.000000000000001E-5     3500                     1.1299155868069788E-13
5.000000000000001E-5     3510                     1.1299154586848326E-13
5.000000000000001E-5     3520                     1.129915334960938E-13
5.000000000000001E-5     3530                     1.1299152160275933E-13
5.000000000000001E-5     3540                     1.1299151061191043E-13
5.000000000000001E-5     3550                     1.1299149984643754E-13
5.000000000000001E-5     3560                     1.1299148950169356E-13
5.000000000000001E-5     3570                     1.1299147951812276E-13
5.000000000000001E-5     3580                     1.1299147059623715E-13
5.000000000000001E-5     3590                     1.1299146199068687E-13
5.000000000000001E-5     3600                     1.129914537359984E-13
1.0000000000000002E-4    0                        4.960928198890417E-15
1.0000000000000002E-4    10                       1.494431619899802E-13
1.0000000000000002E-4    20                       1.639172724832977E-13
1.0000000000000002E-4    30                       1.6261329694500403E-13
1.0000000000000002E-4    40                       1.574488935460758E-13
1.0000000000000002E-4    50                       1.5179431709366283E-13
1.0000000000000002E-4    60                       1.466002319630531E-13
1.0000000000000002E-4    70                       1.4207951601575104E-13
1.0000000000000002E-4    80                       1.3823277367242716E-13
1.0000000000000002E-4    90                       1.3502047521005476E-13
1.0000000000000002E-4    100                      1.3238020098199912E-13
1.0000000000000002E-4    110                      1.30246225205001E-13
1.0000000000000002E-4    120                      1.2853922701492287E-13
1.0000000000000002E-4    130                      1.272160078063408E-13
1.0000000000000002E-4    140                      1.2620803868857953E-13
1.0000000000000002E-4    150                      1.2551971155839383E-13
1.0000000000000002E-4    160                      1.251426454471638E-13
1.0000000000000002E-4    170                      1.2505029891680863E-13
1.0000000000000002E-4    180                      1.2521043611967012E-13
1.0000000000000002E-4    190                      1.255951088340113E-13
1.0000000000000002E-4    200                      1.2618194829632738E-13
1.0000000000000002E-4    210                      1.2694878577432245E-13
1.0000000000000002E-4    220                      1.2786830941229868E-13
1.0000000000000002E-4    230                      1.2890824214133086E-13
1.0000000000000002E-4    240                      1.3003736245703862E-13
1.0000000000000002E-4    250                      1.3123267611368524E-13
1.0000000000000002E-4    260                      1.3248201280523324E-13
1.0000000000000002E-4    270                      1.337799895687053E-13
1.0000000000000002E-4    280                      1.3511670925473724E-13
1.0000000000000002E-4    290                      1.3647362995688307E-13
1.0000000000000002E-4    300                      1.378394318561664E-13
1.0000000000000002E-4    310                      1.3921282262269045E-13
1.0000000000000002E-4    320                      1.4060007330859374E-13
1.0000000000000002E-4    330                      1.4199579330839155E-13
1.0000000000000002E-4    340                      1.433773469245448E-13
1.0000000000000002E-4    350                      1.4475171791247374E-13
1.0000000000000002E-4    360                      1.4610602110895328E-13
1.0000000000000002E-4    370                      1.474287536263787E-13
1.0000000000000002E-4    380                      1.4872163708091506E-13
1.0000000000000002E-4    390                      1.5000604429040534E-13
1.0000000000000002E-4    400                      1.5127638675251352E-13
1.0000000000000002E-4    410                      1.5251250912097816E-13
1.0000000000000002E-4    420                      1.5370116726067316E-13
1.0000000000000002E-4    430                      1.5487060024105077E-13
1.0000000000000002E-4    440                      1.560238416193319E-13
1.0000000000000002E-4    450                      1.5713104188405121E-13
1.0000000000000002E-4    460                      1.5818379923515105E-13
1.0000000000000002E-4    470                      1.5922845718819885E-13
1.0000000000000002E-4    480                      1.6025659986428422E-13
1.0000000000000002E-4    490                      1.6124491062853864E-13
1.0000000000000002E-4    500                      1.621770487297872E-13
1.0000000000000002E-4    510                      1.6307530363760801E-13
1.0000000000000002E-4    520                      1.6395479283881513E-13
1.0000000000000002E-4    530                      1.6482397709553387E-13
1.0000000000000002E-4    540                      1.6566122157288634E-13
1.0000000000000002E-4    550                      1.6644765886413254E-13
1.0000000000000002E-4    560                      1.6718201226533216E-13
1.0000000000000002E-4    570                      1.6790459661633566E-13
1.0000000000000002E-4    580                      1.6862124725259155E-13
1.0000000000000002E-4    590                      1.6931411899155821E-13
1.0000000000000002E-4    600                      1.6995756750484291E-13
1.0000000000000002E-4    610                      1.7056701911932518E-13
1.0000000000000002E-4    620                      1.711698697879247E-13
1.0000000000000002E-4    630                      1.7175284219413327E-13
1.0000000000000002E-4    640                      1.7228819183148632E-13
1.0000000000000002E-4    650                      1.7280621324039863E-13
1.0000000000000002E-4    660                      1.7331476510199582E-13
1.0000000000000002E-4    670                      1.7379774513449243E-13
1.0000000000000002E-4    680                      1.7424399250559917E-13
1.0000000000000002E-4    690                      1.7465542979466787E-13
1.0000000000000002E-4    700                      1.7506139819136938E-13
1.0000000000000002E-4    710                      1.7546359633327215E-13
1.0000000000000002E-4    720                      1.758495440295553E-13
1.0000000000000002E-4    730                      1.7619789416991648E-13
1.0000000000000002E-4    740                      1.7652732155761463E-13
1.0000000000000002E-4    750                      1.7685396529102188E-13
1.0000000000000002E-4    760                      1.771672731566383E-13
1.0000000000000002E-4    770                      1.7745618607420536E-13
1.0000000000000002E-4    780                      1.7773897071929754E-13
1.0000000000000002E-4    790                      1.780050583219101E-13
1.0000000000000002E-4    800                      1.7824712254474776E-13
1.0000000000000002E-4    810                      1.7847612362493128E-13
1.0000000000000002E-4    820                      1.7870172550833921E-13
1.0000000000000002E-4    830                      1.7891611181109473E-13
1.0000000000000002E-4    840                      1.7911203070283776E-13
1.0000000000000002E-4    850                      1.7929191777504878E-13
1.0000000000000002E-4    860                      1.7946864149502393E-13
1.0000000000000002E-4    870                      1.796407827593036E-13
1.0000000000000002E-4    880                      1.79798912033598E-13
1.0000000000000002E-4    890                      1.7995051367900558E-13
1.0000000000000002E-4    900                      1.800945796161297E-13
1.0000000000000002E-4    910                      1.80225947780955E-13
1.0000000000000002E-4    920                      1.8035395614706205E-13
1.0000000000000002E-4    930                      1.8047613378311662E-13
1.0000000000000002E-4    940                      1.8059287614924072E-13
1.0000000000000002E-4    950                      1.8069496766837547E-13
1.0000000000000002E-4    960                      1.8079358330046086E-13
1.0000000000000002E-4    970                      1.8088743749476079E-13
1.0000000000000002E-4    980                      1.8097788014852777E-13
1.0000000000000002E-4    990                      1.810572895331167E-13
1.0000000000000002E-4    1000                     1.8112872642188758E-13
1.0000000000000002E-4    1010                     1.811992508317542E-13
1.0000000000000002E-4    1020                     1.812661382115467E-13
1.0000000000000002E-4    1030                     1.8133027194061573E-13
1.0000000000000002E-4    1040                     1.813878055228948E-13
1.0000000000000002E-4    1050                     1.8144259353207912E-13
1.0000000000000002E-4    1060                     1.814947820991788E-13
1.0000000000000002E-4    1070                     1.815450135640217E-13
1.0000000000000002E-4    1080                     1.81590049821147E-13
1.0000000000000002E-4    1090                     1.8163102410593228E-13
1.0000000000000002E-4    1100                     1.8167030102761906E-13
1.0000000000000002E-4    1110                     1.8170790995200035E-13
1.0000000000000002E-4    1120                     1.8174273827741248E-13
1.0000000000000002E-4    1130                     1.8177313931695504E-13
1.0000000000000002E-4    1140                     1.8180262524315368E-13
1.0000000000000002E-4    1150                     1.8183058916856461E-13
1.0000000000000002E-4    1160                     1.8185711299248068E-13
1.0000000000000002E-4    1170                     1.8187988215482816E-13
1.0000000000000002E-4    1180                     1.8190180641771513E-13
1.0000000000000002E-4    1190                     1.8192251372227513E-13
1.0000000000000002E-4    1200                     1.8194234823067145E-13
1.0000000000000002E-4    1210                     1.8195955753453797E-13
1.0000000000000002E-4    1220                     1.8197568283182854E-13
1.0000000000000002E-4    1230                     1.8199095502507995E-13
1.0000000000000002E-4    1240                     1.820056034710891E-13
1.0000000000000002E-4    1250                     1.8201862305322634E-13
1.0000000000000002E-4    1260                     1.8203037189071847E-13
1.0000000000000002E-4    1270                     1.8204159344548458E-13
1.0000000000000002E-4    1280                     1.8205229787773847E-13
1.0000000000000002E-4    1290                     1.8206214475628663E-13
1.0000000000000002E-4    1300                     1.8207063088715368E-13
1.0000000000000002E-4    1310                     1.82078839904584E-13
1.0000000000000002E-4    1320                     1.8208658938991964E-13
1.0000000000000002E-4    1330                     1.8209390824203488E-13
1.0000000000000002E-4    1340                     1.8210011009403093E-13
1.0000000000000002E-4    1350                     1.8210606339197592E-13
1.0000000000000002E-4    1360                     1.8211166205122255E-13
1.0000000000000002E-4    1370                     1.8211700820310598E-13
1.0000000000000002E-4    1380                     1.8212159842677596E-13
1.0000000000000002E-4    1390                     1.8212587802771752E-13
1.0000000000000002E-4    1400                     1.8212991634286696E-13
1.0000000000000002E-4    1410                     1.8213377930465998E-13
1.0000000000000002E-4    1420                     1.8213718770845074E-13
1.0000000000000002E-4    1430                     1.8214024290571972E-13
1.0000000000000002E-4    1440                     1.8214315362986515E-13
1.0000000000000002E-4    1450                     1.8214592303732117E-13
1.0000000000000002E-4    1460                     1.8214845934257537E-13
1.0000000000000002E-4    1470                     1.821506266899223E-13
1.0000000000000002E-4    1480                     1.8215271974068842E-13
1.0000000000000002E-4    1490                     1.8215468990449915E-13
1.0000000000000002E-4    1500                     1.8215654592305742E-13
1.0000000000000002E-4    1510                     1.821580564423856E-13
1.0000000000000002E-4    1520                     1.8215946168203772E-13
1.0000000000000002E-4    1530                     1.8216083099825015E-13
1.0000000000000002E-4    1540                     1.8216211100501262E-13
1.0000000000000002E-4    1550                     1.8216331632345442E-13
1.0000000000000002E-4    1560                     1.8216435956550316E-13
1.0000000000000002E-4    1570                     1.8216536491474374E-13
1.0000000000000002E-4    1580                     1.8216630842868398E-13
1.0000000000000002E-4    1590                     1.821672068621096E-13
1.0000000000000002E-4    1600                     1.8216797126158263E-13
1.0000000000000002E-4    1610                     1.8216868431771832E-13
1.0000000000000002E-4    1620                     1.821693552854884E-13
1.0000000000000002E-4    1630                     1.8216999624764507E-13
1.0000000000000002E-4    1640                     1.8217055706059357E-13
1.0000000000000002E-4    1650                     1.821710596222962E-13
1.0000000000000002E-4    1660                     1.8217153701412726E-13
1.0000000000000002E-4    1670                     1.8217199102142117E-13
1.0000000000000002E-4    1680                     1.8217240494415792E-13
1.0000000000000002E-4    1690                     1.8217275942938871E-13
1.0000000000000002E-4    1700                     1.821731015626633E-13
1.0000000000000002E-4    1710                     1.8217342374130354E-13
1.0000000000000002E-4    1720                     1.8217372636733834E-13
1.0000000000000002E-4    1730                     1.8217397997842513E-13
1.0000000000000002E-4    1740                     1.82174223132123E-13
1.0000000000000002E-4    1750                     1.8217445038114317E-13
1.0000000000000002E-4    1760                     1.8217465709330875E-13
1.0000000000000002E-4    1770                     1.8217485114882755E-13
1.0000000000000002E-4    1780                     1.8217502980973908E-13
1.0000000000000002E-4    1790                     1.8217517709196757E-13
1.0000000000000002E-4    1800                     1.8217531978517984E-13
1.0000000000000002E-4    1810                     1.821754574041956E-13
1.0000000000000002E-4    1820                     1.8217558984435084E-13
1.0000000000000002E-4    1830                     1.821757082907715E-13
1.0000000000000002E-4    1840                     1.8217581014636972E-13
1.0000000000000002E-4    1850                     1.8217590879973605E-13
1.0000000000000002E-4    1860                     1.8217599944749502E-13
1.0000000000000002E-4    1870                     1.8217608550660537E-13
1.0000000000000002E-4    1880                     1.8217616098763123E-13
1.0000000000000002E-4    1890                     1.8217623233845887E-13
1.0000000000000002E-4    1900                     1.8217629866813294E-13
1.0000000000000002E-4    1910                     1.8217636056816316E-13
1.0000000000000002E-4    1920                     1.8217641772569306E-13
1.0000000000000002E-4    1930                     1.821764685449462E-13
1.0000000000000002E-4    1940                     1.821765158155601E-13
1.0000000000000002E-4    1950                     1.8217655609905677E-13
1.0000000000000002E-4    1960                     1.821765948659149E-13
1.0000000000000002E-4    1970                     1.8217663043786493E-13
1.0000000000000002E-4    1980                     1.8217666417016977E-13
1.0000000000000002E-4    1990                     1.821766947146349E-13
1.0000000000000002E-4    2000                     1.8217672281194548E-13
1.0000000000000002E-4    2010                     1.82176748359406E-13
1.0000000000000002E-4    2020                     1.8217677067553027E-13
1.0000000000000002E-4    2030                     1.821767922253486E-13
1.0000000000000002E-4    2040                     1.8217681191276325E-13
1.0000000000000002E-4    2050                     1.8217683065796938E-13
1.0000000000000002E-4    2060                     1.8217684724140338E-13
1.0000000000000002E-4    2070                     1.821768626314337E-13
1.0000000000000002E-4    2080                     1.8217687599769612E-13
1.0000000000000002E-4    2090                     1.8217688806885687E-13
1.0000000000000002E-4    2100                     1.8217689956158528E-13
1.0000000000000002E-4    2110                     1.821769101599683E-13
1.0000000000000002E-4    2120                     1.821769202112438E-13
1.0000000000000002E-4    2130                     1.82176929136725E-13
1.0000000000000002E-4    2140                     1.8217693751656672E-13
1.0000000000000002E-4    2150                     1.82176944736413E-13
1.0000000000000002E-4    2160                     1.8217695154857762E-13
1.0000000000000002E-4    2170                     1.8217695794723363E-13
1.0000000000000002E-4    2180                     1.821769639665457E-13
1.0000000000000002E-4    2190                     1.8217696952757063E-13
1.0000000000000002E-4    2200                     1.82176974269968E-13
1.0000000000000002E-4    2210                     1.821769788827319E-13
1.0000000000000002E-4    2220                     1.8217698329252705E-13
1.0000000000000002E-4    2230                     1.821769874920996E-13
1.0000000000000002E-4    2240                     1.8217699141889946E-13
1.0000000000000002E-4    2250                     1.8217699489983635E-13
1.0000000000000002E-4    2260                     1.8217699831461026E-13
1.0000000000000002E-4    2270                     1.8217700159830782E-13
1.0000000000000002E-4    2280                     1.8217700474494043E-13
1.0000000000000002E-4    2290                     1.8217700769836927E-13
1.0000000000000002E-4    2300                     1.8217701043274456E-13
1.0000000000000002E-4    2310                     1.8217701311509676E-13
1.0000000000000002E-4    2320                     1.8217701571924091E-13
1.0000000000000002E-4    2330                     1.8217701823929716E-13
1.0000000000000002E-4    2340                     1.821770205675671E-13
1.0000000000000002E-4    2350                     1.8217702285896765E-13
1.0000000000000002E-4    2360                     1.821770250807068E-13
1.0000000000000002E-4    2370                     1.821770272337442E-13
1.0000000000000002E-4    2380                     1.821770293483261E-13
1.0000000000000002E-4    2390                     1.8217703139082827E-13
1.0000000000000002E-4    2400                     1.8217703336142505E-13
1.0000000000000002E-4    2410                     1.8217703529473022E-13
1.0000000000000002E-4    2420                     1.8217703715127357E-13
1.0000000000000002E-4    2430                     1.821770389366181E-13
1.0000000000000002E-4    2440                     1.8217704068756242E-13
1.0000000000000002E-4    2450                     1.8217704237304162E-13
1.0000000000000002E-4    2460                     1.8217704400520266E-13
1.0000000000000002E-4    2470                     1.8217704561287602E-13
1.0000000000000002E-4    2480                     1.8217704715712534E-13
1.0000000000000002E-4    2490                     1.8217704862266794E-13
1.0000000000000002E-4    2500                     1.8217705007918023E-13
1.0000000000000002E-4    2510                     1.8217705150982951E-13
1.0000000000000002E-4    2520                     1.8217705290238108E-13
1.0000000000000002E-4    2530                     1.821770542513714E-13
1.0000000000000002E-4    2540                     1.8217705552821106E-13
1.0000000000000002E-4    2550                     1.8217705678923695E-13
1.0000000000000002E-4    2560                     1.8217705802189464E-13
1.0000000000000002E-4    2570                     1.82177059229039E-13
1.0000000000000002E-4    2580                     1.8217706036033683E-13
1.0000000000000002E-4    2590                     1.8217706146936497E-13
1.0000000000000002E-4    2600                     1.8217706254865975E-13
1.0000000000000002E-4    2610                     1.8217706360697817E-13
1.0000000000000002E-4    2620                     1.8217706460183464E-13
1.0000000000000002E-4    2630                     1.8217706556432623E-13
1.0000000000000002E-4    2640                     1.821770665035875E-13
1.0000000000000002E-4    2650                     1.8217706740550115E-13
1.0000000000000002E-4    2660                     1.8217706828000363E-13
1.0000000000000002E-4    2670                     1.8217706912961626E-13
1.0000000000000002E-4    2680                     1.8217706993258157E-13
1.0000000000000002E-4    2690                     1.8217707071229946E-13
1.0000000000000002E-4    2700                     1.8217707146539907E-13
1.0000000000000002E-4    2710                     1.8217707214717008E-13
1.0000000000000002E-4    2720                     1.8217707280806727E-13
1.0000000000000002E-4    2730                     1.8217707346314531E-13
1.0000000000000002E-4    2740                     1.821770740948523E-13
1.0000000000000002E-4    2750                     1.8217707470894912E-13
1.0000000000000002E-4    2760                     1.8217707527791246E-13
1.0000000000000002E-4    2770                     1.8217707581304548E-13
1.0000000000000002E-4    2780                     1.8217707634167122E-13
1.0000000000000002E-4    2790                     1.8217707684786614E-13
1.0000000000000002E-4    2800                     1.821770773378753E-13
1.0000000000000002E-4    2810                     1.8217707778889375E-13
1.0000000000000002E-4    2820                     1.8217707822355144E-13
1.0000000000000002E-4    2830                     1.8217707864249244E-13
1.0000000000000002E-4    2840                     1.8217707904956242E-13
1.0000000000000002E-4    2850                     1.821770794248036E-13
1.0000000000000002E-4    2860                     1.821770797748881E-13
1.0000000000000002E-4    2870                     1.8217708011389032E-13
1.0000000000000002E-4    2880                     1.821770804348617E-13
1.0000000000000002E-4    2890                     1.8217708073819832E-13
1.0000000000000002E-4    2900                     1.8217708103128713E-13
1.0000000000000002E-4    2910                     1.821770813019518E-13
1.0000000000000002E-4    2920                     1.8217708155814822E-13
1.0000000000000002E-4    2930                     1.8217708180503276E-13
1.0000000000000002E-4    2940                     1.8217708202096388E-13
1.0000000000000002E-4    2950                     1.821770822229749E-13
1.0000000000000002E-4    2960                     1.8217708242345838E-13
1.0000000000000002E-4    2970                     1.821770826151259E-13
1.0000000000000002E-4    2980                     1.8217708279938423E-13
1.0000000000000002E-4    2990                     1.8217708296764604E-13
1.0000000000000002E-4    3000                     1.821770831184598E-13
1.0000000000000002E-4    3010                     1.8217708326712947E-13
1.0000000000000002E-4    3020                     1.8217708340818747E-13
1.0000000000000002E-4    3030                     1.82177083543346E-13
1.0000000000000002E-4    3040                     1.8217708366578703E-13
1.0000000000000002E-4    3050                     1.821770837803678E-13
1.0000000000000002E-4    3060                     1.8217708389013816E-13
1.0000000000000002E-4    3070                     1.8217708399562681E-13
1.0000000000000002E-4    3080                     1.8217708409262472E-13
1.0000000000000002E-4    3090                     1.8217708417839263E-13
1.0000000000000002E-4    3100                     1.8217708426149175E-13
1.0000000000000002E-4    3110                     1.8217708433881953E-13
1.0000000000000002E-4    3120                     1.8217708441072368E-13
1.0000000000000002E-4    3130                     1.8217708447962373E-13
1.0000000000000002E-4    3140                     1.8217708454201258E-13
1.0000000000000002E-4    3150                     1.8217708459973448E-13
1.0000000000000002E-4    3160                     1.821770846550363E-13
1.0000000000000002E-4    3170                     1.821770847050053E-13
1.0000000000000002E-4    3180                     1.8217708475117353E-13
1.0000000000000002E-4    3190                     1.8217708479535373E-13
1.0000000000000002E-4    3200                     1.8217708483515074E-13
1.0000000000000002E-4    3210                     1.8217708487190492E-13
1.0000000000000002E-4    3220                     1.8217708490704088E-13
1.0000000000000002E-4    3230                     1.8217708493692034E-13
1.0000000000000002E-4    3240                     1.8217708496348874E-13
1.0000000000000002E-4    3250                     1.8217708498989142E-13
1.0000000000000002E-4    3260                     1.8217708501495372E-13
1.0000000000000002E-4    3270                     1.8217708503870333E-13
1.0000000000000002E-4    3280                     1.8217708506009555E-13
1.0000000000000002E-4    3290                     1.8217708507931596E-13
1.0000000000000002E-4    3300                     1.821770850977323E-13
1.0000000000000002E-4    3310                     1.8217708511516852E-13
1.0000000000000002E-4    3320                     1.8217708513124586E-13
1.0000000000000002E-4    3330                     1.8217708514476718E-13
1.0000000000000002E-4    3340                     1.8217708515780437E-13
1.0000000000000002E-4    3350                     1.8217708517001222E-13
1.0000000000000002E-4    3360                     1.8217708518153944E-13
1.0000000000000002E-4    3370                     1.8217708519117465E-13
1.0000000000000002E-4    3380                     1.8217708520030963E-13
1.0000000000000002E-4    3390                     1.82177085208775E-13
1.0000000000000002E-4    3400                     1.8217708521645785E-13
1.0000000000000002E-4    3410                     1.821770852236887E-13
1.0000000000000002E-4    3420                     1.8217708523025929E-13
1.0000000000000002E-4    3430                     1.8217708523608517E-13
1.0000000000000002E-4    3440                     1.8217708524158081E-13
1.0000000000000002E-4    3450                     1.8217708524647988E-13
1.0000000000000002E-4    3460                     1.8217708525039707E-13
1.0000000000000002E-4    3470                     1.821770852542075E-13
1.0000000000000002E-4    3480                     1.8217708525791852E-13
1.0000000000000002E-4    3490                     1.821770852613436E-13
1.0000000000000002E-4    3500                     1.8217708526454944E-13
1.0000000000000002E-4    3510                     1.8217708526717618E-13
1.0000000000000002E-4    3520                     1.8217708526960194E-13
1.0000000000000002E-4    3530                     1.8217708527194689E-13
1.0000000000000002E-4    3540                     1.821770852740969E-13
1.0000000000000002E-4    3550                     1.8217708527610066E-13
1.0000000000000002E-4    3560                     1.8217708527778322E-13
1.0000000000000002E-4    3570                     1.8217708527938997E-13
1.0000000000000002E-4    3580                     1.8217708528087916E-13
1.0000000000000002E-4    3590                     1.8217708528228475E-13
1.0000000000000002E-4    3600                     1.8217708528344237E-13
1.5000000000000001E-4    0                        4.9609281991939674E-15
1.5000000000000001E-4    10                       1.4989997010107248E-13
1.5000000000000001E-4    20                       1.6596753973642182E-13
1.5000000000000001E-4    30                       1.6766976525845642E-13
1.5000000000000001E-4    40                       1.6607126075914715E-13
1.5000000000000001E-4    50                       1.6379082829016417E-13
1.5000000000000001E-4    60                       1.6150686017487423E-13
1.5000000000000001E-4    70                       1.59464114300847E-13
1.5000000000000001E-4    80                       1.5775238798818744E-13
1.5000000000000001E-4    90                       1.5639306746104372E-13
1.5000000000000001E-4    100                      1.5538969248256877E-13
1.5000000000000001E-4    110                      1.547723509074569E-13
1.5000000000000001E-4    120                      1.546085880651865E-13
1.5000000000000001E-4    130                      1.54940963683222E-13
1.5000000000000001E-4    140                      1.5575386977720217E-13
1.5000000000000001E-4    150                      1.5697816490341296E-13
1.5000000000000001E-4    160                      1.5850608523494796E-13
1.5000000000000001E-4    170                      1.6023166905971055E-13
1.5000000000000001E-4    180                      1.6209110472151997E-13
1.5000000000000001E-4    190                      1.6406881588740306E-13
1.5000000000000001E-4    200                      1.6616882823261594E-13
1.5000000000000001E-4    210                      1.6837954271253724E-13
1.5000000000000001E-4    220                      1.7066133682569487E-13
1.5000000000000001E-4    230                      1.7296317688209105E-13
1.5000000000000001E-4    240                      1.752495048585012E-13
1.5000000000000001E-4    250                      1.7751301086427517E-13
1.5000000000000001E-4    260                      1.7976436967904213E-13
1.5000000000000001E-4    270                      1.8201057895567082E-13
1.5000000000000001E-4    280                      1.8424132170704206E-13
1.5000000000000001E-4    290                      1.8643323049156703E-13
1.5000000000000001E-4    300                      1.8856559722050382E-13
1.5000000000000001E-4    310                      1.9063515538912603E-13
1.5000000000000001E-4    320                      1.9265582421381567E-13
1.5000000000000001E-4    330                      1.9462075509206512E-13
1.5000000000000001E-4    340                      1.96538832773578E-13
1.5000000000000001E-4    350                      1.9843769733260624E-13
1.5000000000000001E-4    360                      2.002765588781163E-13
1.5000000000000001E-4    370                      2.0201573239083834E-13
1.5000000000000001E-4    380                      2.0365830827517467E-13
1.5000000000000001E-4    390                      2.05279630254686E-13
1.5000000000000001E-4    400                      2.068685001868037E-13
1.5000000000000001E-4    410                      2.083418428910225E-13
1.5000000000000001E-4    420                      2.0977549096454877E-13
1.5000000000000001E-4    430                      2.1117923382925598E-13
1.5000000000000001E-4    440                      2.1249487455640786E-13
1.5000000000000001E-4    450                      2.13776102433885E-13
1.5000000000000001E-4    460                      2.150054374178553E-13
1.5000000000000001E-4    470                      2.1613992486649528E-13
1.5000000000000001E-4    480                      2.172528654537049E-13
1.5000000000000001E-4    490                      2.1829585088039464E-13
1.5000000000000001E-4    500                      2.1925720427412322E-13
1.5000000000000001E-4    510                      2.2020665763726488E-13
1.5000000000000001E-4    520                      2.2111723214550388E-13
1.5000000000000001E-4    530                      2.2195986008659834E-13
1.5000000000000001E-4    540                      2.2273082892114634E-13
1.5000000000000001E-4    550                      2.2347610730428364E-13
1.5000000000000001E-4    560                      2.2421159507391587E-13
1.5000000000000001E-4    570                      2.2490649161872146E-13
1.5000000000000001E-4    580                      2.2556844673484406E-13
1.5000000000000001E-4    590                      2.2618189583816102E-13
1.5000000000000001E-4    600                      2.2674536224344435E-13
1.5000000000000001E-4    610                      2.272921918712824E-13
1.5000000000000001E-4    620                      2.2780332847138244E-13
1.5000000000000001E-4    630                      2.2829578768727415E-13
1.5000000000000001E-4    640                      2.287450266546209E-13
1.5000000000000001E-4    650                      2.2917260533138075E-13
1.5000000000000001E-4    660                      2.2955723273230584E-13
1.5000000000000001E-4    670                      2.2991965767293776E-13
1.5000000000000001E-4    680                      2.302651145349318E-13
1.5000000000000001E-4    690                      2.305901521435729E-13
1.5000000000000001E-4    700                      2.308988126124053E-13
1.5000000000000001E-4    710                      2.311783610269063E-13
1.5000000000000001E-4    720                      2.3144343135997194E-13
1.5000000000000001E-4    730                      2.316764931921664E-13
1.5000000000000001E-4    740                      2.319001710936904E-13
1.5000000000000001E-4    750                      2.3210930307832544E-13
1.5000000000000001E-4    760                      2.3230784925924675E-13
1.5000000000000001E-4    770                      2.324914869819367E-13
1.5000000000000001E-4    780                      2.326593993889734E-13
1.5000000000000001E-4    790                      2.328154787533209E-13
1.5000000000000001E-4    800                      2.3295157537504627E-13
1.5000000000000001E-4    810                      2.3308348607179093E-13
1.5000000000000001E-4    820                      2.332046313780775E-13
1.5000000000000001E-4    830                      2.3331930511266444E-13
1.5000000000000001E-4    840                      2.33420292045435E-13
1.5000000000000001E-4    850                      2.335140913732869E-13
1.5000000000000001E-4    860                      2.3360293732645465E-13
1.5000000000000001E-4    870                      2.3368767862392376E-13
1.5000000000000001E-4    880                      2.3376338444668925E-13
1.5000000000000001E-4    890                      2.338289553418165E-13
1.5000000000000001E-4    900                      2.3389179925090097E-13
1.5000000000000001E-4    910                      2.339492579679002E-13
1.5000000000000001E-4    920                      2.3400171681081677E-13
1.5000000000000001E-4    930                      2.34051454402296E-13
1.5000000000000001E-4    940                      2.340953121149016E-13
1.5000000000000001E-4    950                      2.3413518663912677E-13
1.5000000000000001E-4    960                      2.3417298904442573E-13
1.5000000000000001E-4    970                      2.3420412224878927E-13
1.5000000000000001E-4    980                      2.342312369158869E-13
1.5000000000000001E-4    990                      2.3425818124037046E-13
1.5000000000000001E-4    1000                     2.3428356356460434E-13
1.5000000000000001E-4    1010                     2.3430742669602415E-13
1.5000000000000001E-4    1020                     2.3432856935726417E-13
1.5000000000000001E-4    1030                     2.343460629218092E-13
1.5000000000000001E-4    1040                     2.343631499707625E-13
1.5000000000000001E-4    1050                     2.3437910659387464E-13
1.5000000000000001E-4    1060                     2.3439407215340944E-13
1.5000000000000001E-4    1070                     2.3440723911273045E-13
1.5000000000000001E-4    1080                     2.3441892085207435E-13
1.5000000000000001E-4    1090                     2.3442999595007575E-13
1.5000000000000001E-4    1100                     2.344403997178224E-13
1.5000000000000001E-4    1110                     2.3444980609031427E-13
1.5000000000000001E-4    1120                     2.344574899374003E-13
1.5000000000000001E-4    1130                     2.344648528799899E-13
1.5000000000000001E-4    1140                     2.3447158679592124E-13
1.5000000000000001E-4    1150                     2.3447761155195773E-13
1.5000000000000001E-4    1160                     2.3448321666948023E-13
1.5000000000000001E-4    1170                     2.3448810028158074E-13
1.5000000000000001E-4    1180                     2.3449186253770115E-13
1.5000000000000001E-4    1190                     2.344955256128072E-13
1.5000000000000001E-4    1200                     2.344990890340682E-13
1.5000000000000001E-4    1210                     2.345023544580938E-13
1.5000000000000001E-4    1220                     2.345053921512572E-13
1.5000000000000001E-4    1230                     2.345079155126725E-13
1.5000000000000001E-4    1240                     2.345103146874801E-13
1.5000000000000001E-4    1250                     2.3451249830554107E-13
1.5000000000000001E-4    1260                     2.3451444355254503E-13
1.5000000000000001E-4    1270                     2.3451625436518593E-13
1.5000000000000001E-4    1280                     2.345178582050097E-13
1.5000000000000001E-4    1290                     2.3451925406188914E-13
1.5000000000000001E-4    1300                     2.3452055819924507E-13
1.5000000000000001E-4    1310                     2.3452171138216297E-13
1.5000000000000001E-4    1320                     2.345227176599662E-13
1.5000000000000001E-4    1330                     2.3452365899173753E-13
1.5000000000000001E-4    1340                     2.3452446791240026E-13
1.5000000000000001E-4    1350                     2.3452509440893893E-13
1.5000000000000001E-4    1360                     2.3452570766749344E-13
1.5000000000000001E-4    1370                     2.3452629921434573E-13
1.5000000000000001E-4    1380                     2.34526841689719E-13
1.5000000000000001E-4    1390                     2.34527340930253E-13
1.5000000000000001E-4    1400                     2.345277532728329E-13
1.5000000000000001E-4    1410                     2.345281468112339E-13
1.5000000000000001E-4    1420                     2.345285090580547E-13
1.5000000000000001E-4    1430                     2.3452884848460664E-13
1.5000000000000001E-4    1440                     2.34529121386065E-13
1.5000000000000001E-4    1450                     2.3452937128750663E-13
1.5000000000000001E-4    1460                     2.3452960160445294E-13
1.5000000000000001E-4    1470                     2.3452981861603684E-13
1.5000000000000001E-4    1480                     2.3452999992656713E-13
1.5000000000000001E-4    1490                     2.3453015781284594E-13
1.5000000000000001E-4    1500                     2.3453030515550776E-13
1.5000000000000001E-4    1510                     2.3453043668837023E-13
1.5000000000000001E-4    1520                     2.345305549821534E-13
1.5000000000000001E-4    1530                     2.3453066501720137E-13
1.5000000000000001E-4    1540                     2.345307587602109E-13
1.5000000000000001E-4    1550                     2.345308437520225E-13
1.5000000000000001E-4    1560                     2.3453092250641153E-13
1.5000000000000001E-4    1570                     2.3453098294916173E-13
1.5000000000000001E-4    1580                     2.3453103710332065E-13
1.5000000000000001E-4    1590                     2.345310906627E-13
1.5000000000000001E-4    1600                     2.345311403368785E-13
1.5000000000000001E-4    1610                     2.3453118686745083E-13
1.5000000000000001E-4    1620                     2.3453122655888165E-13
1.5000000000000001E-4    1630                     2.345312624495959E-13
1.5000000000000001E-4    1640                     2.345312959863137E-13
1.5000000000000001E-4    1650                     2.345313275627824E-13
1.5000000000000001E-4    1660                     2.345313551681424E-13
1.5000000000000001E-4    1670                     2.3453137807574706E-13
1.5000000000000001E-4    1680                     2.345313998761798E-13
1.5000000000000001E-4    1690                     2.345314201306463E-13
1.5000000000000001E-4    1700                     2.345314386610084E-13
1.5000000000000001E-4    1710                     2.345314535291355E-13
1.5000000000000001E-4    1720                     2.345314677195238E-13
1.5000000000000001E-4    1730                     2.345314805375616E-13
1.5000000000000001E-4    1740                     2.3453149202730067E-13
1.5000000000000001E-4    1750                     2.345315027934437E-13
1.5000000000000001E-4    1760                     2.3453151195721606E-13
1.5000000000000001E-4    1770                     2.3453151921249396E-13
1.5000000000000001E-4    1780                     2.3453152636853345E-13
1.5000000000000001E-4    1790                     2.345315332471057E-13
1.5000000000000001E-4    1800                     2.3453153965083866E-13
1.5000000000000001E-4    1810                     2.345315456144678E-13
1.5000000000000001E-4    1820                     2.345315508012083E-13
1.5000000000000001E-4    1830                     2.345315556074147E-13
1.5000000000000001E-4    1840                     2.345315595936844E-13
1.5000000000000001E-4    1850                     2.3453156335428426E-13
1.5000000000000001E-4    1860                     2.34531566786211E-13
1.5000000000000001E-4    1870                     2.345315699646463E-13
1.5000000000000001E-4    1880                     2.345315727746469E-13
1.5000000000000001E-4    1890                     2.345315752189335E-13
1.5000000000000001E-4    1900                     2.345315775513012E-13
1.5000000000000001E-4    1910                     2.3453157973339173E-13
1.5000000000000001E-4    1920                     2.345315817305224E-13
1.5000000000000001E-4    1930                     2.345315833516148E-13
1.5000000000000001E-4    1940                     2.345315849030831E-13
1.5000000000000001E-4    1950                     2.345315863381599E-13
1.5000000000000001E-4    1960                     2.345315876849293E-13
1.5000000000000001E-4    1970                     2.3453158878208165E-13
1.5000000000000001E-4    1980                     2.3453158980715266E-13
1.5000000000000001E-4    1990                     2.345315907491866E-13
1.5000000000000001E-4    2000                     2.3453159159181785E-13
1.5000000000000001E-4    2010                     2.3453159237651665E-13
1.5000000000000001E-4    2020                     2.3453159307726E-13
1.5000000000000001E-4    2030                     2.3453159362169787E-13
1.5000000000000001E-4    2040                     2.3453159414539624E-13
1.5000000000000001E-4    2050                     2.3453159465643286E-13
1.5000000000000001E-4    2060                     2.3453159512903834E-13
1.5000000000000001E-4    2070                     2.345315955766557E-13
1.5000000000000001E-4    2080                     2.345315959674351E-13
1.5000000000000001E-4    2090                     2.3453159633013604E-13
1.5000000000000001E-4    2100                     2.3453159663708316E-13
1.5000000000000001E-4    2110                     2.345315969179442E-13
1.5000000000000001E-4    2120                     2.3453159717937215E-13
1.5000000000000001E-4    2130                     2.345315974181138E-13
1.5000000000000001E-4    2140                     2.345315976359199E-13
1.5000000000000001E-4    2150                     2.345315978196531E-13
1.5000000000000001E-4    2160                     2.345315979963014E-13
1.5000000000000001E-4    2170                     2.3453159816036347E-13
1.5000000000000001E-4    2180                     2.3453159831415767E-13
1.5000000000000001E-4    2190                     2.3453159843927687E-13
1.5000000000000001E-4    2200                     2.345315985565846E-13
1.5000000000000001E-4    2210                     2.345315986651171E-13
1.5000000000000001E-4    2220                     2.3453159876266587E-13
1.5000000000000001E-4    2230                     2.345315988520194E-13
1.5000000000000001E-4    2240                     2.3453159893397056E-13
1.5000000000000001E-4    2250                     2.3453159899683043E-13
1.5000000000000001E-4    2260                     2.34531599054619E-13
1.5000000000000001E-4    2270                     2.345315991116564E-13
1.5000000000000001E-4    2280                     2.345315991646549E-13
1.5000000000000001E-4    2290                     2.345315992144822E-13
1.5000000000000001E-4    2300                     2.3453159925706855E-13
1.5000000000000001E-4    2310                     2.345315992962658E-13
1.5000000000000001E-4    2320                     2.345315993328862E-13
1.5000000000000001E-4    2330                     2.3453159936630193E-13
1.5000000000000001E-4    2340                     2.3453159939623815E-13
1.5000000000000001E-4    2350                     2.345315994242864E-13
1.5000000000000001E-4    2360                     2.3453159944645216E-13
1.5000000000000001E-4    2370                     2.345315994654832E-13
1.5000000000000001E-4    2380                     2.3453159948442775E-13
1.5000000000000001E-4    2390                     2.3453159950223283E-13
1.5000000000000001E-4    2400                     2.345315995189422E-13
1.5000000000000001E-4    2410                     2.3453159953359875E-13
1.5000000000000001E-4    2420                     2.3453159954656535E-13
1.5000000000000001E-4    2430                     2.345315995588416E-13
1.5000000000000001E-4    2440                     2.345315995699256E-13
1.5000000000000001E-4    2450                     2.3453159957986563E-13
1.5000000000000001E-4    2460                     2.3453159958921423E-13
1.5000000000000001E-4    2470                     2.3453159959731604E-13
1.5000000000000001E-4    2480                     2.3453159960461466E-13
1.5000000000000001E-4    2490                     2.3453159961147157E-13
1.5000000000000001E-4    2500                     2.3453159961739476E-13
1.5000000000000001E-4    2510                     2.345315996227462E-13
1.5000000000000001E-4    2520                     2.345315996277605E-13
1.5000000000000001E-4    2530                     2.345315996316879E-13
1.5000000000000001E-4    2540                     2.3453159963514153E-13
1.5000000000000001E-4    2550                     2.3453159963856703E-13
1.5000000000000001E-4    2560                     2.3453159964176595E-13
1.5000000000000001E-4    2570                     2.3453159964476796E-13
1.5000000000000001E-4    2580                     2.3453159964736587E-13
1.5000000000000001E-4    2590                     2.345315996496957E-13
1.5000000000000001E-4    2600                     2.3453159965188543E-13
1.5000000000000001E-4    2610                     2.34531599653946E-13
1.5000000000000001E-4    2620                     2.3453159965577874E-13
1.5000000000000001E-4    2630                     2.345315996572841E-13
1.5000000000000001E-4    2640                     2.3453159965872284E-13
1.5000000000000001E-4    2650                     2.3453159966005525E-13
1.5000000000000001E-4    2660                     2.345315996612863E-13
1.5000000000000001E-4    2670                     2.3453159966227345E-13
1.5000000000000001E-4    2680                     2.3453159966320994E-13
1.5000000000000001E-4    2690                     2.3453159966405837E-13
1.5000000000000001E-4    2700                     2.345315996648159E-13
1.5000000000000001E-4    2710                     2.3453159966552356E-13
1.5000000000000001E-4    2720                     2.345315996661498E-13
1.5000000000000001E-4    2730                     2.3453159966669955E-13
1.5000000000000001E-4    2740                     2.345315996672167E-13
1.5000000000000001E-4    2750                     2.345315996676586E-13
1.5000000000000001E-4    2760                     2.345315996680027E-13
1.5000000000000001E-4    2770                     2.345315996683403E-13
1.5000000000000001E-4    2780                     2.3453159966866557E-13
1.5000000000000001E-4    2790                     2.345315996689662E-13
1.5000000000000001E-4    2800                     2.345315996692423E-13
1.5000000000000001E-4    2810                     2.345315996694726E-13
1.5000000000000001E-4    2820                     2.345315996696933E-13
1.5000000000000001E-4    2830                     2.34531599669897E-13
1.5000000000000001E-4    2840                     2.3453159967008764E-13
1.5000000000000001E-4    2850                     2.3453159967024203E-13
1.5000000000000001E-4    2860                     2.345315996703848E-13
1.5000000000000001E-4    2870                     2.345315996705164E-13
1.5000000000000001E-4    2880                     2.3453159967064007E-13
1.5000000000000001E-4    2890                     2.3453159967074337E-13
1.5000000000000001E-4    2900                     2.345315996708345E-13
1.5000000000000001E-4    2910                     2.3453159967091947E-13
1.5000000000000001E-4    2920                     2.3453159967099495E-13
1.5000000000000001E-4    2930                     2.3453159967106285E-13
1.5000000000000001E-4    2940                     2.3453159967112677E-13
1.5000000000000001E-4    2950                     2.345315996711755E-13
1.5000000000000001E-4    2960                     2.3453159967121886E-13
1.5000000000000001E-4    2970                     2.345315996712619E-13
1.5000000000000001E-4    2980                     2.3453159967130196E-13
1.5000000000000001E-4    2990                     2.345315996713402E-13
1.5000000000000001E-4    3000                     2.345315996713732E-13
1.5000000000000001E-4    3010                     2.345315996714041E-13
1.5000000000000001E-4    3020                     2.345315996714305E-13
1.5000000000000001E-4    3030                     2.3453159967145286E-13
1.5000000000000001E-4    3040                     2.3453159967147447E-13
1.5000000000000001E-4    3050                     2.345315996714938E-13
1.5000000000000001E-4    3060                     2.345315996715121E-13
1.5000000000000001E-4    3070                     2.345315996715263E-13
1.5000000000000001E-4    3080                     2.345315996715401E-13
1.5000000000000001E-4    3090                     2.3453159967155273E-13
1.5000000000000001E-4    3100                     2.3453159967156464E-13
1.5000000000000001E-4    3110                     2.3453159967157474E-13
1.5000000000000001E-4    3120                     2.34531599671584E-13
1.5000000000000001E-4    3130                     2.3453159967159196E-13
1.5000000000000001E-4    3140                     2.345315996715997E-13
1.5000000000000001E-4    3150                     2.345315996716064E-13
1.5000000000000001E-4    3160                     2.3453159967161185E-13
1.5000000000000001E-4    3170                     2.3453159967161725E-13
1.5000000000000001E-4    3180                     2.345315996716219E-13
1.5000000000000001E-4    3190                     2.3453159967162614E-13
1.5000000000000001E-4    3200                     2.3453159967163E-13
1.5000000000000001E-4    3210                     2.345315996716334E-13
1.5000000000000001E-4    3220                     2.345315996716359E-13
1.5000000000000001E-4    3230                     2.3453159967163825E-13
1.5000000000000001E-4    3240                     2.345315996716404E-13
1.5000000000000001E-4    3250                     2.345315996716429E-13
1.5000000000000001E-4    3260                     2.345315996716452E-13
1.5000000000000001E-4    3270                     2.3453159967164694E-13
1.5000000000000001E-4    3280                     2.3453159967164865E-13
1.5000000000000001E-4    3290                     2.345315996716499E-13
1.5000000000000001E-4    3300                     2.345315996716513E-13
1.5000000000000001E-4    3310                     2.345315996716526E-13
1.5000000000000001E-4    3320                     2.3453159967165375E-13
1.5000000000000001E-4    3330                     2.3453159967165476E-13
1.5000000000000001E-4    3340                     2.3453159967165577E-13
1.5000000000000001E-4    3350                     2.345315996716566E-13
1.5000000000000001E-4    3360                     2.345315996716574E-13
1.5000000000000001E-4    3370                     2.34531599671658E-13
1.5000000000000001E-4    3380                     2.3453159967165865E-13
1.5000000000000001E-4    3390                     2.3453159967165905E-13
1.5000000000000001E-4    3400                     2.345315996716594E-13
1.5000000000000001E-4    3410                     2.345315996716597E-13
1.5000000000000001E-4    3420                     2.3453159967165986E-13
1.5000000000000001E-4    3430                     2.3453159967166E-13
1.5000000000000001E-4    3440                     2.345315996716604E-13
1.5000000000000001E-4    3450                     2.3453159967166077E-13
1.5000000000000001E-4    3460                     2.345315996716609E-13
1.5000000000000001E-4    3470                     2.345315996716612E-13
1.5000000000000001E-4    3480                     2.345315996716613E-13
1.5000000000000001E-4    3490                     2.3453159967166163E-13
1.5000000000000001E-4    3500                     2.3453159967166173E-13
1.5000000000000001E-4    3510                     2.34531599671662E-13
1.5000000000000001E-4    3520                     2.3453159967166233E-13
1.5000000000000001E-4    3530                     2.345315996716626E-13
1.5000000000000001E-4    3540                     2.3453159967166274E-13
1.5000000000000001E-4    3550                     2.345315996716628E-13
1.5000000000000001E-4    3560                     2.3453159967166284E-13
1.5000000000000001E-4    3570                     2.345315996716628E-13
1.5000000000000001E-4    3580                     2.345315996716629E-13
1.5000000000000001E-4    3590                     2.3453159967166294E-13
1.5000000000000001E-4    3600                     2.3453159967166284E-13
