"frame","x [nm]","y [nm]","sigma [nm]","intensity [photon]","offset [photon]","bkgstd [photon]","chi2","uncertainty [nm]"
1.0,3238.8469435341913,1470.0194738417056,157.09536629694944,1599.1560607726713,158.30305758877998,21.02833806601425,4758.700314593424,11.699475107899733
1.0,29919.44974913181,29130.646122600094,148.95882044045393,615.8563670544,125.8705668477556,16.484183643635642,4023.296163106811,20.64313979092035
1.0,37625.25567658057,18836.794169072327,119.79974514535229,979.3848604563498,121.34236629577516,11.566178055996698,1958.9455362939264,7.747140747369791
2.0,3243.257657581051,1454.5367472719631,158.08185362762595,1618.7848482078275,153.97162787081686,18.592233338561822,3872.0011372349995,10.680426583575201
2.0,11502.718008405647,30357.652636243332,163.58745487073296,935.0135033023096,141.11757386041464,16.70338663610855,3619.744076033468,16.932228136677804
2.0,24390.216049002778,29248.01411134174,239.92856571704667,2318.6570067484367,126.84309016438797,20.53873185141499,4458.441319283231,17.579968907420703
2.0,24494.892746388643,31947.266185576915,167.83642042164487,907.3016760927037,128.86169424729886,19.439023648116713,5114.376144694969,20.65241652320898
2.0,26218.971899842247,30219.263534681122,241.2523276391837,1140.262694731113,133.18714868682773,19.838891104957575,5041.318185140583,33.51659566432092
2.0,37623.55613285157,18844.875427109353,115.89520932408401,1021.0536084205075,118.81741186265721,15.657733235709387,3614.129095324128,8.399349738174715
3.0,3254.1746375492694,1446.2963032598334,162.4901318057984,1486.2300282467684,154.93203206114921,16.21394422315888,2948.53320094305,10.928388517627408
3.0,11631.977396696617,26456.252647075216,149.83934647121154,659.6952089867465,137.40344030692532,16.66195100750588,3862.8101082190597,19.772198254215265
3.0,12304.356361166343,30264.711741353065,110.51501004087592,676.6339559001958,143.07111627555827,20.030509794900965,4916.775940969502,13.006681260044148
3.0,25274.798299533883,30938.610630718285,206.8744963194619,1525.645589896819,143.39410087749872,28.28136990909865,8089.623765593058,26.13782006598717
3.0,25248.141837550993,31389.876411467107,211.58979770632195,1215.8250542843386,141.83421579659765,28.750062965437998,8215.58246716784,34.490148724684055
3.0,26922.92723255564,38489.735789311024,107.06995296505626,1260.7912091347089,123.51471188460312,16.346860261419113,3847.206525957708,6.466813907286594
3.0,37601.534359811325,18829.81402519406,126.41905894995276,1096.4626500012998,120.92528103423159,16.460734749899057,4371.286132981586,9.396843445270845
4.0,3264.260354334671,1454.552122384433,164.8288408845903,1676.9993980187135,151.3448640236799,19.2266033393,4033.2620774277534,11.406624701468367
4.0,7667.075732751412,22593.94699798129,126.84943096530995,768.4270797794591,155.6634363876087,14.934292489240883,2684.503211602053,11.909795345584023
4.0,9078.849159271798,21527.75505597213,293.5315448075379,2425.97798145796,140.94256106057114,21.911524914102227,4466.211926824381,25.960648629152978
4.0,9134.110775959683,22194.868454247135,152.69735597891338,1804.828718343147,190.33555014198325,23.657577929289882,5170.716287120122,10.948408533538993
4.0,10022.372946066724,21698.500662766284,137.0730634952145,908.2754005426541,163.65528088044798,19.122844918347486,4394.227120830219,14.116012434244656
4.0,21022.7485836864,28666.600364151676,226.26636710164726,1435.840470187319,139.11453873401194,16.88997397242478,3034.468433938577,20.816680665418417
4.0,37628.06352103177,18828.351142129603,117.29386846770831,979.9691030266077,124.46379022701231,12.951277153275546,2378.5184581789335,7.943171811456913
5.0,3249.434154315845,1475.6427490280619,160.700114649493,1652.5056324226864,155.5053821145681,18.700062216300356,4056.0019300462773,10.836532560678403
5.0,37622.03003871343,18839.727278437374,114.2228132682538,1039.748058256356,124.28509576852066,15.545896299322173,3608.6934798936863,8.059282805207973
6.0,3272.5406840385604,1465.6608964549266,155.51399736725824,1602.4614076438602,153.3562087895313,21.647481449182045,5040.948164182976,11.730758038187787
6.0,23090.17703781693,21737.63486385195,206.83932906256277,906.3659024174516,147.74491033766432,19.37552367073794,4197.791031927418,30.46733978688377
6.0,37615.006908205476,18824.505338916668,142.10457510741136,1168.9665277009844,118.55619674237556,16.08400942359668,3801.2887476597816,10.634805046690452
7.0,3266.2687842928613,1486.4124259034384,192.8644437840915,1872.6653631595616,147.07189818559834,15.97755679492721,3171.562143892539,11.873446756002533
7.0,11220.902492634188,16743.318370184847,158.81812862145546,780.3032246250536,174.7229298304776,31.960341028262015,10016.181253929028,33.59188092001936
7.0,11792.467600329075,16356.67284448885,301.5255171692674,3293.486444035504,145.89918328660494,28.2209636737867,7285.065421830604,25.675016897806387
7.0,37613.59334759934,18822.08928623609,141.25383408044698,1209.5679541878567,119.74415809647297,17.300432867044634,4226.8865670562855,10.756328087322569
8.0,3253.6165256447143,1458.8057590083718,159.1081343416045,1446.7830009818504,160.15206201222824,17.939817900580657,3614.620722017235,11.593558961896527
8.0,8937.352855512636,14115.754168965455,199.47162205063293,2016.3646250840636,143.71145411140915,21.984702540498677,5373.6550643917835,15.086767390458384
8.0,11992.57737368633,21502.983492709776,129.9727653704912,3393.784409885528,170.08097960980365,25.339977726499374,5667.721223330066,5.137320664612066
8.0,37617.457073603524,18850.056057502356,143.87332771072838,1252.0846298717715,116.58275865208107,12.511485301539144,2494.2492259517176,8.790838317211687
9.0,3289.4260154144135,1494.1986907423063,171.09943228740664,1562.946115056192,159.39340544073127,16.98152013776613,3359.9683042083516,11.806257858457553
9.0,35431.16957683814,39552.61254640179,151.60218250058094,745.9385826405248,107.11516455974063,12.871699168137004,2598.991282292893,14.859651485912522
9.0,37614.016604897304,18842.876218831283,119.15125942674905,1092.958454022879,122.83514644156668,15.61974872860582,3722.000507577532,8.296439425915553
10.0,3340.104616850866,1489.8643442927491,316.0182439240629,1889.6894114166198,124.93895022563284,18.04247191412592,4113.33964890364,31.791210638647804
10.0,5028.4557532027675,36465.515582391534,164.57316039610188,1578.100712783975,130.97598144461048,23.263045806669176,5266.322913198207,13.933039568583647
10.0,37614.10917369904,18834.7138169998,125.85810609225767,1062.868633093567,119.55741775281726,14.94352689090733,3282.719255858864,9.005374134752946
11.0,5221.426755378307,39444.45209176199,187.36494352551912,793.417402956398,116.1975310731333,16.17629836522806,4047.4246485366034,24.503554439150683
11.0,37616.952232842305,18831.445260952278,111.87361155983142,976.2828254019712,127.5120676227658,17.179252585623185,3972.188908314972,8.718710465834867
12.0,37607.843163723,18834.026631047233,141.64853983465878,1205.6884971325444,118.69906828135886,17.587612781090527,4258.063022325997,10.963140950720865
13.0,37613.82860063233,18851.502154940168,127.22578338988777,1126.1746485618492,120.52103648672728,17.92790445219112,4737.740189107478,9.82975512816138
14.0,37626.32068150619,18849.608182579646,111.67286191622895,1022.7105913116986,125.02017330143077,14.152692259351232,2959.2957713186324,7.487038424833329
15.0,26276.128462472243,30263.096222179433,273.80347022169957,1382.6815365419254,132.8584770728138,17.832585978774,3781.3376172002513,32.238586782808206
15.0,27373.17112858696,30649.811714585107,173.4352734152346,1331.6069748186344,132.69665106436955,20.202729000107308,4581.674134946412,15.931245997459335
15.0,37626.37056445081,18830.63254346543,136.61300545585473,1014.6204755417107,121.56301429638104,16.990447928904807,4726.7237228342465,11.66036360522227
16.0,17518.900092882333,1483.0085423481532,138.24900806748707,922.8541952844239,162.21774059415725,17.35964965595807,3244.4942695900163,13.122719454985162
16.0,18590.58138978352,3641.3816394312803,122.56629112694706,1154.8745289071376,162.8983138372039,18.93604523265623,3731.785008323982,9.38919022645874
16.0,25943.93208580881,30264.07049180538,178.8731082716484,1528.0924649714975,133.22769921236173,18.484811370693652,3914.1652319642158,13.862770824973257
16.0,37624.11143289408,18817.425902617662,132.8955016865291,1142.1793487254579,117.76879763585912,18.103109786600346,5071.0432688401215,10.519868903349218
17.0,18596.40247442878,3676.296325433209,248.07519603257523,17906.16555358919,179.48905640365075,81.18562189502096,26396.49203127673,9.18639320699875
17.0,37631.576932217955,18841.407953940336,104.30615142993678,992.1445913897024,125.1028607576976,16.6149231931734,4027.4796126470665,7.553584271214778
18.0,18604.110337416783,3651.3857140833375,210.94735674241312,12317.996083176171,208.4887925843905,53.25558233056883,16193.054011224021,6.647654834147589
18.0,37633.82718182711,18842.48840866151,136.49109759736692,1192.746721627685,118.22897656036011,15.117293713848673,3870.6849155636623,9.403773107633734
19.0,37669.13646878738,18847.0366532388,124.18035975876664,1159.0134622814467,123.82886174223819,14.98642475422534,3353.3465477751083,8.243377376427876
20.0,37622.78517587399,18837.896420489233,108.24249307097178,861.2102590988828,122.62352509125937,15.973866420332804,3574.8987617419602,8.752474759241332
21.0,37619.4134351144,18821.769570377965,137.56932612415147,1260.755020113786,118.6600139889149,15.288324365162792,3482.0769616790603,9.167993798278305
22.0,37620.9351617992,18831.86190165508,146.37617661286265,1255.4895469245607,114.7433520442306,15.717054946475592,3645.44240478619,10.36013135971859
22.0,40223.22193240984,27852.761871090155,106.23722892381956,1180.9063194684793,122.94156807395095,19.12022391327059,5250.111378824541,7.355025789006441
23.0,37626.47667814574,18857.927647816032,127.31060872778643,1259.1503601792692,116.50271832400276,14.204583345250363,3329.192723559184,7.788020039446284
23.0,40217.44350644119,27826.704294376013,123.56647711822035,5275.147457201097,146.32201601591606,34.19071907008709,11020.456925093466,3.990566031934137
24.0,37637.64770868794,18831.693038750243,118.7489528287653,997.5300733001906,127.30675159475257,14.674906408655021,3178.813536647331,8.553751111249925
24.0,40211.358137211355,27825.515180156373,117.93682799884911,3827.086578801197,139.8639575475087,27.646838280254762,6924.209341475547,4.225648567720971
25.0,15548.561597404248,22949.111084232238,189.25112678602335,852.881908333314,142.8970973637605,18.3473330263822,4030.0983035659447,26.011830910927603
25.0,17403.51746261235,20567.396813515283,340.57425069742067,2679.5324137271464,137.95721172753147,17.425284678999347,3518.3706370626765,25.55375617974416
25.0,37644.47447299886,18845.241084032557,113.26460570820599,976.5370045722266,121.99432598525965,16.54111790846349,3934.88428183411,8.681878156257385
26.0,37625.47877344595,18833.522173139187,121.9738335285323,1192.8059213318772,118.07605610930058,16.631201043315077,4151.567785923794,8.336050612050332
27.0,37615.83571569704,18840.98501125947,122.66398523880065,1150.5760032137982,120.07028057572305,18.05147845801972,4824.5956494054,9.131569636598316
28.0,37664.271749870866,18850.653973657514,146.0474574186384,1302.346328917614,123.96644027609825,18.126988620543816,4408.393508372737,11.045228694723892
29.0,37626.17975036002,18828.456200285622,150.7625452704893,1297.120146797311,117.08229776670166,14.35177550813704,3341.0796650014154,9.977169995875089
30.0,37630.90141630324,18830.247051170507,151.36525227006112,1255.9762084823958,119.43460831575554,17.017104387750994,4102.616065717668,11.574099991860571
31.0,37640.34277475549,18818.379764325946,129.42134287327556,1133.9907707984048,117.6504534404788,16.999356681775105,4585.4744415278265,9.699345564646078
32.0,37610.78511714439,18835.719540264665,122.87976955137273,1019.7523051566716,121.59179831237286,16.320693667239073,4035.7646277931813,9.472957805320226
33.0,23326.80634749161,29617.76202157607,135.17365492279868,1619.8168005295013,163.63007463773047,22.25959316222849,5325.300022918157,9.302649032788095
33.0,37626.99039609211,18850.140206652137,126.30469594422173,1178.131145419779,116.22374109332026,16.768624027117998,4099.621506328974,8.951216751596009
34.0,22460.57670291741,28579.60865686737,149.52125655139,1303.4420843989492,137.6448642076123,20.555244911626282,4926.861922448549,12.629014113166027
34.0,22669.655404746594,32879.69768993604,125.49063979263231,817.1148114615452,147.45732444172808,22.218455647649275,6244.39671673648,14.946875254518721
34.0,37646.56641282649,18833.487683559437,124.30703421113913,1095.2673357446988,116.33911653328879,14.50930538920503,3356.0539344785775,8.473266751014572
35.0,22932.78953793275,29566.938861614657,142.68044037634496,3595.7076892504115,179.26081642659693,42.718271997370856,15197.033835419383,8.370238118799099
35.0,23487.738597740426,29569.46093858483,288.0069809315201,3882.6792912015712,139.69699529828546,48.933536324742875,17243.47458343315,33.611233761384604
35.0,37618.10540611978,18825.706910778015,129.1794269854547,1014.7512288729155,117.8701883689137,16.587859976907882,4287.1351519115715,10.437426109895004
36.0,1856.454190665711,2407.86025223625,164.82802730983045,852.5860496187946,136.64437417096173,15.651242841127429,3011.1526520936286,17.70546974419716
36.0,23750.61252657176,28784.16307390053,124.48200713107404,506.8801094629738,132.21425887710825,19.61524930385576,4888.212967808391,20.56151474749168
36.0,27070.847586748067,31858.991992704665,184.30874399738704,1111.3248897237827,152.13778058402653,28.559324263109378,9124.493362467949,28.646727073871556
36.0,37639.623686625695,18846.619253014687,121.47901297232208,939.1441880681197,122.08731227084729,12.860283480760652,2566.45513518816,8.61779768851991
37.0,30126.086972433404,31582.744844826688,119.48085079696567,801.6935287340531,129.27513668562503,17.895094207796358,4262.336484925425,11.797791618396005
37.0,37636.623875897916,18833.932870690132,138.5969076863736,1138.1425314446528,113.8585126178901,15.806173566181414,4028.8186891543455,10.312864093768557
38.0,30380.804546126532,29608.296988324604,124.02211180601522,529.5131226396217,145.4857494163198,19.08224609966686,4449.778352224086,19.17108855611611
38.0,37639.10097935531,18813.056111671718,122.06711802689355,1108.2157317131243,118.63293442179811,16.41221944386967,3585.724847843805,8.786399636633222
39.0,22642.991715415767,18483.803262040543,110.56944013181021,568.1839581162412,144.96148939223139,17.022741840688674,3607.744774483701,13.420677377274572
39.0,25755.674649233413,27103.764459532813,178.11386209247675,2562.4919911081856,144.4747646604795,20.494473747281273,4449.257215561427,9.464860804955187
39.0,37634.862824359516,18840.838196763754,111.01789562049221,1039.6378382171886,120.1222565086161,18.090333731468768,4436.390993432846,8.453449206325839
40.0,31457.618109738578,25123.904187822292,142.8989992584425,1734.696830946949,137.0280311620836,20.761264072708986,5383.003692099269,9.172527327596182
40.0,32184.72015413869,25235.245078701966,133.24791885327713,649.5428710449637,138.76627439443376,18.86403592535953,4759.286208104161,17.951025529661237
40.0,37627.6809860431,18850.30379064967,112.22542854242535,1041.5590180658266,121.94255972536519,14.481788113384901,3235.0554199083967,7.529395476058984
41.0,37638.80770753532,18817.618488826964,119.83323125560125,1068.6677341271302,120.98808513114149,16.56415182054482,4062.900999573945,8.837201799564436
42.0,37633.873708056846,18816.652109956776,115.12603156948339,1045.9272544448258,127.05310287713729,14.869796401401972,3314.2488796137827,7.915554365228651
43.0,37639.48397529405,18841.343242820145,119.82810042251381,1092.3592436027639,120.7201300510597,18.758515818477147,5668.96682542385,9.416004083056533
44.0,34580.276448594625,468.5947332814698,145.28612605602908,2386.3234560093288,157.7801959693603,30.123662068726084,9078.115520169667,9.442274083474773
44.0,37626.048430515715,18819.711746819652,132.08468071462238,1261.7787701174543,120.03501549267267,16.862317234775702,4429.352582357627,9.130404232694858
45.0,9335.167810966577,32605.532450678344,128.02378476500024,4526.0425563692,160.5207387371034,26.024760341567454,6396.92183138274,4.066658651377885
45.0,37635.708095733644,18829.10137654325,123.55545314896209,1237.5255898039914,119.68379393810804,16.20088304550178,3558.1773987725073,8.12900257119611
46.0,9338.93874531136,32610.32037133586,156.673328954919,8013.358689043823,175.29203908197138,44.298542454858094,11665.128925236531,4.969361641843352
46.0,15018.636255702171,34827.11587437355,231.69153785113693,1048.0792725037138,132.09510091557274,19.736440087491882,4889.41296141945,33.47105022167561
46.0,16713.722371292086,34910.36341052448,174.12736262073813,1190.2596862020714,148.84076325610764,28.624459980267336,8626.563431345488,24.109962251042624
46.0,37634.0884038132,18832.65799927373,113.41765434476149,1176.244819364127,121.291205436402,17.546224259284333,4701.833616397942,7.763267143613581
47.0,9340.614056275244,32614.716618223585,161.46836316951342,8051.244622205723,167.964016575419,47.12652354803946,15875.589287087698,5.4672488431006485
47.0,12638.890352253322,31775.191743360567,120.37532662073016,1185.3565855890206,147.75827410630288,24.407579092593025,7260.3013607798775,10.711057954937926
47.0,14461.870366435043,32579.460533796773,157.7232445637753,650.4506276306502,137.6011188587627,16.889455542993797,3800.683592243675,22.237850069229033
47.0,22802.330896362706,37310.76351443389,159.65521131002288,679.0377171663782,122.13055251905949,14.69785381611119,3111.514922249443,19.514073256474834
47.0,34870.33290216626,11845.436908483358,159.336697265359,607.6817522875142,131.18968170324501,13.991405859167505,2883.159292484232,20.656997697382362
47.0,37636.255788645365,18832.241380875308,135.24633956908508,1307.8998191191124,114.46384021014056,14.988625495979791,3871.2059650032775,8.559538002738746
48.0,7334.801925161462,30468.255115481454,154.66913743291892,993.115048631103,133.8411337702743,17.389787847463996,3990.157457065557,14.99131722100865
48.0,9371.402431497343,32616.42896725973,136.521035379233,1411.4386570119616,142.49726223046943,19.441678586540895,4553.483296766256,9.66563957250146
48.0,37633.77013796667,18830.563925626924,115.33409575773014,1171.2783376714078,124.06833125499521,16.961730340657905,3949.900195451362,7.835892658005922
49.0,37628.64997144196,18832.866596519543,127.10188716037257,1198.5638381645833,119.77877484902912,15.162994646306995,3250.5176954654185,8.38087124248353
50.0,37642.327412395236,18829.021723013797,116.42737662851259,1083.085480785487,124.78393591137662,14.084070991903157,3033.579462263776,7.606879068622183
51.0,37615.53236662926,18847.943442562573,137.19502513420986,1149.2422255295905,121.26083130715533,14.329433378723582,2860.444252166279,9.452289127392074
52.0,37630.661253930215,18841.28303526537,110.51603643985413,1035.9081991564392,127.19531547236748,14.760687333702643,3260.0002224147,7.464919881676949
53.0,12846.271118880148,37177.422878825244,224.94915898069422,1150.532027324003,130.2489696470276,15.983605533210444,3353.076865182385,24.105622002531717
53.0,16422.079181899124,37518.40633759963,177.255541838302,880.1400109204823,128.2033562445075,18.342341675566804,4573.349493195302,22.36128566673472
53.0,37641.31887375805,18830.781632173417,135.19029335180804,1341.0022091606304,120.52243591396557,16.45411054983111,4232.811022496753,8.878222008404395
54.0,14283.146285917268,33813.22697618781,225.25801732914374,1262.5079869255133,128.5130662012814,15.849709483661734,3562.874700219397,22.03304291821485
54.0,37627.74963492442,18826.742111226842,115.91694888648088,1105.9855758818132,129.27588268300516,16.296335296299226,3742.6887321090326,8.072895344084024
55.0,11995.602671724218,38369.23923845675,125.72219088124412,817.5239461782243,129.9601603479547,15.028496720344405,3472.351108005339,11.188223713880305
55.0,37624.58009311668,18821.61248728724,127.37247365291513,1215.9566198350522,120.87869816327655,17.479969294797023,4186.563436495671,9.082505576014233
56.0,4676.83171804636,16735.90276410587,157.56729693501035,2358.9017504695303,159.2484153183148,30.867770212662094,8607.938590668302,11.263808402281075
56.0,8657.085529856131,36233.469260924605,103.55844124663062,422.48998970963,129.60881266584073,19.06828789128732,5564.004230944466,16.989953859181124
56.0,9896.306301162158,37917.98708698254,123.36536751903694,933.6853806828185,131.2583021027854,14.872443702903851,3200.2426387464698,9.658107120077913
56.0,37631.34581670813,18835.634357629693,124.03243985301327,1232.150302366603,122.90478189497074,15.67165446474418,3722.426473995674,8.046281668963868
57.0,11741.046592435972,11700.303407979389,218.26780096031666,1280.645016995502,149.74157702840728,17.92992750190281,3473.1679113710657,22.76692864741818
57.0,37626.26680037609,18819.742278280795,124.64562180485981,1231.2528107990818,121.94408866435563,16.521366247626993,4236.345950570627,8.375841251494203
58.0,29995.641483236708,10674.94306884707,173.3028965569873,842.9452191728794,133.52361409851662,12.684235539626888,2111.45603841622,16.637509657661266
58.0,37631.11137327422,18834.788656917626,116.84440616143372,1122.2629901628038,123.0502899466725,14.775229870322416,3287.5002702223974,7.637168148333398
59.0,37617.62638220105,18789.411664709987,132.52404087571776,1318.3650340592858,118.65705689007537,17.27147656282843,4475.819538996629,8.992687572686494
60.0,6525.954204460241,31411.613497236875,259.82890022882793,1224.9586808121712,125.27896653070671,19.579742069585787,4748.186969403885,35.63098288726667
60.0,37631.40458559786,18830.385064899234,127.52421971730355,1120.5767641104933,120.80581597753253,14.7076649552317,3494.1993660694093,8.729092693820945
61.0,7161.357207749769,31581.64409960537,243.50242176609055,1835.8829789073538,135.45560237863432,25.1105861370267,6839.051433295343,26.825323338245095
61.0,8063.288431232831,30486.308947925038,193.56344287720066,2231.02287798964,147.47997671105935,27.069579985485703,7102.571765343091,15.491147145880738
61.0,37617.76199327181,18818.506850702186,123.57179078092643,1070.3627354108867,119.96834429256415,17.531281032784072,4407.297408638383,9.627356917019126
62.0,6854.85750837836,29643.99341262299,132.45816967952223,652.9197005230378,134.64127581334955,12.91466085559899,2480.7400662277937,13.292911963381476
62.0,37623.59191132727,18834.302257748677,127.9544132207882,1253.2383553812713,118.58090839199251,15.636097240695415,4058.619838603075,8.324105947438545
63.0,13213.856876611444,30568.808024526403,187.33805737722324,1664.2894594187342,137.6750527831584,23.79834121958874,6325.953805685301,17.140957064685278
63.0,17303.89945451259,27109.00107793205,371.1447755331475,5178.807925953439,106.74348483625668,20.951925990975486,4842.659181458463,19.035598692983918
63.0,37623.61953538966,18816.744294594744,125.40395957886966,1201.8221256890927,118.66489714791858,14.7771775869012,3076.3191974896004,8.06805645886023
64.0,17144.731577153292,27050.039651345556,162.5791804711772,8469.243315178537,172.51984167502303,39.84545491659146,10803.477925769012,4.675913152398031
64.0,37623.22583680241,18801.617294408872,136.06158211468082,1116.2093034007366,120.69462883226846,16.958352215402392,4331.768168125542,10.66310602276681
65.0,5353.806407077019,35002.9820575939,313.81055530350045,2553.241856885874,125.40106572565985,28.27671390331807,7664.958696938202,35.502577038911106
65.0,17142.867239928986,27046.33189176717,123.30928417800767,3481.7722566939638,176.2538997283932,36.81460258945491,11783.69689434148,5.919070942597462
65.0,37612.54351196049,18809.20998621287,112.007109195212,969.1582966951021,123.0845348166029,16.084764276140838,3829.700317876795,8.435788824383737
66.0,37628.02520778712,18817.075219804934,120.34642621269624,1253.3414180236507,122.88410806281739,15.032989438084085,3244.3061057324085,7.40222756660884
67.0,37632.55402363563,18812.43783338895,118.07457874658691,1132.6942239414275,125.54373220271421,14.706652659197097,3213.8697581653923,7.684454760604416
68.0,37617.64259874015,18819.15831690508,110.2264702993553,1054.9771027282095,123.92111598178597,16.26935441476275,4022.184161951813,7.741568054713769
69.0,15683.533441417509,39953.963929029276,122.09950906443709,480.30845147114366,141.64309905091642,22.742612442877544,6302.169070540468,23.703327087396968
69.0,37627.34875328562,18828.412125358096,114.5116131004978,1257.6889081889012,119.39162879632032,15.33604101969988,3223.042298979352,6.924193626160912
70.0,37620.2827747543,18808.465291148455,129.295651128893,1152.6791369837406,120.57004865873903,15.378296211651307,3339.863699566828,8.960215441961841
71.0,37593.741685783854,18836.543728246026,115.73744595729885,1112.3588682772483,122.59333383493365,18.899696288289327,4600.211787891146,8.80185783186781
72.0,37620.16984128353,18809.07362261913,128.03164761284845,1078.691750319884,124.45235726228948,18.76619597496445,4992.903978770047,10.639279289159344
73.0,37617.558168397016,18815.15994695338,127.75645570906794,1255.9713732035464,120.3336379732259,14.215578945622394,3069.569935764238,7.848252019369754
74.0,37618.58426685944,18830.195627649173,126.09886639686438,1299.5823553619368,117.48596311617464,17.279763723356194,4578.837502189253,8.398232593726375
75.0,37618.39585749555,18811.407972617886,126.17029708392863,1172.9789539279868,121.3038786815412,15.793930580634601,3749.229265029428,8.637902705283452
76.0,37620.898056009915,18827.23540368673,133.6030719121557,1441.4180755203486,115.4459518389445,15.472443457159498,4071.6236504551707,7.919904670040977
77.0,37637.27212605919,18824.878203210814,137.4501177703242,1386.8522060912917,115.15915695720126,17.244733902392163,4563.24257835956,9.144789983191385
78.0,37629.0200213314,18804.62827520117,127.29229369403235,1265.1741384516736,123.3107357552273,18.43225132608133,5147.819130051313,9.092833831857403
79.0,37638.06382256579,18817.32540345797,128.77384153351008,1289.8016910104056,119.29134795587673,14.763049201349302,3189.9618947968406,7.947436963050072
80.0,37615.376140974164,18810.489828255544,120.09670696885688,1229.8333082826482,121.01041870370136,14.266221079861742,3339.453830904808,7.279935698370561
81.0,8593.18442962792,27663.446880851523,147.43820786226948,3208.951934684382,156.12153449892884,32.21034503882068,8431.457606307888,7.844512122453369
81.0,37603.8226431876,18821.961188985275,121.49612615577587,1165.0254510588452,122.9214224725475,14.32917123293863,3198.566769320603,7.740693760191158
82.0,37603.97964124444,18811.172492703634,136.37677248691443,1330.217139068338,122.7180897686015,17.63272969169811,4339.866567522669,9.48524710232669
83.0,37621.71558277359,18814.59929893708,131.50209143410126,1295.251371485016,120.51403063658398,14.688166665362143,3244.1517564327205,8.158325537144231
84.0,37610.38933199544,18815.2396684932,119.88819414920273,1159.53340197321,122.19563945927521,15.681758224068167,3686.8378467021325,8.010769029522365
85.0,37613.3833442898,18811.302013112676,128.67392505814342,1158.6519425579834,120.28132601859285,13.919977887930546,3233.8750138298233,8.350627709453885
86.0,37616.77323390979,18804.942159174378,126.19690143944636,1114.6595837571876,124.62800136775765,16.395528771145738,3708.0254351453987,9.220437571428606
87.0,26445.081068578973,31058.69380749764,148.00116061762475,708.7722513523292,134.13819303125777,16.478817223591573,3719.2759720782715,17.961580240562615
87.0,37628.53211017221,18815.771934746535,118.76172917097205,1078.457203607801,121.18090518695423,17.140299441756554,4177.812801667535,8.835464691363589
88.0,37618.95895586701,18797.55766903464,124.7836855259794,1105.6029374640043,121.98663511006525,17.48920473429399,4424.141645392969,9.507205948525156
89.0,37606.417234585235,18812.893589847343,122.36227067072,1189.2244975933274,121.28073666482506,15.78990816799365,3939.8980132395454,8.13882743234815
90.0,37626.71860518149,18794.928951552316,137.41878625482912,1258.1429054088815,120.98327877671521,17.985818477770362,4370.471082531867,10.204993981233688
91.0,37616.397132021695,18804.828158997654,136.96430335017092,1356.845493623293,120.50386169894675,17.988477486194206,3908.9823156921216,9.523325325009425
92.0,28851.80471518834,24981.982972312184,130.93582481947655,1528.1072579396189,133.8337894575393,17.461720355518306,4276.740444226427,7.872207218411435
92.0,37609.40166907838,18806.53983906761,124.03053098300518,1223.9627728959283,120.59991109178259,15.764621537899844,3645.4121797650223,8.117134293350018
93.0,37604.42022216878,18811.93802392786,105.06084967779921,1031.1979084487334,122.45270019508496,14.978731858271088,3287.9736253607985,7.000404740169242
94.0,16447.12353887476,36222.277030659614,93.3792612187592,443.8350590133075,140.78790677172933,26.92255223121915,8952.46777311796,17.94887069047835
94.0,16820.137890476435,36775.8707048909,157.218543827096,888.9825942831674,144.8443836229733,23.093161026941132,6087.846095806302,21.62969813994728
94.0,37613.96805676527,18803.44968435242,120.53909984943557,1176.874936743831,121.39800835561148,13.839575502231812,3265.3476244908898,7.450173301693468
95.0,21968.533453007534,17980.16326188144,155.27726668784064,638.6164961401621,146.68816336935274,17.209425338512794,3753.7872253216865,22.327115067115855
95.0,37609.05209810149,18803.01082627055,121.57253969469218,1085.2001244718524,123.05021983798724,14.354195704782594,2794.6700161202157,8.1960523205914
96.0,37599.020291445144,18808.71185569342,134.80464343848033,1308.0556483536668,122.3203106186276,16.320173035164803,3851.891308823552,8.97221494417529
97.0,21279.463533396713,15706.597160861897,164.96981087982493,717.4622492304525,143.4945052953982,17.88164858042237,4200.001202434123,23.155661174540025
97.0,22128.978640523143,16129.081087789436,147.63526738080765,619.4268657372309,150.84260382417824,13.299652002742048,2147.777954542784,17.073386881577132
97.0,37602.78006500101,18807.362091060106,135.6171238229525,1365.1634263488934,118.81438140765096,13.425259454794592,2647.7133961930244,7.810901348142933
98.0,37498.66430665243,35159.66263022103,360.5789113451802,2811.0873578178876,90.57193455810986,18.633726371732827,4824.31816168321,28.838562341892896
98.0,37607.52423404142,18809.81027441081,115.30923648404831,1119.786986563673,123.12044727824147,13.842322064673295,2843.762431060888,7.2446966541685285
99.0,37597.48107069197,18803.249992763933,126.95215689927528,1234.1813617302168,123.4437863217429,18.933378218706345,5385.480054218771,9.41257512314382
100.0,21639.22032942041,17490.28650929304,114.64223300435748,985.7469389143037,164.30268351901782,21.986304591023753,5016.739602135835,10.687865864355325
100.0,22481.49104943761,17924.146871837518,160.62070054855414,703.967674979584,153.29302788481607,15.81010148756345,3303.0312476645727,20.24930345353918
100.0,37602.62167757221,18794.895539920453,123.74175050331891,1298.4370253962388,121.891026940711,17.909110789004092,4710.279189694173,8.339664528120887
101.0,22757.329933225003,13053.820507577671,136.3596263697357,5973.439078200588,184.1680772575104,42.41715109433033,13804.504631726624,4.889703551768094
101.0,37044.65720556535,27939.06507798673,141.05269208993622,1255.6221401748235,129.3054340446997,18.4654029524966,4641.301291102624,10.884703634582861
101.0,37603.213187286005,18812.12251419585,131.28012031642845,1351.2631707786013,119.30048939102753,16.147660297693395,4000.5177734687177,8.320791028482692
102.0,37608.75516863919,18814.79263300479,122.61026174120377,1184.523743882849,121.72383444953833,14.591084218699038,3437.8619160955263,7.826393825656489
103.0,29816.82830152714,19400.97202455837,129.95034501797664,903.5003736104703,142.5259807158303,18.967280527753452,3958.220458908483,12.831810219954237
103.0,37636.86707249924,18790.231798110763,151.41405483411538,1362.2541939651167,127.52051415948277,22.66768381851236,6226.787299190698,13.4121475909513
104.0,15477.527669573532,28463.355984861453,119.24276641692514,934.2673549811109,150.25967704656807,20.635996248475216,5534.681626942533,11.434653042461303
104.0,37606.373952966576,18803.05618740476,133.86405216898603,1274.6742640248556,120.33776478244937,16.232948063369943,3861.3908101031643,9.030030802079759
105.0,29834.16719194528,30292.791584156723,123.25143574615574,685.6329138770974,118.93693583490149,14.723021336544447,3510.448133775573,12.37617934321723
105.0,31419.83691105909,25267.82366698486,138.90081836865383,535.0713430688335,126.56975760978689,15.194970625111399,3519.6485930053987,19.351532547890358
105.0,31735.70035288549,27562.57797938816,168.94104475964937,926.5884124244126,122.0346803734422,12.918150660255856,2337.2843741921583,14.875530543691317
105.0,37592.757394337255,18820.05634551836,126.69650986806899,1242.284142386113,119.5834646713031,14.6414736802065,3413.0574833942264,7.944855188163149
106.0,27508.010748392047,35929.77506826565,131.31604097682376,2232.532684993729,129.13434227317478,17.718375257532575,4181.385702861644,5.917012329662678
106.0,37609.35051684597,18804.7260226388,135.75765470796543,1374.0123221363122,120.74930960015833,13.931317541979045,2994.092986864124,7.941923036042415
107.0,11577.235321465036,30355.78875276832,143.55524011028686,518.038580966942,137.95432100605086,15.170444285231897,3209.913149854923,21.111613372708206
107.0,37610.614828882426,18815.595392395968,113.56917165118344,1152.2245080235134,127.1200840326979,15.690409231692948,3491.846149027184,7.4083791982335345
108.0,37582.879786990634,18807.260984521203,122.48387531314458,1149.673477395918,122.25196281981123,15.32560014559115,3304.280285676684,8.22744931952237
109.0,17762.2789977409,36349.09522053282,131.10147412687294,1341.0073053559477,128.43391398181865,20.001382558451475,5103.285525269655,9.619669379682176
109.0,37606.711351823986,18805.40497573711,126.04423386646711,1341.9454248294273,119.5926325278734,17.56804915374206,5228.79191242824,8.261495561901556
110.0,37594.085454932836,18799.027035840034,109.77054719802798,1052.0662067057801,124.61776031522062,15.744147294005838,4166.573832957396,7.565326764799681
111.0,37595.31979592248,18797.843140454093,116.1674184214505,1174.416330807821,121.96219379901277,15.181457648472115,3789.6040983438816,7.418091891476303
112.0,37611.06942080887,18817.4992873418,127.11422135570612,1336.6658649117096,116.45075335746499,17.17201532271954,4632.2050123027775,8.281891631161065
113.0,24484.427585670608,1499.7478956038824,275.695585272594,4436.570972726242,149.37051781865125,61.6446715775253,24850.977323992982,33.81655295789136
113.0,37586.39115133861,18798.87065245202,128.09086510369113,1303.0318625921966,123.35752438496819,12.914294478792863,2574.2412091131087,7.2861198867584935
114.0,37615.09355354468,18810.96550672067,123.43001803556304,1173.9477503905644,121.78471528627175,16.822298109423716,4092.3938625995506,8.667781620622153
115.0,37597.745911544494,18807.512892718918,108.46561248494308,1077.4306978714183,127.54769306213043,16.945887949981035,4268.775512956635,7.604731009969371
116.0,2978.774292789088,2211.4819210040596,191.23496091826777,803.2142239545154,139.4138537330393,13.304957358101799,2435.266177521651,21.412714417443595
116.0,37604.41423167366,18790.764517431147,129.78489132797895,1288.4057914916832,124.14980291832832,15.740386062638416,3683.734247033998,8.359484353515848
117.0,37612.781928911114,18823.45546223986,134.60744846461944,1277.3564630507055,121.5584522231083,13.838469200374025,2598.544511050898,8.265936968117057
118.0,37598.8757893157,18783.036089673613,121.74838691796765,1210.7761928868376,122.95472601939554,14.425634610856243,2911.9127548397364,7.565064793296747
119.0,37598.757108897655,18805.686131083887,106.28972168097809,1133.1984409299894,125.33437093363324,15.284805872576289,3516.063006094894,6.699452655302193
120.0,1541.9176403032031,33144.92718626647,261.54498912323044,1631.675102461968,119.28694603930548,15.000801478949954,3032.6150137581685,21.87052120031893
120.0,36212.46022546489,26773.364288457145,108.24011346811757,780.4834821215472,126.90553889712682,17.5870444611474,4418.315297422549,10.099966276044686
120.0,37589.36482180535,18797.150745531966,118.72753975236873,1064.7102896024276,122.07856292711989,17.783244791340955,4113.998728702228,9.141399616264192
121.0,14522.434416344871,13026.98385960783,148.40096922547357,1047.5135238492553,146.71244290430093,14.955844722784967,2815.7975948492467,11.930877626926332
121.0,37612.87805209773,18815.08239274662,138.07661743300753,1370.421825837615,116.13297947078496,16.990375647125155,4092.5713435691764,9.214300776932786
122.0,37603.45453106805,18802.06726852184,117.94632056284168,1178.1742997776819,120.32604748188534,16.508339739120668,3884.2380299289707,7.948289053100662
123.0,37595.67356209392,18800.677152814493,123.26457844768885,1335.7063154895695,118.00427052351144,12.866240591481763,2471.8461638075564,6.754489118504409
124.0,11390.553992128733,38592.35504582373,217.7729234677937,1241.3610583379284,136.95875062359224,20.693457258844614,5390.300187152487,26.447073552108016
124.0,37613.11979847541,18803.71592064296,114.49899763812974,1116.315694397462,124.8936099942027,17.209863836070106,4122.296036010786,8.123131580287621
125.0,8777.291834233378,39302.79605606987,170.17306408198039,1404.526390762316,126.51522004924743,28.921703523059506,8563.03894351283,19.90584055988743
125.0,37599.24713382456,18795.82757583444,113.09115723911866,1145.555060104213,123.16237844157465,17.445981901140037,4118.520381477022,7.866613224782472
126.0,37604.23988564569,18788.872370859073,124.37752089606964,1340.5746838021573,118.4767855801217,16.54454357059792,3893.0698593677007,7.803004332931106
127.0,37606.037170257114,18798.871975333866,121.35744313397227,1296.6689818652355,121.43573367388687,14.954007492151867,3449.416965385827,7.281491299797031
128.0,15948.495309909678,27161.531640034278,196.24236915012344,947.9201058625798,145.64694407790097,19.140205641191184,4319.856353513194,26.164931205679512
128.0,37592.14342017335,18807.33707289715,116.63407885651522,1197.667900847775,119.21113854040483,15.11640063740244,3363.2209470122416,7.33366961796433
129.0,37629.780142155076,18815.998057900375,128.61104266716018,1250.6759621078177,123.4140139646017,15.117953976541585,3244.3562547694105,8.238807936935876
130.0,13986.72425034718,39643.68070947245,126.44250932889427,472.43928595676385,132.010740661961,14.76110412661435,3109.5328055864006,17.894267869847063
130.0,37625.08358143831,18782.522408621066,124.14302411240703,1052.9987752444247,120.09610041518872,15.482174168061347,3716.581338588783,9.07282439435893
131.0,37593.10930584191,18783.702452404377,112.1402351672161,1105.0004338233139,123.29735222384802,18.325939362694214,5103.297927684766,8.240682376479617
132.0,37603.7383342539,18820.752376135184,141.424823421314,1207.4082855838274,119.86109170703139,17.510435515723366,4365.629982132472,10.886647478125328
133.0,37583.69923311171,18797.292747749092,142.2086449043664,1224.188236909086,115.65895148376478,17.691657220737653,4537.652651051733,10.939679996928392
134.0,37612.552695798695,18793.344079906543,119.11776815586515,1104.4243635688501,120.92874951829029,17.414218217268584,4277.283781775582,8.795641969708972
135.0,25391.034312507607,16420.693948581717,157.756001802356,1121.2407892272342,146.90528171686177,16.478629080190508,3290.060630401725,13.388996230753206
135.0,29608.296716997756,20097.6528382711,95.00032452962357,380.5039293339833,132.7847429562433,14.505621391835295,3277.309756777064,13.063442391507182
135.0,37604.010522309945,18798.30949637699,124.857888249522,1059.6451983508018,119.46195348931856,19.333321643928176,5234.154580957689,10.575400346851946
136.0,37590.363336068614,18800.577001710393,123.96892282172153,1106.6755988512916,120.7295773483004,16.384759711616386,4089.670537225673,9.00807250223853
137.0,37615.54795689368,18791.161998941065,113.08264829460498,1133.0038222167516,118.9653538600025,17.702986953359133,4245.857933477358,8.007531559868394
138.0,26445.41997062135,39898.115214566904,228.5800744070126,1209.2694555551923,118.9332504789046,20.36949332942479,5557.196521813216,29.29498656839557
138.0,37623.87952116798,18808.285303922406,121.69334893601845,1065.3558990128508,119.72528898713206,18.687981219505474,4608.3755610201915,9.842133600571168
139.0,37607.931552897404,18786.67636942065,106.44717634851563,936.5194025114113,127.86822325711678,13.327974561125487,2470.986828328027,7.231780031203496
140.0,37604.915641490246,18795.723362214845,130.43124313574805,1200.71927126427,122.0608234770632,14.777750296652806,3357.6125074197494,8.583315446457174
141.0,37595.92348487344,18801.801415704926,123.8258090935607,1091.2755757087384,120.03587860826048,16.856164498882872,4021.9471086658136,9.262470953428586
142.0,37603.60875922486,18799.22589269445,127.5683170301117,1161.6134794389739,117.02554118004171,17.071842469283226,4672.660455842783,9.31122748723019
143.0,37592.650054468235,18794.277548805563,130.98572034323868,1291.5379132902117,117.13301138917465,18.51371232507771,5422.38163556868,9.398568789082168
144.0,37601.0433636285,18798.14114220046,111.28328848152091,1140.9176728150253,122.40122900866983,19.693888758816584,5246.0482701838855,8.305596011070511
145.0,11641.658503160192,20588.279136849575,166.4609892263569,1143.265844742658,151.02357393251904,18.97833386741954,4323.376528441156,16.144793545673576
145.0,37599.15362218047,18790.468860572455,130.03862539590662,1071.7278712846828,122.8814577207473,18.436827446836322,5205.396399969911,10.846655544514249
146.0,37597.251836994204,18794.82643797994,113.84759624952851,1093.2569969686235,121.20704840573549,15.704337299631815,4179.9929915327875,7.752417153913412
147.0,37595.34967911585,18805.90365153839,123.3612024370605,1260.2831046742403,117.02518794789329,16.3364576580557,3565.3024819193824,8.031592819389967
148.0,37597.901425797616,18793.194975559836,122.45277671928243,1159.6881641574078,120.59725709825344,15.68617148429212,3752.3859515046806,8.280799367815133
149.0,37593.61001186154,18784.776303839968,121.84052205740431,1206.1887463700873,124.41214811826742,16.40132805282535,3991.968161052151,8.17737491234393
150.0,18820.784762396645,3850.3912243680124,210.23337710746236,1089.1753831531892,147.29391092100778,14.394164111895234,2462.781365467939,20.54927008534474
150.0,20801.26187604645,5316.996413472515,124.16311502589225,554.2456196428789,167.53484568673892,14.758164258056937,2472.322914104573,15.065034578527944
150.0,37603.13477567963,18802.395780059553,134.85130909905786,1468.7105152584083,117.6909542652087,16.1559300728059,3987.4999458139823,8.122612370142877
151.0,37604.90795825037,18807.357387812983,106.75254184001923,1010.7860752939325,126.32463823764192,17.82714707853244,3914.45992465484,8.049483762130734
152.0,30402.344981503662,16191.866361520191,272.84840463250146,2163.5138727270905,120.95430902152435,22.257938894021734,6495.669287620762,25.55279976071381
152.0,37598.66934325666,18813.78735354568,110.84811474953476,1042.9078308973747,123.16608701443083,12.411522827334435,2261.1287684627523,6.844075085763027
153.0,26423.51059715809,19378.260684766847,144.143357262453,585.4296523289393,150.0184873365425,18.205142284405955,4122.33844866944,22.126774516285316
153.0,37595.80496232849,18802.552189728336,112.99921790812495,1152.2231751649178,124.21401753672826,14.885676833489699,3138.6434957089127,7.144576119410693
154.0,23572.824241269373,19730.42711563866,174.92186366278204,726.0885719910467,146.56333197109416,17.85102161907725,3802.6743579902754,25.490045415711446
154.0,24874.395441001405,19105.58764325546,123.57534849841154,3753.031666127878,182.77634424803765,27.172709493246057,6948.3338493039555,4.566396326987707
154.0,37593.852430533,18802.220747336632,113.99978721239349,1128.484546831158,122.88898196721175,17.516780737694486,4490.88382294399,8.084250266958103
155.0,37605.3038539771,18800.8237232706,115.0682476528227,1161.5606273382418,119.56587972091353,13.592645201203963,2912.9454163495107,6.962651536765723
156.0,37602.06512816831,18794.320296583526,110.528728426877,1120.5394906067363,122.66914189923095,15.630968344244078,3419.2669633041273,7.249558743582276
157.0,37587.6467948942,18801.521689552344,124.02651177975635,1272.7635141328724,117.31743296269396,12.242259103902802,2361.5383918878238,6.898610129262799
158.0,37589.0246578455,18776.660880112275,126.85211825253677,1081.2870120657094,123.65652663210764,17.650184322862238,4204.356007768702,10.01502247846781
159.0,37610.28482866403,18802.090443950026,115.36753303491724,1084.602026499392,122.95260088958271,12.993572947767117,2555.3026025293957,7.194489109511023
160.0,37601.71550223776,18787.79781069761,118.34048501902078,1191.1323242443757,124.67519393852282,18.70657124257926,5224.772895844595,8.565770450930374
161.0,37584.84587992585,18803.53108610308,135.63238354702727,1317.9398188345674,121.49300384251653,15.28023862534505,3417.383804854314,8.64516991272492
162.0,37599.71633652688,18804.57745478928,138.3665608050082,1284.5011297885123,119.99500518002607,18.684971771641354,4770.326160205507,10.418995980483654
163.0,9799.680358650903,7557.746407529125,244.97078244894806,1317.529566841783,141.18045657976248,18.570465671389233,4174.947831188741,28.354074223220262
163.0,37609.66389009735,18795.360139098593,122.29815961127844,1250.1983840095263,117.70328168206166,13.906880895753712,3081.301797504095,7.289095607109561
164.0,10930.884197879901,22041.971760345627,114.16401033541861,566.3910326731769,163.84315629214572,25.42652512955787,7115.866158793675,19.75031810007066
164.0,11722.586846179162,22571.105521973837,208.83112471876552,1511.971782072511,144.74218388047194,21.126761189861575,4630.671816551291,20.693767793524074
164.0,35898.80645286737,30279.170856170353,181.14238350518468,774.4992812651102,132.35077896212272,14.42755979766016,2754.137868727568,21.42139595210588
164.0,37593.612623404726,18808.224141810977,120.55994721613732,1132.083996535941,119.96194499447212,10.913124804092805,1996.8168842249504,6.859670798419485
165.0,36393.17166131223,29860.258007364533,141.56098848352195,801.146618424042,127.25544511132308,18.12686649162345,4839.6617548407075,16.032410113716818
165.0,37585.6054404362,18784.487063840214,123.13384677014037,1277.762809501366,123.74282115380338,15.939406789852203,3673.0838291776095,7.806655181868947
165.0,38047.341178487506,30266.678890589326,122.39898687971558,463.91878397738316,116.2167645708367,13.117217022650015,3121.2677152919678,15.732520354523421
166.0,37603.23835128523,18801.64087471296,111.38668238800591,1084.282991252848,124.25024878745549,16.17666156662472,3605.2074152653126,7.673996875957907
167.0,37609.980260431235,18780.199211195515,139.62434014300968,1418.8445237106266,115.13921184012352,12.784828385513666,2480.056258775404,7.722803941092877
168.0,37589.756538626796,18790.93132672883,111.24345875191722,1068.6882389440475,124.48451773760458,15.160545029057127,3716.1003312242406,7.467900007792166
169.0,37574.97242248872,18798.46763762119,136.25722463759368,1311.6074355557525,119.10414612084166,14.288502179655318,3020.1238489157563,8.401444312289597
170.0,37587.83069058174,18787.308308456282,117.41319460202037,1261.5036510507653,116.84955889780453,14.317785400935124,3375.7023742928313,6.918412530719383
171.0,37600.687624724014,18794.111342437653,124.70146596273386,1363.815718395118,121.24249621719993,15.375647678460012,3647.9201758034983,7.409752700583458
172.0,4918.8380056126825,23643.965727725943,198.2107530517807,1004.8846335213509,136.24528906408636,16.823022909247406,3679.316630695933,22.590941296531742
172.0,5682.683451048527,966.1522229582197,210.2285086349209,962.6451743590776,138.92775003503215,15.859336427472906,3207.8180633462393,24.921032359271443
172.0,5874.641843688562,24622.897974329644,185.23431645227217,3261.257630723363,151.06935191211252,45.55240784604806,14228.181910404826,15.812305632489192
172.0,37596.461028864425,18789.23360704175,127.2030838127896,1137.4851864359534,120.24551111815319,16.35081437892936,3816.2813857026604,9.16963797374708
173.0,5044.775335157836,21538.78330060895,141.74568797429723,1229.26001245132,145.00239044159437,16.136115867304113,3341.8000058518173,10.176133568006703
173.0,7594.26171966408,20991.676889215603,271.30451880823415,2271.2302714808175,126.86754221010803,21.004506933326542,4829.606400855699,22.94339320434527
173.0,37603.719529019174,18800.107514722713,115.70351539063493,1000.4310471186295,121.84762457011745,14.218776425019097,3256.540662985015,8.05350372233354
174.0,5081.669575819734,21584.495009994793,179.67051675645214,8470.118622251479,169.6162073971322,68.0446476792301,22600.044529206247,8.644678747674963
174.0,37613.355729708244,18806.06090663224,112.97410639265593,1158.3151382705948,122.5311455663502,13.71375884759665,2830.3575919064465,6.823194255757421
175.0,37604.6666335073,18797.696411251283,134.32829873608728,1189.9704308102903,116.83239721652981,16.39084732926909,3442.1407983232452,9.66997291821596
176.0,4106.84342833317,11288.806333158642,194.5971595560031,906.4919137481172,140.93117965948562,18.719817673187215,4734.519188809945,26.34048936098785
176.0,9954.24342280304,22343.17091533451,378.45358962285206,5969.547190213608,134.8297670345979,31.61011845577761,7423.519050667273,24.90315387561321
176.0,10281.47576965449,22425.75696018302,134.74631562651925,2302.651838941613,193.51539249803366,39.77374928513366,12945.183478423975,10.698831282731524
176.0,37585.531358739754,18806.70518454,118.79753448926672,1156.8076448737231,122.83830533217822,16.356425134640038,3816.737592467629,8.112074595697893
177.0,1278.351220537869,9126.883571402022,373.449050490775,3745.982669994348,114.72653078466105,21.647784844193644,5593.146146264382,26.847273538003673
177.0,10297.989495388061,22413.659720943313,132.81020412111667,3673.838384416653,182.58114065352663,27.634959207726887,6134.751647173821,5.260810962428877
177.0,37592.47522507062,18784.839767682446,131.30545176534844,1248.60017787714,120.98400412847268,14.87084164928057,2850.7746763249543,8.439315729204388
178.0,10301.063310039503,22411.422888305107,137.821142180748,3653.3286094082146,174.30587886245874,28.09215926929597,5937.531310786811,5.673034425416467
178.0,37603.71628981843,18791.76126388121,125.93760995898673,1061.6665395166876,122.43493238304733,17.535799206236582,4698.172432904217,10.00436227789136
179.0,10292.33385114052,22416.093277279477,139.42217659805945,3689.7804192595177,174.8136679860595,22.390690011887866,3743.8502343046853,4.994005576695792
179.0,37576.930087789384,18794.02598268888,124.00164015608821,1128.1883280442257,119.88479361002607,14.80171917326784,3312.5302987325995,8.341767026023103
180.0,10288.889692168223,22407.916966887627,140.0224294758886,3903.0382391710837,173.71242521601067,24.77096863664479,5925.266838496204,5.096979987736038
180.0,37595.65428329505,18788.59123856793,123.93192575700759,1159.688625273405,127.34476053188567,14.756865896078518,3251.864065399073,8.141178681570748
181.0,10289.090376482354,22417.607523812178,139.64246592758658,3726.0430535730493,175.22241745979215,26.015675753253984,4800.285940449733,5.427780020602687
181.0,16804.493652176825,11411.755826097764,331.31840324000785,2300.8092586575212,153.75649104348057,31.861401650872057,9249.252443594927,48.92364469838656
181.0,18196.55399465924,11691.817841400873,146.73717242659163,713.4564627922852,165.95576201407084,18.31972794131401,3776.1858354228693,19.162385010179904
181.0,18335.25345946361,12846.286155911268,202.10248539435008,1100.3551505775906,158.31898053703742,21.31340949949057,4694.8910189104045,26.427554968764955
181.0,37592.369512914476,18797.89368713323,121.07825689985222,1125.893225734732,120.56549969961668,14.925653271190553,3090.9983987271144,8.090751410865801
182.0,10300.338794632795,22412.590842488393,139.93985486999588,3689.180044549802,174.63784139843995,33.01938052822083,9146.790655872846,6.459801524287293
182.0,37584.994269195544,18787.083114224548,113.94460486903442,1122.4951406914759,121.0561044144221,18.350500710081338,4677.671604036795,8.354427020965266
183.0,10293.232149515969,22415.102037406614,135.45149169784338,2075.529392961592,152.39813104909754,15.70352866073486,2812.832658477511,6.15232062648244
183.0,37590.98832443819,18790.612119673013,135.66728166034756,1163.4869661953671,120.09190217097459,17.10326554935124,4658.420018162851,10.306514766765192
184.0,10296.453707867915,22412.20717993056,130.60772177649667,3393.277353290674,173.74000097097397,25.90334515748882,5727.808185966119,5.247152742433588
184.0,37595.061387189446,18785.549172466734,126.33583119665192,1194.2386855994896,116.68787144721583,15.724378736217535,3880.4609235360863,8.508755340525328
185.0,10299.122299753095,22408.534999437255,133.43594495145322,3439.029559526389,180.60100467763274,27.8804633658386,8020.990597128992,5.628623968417359
185.0,37600.83097361651,18800.50514317291,107.45454679532911,1034.5392245951462,126.53719405935932,16.12580073839906,3930.3509979558416,7.520716448903596
186.0,10290.481705111222,22412.33138422599,142.6290062053763,3743.0587122286133,173.09882492476896,27.908330369572514,6666.068375955196,5.856954170013174
186.0,18308.320599281786,6203.115020805156,130.30406921067805,785.2267538841846,168.4680487342765,19.640061813256974,4141.765917143956,15.00754754751443
186.0,19762.825461165652,7879.55510679722,191.04555063281106,1309.0373491595196,158.1126492566675,16.406791467933022,3045.0829453937645,16.29135330727637
186.0,20068.299828031693,5563.240718561072,207.17250460138277,1092.9891732572944,173.7892795706004,23.929490221513895,5345.139469478641,30.956306059233384
186.0,37587.64580233721,18809.381599035703,111.20960661000731,1131.048853208145,121.26729242960349,15.924652264904548,3685.3746558429384,7.339976413101743
187.0,10302.395857936102,22406.043364693414,137.65619182477832,3574.5168310181252,168.55417842050537,28.29109806009356,5820.655451336992,5.792486373140495
187.0,19417.068125302503,10584.244681156604,152.2270820877388,3093.25331074612,174.03295423256475,25.115939890425828,5269.058545608072,7.131555442559827
187.0,19609.642227332457,11833.709814002736,153.88290256471407,1022.544504492874,164.709622981879,16.09362491680022,2819.669721623673,13.655118851450592
187.0,20476.522615843332,13033.402992711648,196.7575090026291,946.6763020042634,148.11692017128757,19.239382620806445,4267.961187149219,26.44623353901722
187.0,37586.97871774373,18810.83370642148,127.17485425690131,1066.602766390035,123.64452642766219,16.733310930921242,4205.158914785677,9.813587059984227
188.0,10302.643700707282,22406.306834215873,136.5581334700041,3608.3980280923624,173.7267144133264,28.66333152546128,5348.22880279978,5.721368476036168
188.0,37590.56550727085,18783.627801105078,123.51560469946948,1171.5948863261526,117.81782633295842,14.69158086275062,3250.223192438511,8.014105454640974
189.0,10303.967075807646,22411.4992161791,132.53019857593944,3346.4044157595044,175.88754063200005,24.691799374590367,5115.546638104859,5.2748960851754445
189.0,18242.75428471174,33105.75078711264,115.7359069249255,647.8948035490974,125.1109670943677,17.330067653173405,4854.448771182021,13.12317381027768
189.0,37596.6700825747,18798.570791323353,133.24525672183375,1222.1415509859758,115.20259331916644,16.31229759307791,3591.698343198276,9.306162439354916
190.0,10298.387587179035,22405.145086983954,140.1631116817914,3770.4468698620917,168.41809501782902,29.02837970828208,7387.727809422988,5.807086868284217
190.0,37588.696328073274,18787.090325847657,140.3974260268203,1240.681802429405,120.21757522892783,17.299585153104285,4459.909790553822,10.419788115794075
191.0,10294.6321223317,22400.51443449454,131.2264853186986,3351.556619453927,174.0804518246831,28.32868721731856,6447.497908264631,5.653869873433422
191.0,37592.02395658918,18800.160616927886,128.227818017776,1252.182318506135,117.72941720239314,13.30206171742274,2766.8883640823715,7.63379060999367
192.0,10296.049434251698,22407.26765371008,143.94626260106247,3674.8432362508015,162.38030707211541,28.667795502484847,7083.8885752817305,6.150235985710383
192.0,15762.279891517752,32315.987669961323,174.0710307913469,797.9661903304757,131.5988242251349,14.574170019311246,3084.6849815713454,19.571895404307593
192.0,37585.77794724463,18800.012871256138,131.8577488192337,1278.3279181445464,117.92653269265853,19.692012109738467,5282.994079613563,10.008104006545816
193.0,10282.101620221949,22404.58575058204,144.3895158641512,3643.124667607918,167.50816869833585,27.13886470156903,5783.544225491853,6.000180663831535
193.0,37610.315603657335,18796.40997617205,131.17240835593046,1202.6109040041217,118.22641819469519,14.639497965870673,3356.887006240855,8.601146898335026
194.0,10292.908780214666,22408.057060954376,138.88435660774866,3654.2450715419413,171.85786263496308,27.092748999472835,5571.316068302345,5.609367084648466
194.0,37587.39553558012,18797.01271906838,153.59607620414405,1375.2421701748265,119.46530756455408,15.488162475647874,3478.1963845653663,10.296611355149485
195.0,10294.226101921431,22405.90299074165,140.6230566444109,3579.350974211074,171.20921036397715,26.639398414418398,5240.39289627389,5.759457993709928
195.0,37602.73357073019,18794.055917398662,124.799765047673,1218.1160939517672,123.36505396945029,17.13418467464628,4484.473491842281,8.66119165033976
196.0,10297.733057882628,22410.25286267865,133.39830288317583,3462.3333283084744,175.06516591061788,30.318982922857707,7155.615934250723,5.918428284951797
196.0,37592.15806918968,18781.993475101415,120.85024874973469,1162.5218883587006,120.15717917942963,17.02169024988557,4432.455481734307,8.50877483479368
197.0,10286.122740998007,22411.540011129564,140.12899296138278,3657.3259526644697,172.2176969033784,28.213621529786217,7336.211570585413,5.841677813841144
197.0,37588.94125743583,18786.901165101866,126.56594474231862,1277.3060780363473,117.70184570380425,16.381676344869618,4260.018508329011,8.288073788894005
198.0,10295.077011474808,22414.470045905597,128.7811230048638,3543.1347962518844,174.24696443822927,30.19879994530008,7571.404178558675,5.460746417297573
198.0,37597.31113109129,18801.77265787296,131.66318925724468,1269.4409999116453,119.7980883250037,15.106654067228396,3235.6130131871555,8.442651437764791
199.0,10291.11745936945,22406.103519274897,135.3447307938084,3316.9547846297482,168.30221335999155,30.10360586700468,6774.66324707291,6.2575803802031595
199.0,37583.20089679373,18801.922237668783,127.76147266152307,1248.4843699781811,121.77283604131091,16.762066185346022,4383.696537667274,8.693769414750589
200.0,10293.7574143832,22411.314056551433,136.82804854316157,3375.6735787329208,171.16946187086504,29.11206691310603,6987.185059083998,6.134537694779617
200.0,37576.04593539155,18788.02956873,125.75919320161101,1259.4357681302038,117.20528543572617,15.928782012914018,3873.4960445218126,8.158644143093877
201.0,10283.822517941144,22408.491490801756,141.41328219466038,3931.8581920950737,166.19171706658997,30.9134406494977,7531.959480538363,5.940002820379071
201.0,37592.83803303901,18784.394923150816,114.11682033430975,1146.8786631964326,119.77185267796371,15.859565757057144,4147.4437011107675,7.535677351875645
202.0,4926.18327886035,37414.92948252558,247.4941199081217,1192.2680727704162,114.19902410882085,20.486266527422842,5863.999124904682,34.72406159237963
202.0,10288.44095502995,22404.734469005387,134.56742155855207,3636.699504497763,170.46735713704467,25.097469933796983,5649.309113760406,5.105258972492215
202.0,37606.591540758105,18816.49141461878,121.51291024141968,1076.030025536686,121.92771066731243,16.55020825085116,4107.904455030455,8.981961949987099
203.0,5556.984983095875,19764.728202313927,179.80852743492787,1017.6360894025727,157.85039578542856,17.93843606869596,3584.5834217823376,19.71075724511301
203.0,10289.96769672934,22403.52716446312,134.22695040257497,3702.0955913173043,172.3173877017542,24.977952511666793,6073.3396388497,4.999244518308261
203.0,37589.17280362936,18784.382724619114,115.86882220566423,1359.3598799574304,115.07279091709987,13.526512578848243,3206.146153699129,6.248608756566625
204.0,10277.436588365988,22405.392130905897,134.40459100258082,3601.3494238327457,176.30934924360523,30.1487067100629,6677.260036827564,5.775192018729779
204.0,37588.210086030216,18790.71464748662,117.33605679077958,1127.35123015487,119.42559721714906,18.078031185951332,4054.70168180023,8.645841896795904
205.0,10295.95835108772,22410.929342338204,141.27445889470704,3854.0799193554317,168.3745270853581,29.654668393876573,6690.521269445224,5.860751180309064
205.0,37579.97787884979,18806.491039273747,125.41691214403083,1040.3969123428735,123.56664613786155,18.101130474293345,4340.949448615145,10.330316981544772
206.0,10290.858850120405,22407.424252864184,130.75658340012814,3335.9499530372154,180.58513098279678,27.19744595260877,5127.518244027399,5.495256795527462
206.0,37598.09643657217,18778.471043310463,120.73955653277153,1285.9722409098365,122.06499049809624,16.00872043687368,3486.881056716599,7.553264908608594
207.0,10295.331388736828,22411.212392068486,136.9360514694421,3680.89062509985,177.42364357920056,26.720898855744103,5772.050821041258,5.402027517959003
207.0,34387.38746673192,26165.810158673314,101.02301704425398,736.0490476809842,123.36681464467625,14.049539154009201,3080.167177517783,8.26552254820506
207.0,37577.14542842628,18790.097406961133,117.64237980457757,1199.5333322747924,120.899770973,13.222873661357728,2573.7704771354006,6.926009464694068
208.0,10284.475007053301,22406.7684566671,144.4868265426557,4163.400609962035,174.81604701071143,28.78400502308675,6113.1966797368805,5.589618420133888
208.0,37572.61313520147,18797.771797317986,109.6516807976551,1048.33876151162,124.49008097803532,15.748040324306162,3760.621267528767,7.574859914685255
209.0,10291.996191879749,22411.607249602188,148.5642432439515,5689.8441795148765,179.6183270207799,35.80344539892633,9046.323772559716,5.2253359750992106
209.0,37580.74908634592,18786.576167183543,114.83874683589723,1183.192214147561,128.60962662624055,16.57860219515795,3720.904649949458,7.616979873930864
209.0,37564.85890828178,20779.80680830735,129.9391527237407,485.11757776102405,116.78751195425242,13.281824781560335,2695.1745877262024,16.922970762914698
210.0,10292.797913517668,22408.554534125127,142.115256291121,5179.358920416194,182.91601560741208,32.04320253718208,7334.2022661077945,4.871036909665077
210.0,22801.1900617448,14977.255282519958,135.22635031486476,525.1427487895223,142.12716479922565,15.583339348731533,3450.5058508072825,19.140994519809183
210.0,37584.52457157514,18798.402861669983,116.6969633227319,1203.4827893509798,125.34940673525145,18.005114929673372,4676.400864878903,8.102355270319434
210.0,37564.69305691505,20793.426876477417,121.30442388380531,3965.3871802892727,144.5612219172835,29.30745240846174,7664.789791489471,4.439705622191939
211.0,10288.204789483221,22410.340878268944,142.640355186912,5220.388911002133,183.5910668689804,31.839329468975688,7114.641511321476,4.848417668948562
211.0,37580.031190438414,18799.330411962008,125.01746106580772,1218.722956890751,126.02607387803423,17.91291732774114,4370.285289344848,8.935331697404736
211.0,37569.39683293528,20784.405103098532,132.4770191336295,4277.20234870574,131.2573875321816,23.446920158917013,6396.638267662151,4.230892599038578
212.0,10285.292583950115,22412.557320042033,142.5390915391952,5099.454898090076,181.13878412780429,34.4864616646391,7638.702224394009,5.210582021049395
212.0,37583.65132387856,18774.55787623171,126.36619912281739,1251.9237507936143,127.1364716650503,18.16720419105759,4296.486130812394,8.976323802041405
212.0,37572.32943744046,20789.306572867306,120.70027242768026,3880.644563552708,138.5842393954137,20.442871543474006,4418.908750315366,3.729152537381839
213.0,10283.87911383369,22415.011784824994,140.2498521520813,5253.97835896098,185.94588363893533,33.51751144485202,8063.71982048477,4.852065288517467
213.0,37578.15381612903,18782.065036440574,110.8772647661553,1153.3689811276777,124.25397127064694,15.337990358067337,3307.6242546289636,7.05096556673516
213.0,37562.94537007594,20795.525100201714,123.26944752349816,3189.8496817138,132.39816067788632,14.884033386008067,2885.1077785594916,3.8968513386890513
214.0,10282.534736679569,22399.866944575017,138.72138756187954,3620.8246955821314,170.20399040457266,26.346638229026542,6781.452656922569,5.541045200748535
214.0,31299.863452702702,16344.679538989094,222.9848053114975,1065.2440644782534,131.8675871073292,19.830296144687424,4983.724159665908,30.77451872004569
214.0,37435.18288046462,17637.61987090988,147.31104314942624,679.3168722774108,115.48908481430743,14.885367072270293,3738.7262887768543,17.081345916129543
214.0,37596.16118607721,18789.002158358548,134.1455975225967,1280.8814600274109,125.26408215502248,18.417765575368815,4790.825571232641,9.81334543297106
215.0,10285.252421033818,22408.817612010655,141.1549859794178,3627.904716002735,169.56522953745343,33.496751830633734,7370.401825023823,6.723848623930023
215.0,34404.75854439846,11190.145169488203,116.73100055530351,1289.394157551968,143.73181039093507,18.266837924988756,4315.412132325981,7.734079937379403
215.0,37580.42852691985,18774.675564724734,117.93214417136859,1136.3361661233848,121.84575717292978,14.131008314377468,3032.2296665755553,7.488011534924407
216.0,10278.873015333525,22408.51193880526,139.34172265451724,3452.869477427868,173.38447866761305,24.3824238165114,4376.945836043451,5.526712344473425
216.0,37596.41022110362,18795.214015945374,119.45183379958728,1262.290183781542,115.32495074350085,16.930070303116207,4560.397960907096,7.7901413005586395
217.0,10281.64637733943,22410.47043361204,137.41152227184054,3357.612699669957,167.21436694498627,26.336409409913177,6060.3244845088275,5.803567680215422
217.0,37578.56846705897,18799.66435101436,130.195094278155,1322.6648002148136,114.94907152459272,13.404718288946176,2872.824290472188,7.520815805440851
218.0,10271.701715990606,22413.45638356776,150.1829695952045,3861.32478658291,164.21556363503953,25.189232098325157,5073.554735774889,5.8094946070973315
218.0,37594.853338690846,18780.630874625396,106.92638582190705,1069.7038561874015,125.30745914708315,20.130283610460936,5644.953253650211,8.328693727794132
219.0,10286.484816408421,22410.709221326317,140.89972929378843,3505.9747629591334,171.27998998912187,28.48765336928469,6288.781954206296,6.147774510542298
219.0,12676.801679130811,35245.250235605934,200.32885340916488,730.900107022137,126.43764765921726,15.86554958551093,3535.8002482802376,29.446864344098447
219.0,37570.72433355549,18786.941954511847,119.8760306166399,1277.0097044888678,121.01199782616544,13.397657594949273,2540.869117383392,6.837582381539679
220.0,4097.699020613861,33657.155649290704,140.60558876251469,681.4912014679873,117.6111643857415,14.258784254985077,3143.80934824985,15.205574199763976
220.0,10278.64279077077,22402.065954248923,141.56591664433262,3558.419608637259,170.70072217456067,30.17954016529548,6115.385045703292,6.369964034712835
220.0,37589.085621966085,18777.244983133787,131.08288077211932,1251.9029883535432,118.19981981571202,15.922422801143147,3754.5501272336373,8.752881740739719
221.0,10279.379125257597,22406.674755702723,134.58895480788667,3225.336513793323,168.45827069181848,23.968744028332477,5348.518749356793,5.468106150140989
221.0,37584.120284651384,18794.762962781548,133.00021709231285,1252.0189638978713,120.24296069948173,17.06756139255764,4255.4874214808715,9.367281580775916
222.0,10275.98491631994,22400.788884255893,142.49723210463262,3415.1578350728328,171.22360010372728,21.509330153618595,3612.217882844673,5.363545516130483
222.0,37569.155958961426,18788.64857280375,122.44583111743783,1254.4537031637287,124.20734174793905,12.218456328026898,2229.531254940485,6.839844060806825
223.0,10286.670000336058,22415.964054740867,135.63021468110415,3618.9734813908167,164.20025133150315,28.11461274990291,6536.3448480883035,5.572389825039557
223.0,37584.410033429886,18783.544964535144,125.55023411351728,1244.376315276207,119.43049383034737,16.9589899052133,3794.150039638044,8.538523906495504
224.0,10282.025153949864,22400.275828710848,142.2900873799723,3838.937093889951,173.41980601630294,23.409418903865106,4589.270373313373,5.123466543296657
224.0,20033.736464661677,6593.196997242108,267.5449999064785,1974.7046403788804,152.59833859596225,19.466646996132543,3769.9864375935254,23.844720738769855
224.0,37577.81509781096,18781.45896460281,118.08498060936395,1124.0778491132576,120.81996513517531,14.606480677182416,3142.3615400298672,7.70207231151567
225.0,8877.083313705696,6323.470502019379,184.4753071611616,756.5365991912525,156.51336866203084,16.80733210702031,3528.894423164522,25.709845803426035
225.0,9163.15396435931,5382.969359962453,293.61090984591937,1798.3152708198343,158.45908036872157,21.294385102731184,4424.661208120887,33.6598154177449
225.0,10275.019885477175,22403.295342016543,136.3145817658706,3927.428627006285,177.16376396235862,29.866630094000097,7766.414671771886,5.463460034667363
225.0,10598.984944618522,4723.906949146213,200.3487630283877,2778.34656107656,207.07713082931062,37.89934196138592,10941.578704057127,18.10244548292554
225.0,26235.70766016686,13886.595691566015,125.99084076441007,467.8425520690358,152.80108149467088,18.849865423565273,4485.10240225872,21.886301112129885
225.0,37588.13967470132,18775.339271922567,124.11124521131511,1212.558153801836,120.31801960210134,16.808243364422015,3793.434991295774,8.51283580457171
226.0,7806.241852268272,11811.093627472526,161.3672692892812,681.0272162892295,144.33058405601375,17.476472425297803,3705.857049053521,22.879364693316223
226.0,10283.959702920067,22406.803184786746,136.7070275240356,3548.356787751821,167.17279729419295,22.760476436287473,4704.496644068891,5.041202407306333
226.0,37591.682121867394,18791.294371352735,115.31127956710549,1075.023716653953,124.36240738088316,16.483702956761928,4083.743510468768,8.247519561573082
227.0,10282.768012063096,22404.373880606483,135.2491640282711,3479.9911877740346,166.10210204008717,25.061511720424498,5763.811260368983,5.326383641320767
227.0,37568.658847211875,18784.086056738237,125.27637964188035,1264.095867348711,120.23853671370593,19.08532584490335,4764.4959718089,9.072686150986428
228.0,10283.1291482518,22413.343494878558,139.98152702459808,3490.9855981513624,162.71130146093714,29.924433150562567,6062.774675287255,6.314768543836061
228.0,37580.35323109356,18809.81067515986,141.06332939618054,1369.2537825782056,115.6688516555216,16.279962367782915,4278.91069216642,9.287130043509391
229.0,10278.781720098865,22415.584191392958,138.07316313395933,3390.3967250145533,167.24253451342267,25.612904018194726,5231.411586340066,5.6998150645349215
229.0,37585.79323551268,18793.179306022408,115.06295026967193,1115.9642814616093,126.02261822691797,16.238214920249185,3578.807466191587,7.906322057215067
230.0,10290.889936693298,22390.049406261965,136.86201986716782,1677.7283088273691,150.1457016033091,18.447683837751462,4286.608825486603,8.109029079455809
230.0,37588.46446226639,18794.107631051924,123.84956469617462,1125.794973574083,122.43456115024432,16.072678038908975,3860.9511705765385,8.763269750624708
231.0,10279.801724713732,22408.337680113265,136.66030410251798,3256.3792157278367,164.50287373976528,24.59808619166275,5544.77667045244,5.648267854898227
231.0,37563.53793589983,18793.945254977934,117.45039045622973,1144.3092994707438,123.88042551995856,16.846966920902556,4506.310122434491,8.182566224858439
232.0,10271.937802230776,22410.719602571156,138.016061353348,3303.235487697976,166.17049514189546,26.149750879311686,5851.903590531503,5.897185432631359
232.0,37572.63059984247,18796.936019311226,116.79948168418183,1218.0548074846874,118.08926751801594,11.52131001119581,1929.7161357630532,6.378287081062586
233.0,37574.95822434368,18798.96985633596,119.6937673771464,1159.1913124461976,122.60979910567363,17.841808009943414,4193.704133873842,8.6530266536938
234.0,37579.14655911691,18798.492297172637,133.87835632612814,1183.635805392498,116.49251946748008,17.241120662386965,4422.993391255395,9.99132503074102
235.0,37574.6122658022,18768.33757514215,107.02207320733504,1078.4185290824105,123.91031296503722,15.86315211092473,3633.7123462091636,7.170381597222308
236.0,37588.06001348341,18797.140310982264,120.13793314171349,1289.8080175650052,120.84662528481539,17.804090064809355,4368.779817646325,7.967026968152651
237.0,37579.87339321113,18766.374134894068,119.03338709799058,1161.3526313996333,121.5517435849839,17.710310819690328,4278.895805947021,8.522228585887069
238.0,12353.642235716728,33151.53590580494,140.0522508690606,722.3291850684143,121.5788404908603,14.36557524595412,3152.199721287543,14.439739358216414
238.0,37576.42245311555,18780.352484109117,115.64605682907117,1157.977968944603,121.31786408229203,19.66455068772115,5065.219748856838,8.729081592250205
239.0,25516.313336907846,27493.24616261261,359.9728105345332,3628.577390826379,118.14447422418971,22.912624638599347,5554.033801930372,27.15850442463268
239.0,37580.17287419124,18767.83305463518,104.84449152648457,997.721481205593,124.8836763764864,16.791495510959642,4031.642695588667,7.6269734612878
240.0,25500.88464460819,34445.077810603456,115.94815179121802,1530.351085604215,140.4865387883141,21.495535496877984,5151.829720749023,7.3753888087731765
240.0,37587.03242350474,18775.61324550341,124.364555632156,1222.4161161109316,121.36122280929176,15.759992933874948,3384.1065335249355,8.158211241058725
241.0,5376.55239366188,24893.06835752241,92.03870683690445,383.36774344535155,128.76971296012712,14.935888434870483,3576.4031163239547,12.568658000504632
241.0,28075.180167957766,31050.34586038773,149.2904190285956,845.1135795227789,141.99655527354582,22.671058697155985,6342.130500332389,20.263575635038155
241.0,37570.89391793235,18764.171113852706,115.54027821450637,1006.7455070224163,121.90593235813931,17.387317860810107,4769.6167780963,9.025408095121918
242.0,5336.7536781894905,24885.822500421957,121.19804388685587,2519.497258296738,140.35646664939537,27.994269065514644,7697.635775406779,6.243209733774616
242.0,24735.61754356007,31848.455796682632,149.0398245337258,487.05686085955455,130.2806946466488,20.469309873499878,5498.6319483740735,31.014598290308676
242.0,26882.919352154506,31546.568489967936,103.71151128681761,607.9171899286255,140.50184685480195,21.98249521141247,6518.333056794806,13.756527428710404
242.0,28884.835400847205,28724.39257172555,156.87254397719738,655.3389984902695,119.79090444778068,15.544965578483536,3886.2328161436562,20.422269006373778
242.0,37586.54545813023,18775.298017291443,128.91341990165643,1278.256310290759,116.32754979875077,16.78993459392434,3892.091163121081,8.661402581829638
243.0,5326.817592818678,24890.681368037298,136.2650371171095,2603.852595379285,136.84046782216402,23.660731474627134,5574.113112087405,6.585779450746856
243.0,37576.3287671388,18789.043499407773,112.19763774528406,1172.772412553027,125.90250718603386,13.556929814261261,2616.1568962981114,6.656961491487194
244.0,5336.349941813273,24881.091484913115,124.27943594813479,2445.0226952798403,144.32794863562611,22.74347802923093,5553.5918021756725,5.832359441690777
244.0,37573.22910388975,18786.16021973964,107.80859164548883,1030.7092160937655,120.63578956099242,16.726343635283285,4406.417072770465,7.743579312672904
245.0,5271.274067813862,24871.071852694186,148.80831631790556,731.5314224598092,128.46709246659805,14.616249232809398,3228.55907393369,16.063281459034904
245.0,37582.80140379289,18786.505580683774,125.27934691563908,1256.2598466087534,120.0050577571553,19.124176941179126,4233.60841718886,9.133142173024773
246.0,2655.8413235575476,3644.3719252260435,175.3170787682299,955.4869479916684,133.0248139080945,18.69047249907992,4833.112907712393,20.637441817888188
246.0,37576.25741620817,18782.29980243853,122.24130202692108,1236.3043863996236,122.94151684279817,17.27976749359497,4126.3968163157415,8.321233966462216
247.0,37567.00963671544,18774.617515393296,134.99216347198092,1292.9943185885204,121.17866369470985,14.136545534222519,3427.2210342591266,8.32333638710134
248.0,4540.171839314495,35486.44990918396,135.31575624335017,498.84778447935855,122.25454539306138,16.795973599938808,4691.461660984528,21.341943160792084
248.0,37566.714871702476,18787.06202341727,128.37341102918316,1251.1862665075275,117.37301648395594,16.674204256259586,4025.1746005545433,8.716465718181732
249.0,6026.951550916941,35051.98384809249,191.34057687281793,2379.20911144037,137.4119308873201,24.17645794888303,5507.679397600755,13.009754470818974
249.0,37564.79761473837,18769.134710378105,136.68422763233218,1534.3913382694254,116.02666597122534,20.034835120788944,5406.04334472117,9.213223085898493
250.0,5990.423935301945,34962.81647801095,140.89667665794065,1663.7816955140702,137.53774430840136,15.8189711035665,3007.115431625502,7.781185508437737
250.0,37585.228372487145,18785.68936379357,113.75935062919952,1195.789550496577,124.56647717294199,16.100295066601443,3677.0917618046087,7.320429715434033
251.0,37594.92526229438,18794.141422780278,136.97404382278094,1544.9550785125066,118.52211749420972,19.174131057665992,4719.744852029231,8.919235801971158
252.0,37581.010972694494,18783.40017596207,130.55647513674262,1505.070455854207,125.62981686461708,18.225462696101836,4542.363508986086,8.148786502378504
253.0,5208.94243574014,13115.522864822386,127.18260149112274,630.7382142107864,133.66032583739835,15.98341377956498,3831.573618904997,14.888304450067373
253.0,37573.01241257312,18782.042837299166,118.63366448156388,1280.351236129176,125.85254131279125,20.01287333067271,5286.211956438309,8.469961763422353
254.0,37560.00634822398,18772.79048485943,127.7175394369195,1510.5455123975705,122.37918785382168,16.385075550520355,3878.1381292370806,7.356260608491466
255.0,37582.74774145923,18795.949792756015,120.84896424781591,1432.6451738967462,126.05842155006907,17.01525991874815,3924.763388919599,7.1950476005852915
256.0,37555.378636723624,18781.93680526715,123.77314455486683,1408.746246361984,123.07987385628975,16.927429869589677,4184.2528906694015,7.545359056825367
257.0,12232.183019548107,35407.39166360935,200.0771434075502,1018.9546761905277,127.29152373678029,20.678787457933986,5910.174892089698,27.143118323269153
257.0,37584.10890610413,18784.106767587,113.36078498859685,1258.6410256550037,121.59901942086339,19.109936135330553,5270.092185699127,7.7420291616117485
258.0,37575.08440537392,18795.769807828685,123.92946945919167,1338.2417919975278,118.2365045605257,15.52201930824482,3650.0874375775666,7.488357290729801
259.0,37571.58084203682,18777.80363598726,114.03101074900303,1354.7778060731455,121.82158507784757,17.565392932347716,4425.680072035854,7.000524450689853
260.0,37572.59560704516,18787.334858485883,126.76298911479165,1391.9428682497287,126.04849084641044,18.09696476877726,4813.823530688144,8.245687770742002
261.0,37575.43275335489,18770.07596464111,123.60199540533118,1478.4637140410362,118.78853432238573,15.708994071856937,3847.4387292539413,6.948877098393064
262.0,6053.421764422352,39883.22924227329,214.95512351466954,1507.6820908616967,125.07464900937477,16.209960943884532,3288.551471009458,17.551019758924404
262.0,37562.867812360506,18784.283540017404,119.04920992786494,1471.5664170784985,119.8991840779029,13.392993697083622,2788.097857293038,6.1019804216876645
263.0,6472.806560339945,38266.39532179316,132.03953894272192,1688.6465103428036,129.75033038268913,22.500547491849087,6150.0417353773655,8.691759112710967
263.0,15742.906019705279,8760.473154640093,143.19844512284237,931.9379200630896,152.66992851958176,17.406019940112085,3790.5644709321436,13.85964099725209
263.0,37579.94804213709,18780.499018502982,114.39602501944624,1219.32134755763,127.85174925654864,16.05388284457678,3678.519319332305,7.259885039035807
264.0,649.1972926973,28528.0318631694,365.79514143807626,3059.884103601147,101.15375736000917,23.378933893015542,6756.74543834169,33.57376365422187
264.0,37575.85338448503,18783.28624300327,122.13024247630489,1388.683403216834,122.91830343818981,19.69671627211848,4987.813870332854,8.21552642052691
265.0,37587.49165211749,18786.537396285505,139.72248260470118,1527.857750069585,119.40098515604875,14.316409230780762,3025.72500469509,7.758935256666701
266.0,4591.314953792973,37561.973140958,130.87225958511493,776.9453124696367,126.60642331252706,15.762252718163749,3984.98798120655,12.916329077183535
266.0,37580.49447018891,18790.146297710475,138.2914810625632,1692.90162612353,113.25493675338299,18.70348547207757,4834.888740460006,8.259568266883646
267.0,37575.4339830403,18787.23357551597,116.1549969106752,1382.120996869093,121.85928713164161,19.25757931255721,5483.0380166748855,7.495354018685241
268.0,37563.44458192837,18777.24695749619,119.37552205400169,1454.5413674777237,121.31184790575944,18.957980366509567,5666.293999764825,7.438987425906559
269.0,37579.382553022726,18789.007027529435,123.64940763618715,1416.8090808961624,120.15161648055377,16.021133449196327,3768.075749684086,7.26530413179255
270.0,37576.653650136876,18775.54373525768,122.91443735515075,1464.4287410434335,122.81860623846352,15.623270850258116,3068.203966809996,6.920860248509377
271.0,37560.06868701942,18777.7603255818,120.08022763939336,1470.6017824881335,118.98917386649737,17.61225528803177,4839.693565752102,7.119617402198873
272.0,37573.69527624492,18788.449564571518,120.4082306723725,1329.8921314079096,123.0761136987455,15.905421755335356,3726.3848147484478,7.299162301775231
273.0,3778.094141154868,7989.194937334191,281.5808762491989,2123.7904802243324,122.79270267743681,21.608955152429477,5637.622448734275,26.88225295066658
273.0,37579.80381576707,18781.389233746322,115.04159706837132,1185.216648121883,124.37698938236005,18.01149962178185,5023.779677889269,8.020196001392604
274.0,37561.91971380021,18788.84274804419,128.18152884744458,1411.5663408516832,119.39401540911182,19.83932982552161,5425.883040206507,8.819711720087684
275.0,37575.279058396074,18796.88250672045,135.43868586035398,1407.870981241575,121.01417128979789,13.468173383213127,2797.8202251319763,7.626812160150445
276.0,34597.55736085754,4550.621267097577,147.00329794075756,1431.5757886811634,138.21607417976645,17.196534145598733,3527.409014833066,9.93235366808732
276.0,37578.05544230058,18791.565737604484,125.60368223863424,1316.2310767781269,121.34231377775181,15.597171622344598,3503.4012468823435,7.76638376074422
277.0,10206.374160294012,19027.188575458887,229.4921574303158,1004.1953971773502,136.39152467439544,18.22887601120902,4311.2775571437005,31.86924740498981
277.0,37573.03332527906,18788.799302007166,124.70885209531816,1349.9132398670058,126.3862855517899,13.862619345282166,2880.316370228257,7.068274006951728
278.0,37567.83941899113,18785.407095169383,115.06079515035628,1344.5822441467562,124.63765749806032,16.763751363738603,4010.721612033536,6.952971090761745
279.0,37577.22994965136,18787.39386685262,128.45512975534268,1456.8015325452584,118.90316945831344,18.00845148013252,4619.39782844021,8.090839123358194
280.0,11329.53626106867,5673.464455213171,259.91441827147236,1371.7280965772088,142.3299177802401,14.209900271196743,2425.8351355660925,24.226077951163433
280.0,37577.6411642671,18777.56419338127,131.95860903750523,1335.287156579802,120.6894657321489,15.888091562725757,3551.0595737639915,8.386645689180352
281.0,37559.20443623804,18764.488075650308,115.46953243575966,1316.766798974767,119.43691622993644,23.244246793100277,7808.308091059446,8.77058038576534
282.0,13779.277589837466,11580.99535487006,142.95970107815742,774.7106699300355,150.5705921492771,16.25461064590879,3328.795144774956,15.43632524670347
282.0,37572.2015791316,18792.274473761307,124.21343149318463,1381.9352696273559,122.26129078312569,17.02536674483074,4375.182211092754,7.731371321897221
283.0,37575.54718234295,18792.04232183019,130.67491934088324,1534.6643985607568,121.13759053519205,18.027381795654865,4538.738387802476,7.976576737110893
284.0,37578.47181789773,18771.79267268073,121.38592508064875,1296.515426910758,121.83940290560069,15.05490700302213,3398.5613287252067,7.311373046157
285.0,37560.028231332806,18776.497215733067,126.4836833930788,1335.8030734440342,117.61611484759169,14.149528965759705,2881.8686416670216,7.3538029975064685
286.0,37583.937807908485,18786.64214051404,137.9875857306127,1407.4031084449127,121.59613133585412,16.41198165590456,3901.2952893591028,8.807117802048285
287.0,34111.99440269213,1433.8023518658326,250.32229588373724,1214.8174705293177,125.54352796885104,15.141981949909333,2972.0137356935206,26.670860866915476
287.0,37580.35041409625,18771.591694111088,121.4155035687776,1472.1138369986359,118.87161373453648,16.08810936950662,3524.4437456746637,6.874738336039869
288.0,37573.25693341618,18787.506504774265,112.74771486525599,1353.7433100055052,119.76583236323096,18.285004279632705,4943.32724043888,7.045946447749211
289.0,37594.8786186143,18767.182267233835,118.45279969606217,1230.93718823434,126.43381336849286,17.744846195026476,3839.3868442585863,8.07349089291413
290.0,15158.46443966322,10417.518105434225,167.6428674018861,1135.8340962887708,150.77393019963674,19.470149889610003,4324.536515729852,16.794825688469444
290.0,17451.27566217101,10176.442971385857,223.8205886150059,1676.201599674515,148.32590824966783,22.188216896871648,5072.680508226745,22.320109868954358
290.0,37576.547739077745,18779.733786943576,128.98446305744224,1408.9139785901684,123.34442899388291,15.691798992486053,3670.43912797272,7.697067362030117
291.0,16964.648163605383,10541.840501759863,149.39065164801977,884.5301012936709,159.82694665011306,21.197205212217344,5146.967199264894,18.363157605874875
291.0,17072.940743340467,8839.519586667919,232.05773730570326,6508.178896426629,179.06428765233633,46.597313513068784,11976.51723487237,12.831918389075197
291.0,37572.282562509354,18765.162626040226,122.61401878459024,1329.9256936996242,116.96451841228269,16.6667155469967,4577.856832134568,7.712533319968974
292.0,16304.901534237451,8308.308213428534,197.75559214010576,3183.067953541523,166.7265902446907,36.92444218635842,9655.015147371458,15.160136925571956
292.0,17263.66876554028,8645.420110362396,234.60136542810073,4266.8190453127745,192.13010694775073,39.161544542776845,10082.571749603892,16.73223041399099
292.0,37575.60031044064,18780.927395335075,128.4018858006782,1360.8324760170979,119.63623281398343,15.953926842467421,3353.9389078464264,7.932228750648233
293.0,37573.5674033639,18780.917565830703,125.65389379313761,1441.985913612271,123.21456179473823,17.039838808194094,3731.4499986422898,7.613566010634495
294.0,37572.85243493369,18784.263192856404,137.81810313957146,1532.5898841557555,119.19018921229271,15.345293013995946,3311.5430405786674,7.881435646750014
295.0,37565.016019155024,18773.816496812415,128.5517168816527,1375.8358003365988,118.5304109877107,16.15001366282091,3696.3376478391747,7.93487576946759
296.0,37563.2198019321,18780.3321918639,124.86352249612234,1516.4038017135422,116.77807844428817,16.235982341664,3748.40268865757,7.046599741163166
297.0,37560.82864714844,18779.016505742962,118.54602529280668,1345.6565210796034,122.77933857153091,17.789047968887093,4634.042540806566,7.53412690899689
298.0,37569.08024000674,18773.048477231016,122.92863000527402,1260.0798474378598,122.39790486977228,16.456652730415282,4167.323511169786,8.023568604957848
299.0,37594.92463076479,18778.5443232091,118.1517219118911,1423.4801048081424,121.38357407110671,16.205590866928134,3732.568392483542,6.797268294521308
300.0,37589.100449541715,18782.345587479063,130.48906395980828,1430.9862372533914,121.70191899616613,16.608203959934414,3849.474046281655,8.0059860808868
301.0,37570.337362472615,18779.004395823515,116.3654268883401,1403.8791514723646,120.48525277691527,14.00513974866969,3280.923434939924,6.239566767654162
302.0,37571.26413079861,18782.419374407833,115.6189850674425,1329.7872666446697,123.21901827342707,13.920238447667865,3021.1904707905996,6.415295900963488
303.0,37561.908689282565,18774.987807886504,118.73452202346895,1346.5683939842042,122.21811702369568,17.987721165825008,4708.488007193635,7.600053971206967
304.0,12699.655148328011,37279.268658450565,128.62233791869733,489.56652891014534,121.77317751986375,14.617222216365887,3357.589757047444,17.732666408930037
304.0,37559.742749766614,18771.042856969612,114.75853583649027,1129.5799491051657,129.08895120807887,15.984958458236113,3654.4923038795355,7.727282071546885
305.0,37571.677371138496,18775.56420387498,126.8656581993405,1304.8055202583553,121.63534841987413,15.249709064006224,3503.1223702843427,7.839729523499631
306.0,37577.66532110401,18768.964119567263,121.54706912262753,1241.241462674505,125.78560684061632,13.130608609505032,2473.7393985683016,7.055762496156029
307.0,37578.885303915806,18804.39140258433,131.78275773228245,1423.4706018476177,118.49190459204922,19.30940429165091,5133.010209807868,9.002930651729248
308.0,37555.19192354052,18777.47607769518,113.68843424288436,1216.558113211778,122.70211376877155,15.727869924270033,3590.3723366804334,7.1230672858087605
309.0,37565.6919097281,18778.15001271776,133.94354565090796,1278.8357440901527,118.37348534391596,17.444191353612776,4441.354649896916,9.446957041461195
310.0,37562.80725503474,18778.9400031803,136.42247170920757,1292.6650679947554,121.61046785986544,16.98888539636805,4679.905570571047,9.48163533678573
311.0,37572.64747695347,18768.947458713174,124.51487770988703,1294.433108815138,124.29565153175172,15.426553379287935,3703.862947837182,7.715060402310145
312.0,37564.57425804762,18770.581789430107,119.89490954261419,1420.9642442718934,114.26437029170857,16.759281623718216,4420.974478054751,7.091580497472931
313.0,37562.447226716,18773.64312722214,117.67594589885478,1262.5959158574792,121.7053251100413,17.280362083803748,4513.735051636944,7.70145422468958
314.0,25922.760901400387,20002.988507129103,269.36225531916523,1343.575929019765,148.698464512156,22.052412860041592,5565.414296328449,38.98007941961251
314.0,37555.53875919242,18776.74758101897,122.59967796865872,1345.3409148921876,118.6500028591795,17.29430668359681,4238.867552047382,7.811871126315384
315.0,24013.514025516102,22210.58475658203,123.27557206394152,585.8537798959887,138.78719913286386,15.29079682041803,3139.649783226477,14.555925290157687
315.0,37578.49528853903,18780.51321906428,141.0895304763898,1513.125577601041,119.60455134174506,16.47720242095508,4035.0585652930913,8.626539705706143
316.0,19810.85115362997,20416.410684330152,92.71460238178318,485.50707410516833,153.33544873425703,19.520857862772782,4602.749718437891,12.58978704792761
316.0,37585.52041906116,18775.19397152633,118.70264810077735,1280.5892271780556,126.3602299970422,15.811152258330372,3445.872334764128,7.330704075915299
317.0,37576.793337050454,18787.529734294345,109.37677487561278,1127.3720235523954,123.08828765831444,13.838942257667913,3037.700169119043,6.673204819027316
318.0,21237.27276778517,28518.95375008996,137.60290169968042,482.1466214384508,129.95011707996,16.807143356487614,4133.146343386122,22.71584510051861
318.0,32346.432823077044,30934.978595891218,136.95751370038545,2146.5982354720018,136.42308958776854,29.71840878668289,9916.281471361373,9.246540418580627
318.0,37561.53536004824,18777.188732232116,140.06859418707998,1589.7125590484445,120.73498197544913,16.35971387471091,4315.025491162244,8.156772765743641
319.0,32301.170672852037,30930.126177968883,128.8555751437671,4690.028821383429,146.58325725686333,29.48284303100133,7889.233726876813,4.284867566637741
319.0,37551.36810559712,18781.627454354904,131.34985081217366,1537.6862492193502,118.034443764074,14.816153376814885,3195.0214394323266,7.161185836562591
320.0,26331.82525160335,30022.07211466684,388.374312956378,3613.79930500881,101.41377076702457,20.361341964655686,4721.965974564538,28.320894230728875
320.0,26342.969761865985,30040.82971514811,271.0439454759001,1358.0496501194093,130.07335496123366,20.98375784447393,4994.431815512771,37.292292970508484
320.0,32306.030230785163,30959.04994102657,109.40203275680591,679.7137009856039,120.97160262372905,15.296169360660777,3454.8420747495175,10.508922617013388
320.0,33778.58767322284,29920.956228704596,140.4688837871971,721.1946949822308,122.65013765927878,17.46641723606816,4540.698436245731,16.87194602864712
320.0,37551.996281071166,18775.96320341482,125.55249114143021,1477.4744450468013,122.44784698198309,16.552459587610436,4198.6362663946675,7.332753859851495
321.0,23879.248905243854,31934.708105700625,283.9079491047461,2341.608739104062,123.34468878529063,22.883699549749497,6291.574409685861,26.202948992920184
321.0,28053.59151834039,37963.1267393134,172.19241046925677,701.5080844283715,112.62934127169885,15.735042863860352,4213.239861640014,22.961965290478517
321.0,37550.98767755259,18791.15435223782,126.62892001681858,1241.5573963603522,122.66840409298835,12.907240266301722,2556.7421734393483,7.426483056723512
322.0,23932.646421460704,32036.41722022731,117.66798131956857,1214.5278563645425,137.3808272251711,13.982613935369654,2616.1948780280436,7.056576417478144
322.0,37562.77605987152,18752.01753679263,119.42095102743556,1385.1098223790018,123.29459272327753,15.595998548752195,3688.342480200009,6.909988466789135
323.0,37561.917526348014,18763.01415877028,138.01097988397655,1502.1655160322841,117.09659033830688,21.11105426024557,6405.459411817422,9.899264128930247
324.0,3156.472473522672,18074.437908231554,151.0372697496944,2652.0731962373516,152.60738845467586,27.72768498240389,7947.747702910271,8.634145112650463
324.0,22058.567158356207,29169.47376690739,217.2805067987088,3415.7743826370934,143.68591467919896,24.59717809723892,5979.171581706912,11.964941248401509
324.0,37574.60264162772,18776.19639326517,125.54160296274377,1399.3600985567643,120.69207218557766,17.655500309346312,4171.851615870464,7.958678877267519
325.0,9544.666195860389,10887.762515535152,310.50781228391793,2644.35236580769,148.37458161284277,29.477748838244718,8240.91882710311,34.95852499024789
325.0,9695.86515386308,10970.757847442514,358.66880573603646,3379.4045904055997,142.4641905153615,30.236465979152918,8741.126722434188,37.333704227464175
325.0,15716.341689307139,28420.626982278867,132.51164300934337,931.01090528648,141.9119933029655,17.728978925997577,3940.612078469735,12.29375798917555
325.0,20442.100879627083,30882.02519722827,337.6213702001703,2325.1680138176052,124.37082204017477,20.01410701125373,5021.262428629522,32.49601678038112
325.0,20780.699609244424,31035.829038857144,257.78457988012065,1340.4258048803795,133.6302279594435,24.587364658821986,6882.176822937808,39.72190748085958
325.0,23570.753960002185,33042.16869647329,161.81572088532042,606.9013514253295,129.05844661206837,16.35754013467071,3939.0678622342966,24.184709234300534
325.0,37571.785726670736,18764.11551224554,126.00889677177811,1145.8575713461455,126.41666946836209,17.440202026063066,4206.155211294916,9.360276163599726
326.0,10068.11193885295,9176.941278353388,151.0404445184495,702.5766837912182,155.63047321751066,17.357886586090483,3427.9255017114215,19.58952353589338
326.0,12218.001131395606,16279.078208306406,135.94538485888728,4733.5565351714495,203.79332771034376,36.09114617502051,10318.399150965784,5.290826142394102
326.0,13844.802820133124,14376.892193901002,182.226487039338,991.7503821186418,149.7512481102061,15.09417252573085,2741.7140576472298,17.972610136788788
326.0,37564.06025622077,18779.471849058937,110.80074487292607,1271.245357347623,122.5047076400247,15.630962546552517,3534.360849116169,6.604923641631536
327.0,37557.65531783766,18771.46668360306,111.9264677789496,1165.3917638696037,124.99634084592259,15.792752869680971,3345.447917483166,7.208232037681086
328.0,37558.53308190754,18769.81114639579,121.13958640589095,1269.1644922749952,120.05165677881398,16.772221379570393,3978.8572249643776,7.885007824799833
329.0,37562.75183824548,18783.545562817246,107.87657656654801,1240.3875680522024,123.49818658903438,14.064234536119029,3052.670272233524,6.145853143606263
330.0,25463.042450217115,27698.90834234782,169.726419447426,836.9433774596647,136.10904814848865,19.468140065354586,5075.913001216534,22.7537083668495
330.0,37558.84279883777,18769.01791461598,126.335228620205,1371.6973525083433,119.75076267396183,17.880230232875363,4521.639988972328,8.236342925097897
331.0,8791.034933996667,33935.3296218809,241.6838385660328,1079.9215242326918,122.9480473984785,19.445825614597506,4970.882445892396,34.78367211585054
331.0,33898.133650989315,32988.44333425324,141.1835265182001,1030.5754752482153,122.67234266739048,19.645591808117736,5211.123372760975,13.574250155973926
331.0,36130.590325689875,30572.25705796475,165.90560525081307,1236.7000054645114,123.0892979171204,18.602854074989573,4497.586630395035,14.718576923456562
331.0,37555.13595730021,18769.000173323602,113.85345327319465,1320.9982683222388,123.01121804692622,18.262182477175298,4790.298757121358,7.290083678007996
332.0,6771.6978363059425,25302.99906487526,151.2240213405078,858.8094058788791,138.37203506329212,22.483198978867158,6549.78169517245,20.298744530863036
332.0,37570.03015500205,18776.64833574944,121.56294347841786,1325.611774737853,122.88825464382904,15.144269813910196,3344.6932282483986,7.226280662642482
333.0,6882.693511229897,25370.971711697035,183.63041697319377,2696.334215742353,141.9387434266158,23.046253005219825,4912.872570611143,10.410265663628053
333.0,16321.568619826732,29284.610696693806,149.33223482368993,1402.128706914478,133.23266152158715,20.89184306222712,5077.564961933617,11.961180633210445
333.0,20130.979584133285,28068.34572439338,142.56828924331657,555.7050471572862,135.6912858451036,18.646598405601814,4917.7487980198275,23.224471291376187
333.0,21192.41934914102,26476.95266198641,123.43422973402339,1378.8403253795796,140.24012665481254,16.02629262909708,3129.760768717284,7.402977653358416
333.0,37553.92881419496,18748.780682271736,113.95280372747932,1330.4108049502338,123.80201089315221,20.795021574696804,6281.5882308583095,7.877681093217981
334.0,3950.107595283297,19828.75285179097,209.15408932473028,1005.5321299458627,129.48146630988234,20.56193979105566,5641.815127629766,29.742524053387356
334.0,37572.96277201729,18765.386199098793,131.11760410179494,1455.2824093035595,118.74242454808422,16.775314369617746,3643.603293752931,8.007299065845483
335.0,37561.242314531395,18786.51636303631,113.91093483458148,1363.91868013155,127.52618314518597,16.145067291844956,3932.398409737051,6.635159952160056
336.0,4809.443205390925,27407.303147000737,348.4212668202944,3089.4176654047237,117.70844271751956,27.11859306309876,8035.078170377439,34.75837484785377
336.0,36911.184894966136,18903.54331277239,111.19483638344745,624.6408135768033,123.66287607979787,16.162169442693717,3904.9496197600347,12.029483566231557
336.0,37553.72358306945,18772.004187292147,122.28744627037982,1324.413935978621,134.0148455033654,17.364356913484936,3993.5760777528444,7.898664832511172
337.0,5264.99285559178,30396.1272545393,122.09740419046784,895.7889982918553,131.0212530849797,16.283620247790683,3864.36664638975,10.423171781325236
337.0,36879.038256665255,18889.89491504614,129.630615271799,5062.350161910168,147.68341266154948,28.946323497025038,9167.117224886579,4.029048396165578
337.0,37534.85789549266,18766.202006388125,135.25689608700492,1451.4427856635875,145.11300192371354,36.13875347391807,11798.03705305399,15.26194965851264
338.0,15042.221780814933,39433.125849817094,259.08160231364656,1557.0556788499298,108.17046426976498,21.907342306614385,6514.851979394183,31.212870407136457
338.0,37559.079473398,18768.59876839917,117.65239311456413,1369.3844535701378,119.08806363146948,16.20490475925759,3701.6022753431994,6.9591047359458305
339.0,1896.3036492078206,37211.49277373185,149.53808904678195,1506.0122877197439,127.70545834030439,16.683673242140387,3814.464643943389,9.59699552629783
339.0,1764.1260958006048,39725.2173352621,131.52014863318976,896.4185098970755,119.72383979494968,17.14146785296591,4275.644962471976,12.235512265831147
339.0,37568.04738449767,18776.510177357,115.90564586110388,1257.9306112827624,121.78354466023661,15.238169874452929,3320.6848368477026,7.025791939831679
340.0,6164.989940539499,34555.074686266336,229.1076989302232,2074.363373808944,117.85599950224068,28.911035540070287,8673.802184827504,24.159592317091004
340.0,37559.76510094678,18763.680828089433,115.66179723345661,1315.6222769442236,126.6671231944542,15.815245052781428,3660.515742560234,6.902717954902169
341.0,3374.3338723491815,27146.296047785505,182.96283105669622,676.628171246727,122.73389140240053,14.757760229987447,3197.188509418541,25.139906356253174
341.0,37553.08098337708,18770.85258390386,131.8212827375062,1604.4308839939156,116.30182399592363,17.206859960957246,4169.001741081347,7.582900121944109
342.0,4098.488551069382,28252.958398586306,175.85557020465004,779.1599707260879,136.09654482688072,15.882473353621142,3337.3205527831733,21.843435429194518
342.0,37552.16572393043,18779.31782592508,133.76643712505367,1468.606536565968,118.21848574946955,16.38158429867653,3934.448382669404,8.0874043160584
343.0,37567.84920002526,18761.203386965983,117.41468075368651,1371.3217901012988,125.60380333848872,16.614858695996364,3701.554580637415,7.027027956044524
344.0,15084.081289938384,37825.21193806014,237.87974188567208,1157.6687584321137,122.49379623094545,15.562995712987048,3601.638489676242,25.978417030698225
344.0,35175.076019017455,15662.205788987303,126.43318631969929,1661.8067210231661,148.35331060163315,23.60225691426738,6843.544418055616,8.470503896783121
344.0,35428.79628929569,14780.584727597448,330.64498211566354,2593.2376081144716,113.45221871472049,23.54820186969756,6812.889299638506,32.63278905973062
344.0,37571.65534501192,18772.817965877504,122.07561572747778,1344.5505640078145,124.87386684532731,17.61818533643358,4239.119070067706,7.851238299779021
345.0,18334.65770819999,35408.11380256671,197.4652696280382,1706.1170781269495,128.79323576264233,23.69762073686989,5844.850593100799,18.399796647470644
345.0,34206.660430548836,16889.752395337513,127.56818688491413,1054.3880643172145,132.6643142364814,25.310232365029005,7314.121889471598,13.58579324481423
345.0,37568.79835615307,18765.583287741276,127.54641698110996,1425.5560126496314,121.7672831901756,15.92094781035812,3554.1569352795523,7.557613154593164
346.0,37553.415056598744,18753.152884932573,121.27862512643537,1411.3074434097966,120.76583463515674,17.162275977397517,3711.801024165236,7.358064166601909
347.0,37550.87658081169,18763.664283837807,116.07997719195996,1247.0605811708942,117.80805858444414,17.86149309739541,4441.16654395259,7.7671047453360655
348.0,37566.28148628403,18765.17246701803,126.4135660569215,1372.3120161462125,122.01203958608784,15.362999033390896,3339.690672861504,7.5261182842040855
349.0,37548.93708598223,18765.43623448473,132.65329201394647,1489.5901663682175,123.01337727509176,17.743306312156662,4982.291190345337,8.289623219840886
350.0,22412.05656365775,39661.15190313156,138.64641311562963,612.9651372591777,125.47707073995372,18.884999463531774,5228.149333435645,20.367872727912232
350.0,37556.17075573437,18763.06224206392,117.27930244286179,1491.5358147485351,117.55192559892502,16.195708841770166,4565.194262677162,6.483115753513502
351.0,37561.68618210054,18760.950579572363,124.0655184218303,1365.5595526540437,120.62769910902634,11.505796250353354,2009.972692399652,6.388057382624941
352.0,37547.97727038153,18773.39633989867,127.45331712864925,1463.4941926143686,122.077817638244,16.12738128050464,4000.7264750838162,7.449515203573892
353.0,2978.3336419622497,12809.365661553857,162.81872709860247,963.4314176211337,131.2772617253158,18.535352077986794,5317.547368992158,17.771207577776682
353.0,37550.17745906524,18763.383667103626,117.02033988897014,1310.357478985186,122.42854326178627,14.043021782599148,2801.581794325088,6.627167753929081
354.0,37562.98968906128,18771.40518482518,131.54085426715895,1604.7218304695318,115.13086507291509,16.68770600246081,3905.4452770962966,7.420583489235623
355.0,37557.955403577485,18778.155353497074,120.81570620901434,1374.617289147858,119.9472001314001,19.332279752028263,4645.729674247006,8.041313570397175
356.0,37554.95279455175,18766.70872542477,116.68898994971336,1217.6330635369172,123.10825010335189,18.150265421291518,3824.4031868775423,8.065333736230494
357.0,5859.838829025141,1515.0004270732368,139.43491138149292,2435.538527272063,168.23227186553876,18.55322000549352,3456.598879696199,6.215830926191918
357.0,37565.88808760134,18743.578277738172,123.19901035062071,1355.53549404244,126.41510410767877,19.13651643694586,5246.116112086068,8.342165743430895
358.0,37552.076472019966,18766.064212868896,115.07333090300112,1247.8498459299958,121.07879694791124,19.963028472371935,5558.149199613887,8.217417300887302
359.0,37565.890061452454,18773.05830190612,114.63293638015945,1355.4574808557786,117.26143533463653,18.236195990730337,4523.460143461367,7.212238144513194
360.0,37556.473454891,18769.076584354145,125.09435471418927,1431.2933890722181,114.35683380851907,19.337465680556303,5438.368206005027,8.232534783924317
361.0,37554.11908536003,18771.16972628253,120.25227852834891,1436.181665694316,120.75062562053566,14.506236881248007,3043.6316650025615,6.543162364613327
362.0,18984.950785871046,9806.124246611715,198.5013868159248,1009.0835477414834,170.435743740247,21.864621967253264,5093.563797766155,28.36963134409481
362.0,20504.64769233953,8325.220097182666,243.35542241459686,3924.236713676817,164.75528470714994,40.4018099051838,12624.955865747264,20.007326047493624
362.0,34076.13687548439,35348.320075465424,138.9115605552873,528.4770634627764,126.34264033052493,20.808109553094024,6143.599138152918,25.512372489297306
362.0,37562.3656845631,18766.52284061945,114.22035746091794,1212.9977544338847,122.32317429348463,12.879775544952857,2404.825574678721,6.505759575002788
363.0,37561.170742250724,18750.646409027635,108.01443167468005,1258.1696337178896,124.60629841787352,16.459749892113805,4096.026887444403,6.586406635139192
364.0,26262.9074186623,892.6142478547266,228.8394632746798,3184.232475530023,156.1563273227415,51.7619242381675,18692.98992444533,27.45841925775776
364.0,26283.088732293407,897.186519451505,164.9043981179258,2196.8074240019437,168.12068481749276,52.6564360558436,17607.708780523175,21.168058431931204
364.0,26583.192020813152,2356.8731069019304,116.85091145396642,561.140243807657,151.31883622737143,18.131879460547548,4071.768046263698,15.68234904872168
364.0,37549.76745900799,18774.292300101308,108.328148618167,1182.3887081581584,122.86697298338079,15.828749167878883,3499.8227848587635,6.794575754441942
365.0,37548.18819130214,18746.505292655227,121.88494472356572,1254.5495198286483,123.85351603364228,16.254051020480116,3785.92886418992,7.88618384726374
366.0,28494.348632151796,17482.073362397216,134.95511956926384,1619.5516574284275,148.87744670789664,18.530517947552223,3973.474729671762,8.183076357286183
366.0,37556.00533873343,18747.00042554147,124.45521720590749,1451.147950686167,120.51279257721384,17.851384847775435,4202.265296925191,7.674098277241708
367.0,37571.327238258615,18752.75020599127,128.99692231706547,1429.0359154154642,120.62826649936859,17.69412404605232,4296.081045750942,8.183223008263626
368.0,21200.279811920733,14237.019243875126,127.71964566470999,586.5107118179222,177.12354929076386,26.729546667065367,6755.301459026088,24.670651649574243
368.0,21498.722653637018,13518.274440555402,181.19503334325853,1196.057586701985,176.07328821867665,26.591565807459066,6927.651128205392,24.214503807167837
368.0,37561.238337342766,18758.232137904266,132.16792651760144,1499.1064990661553,121.29676979862518,14.78004037800621,2748.910611198611,7.36191189805367
369.0,18447.715089861475,8622.375546220972,191.74994243342778,1449.3812843996018,151.64629009758605,21.24197225145748,4875.963858672948,18.462554624884906
369.0,21166.976130229814,13911.124592703163,135.82452341011674,1016.1931763239146,150.92741197282513,20.418275933610484,5491.189313292884,13.227989587440138
369.0,37555.26645689795,18754.94365263302,113.98264576725234,1279.5068313466033,120.98292666578163,16.826755372332418,4046.289457125057,7.139725035364193
370.0,37563.11379124031,18760.894647113906,120.3522362287808,1294.005524150321,120.55995360252528,16.865762084530417,4215.884170647019,7.710247790950205
371.0,37557.82491141112,18746.023752215406,113.71492967056508,1195.4960073293857,127.84862077519135,14.944472143493577,3285.18770257263,7.02650220213024
372.0,10193.039804090002,5966.392533903513,129.89034949429765,604.0234024345144,153.22636899610964,20.92790304505039,5259.444835819674,19.976305394529213
372.0,11676.575370129804,4963.67873215014,173.0758210416724,678.6264098621034,160.89453118264507,18.206618730147127,3765.4535944294566,27.082561805439312
372.0,13037.467451716953,4504.153598934741,179.88620368665607,1458.1423099071653,177.18026841512864,24.832933229389145,6353.926980579989,18.64804832506893
372.0,13522.657571664873,3895.281036896022,133.3939007853135,886.0908690012317,167.77008738756732,29.364255418480777,7709.935634861025,19.70324167729045
372.0,13674.218433659677,6608.615959419611,149.40497986677457,607.2973422824391,154.7679056692641,18.03339609794436,4261.814708578094,22.666198716469854
372.0,37555.91560428024,18767.922298907593,126.31073480504432,1583.3842397970132,118.43348299733593,18.60581448527408,5120.272852815535,7.511557768066824
373.0,37558.655139248745,18756.94739516353,121.93237235487949,1487.5919232701092,120.22537902691924,19.13134287240256,5382.016447401975,7.59933727811666
374.0,37553.20601219822,18766.246545844897,132.52283926525436,1489.0044111354161,117.98713052799238,16.93687441740587,4253.694022682545,8.042145484403644
375.0,37561.04504815837,18745.028289261376,128.3602881604648,1374.3405119407896,122.01896127747884,15.756040759646119,3353.8928920402936,7.809037718169744
376.0,37563.63253174089,18748.149655308713,123.9458724998509,1503.93266747181,124.38549542301188,15.316018974643914,3260.0661783733344,6.794442247010037
377.0,37558.7169462356,18749.924596056026,131.30964250544994,1517.6092639755993,123.98751122470708,16.308290364045405,3527.4928829434675,7.631546775128513
378.0,37566.2756254997,18762.527249910017,121.2426304363641,1482.7806068782695,123.77913180600694,19.076557791541173,5404.9776191135625,7.536852698708458
379.0,14734.305235763082,4392.621980320729,240.7023018389321,1449.1340761855763,161.4246616857868,29.784857610410473,8369.683440940087,38.61554462797436
379.0,14848.50163346171,4100.086439484544,274.86883023912554,2176.3317893557414,151.26187469933672,29.06331324997749,7674.141136186317,32.900090999552404
379.0,22724.957617507167,17845.956925862753,172.12062662162344,2670.837819713647,160.86412882030604,30.887870370082215,8006.9789878647425,11.818198847393571
379.0,25989.582155480628,18952.505044876598,164.09234887482967,1175.592328558738,142.13993646520592,19.247432850260193,4682.619827154414,15.518106775307075
379.0,37543.33076220896,18747.71152284388,126.67494885162368,1531.4224272985696,122.42201708242807,18.024567972067917,4838.025818111138,7.602160980519213
380.0,10612.691333122853,934.1073405791518,278.44880934337453,3241.1419214148177,153.3632237016742,25.314142926045967,5614.891557528373,20.323477779064724
380.0,12369.80055426737,1005.2535892574153,124.65161604938496,655.2169673773003,176.338440012723,20.865800638068922,4674.6397729244,17.14798097462016
380.0,15089.450567715303,3518.784328890994,228.72694502511402,1674.46654329419,145.40295652341604,21.312741307819046,4915.823205363184,22.462055848767896
380.0,22716.536773839212,17871.273750845863,220.05874788715565,1003.7053304364832,129.30847125512543,15.028678607867839,3018.375573921152,24.92519219240801
380.0,37563.03962045122,18754.320570236832,134.50928694489295,1624.679204034859,116.25256404839858,16.829337023704586,4562.2512484981235,7.647708301750122
381.0,12638.471718242312,2829.703011537948,151.95442145217262,1029.0100140882428,156.52309325538857,15.951678757321156,2895.5323574179283,13.202170829570019
381.0,37555.31236089328,18750.728627852535,123.0649614899431,1376.2441105839412,123.59537284965758,16.876722638455195,3630.3421788665573,7.604606309171276
382.0,13627.372747331485,2253.999545550325,172.1840023041373,2188.735703650075,183.61326021536152,24.759948531256473,5068.8433472168535,11.826917696070641
382.0,13976.81956435357,4758.638172965156,247.46471251245657,1637.5231482714123,157.67020587917554,19.05826862528677,3649.3788046858795,24.10560483552306
382.0,14404.19449354031,3430.0123683160696,201.29646336604074,869.4060892503168,162.87970839880268,17.146849412211214,3355.9460441356096,27.028666771226035
382.0,37549.782759840295,18761.48384068584,122.26231785406824,1483.4397698705134,121.12260412621013,13.617722254295918,2762.9584884697742,6.347641363955716
383.0,37560.946535429524,18752.96184235827,114.39100126515157,1355.9915017978342,128.61231167192915,15.592543436241993,2897.4769756564933,6.584940037969232
384.0,37545.001884531455,18757.098414538574,120.25778540868048,1332.11790953109,121.88588292832625,15.687924039922578,3152.918697380589,7.2201660843209
385.0,37562.51405619467,18742.640550751777,125.63010972621905,1478.656906563676,118.01358993130174,15.853323930755073,4457.966773079732,7.158101642190105
386.0,19463.32992722648,23968.262501038007,128.59196169388937,911.3906194042023,133.33768102053298,15.699300539322518,3381.304694649398,10.92051578315554
386.0,37549.38265550634,18751.860245539974,131.90241477030315,1475.5189790883853,120.20083951679234,18.77596644150505,4437.830378692063,8.58705795968242
387.0,37543.96712810455,18747.243711744257,116.03611091983636,1385.8281047090115,120.9618825632043,14.65151136367222,3314.3677144667377,6.410663378619205
388.0,37544.8132320813,18762.1332129477,128.46982791256508,1533.9148212268262,119.93273558127716,17.12902212854301,3682.8006350166384,7.527381537334329
389.0,37552.33297789119,18749.022672550647,120.33502419826004,1324.4482490900598,123.2456200613956,16.446257826096343,3976.126437438554,7.456509383553806
390.0,19779.680238291407,19533.063117057183,97.14288703760573,386.48327279056355,140.02618937444592,15.984271118652252,3621.7308864686865,14.342791118161404
390.0,37536.887039630456,18748.99567140519,111.94865429898938,1330.8543638613917,123.962195062257,18.961718479197195,4826.312180062707,7.218973297607004
391.0,20893.78893254558,32918.19851276052,139.8095399048802,629.9089589155556,124.9632651653463,16.381776440434308,3395.521943549769,17.95281792409708
391.0,37563.5437224228,18740.05500903105,124.1505691741193,1375.265066841771,125.34193978723906,15.511083510919299,3563.300556943075,7.347829621679965
392.0,20893.66936170391,32854.71589660161,114.68984817368418,641.7525085525185,126.47506107701828,16.52502246873154,4154.285428189431,12.582760027100944
392.0,37541.17697165855,18737.37072288688,123.3266709071154,1509.7815281212595,120.95471602474416,16.216032066785765,3526.57763665338,6.933480025065179
393.0,37555.570665003004,18743.636303733212,125.43593013530932,1342.3059718894162,121.88563580241144,14.519757981371187,2909.9336911921605,7.335538320300398
394.0,3778.6483090930565,21777.142359944533,219.55317027390956,1667.7487665074746,146.15511460131586,24.57749361864733,6386.577762641915,23.67995586836367
394.0,37559.63583967893,18749.946315949423,120.53403865877786,1305.2716159476267,120.9258274485756,15.525849514108513,3469.5826413526734,7.318748591007107
395.0,4010.2541318255485,19290.06481230414,130.81729748005438,2618.4754960324713,151.47979188396124,26.497322407215275,6563.483246733186,6.609779259756183
395.0,37544.85692200992,18735.581000652208,105.03978141978479,1223.0327351134044,129.85146493808716,15.363423829345694,3483.1138387013143,6.233938093269378
396.0,37542.40818782763,18735.695291866647,123.44483373425892,1407.346021203348,123.08028419769799,15.513880506238428,3189.371300704054,7.155809775041466
397.0,6327.527437919274,31185.00920381512,247.67681077048692,4935.41911677174,134.15456261717674,53.97264217957218,16197.474036240545,21.741100907375788
397.0,37547.67817424917,18751.069386768122,116.60864045447451,1406.2592487983252,124.6172344361536,13.945526276808199,2887.411796016237,6.238027551274013
398.0,6207.230655543687,30989.11079163597,158.13885230829072,1237.3961094230274,135.9595828045265,26.209881738304002,6221.759382821312,17.91825614545302
398.0,8164.558473001652,31446.474357634877,124.67536504289602,2271.390934936937,141.4265562795137,20.001885684110448,4266.008236022192,5.7654595573109875
398.0,37544.2366504866,18742.152062690475,123.59626980433237,1393.1174436959443,121.38044840295373,17.23097217783133,4179.287169386849,7.676809455368267
399.0,7953.938304989709,28945.067317024972,130.55634279233126,2435.448604235928,140.59094328384066,21.767428378872488,5760.387441558371,6.159129719340418
399.0,37527.097479693984,18737.954901542333,122.0128209869781,1402.6947507523726,123.7347512815729,17.975167694440934,4811.9052272845165,7.675281052913716
400.0,7967.615504924908,28964.026396346195,133.06147533673283,1670.6121711523142,138.64534569704904,19.570490965959394,4622.916650273484,8.076146912227555
400.0,37552.30311895034,18743.826912759247,110.80060590924505,1299.4728339412043,127.5889327542202,16.062434581864135,3605.0389344025675,6.588568118670831
401.0,11091.881082965756,21365.373991536955,165.94927017923106,649.862351839521,146.6850597135252,18.692668248017696,4336.523729806929,26.679538516960026
401.0,12841.242168587465,24307.512630994086,211.9906956587035,1943.0921854541946,133.24267677197858,17.526385326807084,3346.2989257757595,14.515070835338117
401.0,37541.81185295623,18754.29067615877,137.18277324185914,1509.914321663806,118.59963408809017,13.673232376980263,2908.949615263563,7.429333182163106
402.0,15462.170561701172,25613.73328862357,140.31018001405013,623.8036378710073,151.55682600926045,23.73799970673839,6532.337850157055,24.988910747967378
402.0,37551.07898440254,18738.912013815447,131.83778926272242,1393.5126619723758,121.55571558730324,15.146847384705982,3305.452767104788,7.870281508830638
403.0,17338.2204675786,34637.79411320816,174.13398800512823,786.7744760894046,127.36068581626985,22.54327349251485,5948.252979653012,28.813085100230197
403.0,18132.06895235199,35944.05639297189,205.79595157932627,1739.0403245279585,130.12963949367796,16.463607142100226,3484.65557123617,14.482263942636871
403.0,37540.297036501855,18733.719394451524,128.28646106841302,1462.1300151746584,121.10282475438338,20.617937563773875,5250.416010557267,8.803042078833426
404.0,37546.16829104727,18745.29776572747,136.7933667475182,1599.241301918153,118.42661610511485,17.796345977120268,4082.790497793335,8.235602162339488
405.0,37554.971190364246,18758.12700075136,117.81536033030116,1334.0343871042298,121.426796894,15.250326653952637,3205.2358483451653,6.886213760608398
406.0,37542.86368575482,18752.989835807457,130.58956545300697,1569.09508016521,119.58942420773634,18.096045360690965,4912.479059688978,7.844371320386014
407.0,11267.186250289611,18476.329193436686,378.2914765236411,2578.2896402194815,131.3960991964,23.808432555723307,5844.114333007619,42.9863424807149
407.0,37532.13696840852,18745.461930366528,113.61802130903436,1384.9400876126037,123.05845286029808,13.911740898130557,2730.0686245496104,6.072836725990867
408.0,7944.999363902803,19013.533740261788,405.28328085388364,3569.4712341811255,119.1077109004733,20.007401835954102,4466.72115352545,30.582450865311184
408.0,37541.44141326249,18744.79647431625,121.64656015577484,1469.7930558455364,120.78655528342412,21.68211280863539,6232.4733261012,8.303186662226418
409.0,11240.753695100988,19598.28539951956,99.17659044566646,324.74307939941247,167.44039304357466,17.274193560309662,3475.1247933962277,18.41760271295245
409.0,15065.083930703886,29522.468072081214,159.5140785380964,626.4697894165777,136.57024208969636,19.258563814728333,5073.159993279642,26.322138531226113
409.0,37543.67211148835,18737.616694304994,138.43475329555991,1575.4223290615485,118.47126078182853,13.573413197917779,2823.207513133074,7.264211077861548
410.0,14562.026175493946,28516.515291231088,172.6221324778489,751.6065151554623,140.34530098616347,14.608650881429027,2889.930555185127,20.38568674853166
410.0,37543.16555278993,18751.143909670813,102.5514934635186,1190.2205660294967,127.63051016609253,18.421565858533874,4358.5150793932835,6.766227893499997
411.0,37550.589562776375,18740.612286621712,123.65738436743726,1428.7673664285726,120.28293145059074,12.884709251296707,2370.140336433982,6.463986569561646
412.0,37548.115132857376,18746.119575838344,117.90527459350054,1435.2644101771443,119.51859800403916,15.6044803766756,3704.1079941849503,6.599182325119359
413.0,37538.571685165814,18739.9149476859,126.24351781243428,1369.8544604632777,121.20228498759292,13.233578535934159,2567.295833806938,6.955057395520312
414.0,37533.299971435794,18745.03878313795,112.44335953511052,1218.6248276453864,123.82690488540553,15.818783617754285,3256.5973994865085,7.018389599094783
415.0,37523.04335256832,18733.272093636493,122.50853907681929,1503.1821487427965,120.1492375710254,16.630518567698065,3958.4852275077446,6.984245146916312
416.0,37536.30879312395,18736.40368449151,124.96077676298367,1410.6280171991198,123.03419218173066,16.53310813083463,3644.380889839809,7.545284740714259
417.0,33878.48566385286,35732.576025877155,123.94824104624188,1582.1177266076754,119.063000537703,16.643794879084677,3919.9355368015413,6.835229296391498
417.0,37537.534550475226,18743.174303713535,120.6638449546025,1519.702459999348,121.8154957495072,14.097228886228192,2854.787790274133,6.219492354214052
418.0,37542.82162681388,18743.836109722386,116.20878137029558,1319.840180460126,119.03145153024843,15.57097477662604,3643.3622350205683,6.877083174684494
419.0,37549.131013289974,18744.593017533687,108.98690768133933,1207.0692263172427,130.24702650670085,14.89467605140275,2671.161104797281,6.540897070639762
420.0,37551.70310113301,18732.548628418936,123.06045561640484,1423.055119624882,118.89621677842503,14.978098003148451,3569.459324747629,6.929755183474509
421.0,28272.447589498894,12408.525649080324,207.06118857345322,1054.9731149923737,137.63346221812216,19.683138883869308,5087.552212969211,26.821783997336688
421.0,29904.30806620646,11213.368526004479,174.16233832041772,818.2868759712951,131.28833099142065,14.45454435948066,2840.890553014082,19.029328623908604
421.0,37556.85652464848,18734.804055113338,115.1951040826371,1242.4929756055994,123.90615751680849,18.35362046970829,4757.191442413544,7.8264571339395745
422.0,37537.70928462276,18740.559355248744,118.03372009961117,1477.779347846208,120.98660105388404,18.596535940964486,4793.117220686341,7.130089562099906
423.0,32091.174088658478,5195.427169825176,98.08317869300399,525.1110332467185,149.61239421751085,28.244433893190966,9500.147899911526,17.516857015442785
423.0,33763.55375596893,8208.078834102393,241.047820008053,1020.8841835127884,127.3420477940371,17.102961744765548,3871.6640237499882,32.52519795528892
423.0,37544.36618043877,18741.569462341915,121.79688450850622,1431.36527201516,124.03744744334226,17.488631750459266,4112.043970423206,7.406648677840475
424.0,37548.621952293106,18737.53781373481,113.70033092764352,1287.8909995041727,125.49220384013732,16.18667542985668,3424.2730715507478,6.925089660735651
425.0,37541.48543233502,18716.324604933805,135.98408765871213,1515.9917413793967,117.81578399019574,18.444275328934573,4900.521224286507,8.723740111489882
426.0,37536.58146359544,18732.284370651465,115.84065408496083,1298.7668998935874,121.93054198336186,18.481023793514794,5111.316534014118,7.650752818958542
427.0,37489.882073330984,30809.533603892127,122.30862943937385,2216.5275523098494,124.95299393369484,16.90256197371192,3802.0924974081313,5.233115833963388
427.0,37538.02483856998,18729.693787608154,124.59781823435115,1475.2465417265057,125.06731777256176,15.759543079253342,3465.6573040714256,7.058174504992139
428.0,37492.926913877076,30773.15128706528,138.16390216181782,1805.9457739755367,130.2078543301431,21.26360297049071,5932.095152702297,8.516358501519036
428.0,37529.089692384725,18723.94312621584,108.81694697665742,1298.5627540095547,123.56781430470745,16.969889596750434,4143.156179208073,6.607905773041905
429.0,37534.08878530921,18744.92282531259,130.4868172174819,1451.689320004954,121.38799101028859,18.656417455757776,5148.781938663639,8.515323706931424
430.0,37541.2439040565,18717.729716247297,117.84798164478359,1359.9693707707427,125.34130490917863,17.820206599787724,4187.270611814887,7.409215484984638
431.0,37542.81308810997,18726.503521118982,128.32525124969553,1535.0582070119922,117.75252162306224,14.445500396897767,2854.26379195334,6.8337843992979606
432.0,37524.40819562549,18731.864243673834,118.18358547443395,1417.790726960094,118.20218674499905,20.69032649637991,6367.959352128479,7.905202355206876
433.0,23008.868578351012,38169.73711657937,127.58194672513737,1599.8848530259384,129.97475523440355,19.252252618267175,5398.079362692124,7.733393522887303
433.0,37545.22281127437,18734.736441574743,113.55954285848769,1334.7267704735893,123.37462156417396,16.41273180147672,3751.6066912510264,6.774995028977172
434.0,37540.83207273532,18738.24910275663,127.15257110953345,1493.0458088030314,118.92274170012477,13.911475383292647,2850.7049621080123,6.754913659137577
435.0,37538.60355752006,18739.253550915146,123.01965414619615,1513.9617867669692,120.79672002564863,16.443356443296203,4045.689861825835,6.945733320979105
436.0,37540.67504127312,18740.398513925407,116.63205815499147,1284.4741053462658,126.03351746829433,16.261071487225028,3917.2056530996124,7.2321104428702165
437.0,37536.68480095366,18740.035675152696,118.81000799006542,1436.0564561507779,120.30346854214734,15.024373718732802,2975.6515318945667,6.542826876070135
438.0,37538.03792421613,18730.330399345134,129.24996523871775,1614.1116980865033,115.76767684214173,19.428401184517767,5980.547666478385,7.886684650517224
439.0,24488.637121128264,36200.15645326873,120.82859561567007,3028.0341989640583,140.55649277590726,24.001923676324832,6461.288802950262,4.8633586751076185
439.0,37540.137570502,18750.418361982254,131.28729681207355,1527.511977829602,123.09603871853982,16.07283141384278,3734.9968370846677,7.526446832197603
440.0,18314.90179500863,28195.544585043383,163.72218240107418,1920.6594987427688,156.99387719743928,29.013147177966104,7924.9994346177855,13.85642476890245
440.0,19566.637954469414,28754.383804864836,128.4366408454966,651.8755358835466,142.30807574697215,19.66529788299687,5300.888899747102,17.32149326971684
440.0,20233.472617443636,29884.643918528716,103.03043149953884,478.30347345545033,145.05819590282758,17.460082657988185,3925.517302313919,14.073695700721329
440.0,21870.830160333244,30409.448474493773,199.34942043278716,1700.1914363404558,129.22929787881367,17.991374002565994,3724.3272136388027,14.959778994518103
440.0,37535.42503047829,18749.287630256524,114.91490633524865,1508.226737240465,122.98567818806895,17.224022832993025,4078.5526191983035,6.443395086278155
441.0,37539.028989650666,18749.9924977481,110.48420893019416,1322.374804893827,126.52055557104183,17.04625599994076,4280.518998653639,6.683545313070694
442.0,37533.18968359434,18727.59583650359,121.18637029585872,1311.3716244263512,121.6620919744112,15.021479524636339,3285.3338580393292,7.220723993139383
443.0,37520.747264407466,18729.13382315636,124.17297056759799,1472.632121076208,125.3185065904188,15.988813711693329,3591.3478805059335,7.087475636276436
444.0,37527.43876103531,18727.906133943983,125.83440688946301,1470.484192066331,119.07098731069071,14.263996485945194,3411.8855016835264,6.813384950126945
445.0,37517.83519172505,18726.800350154917,125.26137552897896,1576.8527765226968,121.55114542607461,18.62982783920761,5072.219744658736,7.443082315602356
446.0,37532.04473901207,18727.66783894178,112.23591516224357,1314.6401581742944,126.08301907105641,16.889243692358484,4083.593154780303,6.841263056372875
447.0,37520.51269558612,18742.564449625843,137.6914865475083,1697.5513561373382,116.77170087412175,15.179861751891902,3550.1744270203826,7.221591800879956
448.0,37530.5848349282,18736.680085784916,113.65985049960517,1376.6236313225725,124.68127129420337,16.1298968746247,3573.5048950078235,6.563259859192689
449.0,37543.7752235825,18743.33939093874,122.490476717866,1648.2657400962898,122.10106912996167,16.628438699079847,3888.241159023366,6.500863280629544
450.0,37529.7637590798,18743.19586734095,123.29599163280746,1441.0162728081527,120.8400072026899,17.082998613931593,4386.471712247526,7.405954514229466
451.0,37535.767243681665,18745.780644077266,117.03325885658447,1436.647665291992,125.18825640809892,19.191802473552972,4927.834430392374,7.335970999483299
452.0,37531.71505998603,18723.243037169526,127.8274877704774,1451.108198948955,124.01437681668516,15.83941111090221,3455.4964116859123,7.456317412867313
453.0,37540.87558918309,18725.179189488725,124.3060819626657,1528.097164843635,121.84524927574535,15.056426161389155,3280.8327074814174,6.681801845760358
454.0,37522.21545067211,18733.116880268513,122.64730898707269,1520.8196154384264,119.72631651871085,17.944624222973008,4311.86766067706,7.244651308908639
455.0,9280.51742478996,18958.93258418544,204.56464095564255,893.4300718193493,152.2332862525215,17.68101080719497,3612.444428912546,27.889795650259355
455.0,37527.5875004488,18734.263389210457,117.6007292040574,1409.34543083343,126.09561356438434,16.16426648661584,3516.884740221184,6.7921796582975595
456.0,37537.5512180023,18737.90096847169,120.99963334022159,1503.2301076619988,126.2537518931914,16.672248470024858,4229.344074609825,6.862499710697784
457.0,37526.37011928756,18726.356362323677,108.58824315852061,1333.5984815940838,121.84965735203946,15.51410679413889,3616.7639684163087,6.16192424854036
458.0,37526.90861671694,18730.078032846857,123.66657848216707,1467.0429944967123,118.08560527713122,17.193671458150497,4307.967327501872,7.36364612030304
459.0,10589.824474711966,1632.1195137061566,235.70581554864268,1127.8036641486576,144.86121654974914,17.61084187925783,3439.9736625153782,29.13065236259359
459.0,12137.390060647407,3762.8889560321113,135.69497597888758,580.5657687873322,162.2990669258723,19.305941987552984,4749.916687383634,20.97088432580614
459.0,36658.218757235096,7076.307677569159,148.9800269746917,623.4194760107914,114.4740459673976,13.986256021218386,2904.288829735174,17.918537091504287
459.0,37507.91408456983,18721.77981174332,112.86728351111259,1352.9136386545092,122.94251813499686,20.071983712886155,6131.760378412785,7.476617250183284
460.0,9681.337015264435,600.7184013136875,165.70722875942516,2417.273954319755,165.66070161853938,26.22235606510951,6957.069405408386,10.573430671534151
460.0,11151.464182786623,752.5901168436602,258.2930348234812,2050.4595412440544,154.91072068370585,22.144965477888544,5022.263750140491,24.129090397937333
460.0,11761.2601849125,811.8067027493078,294.2058296944965,2457.309514697657,145.8636468071013,26.140934141447044,6819.708860744002,30.235747553822
460.0,35133.91115572769,2876.4713938729656,368.62878125580767,3433.68477044458,93.02008809710937,20.55560261453678,5127.089804993347,27.159458220468494
460.0,37529.1183903328,18709.4329073827,121.30469478844923,1415.3638012189656,120.64390093330857,17.387582594324037,4445.76552329542,7.400516131010543
461.0,32471.85805905693,6479.5331948604135,153.15253145827452,2484.8363082762694,165.56808335241587,42.23345801048499,16432.08105361141,13.331466078109605
461.0,37532.67548071809,18727.4191076818,123.72824120464448,1355.4994264238248,121.96544323421521,15.249980300393416,3230.8868173361316,7.323304462683513
462.0,32396.682084625874,6207.339844112814,238.31944211091857,1487.5578483535978,122.50501575815197,19.542327690131962,5053.56107021084,25.124501231503203
462.0,37518.83072537541,18716.571408994783,119.31734759598369,1308.8006264756577,117.3181548826836,16.690041562280584,4276.311566130656,7.492078586274313
463.0,37506.46897221575,18734.998419278425,138.92437049095784,1668.5975044103707,118.52395339429395,18.461500525984423,4994.690111223258,8.350223319188148
464.0,8674.482236485284,13826.338444086765,148.38191351000123,6380.854673397703,184.60698453855926,37.337400334618614,9956.26440484442,4.8715286365287
464.0,27898.884284933778,27399.783241046633,131.25011560871215,2217.5158752562315,142.97595326098104,21.68956378904703,5802.258652785752,6.686590843093634
464.0,37533.48385779465,18728.997771027058,125.69867613864744,1439.2766813916048,122.65219543710928,16.658097683367753,3544.955939336882,7.527601073098167
465.0,26780.83159293569,26806.39045627518,145.7653387248291,1010.8547730623816,140.8187375197897,21.63478477423389,6203.231431360223,15.802130957923525
465.0,27815.423578290272,27048.284980668366,455.28522199219503,6212.492525828027,90.94678530964508,27.89529186750927,7446.759223637393,30.467725546443432
465.0,37515.590900739226,18722.684717680357,122.63576075712506,1464.509299162179,115.96298991505768,18.754971291539476,5690.997649524101,7.6716881364994665
466.0,37534.9096713644,18727.44959259101,115.31803545418182,1386.6502875837537,122.47658592032957,18.768525010756026,5104.126231471471,7.273753787356186
467.0,37511.93708607054,18733.748730893305,118.70738417642423,1400.2946229442412,120.06198656715453,13.461911585947194,2657.657150590108,6.314694695921611
468.0,9646.616994744045,1667.405137786092,163.36975054684046,587.9132952932846,156.01408588602652,18.546952879526227,4056.41017348682,28.26930288400303
468.0,10765.137616810995,1934.077240859791,225.7361130848517,1055.9067822367049,144.38853737885455,18.296590984000158,4066.1370104886896,29.556375465166834
468.0,37519.70018297997,18723.410093065562,122.37005514157156,1396.1189519461736,117.76158550211038,15.892213512147384,4004.376572701633,7.200372844584742
468.0,38870.48675753945,31213.959132697102,127.03534572715789,676.6040194911885,106.92273095894272,12.923818044144815,2884.899622176719,12.05315041137136
469.0,37529.078572148544,18724.208072853642,111.92209774391415,1296.6091617165744,121.12641831968187,12.747831580952386,2304.0716103893324,6.002126446339354
469.0,38867.97260873776,31228.201396743527,113.5406277553389,1534.9149062567544,114.87628062302223,17.645151013918795,5088.977857050946,6.32488519930559
470.0,37518.69130966346,18713.77540174283,128.9786016380663,1436.390721390798,118.99962138028324,17.305437068572612,4542.636224609467,8.035109272634003
471.0,37524.04046679084,18731.4124384361,123.3935844518342,1276.2403038034613,123.26950091348512,17.899135952767963,4604.321929775121,8.416917082873795
472.0,37525.87935415878,18743.025978682726,122.31128761862675,1458.3619963867366,120.46192195536823,17.33204649941126,3891.005669103754,7.3065885185683666
473.0,4096.477829022368,19577.050910111346,205.54833321492566,1949.5657663942507,130.8207819035167,20.03129991628895,4606.239351039003,15.223978437215436
473.0,37518.55015025538,18726.953786985952,133.5974549453402,1506.6061758235414,120.63544410957441,18.467338819819044,4817.528552652948,8.524917966884171
474.0,37525.81998144729,18723.855919040212,111.56336113879757,1403.8947632316765,125.5829094691803,18.403141434905972,4371.546918560838,6.759832605441632
475.0,37529.99882266476,18728.019757286296,126.33081790485691,1386.3503870662425,120.27387172499161,14.496348813674556,2955.2825063365294,7.226961508367096
476.0,37196.72070213739,16187.74657161802,142.06336377234408,1009.1241271393569,132.40852043954573,19.295846288383107,5154.00033017436,13.789058218551858
476.0,37519.512937160645,18727.68027259262,118.12221776850339,1336.607134957569,125.02199682026146,18.7970389603284,5159.765803553231,7.793054267188134
476.0,39840.003009723434,26330.155966633556,116.23623710954838,1145.5386762844091,111.56545642144965,16.013437549534824,4408.742504931707,7.803179193477147
477.0,37280.19654783466,17404.027057262214,152.56868704992593,532.8088929891596,132.64818131663463,15.811096291900787,3314.6320789328515,23.78377342549125
477.0,37527.95399888018,18736.092186908667,122.30735609380267,1522.4807064870115,118.51298235720004,21.099476430339298,5514.681741470518,7.9850511486906495
478.0,37526.74374520814,18717.42311561661,123.62636045399312,1485.642626028083,118.88558803874263,16.497643726900694,4165.597115871467,7.115370518058655
478.0,37992.761792788915,13324.382113540376,136.84586021578895,642.0959519513947,116.57565446880412,16.53423562227408,4239.876925616091,17.110994278473083
479.0,37512.79285134467,18726.119066316016,120.84253203484202,1345.0247495345595,123.4888412326557,17.318621622194453,4585.183092198216,7.643789865454384
480.0,37529.394414047754,18723.442968720476,117.61955352490183,1346.477885649693,118.145921488815,17.718586813999206,4599.144909733801,7.420321390926103
481.0,37525.610805392214,18725.77679544248,114.78243049331867,1197.5810556146046,124.80677864275748,17.26439333742351,4230.832399767618,7.721679131370093
482.0,37518.72699618069,18728.095547663586,129.03525776413662,1520.209249759303,118.36674386342683,16.639668165979522,4145.562099573264,7.503977169298651
483.0,37527.667015483676,18718.70267215394,123.75379920994644,1531.4054945537025,117.80184919482275,14.726264082846916,3722.659772621497,6.552763649245851
484.0,37507.33251570519,18719.712077575256,137.9960418666996,1639.4324327895308,118.79678113079927,16.356121049900647,3901.525827459201,7.771672663189703
485.0,37523.62892212704,18727.938559762366,118.26195877445028,1454.1880159548348,120.47404739132597,17.316357188621414,3891.602764266081,6.946794247684939
486.0,14017.1524093947,20507.68741858735,152.74070798108468,790.9798064807106,161.26013145413003,24.1969618361078,6437.89466114326,23.832930765325397
486.0,37527.19570944392,18727.505566715583,124.0889701438965,1470.8306031711738,122.98932827081792,20.76321672061177,5845.698135707289,8.327222349342788
487.0,22561.61711678853,19593.368132267056,212.1252137879718,1603.1552738270987,139.80950836816874,22.058911189221323,4384.729661582266,20.94143004360251
487.0,25095.786768793878,22607.042588399374,194.89811567085715,2465.5704825527428,144.687716433573,24.715740248354585,5469.687103497677,13.259275184909871
487.0,37517.4807932682,18735.899955025092,127.56474954661802,1507.2829016740175,120.07475989163154,13.558116900491552,2871.9794139877545,6.655057999222396
488.0,21038.229273876655,28668.33829604233,117.58580145169918,2108.8104755705635,143.3318590177337,22.809996563274197,5446.47167662936,6.028863827300873
488.0,37529.865673714354,18727.621911757695,140.75728946641644,1649.958771365174,116.95724784521455,15.353976138517165,3565.777286848224,7.686714736409242
489.0,37524.316095943366,18735.755691742073,124.60537050700978,1502.9448099352214,118.9477212405833,18.345851872876164,4291.5554427751495,7.600826720272018
490.0,37520.48670587265,18733.655398878836,113.89975445755894,1308.5399280573245,123.19635930097436,18.337727651920915,4943.1650334679625,7.368677267571626
491.0,37512.81984027038,18721.850921105168,125.886574086677,1448.3958343601162,119.42059838953088,18.9119914683974,5060.276052127865,8.118085633899073
491.0,37851.902049446195,36572.48556633384,140.483246431018,7074.131049854177,146.04729188809208,38.45172271292442,11800.585828648402,4.16143365369217
492.0,6776.6329184612705,19509.189170054357,162.7118938657981,994.1108494725255,142.96356088089303,16.43195089870956,3563.892427211607,15.676978875086643
492.0,37525.77895782085,18744.138434173772,123.12301712216507,1626.477921650254,116.63812210378298,13.836760168412102,2328.0086626621182,6.0390225958175785
492.0,37852.955266109115,36572.12314337807,126.24217622927455,4681.644184988619,137.0706505565701,26.872895697157468,6630.966669950908,3.9468722542281425
493.0,7592.045860980822,17472.189600479447,185.1437831408167,1685.2007478667792,148.48022458125794,17.915467504794982,3535.6985018510086,13.189019087754724
493.0,10690.326468738225,18821.298970979653,162.53867988770375,954.940981428126,156.54173812354628,21.66050453764833,5192.349626760141,20.35994604335925
493.0,11520.870036170156,18366.47961167939,127.67526142234334,782.7834580629766,169.88921741413148,25.32080749655215,6644.6548271728325,17.90933228695941
493.0,11601.081048075801,19209.839902537336,150.49796970050915,1219.856168714819,159.35521793435817,23.02479730190957,5865.209741104272,14.851154985663282
493.0,37528.67540208365,18720.989309874483,125.9669079138631,1474.579791649409,118.3901605370693,16.975219523050345,4245.291514392971,7.491452754375134
493.0,37852.85688367655,36575.38542580152,142.6250377448342,7181.607473188407,150.48149650166138,45.28013530338144,15553.39935260994,4.723502920978946
494.0,8696.736257541408,16320.188309253392,165.03657351624642,1265.0152723050992,174.78641411150574,25.6799527703049,5985.154687282968,18.672178652742662
494.0,9735.225245470927,18760.18244965226,147.2409554298173,1388.0783756359954,148.39660595331787,20.306409636570045,4762.8155883152995,11.521921157905767
494.0,37518.07968332414,18721.93029126279,117.8718666122134,1428.0149032444,123.73011635220428,18.51769357850303,4948.750345159319,7.2940962981434065
494.0,37848.2772160103,36571.41491589055,147.2257483122177,7480.857272827964,155.69868461339897,44.41997472582033,15068.346818287362,4.748082062208201
495.0,8201.161853618712,16300.773450410035,143.83511738672058,3774.6743165927032,185.18608479641892,36.33239712438519,9671.435676903193,7.137332149189041
495.0,37521.15642443525,18733.846798071016,122.54845910809529,1408.3839086684632,120.43323481081536,16.694526423521975,4088.098274021699,7.370744642214693
495.0,37853.953057619634,36571.7835296402,147.21833164735682,7604.545739388937,147.15870958931725,47.354713193339784,18289.223348445776,4.907669419817463
496.0,37527.99312288697,18725.403335604362,121.48011553027955,1376.7222007655334,121.23508500093713,15.082571732783682,3582.3456212966034,6.996703468401626
496.0,37852.57542308074,36575.2963643861,142.0946960122705,7293.595198224025,150.42271745095903,45.61327153670484,14544.158229203244,4.655796880892914
497.0,33398.69579045863,21972.730527852957,131.0037569149926,1012.380041660942,123.7117421367851,13.869496728384881,2810.2138998426803,9.536308978829654
497.0,37516.31660941019,18741.55724934249,116.31282163539156,1458.7936538011834,122.80643198744829,17.828979054828164,4544.329707825507,6.868053417668123
497.0,37836.59118127849,36566.02537176124,119.51655571014973,2050.3380995238153,116.20865439905981,17.620330800421407,4520.7757557868445,5.471912677822633
498.0,33976.86974232029,15603.10199531789,173.87075512002875,1101.9740562642696,127.99642659249446,19.91130492168982,4995.450003995122,18.799051973997255
498.0,34969.00731099872,13462.648370142628,105.36067258613804,389.9373722090481,123.58401728474131,13.128297304870884,2652.937814269817,14.184589237255647
498.0,37502.26824182956,18715.33866020933,133.34037519673285,1570.472807260455,123.476343311513,20.23581068608394,4361.325920668192,8.726976949256018
498.0,37849.74166606561,36583.69197347456,125.26985115143735,1990.994581154164,113.27295482115855,19.501983976087498,5267.9954002891745,6.349002248371877
499.0,37519.17894347505,18725.53899196362,127.55841645984734,1447.5558319822737,121.09042639970563,18.46480159355045,4800.287710166702,8.17077567236681
499.0,37896.505323646554,36657.01462478667,140.56112187294914,2000.5775241246165,111.4316346050912,13.455019690500881,2780.107400567769,6.1934096156098875
500.0,37528.180686876025,18721.98672622477,118.91745589066176,1420.2097144509187,124.33366923689043,14.716527576035178,3393.710272900835,6.537945118154841
500.0,37900.00561906212,36653.32315385747,124.08766371574892,1338.6811539294106,112.59920848843447,13.011890321415772,2704.064986846824,6.844441407523888
501.0,37512.86122674413,18721.24092362777,119.11632086034392,1485.856746483425,120.0928219484948,16.191932331948117,4020.180629304965,6.6545621419479115
501.0,37913.90543509208,36677.51405427334,124.83937057598497,1951.6731244134585,119.82401489188088,18.14227207798423,4154.609773680617,6.157545376452153
502.0,37523.82843146721,18735.374960608067,117.60897449293392,1421.065132464535,119.47995351537949,18.611000359178053,4823.759659083302,7.3192928670401365
502.0,37868.861826423105,36680.094733737096,119.11375695789948,1928.4478984665066,116.14778665107092,14.738977542207527,3251.904176941856,5.243749697026038
503.0,37186.244124364726,23780.995469056797,139.24135003261395,936.238464870432,126.86865767549112,18.815284713307094,5165.617709658574,13.949710567636458
503.0,37507.87741289284,18714.38138105022,117.977275897195,1446.127963216704,121.16732634908224,20.193859190343375,5531.324332883923,7.632892169972656
503.0,37837.39396804986,36681.590531401445,123.47253669801408,1416.1808638147686,112.72798174982763,19.757573476696663,5784.814685707102,8.245698377777137
504.0,37526.84004639678,18713.436699548238,118.84349571870969,1425.6441469396173,122.8794367435774,15.146682997390778,3411.1681268094726,6.608842151574098
504.0,37852.668452194,36696.731526267366,131.64138025951962,2148.7394184122254,113.4127555988648,18.65520517548932,5101.50458975107,6.2939434072018745
505.0,37530.18183154562,18716.018849211046,123.92799814684165,1324.6773081344968,122.25183474636242,18.12772923242827,4924.674636806575,8.287993010599791
505.0,37860.26320137726,36682.60716391017,128.96255109523764,1815.8006208004372,115.15633721469428,16.916799506254456,4010.0905322953063,6.583754568554842
506.0,37522.293730686375,18714.47000088512,125.4686417431652,1557.4276143473692,117.98736606806253,18.873274840534094,4346.844218440673,7.59923046989387
506.0,37953.629796669484,36682.96721962763,113.30546419950619,499.2144704539536,104.90014905449699,12.497382821340395,2796.071727007854,12.583315454070116
507.0,37515.5066529942,18715.24397148692,116.5949422050819,1335.7237986432353,126.50300055880109,15.656606684194905,3282.6848321757925,6.868367056763375
507.0,38017.96811949823,36676.41038827003,125.52392013232826,687.6139805066399,102.97092647340607,15.150287476412618,3293.6742515027217,12.988673263414283
508.0,37509.88512573274,18733.068850048352,123.24485583153448,1398.4953140922005,115.8985913374754,18.341447071761664,5255.667729032365,7.917101904487434
508.0,37990.3355372043,36692.27590659243,96.24715749345474,677.8095312358749,102.52997403759208,12.79824882452628,2985.426596422974,7.801058917413898
509.0,37523.19306177355,18713.46958513641,112.38319660186392,1374.2478892384454,123.07520194432806,17.567522784661172,4464.231582218123,6.769668431622446
509.0,37996.3719381105,36707.958003646294,121.15835537580064,699.7002221617892,108.64366996114902,12.605315496029439,2489.335711984987,10.70023992521679
510.0,37512.621702430115,18716.335360707377,124.93843051876097,1465.8722310053663,123.07703629657054,17.58096153358338,4326.229350673856,7.5880268571325775
510.0,38012.40344663273,36685.85866050208,104.18069672710729,682.3415308818469,111.9775170759659,12.45505175201746,2406.4006568524323,8.59766977830647
511.0,37513.41982543638,18722.53454367199,116.34432796339934,1436.0737330702602,117.55416463331666,13.921891747165477,2896.825526810512,6.118584289553052
511.0,37979.01063835324,36685.11743410783,111.31523855440904,727.0353433022133,106.96322251352113,14.746952506626545,3945.020913958006,9.989195949165108
512.0,37505.229520063636,18723.165471705495,124.16127299395129,1562.8743830299086,122.23804780990007,18.73613529850808,5017.052721422552,7.418264734379479
512.0,37982.57439706512,36704.166413507395,116.33163114525979,689.4786063921523,107.78250937960055,11.768713918886508,2438.5695158274443,9.765118603561147
513.0,37510.678178569644,18725.343387532434,133.11451214505257,1673.812591742228,113.48791223237276,18.534940176220843,5554.359309527891,7.7914253291896625
513.0,37994.26286743924,36693.77435069704,117.38763401762876,893.3636872498943,107.82635823664756,11.919697696763043,2475.006483373703,8.173921093862896
514.0,37531.43408410804,18723.967744433136,141.75375049538306,1578.9086266144445,115.91991225867596,17.69026063248399,3831.5838364923056,8.785032157628999
514.0,37982.194784524596,36672.652479179946,114.06266945041203,1683.9676145146575,113.86734697308287,19.67841882986488,5795.343174635835,6.299372651353535
515.0,37514.21840092367,18713.260061652505,123.82240741371052,1596.693514961735,115.40155444351656,16.7439625274975,3703.6105680765286,6.798757413368329
515.0,37923.412567632564,36674.641576351074,131.84566500610697,2139.9400229440853,115.26355005539916,18.343399107139007,5313.471710371768,6.269306917006044
516.0,37506.14327561061,18721.195102550486,116.17727467600908,1363.1849053215944,117.39769102238166,17.13703755928472,4353.079026862103,7.068899890867391
516.0,37921.02973165727,36656.22557218748,129.57931025344757,2464.1961905757817,110.65520700101217,17.819323332968423,4178.101385815864,5.398046921883624
517.0,37514.9152121045,18719.127975308875,126.59287527047395,1365.257077861684,117.60256549138496,16.55197045868843,3810.138093560697,7.908695457401576
517.0,37914.88315856318,36608.54686117163,130.6407208263914,1443.5831875504464,110.03525327838798,16.856393856173465,4790.47425643249,8.036622560230477
518.0,37510.500310020674,18715.296301473867,118.87648877439344,1481.7291191382133,118.15121315684159,16.12392618138595,3888.644613878373,6.633647474725553
518.0,37919.33064527462,36614.40637346508,122.83186433179566,1897.5905345147435,110.2443599438248,13.959995420980116,3114.422023112221,5.409238982184738
519.0,37499.48361955815,18711.356649272813,130.56525735363874,1500.1389942474357,117.74965110827789,15.071432224113758,2991.1941314313035,7.30020295988156
519.0,37897.68956219055,36684.216175955145,122.71770487226112,1550.9896788885621,113.27393353333905,13.997591575312246,3153.9899375341474,6.2563205507163575
520.0,37512.635424642045,18726.864276224205,125.93265811023628,1507.8881413061488,117.08977614463521,10.329478097123543,1581.890238675396,5.8450958500623
520.0,37915.94666979959,36697.305217832654,119.24150232150863,1697.3575900000853,117.33330065998663,16.341427659564943,3770.1447772071574,6.051767254752709
521.0,29206.46231178061,34790.798093426856,174.3352112393132,1324.8282990830737,139.515773333552,18.33142005704585,3947.3915152238105,14.942834550833773
521.0,37500.08864206934,18702.027659661187,120.64016008058981,1426.0497542715439,117.68691076266059,20.19350974309935,6123.253921353825,8.007110568752097
521.0,37904.426120015014,36713.313435863536,121.16694453892366,2081.220539652797,118.2146134205791,16.361279768356727,3795.56698351671,5.3257458448359225
522.0,37530.30231650635,18712.903018819132,127.41960059539355,1345.4018155298543,119.88341264267353,22.664305806235106,6665.747455071327,10.003326748847321
522.0,37902.55350323419,36738.41142789967,122.9722019672891,1196.960619505816,112.25515770263297,13.435962843174874,2988.9239553018947,7.461423904505355
523.0,24397.12683430785,29274.42237268698,152.46824798732663,1247.4560065678147,149.64966889554861,25.153341063583717,7252.650525694293,16.04322584701646
523.0,24379.925219096112,29968.519841950794,113.06094362812605,663.4984782715364,150.23981771634197,24.800209706138222,7247.1904840404495,16.39069640828283
523.0,37513.12775727754,18708.72631411465,122.68294240506584,1345.6037188274497,120.38563735842449,18.654750172574072,4900.9740900972565,8.198803851782523
523.0,37849.91514714903,36666.1053714957,127.69767675373798,2271.28292560217,119.53302995149878,16.589340667625418,4000.402758962587,5.421161230375166
524.0,37506.74606604966,18723.28951121315,121.81833007144533,1274.5498336206583,120.97410108674052,13.962418732114866,3026.8631436248806,7.156240360396059
524.0,37879.92488292004,36624.973296531134,128.76825527280394,2731.1050996511144,121.18066783471718,17.673729298246435,4255.560577066014,4.935594980387081
525.0,37502.36186358275,18712.42922861716,138.23186126580916,1682.092616182704,116.11309852436472,18.009676002320848,5122.367711806776,8.09821685823624
525.0,37880.17639800789,36620.068924204395,130.75581549538538,1926.1808035815175,114.96859417898047,16.604318888064086,4068.6131889468315,6.359267835790427
526.0,37494.144919169805,18721.633002968993,120.43451118732517,1309.550403306003,118.7811361787477,17.364496275214886,4116.309753372617,7.780335351415789
526.0,37877.5524282977,36647.711858727795,125.9555659826069,2040.3180224670982,119.96926666363633,16.662120193025828,3955.6864458043883,5.768095573048358
527.0,37509.03031290074,18729.403405292138,121.97209679152795,1393.5617990763121,121.13978067686972,16.10776400205427,3742.729693130317,7.22912655997076
527.0,37870.620112614204,36617.19565090031,122.40588940263507,2314.9845286621608,118.19270198726893,15.229994917939743,3418.6644904112472,4.849140699560572
528.0,27870.753622464206,14924.532678992507,153.00736755840137,592.0289121808368,131.70221430423618,13.379910479752759,2589.399900139491,18.99863815975422
528.0,37510.12201721621,18719.34938907557,115.97447431162732,1471.755521224507,120.58187829763548,16.195294488308296,3959.370980964133,6.440980630152645
528.0,37871.3045214026,36623.46045099357,123.62378150561537,2830.2082773979882,121.52709799681205,19.973640199986722,5829.552318150405,4.80716111349407
529.0,37510.23878803564,18706.632137475266,126.66538019974324,1508.9686357663707,118.28618061269717,16.513400290020613,4267.380371110828,7.3012535266444045
529.0,37886.10328922336,36612.15473455981,134.0054350312495,2196.586596457146,112.99107992073966,16.59097223604118,4020.3443526843803,5.966414926851858
530.0,37518.825270144494,18718.701435086397,107.34484649640382,1355.3499331186313,120.57277891405357,17.33046616870975,4777.106429263247,6.335599129057568
530.0,37957.72610004428,36597.21294172518,120.01238229749909,1781.2089209429018,115.08185225609986,12.97796487916048,2481.166800325384,5.320043005508145
531.0,3701.8737932249524,3366.05695984036,268.7989392814419,1772.3816398602555,127.60614140577587,15.65564032303386,3250.143302918241,22.082876824745224
531.0,5213.225798244694,3681.377454882809,109.70426615014863,814.0139829418972,158.04741675916756,18.4810979136494,3944.8127425104753,10.314042909932379
531.0,37505.58944926513,18711.727685332284,124.97854907444702,1413.996944374936,120.97435802831654,13.985371709707872,2912.408040761559,6.878196159881272
531.0,38015.49849399181,36574.23992022269,111.8882825993019,1317.9074523243503,112.36335016843086,14.446891370607236,3211.1755933044906,6.270510547423234
532.0,37519.33736029882,18715.247742118117,120.5215505081875,1340.6290847410487,122.55345534577455,16.94910149153681,4610.226535556047,7.534385518901054
532.0,38027.12843684306,36543.75139953117,122.6063524566961,1721.69251636851,112.48529808960048,16.464101708655146,4144.5866935876375,6.263292824239152
533.0,37497.958034293784,18715.963631124116,119.57215979125043,1453.579887859129,117.48170669633278,14.531789027430527,3476.949070815254,6.4367880379423985
533.0,38032.39681028251,36555.06165647392,124.96104239336434,2034.345784012708,111.12585307123369,19.87819764090695,4721.140852872323,6.287429143652171
534.0,37500.144639614344,18715.42308398004,117.81218235081066,1336.9562884509376,123.453475200308,16.969370427296525,3970.41850184821,7.293309174501408
534.0,38037.6461190808,36553.5826690235,124.9008772391364,2454.986898080851,119.62545948920746,18.719034467614037,5119.7693033194755,5.256742426519719
535.0,37504.78387892983,18708.2670625832,127.08316932197094,1550.2880760909309,119.72875611565678,15.427109231626638,3295.7605762509306,6.918873968163846
535.0,38032.27915746607,36547.97753306444,127.09208915431623,1740.5591059542478,112.34764654397244,16.62317076536169,4363.893162142667,6.5899889698004905
536.0,9927.352617785617,7407.91925130881,309.75026471343244,1935.8321574545948,147.03670499081937,22.58978367480231,5341.969831229059,36.693252538503685
536.0,37504.65610883212,18707.218365683017,131.5623394177411,1354.8153993809522,116.54524161765374,16.686616958093524,4879.860588081366,8.502148424631576
536.0,38039.28112074168,36545.32944444686,124.84586682302105,2311.5107171297764,117.52405245087671,14.699383935374366,2956.1436324195865,4.915700768307187
537.0,37507.57215983682,18709.296203214602,125.92045464216005,1512.9488088060305,116.37536764732509,18.858756649152973,5254.620024280648,7.822179069733539
537.0,38040.77423328728,36553.41575121565,128.32565104815274,1813.7936665301668,111.03118735781092,18.577586236615225,4891.969805139404,6.899351600335546
538.0,37511.24192363844,18722.28847018463,130.44613506326377,1358.3398393835164,118.95630144347064,16.505347614346146,3962.5006632970667,8.31304667837208
538.0,38035.062443931,36559.10535909019,121.17396333217042,1541.0162678342533,109.9771949707905,15.995019104448712,3792.69360857348,6.596535889857754
539.0,11918.891903106029,31651.61797940709,120.97947030498746,3112.933820024072,153.84232559023098,28.625306173636876,7609.029037159568,5.299775211274543
539.0,14238.092943567217,37580.499498487734,297.4907320682084,2012.5311321059705,106.92528953763646,20.532950776580684,5246.754554738618,29.99172755181212
539.0,37507.62992809512,18713.321556400715,110.99862923491746,1271.6669932812113,122.63802217151563,17.272300352895794,4188.365024370073,6.9909903275735195
539.0,38029.440254154026,36547.86012295323,132.26085695905613,1801.280672282428,109.42175081782923,17.547412369744688,4679.4309840026035,7.03288924114145
540.0,9287.01435024602,31974.6105703314,112.91586835265548,555.8909081073328,129.63521171219628,16.542026151373538,3805.339294672837,13.884167526815837
540.0,11320.77954261499,33513.46591091761,240.86966802039902,1357.1661289499914,119.06120764973377,19.089827369442816,4869.894379924179,27.37030786151811
540.0,12078.956075265341,31034.878545414704,98.69603935856124,517.9288098625503,133.63470251788635,14.451061068036834,3324.0120850162625,10.729288122855245
540.0,12304.979325473141,32872.17234328778,122.65593360140254,478.3153755105278,135.13355893260947,16.66895187030386,3826.206665920323,18.454755066895657
540.0,37508.77702644678,18721.638826564613,129.63390206774662,1479.2408275806017,113.12624604269355,18.688767870042525,5292.12222828829,8.304107858470832
540.0,38019.236714983206,36546.36512435223,134.27462814816946,2322.4676079141805,120.78513552417648,20.45311981666777,4642.147133468701,6.44180868722984
541.0,8944.36727847822,34098.41767020324,273.6383417906341,1507.0775400298285,116.31996300124887,24.421477014395563,6624.061985236471,39.55222707518791
541.0,37508.54405804345,18709.786201142633,126.10640504667225,1395.4961146030198,117.28765458509321,16.516443776202404,4281.9203750046345,7.714904678228481
541.0,38027.75451096127,36557.938571716855,117.5344425222627,1595.9204236872006,115.67362062385787,25.065409029273834,7309.406425524737,8.088931290253319
542.0,37514.23104988955,18722.68388323644,121.87852299183702,1307.6040769739575,120.89147069027496,14.697809544264384,3180.271445325632,7.214266432774378
542.0,38031.26690697067,36554.66126206554,127.69752103804478,2500.734137631427,115.1462872903995,21.355866671935484,5771.4181616444985,5.758690749197424
543.0,16625.921125215642,40068.785261696066,188.65176301738563,1095.97323422832,116.45013014794156,16.53924917028816,3860.4308394598397,18.805042434130563
543.0,37501.8035274392,18728.45657551314,132.67065846132184,1472.0980917195775,117.69559618995139,15.43238655299039,3429.0008714044275,7.693698038115128
543.0,38030.78211131611,36544.518535472096,121.12259754124136,1973.2487728545343,114.54957828528805,14.241821844996986,2666.105093172403,5.204141868960359
544.0,17812.405590465383,38016.55534849134,117.840529160491,724.9110294004629,124.78869500124456,15.026793286017115,3272.565951662075,11.11718089034173
544.0,37518.11614778032,18710.841953790004,108.62062308455005,1198.4907067999186,120.34235151964587,16.775159755407234,4494.650991384592,6.968392283596294
544.0,38084.07294945547,36564.694063211515,127.49408419689463,1479.0355894269196,109.26105461898024,15.427499129079683,3659.7401485385435,7.209931078966582
545.0,19496.07176101809,36584.116852556814,157.9031896575416,2219.298292754169,137.36528887366234,20.235411521255084,4109.497805859083,8.64869095539389
545.0,37502.35437657118,18723.164837040054,123.07226994660408,1395.9544109729122,118.56692173043612,20.857858745400222,6084.737204814725,8.609853185240103
545.0,38076.387290646766,36522.52828779953,119.04075677859007,1599.5018001682292,114.60334019042169,16.964215846408297,4294.8646032141,6.44140630474665
546.0,15787.713820054645,34444.04244787801,100.03986695858075,484.37605377042775,137.79475330417193,22.013223359465567,5732.169863285285,15.85332483692236
546.0,16803.7481515129,35397.631917349405,146.8857539335115,592.6355351969987,136.9002875415812,18.618028207581602,4368.234458297021,23.088812608068167
546.0,17963.81305114404,32726.990690448994,158.03382617501308,806.4446962807796,127.08444008086313,15.201600303321097,3191.322420831973,16.87841772723397
546.0,37512.211313532505,18730.18656123897,118.11028980801844,1440.470946989501,118.34793134529909,18.210518153165932,4608.620118165998,7.193798872869377
546.0,38067.127125000254,36515.69747043069,126.61386148766078,1662.865848348734,110.05212601402185,16.344205174894793,3865.763908448236,6.725354316397722
547.0,19587.410299383788,22346.365072204884,157.8349562288118,733.0498432314008,142.87503691273605,17.028321869713636,3821.5294128209785,20.09373072351097
547.0,37499.76081208638,18719.6393491181,135.58775205855707,1446.1381270629497,117.390970005511,14.88668170811918,3333.2630959508583,7.904822853960246
547.0,38068.33442736431,36481.51069967053,122.23767454146952,1856.2034354487116,118.96522940828764,16.69876809428095,4134.429045164533,5.932769760278806
548.0,37501.72780325768,18718.5676772164,125.43582104146333,1528.6915184482152,115.98582980207547,17.748089407020192,4879.251846443051,7.425433958341789
548.0,38103.070043001564,36469.49881438194,122.89646462668212,1468.598463766019,109.98044494078812,16.08435639851946,3877.1521160895068,7.014656132124138
549.0,37516.749861022756,18722.25214532866,130.79390251481098,1466.9506495499588,116.62072322699925,18.720474523517073,4538.087962670901,8.493513349976448
549.0,38100.05983619082,36459.21447458955,116.17003188158074,1654.7261523022057,114.70652553939243,17.87433151859872,4717.909130974072,6.221831959523105
550.0,37499.16656134874,18720.431324436195,132.727937646438,1371.8226674311593,114.85220214180487,16.97270213430469,4046.7209338288967,8.62829872172094
550.0,38106.3461284384,36462.720672839845,123.80864587808522,1773.6282817036993,116.33719175669063,19.843879599654922,4645.448442220695,6.907446982035214
551.0,37506.57340903056,18727.566866785368,132.88416172904252,1412.6420138508588,116.2051467970997,15.21881519432737,3495.2801316345985,7.903765796551866
551.0,38777.14146851628,32281.76618363679,108.45878429406127,544.9765369773133,112.67049375607476,15.784250282841258,3877.401994609694,12.744933990121389
552.0,37509.46983645046,18719.120236946033,116.29594674715096,1268.0239967582324,121.50044037101905,12.27877357746496,2263.6988030025977,6.3280965613791755
552.0,38811.57562599878,32265.31701866448,117.03987480791419,1526.6294175514988,117.52387747986667,16.806726061636155,3777.505228381352,6.475707027302049
553.0,37504.972437996206,18717.122988698055,110.08131744821516,1207.9075469137404,123.00663077240112,14.853858792550035,3064.2280581716304,6.624495976741733
553.0,38774.25803869757,32280.89558793426,152.81381903226512,1543.9304366664792,116.31863241269333,15.39358339955057,3619.5601560923537,9.246954563645835
554.0,37509.64965491894,18708.624576564656,118.33840941829664,1297.430673200503,118.96249507297696,17.371152376645956,4041.650204467655,7.626286930513494
554.0,38601.0221902534,32289.187828945836,129.53711528482265,1632.2474344677944,113.39673736410933,17.70977465692467,4135.959219022584,7.402888101353287
555.0,37498.24047248195,18730.427233278402,112.98198890083138,1217.6682451991064,120.0343690051755,17.467850393490174,4942.1485825487935,7.485423596820497
555.0,38575.32927692278,32288.55616520359,124.60930671171586,1357.6106080730185,115.9601794792162,16.50700638689136,4296.309007113977,7.737029747923954
556.0,37504.811436996,18708.31502667002,137.4156147228821,1407.0685676980222,115.69007386977786,15.58053997807703,3589.3576626870426,8.473547512973498
556.0,38618.486700510584,32246.949000999528,122.74634470483963,1726.676724163259,119.07834177806906,15.095485584639574,3336.621256982417,5.993352856957086
557.0,37500.550703652494,18709.0187427195,137.9989751473234,1550.6806215676136,114.09799780284341,13.98229792172025,3160.228624223612,7.431919599496922
557.0,38656.662048168895,32226.104764292548,121.51616005520734,1806.0986354698055,113.53163770903774,15.733574939839597,3148.514641494044,5.8281612307266455
558.0,32582.06024329073,29296.200824297466,171.41912671029024,1066.6639304802798,127.80227336747483,19.239122578176968,4949.395716471839,18.339146933299492
558.0,37511.89996840105,18716.881786234135,113.35902094027321,1287.2834567799584,119.0206168575468,19.13019457353868,5026.321350261816,7.606306195595972
558.0,38683.45379888663,32187.147275444117,107.81788788729523,1592.9788064402246,119.44824624346565,13.428590440294116,2627.080184629223,5.046192834632474
559.0,31991.816828778887,30931.801999634754,239.7696071299972,1135.7654847912286,115.5012971433328,15.965701567633701,3501.2133216334846,27.42905225013832
559.0,37491.81492972935,18697.34714703435,129.62293398148438,1489.9280146625626,114.8324395465678,16.822086439498918,4190.0498741866695,7.729495406163648
559.0,37889.538667253764,31418.48330082939,112.031267851721,1386.1203365939202,119.98027394998704,16.713021670690644,4556.29420761715,6.511274218243057
560.0,25703.33053200558,26032.117762212893,305.95486942927585,3106.431879132624,138.57828483990053,27.43938554154907,7550.044356487635,27.21431446514667
560.0,25926.376244069063,26687.633964612338,238.0249225610097,1569.0521881096538,145.27369364270365,26.450056904426006,6944.403204355838,31.31076665728646
560.0,37507.89170757597,18703.825216063567,115.34020309577605,1263.8856858618692,125.31098598592614,16.10624427523883,3653.485180905445,7.161736051393804
560.0,37895.232342266536,31409.54743041631,107.918563591947,479.1575685878628,110.7640710140137,14.856419134505302,3542.5959618483394,13.514352589820493
561.0,15025.320562558603,33062.829555731114,124.9738281918941,816.957617962577,135.0507055471515,16.83211239703558,3809.635907599114,11.989921335084926
561.0,37509.820684261285,18711.50215784479,128.30764864658138,1522.20474685422,117.46003534955595,18.620474603439,5115.949471620141,7.958112750243794
561.0,37906.683471573044,31415.31760833224,130.59608250277816,690.5274000129742,112.68828026912024,13.434868041600247,2986.4879449037735,12.724499932771238
561.0,38566.23365705592,6567.471567433626,158.39956165555827,607.5407569368404,112.03490330247533,13.840234938466647,3030.6364766968422,20.269448975490164
562.0,12908.02408239458,32643.209760026493,101.36064037436776,564.8489726275806,154.27809670145476,26.894529013411013,7711.087994362216,16.673422937578824
562.0,12963.621169212294,33588.95069534952,145.0854688971977,5867.734024150366,177.71191286659138,32.251088039209385,7380.284963540677,4.565202835800286
562.0,37497.1332627573,18713.184783111188,117.81882053315624,1416.7724787244044,120.94260410159833,17.437848165930184,4438.921085925189,7.078285920116677
563.0,12973.464414096303,33590.7401406343,134.74866959120715,5392.6988113437465,162.94585089807822,36.70683596490981,9633.645826702732,4.723348760180441
563.0,37505.08043499182,18721.564037295342,123.43454168923762,1467.203013814265,119.96165572829514,15.294748462968808,3811.2167967225364,6.876263602459891
564.0,37493.94396990196,18691.764384464943,117.75706898574398,1267.93356834041,119.95213001937167,17.503321305577398,5164.192459620703,7.743580201605123
565.0,37488.911226501434,18710.5799365955,125.30925365613963,1419.9857452939223,118.55821545114453,17.02088486607416,4394.403367806494,7.669336801811408
566.0,37510.25542856346,18720.59971992581,125.0824683486259,1380.8968547939462,123.60671154607219,15.34623934800843,3379.803608948207,7.364812278041332
567.0,37497.54228796393,18711.695453876764,131.63930369388953,1346.955223528045,117.57156018030355,18.343814845223598,5080.153252546027,9.091910375263947
568.0,32912.678126308136,2267.197597034432,331.0345590387043,2806.7103458767183,116.77630978898084,17.100698023429374,3528.9009395113717,22.847511397129857
568.0,37511.11670192833,18710.724950106785,131.14643241928786,1410.9811995262066,120.23019905325046,16.39744119499697,3366.143666603165,8.098757782049278
569.0,18944.680658927922,12856.983580167469,238.48946906844887,1131.963972950859,145.31513971769573,24.919260452494413,6667.705537278223,40.754490586981994
569.0,19312.52381334023,13261.590520608015,172.1651134288721,702.6366154118612,162.77021029697698,27.547750785833408,7703.575910320578,37.814530244391136
569.0,33591.71950089527,1859.0233146889632,311.90778648741514,2116.884744583172,121.02007719603765,17.164851737849784,4044.0157573796623,26.6748449453223
569.0,37505.22120961109,18707.996837445244,139.84934833806471,1668.505658816179,113.02909435465527,18.114989621383806,5380.984298336467,8.338462086036996
570.0,17358.24580378715,6492.097058258496,124.76769378153148,627.8665285939804,147.11620005698336,17.471478595358228,3843.7132078004192,15.475311590458706
570.0,37487.02749572945,18719.95202030373,118.7353682690114,1469.5939035206898,120.26662621767055,14.672256742203805,3374.0105736443484,6.349436841603271
571.0,37496.917725657746,18709.321941752525,128.14021057621835,1583.7440887244175,111.55996196905033,17.924608930016426,4751.13859625952,7.509939397496337
572.0,31828.58637135655,23325.98140990439,150.1760185588926,563.9316016867441,119.45282645285518,18.516435169449537,5087.4945972964115,25.07712865375247
572.0,36919.3609760874,24385.381972471394,265.70653636521513,1416.4710289375919,98.15056682570822,15.620223708556518,3883.520818325313,26.52829015265417
572.0,37495.50836011399,18693.019422609304,133.36765917778405,1480.4906714054584,119.00573941125279,17.113846652631775,3880.9386224941322,8.214545162427912
573.0,27262.806220231603,30139.951597628155,807.9941936995662,32320.610390111626,2.6782953607872528E-9,24.78653387129846,7111.839770386437,17.019564460037905
573.0,27374.666221963438,30088.554364169042,465.5377898503579,6612.541008839693,85.56408806722094,20.514255478902793,4859.670681439593,22.69968571856945
573.0,37483.383819035094,18710.802764517866,117.66974814327978,1407.2659188052498,122.54922067665196,18.55533855953543,4501.05897890059,7.369560504413169
574.0,24487.61802906837,35820.33138170821,129.05706648816175,775.161131046299,122.05752397887551,15.381684873249489,3527.28503753028,12.421074915173175
574.0,26950.329284072835,30283.454882408965,314.3025176537797,1911.6004319471815,104.77918999905793,17.816507235140094,4342.173789275937,30.776377536378313
574.0,27520.582844816512,27912.263952659396,206.50366590384297,1182.4211766484539,127.49722883941669,19.323277836022772,5295.258879365164,23.59488593990508
574.0,37494.70908112943,18702.674134004803,129.30739874943865,1494.5196437107131,118.77647328914777,17.91305229363534,4144.044693242085,7.982044932234296
575.0,24434.77118476598,35850.62625644104,127.40861376028452,2649.903770581955,148.99247342881105,22.736000529242055,5169.378365839542,5.68605969774014
575.0,37483.00922562797,18699.37893350732,108.95650945287137,1185.2291271973759,121.43709642695826,16.33097385000067,4336.960201863074,6.957709592227239
576.0,37494.07983290304,18703.40445937292,118.12104446050206,1459.8877997952159,117.61365977468401,15.449781433940933,3579.3556392049886,6.498673021400347
577.0,37489.21129239456,18703.779185789757,113.16361722896411,1363.9409617496178,123.75764668690739,19.237624366334487,5322.05914429096,7.263288794668103
578.0,37493.248567428935,18695.491613414953,119.74039354418953,1308.9127056053326,122.13441028000493,14.779046057188298,3189.1838166852644,7.040721560647072
579.0,37484.077682723975,18705.700587386633,119.38241366096536,1323.5015365111467,122.9855297440582,15.91662174042772,3603.8049971391697,7.2342266038688265
580.0,5842.896062633149,36604.261757291715,184.24939064123348,845.5627977748879,135.06868810931653,17.610012077825566,4203.461479816764,24.07738557097875
580.0,17921.32357240592,13560.692609253463,190.31190376489002,1659.4233523706048,159.41090897177907,19.851541595357023,4042.6683708487412,15.216849382002573
580.0,18806.739893997612,13526.984798936852,248.19065372784644,1821.3177620458232,143.445235207614,21.182292210334666,4786.236441291015,24.062908168988265
580.0,37495.85639079282,18704.92069224515,133.04351222557338,1537.2490189207333,115.08158017562754,17.28652849531972,4668.474207071633,7.986606299127959
581.0,3951.57909440162,32783.67923124387,253.36104691742747,1437.205751932749,118.94923965533998,18.133706716811155,4298.39921684801,27.25680938023214
581.0,18724.511055419804,14530.359609112476,187.21736688773896,1649.4915521914768,156.97949362181373,21.305265373632928,4493.042432537983,15.733038292958547
581.0,37474.99737595011,18702.762321392704,129.01139431904505,1362.2024088022965,117.71657644427928,16.577812036573814,3766.507044505095,8.171356483130626
581.0,37898.25828263586,31285.68282884146,119.418738839742,1163.7572629285003,111.58272895705032,13.611967417892886,2741.381583470284,7.347012085667999
582.0,37490.38783517226,18700.644629465416,121.32363146371122,1483.6386739651382,122.09431782467726,17.111019893984885,4586.678890193336,7.064856114942107
582.0,37902.344243414125,31334.47322205133,131.58621348606485,1345.979347935436,114.19734222393059,19.9581767269453,5218.477728464287,9.634593649126037
583.0,2154.1465960908495,21862.29887713151,141.42505685833433,522.3655073321561,124.47970029508139,16.729676740269582,4177.977442792441,22.10280254447887
583.0,37489.591569516175,18710.52980328264,123.0524498866106,1348.7922631948336,119.31910447855971,18.312489510381038,4416.18812405286,8.125894657079593
583.0,38042.54434244918,31521.20011900321,128.2598038830133,1372.7930356488198,119.72729553231993,13.578786106393341,2933.059157015982,7.198838252476814
584.0,31140.86214041536,28403.41929914174,241.64892656552738,1407.9538866838543,113.20379484638539,16.770566184104894,4169.450710032875,23.778130769461875
584.0,37486.67397641089,18700.95818068961,132.7432846255993,1453.2244077173664,118.70012904668619,13.828659381458197,2885.8780796704677,7.324675581658165
584.0,38040.15691855991,31526.557151491073,110.57166574981945,1510.6237767236746,119.54267485529122,14.883527413133377,3319.0190476585776,5.657435813790886
585.0,7361.600432917856,16004.413329318666,141.54368661210378,697.1032795490856,140.09719821088092,20.463229029426362,5274.444130574423,20.10835562124674
585.0,17951.726892921244,19150.372893146854,147.5574388106655,1366.3117120894958,150.40331732636434,13.515118500794108,2267.597327214281,8.917799111469359
585.0,37494.486501276915,18708.077349285388,136.0831273944441,1694.3702679338444,113.83572866341929,18.44078412959846,5620.5720110504435,7.967807962247936
585.0,38046.50212531983,31535.13191678204,135.36248303365664,1564.240141326434,115.25457965730037,14.983307170662243,3197.09947804676,7.4429259097688245
586.0,3729.810303325412,25897.028412297983,144.12461680199908,884.3571784193658,131.40712068294658,14.269076181008408,2931.0577213710467,12.689681628109225
586.0,18603.015968365813,28122.083701675234,273.3370690959765,1402.4429162986994,133.72321172992403,20.766189897066024,5644.146075853793,36.39708690365747
586.0,20034.338345072636,25464.908662434766,333.7613116222614,2464.0914882792526,118.01374155527964,22.21570002857223,6155.109399933093,33.076101414191655
586.0,20206.48981824006,27588.443498322467,138.38227963074942,2445.419537287364,156.41011764064916,24.326367953708907,5941.849273905225,7.25251039507697
586.0,37484.9455500048,18711.696152597866,112.95454456770804,1361.8481617390435,125.77874514363637,17.113051403185548,4140.303741340495,6.770398725961177
586.0,38116.44450423229,31582.56605414761,125.38613705707286,1221.9769254661599,111.28964726291309,17.87809400190898,5262.196403605383,8.94720642890882
587.0,22647.704483247526,26435.95443454885,500.3685269381056,7717.46015137989,89.20817282963138,24.17895043400738,6588.166639544323,26.016284461991884
587.0,23147.191148518705,26253.183882940557,150.38967070581543,927.8995494959515,159.71389626101492,25.89317826539927,7022.074536099547,21.14264413474089
587.0,37472.58457650444,18721.76365838739,132.72165857422834,1554.8097158509365,115.75157815972553,18.598406191100903,5430.628189136388,8.25539023888011
587.0,38103.81322285376,31589.589962381524,115.59704232430161,1418.4445158431015,117.31125138270635,17.036986845181115,4097.7887409650175,6.777581258089955
588.0,18757.085365569164,34047.057531054284,247.3369405353804,1393.7359468680525,130.4574110590995,20.226933124064566,4982.563446707198,29.54503696195949
588.0,18718.958774771305,34977.99988740748,179.98510524255974,910.6031260364878,134.3669360047104,18.58446300991713,4301.895989147879,22.539017402402287
588.0,18768.901775132726,33896.2991390787,281.2211283368379,1655.7648226976657,124.50231655547499,26.125483762255634,7241.807236436076,40.556033342903135
588.0,25331.026147938832,28075.325573332917,369.773774525257,3379.5192551014698,113.9370895329141,20.73760511492717,5402.75495566635,27.953167483515877
588.0,25577.280154296186,28688.992383567005,142.10533434286333,698.7768424349755,157.66549382117785,21.383029883668186,5806.231138797292,20.986481921910865
588.0,26213.40831377546,29520.81997276562,242.30840042596859,1335.3973769527643,134.20564731024717,20.01968786421754,4822.206006947016,29.3211266130792
588.0,37481.80557410854,18704.553558679505,125.98489408527175,1526.897558538195,122.16519399319988,14.562430751973396,2913.0120210697755,6.704520974866019
588.0,38236.81324336308,31838.26826462782,140.74141630961637,708.5390021421554,107.11547616031802,12.636001005819887,2767.5576579389945,13.525683064337084
589.0,20205.89661272545,35353.21669124613,146.91016330633855,1509.6397379602868,166.84173141401297,31.294708772302084,9775.017054258482,15.132294080064142
589.0,28700.930480198233,29292.89637830102,166.87112934400832,888.5829018651343,124.10869276057379,16.83753500154051,3865.203643590031,18.488480612154703
589.0,37489.85635606691,18709.88809230076,125.98928760462894,1569.0180001158785,120.55958616772236,15.308018455821584,3400.1513083713107,6.739377611807925
589.0,38225.71760081918,31871.675793932744,126.09675328053099,576.0774313056228,104.24237223150658,14.84764471519127,4068.562182137425,15.02731441997301
590.0,14089.104218619337,22510.889031328847,215.03459249260422,1679.1782458066643,140.61384748108597,26.23968616026963,7359.692818689614,23.98689573665717
590.0,17741.37005081086,19389.391047026387,156.96407166581122,778.2374491843664,142.5057023021032,13.986313502770347,2570.8866587806333,16.15337276703974
590.0,18226.583770336576,39005.00661239249,141.78885238921345,907.8388965793639,122.85000588122055,16.259400559087307,3955.8240559356245,13.247509303742516
590.0,37484.200486215996,18700.817437651032,119.39821642779826,1439.9490294046263,120.03397979358212,18.512164553326357,4456.755914867361,7.393024574569567
590.0,38256.95341897143,31879.443266688937,132.14938911958492,466.8231481416274,110.25369863047683,13.16745640075913,2944.7684188699345,17.903820711861453
591.0,4888.398256805108,19134.766542898753,132.64899107738526,503.1330497731392,140.27617508406314,15.492138386900578,3209.903714566722,19.129931760349898
591.0,4976.8288645393295,21295.987473523986,107.03544398337597,574.1732983388156,136.0212863841189,17.574105838967007,4392.669169368917,12.876974242347806
591.0,14596.597335767288,17514.952584314786,161.45553264221667,715.6043202733241,146.06123549549787,16.933470474504915,3582.591881645133,21.30893941417484
591.0,16428.88922856773,37928.39652159237,161.74766576973732,1298.1899016348764,143.1391691968553,29.306616192090356,8858.03008675517,19.715666590698305
591.0,16695.11797581363,38545.636658160736,152.96064149878,1027.5611379740687,147.18033941580657,29.308797980389745,8432.521930465533,22.143290037714884
591.0,17697.057056393896,16795.477232805806,248.71474883068126,1216.4101048257762,138.06441479295015,17.011428906078095,3464.951796315506,29.110824763293678
591.0,37487.029492976326,18698.512460757003,115.45180032710962,1475.621477639798,117.13905158102185,21.17631118654887,6324.419008929675,7.474499874508955
591.0,38174.70579600269,31899.529335877614,137.11857043236228,505.61069421513423,110.81401307267066,14.19532699456352,3669.662019260051,18.8558770912942
591.0,39907.54182381575,31983.309796580143,142.70741541072118,635.797516668558,112.18256068867485,13.750634394213924,3028.030863352127,16.131799849382045
592.0,6064.052359402845,37930.5906221457,106.71652404690687,569.5503127302946,128.82106810748044,16.696061057540373,4174.865374618796,12.429358666077613
592.0,13851.258779197866,38776.953581044596,654.8879938507739,20046.88800142773,1.6883788828048358E-8,18.911837613212978,4748.189071392362,14.339803524173675
592.0,37478.81980717034,18700.52431939142,112.15948058870183,1393.419147466638,123.8692605208148,16.52807450890813,3630.6939398606546,6.457740680303386
592.0,38181.63773428154,31868.287070549006,130.93349522310132,824.797741389069,106.8069217690994,15.156837081580091,4207.505819598711,11.94953617634791
593.0,6426.533920714048,39722.423740389575,138.3984575797722,570.8877589228285,121.2602857816865,16.970935648147886,4213.95014821587,19.826962222428694
593.0,37489.91114919612,18707.101749764177,115.94343474263714,1479.7002330855812,120.37268570785798,14.48595761844839,3308.0662964018848,6.067230343008723
593.0,38206.982792213355,31856.397795270423,115.12693998676228,1497.0817221247164,117.12383057443884,16.058501932679253,4305.464240958648,6.261649294068411
594.0,37481.747631049955,18708.784271901142,112.53657918137513,1446.1598224469165,121.02371794778162,17.6799013985704,4257.465989240676,6.542378392250614
594.0,38197.45633762984,31854.08930758781,120.74003178476795,2212.9384229238253,118.23684356421359,19.27028451476985,4757.637094333562,5.490751361743901
595.0,37494.205595601954,18693.101327288536,112.45298373326645,1534.4540450301554,120.04603839498114,18.982792989659774,5543.723863851324,6.495018658118338
595.0,38190.273546044686,31857.74642119216,128.33257401582097,2227.6897789698846,113.24172828118292,16.15716117250175,4176.94016129063,5.469566009463911
596.0,37493.34469936869,18703.600845182416,125.6964572020886,1458.651287539386,121.50255536186107,17.0571208008649,4173.836231613143,7.5526476968181
596.0,38192.738911913395,31857.11481221333,128.43507556895727,2211.0329770957755,117.7183975066546,14.675942749097926,3031.3367990281054,5.27180548881701
597.0,1981.2897955862309,11203.561314311886,181.60126803830207,3152.8151697430408,158.05003288584967,31.887042760194127,7894.627981475044,11.4973009246667
597.0,37474.95022746429,18709.735072640975,115.12632051823682,1475.0850510741739,118.78276611431323,17.430195586464958,4784.528436815476,6.616898293702585
597.0,38201.68490223086,31865.472550358518,124.86655560607294,2214.417251477783,119.80314730705052,17.933371065798294,4451.109141661714,5.557296277374708
598.0,5923.861759861077,12944.004598888136,248.50246929639556,3494.964051706716,145.5494739263122,35.368926342376234,9587.017747173586,20.596238223280164
598.0,36041.24832338152,27185.235132400714,127.38636030581172,1524.9920328664662,121.34409007931528,19.73352194043027,5290.2665683792575,8.15458809982483
598.0,37482.09984352653,18702.079086778987,129.88486223261313,1406.5727307655548,122.91566491897314,17.499379284391633,4002.3972731449703,8.323333282286027
598.0,38187.01010707889,31863.215165183545,118.71737857632978,2181.8945871354786,118.84441517466689,14.912984071552915,3043.939601607007,4.807223368982363
599.0,6073.817709418459,12820.503291776811,162.94514631373607,3335.7654490971127,155.150318110962,22.453030745395832,4433.601177779276,6.950004373026057
599.0,6686.247175896332,3843.617179354972,131.7952343828825,795.7011072281992,143.42723279303533,14.206872306824987,2766.7182791488494,11.91325451842925
599.0,37494.52983165258,18714.178970400146,123.90857591941563,1546.1683090507167,121.07766406938867,16.666404641350418,3807.053957893756,6.960658395086005
599.0,38186.46146185525,31853.48630979467,120.43631679713211,2227.2594289162294,112.93540174985847,14.82742486058388,3664.683755099367,4.8208378426430745
600.0,6048.9653793346,12755.418520011654,293.579876040622,2822.528400981669,124.10669158150704,32.73546687175218,9896.278207960295,32.48367311079697
600.0,37477.647210041,18700.680331827232,115.48628169958609,1436.586420188804,124.26277679688005,18.752844785584717,4963.555236243667,7.082862004897788
600.0,38197.445171064595,31868.482908874023,117.31109490745311,2129.863674934972,117.70891610780518,21.166191098367307,5802.907141807834,5.7014392007840025
601.0,37476.562074066875,18710.4191548848,131.41584096002924,1576.7922579971714,119.87609938397549,18.290740029907926,5262.369840732035,7.946029882155425
601.0,38190.40118571706,31860.65729238524,121.08940360004928,2274.6729844195074,125.32495170960523,15.805023801853345,3488.457089676956,4.912932761995009
602.0,5717.610146656404,31954.744348036784,138.32240088402446,1251.179652968389,128.55064192582233,16.550608938002384,3482.399749686295,9.795308477104141
602.0,37485.19050530591,18696.96491871632,128.86607543970308,1606.3874051692546,120.51264571922454,17.268653257750998,4629.564920896999,7.325933516337296
602.0,38197.42371665135,31858.040593199283,120.48393232228054,1981.5129749565128,123.6713792810299,18.86031659552075,5085.424046942755,5.89013634544773
603.0,37466.631409405316,18692.546502609322,123.44769522276344,1619.4141748500576,117.94031963938563,19.990396515891213,5499.461860043774,7.436560575002672
603.0,38198.76850645753,31861.361217493537,119.70743044067194,2092.836227139998,118.4865649981514,17.613321929881266,3442.819064943554,5.399998688276013
604.0,37477.9360325366,18703.497015731875,118.35732798039389,1427.3239916068217,123.83144757326964,17.82453164745503,4377.28175395092,7.178374889595043
604.0,38196.92324871142,31865.361671780618,125.11024741046498,2186.454588041702,118.46214472060602,19.582602863053726,5409.251368886243,5.90077758957653
605.0,33929.86787665708,11397.30198554055,142.04903176006042,639.2312770386909,123.32601696498378,17.776447546557975,4861.122538053841,19.47942522950166
605.0,37476.38199877092,18707.63047448022,131.24932752132003,1720.5354587570166,117.1575470080221,16.202524811568054,3813.780743326304,6.885563912018044
605.0,38198.922283301916,31846.46630801526,118.48501348084778,1299.2787182096663,111.89816513410443,15.79974899849209,4024.5746312457727,7.225272872181413
606.0,37488.69780504518,18709.541892133213,120.32149837925103,1542.561241987951,122.31045183215346,19.255791360820616,5061.790045259876,7.252877953913502
606.0,38195.7543955218,31849.254430987636,115.64676492192781,1896.828184651731,115.9824935064313,17.23006420844539,4586.322846060741,5.4666773204845445
607.0,37502.79849653787,18693.672371176384,129.3724265550324,1542.4106856663852,116.5551289632578,17.694631901422895,4588.453868696887,7.727896346168066
607.0,38196.446099502304,31860.67632460412,114.66858747725954,1986.060815373537,117.62519235961926,19.444043629122802,5359.659182418272,5.547649264415038
608.0,37488.08865655067,18705.1333729724,120.48591928291641,1350.3354800525267,124.91290482465926,18.779798613785836,4507.017078845756,7.973903198341746
608.0,38196.05833092347,31854.47863661156,118.00117461372368,2099.4195129830196,119.81214311135595,18.883076509296068,4708.348784567581,5.4645834974707945
609.0,37492.80774519858,18708.83690317453,121.18078267360414,1585.5835876724127,115.57685805297005,18.32480837959884,4805.39265734684,6.963153850716148
609.0,38187.734053272696,31860.864378912374,118.81797344414663,1773.0976777776186,118.10375811615641,17.221798358436953,3755.4644653623486,5.983724179268808
610.0,12062.99696750972,33363.4363881493,119.9554850697338,1337.5964747846601,132.86032587193097,16.033579236817253,3473.0776647480484,7.257136635738037
610.0,24289.035448109655,4054.7955375723727,121.30417097532658,442.75348531272624,142.05854921107584,16.571320264964754,3750.8706301352468,19.30707330186902
610.0,37481.45224083063,18705.46144683697,117.5516227940813,1359.9058994606287,125.67863196751621,15.138465023051547,3295.150552854798,6.737616213706827
610.0,38186.13236970111,31857.18880317559,128.84178073032888,1151.6938543331266,109.39257166116953,18.104532288061844,5663.8528468139575,9.917372687512403
611.0,24329.99187053499,3977.6012519459346,6.905880343398656,310.6558109905138,143.1833201357187,18.690720808305837,5204.6954811816795,2.6639897775885917
611.0,37488.278109486666,18706.20201458003,121.5142095952389,1489.3940814533303,116.9398118784995,17.744752892355418,4373.7473081755115,7.211695261418878
611.0,38192.76997556106,31830.68021996742,111.20257177192435,1414.6809862209116,114.94617524675442,13.257354298035887,2609.814494532519,5.685264685335608
612.0,24319.463587294365,3992.333474414695,94.94043238236982,450.51750673320913,141.08215638659635,13.681831603869263,2746.6539080444736,10.917147732842976
612.0,37480.7536487853,18706.97805157237,127.07813083673915,1651.9246997103578,119.18960604925037,18.609754351195047,5315.043145728673,7.3300373669204975
612.0,38146.05209052649,31831.867560733466,127.37539298994808,1154.236609416666,110.30886471806086,15.537023763001796,3915.082605773857,8.795176637712197
613.0,24313.195092976523,3990.6457099829527,136.54564077822252,543.2545444054771,141.77516813258376,14.767653003108165,2985.202634469375,18.107754189130148
613.0,37468.19866972526,18708.723667716313,121.7769428213026,1570.4121424955413,119.23452571815986,18.282839507262153,5384.476000720507,7.061171650182243
613.0,39096.16367629083,30484.031498391305,120.44354448451658,748.0687234462746,112.65248559038976,15.166929646260229,3555.734054686692,11.295983913861505
614.0,37483.89882146437,18710.620085034992,127.2612977267613,1599.949527644954,118.13901758407528,17.378537251023154,4724.814658535904,7.233660419102778
614.0,39072.702009495435,30465.866157132994,114.38260429032191,972.00233984518,106.60956752433886,13.806443721206895,3320.4654827157624,7.963738186487087
615.0,24296.985331666398,4025.6624036940825,109.90336325936852,638.7238967795522,142.25848752556547,18.494657500326987,4787.668066804394,12.756414091874008
615.0,37488.216496182016,18708.16920000984,125.30712428895431,1584.3653971893827,120.84220767988386,16.658131641588334,4134.90035949225,6.9459216037269815
615.0,39080.413107254615,30434.04549213753,131.44840466181068,1494.8842168991807,112.90752667267495,18.01171091053979,5154.047211518648,8.222829518716482
616.0,7124.007518040801,26565.17880436147,132.45591287151032,1911.4014661589179,131.48016144047426,22.264292605045988,5273.536969314995,7.808894045090785
616.0,9181.918342316452,21761.501157585884,542.9144273337289,8632.763323458275,102.77373815884754,23.19682898654537,5668.225154181342,26.309015071495256
616.0,24344.980630946964,4016.5254514726216,140.387444773136,503.872929197738,142.36455205764508,17.197084287879758,3890.4246883975575,23.0698238636287
616.0,37464.65869062317,18705.766852640383,117.708364764897,1449.6850287389996,120.75385818841814,21.630679960618743,6361.880793466239,7.940797435759548
616.0,39064.607184263674,30367.5227768218,90.72245953608056,1000.1807613291443,118.83921614463513,16.27250378621382,3930.301235875351,6.032465174897737
617.0,37492.64398584662,18708.66287351104,129.97909111912034,1487.2747548833208,118.8479457555709,17.61055144329828,4651.879625833777,7.9949263371103845
617.0,39028.80145623945,30316.99790688199,120.38868209191013,1346.1539229176396,108.1732828936458,16.356132045694608,3954.4860717109423,7.343511271657935
618.0,37469.62991320035,18698.91101536646,121.14118770467819,1361.127284092746,124.03480609426668,13.145169834850387,2668.116953049285,6.563512226242639
618.0,39029.89041075989,30348.18470111576,119.9586122037043,1984.5636945883525,114.59691373038082,15.98032090116034,3704.5126591296444,5.376936328639967
619.0,37474.69916187189,18697.042909661315,121.35479308947828,1493.6507306462722,120.32923850941862,18.647304988162613,5163.52304853247,7.398323486396739
619.0,39031.98800600448,30328.910540406643,125.28635517892062,1980.7500250627377,115.37595407663797,15.453498765291332,3507.157198968075,5.641104033004904
620.0,37487.8674912063,18704.548218878397,129.77366060105692,1607.8549708666774,118.86029879465913,17.728091541728155,4116.259384384288,7.519139910229132
620.0,39054.996558829276,30335.422156896908,142.35747796087023,1336.9481975468384,109.82120330373058,13.703398086490749,2831.251286572988,8.647880546863789
621.0,37472.33801494497,18698.58228674578,129.58369194335393,1566.4552586178092,114.71762432463662,16.53520422025738,4154.983940736185,7.34972799571312
621.0,39108.36150534817,30341.859345082867,129.1322759872959,543.0204592918391,104.39278277276861,11.976615136392748,3024.311331359327,14.133806220397393
622.0,37476.307855098,18695.428689379667,126.55728858130611,1467.505681585803,120.01964217371716,15.882567431982132,3746.649304183817,7.289509044299755
623.0,37487.3348394422,18708.506062467055,127.41566796170014,1571.2661455143202,121.30407911466875,15.932611191341541,3324.245466690299,6.996156088663764
624.0,37473.45022141737,18692.10017794619,116.69484700340307,1424.2419528208586,124.86708789555449,18.79397018140752,5169.9763205948775,7.259694678144081
624.0,39017.14445326676,30320.32018108603,118.83373411289502,1271.23033161674,111.50402189070313,15.068908100536826,3927.9779000338876,7.192378050297733
625.0,37487.966446957784,18693.25366082899,138.9584275240741,1585.998061312922,116.34255272955285,20.98201085792766,5813.585433873785,9.51592083860433
625.0,38892.61955656599,30426.054496578327,121.28663583321024,1614.4787876528162,111.64458428455204,12.640235328190546,2470.2397494939605,5.719700573101471
626.0,37473.5858827861,18693.28771075802,120.31801884259094,1469.7870776858315,120.74661116381611,16.208775714853918,4259.177753297021,6.816840519393153
626.0,38875.95740287735,30415.48919624776,123.70850553175951,1331.2777969633119,109.04523786990914,16.270894541439965,4141.639948893787,7.704129971030209
627.0,37470.69533696487,18708.07655519823,119.18898362835962,1666.4069314542205,116.5494291758015,14.942918330337932,3515.361814744281,5.869115244878012
628.0,37484.963596139045,18702.629595120234,131.661081661809,1579.9183166208895,119.25011117955758,18.986972615976978,5535.675525449285,8.149900617377446
628.0,38894.08398331994,30565.944458524347,115.74260067489541,481.78261689387466,102.84563451551736,13.182346645148748,3343.212807280473,13.912304364405328
629.0,30082.124839110445,9026.030733637603,142.05002518640723,782.0936686110423,135.14888464259408,17.322214430687175,4364.067980175497,15.901511234416699
629.0,37483.4982243231,18714.26627921627,122.48637375245639,1476.8344768114193,121.67980897711794,16.258494242041987,3910.9339641293764,6.990310767762122
629.0,38890.51340736529,30549.090782777806,108.33775592273064,449.2948265870999,107.2082034669969,11.790131955594223,2454.813017168048,12.298035104296716
630.0,37480.966594141,18705.23044385174,128.85197310584223,1500.7791566678472,118.62759195211476,15.19565612501703,3444.7247684295085,7.18494908608506
631.0,37476.07514273699,18710.96365265692,118.17623962573842,1370.3588594366795,120.94916228866713,15.641531079173149,3521.840033298778,6.8688522839670085
632.0,13441.551529097338,36008.10685945341,195.13599528457468,903.3342104477837,121.9902069840247,13.100627215738879,2317.757508190047,19.743482967042137
632.0,37487.99768990709,18701.764555117337,136.9829432762148,1565.084205272142,118.21862377782148,14.498609900120508,2909.6920661491395,7.440699618291978
633.0,12733.374910288156,36079.65338960566,215.19454314231328,914.8335524624426,120.89105282200127,17.566842942363706,4299.062262747187,29.826756768638734
633.0,37476.07299576683,18704.931234917993,141.23734299382,1655.6856144713208,118.54053088198826,15.446185720364653,3277.4359087147827,7.732933759067558
634.0,37469.21301974714,18699.787180390784,121.47923790787459,1455.4753448694291,122.07646371736045,16.034847884029652,3915.681005952913,6.928386571726166
635.0,9486.814189740002,35950.137457808916,160.4760122679434,863.6033868764696,123.46703670343987,18.37854777939781,4816.09814251598,18.991376565047183
635.0,11498.09856646537,36410.80294419144,279.2171597702278,1663.9961476804015,116.13275483561364,16.225163346355828,3517.1216547103795,25.874072160182028
635.0,37467.78432084999,18692.215692466907,128.03227272801462,1508.7956171699932,123.82331318252163,17.59274056392459,4446.956902940181,7.709986494206856
636.0,19495.95875617046,20105.832820798343,132.07553733850133,2064.4652799694486,148.05472656649542,20.435140330576886,4314.938026880108,6.896341095521433
636.0,37469.799963124824,18689.342725556053,131.9590086775332,1521.4096729244282,120.06170720767959,17.29681378173652,4232.816933478663,7.9522086693244916
637.0,37478.827164369075,18700.65930263439,117.54958041068868,1502.9094340891,116.50692279589222,20.777020873010063,5977.647372601653,7.487786439886195
638.0,37479.962250843404,18692.856676104842,116.23780734687307,1435.8930274314207,123.45905325637594,14.256572761017708,2738.522151545559,6.178747985796591
639.0,37487.84452515913,18703.526610933044,124.57234951062928,1546.935747364366,123.59034538768927,16.467071881207843,4192.887793920766,6.968019149980945
640.0,12743.565175786278,32807.85201174458,166.86960239273597,638.3678401326948,131.86969613494185,16.51398228431328,3523.196335307923,24.624807328747924
640.0,37476.452762043875,18711.84329052326,122.07409172075741,1497.80396730509,120.45450220590439,16.218176680938605,3429.1128586581885,6.869445034993011
641.0,37475.22520509037,18712.359628994713,132.5988476197322,1498.8838690382986,116.56819210598007,16.766412109963426,3737.4851515414134,7.957444912693565
642.0,37483.57812539383,18712.282640589427,112.9105238935447,1542.9229413012645,119.33506896059485,18.43937825181758,4536.943995976493,6.400652631370967
643.0,37486.789103565105,18699.856198180118,132.4613191023945,1574.468023246023,116.01443209420852,16.435713860401865,3767.4650611748943,7.548339414304112
644.0,37474.50381043769,18699.77028573042,121.04534231836398,1406.6423955730293,121.53937147410937,16.58702431399018,4236.113956836077,7.211547179941095
645.0,21273.648205551974,34435.21649556974,230.82230367189297,1084.4090138332733,126.93437686174336,19.1367831932722,4776.361834098983,31.289667660533652
645.0,37479.81074224338,18709.61856184926,126.67455561147753,1419.2388374135473,119.90061108072405,16.89866521080658,3715.660116842492,7.77097199261117
646.0,37478.01979400437,18700.08920316609,123.44188859971682,1370.8669635969309,119.10348914694525,16.703554696884396,4259.8613210255935,7.61830337796071
647.0,5689.608896651051,33821.8620612727,127.75377421758233,2860.03087062545,131.98898607717322,27.994463255481495,8334.455703449796,6.125450258843753
647.0,37483.39247778356,18705.5158782699,114.94349051877413,1427.69386121981,120.26766564271692,19.594474510886485,5286.5766247396805,7.257492376632587
648.0,5640.5570898646265,33744.363107762394,136.1153960576072,981.208492283333,116.61598675598543,17.461239709624373,4661.414605003545,12.164736243149877
648.0,37491.69792548409,18696.628569942823,115.00467116396945,1390.7287192762572,121.6703415333134,13.117998406667613,2553.64562066888,6.000634127587705
649.0,6544.1954144729,31333.663898427385,125.62748516890741,990.0651914591328,128.69894515804816,14.819306244600899,3097.665395282891,9.459708596240354
649.0,37472.35798069132,18711.93021409507,114.89242857519552,1280.0752309105649,123.71370453729646,16.793994054544793,3966.0458347180647,7.217058552826881
650.0,6536.840404558281,31297.994499074237,129.5514921533062,1096.7733251586849,122.07803246659739,15.759369889621127,3968.8655255150866,9.504932597859348
650.0,37474.894066991335,18701.521759927185,126.20210797557009,1484.139439968829,118.16222224131585,14.591467626651646,3357.2556409007484,6.87446802204366
651.0,6560.286827324456,31305.80535364228,112.713657897726,1099.3775937788303,126.1809372888349,18.067346067551306,4857.23240333507,8.268254611001128
651.0,37478.954217686165,18708.08959200593,120.38921801081004,1408.2392642337693,120.65013105762867,13.222274425030266,2809.5011295061468,6.363178213540552
652.0,6552.117769052004,31326.5569003981,137.73982442951478,1287.0787053861347,123.95380936374094,16.377568162152325,3891.186089690199,9.437009173545025
652.0,8446.684821956333,25597.071673724957,157.29475137031716,1071.300187171091,157.26288473775205,15.352353840249727,2740.027438885693,13.158019194778262
652.0,8897.057455180586,24888.04053480723,129.5232127280036,1067.9598561599569,150.89525245690723,22.084839525632514,5650.689061213721,12.370959349075298
652.0,37477.33911128374,18701.067275719586,117.82857050181882,1263.245996193269,125.61970428160737,15.330808751667131,3322.38432614742,7.202184455794727
653.0,6539.753277604181,31321.485056102407,147.2756360538896,1202.738363805274,130.50896231948713,21.375528908408675,5142.936103551816,13.621555452993661
653.0,37482.37169367748,18702.78347406558,126.53419913954814,1488.9449527374888,118.16139458570393,16.780536056507742,4434.991620161987,7.435756861685235
654.0,6535.001680063392,31312.580237751194,122.435381240717,1191.1328592472232,129.34667601427014,17.878560432839354,4165.41092404184,8.790204252829179
654.0,37473.32965355422,18712.47982797175,132.7389162140198,1399.3517062500014,118.64729361027722,15.301911356500408,3870.4068869263747,7.9744784527659975
655.0,6553.799771488287,31329.044817601374,124.1043942960438,1148.0369392426642,129.11473312852544,16.321260840392636,3462.1918826586225,8.736746809297285
655.0,37480.79184946456,18702.694570268304,118.4648142135381,1369.1013776912146,121.77042969621435,14.752899118521935,3590.97139606664,6.691356995063476
656.0,5183.628019649222,8939.311531140635,110.68205839324452,651.8227738672122,146.1023581297011,19.861595501308095,5263.912556531324,13.391944208368027
656.0,5977.136044348014,8316.186994880836,237.81819759485504,1541.8010903532268,140.95292799061966,20.485067970519818,5247.964550144411,25.220929280495888
656.0,6533.523357722304,31309.57955328651,120.32797436499987,967.9676890798453,125.06559090738787,18.180996462756234,4953.419384325392,10.276954908011342
656.0,37491.05483084697,18714.42936373516,136.6857050459054,1554.7410408578282,117.07428865169297,16.575146965936437,4606.7279730422915,8.051620130314465
657.0,6550.52297614803,31294.835564392244,135.48230546792757,1035.375033372408,122.34032351170399,15.844849534800625,3448.986610555801,10.767305548549485
657.0,37470.18162401593,18706.075656726374,122.602016339443,1357.9916116975028,121.60464435952072,14.57598114619044,3515.115050799059,7.0403168531328575
658.0,6533.611946454938,31310.96427112911,136.0752485349963,3103.521890988005,135.7775403749936,25.215083898953434,5956.551397090136,5.925445690790827
658.0,28449.972655402245,39556.821808544875,182.58732123400245,802.835380264924,102.23472127135904,16.716245052763146,5038.140087757845,23.763288494097104
658.0,37466.72286778424,18689.192829244577,119.80746255129655,1407.4797966605727,120.40157472637769,19.46431716344559,5572.176805897957,7.814426528392836
659.0,5209.081138074729,32354.041114304888,147.0691921027325,1030.4342738089267,126.09032009336083,16.00608043336326,3603.8358838959175,12.499735236292087
659.0,6538.476373394974,31296.946024086963,123.68466890639854,2620.2140601786596,140.50575004487385,26.34313912081604,7794.106990634271,5.999771213547703
659.0,37497.518244056126,18716.693965090155,123.50883561739688,1519.565721505703,120.23273170832664,14.005278999153699,2808.61371816063,6.412071900607315
660.0,5197.486149847393,32381.328567870765,131.61581871115146,3715.700376187615,138.84233280145747,33.18156902409819,10886.845765125561,5.80351924140576
660.0,37487.54861020934,18706.604090236087,120.90138560442435,1393.0389816917716,118.33775563397069,18.509720016348457,4637.159751078968,7.745928720027891
661.0,5549.308247991789,32659.774027540803,162.06431696738005,3022.309735031302,141.41531579158834,27.244083067426594,5992.063597262705,8.590936917382336
661.0,37476.02303580124,18699.96069637724,127.21093618409196,1348.1819623873819,119.3765928623142,17.201027694146553,3987.584013130929,8.243098970643073
662.0,5783.2872796669935,33110.739854050305,123.79311576975648,2327.4197867904318,138.02542095898252,21.052381401677803,4907.997992085743,5.759887390857767
662.0,37477.50415830005,18699.43036972187,128.40492589738773,1585.334280685557,120.63869428776839,17.694610874275497,4263.922116754532,7.469737587193017
663.0,6072.218419718776,32355.083047736454,128.77444338712453,1976.1558244493344,134.5693137353878,16.580031438199473,3217.914361868124,6.090394975991773
663.0,37490.71972154984,18707.15550908586,123.50174327792283,1462.5787117862012,122.11018673646184,15.894218316349317,3719.2725486530476,7.043522435939832
664.0,37472.43705546601,18703.70980829546,121.11205966754775,1395.7665496120298,122.07367341996206,13.426373096465557,2440.487469789122,6.505328086742806
665.0,37493.32399287957,18708.927099513137,127.75929128544095,1558.628602384006,119.44546942439092,17.644969991767983,4285.846539846069,7.499399705553364
666.0,37476.31633615936,18700.881926566788,115.29133166172944,1139.0725193233247,128.36376556851752,18.439098848849603,4892.720061437391,8.438872804591751
667.0,37482.105405156435,18697.736600219578,142.40497337615912,1690.0043497238712,113.11788380361556,15.963721435059984,3903.714943074709,7.856476178451835
668.0,37473.20757739366,18703.693254187943,134.03159113173487,1656.1935606659954,120.7026088402439,17.091016256035463,4372.579144207538,7.558520581030646
669.0,28696.520571013818,39149.622434767974,183.27324365173502,642.8004369513778,115.46393694607448,14.755015257481396,3492.6646276166857,26.43408257636386
669.0,37484.71655538736,18698.941498859647,128.37146181939468,1549.5611292592503,122.4254578170482,13.715155893399336,2724.3175966808103,6.616554829378251
670.0,37480.57559376914,18705.193703572688,130.0598172609708,1464.6053361901156,118.48678147695614,18.22522691500898,4992.810933903902,8.281620212398167
671.0,37486.53403412652,18713.477854700657,116.16251568620311,1320.1423644445708,126.55950236460237,15.958752674053654,3366.839356569191,6.96355851558055
672.0,37488.20374548834,18700.736475144466,120.03496765412754,1544.2753672125366,118.06476673705862,15.93366195044032,3781.6298882513975,6.480436870945191
673.0,37479.80423479713,18703.41866011603,123.02161164631255,1621.4947124530845,119.17373014581058,18.093152124731002,5118.653630768015,6.951071895384604
674.0,13381.541916454533,33512.87335118772,199.804393630992,1629.931835603069,137.834340420203,33.828949241009155,9406.626258570268,27.069915182731986
674.0,13860.316532755565,33180.44029080302,148.94792851763992,1284.9365602337507,160.15225842692865,39.7937821682453,14674.06332442975,22.482686877024822
674.0,14695.38311949518,32104.36363170806,132.70102316928651,1282.4016834752613,137.73705517457182,16.605543154903454,3768.858401459987,8.988633535821744
674.0,37480.966583104026,18706.995558912102,120.15923196140761,1474.9499891948612,121.98938937293731,15.236546069101507,3324.108644392263,6.566702678713859
675.0,14995.911557122776,31147.58996064259,245.57027713114576,2925.0387739467046,136.92496826092966,36.26059168714137,11111.909949069615,24.44473132041474
675.0,15662.273868759776,30967.805754161604,272.1685307322261,1973.5096156996551,129.315976051239,28.204525149331293,7683.025118158386,34.50101523390655
675.0,37488.31427948366,18705.75031838425,120.5026612422788,1524.062130123904,119.3557760041201,18.13424937530223,4910.225340183962,7.079212240186802
676.0,15329.410132023062,31043.295217070576,199.82551639927195,2000.678605048582,148.93758171193554,38.626027683826756,13986.110721082146,25.135417601357343
676.0,15439.382414831047,30298.694943075465,143.9928012503277,3918.82708741048,166.48550109766666,27.470092829309195,7626.217985484489,5.667378228464777
676.0,37502.05288867718,18699.77491665069,120.97465212934267,1380.3180420524407,125.54201645282494,20.84230426257063,5963.905451996742,8.442609690344428
677.0,12707.784247153433,30859.346526321628,148.67184674863321,564.2405719977743,135.36990932009036,16.50337957072603,3627.3552472110805,22.30666524120179
677.0,13653.741877443741,30434.77323703509,146.4733367407866,880.2798821371747,141.5021111783271,15.350028990558634,3322.7516220619295,13.794179274016486
677.0,15461.84386052351,30100.3793541159,147.08700985173934,1850.9862557075967,166.02878407967077,43.67711490466409,17645.79557867437,16.840448984218792
677.0,37473.3132032641,18706.1656738606,127.89338405546074,1474.4115544461615,119.13250420658997,20.16434715438349,5096.156331292223,8.565252238982726
678.0,14068.237358558908,29695.754496852613,112.1530248849965,1028.6309313770291,145.07104728119694,17.742530341562798,4040.6986853957796,8.561525997207855
678.0,15560.326279969173,29122.347550529692,150.13621189191073,5672.254506186743,176.5307065643579,41.16309604818085,8276.85302748491,5.909299509418121
678.0,37468.094998867746,18706.558692128554,135.4402591210076,1587.1241476903042,112.56117368016183,15.880752349904634,4100.528495451828,7.611618601116361
679.0,15428.362235027853,29075.785810707792,163.81705207526213,6874.657217933638,173.17461021947042,53.243299410751504,14636.345329143262,7.1455170143313245
679.0,37470.189132806074,18695.711959982007,126.13911971824729,1413.4280518302514,121.64783511658125,17.65599062935658,4124.526283439513,7.95465650803533
680.0,14295.4102105344,28152.805501902003,103.93404321103048,1157.9499310995254,150.03421650269527,20.95755256379989,5172.085884138521,7.646995082550875
680.0,15094.35518519936,28797.05162260714,128.8606028183464,2124.353936822133,186.7040478388567,69.44242033890836,29560.478043770785,17.593369651288455
680.0,37478.48550900374,18699.151212009758,138.15101896088552,1467.6554514702866,120.48225617635373,16.12356621813392,3696.2206761375555,8.435008360894047
681.0,13928.484038054608,26381.134653194564,150.60623811603696,1088.596069303291,139.76320489198125,20.07006036200244,4661.615537953114,14.746538289531273
681.0,14260.03983910477,28154.676053974315,120.12936033847865,1348.7989993019703,151.31005487636958,18.396811554743692,3308.300935811176,7.840637868389109
681.0,37482.03320263019,18702.303023272754,120.32724205891097,1223.1486176527221,121.51294698008512,17.957993526316955,4695.246259181894,8.385626743533567
682.0,37474.79263524534,18701.10844684341,133.5771983014837,1493.7972684718968,117.5505486441463,17.175807459357937,4891.912971856842,8.194077682592047
683.0,14956.90959880852,32719.112750115186,162.21757612170873,1721.064868022918,139.04624451394332,16.77905795945651,3653.3184614263037,9.86071087020253
683.0,16344.333244915266,32638.637647073934,158.98935560924414,1428.9328154090585,145.3385384383921,19.009814826645286,4043.242039052976,12.217844110782641
683.0,37486.17929762997,18690.018160761156,122.62406343224856,1337.0508369153001,119.20137010479252,15.048129870092573,3479.463497268825,7.248443128238558
684.0,14674.438043156195,30295.161677218413,120.3332239600651,729.9864599105596,139.7788140690713,21.54845224668279,5786.987994594764,14.972954987349524
684.0,14933.46354898439,29461.681360866678,245.06068781170265,2165.8875354950674,128.33926589115936,23.879208919262854,5782.749982338598,22.186682949349947
684.0,16095.756115298958,29933.914894243422,153.27443419778191,1441.6105100543175,145.66922569524388,21.448263569472438,4901.2263181055805,12.470303644330606
684.0,37492.85810857001,18693.293252485462,117.70153971656285,1220.811071192016,120.0008408127699,16.803677983284462,3943.386309354885,7.782650923073752
685.0,15206.68557632865,29565.335698452775,319.4705484393142,5859.870990467481,113.56442822794949,43.47315620221674,13433.98368218147,24.599622687967656
685.0,15780.309021362742,29702.742528117982,177.83309805626584,1727.3744160253711,166.93273898766782,45.332574097808575,17354.911233084305,26.881293760716517
685.0,37483.71848267689,18701.48380168579,141.75662170577954,1679.544142649628,113.5213023717462,16.440220566370115,4352.00221171014,7.97791542373274
686.0,15549.674872110183,29716.009558410653,335.08819614153924,2966.3623019450306,123.3313622614711,28.528190350714404,7836.763456177868,35.152221844215376
686.0,16760.031914349547,31084.503837698783,124.814603851989,1274.849374839512,144.227773182055,23.956231950847652,6419.391361357674,10.549408420714267
686.0,37485.45292025319,18696.789401709848,115.16895994306256,1196.0527449493015,119.5602249712376,15.899420931918828,3922.9226807345276,7.4058978688269805
687.0,2111.802507137922,35425.148728633685,121.53667219791578,623.737345275027,122.88383471363366,18.22612660776975,5436.555227671342,15.360639451408698
687.0,6150.91045454865,2105.1788074202223,197.18017901744497,943.3373594621486,142.45534620131284,19.154966812870374,4714.118070715876,26.53840363197151
687.0,14638.445995094618,34125.04022971573,112.7644571585219,490.4656836074554,135.4890717951702,18.540755399860426,4970.828838371887,16.907197920530503
687.0,15443.655764856658,34594.90234896971,167.80348394323886,2465.8151668265514,145.04228827152164,21.434423526565734,4446.16392278997,9.124293254659996
687.0,16712.904635305447,31055.207600008973,105.67807308876401,541.4695375463323,124.02278357305856,18.308163179857658,5222.951680149293,13.670849946030406
687.0,37079.19585304443,24291.992702850912,131.04484152910365,607.4875875266393,119.04254852155296,14.900836104536857,3399.058210697661,15.375111371455828
687.0,37481.59456044442,18712.75399158588,133.98328821010622,1451.333556332692,116.3675923537852,18.946958150030202,5069.842944522049,8.98830160994148
688.0,7720.748883262632,27874.784002175824,159.67773311988773,1423.182878777775,143.89436195600527,17.667671638507862,3533.0757112908077,11.700916379517984
688.0,7867.251241665951,27068.932885255974,143.17053847408934,796.0840502189582,145.22997953717206,18.634528904061447,4361.3491513779845,16.82283847155189
688.0,8388.780382664636,39099.06166802598,177.66775516776076,765.433737787079,118.98668980098266,15.906421614205957,3910.2125695545183,22.649507268558608
688.0,8645.574773897526,8999.26993189273,139.28304800045765,725.2115487635585,156.73030657950042,22.154625111916864,5692.442125611518,20.1389400759757
688.0,14632.74652677586,34555.63033801282,215.14411954297768,1857.9581338490525,131.8124422032568,29.05184247927114,7739.282317848735,23.91069373063588
688.0,14511.57817716288,36496.696243658895,126.38377305417323,1634.0691341380818,140.141678688473,16.996049222350994,3819.664829589086,6.9482311330489415
688.0,21052.040661608386,38481.68921093627,126.14166021143672,511.9655857971828,121.22566383826923,14.515312934177905,3122.654607446794,16.389022251261775
688.0,37485.44705739745,18693.878015734186,127.4355951530196,1288.6718705030696,119.14053409871453,19.110934211009766,5111.167923463036,9.192417828643416
689.0,14845.154609907857,36719.22735857185,346.16290436305496,5787.313588140803,117.22424778097687,52.532925450906134,18559.60577323324,34.899329132978636
689.0,14902.591959145715,36791.9203158665,300.4882161282715,4665.756926196994,124.20732424829971,51.88796639878052,18515.33345084003,32.273271247319904
689.0,37484.77027096366,18709.36615661567,140.88532863802948,1557.8683413566125,112.99538439280504,15.419111792592123,3304.4422025424897,8.074768130934737
690.0,15033.248645271082,36551.2254560155,199.35580394877474,1623.1156260227672,126.79743173212188,23.077313277046894,6395.992294065883,19.175185697999744
690.0,37487.405395861184,18712.7934048763,126.52107896766583,1334.8289027716282,121.39160972766263,15.00886817702382,3201.3057690153923,7.600601238220621
691.0,20533.899809154518,33921.60153438817,229.45317965332887,1288.8564474550258,123.08234594000395,16.674161387462803,3550.4561984431716,23.33549340333393
691.0,21829.11989833424,32769.6289434159,140.90783612296468,557.457837321106,130.19074788632204,13.976109625303085,2733.323688984916,17.92632839873594
691.0,37483.49461287271,18711.033552221164,122.61830482377995,1348.2542994484572,120.45737609963535,13.964248063118625,3050.303590601193,6.926304974453178
692.0,21732.37247025213,32835.329575596865,111.51466477884506,462.8050541184905,128.05663593181677,13.695124318463458,2923.072097632199,13.889270207361038
692.0,24830.859209810184,31914.423743832955,329.8479939301484,2863.3079627463003,117.63422713252706,18.964204055570907,4709.382673516768,24.350579829873702
692.0,37486.96193298508,18712.818299168663,125.15222166947945,1427.6728802474051,120.0125622108593,16.81332790712899,4277.079762538992,7.565956616874914
693.0,3342.4133319637795,23710.496271796208,132.82441157271046,1141.208600668897,141.07688420898575,20.891098302133166,5355.109253748056,11.681515103214938
693.0,23059.43513952118,29996.55626135054,157.26568006016137,628.5248887167007,131.24095990577024,17.11456102297161,4237.978160446948,23.085478744625533
693.0,37470.05636981079,18690.79072856645,133.06265635968597,1359.97144333991,118.16289661134196,21.617522699218267,6779.333718520384,10.311757721458262
694.0,25043.0658465235,28595.76770185513,137.9730607872751,2393.808047394704,142.634159459679,22.14279611702292,5333.588941279948,6.900025186910094
694.0,37489.23032420971,18703.395185782458,116.33328517256274,1309.8511701753318,120.03441822924734,19.300058171811774,5741.715314407459,7.8615013639923585
695.0,25079.62681582464,28647.641295226764,154.70005932002644,1244.237996147075,131.14995671081687,14.009689672700686,2707.9845040107575,10.599465997550187
695.0,37475.56892691776,18688.562568940222,123.48951617389001,1354.5206656620956,117.64470617111206,18.48392546298824,6085.326596328377,8.192864201949122
696.0,37487.14035847283,18703.654934274968,129.96562243736668,1396.173360222314,118.79469574075445,17.065217324388826,4119.455960571142,8.251040298084414
697.0,9721.206088671268,18468.001365032476,146.1454434089123,620.3409875934975,139.71862873695673,17.741583876774794,3975.033456669186,21.052374705231685
697.0,37487.34977570282,18704.43900059307,110.15996907118169,1177.007031416351,120.47624745558886,19.03509486266509,5014.374464266152,7.791087663699491
698.0,13772.027447497323,19370.840970662524,157.18806178498167,635.2799830427566,150.73078225210517,20.34010797285214,5462.283895331812,26.51904468817273
698.0,37480.751154859274,18694.83918052439,109.90234182673579,1177.1849525592759,117.57204222415376,16.795011514208692,4491.947859436612,7.199486280581383
699.0,37477.08950435484,18694.21670679864,115.1522262389284,1166.558368124253,118.26383047442334,18.276011735038548,5215.687059500366,8.212324722320572
700.0,7741.814040534773,23747.76113500401,187.92633150573477,798.9600279754236,139.8139335858375,18.21138401525919,4552.732043855343,27.115663741189685
700.0,37114.12359710314,26553.261259134448,207.9511005394588,843.9811894606083,119.62068888427784,18.598068493778825,4807.7844658142585,31.744407293324727
700.0,37489.25093466118,18686.68355172995,130.10145141943548,1286.1240461928348,117.73375521565056,14.073802696957635,2819.287260117396,7.878175882137544
701.0,37476.225279384,18712.007151184513,127.80126448335936,1325.9699727280997,118.31074158537189,16.14921959219706,4078.0804314388497,8.097129524144583
702.0,37473.471598198,18687.904249688036,121.15860775172638,1353.6455128007585,123.67807912007098,16.009233771682787,3689.2667078399827,7.294425993408861
703.0,37493.425828109706,18714.55820532468,140.33744103753924,1425.472624824534,116.70626925295305,15.3530897014973,3376.3899941776453,8.593126566673723
704.0,37476.70678146906,18694.24078152092,124.2897655143473,1402.748251752164,120.82310467516216,18.326160580740677,4573.790571803001,8.001203515006928
705.0,7197.767966086795,30315.612934218734,117.42983618576878,972.1022165107876,133.16585790434078,21.049734316605807,6163.782313356689,10.916869461541088
705.0,37497.47333105805,18693.992478048738,127.97917464539992,1288.2247072719956,121.46417307147517,13.955794833037693,2997.5783364965077,7.639538300857018
706.0,13810.353612159119,24725.11665162129,156.55587497482992,820.4268801733855,130.93842153388493,15.858488372965864,3403.712590644038,16.895301634326984
706.0,37483.48847164946,18697.69331043596,121.18383609633446,1214.8483912573013,124.44057892055999,14.967196423169902,3405.567760800329,7.645531342773742
707.0,37497.08111913774,18698.67776418147,120.49604192907725,1200.6602118436235,128.316223582542,14.315884228976754,2975.883771946381,7.465551378080743
708.0,37454.393617771944,18685.675035088072,115.13067373754478,1223.8500791558674,121.73446461488129,15.405258745634448,3506.805994690955,7.145482241436694
709.0,37487.20568030621,18673.23118606544,119.02577767177158,1184.4401359203143,122.1507352023022,19.652137368305613,5793.8665118598265,8.979417738251538
710.0,13404.813301599788,30917.565045034724,159.65101676396782,656.9318263981813,137.40257378654027,15.805084537077931,3439.0047921554,21.322408337127634
710.0,37504.509526826376,18678.038087657143,124.54368466815136,1269.1253647079907,122.34032385318598,17.887736738298273,4289.172051189829,8.58016256463581
711.0,17517.33165777807,11219.138776823376,151.10802829954886,746.1039538398207,148.36387272186312,14.112548335917147,2484.7775446720416,15.79472267998764
711.0,35504.5188604977,28080.356024772027,256.9368059189719,1795.928478452774,115.66438912964982,30.68958570360164,9868.23744674383,36.60435077371804
711.0,37466.996991858956,18668.491568986636,124.6489932184924,1363.4846996748934,120.28362629429249,16.91029487585788,4080.006715301547,7.826287294527688
712.0,37489.60507716082,18680.440598065423,121.99954887237942,1280.9449809124048,120.11840299894685,20.30242594017096,5611.424494373201,8.955868868539673
713.0,28401.59197427604,8380.337845705555,380.1668688406705,3327.3278937218333,118.14066885060187,16.979330122004626,3462.17788500497,25.064933030928593
713.0,30957.881214543424,11701.28131410613,106.96942413094611,418.83791120754586,139.1766097711999,17.21574919426496,4135.5095608910415,16.720604973279624
713.0,37467.53500930702,18684.350233529774,116.613632302044,1419.1506121674117,120.38348641129622,18.49736830706598,4781.885850969904,7.202885870340044
714.0,29579.27750805634,10927.508274414802,187.3085207281184,1526.4918017245623,133.488237941118,23.918284867743765,6049.616711449498,18.64886216586276
714.0,29951.278726057266,12212.97172222643,116.8044636690138,448.56051636354823,140.5136659001516,19.398121348396185,4337.20624843282,20.287815142354116
714.0,30166.47315001516,12691.833739041904,195.00717124501998,884.581771354567,126.00658444276914,21.220520217135295,6593.0889137404365,30.260548420441765
714.0,37472.53052084359,18680.84736374204,113.00637410878718,1184.2783635806372,122.94534671045965,14.736746297545938,3158.2279520390684,6.960613000697823
715.0,32408.877131943726,16998.852278132224,176.38230928483813,828.3786060707553,121.15729432322851,16.31511446420841,3902.8371465644223,21.234301620332
715.0,37472.177518107135,18686.143860974003,121.77262823463595,1372.6771108511773,117.50568355782929,15.303580889891741,3676.853079369189,7.092979621518466
716.0,37484.032540903,18683.768104937702,132.54035463751958,1459.8274880748704,117.04559118304104,14.831256809223884,3175.575475533749,7.5614905217810096
717.0,31574.056428560714,3897.9395418068907,143.28186745096968,610.0103709476482,126.85628277986781,15.843840489209942,3661.6188639063753,18.799419899196593
717.0,37471.501909497696,18685.529194715513,136.71969988407048,1437.797324656881,121.74374722066634,16.882538738050815,3911.8966106620824,8.680847708941613
718.0,37474.7976590082,18685.856415737595,125.01102002737304,1404.2418418520854,122.59225009828869,15.201053066563516,3323.6087328523613,7.225615255228373
719.0,37479.24427752841,18678.231965872197,121.49579208246315,1399.190448654848,119.48516194200404,15.278543957071424,3588.794024900671,6.959451033844893
720.0,37488.97445316764,18700.66222495491,126.87261948783025,1260.8664806307545,115.4502885596661,16.231269998570603,3814.203193929068,8.359990045643986
721.0,37469.619401022945,18699.468218207243,112.28325636874109,1096.2656682976174,118.81875439838306,18.917544715169694,5725.363744087149,8.483947917257124
722.0,37471.86851308054,18691.90879014818,124.80811932338214,1346.0188800949934,118.54699880092592,16.063052715797884,3518.7274638528074,7.6853139039164295
723.0,37476.616918430605,18687.3687970468,121.2050871175846,1326.741352256746,116.98500421911397,15.684649968731984,3663.5146703475903,7.329294204956391
724.0,37467.71604500976,18692.194094585968,118.97412686705218,1257.361470292916,121.66103942647929,17.67809110014543,4348.5183898009145,7.972727186285964
725.0,37481.82951370446,18680.221703150204,118.75619186976841,1427.1175051175035,121.80713343242078,15.618533905851656,3271.441450582349,6.702485864370524
726.0,37458.18460772185,18676.238502741497,123.35641790141123,1453.5071829597375,114.64409933328255,16.156895816680233,4648.880374392235,7.1295437069839585
727.0,31329.70829676022,21063.704767947595,152.61506116812322,608.8415765573345,129.64900200090682,18.142573388235878,4951.3764425994095,23.639968004655252
727.0,37462.35507231582,18679.71168031198,118.67347584710832,1212.6217767786773,120.296913305629,14.502016251844235,3355.4143239873288,7.291534529198698
728.0,31786.271747731487,35589.03207225973,175.39945860670616,1794.3844536497568,115.83479572111676,20.45691161620246,5252.2204783740835,12.560218463203894
728.0,37461.92797168244,18687.737590402616,132.35227174728212,1401.1833825135973,118.83936903251379,17.44670838787994,4461.968145615554,8.59075779158885
729.0,30368.333388856594,34539.16392467729,153.6304141315636,833.7244334415797,138.27281924602082,18.23354375875683,4377.690848634687,18.000758572756215
729.0,37468.071789859576,18684.312436923894,102.32037345755236,1103.5825902947279,124.43909711286773,15.675317271484474,3895.723149412545,6.547298594038424
730.0,37452.53232310704,18694.14072430801,118.76845060050651,1361.0308827632152,117.86738319254276,14.943604543705602,3306.67115385103,6.791372291061753
731.0,9722.952578468416,8472.69687022918,167.74930143231396,3320.935392044514,203.5092662446886,38.99431883418406,11255.112476552476,11.23015760083169
731.0,11261.887685566911,7378.27891221484,150.4954357109163,1292.0211143752192,171.46504649354287,21.250594727648817,4939.383603092408,13.215392569677498
731.0,37470.70324002162,18693.579067204064,117.5708144294504,1203.0020585619125,117.56759338272039,14.046199145183103,2847.697519015106,7.11531242950086
732.0,9877.38465895346,8003.102907084769,200.91932466140443,1159.9108374298041,150.65140681847598,21.94302978876249,4900.339950105105,25.519017571938143
732.0,37474.772825090295,18680.92333648159,122.34842988969524,1359.1440412204981,117.94097781703229,19.245802438733527,5348.201566984109,8.26097394875049
733.0,37473.98366036513,18674.950565251856,122.71230726847618,1284.6692091572777,117.73112661146133,12.890533222435979,2681.136152824391,6.912266160968636
734.0,37475.3424817367,18693.04567049163,119.20367335630424,1264.4630413044736,120.34991477912838,13.79836770195644,2600.905135352664,6.931379323959916
735.0,37479.69654167715,18692.44412257024,119.70594200301142,1389.7440093622704,121.0798977699478,11.351845993940767,2046.537108951436,5.979762694534834
736.0,37483.92650754758,18681.196654849515,122.21631759851904,1228.2889075842704,124.36230232922803,15.118129521097243,3307.287269765807,7.722561553235159
737.0,37457.52303315882,18692.949446522485,115.75040708585098,1298.2253844842448,120.60367202156536,15.315833098410849,3047.1045574677482,6.863055165037363
738.0,37463.07136365978,18682.492478133034,126.85652129917324,1207.1650060835623,118.31405759079925,16.615970783029738,4243.350999952605,8.785440223636343
739.0,37472.55045450875,18695.924697284972,113.46265858054534,1174.828212542647,120.63536890391717,16.3320523546395,4333.541573446437,7.453221581859761
740.0,37474.32904006565,18692.932305207807,119.46342900326282,1281.284614008844,119.67602348488464,15.152257992126787,3476.4576907333444,7.227602780951666
741.0,37458.56990460734,18696.116907479252,114.16899366686225,1310.3671004736939,119.67466737660224,15.30950551157859,3646.627863130183,6.675161222829509
742.0,37481.61806181228,18681.05332133497,131.56953462447458,1408.9600159674703,119.13348266973657,16.92792447208066,4113.8132839870705,8.310727271702621
743.0,12721.78179745616,25149.657651689115,323.739286812103,3826.0945134821345,121.42708465848384,32.334068469577744,8944.923157330062,28.900377341112534
743.0,12819.93386458056,25533.05701910603,343.87883029483413,4048.9958845131587,120.89676058633424,25.60813370501412,6967.400139172961,24.799193699585633
743.0,13119.07409158411,23690.91854332401,138.9720861410817,557.4753914540171,144.4810205816675,16.373453450783824,3635.6062034232,19.822861805165438
743.0,37466.88074194985,18677.271538609268,119.70129250408006,1251.764949297063,116.98359915633866,15.543044350544301,3543.3475421689773,7.486255717293529
744.0,11624.5448325326,23264.40754368834,126.37924694800692,611.737063923319,146.3475922616983,17.141789229770204,3749.8448369093585,15.962112084631672
744.0,37458.72664684542,18683.9094812896,122.86506922263284,1410.7153307058566,119.29513629500866,16.264851488685043,4262.368308591401,7.280790186148664
745.0,7653.74813704427,34430.9741946782,392.73718516885083,3468.4957685895406,111.68280414485756,25.60492694884998,7403.001098857734,37.12740527105004
745.0,8674.559660604156,32328.416661765237,168.0156205895531,926.2709375559087,136.21829445415065,17.4574312069297,3795.4891810564504,18.56421272160947
745.0,37466.99237467074,18685.49140711887,115.86270463590232,1346.5146277563229,120.52956252363968,17.181642857936698,3914.113241000114,7.118505877367552
746.0,5401.983411109354,29959.056593788013,238.25243054358774,1082.3859896905738,122.83357218366511,16.07214964137765,3562.111793105476,28.515194528433426
746.0,5728.87859710599,27259.828769696618,106.80986589125978,760.055553102885,146.414454776673,22.984821215056193,6410.072199210232,12.293017895387424
746.0,37459.425763922576,18687.33680605582,148.56867217215114,1455.1952839807718,113.05726646969634,17.401110155698053,4272.8145604296415,10.051937388142939
747.0,37446.95267266584,18686.35554509374,118.83187102388335,1379.7941453972005,119.44417792351453,12.862361284131232,2642.669643468497,6.262697138530322
748.0,37473.750968962224,18681.803243611204,126.68527969674908,1376.7203916169249,118.17110309983957,18.154526801958472,4891.27843777597,8.32903706853615
749.0,37465.56875499358,18688.99142514279,133.89597738830307,1327.8248094657426,123.75216562470597,18.90947967141954,4261.397527058092,9.664011270454303
750.0,35985.49832546055,26629.362799428498,111.6781796962793,428.25927899449823,120.39396280762509,18.304336767716553,5548.397074994671,18.59196538447542
750.0,37461.00213094012,18700.314172271515,122.98518852490798,1318.6623166372326,118.97551402113479,21.294919497258665,6575.788114653595,9.156963130699022
751.0,37459.25509915564,18691.97276503664,124.41649362552099,1216.8920136230402,120.70227418630192,18.02125096042442,5053.997493288733,8.911489761446685
752.0,24843.71730102177,36005.376714213606,121.04305337856668,471.09147276183586,130.774555008031,21.132441714398684,6273.108182575183,22.273429230427844
752.0,26256.617023993065,35928.062624449376,147.78753833027957,844.6863040066886,125.5638048554184,15.985029137549862,4025.6336522391966,14.968151803510716
752.0,37460.33728400119,18706.064675277394,118.8866199257508,1308.8076113417515,121.46115471980173,15.344422564450332,3336.587470980649,7.106740425908881
753.0,25833.418529123624,36587.3292140466,257.3788258709576,1423.7868058613558,119.4469048498037,16.657071039681163,3717.0509223345402,26.298836890586568
753.0,37455.319063937306,18679.553400199296,113.65609759326023,1292.58632029669,120.90370669852388,14.753100102003934,3334.0177256103316,6.574778750179902
754.0,32122.805658434492,34664.68740688162,227.2668865485225,1099.836845933534,112.69275125590208,15.640923539443088,3455.850988751087,25.143619495572807
754.0,37470.38069018552,18687.872160017276,127.54799416501919,1365.6296007573803,117.63280388974506,13.936247877752576,2769.686858925165,7.264247908846168
755.0,37475.8251609079,18680.6174761857,110.86283100034716,1190.9564779395864,122.15590137445749,16.067444876431228,4236.019832458272,7.052803388375418
756.0,37466.05464166362,18682.740572936076,118.82356340517133,1413.703664149248,120.5495687399646,16.89257772283411,4275.953156018797,7.054159057980003
757.0,37467.3863349214,18692.37846485453,129.79530263640572,1348.1764926334333,117.13654960845692,15.632516555265363,3684.1191766920792,8.030577586819787
758.0,37467.24479908133,18672.139957938452,158.9762616562363,1811.0827911480417,108.21774148795377,17.40912316351038,4240.584581073489,9.36738303056124
759.0,9419.238892827321,16000.830697546584,132.89399950455604,588.0064369713836,141.012824157014,16.4079689472889,3785.922329488016,17.466965463804854
759.0,29213.596828066246,15489.8977790425,131.2770558800497,3582.0041665698513,163.5061760099184,33.728719337255136,9387.014448931233,6.032348662613562
759.0,30716.923445501958,14792.682781189837,127.24276957112025,1849.4422331282733,150.68721150260117,26.92439497177406,7819.04175632449,8.59532384670342
759.0,37447.01991134731,18697.17374606915,127.45642969398823,1366.615487431198,118.34388287114584,15.340329506666192,3439.792784042373,7.640241940808316
760.0,27930.543152738894,36294.039326480284,118.83153921594936,1062.2196279922805,122.6405814786022,17.28598573052167,4432.242519444329,9.00375834405647
760.0,29568.050363583403,13461.516455392299,205.49199243217242,983.8478934992604,123.10296005588546,16.01748495755773,3658.803227458405,23.618432958903995
760.0,30715.56538070053,14776.126414225055,128.39264262767182,2515.739889264783,150.30730954377935,21.296593497977067,4709.890274975186,5.7708050991033355
760.0,31191.823330030315,13128.82697534042,129.40707323730263,448.07283227642654,147.13103357703716,16.203655221411896,3344.611559146833,21.07227661001502
760.0,36990.063201858335,31228.29451314303,111.35150751922706,634.5918843367875,119.22709453887877,15.529792847793658,3819.759809298437,11.572782625522189
760.0,37463.896969018315,18690.623891160834,135.79047205447696,1523.312949394476,118.30078875758078,15.738597721534484,3451.3344631637283,7.853215128924743
761.0,21574.754059407536,13068.875087150069,171.3455411508122,650.8730220108846,149.87591080204498,17.66022975798037,3861.2461952501617,26.913151950473313
761.0,22401.37972357546,14157.64160152225,199.74405931479697,1053.9655467957487,139.597843655253,16.957419549363127,4026.3761441928805,22.076088361925578
761.0,24009.09992879298,15436.737170935701,174.53629002329907,1004.2877142915328,147.21921071781713,20.655688717156977,4702.88798245625,21.284297211251445
761.0,26959.677857598843,16367.969966936967,277.13485073184506,1611.3154391095993,125.29541251945975,20.83575549570494,5392.134067118431,32.82046601888892
761.0,28119.870787359552,30793.07837192559,116.52048719822541,1301.7224518108978,139.217657933415,24.549040467790448,6283.619533300385,9.36239402873456
761.0,28218.700577384217,32300.161634593325,126.81594093514452,571.4959921768026,130.29322595922574,16.16623741229923,3674.7308330488186,16.300744240612705
761.0,37464.68678897428,18690.045664675145,122.27825704602714,1273.925792640096,123.93811885865615,20.562186766706237,6166.426836805895,9.11205298581459
762.0,22336.415071645264,14881.1316789498,158.95824509711113,2402.9906650164116,160.27367731319293,29.12173347592509,7026.488664607073,10.729713041997952
762.0,25358.486808867856,33676.4423699945,163.57739576898527,637.4042035361492,126.1978238150531,16.57519500309032,4171.464505146641,23.844802255530084
762.0,26431.612089982198,31961.039256206834,221.02671368656019,2086.3194020843425,118.40706452140176,17.208618089377627,3549.5563272270374,14.465839816205445
762.0,37470.911486792145,18683.146650970222,119.58352036150156,1394.308670017476,120.73857793417885,14.127024638965166,2898.2552299563117,6.549263493446989
762.0,38406.884548995804,29268.685103310112,182.87266652333375,1475.6541066877126,114.23044286068536,20.80594378969611,5937.678303827284,16.364009654563418
763.0,37473.639069248144,18662.031084516326,120.97996267331828,1267.6874157192067,120.69398148496437,12.19427916771997,2228.2615256218846,6.667719402576941
763.0,38455.41437971725,29057.322592716482,120.70363051034114,3538.037338023549,133.5513441789991,24.20244234135043,5721.158564844532,4.32503485521444
764.0,37451.00418405434,18681.69275333282,117.83445267281124,1258.3498725537509,121.11679184760206,15.302270749688105,3414.180939988928,7.217035176387798
764.0,38445.94097170517,29067.264299366274,123.71807926394168,3571.5973763446104,129.90395656892727,24.153793792648695,6653.081846034483,4.451149617980265
765.0,3933.819685588696,39207.81152697438,134.5053033001579,648.2553291003964,116.82350667403783,13.87811732717731,3045.150103159981,14.429097160650162
765.0,37453.07352955353,18693.75569002066,124.63989086935364,1256.20000248124,117.73963163321616,15.16790565110727,3516.9152018205264,7.835150091994887
765.0,38458.787533980285,29072.11798812376,119.46219416184803,3542.111772210952,132.75528856734516,24.450087920038595,7090.1869318011195,4.277856589722539
766.0,37461.06662574198,18677.481220537098,113.26615717797048,1330.7257389949873,117.72250913426218,15.516325245685199,3645.101133412427,6.5658543855822735
766.0,38452.72975840997,29075.767340235947,132.72958514748578,1850.9363910581578,118.6507795273145,18.361393724363076,4622.649071398329,7.108948212160035
767.0,1683.2541312160283,12868.348916979665,193.61182587378283,772.0095035984749,128.52113680668404,16.523126587519844,4009.379838006548,27.198176369640276
767.0,37457.14146367114,18697.18269936663,132.21769748298746,1425.044442289627,112.60208883060434,15.234095103405283,4036.420857181503,7.7931467739552716
767.0,37983.18414615874,15947.580445152347,205.66062660489712,834.9096086132671,121.56113895705631,15.67911484846732,3546.702766404173,27.038025686484566
767.0,38453.745186021486,29063.06784453073,104.48967357483382,1104.4102505331127,119.02360483666708,15.881831740325275,4279.9484026256,6.796011961640681
768.0,13050.611968459963,38418.641438691804,143.7508385021775,936.7760050208689,130.3759094612949,14.90564277645843,3213.1171420546484,12.403395988068704
768.0,37246.2738883312,8249.066336159816,126.54595947045716,673.2026136185189,126.1360870329442,14.608385068902725,3225.629983485883,13.067200628006942
768.0,37465.156164419204,18686.330586102766,117.57915791252434,1009.1076451223539,123.73103808010137,14.686229834396231,3401.7554903628375,8.350626751668296
769.0,19653.656762817092,25653.6094449954,211.528055743547,1652.8837776997893,127.84417650604847,16.700280600505778,3421.0272527102425,16.08088966264694
769.0,37462.52502259086,18680.38283525027,115.91959212729542,1341.8546999819646,121.44802147205112,15.469795696402576,3068.085358230621,6.7420989851304896
769.0,38453.26744781803,29071.149834895263,117.16126606345033,1720.7290195022827,122.88305097206145,19.056171564232635,4838.15000782659,6.336598333800205
770.0,11309.234957895867,15804.287661927921,156.35168239696716,1483.2517398498885,180.5201680587637,31.187066667008267,7982.402896317702,17.234602271895955
770.0,11939.289647073814,16316.371827445713,119.74233358821766,650.5139386723029,170.95605614206582,24.923848516905394,5622.82358059314,18.637156839959413
770.0,37465.03901681918,18686.948669022913,127.72051554019282,1360.942403239194,120.22440720258855,18.000141815051624,4763.242510555706,8.473306573132781
770.0,38448.85556413112,29060.368357933756,116.72029200517709,2413.7896914363164,127.14906384566831,20.09617437998925,5510.803340088687,4.995059687648134
771.0,12120.913797325571,9649.384381363028,189.29753975619687,982.3736534318681,150.8676554830876,19.56466364031564,4427.841482065744,24.11240267365591
771.0,12546.263987008484,10957.557679192498,229.30190587574813,1041.5596559018722,150.50912318426703,17.659324898892073,3512.067630063769,29.883746824103554
771.0,12663.892327843843,8430.457612189466,289.0393335737899,2078.3356699772235,139.1296602136787,21.092639967517027,4633.175887972001,28.214815116918306
771.0,14381.4559915621,12126.908158730652,374.4310646987433,3538.8516398243323,163.4740035667601,29.957898907565173,7647.723643571624,38.472867570368464
771.0,14432.681714471672,11388.009117530464,116.39363024294967,714.1284678052574,199.00739812584675,31.577092615466718,7023.964549846955,19.94074308011445
771.0,14756.247544184296,12006.537169351228,260.1768669088658,2739.4899894765153,171.57668361943786,33.943281159570084,9204.79207455022,27.377522144875943
771.0,15329.501683989773,10896.467710587101,165.0641352075933,779.3843086486116,159.83327737514438,22.395654504316205,5674.714105664607,26.114933132666863
771.0,37459.031540737626,18669.40703552897,120.73354476999641,1111.8755458531598,120.60856269188264,16.32227594926037,3923.0851615231436,8.581085983818529
771.0,38444.96968088102,29067.20664947657,120.00410494567144,3532.0949929879707,131.52232257973552,24.431613641284873,6838.920710236522,4.31453276388891
772.0,14541.330252609428,8134.603799596906,140.1319689963021,610.4211755590363,151.56665433548517,18.303922017897648,4116.686062026363,20.309514603917005
772.0,15611.86576964807,9062.458890742837,155.50881621295076,1040.191332743491,157.70740065894654,22.872396701911466,5911.735786887817,18.155540701313527
772.0,25654.50465805386,12449.225400548336,157.06871330714907,584.8837345944467,146.59172581772575,13.860782542706772,2541.212879953904,20.682752200643232
772.0,37449.62625007507,18688.375606331898,113.7257168673942,1268.8941107753108,120.61628771216915,16.947406547138606,4277.012327466126,7.190985146407758
772.0,38450.29837560169,29079.223856549128,121.32503596259667,3040.2878355636303,125.4340547920141,21.774742530333427,6827.071549769568,4.628726445973381
773.0,37476.65010717637,18680.61016249792,138.5848535525987,1387.4958696959764,118.22994671734769,12.893727078919955,2457.386327741208,7.8018654058850325
774.0,37452.296226330116,18688.153705072076,126.97150016637694,1503.9940472466812,116.68758035758594,16.913004367450007,4138.584424069581,7.450818213659744
775.0,37459.440989189934,18687.941510724664,119.37235904479115,1406.3430173563452,120.061767395769,17.7906845494749,4281.175763925473,7.353064374400925
776.0,37457.45018147535,18679.777382675988,126.74979352711985,1582.914417905626,118.91116123002399,15.013773355907029,3309.041570540494,6.686775204094984
777.0,37470.84542064021,18688.93953345221,119.42740916135517,1360.9689907415718,120.98583078042861,17.29428246886068,4791.15916244153,7.427277776207736
777.0,37444.31918431832,20684.22680454518,116.06843033302297,929.0711387181384,122.30448373882737,14.613591279017532,3234.9472631201525,8.71250285840494
778.0,37461.16875396223,18692.693793929542,131.65732906259547,1582.4132384485533,120.5960044775404,18.027156033699388,4704.458128866354,7.874279474153223
779.0,37467.2625725287,18679.65937384578,126.20513145622745,1533.4351211121832,116.29886978872817,15.346876366003263,3146.6606896904163,6.885457107649579
780.0,37460.67266679255,18683.340122164915,132.2124010991473,1528.724303919478,117.68160173769999,17.3407239506562,3927.806541807107,7.958143003549051
781.0,27594.275184932714,38880.128686658965,164.8138114773498,779.2790834377588,113.85865004956212,13.316362232440952,2667.3213128087723,16.929592058747073
781.0,37458.57704926358,18676.685486586288,137.87030206442117,1691.5895285019997,118.43962827373332,15.640744770520241,3634.001026324744,7.377489808386636
782.0,35195.009032900074,39106.16467027906,146.5704312388714,1337.398093263231,118.00061863007461,23.582332379067108,7626.382195018031,13.279887259634394
782.0,37461.87914100743,18685.34599253311,120.21695213225003,1471.806636545789,119.12764957092226,14.497645536190713,3380.596611486181,6.420016893451922
783.0,35201.59633956093,39031.53998537169,137.3632133092957,548.8420860988772,110.09433934181725,14.086667308084431,3308.5247184158916,17.485820171671165
783.0,37455.45133292655,18680.113444944807,133.76163241330408,1453.304610728603,119.88828253923577,18.170112809994823,5100.435962897362,8.707477394856749
784.0,37473.381238713024,18671.51584544045,124.31579843265877,1442.1773304603937,116.71860331931892,18.110780700039488,4671.734957116747,7.767712990234935
785.0,37465.055369739464,18691.418112059568,135.08264029010712,1555.4993832601049,121.39306291151276,16.92138663735781,4226.422534832233,7.999256001999432
786.0,37458.9771363161,18686.4956297905,138.5780534263693,1624.6660828396462,118.59332782820819,17.032063741880584,4187.473129746331,8.076517863225705
787.0,10835.263543395786,38439.20336530386,121.15488102107842,1484.2363263476652,139.3165293883634,20.34015287957636,5324.509294606361,7.83741396516257
787.0,37463.35957145907,18684.10398874063,139.69419002438445,1697.2009283458758,118.31028432327078,18.274826915466633,4578.252782377985,8.25413511449432
788.0,33402.67088467819,34183.51232331792,155.93265669153752,2033.8235317720957,135.3527061011176,32.92660212680498,10784.387071802803,13.378950187464929
788.0,37440.645593589594,18689.025111264367,121.44001521111741,1531.7722685227786,123.37158829178873,19.32517825207726,4213.728855260167,7.419323799988096
789.0,37466.932605788956,18694.458874665364,136.76646683148397,1650.4027876826506,116.8250569377872,17.388781287980745,3666.241380921734,7.9092224848115364
790.0,37457.37886560214,18690.622240735494,135.5414001907706,1720.68990388489,118.46247370523002,16.631641634249377,3986.9012862406034,7.3433749545753555
791.0,37452.038188683364,18665.031144394383,123.95960293717867,1513.0656705615247,124.06089909601351,18.675834262921427,4644.219391833491,7.580535859538344
792.0,37452.142615609264,18670.740278091253,127.82519921990615,1526.3535132181414,121.55679104381605,15.844302370356075,3726.478549937192,7.168583839519946
793.0,37466.878495391364,18677.566117824,127.94794123053279,1589.6096002678767,117.01597110556047,17.57564603479866,4524.754758232902,7.381912369546741
794.0,37457.423097290055,18664.21343478092,111.39968880224886,1264.2471058826773,122.4831808409457,14.537640831609686,3154.491742736919,6.445377973636189
795.0,9634.391220689726,23664.814235028847,184.6583627682175,855.0994813629214,134.7836875038661,13.290248705528594,2498.593738156835,19.011644880347013
795.0,37451.27266961493,18684.923637920387,116.95563799070192,1248.018309843741,122.01803077078242,15.659658009585755,3745.016669915205,7.272835680519187
796.0,37460.29795845251,18685.284515053965,127.4614725623794,1560.423825335393,125.04243105611641,15.434934557860988,3564.635623128812,6.917134558083769
797.0,37456.969738201755,18691.502380969792,123.44898551830565,1545.465973828308,117.02440086742502,21.87641546553279,7338.325703235491,8.206548761711685
798.0,37451.953310822966,18670.108203416537,120.28731820941121,1522.628659823858,118.46269497922422,17.573617862798358,4547.870252677827,6.936367104965635
799.0,37438.60368970274,18678.09345877757,117.34011221320895,1432.9407227909362,125.2484387024956,17.18405359431949,3898.7444354074537,6.913117818448856
800.0,37461.02210093466,18686.435567100507,123.74001281848015,1538.5307949975527,121.78020719130336,17.993919496102112,4213.300960568489,7.290680207293946
801.0,37468.93080761118,18687.42845942836,110.86323393246826,1428.8285014858736,121.03904346724714,17.787900017325438,5709.615431280764,6.477115731637703
802.0,37453.9114853438,18675.62036012087,121.97053131310693,1368.7681265019867,120.09213718767928,18.451341168931766,5156.669425233597,7.953514127455657
803.0,37456.257844737695,18689.786566085375,109.4771996582571,1382.864912953713,121.54642256701678,16.068429459283234,3275.4566118390676,6.175624393982343
803.0,38095.62290261344,40181.23588842439,114.72967055107557,555.265668940412,107.52277912644121,14.317045441967206,3512.321507140422,12.873151377774462
804.0,37465.36865637025,18685.564976378802,124.03379048213398,1433.3091555159422,120.29250218227128,18.067060633254133,4728.280724172729,7.766730068589111
805.0,37450.16253139337,18689.302567358674,125.95042503179901,1460.0030066825502,118.99806642154337,16.56251865698567,4316.503769437963,7.44102414204822
806.0,37454.318609579,18669.85003522368,129.54101242804023,1525.1141914409047,119.03009372705561,16.395825723159387,3599.732660180175,7.466061298368111
807.0,37450.320798254725,18677.806470810134,132.55746329796526,1551.7380896839352,120.76547415512526,19.243731532938327,4839.787331218119,8.438714510200688
808.0,37466.222943243665,18677.677611234554,111.91921168785998,1524.7706543401907,122.64093219955996,16.77118888669773,4600.74580879995,6.056570973520588
809.0,37452.60015896545,18674.021140981014,118.40748410114688,1527.8405642169741,121.66076269595676,15.991864544816208,3743.4133463727876,6.41415897789134
810.0,37448.73323171285,18660.42210611411,115.6016467043406,1414.3068890981256,125.76573265897949,16.18842545081182,3832.6356536433095,6.6066844188671165
811.0,37456.05094962565,18670.870450029106,113.03695454333912,1240.8129695305124,125.1116983986053,15.747792146536634,3808.1897617100126,6.959592714573336
812.0,26668.926332989457,31166.065781367353,142.41692539216422,1105.3814327971256,132.66806922943377,14.09627085009297,2736.9601581174534,10.25242112079233
812.0,37451.69392748899,18661.43452161471,123.52281593138488,1502.630434534205,120.4696809046563,12.19446326714021,2264.085381107162,6.078877112406703
813.0,27957.05552475933,28429.00067694615,155.68197673154054,738.6504462525627,131.57895344669927,18.467521057964337,4787.841995751197,20.82102429416259
813.0,37462.36743240557,18678.843945847617,117.53690441952608,1475.98879911803,119.2411088354796,15.493424955443995,3414.3640294781626,6.407255159533433
814.0,37447.78366039904,18676.629189219282,125.57973636945533,1450.1863058347212,118.38952257300326,18.140977666541374,4286.15576038918,7.867143770913878
815.0,37445.30060454072,18673.722026835087,124.25839534697624,1420.5332304454541,122.79065254114651,16.179359774983254,3456.6391490023198,7.3461668010500425
816.0,37460.6104190081,18673.40647924499,127.98768225693678,1619.70450056327,114.59786967948287,22.694841171286807,6535.624037497368,8.596504091200533
817.0,37453.5542675384,18659.871077404863,118.04798447249269,1403.0814219860454,118.21870836977457,18.68123844232641,4951.809190202273,7.455802431825657
818.0,29479.6056493312,2170.6640955753805,200.29856606131602,824.5772311681011,136.51168287629832,21.963663627240678,5780.560220703506,35.14465153444181
818.0,37440.415970804446,18661.43555516307,118.06031158367985,1411.3762909050222,120.29234968955707,16.82277995369836,4058.10391470177,6.977330924921559
819.0,37459.916998603796,18686.23876521693,132.69148461045046,1694.998751491471,115.7363643169431,15.336615284541654,3402.0160688410624,6.873820255296161
820.0,37448.94877924326,18681.14260818959,127.22566248926282,1419.82576222989,122.31914346243995,18.439222024831718,4583.866341592469,8.259185506760684
821.0,8281.277658598741,1613.5390031978463,148.52194547225838,559.4604066184133,146.85225021306914,17.89873691769815,4092.7140729145844,24.03637277586958
821.0,37447.5018308895,18678.918725486998,133.24551521974033,1604.649141226414,121.105432805167,13.98232760414683,2563.1309645977194,6.872762842785171
822.0,37455.747819022814,18665.0384346235,128.14181951137417,1485.100965330485,122.34940525307444,16.292388034648607,3525.2861780360804,7.469416075589977
823.0,9839.371451024681,18068.06632932962,133.40466882367045,570.4643230335721,153.47996640732043,21.51856623053095,5167.652527437532,22.673976802095414
823.0,10944.39219205129,5716.901381025792,165.9775844027418,1800.6673700964714,155.25798634524193,21.348721921340864,4758.965657870145,11.73969589704571
823.0,11417.585998326256,4277.674454826143,190.3636894159831,837.6251457596392,150.32244530135134,20.878676432631224,5278.0159513819835,30.00279988481329
823.0,37444.628868424435,18694.15576808473,120.55304816197712,1547.615173411764,120.69150950071895,15.178094502575615,3644.541274821496,6.351264798956912
824.0,37443.76853327309,18661.894888861585,129.54429414725482,1603.0614051645402,122.2513273097109,16.182061868061343,3787.0549222132777,7.1260278944360635
825.0,19032.966599587606,822.8084280101378,148.05744852209546,586.4615649820076,152.0705674904865,16.672415028303945,3394.2953448520298,21.550768216252827
825.0,37453.812871023074,18662.0764316083,126.66137449891366,1614.580968268137,114.34331923713343,17.104779095058607,4748.5283554656935,7.0636048079198
826.0,15721.743835744352,8650.134409192113,398.1995160704745,4917.885693330252,133.60495660178924,24.364691577734753,5547.852494327525,26.046324735673508
826.0,16439.769501077946,8171.101551331338,238.08201259862383,2042.313795400479,170.9750560998784,34.66824355139782,10079.716455805023,31.255841903461388
826.0,16354.46602097051,8750.814247366792,257.38454925004913,4198.223592917662,155.10307576332877,38.07604298422879,10438.115527149575,19.77220823673929
826.0,18459.343275958072,9085.240721445074,188.3416733163088,920.8901929414928,145.29251583194818,19.878861744351735,4687.866643075655,25.733900964724153
826.0,37442.51455075466,18678.244714021606,139.8683529376772,1863.257265077981,117.5956216056246,17.528095703603316,4095.7943925323543,7.469931868388527
827.0,11159.726977128445,16133.802094574243,210.21994678187738,2023.3857930244737,140.52102031075844,20.841025141819124,4405.785229081974,15.833554295592089
827.0,18442.006839790374,9096.295609702229,172.71853348955133,961.7370838494276,143.7012314906972,17.471805096970296,3658.4640995545988,18.873662489710018
827.0,37443.501266468,18664.27052549433,120.55125008200525,1487.1100473525555,124.25285840991086,17.59483125715289,4220.756609040569,7.095954934674568
828.0,16516.808927783088,14755.839155150257,221.9555760658264,1774.8843881211308,139.49354735082403,21.505415448801703,5138.096345267738,20.270998139558444
828.0,37457.54744229362,18674.383728971367,130.57529558944915,1532.3989609999298,121.19648157772221,15.675132116633621,3559.555425342111,7.339376242624403
829.0,14381.362231348252,26493.84135968867,134.96458532489842,1233.7566534336652,143.48186788916678,16.426554654696467,3531.999862600105,9.471508525945833
829.0,37441.55450293649,18680.135132767642,135.26772015133457,1681.958802546851,120.84725862822283,16.93801771067035,3868.1318605143856,7.534128747618264
830.0,7616.115876353273,10549.175992594452,122.5257248059087,507.51136050306127,161.29383082839453,23.09704744225207,5820.794254072443,22.964640537119397
830.0,8684.56182652182,11682.066219744953,344.67172853974876,3848.1386713250727,152.39546626825947,33.61243470017972,9680.612666354536,33.656230319912645
830.0,8638.784937278553,11674.006885655015,686.1957601942623,27672.46151765281,31.3202989013048,30.516284160683032,8237.786665373887,17.38249159622079
830.0,9378.333140309072,10764.910244033266,144.74588920536544,2286.483789659836,161.69638179336192,22.00999298027421,4739.120251206334,7.725556708326694
830.0,14339.680873533118,26453.416849323436,136.75941241710086,929.9616450637344,134.89190155154807,19.72879577518735,4948.5270974415635,14.106740858288617
830.0,15440.459879210572,26610.420758685916,257.54465619684476,1448.7045803306548,135.12038561091828,21.874495265576797,5599.044035693597,33.01820005637883
830.0,28722.105894420616,30228.890819028573,136.10924846376938,859.1425712222771,124.08787010012968,15.016471942978622,3318.7749845351486,12.239703434778654
830.0,37454.630365833524,18664.662639231923,127.03278091873956,1632.1804635426533,117.1701445319913,15.506050418517448,3849.8089561196884,6.6655979878915685
831.0,6088.8905947776175,10555.252453251147,236.65724086944067,1450.3965660976153,140.70635378940355,23.065105884789475,6012.878323509174,29.449817970650415
831.0,6473.384925845198,8379.502486954763,424.51041198808963,3830.7761798009565,121.81133930393663,26.827112910739107,7384.654856490707,40.96305268816917
831.0,6609.4419434016145,8647.776728932233,151.8462467694475,621.7827682902316,159.96133369820183,27.718989519873197,7870.220338301203,33.584460626202414
831.0,6568.180088059513,9651.867527367142,336.4812409903053,2339.6132540227254,130.94446362860114,24.87948465207064,6981.571090200772,39.22691236156697
831.0,37447.48642776096,18659.98927248781,115.65467253439799,1344.8111310116415,122.35802848314967,16.278536301416768,3569.8422724931747,6.89356664167602
832.0,24400.833920956666,23765.13862402591,143.9836986863995,665.4802484942091,138.53685721659465,21.55400996133687,6220.497982177451,22.664594565966986
832.0,35713.932488548584,33977.56013976507,136.73437081000498,1769.607129050845,120.71006678513083,17.62842292567992,4179.980607178822,7.536969416999115
832.0,37444.5112416199,18665.672553837627,123.03425092539067,1413.0498880773062,117.50895117042917,15.34018313932998,3309.128560849667,7.054297413142024
833.0,26402.84132561309,19578.462949319775,136.51585454576343,6184.830739081683,165.47112951848945,32.72120605943987,10108.762566632318,4.003961893092181
833.0,37448.23950580901,18673.424570751144,118.04839895434205,1361.9169682350937,125.643760642351,15.698415845479953,3149.4827542672247,6.90375699025106
834.0,26399.99531652293,19581.60453884838,157.44973626936923,8200.688193278515,178.8987923328736,59.02952845598287,19916.90893568258,6.161046729332522
834.0,35067.05480384966,9201.04120026582,147.95080339194234,597.8107356786127,133.16743620441912,20.9856601443112,5745.264822592725,25.7633249907118
834.0,37444.204165999196,18666.43436633597,132.6455224418329,1540.6540558475226,118.721802169459,20.277458149816493,5269.190282746543,8.804608305484697
835.0,26402.532534265152,19584.96693732258,159.16141815969095,8266.805387635997,176.24133505313353,58.629115625692414,17768.47227399722,6.2025751340329105
835.0,36257.98095358015,27889.72336412524,133.98314608426594,703.5011506475117,119.47283533271593,14.14403564237821,3090.5288661479826,13.547230267955708
835.0,37440.11853802018,18667.26332435848,116.96383144218525,1339.7553772804183,120.95744418829923,18.11201888584274,4758.818390843388,7.483267636256153
836.0,26397.908273511464,19587.425001631633,150.34101971054758,7489.180682901441,183.30545027818476,51.034020721954,13909.181671745007,5.468156182154663
836.0,36245.41345061024,27885.881400742215,123.88640933260304,3949.2190949360347,138.9675458726217,25.295806560199384,6905.188026775845,4.232452627061304
836.0,37445.577149758545,18677.020991738675,118.20988568469139,1503.353297909595,121.16041422625047,16.232833472351288,3699.7816432167915,6.528665679043164
837.0,36213.34869734934,27844.05144080435,125.67323418337882,518.7229560924843,121.99711527231389,16.190479512679982,3820.3257568392823,17.508243428120934
837.0,37427.421459315294,18661.91486194728,125.7677341146273,1463.5984124322235,122.32684684101903,16.73707781062795,3575.804218523872,7.455236160373096
838.0,37437.034364104664,18664.949960019992,109.40191755479862,1295.2235138326369,123.28712363374913,17.738287191436193,4482.318635480749,6.842389651961637
839.0,37442.57242946912,18674.711582715594,115.3271079625996,1363.2603042163007,122.78055041126584,20.809870982255056,5930.969360222309,7.876298722431736
840.0,35990.239332511446,23763.532376694242,127.7338623623357,921.2846269555089,125.45784542277109,13.017620823234523,2434.1809600802253,9.515493008202927
840.0,37439.45413849838,18676.039185395104,115.42023503674939,1451.3776273104722,126.18373869276861,17.36643744118906,4351.3925039988935,6.713351667292193
841.0,37439.7660330639,18676.296897063028,125.38731946528233,1439.7903840215506,120.9625665438502,15.234605969632202,3400.8895247763444,7.128436879070616
842.0,3141.7142158037955,31879.931818577348,165.23674694905014,729.4791004291135,116.22313124882719,16.184621030102765,4031.043994009468,21.036679694885596
842.0,5458.266079444377,33176.86650705705,129.98022569120883,592.4158586508102,115.7417059610506,14.773856235106903,3789.8308486028445,15.397102980939252
842.0,37445.35628773003,18673.51804691897,124.40180705377064,1395.5322946931833,119.40634717182559,16.89421175260507,4234.247676307547,7.653922619913484
843.0,37432.069809455315,18665.864070307194,142.0290934304247,1551.142901190594,115.93471927194594,18.46829616301007,4152.138662492196,9.204019559137974
844.0,37445.44669100396,18678.17079377372,122.31497252229117,1257.5088035618307,122.52850940407426,14.719349150700959,3260.4005453965183,7.480457526200906
845.0,37447.48144219299,18665.084737387577,125.02456342924621,1498.4964836001627,121.98149879899215,17.943110026426854,4339.660091563214,7.556119030821042
846.0,37438.15446421286,18691.29489833363,119.14295610010636,1322.5130319894893,126.08635218589905,17.08794978890073,3899.718588393635,7.516800602013579
847.0,37440.683543403,18682.750452104036,120.7838698807462,1543.066666762948,118.78882835201841,16.142373954985057,4020.8991915207785,6.590081492098621
848.0,37455.579807253416,18681.634384023346,121.93565280044938,1398.219312772224,125.10386839286264,18.09111966977512,5286.396529564195,7.717890094943537
849.0,37448.99252232365,18689.17655348741,130.50218893630299,1442.2600837079062,123.22922529262745,14.78874716696442,3266.6085035520073,7.4427824696474065
850.0,37446.405901932565,18659.94588630502,115.97754762431582,1325.4300125687205,125.62785313308923,17.270392585822922,4407.396290733061,7.2403993531146895
851.0,37446.62951443189,18667.092210576655,131.0991550197954,1552.9806562615486,116.8892635949617,19.2335074719428,5269.562738198968,8.278530448399422
852.0,37433.97740516648,18684.99191007839,113.75312587024469,1320.9081009624524,125.6326290986749,14.565267626643005,3364.2542348586753,6.43632204221229
853.0,34102.34881084749,13514.247163332779,185.31001810269862,693.1931572040995,124.08512601740262,13.624592165137301,2754.187084364771,23.55828420305578
853.0,37440.62150635014,18674.80552388361,121.75869459382325,1458.5511015401435,121.7931021357426,16.001139318275655,3861.612577398651,6.9332475951927846
854.0,16256.44025944389,39201.61472114843,388.36347404001003,3405.816361285126,98.15440848917848,16.96997924133748,3663.13222762274,25.507821313776645
854.0,37441.2735037805,18657.922722217074,117.44316155242788,1396.846080584048,121.09836094748897,19.7686416686031,5391.80679275321,7.690066259745444
855.0,37458.26079083655,18662.225650907454,126.28636208494044,1491.5724850929862,121.06805281930578,15.017864577253638,3480.982464561239,6.959158407635116
856.0,37451.54096276174,18675.034761640414,129.88753778757962,1313.0785898153392,123.36154303572849,17.008215182433922,4120.9478338045465,8.64722433351389
857.0,37445.46680133018,18677.09807991273,116.46840577150878,1295.4760947762516,122.52240628729157,14.742262710394423,3264.468044917605,6.801266206442292
858.0,17158.86587319698,15940.032445149503,192.9232915859977,1020.5273192733208,143.71403274688907,17.97377640528221,3969.0867559306084,22.409564463251904
858.0,36954.45072664652,39064.55663382101,143.764919494087,1100.2651806040572,118.54665202280945,15.35391242645255,3466.415103308391,11.053669677271575
858.0,37446.14134316998,18677.41282424007,118.33938794771927,1265.77047034979,123.73724941497262,17.29355860317434,4497.81056104681,7.757917975849857
859.0,17275.098480940447,15887.326377047502,132.0633453090868,5066.538337094971,168.58494001216735,29.084678783757163,7630.423378158313,4.155185379877345
859.0,37441.03419931569,18668.881265360542,123.47674439480458,1403.5854861094658,121.84390436749818,18.778258923050313,4755.515364033905,8.036774506115126
860.0,37433.7864628022,18663.615010694397,124.09836620409416,1354.0568561022947,118.51341268415737,16.680535411391027,4081.6861851677763,7.75140187795937
861.0,37450.290629978335,18665.72228492821,132.5452553316802,1407.5692742932627,119.85968294988493,16.04293016505908,3777.211061433251,8.143623647981109
862.0,37452.67399193872,18669.210021539646,130.75480236634868,1545.7581807297686,118.46704477269796,15.701047417121929,3608.852366482454,7.311987686670263
863.0,37442.561417016055,18670.832176884367,125.03086482124863,1379.7652552864163,118.6367286800155,18.644726682629724,4871.399209729929,8.279454946982604
864.0,37445.15384421243,18661.465388577773,126.50865904240162,1304.7674556976451,123.76076882963562,16.62188788421118,3898.9217962248376,8.21417605488327
865.0,37440.60864213455,18666.77070959021,121.77612336530247,1295.7587041015545,125.1077649320023,17.455907063430853,4038.017427107549,8.011948582090003
866.0,37442.35343432413,18670.45833544937,126.21560732064367,1450.5090409075792,121.04112039333765,14.946541662989688,3300.8827608548927,7.085586165308794
867.0,37449.34268075141,18660.118719537266,110.46887882637988,1229.9630205984051,127.52598268746569,17.61013137284917,4637.710008694569,7.204545959908304
868.0,37438.63588371381,18679.641357530152,137.9862123374858,1541.593480470984,117.88180711923627,18.02853188768795,4832.447129923116,8.681000522828796
869.0,7909.6097357333,11403.81792240512,116.50435994565677,630.3766019262637,148.411645549277,15.836862570223227,3524.2580240752545,12.728103039159233
869.0,9256.517575265789,12376.154404252455,177.58643792426935,1035.910913469671,151.60587477382336,18.519005292271565,3975.645143203182,19.465674972279295
869.0,37450.096355642796,18664.18568984674,115.60576102977616,1376.4193649459255,123.88140373574015,12.87286705662759,2478.762279180947,6.039998087576788
870.0,600.5309072716298,29320.04827931261,122.64936068929728,516.1152681498666,133.41228328340623,16.487630906613266,4043.08984933018,17.086614156728746
870.0,37434.52164424366,18663.33370344833,115.74974143963765,1313.8349051172456,129.51783244094315,17.960136600924027,4275.505480880752,7.439508208161267
871.0,10781.207931675743,30290.866679941682,181.51852851903334,712.0669999104574,141.30870108749522,17.302942489708748,4046.288577755262,27.069898276785647
871.0,37455.13714674167,18666.798867273836,119.33592317146541,1320.109046875403,119.75374302996535,13.947764717244322,3012.9193657783917,6.758594555139083
872.0,664.3802087633029,37053.450956924695,178.90658877180044,1063.8488754876587,121.7049664191534,20.1707756363828,5592.453855681854,20.695029887516867
872.0,9432.238425951915,28481.17933232661,329.1360291643436,2794.539928805585,113.41109199179905,18.914000288552188,4261.122877771242,24.753125997391283
872.0,37429.882782826666,18674.978650651294,120.43397071440262,1500.2900289098545,122.05710270650285,18.688195887770753,4822.107992646849,7.293178427770413
873.0,10614.857353346368,28635.889135358364,217.29577817108523,1111.632462138495,138.3236664135645,16.818260887138376,3541.3189710645524,24.37573969408015
873.0,10598.309610353623,29329.949224357923,117.57938683764418,658.3666646089575,145.67813409477893,18.25202193637011,4273.80888010686,13.828683122597992
873.0,37441.572234188425,18680.007653737084,112.66424909751959,1366.4222846103587,120.99215738116996,18.364519375601912,4908.930211598057,7.003759464828874
874.0,37424.42651414886,18661.379340528965,115.2786144941391,1409.7979596663154,123.82450637751735,18.787935698130262,4828.321066513088,7.17827082195115
875.0,37432.0821502621,18664.52187692684,121.21480208554794,1458.2225595997827,120.23572268773755,15.861489755659811,3847.5663551535013,6.8548806780097955
876.0,37452.15237971373,18654.814255130354,110.88897321451192,1227.8841641183274,123.93918291593528,15.303491092889736,3550.8258810422485,6.71514235096315
876.0,38943.24520286964,2991.163507101755,216.60926906597183,1078.2084003369607,115.90287319320717,13.472241450582727,2689.950267407433,20.752664835308273
877.0,37452.931797800615,18662.781140932206,125.89847254258731,1533.111051986226,120.32779387063773,18.48260238917972,4487.551693892052,7.638823136278659
878.0,37436.76262797931,18670.426521880614,132.11930588896476,1537.003826728388,120.41257926013984,19.832073017569478,5238.391288572329,8.632225270120365
879.0,37444.12798157921,18667.25514046403,133.48159350302527,1346.2349530606193,121.48399815162303,15.607851668575142,3593.9615634265465,8.393764647557859
880.0,37430.249677244654,18675.079503075776,124.3312612030257,1361.535804604117,123.31142247877689,14.328133909370841,3233.366433546099,7.110727539972896
881.0,37423.80527649315,18649.415418851655,115.16251685634462,1293.8793397341108,127.34770160441936,20.578603834333897,4991.610991686334,8.146179892673098
882.0,37428.49774843712,18658.980278431598,125.11705582934628,1361.084935843657,121.79394435315501,15.261661162102282,3300.96731346067,7.428347054129763
883.0,37449.05242301981,18657.72155195317,121.3255828393367,1459.6230377090792,123.36410670223539,14.478635394532496,3351.5307534643252,6.542750687981592
884.0,37448.634755941835,18652.02032909784,120.16756276073455,1452.6577047365113,125.85681961247555,20.25754392949253,4913.103629875236,7.851374686727259
885.0,37442.57340809491,18665.094475701968,120.10331240310043,1482.0499623341218,124.64074494479546,18.71897661771824,4910.144262825666,7.3407614441742455
886.0,37425.87796917741,18668.85730080716,122.0587997582883,1573.57873055464,122.6691825703972,16.567370508433374,4068.0093459595855,6.688364219156846
887.0,37431.805175398666,18649.51010835283,123.33009520721771,1438.2157024261048,118.475753567024,18.041331185242434,4660.791623692179,7.668659947584146
888.0,37446.13396391297,18662.303218603625,118.61693697651509,1475.8788563092144,125.80833238728948,13.796233107427762,2709.5973350811823,6.1393000280918315
889.0,37440.357458977734,18673.261563251755,130.0230501617174,1498.3366108346045,121.43691980059077,19.297609242240952,4871.72744844814,8.432338971578094
890.0,37423.53270963577,18666.8205278706,123.51421148141866,1434.0541917229643,119.6391155645759,16.030566231209146,3659.811810281606,7.187323106280133
891.0,37442.38423688814,18666.91234439884,124.8366366469472,1420.650549878164,124.02340704214538,16.951828653732438,3765.04158884505,7.602618384585268
892.0,37433.20338791201,18661.216325204085,121.59142045883247,1443.424440427234,120.55957590335488,16.825967742732967,3841.4383254399545,7.174434178177529
893.0,37449.51249140346,18665.31939371003,120.53897396242047,1389.4721716737286,121.98623914626856,18.050329111332577,5004.825661808402,7.605806840359017
894.0,37434.51014315623,18649.814518298474,121.15684840127598,1481.2816869635956,127.15890678675596,22.188596977408487,6471.866573063053,8.325008228744574
895.0,37433.200314520655,18669.05136814347,116.85260499139484,1393.990678839566,123.9986863204037,19.209694542607853,5466.478823980233,7.503336994764917
896.0,37442.72992908044,18662.887708146947,129.04819848491624,1636.6271547080567,118.39130482432189,16.645503398126884,4162.467811959674,7.08223547877868
897.0,37439.41703236905,18644.317009243015,126.65468797382998,1457.7841019137775,121.9258859894683,19.196369841693574,5255.192241827741,8.234815410575012
898.0,3987.0274495561694,30265.471910297303,155.19855655875767,1079.6289801558682,127.01874022403422,16.141749866940845,3612.689358451039,13.24763601983596
898.0,37435.0913464385,18656.543419838777,133.30564459791776,1589.463788251932,122.39013723497149,15.785456585262507,3520.6456934952184,7.392521981111927
898.0,39961.7940693063,24322.594186411665,144.94696250249655,1574.600763544722,118.11351064500839,15.043675413098546,3565.2860310286014,8.25093336536866
899.0,4000.896747091058,30271.21899145455,119.40357184294572,869.7220199824267,134.80995698932298,14.09868874834044,2809.5266801846783,9.397343623490565
899.0,37422.807514548826,18660.05652950578,130.30638536957463,1495.4786093128596,121.29077197390221,18.546755649881877,5050.9329044132965,8.258399409816011
899.0,39670.291896355244,24381.73930766654,208.1226834343217,3676.6491260224307,121.57594128210155,58.20152610735159,22215.330125586745,22.17056866913482
900.0,4009.9671506082987,30272.08486639732,137.94817672914465,964.1690582994213,130.07478931108403,15.191129299062581,2886.5180095663504,11.44670541496628
900.0,37433.83204353254,18675.469167089806,122.91571462614007,1495.671220812617,119.80622032764605,18.133971880160438,4720.766259868084,7.414065975426131
900.0,39481.18091329451,24443.526014787672,119.737440410177,1710.5176921200623,127.06833604007434,19.304465787492102,5368.65176706113,6.63491999442249
900.0,40119.55922299503,26047.122325225013,117.71556866164609,1192.6682682544617,119.1781534822,15.101189032363054,3239.585290792248,7.456965067974686
901.0,4019.077151708202,30269.838074242016,141.81243398173703,987.4298924579942,131.991634166935,19.553793536049238,4544.990744420578,14.161155472228103
901.0,37424.67377071757,18651.69638856365,126.20205979176238,1437.5074469099832,121.21267356361115,16.53203619792649,3742.027352864507,7.548402493814321
901.0,40144.18407898477,26330.789872998346,147.5095925519128,3728.483831192007,140.4029018456257,45.800061475946464,15596.213834760481,9.124641132981887
902.0,3760.410162162321,37970.297011406874,118.65055723782785,670.1132548279152,123.78534802904069,15.721131235763236,3454.330778081373,12.393631945621138
902.0,3994.2047808803263,30279.98433773862,164.3230142521494,1340.4340346927188,118.63194769032818,16.58001981690086,3826.9534316166983,12.359484307568962
902.0,37437.827892021036,18668.157441805728,123.76281510213458,1466.8773171572113,119.51935071245698,18.009618986953413,4151.330122791425,7.581467297583278
903.0,3986.7109776429515,30272.58080922818,140.61805870657088,1128.1948757387395,132.2063756072692,15.239998131788672,2860.8445737338843,10.384969654714382
903.0,28386.873329754275,10910.093972377454,130.98332417403637,3933.299842907051,150.75682954120697,28.835536347155305,9086.148337430564,4.9986609174048
903.0,37438.47877149729,18665.97695106737,125.94880457225827,1426.9014724311496,123.78538672610183,15.518668990899954,3507.6341579101804,7.300728392627143
904.0,3973.3996379467326,30294.475769176268,141.76034392691568,1060.9486521109004,129.71872125682478,14.537242399298202,3036.724216289774,10.735268372506196
904.0,28391.44213446051,10916.518069462025,144.37460996028247,6550.719286040545,174.84102008781767,48.11736188896616,12688.851312319986,5.476286547002184
904.0,37425.70253868614,18666.433281435817,119.58554190111406,1431.4612346418426,121.27745016277066,19.244034045309352,5112.2508325467925,7.628689204587405
905.0,3983.3974092307326,30276.663122018814,153.3059972703081,1091.568878130914,126.98500304219817,17.21519189268513,4427.266818690376,13.475069935716006
905.0,28392.77167865432,10911.597554434644,141.99264063940805,6308.173513972506,178.53447441019898,45.85665662841109,11091.486288443924,5.299209701011612
905.0,37433.86828730406,18667.633637410036,147.2181736612924,1777.2450621604369,119.6446346319956,19.21014704921738,4531.5904638574075,8.95170386385943
906.0,3990.8003299829716,30292.381756443086,130.43553627924103,564.4910977401835,121.52823672196693,15.712575020055462,3741.6739180049517,16.939957689106443
906.0,28389.902030668745,10925.684873598011,134.62974288359058,5443.391040279669,164.19648645174792,33.01520624834262,9279.574991843903,4.365872982537304
906.0,37444.793252860865,18658.50562017087,111.96236667923074,1360.9869929018794,125.60029111930228,14.110111007560496,3099.583409259248,6.063056045307302
907.0,28556.162387202512,8868.011820833006,140.33457372653606,3544.6882704112013,159.6980609205667,41.59989744757399,12852.214744715613,8.050511491574374
907.0,28740.75975237331,10431.78731955305,147.67135422412704,839.9059943193856,135.13690721091083,17.88129688176865,4076.8410594750358,16.392317662629452
907.0,37434.10124768744,18665.44034960927,128.5954291061557,1454.519184613881,122.26640313077301,16.03475818719978,3851.3175971908554,7.5648146576483555
908.0,28534.209096054994,8854.580128996817,139.9098873673962,6103.221528046214,166.31554243574365,42.372893631744105,11331.417396215114,5.012065034009926
908.0,37439.919889522105,18663.549636134194,130.6168576913471,1539.3997827775436,120.18035791704362,16.632758440423203,3770.5988804546823,7.570647091300424
909.0,28534.666733556616,8846.148804126482,142.55767721288453,6408.839304590041,170.66882705524122,48.86980619908612,12570.050350835141,5.526762212017454
909.0,37434.9400913409,18665.973599657445,138.09303156708478,1567.2054756226794,121.23185671243749,18.840074229183617,4650.642345861304,8.827532736656863
910.0,18512.998695220547,38917.19106935999,171.14789098221658,648.2710448557932,123.33843829826891,17.758691922014883,4581.967133173386,27.087033760926047
910.0,28537.91214311521,8844.790601789673,147.26854726663487,6583.3140922081975,165.29383191477314,42.06455834727259,11293.706890215304,5.099001876541725
910.0,37438.290583402864,18673.59310277296,116.51905841746465,1300.8135337753429,125.44539553252454,16.81779660444973,3763.269196405067,7.288575647079774
910.0,37983.76472305128,27911.165602557663,118.82730514536841,1804.734057374245,126.54348170526534,21.49520967806888,5909.1864720022,6.703126822901599
911.0,28537.040898112326,8831.723716326638,126.22580355962145,3313.284604937847,169.9653120207359,25.76058266967802,6267.437834129069,5.050659878165977
911.0,37442.241649152136,18657.545869583795,115.20734452396533,1377.236181873439,122.49675098875127,14.183250455922984,2984.1331667947798,6.275185177525438
911.0,38021.0795364396,28235.39700688604,181.19491363287528,1732.356257281728,118.19029194936553,16.537396083370663,3814.199575402447,11.6950402364097
912.0,6250.491502320235,39886.59387793364,135.2988884525432,521.7069891639711,128.58441593644164,18.975193954509116,4499.570445316533,22.6917009906795
912.0,28684.934287136173,8732.687028832717,137.77367552221475,1458.371759444388,142.0214279466012,22.09295391457047,5589.4861828388075,10.472710182577055
912.0,37443.65653929593,18667.167973711516,137.47420966729914,1735.8169751192493,116.43780294977476,18.850792596347183,4968.701237814299,8.053994348351049
912.0,38074.26255491306,29244.93593869162,115.33269148810984,1518.044615486794,127.7167316481824,27.783178908013678,8924.64603525401,8.822175576357658
913.0,6306.25834902726,39755.97704088005,212.35809623300398,1046.5672324981115,118.19825841580491,18.005233076184037,4433.378752310237,26.202701307925793
913.0,28655.161889769523,8748.14959348268,129.5280636756377,1407.7401209519167,136.03544532240633,18.94180584654667,4245.5216092864985,8.717601861051786
913.0,37443.52564981222,18676.436365674122,129.18537547457936,1347.2160669196705,121.72658716974153,15.982768720724797,3323.153043790193,8.081394861212772
913.0,37994.45301661291,29329.362787177615,140.1460696178658,3099.4070559272664,127.55629174781947,21.934026837931484,4863.263011115335,5.70615792838378
914.0,4853.3942188273495,12934.542037966648,178.7090581539979,910.2477615297504,126.34948072024973,16.175438545181137,3864.740537378737,19.816381031251524
914.0,7615.606678575348,38735.39391125082,134.1595533137785,1046.1836602243056,129.35790523329473,20.38416827872831,6053.516378993804,12.597111192947624
914.0,28664.46419358182,8775.789231899225,129.81352966325952,1768.736284181041,143.21249789745315,17.46355864487596,4061.7393909852203,6.9113708352571965
914.0,37433.78623910549,18658.032266444698,128.63389959657727,1665.679579436753,115.42015525207078,17.157927963947028,4466.911270946153,7.072036997510112
914.0,38057.03596584005,29355.988985655298,126.1626319519814,2521.552963410045,123.08544144068544,20.166117435103526,4560.52991321598,5.437791407211102
915.0,4823.08684529302,12947.658559342302,131.55124475956276,719.5348802137254,127.9492479359703,17.504867195994848,4324.707298229719,15.074616680079009
915.0,7786.704527510203,39036.13166092184,327.4643072667515,2130.5297839851964,106.80500065930008,23.646606410580343,7321.80811721207,38.85679569895477
915.0,7830.321213597605,39097.0873415103,358.4233119323291,2748.5923891324173,99.4099495225051,22.585802433337133,6768.246332806382,34.67124324409318
915.0,28048.96228977082,8118.178603528837,144.21050204979304,2398.60635656729,157.96054501836883,25.31771306603848,6123.362424344371,8.13155017398376
915.0,28695.571345929246,8793.042258722067,131.84903510003622,988.1163528764002,150.3147362754877,24.693159165927856,6389.25671917897,14.998116865231887
915.0,37433.152489822976,18657.649913847967,125.2609894680644,1485.7650265793666,123.43359837792909,12.269958740163409,2229.818703427911,6.263409282531275
915.0,38043.835531896104,29364.7227877216,130.64947381662063,2415.4475116856224,126.57248188626987,12.490087459941217,2127.8901100034163,4.7697448367372655
916.0,6832.613836470186,38436.89340053475,186.99930848732453,816.6971506136356,123.08532496807173,18.472526125520762,4835.394189626561,26.648384739746366
916.0,28049.37493409146,7929.0418845600525,157.01544258770124,4872.316006124618,156.03038274863314,24.94954912735995,6137.060521660445,5.137756005523538
916.0,37445.743116618054,18654.695558685155,118.34177631669127,1440.8211963060219,122.71016308086818,18.008836041677622,5037.632436611927,7.1668348893955045
916.0,38792.47409280479,27098.71421860341,108.67025179542155,788.2034097539598,125.3189510024512,25.067628509805072,8247.330442067656,13.147884892641486
917.0,28152.022118480156,7712.115538788848,159.14526074231804,3393.6155218777158,152.50475090407485,27.953210460396413,5733.169984412149,7.669052440063406
917.0,28359.68833822235,32754.93940771879,116.26374976003737,1967.036957070063,134.88334798943086,16.71636360118265,3899.2953274697597,5.285189105665381
917.0,37441.82757564863,18672.774681003917,134.81255651285068,1579.0766942624982,116.66966862146774,14.895842152491007,3632.550588522381,7.319420909359635
918.0,28150.734902426233,7578.343925979911,212.4980233119246,3815.437267320172,136.384540363002,42.40146719395717,13492.39070615058,16.570053340171494
918.0,37437.033185112516,18669.30410865066,134.51007306038798,1735.4784672089365,119.20377470604036,16.101632412850943,3524.7835450815946,7.076584099427322
919.0,27818.79439449216,7367.551442201922,256.8558472126307,1464.6616650370468,135.7195651986547,26.485126690789368,7752.305438406069,38.81302248114029
919.0,30364.916968609443,5603.820106385577,100.78652549191075,694.5733730028512,134.23263131564562,15.941026197778731,3478.7904375653893,9.290567284887054
919.0,37437.82729445424,18679.330063924182,125.64909405358303,1476.5077677554393,119.36246059879396,19.22203605026599,5365.41461374434,8.050358091778852
920.0,30332.580548180907,5254.546610628577,143.38939670733853,1547.0849813304324,148.0746335764233,32.12448881861007,10125.574588367701,14.461718773202454
920.0,37429.68607210817,18661.880881965248,114.94650680730813,1397.237965371756,125.84932754556992,18.46225901509769,4483.000457337511,7.121898700156605
921.0,30086.37127318111,5261.162573751626,173.78582280321774,3867.698427371873,141.7902247619166,35.04715182650562,9343.06173895721,9.519381035883146
921.0,37433.131241353054,18666.503624473546,128.1246218038123,1288.5573333334612,123.04045062999909,17.37661330074575,4531.8797532971075,8.708245847829208
922.0,28481.6736915861,6225.506397610419,209.16138826624163,3007.084667371027,141.82533966055055,41.63250670117701,13403.583010769584,19.862167578681817
922.0,37434.17749770331,18662.23044445422,117.66803042591212,1525.5900671760985,124.81780465868424,17.61924248979932,4654.051419816065,6.704659594573584
923.0,28011.786707065927,6819.161821120473,141.34771100186484,3778.369732041376,151.06999447587012,23.54591466604752,4926.20091272469,5.152072983713012
923.0,37447.31724375993,18685.526974368448,142.19011657731045,1721.5242253902356,116.8921514495735,18.059473172571916,4025.9181157653907,8.332637085502862
924.0,28083.211820151744,6888.932510806031,153.6993135452168,2072.178011244444,160.8170512251651,43.43410289127465,15577.606166902551,16.357421174596453
924.0,37442.46250877398,18664.400977094454,118.02147896297296,1609.4591392212765,121.5109568886641,16.589443087969304,3926.9865230760947,6.253832411080965
925.0,28076.18772547097,7706.131259063176,184.3840225143633,2851.391165941932,153.2602916625057,25.681366400834047,5660.164154566469,10.853333387715436
925.0,28364.347643011366,6861.686970150443,183.00105358730397,1363.3911096474988,143.44641788814204,18.875325557814573,4134.064925246771,16.259567019148196
925.0,37448.53940755889,18665.0215814902,127.70373101017796,1669.9766971904698,118.67517434266671,18.309207906140166,4782.646837485667,7.250822639705424
926.0,28179.98703889002,6831.737808844353,187.78308472487538,1709.9138629506313,133.70103320789116,15.792340772544119,3483.9434412763967,12.162212561249003
926.0,35810.41653473368,19882.811980660794,123.04591827385154,1640.8354425743394,134.70908977131987,17.53028619883962,3766.030226190047,6.7638486090662395
926.0,37429.03247013518,18664.25100788182,127.06647158099231,1473.267195128115,123.44967751514986,17.79583638648671,4868.427032047788,7.820591386220233
927.0,28112.826214290653,5867.109522096181,170.4076461372283,1484.2834761111574,140.0681211487917,34.199134634743125,11404.097518213594,22.036040669349276
927.0,28127.176367538737,6438.0999111958,137.01265086915032,1523.7109185225202,153.81447874042973,31.507905872717718,8539.91288526836,13.259965529046388
927.0,37441.40617322584,18667.461174339853,121.61270211157162,1496.272384418642,119.90184942434541,14.025317981096727,2760.4311114018046,6.346847166791423
927.0,39085.09211213168,8517.447369761221,122.41352399823587,1085.2380199702623,130.91427081401818,17.4219515962672,4605.638005672368,9.332155152590744
928.0,37448.35244935658,18659.413300818105,121.63950670436232,1528.6173188393202,123.14249314365013,16.40200026477055,3462.3504935725077,6.7671815772929635
929.0,10595.473143431644,33043.84743021348,134.19064611399278,473.05174957237745,127.83033031505354,13.127732916685906,2286.307617100555,18.133934029812327
929.0,37436.76384412464,18668.051317154535,128.7041594371289,1479.2455098351868,120.4750249695565,15.418601511339638,3338.4240647678325,7.31141784969779
930.0,21308.570287797043,16084.413169899364,134.43168085183544,729.2805057914098,165.32997019714628,18.842225641913046,4185.01507945478,16.40682115311042
930.0,37446.992301043334,18662.11483468387,134.4032335543079,1472.3931286207212,117.87224811452818,18.23128158130853,4308.257904051145,8.700811629646996
931.0,37436.922984943754,18651.863542740426,129.27491345501215,1605.4012476669852,118.30607047337996,14.358727823395887,2816.9831040187287,6.659051882305141
932.0,37444.33996564097,18652.569709317995,124.50827202247629,1564.7142734172883,116.80287453353684,18.2725636395827,5194.36699044081,7.330928036637424
933.0,27955.869341380523,23618.150298511722,118.41089665872919,441.1257558482679,132.26751680840601,14.492286071585957,2862.6350777566795,16.711875533771845
933.0,37443.84805871435,18672.548248732288,130.48266725647636,1399.2655324911834,123.04967612829013,20.25790671694692,5735.018792198497,9.286661044092597
934.0,2286.0649450773108,27785.57618867447,186.76555578109236,1404.410529738495,116.91576189140349,16.9042494004971,4611.470185929783,15.047106057451074
934.0,37443.44044733503,18661.979369444987,126.34438517672564,1586.33416370146,122.9945296197811,16.675665212147752,3972.4523441539714,7.031812629904876
935.0,14958.96969866626,21497.602936497777,218.98415961157366,973.3577170157474,135.11889075892165,16.806996170911955,3674.9071718017017,27.96964352760161
935.0,21079.880705017167,16106.076492059925,138.43525427388218,702.5289499146872,148.4777833791282,17.68317987773929,3737.900014905864,16.996559518056934
935.0,22191.420253872864,16515.577282258495,136.82944883921283,821.4848909760426,158.37245851566308,21.6874676559225,5279.567796416728,17.059336460204143
935.0,23502.43296317755,26770.460114551188,191.2322007559278,707.8659363182729,129.02007472578032,19.983767860895515,5696.243272349753,34.145297220368164
935.0,37446.010674371275,18649.716700934143,134.38110790107964,1472.0976196385677,123.05465641882363,16.541516800348035,4062.213668059218,8.179145708319759
936.0,37427.81502525154,18653.115884436018,107.49821715580885,1354.8614531997812,126.28764014460113,18.447203201207806,4689.3572159497135,6.57448975880201
937.0,12609.284316134324,18158.776502336746,115.30963460420956,775.2073891495444,147.87591157494444,17.30571147698295,3669.5104836007877,11.1629231367523
937.0,16610.408878321618,10839.630901605673,145.24914304058106,2591.6959665610807,165.21530404680215,21.601068974733174,4121.613394459597,6.916072585885182
937.0,37449.484071681894,18665.592008078453,119.62433187839574,1458.7934141858736,119.4240221036078,19.4607439869017,5527.262928408028,7.569147102908096
938.0,37440.938229106556,18656.572288189305,126.74852040758017,1594.6844272933245,122.72372057265412,16.841755137061426,4035.7196116689024,7.077268905423524
939.0,37433.355434856705,18646.46751310554,127.4088264610254,1521.1962004381319,119.86449461683371,19.86907527646943,5491.067431038635,8.21092111703765
940.0,9847.667453402957,18139.65922191492,167.7245482589982,770.1030147028454,135.55705198922072,15.245152720140085,2976.531756446892,19.598780582133962
940.0,22837.787115334333,18852.04052581537,134.88337697638812,665.6844021639718,136.47530521119418,16.54170200852376,3747.137505124783,16.155995632192376
940.0,37429.847662901346,18660.733172949527,117.20674512239195,1562.531647638513,120.64030274066457,20.604750112134052,6393.313714585726,7.180217710579622
941.0,37433.75361045495,18649.052742807482,109.30254730126975,1293.0551556268126,125.77881087993148,17.157960732329546,3954.083205649348,6.715071542358873
942.0,37433.37514544309,18653.045123104013,114.97176512588469,1425.8419938213706,117.74805630886155,19.82808481167505,6353.122432078602,7.32190977464698
943.0,37411.410395065606,18672.409453177745,115.09994532670896,1361.8580664628705,131.1489882276376,18.048066791608584,4665.079733913462,7.186558032409247
944.0,37433.358691792935,18651.132632523582,116.29049328810895,1356.4045261612446,123.78056230828095,12.608593871049422,2247.7928848219567,6.099460079728922
945.0,37438.2575241432,18665.72621364051,112.93110994190256,1333.1024543819062,122.9575464254877,15.080582076846472,3430.598910465828,6.43475881429902
946.0,37425.02734466996,18650.226594157975,124.04561782591284,1400.5545627687095,122.5032136867443,17.804917266363326,4355.794419300697,7.843362459322382
947.0,37424.014339033194,18652.096861371825,130.83796052569565,1692.639916137668,118.42173444769651,16.657438745114653,3860.959650869971,7.0488252076610785
948.0,37425.9456184635,18656.60142070198,120.94516341418776,1481.0225513514258,117.09751591323723,17.181351288904594,4407.859126531667,7.057198424297004
949.0,37428.530050678775,18656.083321234233,118.63239239859146,1339.7137416377059,123.49963405579659,18.885741691978115,4902.848170006135,7.855687951584454
950.0,37431.39052586704,18651.01391019418,114.87448738306995,1369.3377465941887,124.55157089772517,17.21160011140239,4415.825154560495,6.939923137829831
951.0,37424.16169610845,18648.69532966273,125.79709800196567,1602.3171934389975,121.77610944461964,16.07438166375764,3723.154210231774,6.7913657572052575
952.0,37430.54073281414,18657.25228841638,129.55674478893624,1635.1042004113337,122.83568640042058,16.07344924324304,3333.296424260433,6.9917452360527585
953.0,37423.976754078685,18642.841934128333,123.22656794531568,1658.8716047537998,121.79821591775351,18.96821052812715,4850.019793667612,7.039005394439663
954.0,37440.92867367845,18665.921807187555,112.81708504212129,1333.494260074481,127.66515379646414,18.654205579856946,4078.596841296207,7.223852033893205
955.0,37429.60875122204,18637.581554200617,113.77396429033011,1429.9123221406385,125.15224665019565,17.060834938061376,4021.2720966264847,6.57969200844919
956.0,37418.750296224316,18664.03248144183,128.69152507650105,1623.2303316399373,120.75572653751003,20.754174892737506,5174.21526688844,8.141189984178311
957.0,37429.66850056078,18644.984200887666,123.13359798527067,1507.1001619535348,117.69006096000275,13.792129082827895,2833.9275208147806,6.376360562241046
958.0,37428.22953230662,18655.678067312452,116.13307138860507,1371.1501698895618,123.99033818199689,15.187683741945223,3547.0093695653404,6.587490218394686
959.0,35396.56388337149,38047.30242141763,113.83991160004673,681.9345020465743,124.35183261804461,13.830410776017763,2848.637910129561,10.477312334710685
959.0,37423.77769974213,18645.38153759819,136.72866990743555,1576.8016964442777,116.5213696933997,17.340478355465727,4250.324181249038,8.189499881067993
960.0,33445.21891194836,38570.93273829704,163.2373740859485,749.8257132530733,116.78599213435766,15.839859444952092,3999.4933141797965,19.7200415760541
960.0,37408.46163517904,18677.785234272502,136.9307753700964,1613.323054161011,114.36275763146304,17.40234846911176,4156.950480267041,8.075583070923372
961.0,33115.39783744971,36492.10623292733,129.17827395353592,1154.2712194908895,119.18004134313935,19.013571372902568,4374.013925973676,10.288426440414128
961.0,37427.86655621046,18658.12778266864,134.1710701720084,1559.4254952253634,118.63467698567577,13.049650309567589,2650.2794566290754,6.855607678855858
962.0,37416.504253078594,18645.25656085807,121.4361640505058,1393.5497607138125,119.95803362484533,16.589128516106257,4254.5298739404525,7.301549707678482
963.0,37434.01868187594,18655.8125662181,129.54949205023868,1493.2915036213674,118.44983328091425,15.8739938521966,3912.793460737511,7.4519348126341045
964.0,30767.140169631544,960.9506330153388,170.8692817634186,9564.888368312035,181.85338732614147,76.90321997693547,24948.076965114116,7.817049411288636
964.0,37437.30618020861,18657.75180265134,122.82667267630717,1398.10206975377,123.6579171064158,20.02773051051443,5025.510191539972,8.337773814277268
965.0,37425.232540643854,18652.836978272142,113.30280705064096,1450.229282367591,122.69198834558631,20.38900340149789,4911.884718496813,7.179176139884756
966.0,28007.232945340096,28296.841566128816,130.54617433651458,1398.802784233539,131.22665286461964,19.690310251656065,4742.252532031326,9.115154753140429
966.0,30942.53697086136,16193.316643661938,144.4233910572995,903.8878652747424,129.6803141554373,16.843068834725596,4076.0146986064856,14.09474106276998
966.0,31897.686425121356,29949.446797953777,179.89293755245242,913.8009458943235,126.06550832995183,21.185738397979755,6791.924829834611,25.15441362854901
966.0,33970.72401618575,18006.183214365796,131.67812345566279,805.5880172575946,122.04777584248116,13.817582381823003,3151.3096136479617,11.55822414055815
966.0,37426.76092835245,18653.49627521323,122.15125270694894,1400.603965677967,122.29339745427293,16.882495930720008,4043.646459712665,7.414035211324635
967.0,29782.48454217718,14604.766707866685,136.05162533852004,1348.222889156877,147.73228224521532,16.775623577388775,3733.690913104891,9.041875171211654
967.0,37424.77474123864,18650.848838327525,131.60724272176316,1503.5212439899074,120.49866560074788,15.608002785381537,3458.826140546827,7.522012203958979
968.0,4701.976050321234,10010.177162077016,186.07028618188045,765.3434870793042,137.73535532589617,14.723021603882584,2873.400852481142,23.113279163657005
968.0,37412.47482883562,18661.285770898652,116.59562221555825,1440.2506173984752,123.31314676844467,14.305510243696276,2439.770881985152,6.202170402800573
969.0,6014.092716980942,13501.13997877913,169.69376769567634,1728.7707401018638,145.39657563794583,14.698701730625839,2588.9239764410195,9.701806803359911
969.0,31058.581049024684,16729.264115559396,175.9963603582808,683.0096413317323,134.5232272898624,14.852482937496523,3073.294715995255,23.341262777192735
969.0,37420.31907437913,18662.99659741952,116.9281943658533,1392.1719575660927,120.56208697515684,16.90261364985744,4169.176000123527,6.967649404668327
970.0,37425.47953047639,18654.90379373083,128.15892371314,1575.867052855004,119.50064872261184,17.075373474671938,4015.7376789594837,7.32597977361561
971.0,23567.222046964598,4735.868120188019,135.86320003253883,4965.672670122344,167.57600385926102,32.536127497627575,10085.40511850576,4.732966792226132
971.0,37417.21426189573,18660.851205148294,116.9043270376736,1520.9166517350573,120.19785403076654,14.816981275437296,3385.520239930925,6.081086374049037
972.0,23570.019750291456,4733.131896686932,236.084608981873,16405.329017250104,181.44975704746753,85.18893519296928,26799.103464331096,9.497258769396968
972.0,37420.34410459438,18662.04061545695,122.86777711093734,1594.128205195274,116.7017466453413,17.16357205823596,4269.688272414453,6.820999129062509
973.0,23548.841926273184,4436.18558991108,188.6118017778961,8773.484379072574,181.95462329455256,96.83763031375881,30594.105581114163,12.713083006767903
973.0,37428.175608676334,18651.894657824436,135.1716708634696,1557.3815971517422,118.35581150285248,17.441050658979673,3845.716449552577,8.15113224448668
974.0,23678.081642592795,4338.617125620997,158.33690947088593,4284.060265691299,165.75141494181207,35.944369979244954,8468.2269720951,7.495527883344119
974.0,37406.82566135116,18660.38441237354,117.69450824187331,1424.3663915305824,123.74734568676098,16.804083057559662,3575.4044104299614,6.89047477681682
975.0,37407.46719460327,18656.797608880395,130.40697314851798,1408.4844746424292,120.93715307573832,13.269254070913151,2635.8990836016,7.152702008086154
976.0,37426.20611048463,18646.096306530544,135.65540968271554,1670.5031048919598,118.66231317141933,15.404539038787851,4002.9947383615026,7.2056706774423605
977.0,37433.63465386133,18655.66002955805,117.34960711155456,1440.53088626746,125.98934906176531,16.08430843994601,3821.3066892488337,6.639667566259231
978.0,37425.22764156012,18660.87946656109,118.93394184951886,1358.6664819774232,125.15568269653792,15.161604555875124,3404.7867768110973,6.866100050771622
979.0,37417.88524665629,18651.46472543832,135.73691540870496,1678.2626549449997,119.00776809686614,16.47058145501849,3614.266751226974,7.46430612865873
980.0,37423.45899665705,18648.322302022094,116.39801678720679,1403.5062811058451,126.84688359325617,18.34330626456611,4572.196102806353,7.2096444326404825
981.0,2292.57751112266,27972.84837048034,131.17261325193343,868.213478300831,122.7695232742762,16.29258662830566,4081.061092957657,12.07090761017977
981.0,37411.82173189713,18646.168905793656,122.40759346735368,1470.4747309911734,123.65831438149988,17.56877268846326,4147.354617406586,7.326122319054634
982.0,2288.323345993446,27957.184440261124,126.7300411178348,980.387328730143,127.19391155322391,19.826736180123923,5304.112982496086,11.823165664214589
982.0,37433.25255357707,18651.44214884884,113.26088531442292,1457.1575587583236,123.01311424791169,18.524999105381053,4878.559592525156,6.744861782409164
983.0,37427.36083597316,18652.759799919622,122.50747247240565,1436.243598362752,126.35635481088522,21.205196866121423,6116.684518720433,8.436685767663041
984.0,37421.78734030466,18648.38846950658,128.1135685289414,1544.328341623105,123.86773105404755,19.157280474004285,5087.397815067232,7.989447596910879
985.0,37426.09736363587,18643.16557986358,137.41175942684623,1742.6160652585609,116.06184180181037,16.579881031726323,4092.3889148525877,7.413818772520577
986.0,35188.642118271346,3014.8514311585627,121.71655841988327,1264.55730589249,144.69058887369766,23.95392541966726,7234.614862127861,10.168066706160117
986.0,37415.19971388559,18662.48354996478,124.89823394349577,1528.7314106280405,120.2178132870813,16.52245423043412,3465.791534012957,7.074296217829035
987.0,35136.81099692243,3029.8309012315012,123.99384580181919,3123.1374706039283,144.92922864371104,19.820739799437163,4112.4790868105965,4.470427667233934
987.0,37413.7015450568,18650.667839501777,129.08018172536939,1541.8152617387848,118.30152932976969,17.254612975741207,4320.792856030294,7.5857725470551935
988.0,35146.793680562376,3035.132371958821,130.8814849429663,3422.5671218018065,144.02673739760002,18.201024393246666,4130.630639113768,4.344583725253801
988.0,37418.922015908065,18655.51608998515,114.21630679483006,1355.2741310994477,125.16150013109302,16.995501246915282,3664.7977885563346,6.885583262686283
989.0,35141.870844139994,3031.8155084985865,130.50281965829873,3119.673593256659,140.71625266922675,22.372680797454723,6042.242952915029,5.14040978443026
989.0,37424.80517387601,18653.482937880548,118.34272230501557,1405.5305228060513,124.32069154362196,17.10539052999481,3956.276047086131,7.092765529222529
990.0,13293.765402359304,17228.987469075313,110.34898015381317,719.3830291517463,143.62417151668114,15.456079694066917,3099.1269901579976,10.238526921838362
990.0,35147.31639806642,3034.2627088833347,131.28561738536385,3057.779777341356,145.13571436283067,27.162754996744713,8342.045807092243,5.938642987955201
990.0,37433.94514990996,18645.13651240537,126.37413145234957,1491.8517988302046,121.50898183559072,16.51263279242453,4259.262905005873,7.340744508231109
991.0,35150.01493831672,3029.357965289748,132.64423256085672,3116.274176298518,135.26256112240335,23.06374476589053,6311.424649031524,5.368922615369878
991.0,37421.02968651465,18638.28544878455,116.52733977714885,1498.7837252335323,121.4100050674737,14.99438071875793,3338.8408572435956,6.153936555551396
992.0,35146.84711267395,3025.0396889089775,125.07093057980461,2716.983595186941,143.07648003727462,21.463851505412688,5015.69928564667,5.241336045931667
992.0,37405.731593680764,18650.12051032145,115.54011607209632,1357.3054077306629,121.80695064449993,13.95946111908091,2864.786087093418,6.321575438319965
993.0,35146.23877696179,3033.4107096787657,138.9316003200211,2894.833023366856,135.2993356944655,21.27826921570589,4461.926105938936,5.837340168590772
993.0,37412.73445044173,18655.771634355457,121.84892281122674,1495.501493771398,122.74484989723106,18.24909390779719,4830.460810831568,7.3414103325057845
994.0,35142.45859926799,3031.747146525466,130.34670833688108,2947.610196494793,138.60444095398526,22.28363427781942,5675.647020465418,5.352025511735079
994.0,37440.87610090991,18656.86140819733,123.46579589415671,1429.6864380675067,119.14889326391936,16.36069165919684,3953.395180022971,7.283560027745731
995.0,35143.21399001275,3032.4177328247056,139.43288262425153,3348.1497918199193,136.39452093517338,23.157266181188294,5530.522872945384,5.497055790129235
995.0,37427.30916685283,18662.01165756488,119.00077766203216,1505.5449024134953,118.65363050889695,17.32845336403986,3962.7648347907934,6.828022325292497
996.0,35147.71374088296,3023.2621428902926,126.13101106993363,2357.564684906272,143.81670368857428,20.939807714567475,5096.073302401107,5.851439776450674
996.0,37420.562236234415,18650.68734014389,137.30184227745914,1654.1118318870756,118.94372037135638,13.057150753766553,2603.8771355518597,6.788407531432967
997.0,35141.896247718316,3032.2689493224993,139.95487049906865,3198.7512901427062,134.70363146465567,23.778738856630817,7120.2122714154475,5.829474184850791
997.0,37428.03920246834,18660.18642662702,124.5494369767631,1534.6972522037365,120.49189436638835,16.58261113260337,3946.071747758907,7.036950998945871
998.0,35150.150559779664,3022.1542822853357,133.69569180201407,3349.66169298687,138.5629751608995,26.501781226199984,6600.222737048305,5.584222849162308
998.0,37426.73202943727,18646.53914534623,120.90913341676594,1558.5136698171175,119.66164595124914,18.841441813877005,4592.7518340843035,7.1528972372010475
999.0,35142.09337452493,3022.3498024358137,123.34540028165928,3217.72179481019,142.08023433855925,20.83940101131845,4860.843109240332,4.445562506321563
999.0,37419.30535968483,18637.488845575503,112.61083055078011,1371.1651159104865,123.06578594599416,17.532548270685822,4246.002383030074,6.794976479265954
1000.0,35134.049812338955,3022.7568677809477,127.80349263771954,923.8714703902913,123.77716257699365,15.876819003737918,3189.4973982194283,10.768856495995669
1000.0,37432.2025987457,18633.645733283243,130.15753275388082,1578.9327351868772,121.43402258109509,15.019627793785915,3025.607394731566,6.9721266198863745
