"frame","x [nm]","y [nm]","sigma [nm]","intensity [photon]","offset [photon]","bkgstd [photon]","chi2","uncertainty [nm]"
1.0,10868.517338315987,24371.329543358377,144.20118191782686,853.2188847460277,162.23365834947123,21.08475016551774,4977.009831299934,17.712035243625866
3.0,36600.33089154603,13189.024988210514,168.1014023633406,667.5345161725191,119.86863045750201,15.943076228947685,3891.641212049616,23.25171580243211
4.0,34890.83218272849,26436.33985562111,165.0706739017377,700.9681469315426,123.74073598025578,16.46789601050314,3749.4657073889302,22.093783436907714
5.0,13136.5615232482,38749.20493435133,193.04104436056352,1193.9933635942748,124.13846036024547,15.100327460603815,3296.5015978937977,16.881710175141478
8.0,17091.978947978783,31776.62135190456,125.81298992926716,1133.1653003290226,139.68197015560222,14.048033486458943,2477.4769519838947,8.250967137496048
10.0,7272.0222781996035,28557.55885425028,190.0502561278744,873.3934789970418,129.58026843842745,18.96801046204942,5041.923914808515,26.39750889697584
11.0,6259.152790952214,21943.394682053044,432.053589406703,6279.153893623679,113.81925992130542,36.60868477246438,11266.523246142304,35.175216025503566
11.0,6303.374192299035,21406.442947484542,136.2973206587954,3157.266482579025,179.79282358220027,37.04673052449139,12011.263811188928,7.724695303725003
11.0,7128.46697736728,23521.31795742907,264.26664252911553,1494.691950501727,141.4853973626808,23.41858611583495,6076.996355287013,35.84817454274211
14.0,20588.49364252368,29809.22153967239,207.9500825090903,1081.376590074754,141.53453049445935,18.434492597022572,4407.1388445482635,24.943354924817285
15.0,19483.340792743507,31827.225226479935,151.99890475011298,624.6804391498837,138.03801266598282,16.402655073327868,3699.9556985972526,21.052465334728883
15.0,23125.494834141824,30972.068804299677,295.64681485002603,2093.715187994402,122.15582637925561,21.397483102394798,5497.171566289764,29.627432271463327
15.0,23969.950597008235,30425.524109155107,223.02635859396332,1456.872325589028,126.16041695146345,24.46206405488649,6975.800507289528,27.62567459638686
15.0,30219.690993948752,34669.77907285788,136.0731520797321,602.0175126425981,119.2962614752881,13.212584322612251,2701.1682776040575,15.138754897605013
16.0,23739.472476315666,27734.12819045113,134.4116648171963,790.9132739472824,153.66650552412912,18.635765310174904,4140.130018934957,15.116122215830666
16.0,30203.481340005812,34635.72306992593,137.94582111194921,581.7052124385187,118.00454479823709,11.603478741177904,2241.433329371256,14.569904768544937
17.0,30206.181530859514,34655.68236198588,113.04997885847803,476.6072724911532,121.49756333899933,12.795279304753219,2543.7198401239957,13.231890331184225
18.0,15936.02484434761,38087.412397658445,171.34015013404647,780.8628146787119,144.51884285536642,20.08670529871024,5234.140494172332,25.393843713436564
18.0,17166.889789167035,37938.58734793461,146.99657889843039,662.0560867459106,133.56390794654655,16.29084874226582,3658.967177352822,18.694927003062794
18.0,27130.92368678048,24300.496223162176,248.05541934443835,1972.866935569914,129.95790759655767,15.181566027779715,2491.9308386248385,16.92126379342345
18.0,30232.72320977293,34674.71390930373,147.83263188281188,718.0634237004182,119.72023506234835,13.785861050843158,2964.9011032060935,15.453706630599862
19.0,16116.98997620543,38556.13582892412,318.6799158379834,3109.3848123939483,111.82731421247185,21.837281858033602,5299.246847814968,23.9107348293376
19.0,17089.150788858384,39381.84760517154,158.58111996611314,549.162414750449,136.4018858365329,17.855722316685664,3942.8894764198085,27.56974680751081
19.0,30237.833111001808,34641.85233412443,112.44159612242532,873.9840001421182,121.3350933429426,16.121069179653208,3937.5071764439267,9.241748079623715
21.0,37422.23799411084,30094.077339136806,146.49467156856102,563.3035499629079,125.5776123002569,16.832375888464917,4160.685895392776,22.10796416815051
21.0,39744.33852410017,36060.6388739385,91.8587102144461,552.212911112175,133.23232345701365,27.86332821114999,8969.801071268173,14.648763206113676
22.0,40165.373551385834,25898.310153194827,124.51340710935168,493.75118223981633,118.23507827156837,14.501957346850839,3370.1698290151294,16.52872608668608
25.0,20054.103396451548,34770.81994115273,185.8361893587999,958.7816840758193,125.6002009661775,20.41851300607648,5780.095417086519,24.73824582807091
25.0,38136.29780333856,15035.245005347744,117.67230839417107,1223.5380337133904,128.6646671282157,18.491637555154078,4623.787931634813,8.239711053186246
26.0,9827.98909979149,22786.15107325908,108.0394754485761,663.1643392682133,139.40777069941973,17.30806421122497,4307.777142722153,11.429911719376369
26.0,38135.483519298,15044.7900521517,117.53475761769495,1598.2832728886292,132.83588213303776,18.456086862941817,4620.183770502783,6.625895926094941
28.0,29936.648323121775,35542.87165186416,130.46545593723894,515.774421621505,127.82698505406914,19.225522567546125,5073.580113647944,21.685839541654683
29.0,1714.1713219935912,13702.663154928314,219.80205227625837,1456.9541477354555,124.31324189515539,19.24766052449602,5051.21929646414,21.742800973177534
29.0,31490.395861935092,34557.21790954327,133.873411658973,1217.8942324491961,126.70127879008504,18.154110329340824,4958.9379149737615,10.105014730508158
30.0,34610.02860595078,40040.12331182501,231.60329379195602,1626.1007178135962,103.89423409812548,16.6796698802344,4488.813614028742,19.189229702896622
30.0,35676.9954451815,32277.290398303416,120.29085377998148,502.0728192556188,116.79383480595703,17.032189929944526,4310.216987577659,17.36029292208973
32.0,34830.59108994401,35589.690282569514,370.3948275468911,2935.735157358861,97.51623624987661,20.12826082609745,5458.758720167897,31.2054303762519
33.0,23632.042074645145,30267.116033519058,301.75354453938553,2131.5098332253,126.29646663705091,19.056081261767538,4440.212320659202,27.298656425483056
33.0,26076.13713531485,35702.143694044695,167.84080290847774,728.7180892127898,127.0849578393421,16.873231741277436,4158.011188659426,22.431672659752014
33.0,26687.67009456979,26986.798287454105,265.25425137885446,1509.1650896436925,131.7908772708856,20.62689729094971,4657.67809077918,31.84348029333419
33.0,26607.966699126857,36735.294877012886,172.34361697393734,1405.8846897918165,135.4767050865261,17.947119595691138,3946.272408617745,13.663108900010117
34.0,26359.429760928084,21041.170263265867,168.40871617367793,2503.510452093371,158.89267764536706,47.853780238240205,16067.187372147411,17.767110104936666
34.0,26738.761820188978,36984.99311345056,367.1099731983845,2715.1860758032753,103.7511144295787,20.542869773729226,5513.184031031659,33.66970560574823
34.0,28014.803517134053,19419.60178984628,135.2269248457546,943.9334716020755,146.93261068254563,24.72884949897602,6818.572716278831,16.4051312523738
35.0,26835.818915769843,36942.8234449948,159.16880170300044,690.0453499617313,119.24760541854272,16.442510901831866,3876.9340706319726,20.946930274709498
36.0,23310.574185393714,37040.521859576984,226.12396063481964,1347.619000364871,113.49682785244758,16.836479887846952,3979.060799698159,21.980535016240548
37.0,19159.40067799575,30802.94069139237,122.62598102432901,679.4422367803708,137.28573377363907,15.241456359960042,3126.6576273860005,12.668058755303665
37.0,23875.71006543598,36111.28415221818,219.21266672865295,1175.13303453229,137.52204726666596,22.369569357577173,6053.371316248177,30.256176493662753
37.0,24565.559489173633,34955.210616904136,255.3813935115413,1510.3584921202385,127.76533524748857,15.396966702365024,3224.0962114719405,22.96108586975518
38.0,20016.20641092182,28298.763240244083,127.29145012434255,633.3791063067335,135.83853435054272,16.46439176198532,3640.676487176993,15.193841638571339
38.0,20043.495215564053,23524.26888813023,120.80386246685488,777.4814851043708,175.66599395959994,30.484350175442803,9336.557387303228,19.12443726624153
38.0,21336.466598713174,24294.804358667123,221.23955888993748,1063.3738511650108,145.08233580293893,15.185625439596182,2890.1865652722,24.078321564182996
39.0,22743.72609485629,24261.35658864835,149.170091545777,767.4577254309537,153.12828972041405,18.841971994752498,4219.933576620369,18.905884134240097
39.0,23470.679055931912,23623.83191607619,111.09179759264548,539.0688414943573,164.7277461909025,25.517204691012992,6474.535664472663,19.722335214007312
41.0,21200.671339957593,7943.352531250068,159.80314858989914,1190.4216691612924,190.70230852905726,37.51671078841435,12385.32261637515,26.241155373925967
42.0,22438.72813702481,7399.988606481649,181.34742744565744,726.9717625221941,160.05303605506577,17.183968540854245,3260.3811595818506,26.346483782121155
42.0,22722.948843210994,36639.11116221973,153.41399297474632,589.4230540413238,128.76349667755608,15.36829180271274,3310.5655044832547,21.396404693382944
42.0,23184.472655673067,8231.097778164916,246.05335217827817,2044.3125654787189,156.57069835221947,22.050590013092034,5049.195577812346,22.00464887149948
42.0,24027.770916428708,10200.498522796632,141.41333826931037,2317.3449439978153,171.44608468181798,26.11938561004424,6827.136061720045,8.287056644101392
42.0,28221.318368978835,33928.83495654875,161.26621727897907,667.2384780764497,126.38003385939716,14.073769990225689,3187.5327524061645,19.500084860713805
43.0,12657.450704023753,33612.1777636928,138.80762444306197,855.1913478519505,129.57760287979292,18.84249456163349,5057.417369652656,15.056129181443987
43.0,24344.623606839297,38081.052603384385,202.50496287191416,1052.9397204590616,123.04804014066966,14.718626263527074,3063.084041327725,20.163548016074635
44.0,9415.843165232563,28569.502819930833,205.7508014966679,887.3697621785121,123.52660805788119,17.744885804511405,4797.737148042561,28.464510746579652
47.0,11888.068945160378,34985.98724402642,141.4553387285509,1770.830403602166,147.02198680720386,18.77071454884109,3533.607303644913,8.277185355731161
48.0,11885.107693176864,34972.24054391593,143.24501844820824,1719.6004774636647,141.48037456449802,21.37946190398824,5748.298359629628,9.475749289874356
55.0,18645.421355787854,20534.488342756875,193.99601410854333,1041.9658835865755,135.6688279368865,16.873562849896604,3720.275226853701,21.059719488974714
56.0,11736.921807901039,19318.44704383492,103.2103929871705,625.218725312116,144.9906562057025,16.07758042087386,3485.9122916030024,10.584967586314791
56.0,12382.826185100797,17841.318830579523,142.35115471692671,1157.3108350295877,153.3303613655659,17.194436857813812,3462.4800347757646,11.267106071695437
56.0,18833.566853592256,19584.151749908953,207.3916445832347,1158.0410774541947,147.64415053292123,15.638745334945233,3074.050471563556,20.28557999385639
56.0,19479.562851783747,6448.820159238263,196.90406437225036,1043.6039518082775,153.9066542277402,17.820184290372744,3544.8979866063796,22.628545813938725
56.0,19607.33509497014,20660.531967065246,388.5290092117836,2810.434102448754,139.349127076427,24.267598596180612,6251.1895741278095,42.39385030218935
56.0,19640.271005225703,18803.479849405812,104.46459725788793,690.3518655418694,157.65013644745235,20.395758586433956,5190.5926610680135,11.747562808133242
57.0,16144.258719519154,23428.356217884375,296.6627759955553,2236.288028070927,131.09222885234723,21.41098165531085,5295.742914136314,28.026894769448667
57.0,16535.410643983665,21471.169390502786,257.3123318476193,1410.4145901174368,135.60286393890243,18.456058617101206,4245.436412608331,29.010513158459812
58.0,7984.733376080341,24842.7406915099,114.95587788383143,983.6697445101178,149.38422535605972,20.57082956008306,5020.233634145158,10.24370758878118
58.0,17866.849141995153,27517.40244767839,296.788505869816,2345.431830136476,156.4449344326404,25.655728906475165,6522.546677180842,31.605598731493462
58.0,18359.432132161117,40222.0148608726,149.8893170019304,654.1941562526789,129.87532222203316,16.617044531881245,3766.146584569623,19.89133883521447
58.0,34358.05977515651,16347.963335748784,224.78739297699966,1881.6679838171451,127.91656124805813,19.16605615443068,4403.71380144255,17.837159427297546
59.0,6678.066353733996,29137.298201488076,346.1909065625727,3060.1197472514195,103.25808951496528,16.66267222810771,3615.7103535782585,22.41401586599669
69.0,6870.555824324425,18601.89809232651,131.6466628291766,917.9109617002251,141.0796678613797,15.128439711712872,3034.8648144807476,11.00755364634495
70.0,6643.279206355263,19683.668829500082,178.9297845049942,2253.5833358611967,151.34647380029307,24.72887569269431,5737.330485705085,12.330701270882312
70.0,10958.971864363295,21283.18528794814,157.90754347363037,979.5450353413044,147.6644468147137,19.814987543823225,4499.863240141797,17.49254495412495
70.0,11772.34560581655,20554.914252652987,218.85605141857306,2323.487778011136,166.44098244331832,27.34278076541086,6962.004579775859,18.920588472241455
71.0,9314.779438712885,20570.93080383592,161.40679604147854,788.1153719687247,144.4902570797123,19.507748452900262,4734.3893590727985,21.958664111110917
71.0,13839.880835895261,18506.524877108124,128.80687999394124,490.1114045179371,147.30041482154405,17.509479681016288,4048.0321702216343,20.52487004158528
74.0,14152.341906451215,20741.17691325504,133.33242480530825,2087.967505900481,153.04916015518333,19.098149541822753,3798.5339598845626,6.657590437531727
82.0,35882.635865250704,8596.776239775634,270.3092669713303,1629.4502153823805,122.7699937835988,17.272923467526986,4106.501384062236,26.21788950440963
91.0,7633.699209329971,38272.4252751251,117.04163971636906,632.7585685442577,122.1740952697267,16.532400940660125,4424.557964374461,13.190115395875893
93.0,8211.614323018588,1717.559960874745,352.2933605973941,2873.1283961875497,143.18131035508122,25.806617337659095,6411.776451667385,36.366879357712214
93.0,8706.068699731006,1468.74586192746,326.6117926447165,2551.6560843730813,152.94118965275564,27.41171711377421,6712.530518023891,37.28285817277527
94.0,5663.592828451061,7086.339933354942,201.50558655771474,811.6320209661382,156.84539520216399,20.513237887974032,4600.4660745962265,33.90642730824685
104.0,14867.867083136956,34929.17334574095,112.25676370690911,947.5567072674836,130.2466694473846,16.375704793333963,4181.76012668768,8.716179683575058
110.0,11477.209167479523,9007.239982763624,215.28432026343555,959.9615299706812,143.173826816594,19.807636050716294,4728.983955324572,31.748097131987425
112.0,9786.171918939443,10580.366438913155,144.54479420842804,641.0175110853029,172.14976561865072,25.02331157740736,6772.498076106494,27.014521279143754
112.0,9939.428407084539,8802.886317394781,108.47629336507816,595.3649188943436,179.75103528327398,27.688182459351136,7413.759711971824,18.460422644856454
112.0,10294.256199768459,9921.391372878257,183.68840095463796,1180.1011567022438,165.80052973311456,21.936245112520357,5192.527125541079,21.21421521631217
112.0,11064.66991190163,12421.204808603252,277.2812839809618,2217.680643848174,147.9117353116717,17.051567543947325,3013.1731687997544,20.437979546641223
112.0,11339.531141739142,7419.655808174077,146.1349705481787,722.3996813481856,147.0960460147629,15.12939469515128,2955.4096259810913,16.15243624297921
113.0,26803.552631830917,7249.418175772181,160.49789551704984,535.8741856823269,160.59514002023175,22.092573339128332,5796.715694416358,34.94695176074586
114.0,9722.6543625972,4861.162960986546,128.4053692833786,548.5873461408986,154.9576479747306,16.946270663858687,3644.463072113909,17.939932509967246
114.0,10965.385114985611,4111.516351448278,309.25189730098504,2105.7205668554543,140.52559978796853,20.46711475506356,4951.860207888011,30.836062801034135
114.0,14592.841154581685,8396.460872859709,303.48122055717346,2209.0502210791396,148.1911437764967,17.552072354701664,3355.1392728798123,24.833742724091024
114.0,15275.292430027557,6169.405038530036,130.69541062073844,2007.2654371823232,173.4829167368134,23.344797580619776,4555.455605814913,7.569846277572633
114.0,32389.026105851914,25600.91791062265,176.33545508676318,743.1253480948768,122.17284404854044,17.608994836683664,4347.419043703642,25.02430544387679
114.0,33717.64327489636,26640.60044396369,430.6901119261645,5169.621993743202,95.17939603230596,24.651464868151404,6773.649241371115,29.15441375433424
115.0,10542.35580218239,7124.500556481868,160.44538188829785,638.3431796076646,143.80956414904037,18.049110135999772,4229.589020333606,24.71129812699382
116.0,18473.093501596424,7303.384601675352,187.60127292800735,772.3290113154579,155.96940625464347,15.936976530761818,3010.765125789736,24.863328409803763
116.0,18639.76083522704,9277.176183423175,288.41713626879397,1800.3459689781105,160.34801493576893,20.545790426063515,4372.154105034851,31.456128372301748
126.0,2429.977327589993,12232.978945754114,144.25870527345558,510.31867525588564,139.024080243665,16.331321693404934,3611.9045553646893,22.948231297508862
135.0,35527.37577043674,20492.445806973534,174.5751007203213,656.3886760144326,126.110321202736,16.925735777558742,4018.9367884068015,26.64660423423223
136.0,38366.828355144375,18147.950256020213,124.2736345465893,987.4898820461809,127.49746226698798,15.881897082323036,3459.913623741454,9.733785776278657
139.0,8438.154998611017,9278.418560098307,185.85507406029433,1430.6424999338121,138.1674083544037,19.14136556265583,3704.7930380252037,16.18947585506591
142.0,25478.85162172827,36083.90723321781,164.72686205674654,759.7291070993751,122.73229825110872,13.68888014447181,2645.64662264633,17.659200489437143
143.0,27688.675552663433,37051.12048515089,149.0248740824244,1200.5458499935467,129.28432828515514,19.587292513528716,4472.458163055559,13.010399370113465
144.0,28210.240378544953,39052.478487513254,151.6402802119046,1683.1028852434972,139.05423761482575,25.029182387498942,6877.166021300594,12.03417673817075
146.0,27678.754710076926,32985.89522589621,136.95351704278434,493.2563140867928,126.96625920452867,14.972529117985031,3224.9115627324677,20.06401812112212
146.0,28971.684605300896,34288.089462000265,127.95305782505449,1280.9089826331797,132.93589932388977,14.54671479491269,3179.841834180209,7.846961274218768
147.0,28969.12405187676,34299.714192393934,129.04181102275246,1606.1739878193457,131.7487704262743,17.430416201838096,4113.806298577834,7.383093088483167
149.0,36445.20600763789,28775.73109506301,172.6642912642166,1150.3828111799367,120.71873980159252,16.589053600895525,3757.2775902820963,15.40802213319497
150.0,13733.859783355008,20325.886671962642,149.0855796384844,576.7463988202594,145.69757407321083,16.213642787061765,3248.200889247625,21.653185486794328
151.0,30997.636202490532,24179.757230145606,102.80719111585374,499.4991406317234,129.08826455195154,15.72753316982273,3472.541305767301,12.515526533452995
151.0,31251.124826460134,20356.558214102657,202.00585641989596,1193.5072865503425,129.0769838015326,15.60525191897983,3148.530170882872,18.79228455922027
152.0,31291.93119846458,12954.72194868754,121.79662892759337,472.9079151233745,146.05998084685157,17.575979393013625,3855.7273071100576,19.21917515466785
154.0,2624.2848537828404,28078.453923599103,162.97274702435178,943.11051991959,136.39263078169648,14.82608568411134,3320.687024821989,15.227351474801296
154.0,12324.898361283455,21813.891110429904,100.40685277676732,466.4306704551898,151.98026660113945,16.691468363670932,3683.5162816334205,13.309362354181948
154.0,16936.005787822607,17092.948057981725,239.48084028009208,1942.4466894199968,147.2743588350951,16.752566629792565,3104.6120238104977,17.416989409826527
154.0,22583.024220088057,15616.536294779764,203.18918269749597,1016.1325230811403,153.35743650093045,19.88981564254632,4775.192615272822,27.066201481610573
155.0,11400.972217535395,23225.08991411319,189.330208131167,918.5863897442979,138.4337320934898,19.749233241354933,5562.438802191753,25.899668959154113
155.0,11535.639361892045,18841.175792885435,124.25640377019828,471.0149013033047,156.84254799025175,20.06407753079977,4826.0053490200735,22.361865822796293
155.0,11700.144617531449,20008.990038676362,263.91921394498627,1819.2477818297396,155.93040300952893,25.655324205392603,7018.5774070203615,32.20114406494064
156.0,2631.3561248734295,24020.54079652883,196.0219500304229,886.5452825430201,123.38366799506109,20.155554965518668,5667.2814471204665,29.115783728771937
157.0,31509.935032043115,5966.206934602986,529.6633731786853,7602.8892341343335,94.93836054209544,23.343741610514222,6308.087919285287,28.49017279772213
158.0,27055.325586284154,10825.767538748094,219.54687575460326,1118.369940647231,139.02836383529106,23.911665266954383,7000.004110714822,33.822105526499925
158.0,29980.56400546553,10797.84496186134,217.80529646117432,962.7803757633503,131.55091672648484,20.592119429913343,5811.370631434115,33.52887109732821
158.0,33100.108423842066,7141.686624019634,166.98484957299766,674.0702384505792,116.06268332639176,14.17890737116459,3251.7902659237097,20.684796972505527
159.0,30398.091285911058,9738.261419466242,156.48500632393515,643.5818970307652,147.1330147577539,25.7509047153292,7671.017249899936,32.15174692602682
159.0,33114.142920790364,7063.267633526942,257.3020004651011,1702.8878432300178,110.1759297425823,17.983419640039678,4359.408645796008,23.768499172770614
160.0,29404.85341536685,7340.993166916648,121.14966982704127,1799.690751123157,153.70187332872428,22.854943687049374,5278.964542704298,7.212462751856724
160.0,29445.71667822074,8147.286579663683,191.29845704525056,1024.7397339079978,142.56161274153882,19.856613181337828,4874.087070473681,23.945132286250786
161.0,35601.26986164598,8020.538223769758,126.44013726893951,1981.9017505224872,127.96498975583313,16.91024865148799,4185.562565388753,5.974440577673029
162.0,34458.12400931463,7278.7620123980005,185.14566855305068,1771.5819621801154,126.3559471627311,20.289201428379545,4920.16796257988,13.89622061677159
162.0,35586.71697571864,8022.228067478661,114.05177209582162,1317.6361546505923,132.79380553019254,19.246510807250917,4739.990699124183,7.565215735095928
163.0,22358.67219480237,26465.699412065045,249.35583308636117,1963.8028641595604,132.5181255531909,23.71208022229257,5853.5511057665635,24.995147350841105
163.0,33562.63490852367,10495.571333020252,147.80313090419958,1065.3398237233653,134.54048610874207,18.775413286520262,4565.971272901426,13.796755286094792
163.0,34979.19105031312,8276.87361751404,140.69871941784422,1243.0426334205588,129.16180503472043,16.15117673785983,3636.716355953053,9.965848552496043
166.0,39351.71779285872,24610.128276467665,132.83516725831197,1247.583837176431,125.68221229119524,14.306859505559917,3067.5458724367445,8.407173280895856
168.0,3533.584080538257,33762.65179447231,130.6807985908124,1227.9705381903339,127.1167634639853,18.806612948952882,4806.158863229772,9.87594702996515
169.0,3534.219604315753,33774.46792450223,140.93647504280793,1504.4149095328867,127.02744722479238,18.133832381278964,4339.49916966467,9.208406191142938
169.0,25035.753107786346,34053.55391878932,152.6639932652509,731.4472188549424,124.52538401225577,14.626863186175024,3096.717148457473,16.809059652915902
170.0,3006.4515636574333,34439.823155838465,159.3087875568632,1128.8508275672937,128.82415944675824,17.114757703045914,4300.643388015821,13.929080536625618
170.0,18248.468386481854,24542.78661487224,174.12218834402628,913.2308987567291,147.34143714778432,23.52093532887725,6235.157275389597,25.97878219234003
175.0,9094.45362537545,20199.076396316534,133.56583716335402,856.8574217887979,141.81798995783586,19.288768529992605,4214.953898775284,14.297916243816665
176.0,21003.21366368165,30976.442164156568,167.45028519102596,695.7282355413917,133.30916700617095,18.36662733562631,4844.185073932199,25.06685891699563
177.0,13786.699108756231,7008.903534782056,485.0142206949232,9506.187856336463,101.2860029745668,38.94913293100243,11377.728799542212,31.196687908230594
177.0,13908.153618855655,6909.580982504128,322.9097616394637,3319.694423877501,146.50315855015336,32.304902229221156,8744.71593336272,32.9698125261681
177.0,18860.690729343987,7434.31358520046,120.22775262810731,1036.876033183505,156.35172436630424,13.221891316371702,2080.8621695300953,7.980495330249442
180.0,4165.103499722627,32122.252932617117,168.00596780704132,680.8461469760952,125.62524653018626,15.03953723334793,3553.776610784288,21.736570052913027
180.0,8750.464833397526,8157.242478469076,151.10569096791264,2118.012252842159,170.1403574244213,29.70210157484149,8043.738353954523,11.157137254495366
181.0,3218.849837279908,30908.018292404256,144.72889901292976,533.3142928916985,136.59446607804674,17.037033842048118,3929.123956198573,22.970277384015954
181.0,3997.3222722194428,32004.1791180974,147.3956897690278,656.9885623434351,135.7327472804342,21.778854528465892,6414.48939417452,24.18624547867212
181.0,5310.370937455654,11980.159908878133,141.42447330412972,700.6240670802086,156.11631085032647,26.472085346511285,7314.056271029399,25.056780028185152
181.0,7154.550984998069,36236.08722377252,301.63083197656533,2126.2629891136353,119.64511956909651,17.35715368142637,4113.112045199973,25.19794924159427
183.0,4058.90646087703,7050.209905375433,134.42884648455433,735.5336874467874,151.07815835029902,16.180002753703477,3359.406130005206,14.46024010538842
183.0,4072.074411880666,10524.08036346886,132.8379154941467,1394.8997602900133,142.50967144581526,19.47828205803033,4667.291550566027,9.336537071783992
186.0,13416.846233314385,19690.5497824013,152.18766435569808,606.4473670961124,140.8158769622883,15.163787224217511,3060.7932549574834,20.32922656382488
188.0,35438.782577035236,21594.55816251344,133.65728250627552,1297.9412279066241,141.51297436677544,21.01971577174151,5203.351776119349,10.599868344221418
190.0,3771.6194617454207,39784.68692622453,169.97771482450207,839.2151509945679,115.71488794599385,11.96416535064987,2188.5897866830246,15.4930251715602
191.0,3793.796418397639,39788.77974375961,128.42987016715347,712.6512294249936,117.70784021408133,12.959938047136868,2531.927550970556,11.776761763769082
192.0,3841.970033841291,39800.585798668515,129.73457437446683,679.1768331060596,118.58094979245506,12.834561044049593,2574.627813447273,12.378780150257528
193.0,3803.578054225507,39814.761628369706,95.00953553823861,460.44397004710913,121.7782909026139,14.013282894384986,3040.6907917452213,10.900257590120052
195.0,3844.77284139943,39825.70996477663,184.8846062716035,790.1176111600491,112.35682006600433,12.95260217763752,2688.657483742082,20.033781499386883
211.0,33425.53838966279,29681.19242271834,129.80593139320493,599.3757759385368,136.61971932464922,16.34830707942434,3478.002372906458,16.42301119970945
212.0,35758.81745980072,33802.729584411034,174.53021197789192,655.8300547576652,113.10664143021545,13.764244133928731,2935.385323040684,22.414455692761912
213.0,22046.89931353253,6002.47210159234,252.54582143387424,2221.013567833518,147.09009281877056,23.65101415767536,5619.798707495247,22.736511508230738
213.0,36374.46363106751,32373.19187216069,117.22713309455659,962.169364125353,120.2535390153327,17.92610637246565,4654.289695583135,9.79395325414303
213.0,40103.42760426404,33347.09378133122,155.68840889009445,559.9191783703845,116.54626060802356,13.355796085377218,2825.8370210691733,20.558815991209624
214.0,18900.713053215524,7218.424975154937,155.54292428842567,755.7855711003863,164.02065438365602,19.05703357844149,4145.958326945173,20.899148163020588
214.0,38028.535101328336,39448.62798787337,162.32710762072935,630.6907664989446,114.8623463986356,16.393080963738033,4090.4522516840107,23.520945326168626
216.0,33243.18703338181,29841.788657414723,159.25798607662068,1091.9928243601169,123.80165218732091,18.517151752233072,4706.319217657901,15.240493774560898
224.0,19715.81409268928,37329.55132007605,174.4885366024242,1149.3610439508484,127.14197161539194,17.14458547970697,3634.092543930609,16.120167475917185
233.0,11675.77030305224,1742.4009906518627,151.32491390164435,536.2109542048456,154.64963339785186,19.248404213966605,4594.815288489181,27.587801401324235
237.0,32635.2605962439,33934.74623167339,112.99570384274769,593.6464647005336,128.27877707427308,16.517697469791035,4088.0970942453373,13.116153016358188
238.0,33872.95435262297,35151.07962572643,148.73290726735908,900.6923634954721,132.6810479538131,23.659192595629186,6545.047775772312,19.67578321588466
239.0,4115.467796585349,10136.693028331401,177.3298478694825,766.993286700089,139.24595768929453,18.670559892341544,4783.947740773392,25.831300602892508
240.0,33811.96166144992,36096.673101922264,125.66934023159546,776.7791496655386,115.9290362061275,15.982395914810681,4331.166481224758,12.179535977802354
241.0,9394.717244902075,5007.19161147826,185.92310511017564,685.4968946860022,152.93066263983093,16.790852609345432,3273.5905770585528,28.576880082639413
241.0,11197.465989892356,5747.402075033866,267.2627288822385,1885.1127272386511,136.75208069338078,18.146951728821463,3380.890988810463,23.386684935263453
241.0,20759.15818799562,36419.22749473849,147.76310393298874,878.2504220844422,127.02452579023874,19.10116006260547,4752.976542258589,16.622211784489846
241.0,33841.15210588413,36050.0168815151,117.2072743238885,658.2994024799227,118.73645112577022,12.841037154442976,2692.876427755727,10.785334164639544
244.0,10444.507998359117,40087.591315621525,144.90651241898146,519.8219725869379,152.90783977479256,41.208674460942994,16618.62421080137,53.286810576300226
244.0,10857.440867350077,39660.95693475607,130.18199308848938,857.5344486275977,144.91928952582944,29.593279081181443,9729.454743228654,19.54544227380522
244.0,31043.113143262202,37151.4885553088,138.77444134926813,483.08736585253945,127.38185995262938,15.127366720499632,3411.306674975191,21.110030562748143
245.0,30309.4239843259,36322.87006440546,184.25419483041483,726.2921860489068,118.03698897229467,14.733285129412074,3607.3742068887905,23.83062946372521
246.0,30310.27830583336,36344.86530610609,158.09808553384428,795.6905028961427,119.56052167187194,14.852322393961865,3164.599755072857,16.789021649663816
247.0,30277.28371580867,36433.26030890331,157.47067375399914,906.0513832943535,114.76320511660025,15.95789042340092,4065.7842598153743,15.706178571511568
248.0,23393.833744185267,24773.471336193015,138.07702257078913,2583.8341784235795,156.53816686120692,24.40630941815671,6426.832539644244,6.914732928368195
249.0,29545.323096597607,28187.8660827579,236.72976483546003,1582.7960284011126,124.11301794825383,21.7938393402009,5502.993686543343,25.769740928535967
257.0,13446.45672293075,10484.344679678583,155.81861585015463,968.469524955445,156.92795373508062,22.881196846017126,5373.689127296608,19.479123110049684
258.0,12035.172824975978,10378.288254568257,145.67730210710008,852.5180562481912,163.3544897611886,21.51709103366665,4890.983751969799,18.37043930938354
258.0,12641.610931373873,10659.996427587274,234.8585374352811,1459.5167074315973,162.69561237787488,31.619127329646343,9172.120597628464,38.685713902015216
258.0,16519.994110684987,37795.342577686926,129.6122835779156,2289.065281405021,132.27981739089998,22.737466204420677,6239.947746720192,6.578776303766562
259.0,16012.709327489127,37700.93985282469,336.874748698359,3109.642538964848,109.19359463150573,25.42018034538917,6726.517880329375,30.483384810762825
259.0,16513.0951611134,37800.78929404679,119.2428651773769,2030.90466947236,149.065791989877,28.48496239136626,8887.403473322875,7.387759880535971
259.0,18496.725743509316,13687.488450954781,188.50458635745892,2575.024267061529,170.58706801832366,28.749295877171885,7282.22226244909,13.597239709763539
259.0,18544.251383332685,14463.110863035954,378.2022118116614,5562.024837110396,148.88594842291366,40.48755067925503,11239.244757088129,33.608996532260875
259.0,32399.13145817404,4461.095570716895,165.29729217944885,716.4082471940765,142.86153052083785,19.018748766060277,4608.692717223552,24.541367877181408
260.0,20241.787633827287,13058.16063429283,168.126453655792,8861.726966938226,211.1380203531142,67.74014944854501,21300.682815595686,7.282225461399002
260.0,32748.442806514777,3555.647063918242,137.67062439362107,2940.822729484553,160.80114729302574,25.12148350022707,6666.7880837949715,6.29805207480587
261.0,23961.43138358442,34116.225352538444,115.68921735316123,766.2306009976901,128.05893930640914,16.756152493398453,3874.204056920829,11.0836058088263
261.0,29929.859762492106,7846.048798410151,120.65496018348854,483.7421903798984,133.43985040765332,18.910994610530675,4909.231826086629,19.660145484562264
261.0,32910.3159939757,7544.136150994324,136.35097291829393,3163.9910963863017,153.04364843290057,22.749120253296507,4631.866993648999,5.49378690676028
262.0,26783.689233746056,3325.1017069358513,112.54496907187348,622.920094065447,161.16318836324297,20.097065366997295,4747.4931180693975,14.493654193681081
262.0,27555.46658298684,3230.457144553266,136.0197272018039,1015.8031655170195,154.3626918527009,19.574739979258176,4546.431743216592,12.840009214063969
263.0,19077.089592318174,37758.15955531114,199.66611300039466,1678.5337204295965,118.61488380151609,19.83886158816229,5062.270875599259,16.415665717567595
264.0,22833.39834923365,39455.43311774206,234.33042739251954,1177.4239537102053,115.83199702835701,17.192918686728625,4250.2163599909845,27.096102886947182
268.0,33708.91779529417,31306.769807444638,128.3497094712904,609.1058716636013,118.2274844995198,17.130269099613383,4321.977711817461,16.460164354806334
269.0,34009.61957769499,33814.10157873193,111.92727506132584,542.4742795136866,127.35870600713488,14.25621197410733,3248.614261015089,12.56289681964696
284.0,10104.257408092382,14168.173811234507,240.37697799403142,1204.9099690180174,155.26141046249248,23.586097998029235,5758.240662934611,37.006237324635315
284.0,11288.364629636624,15509.4101463661,285.1145475848366,1746.8361033712833,136.412272292176,19.86096196440124,4632.908735439981,30.716377439843306
284.0,12090.984544428115,13355.444736984506,169.31424084344266,712.9241839383743,160.9521002245821,19.21951167856214,3870.265119765449,26.022027493531265
296.0,24457.685753425678,4139.8765289041785,144.16648178452226,812.6841486466711,161.71194969293634,16.574764622545988,3129.9140550672514,15.243723974257032
296.0,25737.634875046613,3566.3571973171925,110.18003192936197,649.7284470601719,172.34467981650025,26.640868359473213,7506.566128351314,16.938874480640994
296.0,26633.879348584753,1946.540709583808,321.2079679880366,2571.6347652586223,132.23822144697442,20.843789687656685,4647.703955449232,27.86189306240452
299.0,1944.958795723622,26246.01291251192,197.65707859912087,985.2278438694378,127.53697460065776,18.097888812385897,4297.853694588957,24.360942325001698
300.0,7750.97134540996,847.2249094696815,137.89543826578503,673.5498343892282,145.9275101224292,16.250852137728366,3267.4767210709288,16.396241553104076
300.0,9834.357465436095,1353.4561974955534,144.73053425185245,677.0736201790385,152.72900721087345,19.30591100042344,4568.456319513212,20.48493243451744
300.0,11725.12745092459,1219.1713287364068,307.5897141677015,3728.6327143890835,143.9826122597282,31.993075379692282,9427.636212379943,26.579521338094146
300.0,35771.066465747674,12186.898151958067,127.4590564233209,685.721175520267,131.99103244700876,14.806867035993854,2989.506132785994,13.145073710038066
301.0,4333.732450373628,31934.498692357905,180.73748050538603,2374.080120324773,148.58189290308198,23.06414944103081,4979.34752495608,11.336962274723476
302.0,4347.456673010613,32074.93727453092,130.77302756747673,1632.9520668342623,136.7462633403111,16.272037608419087,3166.3625626078806,7.148868545884615
303.0,4322.973674914396,32053.92357740633,156.54251737703837,1583.717263284118,123.96332549455508,20.97223957812887,4463.872746763997,11.703337301479658
303.0,25543.333531405515,24635.0581818308,149.7311075772002,1387.2278897726783,143.12330898474895,18.224390548824275,4060.4616025276814,10.958118624019532
304.0,25118.73988966192,20155.157950878976,188.7611546818032,1208.9233750384633,136.05126030010766,16.31135453650432,3503.3483169514107,17.042628167814758
306.0,9734.22535666593,5104.375164673074,106.23789675818814,772.8367879394474,148.18552490398426,16.27361427552842,3470.0668450875105,9.3853475022109
306.0,23077.312148475452,3218.311541393599,269.9582191688379,1402.3101162421797,152.8871159161472,24.29820892063252,6030.659695641363,41.11777268791374
307.0,22038.382845814926,3239.565302974323,141.46267544148867,802.0484316043826,144.81626749396165,17.26056135431053,3765.1358487708417,15.391930305681809
313.0,19013.810927468017,23492.294525987443,170.23190954835127,726.6429236118054,132.2358007935377,16.14616646154258,3442.680227058061,22.24541966741404
315.0,30093.172920270496,12002.393094720126,136.97334732880464,510.3159073667721,127.15742419794823,16.714113328738573,4036.439484697813,21.284837657172247
316.0,29524.909209236364,5226.12804447054,182.16851206124767,1481.2114250905304,137.94998330860508,24.060422394764384,6183.453159178097,18.30591662440062
316.0,29598.495224042137,11304.66419637009,132.88174753679579,1451.4043042581934,148.14171319068956,21.714897804764515,5524.504992378636,9.755256839416742
317.0,30150.045091433534,4039.8274537241737,137.42042387790156,623.1322262405063,134.59335549917452,17.344726327246615,4186.666765349216,18.403012872219204
322.0,2932.2831028447363,12754.754012860276,208.00759176467008,1283.2394154354429,123.83495589611951,13.623949099792483,2578.363790410279,16.698822192799735
323.0,37317.30837635055,11786.79219508409,164.71091214978918,1269.9067121509765,117.98993313771,16.069922743720443,4000.952525648328,12.710497067447918
325.0,7481.687073750451,14479.936080933985,125.69471316186403,557.0015001158125,152.3290897642423,18.06318361706679,4116.756479159014,17.929891108531333
327.0,2042.0315949893418,15462.550987499226,112.16803488806335,433.71773346175416,126.57845663670389,18.371508052097706,4767.780552805317,18.580403180022248
328.0,4308.765031616671,15028.642703533842,191.70368357536427,822.6310775267932,154.07931367350233,23.24308136988674,6186.418194753237,34.11429871036403
328.0,11012.565661323632,28550.015764962,140.36561622802748,659.8758876663284,147.46857968452883,18.414006749176007,3994.0812094948687,19.06356788538733
328.0,11478.871428212433,27551.75663581147,137.01594613259016,550.0504509256666,146.11604647250078,21.200993525122506,5666.559849909286,24.34359601470286
329.0,5359.187033053628,5718.94227800544,274.7871007452553,1827.8889947709079,136.57001414800501,21.424057686007213,5154.34085758663,29.3667633478382
329.0,9419.509124726814,28998.76419615399,145.5541570628594,876.3602632368138,146.76503828841174,20.267152129428553,5067.432904940664,17.01192179184361
329.0,11199.803433142251,29931.28365021567,205.64700964723426,897.2453916444174,137.807966035761,18.28076305659115,4482.860985082689,28.891042743669466
336.0,18462.962938002893,35392.86719831634,100.99834027238708,646.9407569477805,130.93251077348955,16.80886166261813,3675.141530811107,10.228531866418143
337.0,19413.248803056922,35515.00988070594,162.03717086866297,681.0944925665952,122.84862945455373,17.466089204424193,4182.8457746512995,23.040958441135732
340.0,15712.585304608414,1426.9082756573519,224.3742393666686,1584.0674995744043,151.26787450766767,23.169744021985764,5596.371708127103,24.575336707797536
340.0,19535.486761349883,488.91906039470695,293.42679079806834,1859.1373487375708,153.9869861234036,27.153907655260994,7395.76583100322,40.8151753089836
341.0,14766.973655142474,1671.0730671693227,260.02887139879084,1290.955177654197,136.40084224681962,19.441161130769107,4642.043323305359,33.72143720820681
345.0,4212.759418145621,37690.69113769631,173.58506387618385,850.6986557512191,116.52659159152388,15.769063555966621,3573.210073434054,19.5820023246057
352.0,10114.597104937176,23451.245731330127,132.97578640554934,1575.3204394485879,165.35965972973972,25.38745632393332,6248.726732703668,10.22336054316421
353.0,10134.95850906273,23435.52600888145,148.3783300414272,5588.041779242596,168.88525774223285,30.182735655344253,6165.914994595268,4.723854505885281
354.0,8110.228073351742,22451.972578280238,345.2649965802821,2877.5587803557405,125.99007127948273,24.720821118494232,6217.467377097305,33.55924285986431
354.0,8311.711624843976,22129.568669667762,181.23007248575001,1183.578914396502,146.87640873556157,27.21372941186765,8085.834697348522,24.984689608386706
354.0,10381.20393119174,22629.714496059325,200.7692737273043,1128.2009191979205,150.28091909976587,17.723320564047558,3323.363481455461,21.724102770674296
354.0,10603.752137457333,24975.18650111444,216.18741660770516,1458.0629669635468,132.18180246753943,15.696114266636535,3046.72379216372,17.81023402170659
360.0,35226.99917216655,997.588819333494,134.1179120326526,4404.10813388966,160.08778785374932,30.835794744887167,8514.595207190392,4.941184300169519
374.0,11816.584317596838,34541.489542003204,124.53091538760937,1734.9423186370736,147.11041489650597,22.040731856519507,5993.364084254554,7.594608400352139
381.0,23245.73244744173,977.1063125251801,125.58253408607675,1690.6821168568104,162.1609186725251,21.795722106988137,4845.550670854961,7.81003840756268
382.0,25707.445560298525,1444.7234501666526,149.6487576369288,692.8851844902571,140.27611956721586,16.0669689891525,3552.851686891549,18.324145616685485
385.0,13300.423322608456,35600.270867634325,122.46104240321718,1442.3655104282566,137.9839719715536,15.552818292502465,3343.6404411186254,6.946303142335973
385.0,25359.35573461162,3485.139718533631,174.03570489378328,677.9118385913716,141.7506661263528,14.529914125151043,2935.0079049147307,22.61485427934062
385.0,26867.562950566626,1562.8953661975963,261.2462602206995,1319.5086155579438,128.3192004738795,17.74515618682353,4088.0958005971456,30.700757641851098
388.0,22402.068969830878,35280.575990986,149.9161819574074,767.0541694329193,129.31477978730885,18.11805729022815,4537.635734045601,18.47999046688758
388.0,39488.65605678961,32601.639093934646,134.94147979986892,968.6198994205841,119.07539527683862,18.24045726496901,4940.908429069601,12.51667793073759
389.0,39451.09806265882,31229.12736778645,127.7021682390447,1124.6141453677858,123.00526166509617,17.779912352345505,4856.37657810489,9.84673269704898
393.0,35389.36906721791,26743.86176118623,117.32863239552569,1943.3565848489027,133.72053336979647,18.639963970213934,4421.0273866232155,5.708174063156829
395.0,8724.922683722629,7698.714193949313,262.4859790441824,2953.1106787939448,162.0386417415133,27.52594877810622,6350.349793745422,21.386584933487836
396.0,4761.289641697805,3805.7488643809234,287.639452494921,2697.137959807338,135.85378217410073,23.412670820091076,5788.012735794732,23.977428056580564
399.0,574.0600315506598,11969.582962123888,155.7251449475015,667.0448967877979,129.05667838686657,20.830843756774005,5429.478236146434,25.416757142158204
399.0,6588.600740780906,2675.135985560489,164.9715239710498,3636.873396622162,158.09562967354924,35.98008506377847,7250.022101537179,9.360285032497316
399.0,24737.88761906999,34973.00119510468,128.55781905217862,643.6889029814424,130.92349831720406,13.74147731524489,2727.224433597713,13.355777608198425
400.0,10040.369221233626,2854.994769466924,208.55647856969662,955.8806744547371,150.62960477342685,20.88500668731917,4727.490354386423,31.481066206629343
400.0,10758.741095318524,4653.242157676705,254.88068883603776,2457.527620560223,158.30462993744703,26.108785757762423,6659.1642116533585,22.962604196445213
401.0,10813.3921698494,4316.07641787379,119.83132755479295,594.4115299736604,149.50054480153426,26.67801592511597,8238.483612033184,21.558606586527794
407.0,2087.5505430405237,3137.1241809197613,277.9808872855513,2035.1459988432189,133.7314066818052,24.5239687617189,6224.299571291587,30.6423102722226
407.0,2659.3734838610553,1437.2332277988214,192.69655967436296,1327.8000070291798,144.43967367872,17.500085194435933,3739.1762089954773,17.193460577665764
408.0,2903.949619669682,1419.2422252783426,265.3994925364247,1501.8206359524336,132.97051897691145,19.370374803448875,4805.364821089654,30.260842256934133
408.0,3776.0413303401538,1575.5189618004424,159.4699055382928,615.997991633521,150.24522674830607,17.070361686184018,3524.345107231691,24.077271129202355
408.0,30677.391394340808,5201.957300747913,108.98285965137875,503.12000775548677,131.7783135011276,15.598889772178754,3458.3915364944974,13.64595040126763
409.0,3440.6863156993036,1575.334890222246,352.47098213828735,5674.230239489713,123.86069957276638,26.07776848193698,6375.144281733126,19.189868675341526
409.0,3868.6683634656606,2320.5556599852416,203.66289670888642,2193.999687506927,181.8566087033403,35.41951335820466,10267.054339182456,22.012167222859816
409.0,32976.464877580715,6253.7177188302085,221.2903907371978,1218.9977309944632,120.06581687437544,19.50635885948362,5058.452242073,26.31560936948902
409.0,33261.2121007998,6923.632092486531,171.55403921424445,841.4963927262877,142.1200669765805,19.02265368291081,4392.602350405405,22.638178785830753
410.0,3649.839658922349,33319.12976431457,137.86704923813264,3391.206453279764,146.6573496139678,37.474638068011096,12366.944001002645,7.4625417392442
411.0,3646.6342442520377,33332.32745026932,137.50000019599142,4996.429798565032,154.57883891532185,42.46349622083324,13340.457256052254,5.801392402664551
412.0,3643.7428475551264,33339.498810340774,138.02962561250368,4939.316119294912,152.53043501011146,41.72264485744828,12623.08581689078,5.821435216772475
413.0,3647.791012410519,33335.02105270036,131.34049494324796,4731.785255809028,159.71424123155788,35.21901666244178,11064.194547010167,4.91174022196814
414.0,3641.508737535422,33336.23697537906,142.07693415682067,5097.944693273023,159.5043341341695,42.11421410211884,12499.20242959136,5.998071552001726
415.0,3633.437935878143,33330.51638277392,133.34863245629057,2480.696762264588,142.53655785418098,28.646973226668273,8618.206872263223,7.556741977442383
416.0,4975.675052514415,27845.109679661855,226.26017955011355,1083.257696419724,127.05210071924101,14.964019952253224,2934.171828807822,24.36472674855219
423.0,5348.647045419179,9104.851673497196,129.9720910133913,648.1736681685392,138.3315937441092,15.91452867642607,3389.2360374338277,15.046460159212963
424.0,19455.51659163232,35578.4318598396,141.4355880639947,686.5946956017908,122.41478733933064,14.559019259441582,3361.4048286157745,15.498749683796593
425.0,13836.039149275799,34582.342974591185,219.8643067874067,1253.3223591473768,118.65620001300378,14.884053654569316,3003.1972683878657,20.160573140651657
425.0,14840.029402806722,35227.97182044133,150.93674278230492,800.3954602715394,124.40631143958983,13.952643716197853,2981.4215550339436,14.708932313431943
426.0,9859.320143065415,36714.138035364755,201.51776346383423,911.0276368690121,132.22082260968722,19.721729927404606,5090.058171322968,29.321570097909447
427.0,3567.722372594172,33246.49080081632,258.49834312635676,1426.5578849568105,119.62097641781322,17.020679986866774,3953.7094720285945,26.964117644782732
428.0,9990.19521778988,36725.2828236227,184.1919815103389,1226.9580819203907,126.1881640141992,21.117948920586052,5711.602343824019,19.899696994864506
429.0,11530.358810106365,36158.95589598136,257.8089417658994,2339.3633734237624,116.53372781333663,22.63575927185564,6037.416677662652,21.654200091296833
430.0,9366.386856064091,36200.41957959637,133.15273755369498,1562.3370806362866,135.82368097820847,19.21981337411047,4198.787801375754,8.446156700334036
431.0,10554.469783330413,35758.38476735889,165.81497638138174,1120.2092711450973,143.48395339128464,22.55462963460171,6347.665718560431,18.85809627576404
432.0,12599.875375061061,36717.15174916809,231.70983264934847,1830.2430005342221,131.6597303689811,23.946295570584535,6828.404952558587,23.45995623385025
433.0,9661.704045912564,35912.918342811805,294.44506503309816,1813.9183734698004,120.27586218792197,28.72559361705276,9237.938934100845,44.3929574426605
433.0,9856.400790250182,35880.39994518176,222.38777304738045,1383.0338472782576,123.52393133874104,28.73101013151336,9263.819726052681,33.50229932903014
434.0,10428.561749288745,4946.26227387845,267.94584094208034,1441.6791536757305,144.23844869609457,19.560504522179503,4529.48198183099,32.3167916836804
435.0,4814.019305257208,1846.199861222666,297.9613714159444,3104.6196013722915,148.20384416065082,26.877108120517278,7798.274742356829,25.399525930229725
435.0,4905.195519479055,2160.4703810918422,280.33827914488063,2255.5408226105637,146.86885250148686,26.32021616588962,6949.007164238621,30.11161328438566
436.0,6231.340240171043,3096.7888609302227,247.80535760704097,2691.211823646991,137.82727576199773,31.942997896479973,8924.942981210581,23.969818382955285
437.0,3789.848333657206,10832.603391798586,264.28929896042274,1935.887740012621,132.4919273586931,26.75369893454489,7387.76188214477,31.616326882751345
437.0,3727.3725175254244,13682.967586677574,216.47676632593337,877.8044977539253,134.90504717710982,18.868150260933614,4109.809996307731,33.4342990505665
440.0,5063.233051382265,38523.21670567593,122.993090120747,552.2793839239837,132.67498960513737,14.390780649133617,3018.895581748662,14.59647950653481
442.0,38265.29661696374,3550.7901520284845,243.1695648964411,1136.73888250059,112.34274188059423,14.865265746953003,3176.4822820048857,26.463712631524313
445.0,40208.99453061951,24145.23491340389,116.57847240359395,1804.137009731848,127.08713233339951,19.08789392852271,5090.524445226485,6.065285804973163
446.0,10290.205666339152,38036.7795369959,114.1057644304844,449.2533944427629,131.36059393470325,20.332133800648176,5415.086684314151,20.19513746823648
449.0,37204.98217261005,31676.86624986276,169.07500630994173,943.45188193883,125.6374708508597,20.826239366442024,6087.137929440535,21.41719000579783
450.0,6088.592726671039,22671.926170972412,142.40755035137704,500.1787928822075,137.39183099739896,19.837395598094297,5202.673279563425,26.989427236553652
451.0,3724.625159142987,23623.407891600396,141.54910884159486,1812.375101960328,147.563304251981,25.221255191624042,6568.035110242412,10.027994944303355
451.0,5223.250660389988,22490.189348781463,158.3693687750872,760.7228739956234,140.46536385079622,16.236536606321103,3513.252926878799,18.80399979302807
454.0,31600.243556744008,11492.38376868719,167.18518242479377,783.4194649935137,129.8922199819651,14.706234531122178,3130.804887523717,18.64752783197007
454.0,36026.2931954435,32765.516639000318,161.117743017055,839.9559235436841,121.25049124131081,18.953149120285484,4942.457807303898,20.13475292713756
455.0,11867.361348871433,35275.823237392266,173.90841820887132,1132.203680713223,125.46697462850534,12.912496059753575,2305.2031864152345,13.174321306908828
455.0,13253.682715389808,38935.683681887705,210.53856090564824,1352.1471514543468,111.04627929450142,16.8828509215599,3486.26547143254,19.278036678204924
456.0,26898.72632403705,6162.02900408533,176.22316689334602,750.8519024116553,149.15510047958395,14.587218872626071,2568.65059048973,21.151328345653795
465.0,949.1934986933131,40150.48585524358,176.33243480702149,816.5641923760473,116.9364951258092,17.884945304819183,4610.180621538582,23.23377439339146
466.0,5715.284487604014,21547.769828887518,124.5467927961965,3858.0375756430712,162.92970874315583,30.383547401375527,7185.188280335311,4.839784629892634
468.0,7968.552305697766,38897.42334695445,106.03632484474376,1198.6839229792563,140.0151062258158,15.879192435747507,3542.8334178049804,6.524788778019188
469.0,12816.970300125042,36897.83045304867,177.82489418822237,701.4355772035314,124.51196740615705,18.516282186002062,4875.807271623949,28.03338213773539
469.0,15725.37365998647,38564.78173813049,113.25178604763342,482.164398873591,129.99838095656597,16.37616149204535,3816.5949708389503,15.691471924134069
470.0,22598.856248020656,9385.722578533669,159.88236185136418,1127.481229869786,163.16235790106182,29.343466151600282,8485.335150644594,22.07288112908208
470.0,23256.864186797757,9374.545057995698,295.98789145395443,2183.1617443198397,131.8198460744213,19.481977307428025,4068.001148482631,26.245926712439733
471.0,23094.760149225724,2364.2897416491,168.77600428689578,2552.702449740406,175.3508670336272,37.43984627315314,12596.172103740948,14.023755890309737
471.0,23269.91372851984,2849.9837720806404,408.5030233999803,6600.245620308721,120.7643033367977,24.419946701263743,5582.7211583805465,20.732767515958518
472.0,21577.675593759577,4417.799228943942,155.7131582641165,1378.7350047594903,165.97089533443557,22.58139914900618,5479.510216332747,13.90966990702874
472.0,22284.978671263016,2514.5815953824344,192.94229053326904,1692.944033709402,179.06554860350852,32.82745527487623,9459.158572974686,23.732694235792753
472.0,22691.078143972016,3407.8285348067334,181.5830758878259,3263.059768955462,192.10920359105108,25.874985212328138,5623.019163485284,9.424210812121627
472.0,33535.33241238608,27817.93893850925,138.0442176126839,596.7426393037478,117.81263424097084,15.8938846091699,3643.5005077841865,17.98596165183132
473.0,33528.278670349915,27781.967835019102,121.59334768680445,4209.617238276397,145.0904379100448,28.258542930202985,8651.028065170764,4.161424239156162
474.0,1631.4646384125595,18073.33397305818,152.01927941142955,574.0985095912208,130.3957581651277,17.494136221834427,4432.837814158892,24.024660298032774
474.0,1781.6659886031794,15956.022917812814,201.9236499857164,1898.1609455518098,131.85988406869072,17.404436872687924,3660.650069829255,13.52838839505612
474.0,2572.027966355486,18283.166336156068,246.1139860725231,1467.994088767894,126.36018483654419,20.80510549634106,5264.805517942061,28.57593784413806
474.0,33264.69217262202,28400.335956297593,111.80022812995608,649.9880504677549,123.61986133825681,15.705009134808728,4011.259874338498,11.505438631960631
476.0,34975.42478876211,39494.051885751396,123.20482772311647,2540.774331255779,130.37683209913448,22.280418228440062,4689.301759369812,5.512927379990852
477.0,34969.17999104328,39462.70112386569,101.37143438161229,940.2621451881444,116.98508885287737,17.808846559041413,4546.62618770834,7.8586771057231575
478.0,22508.86677337064,26742.29469992758,147.56811869715833,1576.6937001717986,132.7831569784616,17.353708350999028,3694.323170137244,9.27729137343636
479.0,30953.786687885233,5390.210318381303,222.78187261782057,1010.8170626894499,121.19222387859048,16.727639346469193,4124.589997965972,27.76553770195253
480.0,12924.99605154854,39384.96398898579,234.7812707910856,1244.7069547982728,134.04225152321706,20.86222489416288,5295.59847776665,30.64034523976395
480.0,25694.535632142648,34914.53211931268,135.21478138475854,644.0338144395515,135.07915618401537,19.90878003509505,5057.940987967551,19.431916394769633
480.0,34124.64786497593,2510.438989268269,221.75666643047302,1268.2542685862354,124.02477470985565,22.244564849577344,5851.572574728331,28.614581920931215
481.0,26082.713281468674,38584.83235516602,115.13206431216094,1575.7083574323685,123.50649233555329,17.35874031271694,3995.1115434229887,6.273810775810688
482.0,12232.779111785952,31416.282936104057,163.608586081189,4524.475998444573,163.41598386352823,41.93924561281915,12055.711698610194,8.573291828344214
482.0,26086.012987511807,38598.50191141112,136.05436948524107,668.3235662106036,114.54682079013325,15.737237651102223,3698.2158929534435,15.729716311101843
483.0,8983.845143556426,28593.689512102024,119.81892251070342,438.7103131686715,129.50617612710576,18.750659665118942,4962.437534106663,21.084480233054915
483.0,12343.422048278357,19796.5709652755,184.3305273303454,1838.1183606513275,146.111590196689,20.522813040575596,4284.612670092947,13.460703549790892
483.0,23155.44684573749,36149.90023448306,127.63881928522743,1384.4570011156663,135.50107826914356,20.592439617383008,5456.223245505711,9.13414963992248
484.0,9317.752965198739,19023.58928609208,212.19476086432167,2947.0731404148237,155.92527072315247,25.683068498984966,5554.454796363077,13.577329100487447
484.0,12676.454676298703,21505.470994515428,135.75995173627254,1177.3357931520686,158.61453716857912,22.647906745484686,5489.597079501238,12.572331164691091
485.0,8313.253440090422,22477.71850393474,204.10905034679956,1189.0631837032909,133.91979406959538,18.74184251701483,4175.194378358062,22.37188060142274
485.0,9921.060531312403,20308.42947649512,135.548653753991,593.6856581842885,141.74151831482823,18.941738647133484,5165.51801252777,20.17603587428335
487.0,13934.166390086659,10896.392796069522,129.17039618648332,2120.003807568721,162.14496882917425,18.066481469059728,3444.8264133717576,6.069031153277241
490.0,27684.41991665147,1788.5905054126522,165.05689790611586,884.796650372007,142.48613825127165,15.101636587843174,2620.640597955329,16.70074944911618
490.0,32485.74352082454,919.0891780316067,190.75742416211557,912.7163182430295,128.74394676033816,16.347205320930833,3499.832138153505,22.45687829883816
494.0,14238.873485389186,28600.22860359537,251.51992480893108,1235.3167218322603,146.97483307118867,20.855638879264543,4781.208146268347,35.18750923127238
500.0,9468.918694738242,8598.593822916719,261.8361770384107,2146.7521602212773,144.59922015750877,22.52118803587285,4998.1884942464685,24.064770917569316
500.0,10471.242473049071,8346.218973523275,128.61618669752363,2920.7693603780685,184.14272460834647,22.439517643044233,4362.783588369101,5.301452369594084
500.0,16391.018366586024,8292.18445138332,132.34046419621868,829.7479237206741,154.42003524388954,18.053328709516915,3790.9727025961492,13.751780004599762
500.0,20078.893817534048,8271.540067233796,136.53070137054783,712.8089323027598,162.53713848621075,46.86506694101206,13327.745341656857,39.35049372089317
500.0,20630.07424361743,7838.451191216719,105.2244643574352,1015.4983673687215,171.96707007122254,28.47011917909528,7777.842116844127,10.939549982740607
501.0,9246.519128857923,8223.431340906069,197.9640404536384,2186.7652963874893,196.8456384920932,47.26415074166047,16015.776193992304,27.387404876175726
501.0,18373.381250583778,8866.320281083708,162.4609183270456,982.2007494423553,150.5664777795602,16.621132518686487,3349.863521252741,15.943855606212956
501.0,23375.374155474954,6804.033869005633,206.27709136815187,993.7412545075035,140.73215212695388,20.689952402400085,5105.5473717568375,29.461588976114566
502.0,10094.574918758846,14973.238236733845,155.36249907626836,705.0216080819039,144.17971670126968,11.791966715603245,1820.6230692711854,15.280454009319083
502.0,11326.788450567949,15713.049596867146,164.27649599001006,1641.5423262713925,154.10632211143175,17.03115766362658,3401.916158037106,10.587633382685786
502.0,18076.19168151924,10480.514388269532,166.74542476763293,871.8097054123898,142.99107190840132,15.675972712565036,2827.1639648508153,17.739182143313638
503.0,8374.160327190255,13419.145336134272,124.79413701738261,621.8869766411392,156.19936962645426,21.5387533243332,5708.455035259983,18.512177630772346
503.0,8608.6544553809,14394.574229343418,156.16671047537778,1721.5833562129703,165.01359862250385,24.539106238321562,5741.381262450064,12.234721986934563
503.0,10126.42604014875,14599.029919992527,262.76916768588404,5009.558087061591,155.73048837774826,37.47153427816236,9831.188944874248,17.122234798581463
503.0,10129.879413431745,14784.8132664266,291.03608572840346,3996.3989866187585,157.30624310495722,46.18788390281771,16314.762635550593,31.553223694805684
504.0,9641.974034628178,11274.190137130003,165.54648520366447,2525.947336416133,168.7493556643929,28.579946399373377,6807.504885207641,10.868326978953657
504.0,10664.748304009001,13564.737171681487,147.22386879043665,748.988389842598,153.04529807613972,19.569463705991854,4609.609430848124,19.481418209820347
504.0,11429.714667925191,13676.866180061555,171.5944590928074,1336.5803570851988,151.82916995794415,23.465422763801804,5955.7987342244005,17.643564385657978
508.0,18600.71526599434,16026.540468410365,130.0845804027992,1780.3277236088252,135.42756485521375,21.632461353119783,5309.55074613277,7.8881856212291295
511.0,39500.63134710078,30056.506726048734,161.90326281128586,698.2341321416634,121.9312632838011,20.66120345689872,5919.097039375285,26.003932970708735
512.0,34565.12682650849,34489.12795807097,120.0896126166208,502.14436167195294,114.24432414564222,15.857989590420628,4273.621460629589,16.365930341421386
512.0,38250.81704927842,29380.77046394516,130.02794882696563,1829.5282568435132,129.03743519178977,22.407683810990314,6169.03084907219,7.89072073913095
513.0,37281.48637573626,30847.384367138944,156.75478520670038,847.5428568797864,115.81623853501368,16.199064660654543,3485.9689975567157,16.725521347119354
514.0,38870.752919036626,23976.712901717452,130.31065774567588,1920.2876456784231,125.66900937966902,18.975011741531183,4761.662600593033,6.839039995740131
524.0,5179.0846465893055,27056.967896110113,161.42875763633361,630.2535631866349,129.31576651889898,15.583928350098661,3472.8856210426993,22.33365894561357
525.0,5406.13217443579,23048.66747299252,160.1383684312845,892.1507257976643,139.93999116086778,19.953378717624993,5156.584671857484,19.669193056017132
538.0,9150.972295818912,37473.03188037256,235.93812200921434,1199.8264738629941,122.69164472437558,24.123774338540816,6837.394089063323,36.60461900778273
538.0,17415.146531496663,9864.927351271612,195.83280342106838,822.3804843540175,157.16733754156616,18.553279873180593,4012.561759450632,28.98305824664457
539.0,12558.797310592814,5645.511023110614,149.83752851188643,1647.630746593091,160.45772759013127,25.94954074376478,6685.867199552509,12.362461454651788
539.0,17202.218146949148,7044.5271250569285,144.54723198221404,646.0807659953238,150.63568418131828,17.32158395185765,3746.1281099472394,19.49078452876665
540.0,11878.752384876458,6360.841232566803,222.64600570581305,2477.805938821382,167.4174853497004,31.609341847149203,8766.492475224455,20.938515710586696
540.0,13489.686783735557,957.0874304736255,335.9685693876175,3048.571326979033,130.69546209935902,26.247752303866147,7123.205342294192,31.838166515109442
540.0,14406.338809656349,1437.4099288815437,137.4837212034648,656.1532958606867,157.1062285230547,19.2725327792555,4429.429137568229,19.16363896941482
541.0,17706.13231379881,34477.76839569437,471.96517258796075,7678.357116539304,95.21617592191596,28.243046532728474,8028.517679696567,26.938316506191484
541.0,18125.008502523335,34336.47175862989,332.0695278981319,3238.3190634433854,139.30882605178735,28.55708582640647,8265.105302653545,31.761648256206232
545.0,2786.1361939293834,21405.608314928773,142.56837072889974,1121.5327310609268,148.00593727226678,27.313353632089044,8330.047593926423,16.784446697017437
546.0,5775.325291419625,23044.914486133403,240.0034578771725,1378.99489083163,131.2637604613801,18.579376079150663,4320.294159005067,26.15012296176735
546.0,13090.914943036027,19792.16100289205,157.3081209588862,1183.6893131709392,145.36212560467794,18.46033220834456,4187.0625044259605,13.844011719276034
547.0,3672.359086615589,25543.704164173643,162.20024281587155,1667.3187711653804,135.336418497299,20.02656380486325,4802.949657086037,11.49321584945573
547.0,4421.521787351962,27136.08584732089,141.0645913676984,903.746172892416,123.72557113549466,13.433543380330322,2608.04226004934,11.547536967743568
547.0,5158.879322894652,28027.5388509103,355.06783875851295,3346.087660280419,109.12338866173219,21.317787004415166,5810.4834213588965,26.783264532614183
548.0,2826.7516595137877,29372.33814731268,128.66215978542633,1286.976362518832,142.3870007970622,34.02437528301426,10255.864497211867,14.757086694493033
548.0,3020.9889745647906,28768.297551892127,130.44901313589327,949.6912258400823,142.20089489002302,24.955229773193018,7199.1739356598255,15.389366131385923
553.0,5605.34504899395,20296.862891755947,172.10779833099932,1731.0195820230113,143.56731528519248,19.001872841029666,3937.035937142813,11.855342331906703
554.0,7240.804965484755,21250.29644580418,134.6982646191758,1653.0569706984543,139.46380353850606,17.40419597429818,3616.381556598737,7.713792858929098
556.0,3158.7310577551148,16104.084176836292,149.02351788456235,1368.666410088218,147.52707147827482,25.59938526593985,7355.176037014862,14.335857817045039
556.0,4029.9168188202825,14561.438810172347,224.19185829400976,1045.3364308907755,139.21430838368363,20.168925652572867,5107.677985997359,32.14199646642953
556.0,6412.905591640803,20384.9962878832,112.7817089220395,550.0391386026959,133.91767961384252,14.160354485313487,2958.670667269822,12.517244724514837
557.0,7186.44768827338,20771.70207179058,203.95649407629307,1787.575986099551,128.3875535612575,24.307811309334763,5955.638547473391,19.126323484819313
560.0,8382.935391563133,27636.653753152907,162.38921504918318,644.3001357522642,131.58035013570108,15.847658009972102,3392.9735132446344,22.435893212154003
560.0,9260.350954048421,26076.848723694355,151.57115132797557,656.6039692864674,125.52686468164427,15.152542590619827,3276.25620294614,18.778126723470997
560.0,14608.786867279745,27353.773589694123,149.23464853222478,2002.030698655719,150.0659678685404,28.749523117198724,8135.898673091093,11.179566307023084
561.0,8274.82939624094,29118.178463505017,317.50644184481024,2073.896048913916,129.31058589794992,25.66837605489058,7301.055581231889,40.56975442591434
561.0,8371.439744995876,29304.617507459912,381.48900997824643,3573.06768042548,109.69420677236432,24.93702401123238,6164.825972478418,33.28148233253579
561.0,9733.808994884206,26204.348964647175,161.9680879295868,788.9406122773103,138.44887449762686,22.118434305630355,6274.143681299063,24.635904037226855
561.0,10306.5738145672,25886.958026484244,156.2956437662946,587.2444257159846,139.30994239007018,27.775565015776714,8676.335341860573,37.602357842724956
562.0,15083.899209117584,32923.47823183993,183.35616905028155,860.7508413286973,130.01101770240743,15.066097237114104,3108.2196525503437,20.611029256222793
566.0,26682.427769567075,32641.9377596924,107.55909809852027,439.5121202608433,132.6037976421135,18.414486752028484,4534.9941587575695,17.058870920023868
570.0,10161.92919945941,16866.085097347637,125.81685512822904,2646.516008182393,175.7983650410572,28.244891262539948,7485.040283964936,6.413546623432692
571.0,23419.0583316775,37547.125785786026,139.10574447991726,548.4535942164621,115.70116836022454,14.734039422535641,3273.797450256487,18.521786448026173
574.0,1163.3679456151713,1437.2271295453736,171.8165958059665,674.6294454015738,129.25180534610908,14.964537171129525,3180.9164534937913,22.73603497195174
574.0,6625.361456001852,19371.629684058513,199.9987564050556,1022.9675699680363,135.0397834687643,17.02738301094487,3775.998802764572,22.824239437458356
574.0,6748.327211285824,20284.503160070803,133.66556921566183,657.0188442420169,143.55878025079045,14.880326027481235,3022.8841729724804,14.844866364512201
575.0,6446.3098001782455,20430.498491444872,102.64594762811855,408.80538795900327,140.55395172963514,13.458023304728977,2471.248279049565,13.277902670159808
575.0,21430.308641587442,2787.5220354976223,151.754641189799,613.1183395688246,151.64862369294332,17.442066091711347,3835.028225578724,22.477916465767866
577.0,33825.1863297491,3087.209202369064,207.425426034251,1389.1203556026421,129.80481269354496,17.86886219587474,3694.2389970047884,19.182726019929987
583.0,1263.4410269284058,8126.225699896246,233.02738038618728,1505.3458838995987,137.4759296797223,16.27633992893514,3311.7759617683605,20.402081136215827
583.0,2452.840631883608,9903.421422114967,148.96636201997174,574.9859348725439,139.48617200500885,20.6251553786125,5384.181593351999,26.660117314495388
584.0,2038.85432534084,11836.127298137631,132.50621353079632,1066.6978142225996,138.9701032189589,19.04838327427254,4509.381331958897,11.516259898111192
584.0,2825.332904099426,13221.715323292603,183.19778333661583,1465.3887277377976,138.69864409995677,15.481213557861285,2764.604659227922,13.123275681684069
587.0,4587.462755480604,29131.381515131045,144.93444398392535,523.7697256106659,125.88381275114891,14.29655636163161,3075.079524403024,20.27454635883357
591.0,5713.313409405314,19916.238354099078,162.2031362106021,7907.34263354577,173.35628844128908,52.47361784042005,17108.935786164195,6.101247015405132
592.0,5719.210964292535,19902.689732019106,129.30882896994308,680.7841555908763,127.80523284823069,15.737884171672594,3850.58625724545,14.168727279810936
595.0,7104.342030983288,1343.4717349056464,298.10395554144094,2150.123484097689,135.05990209894875,18.27805717770353,3886.3908154636197,25.514495544326167
595.0,7408.645403981055,3015.550710296808,198.69723050985252,843.8861689735127,143.40699366959683,14.569665074677166,2608.1382810960986,23.621199646643014
596.0,5819.089939042787,3874.445057706378,158.38034718042525,587.285487536124,147.87715332307394,15.753711534631568,3139.6347999455634,23.218985006203095
598.0,19179.309043944555,28221.523925745292,163.50737098931597,764.4908433015388,142.2830386566353,18.722895317121715,4932.4695711971635,22.33562426673985
601.0,27933.409908138816,648.0757232821336,216.1110614369133,1149.724817564663,141.76075473362872,13.68058272479292,2241.4906866424667,19.751001056148603
611.0,24952.602950581586,34034.407309306895,123.9940413240205,1697.0960399074215,142.41682310883706,18.968463266535515,4233.715249281721,6.979702146890516
612.0,26370.226544515714,29573.658742827127,158.89300364465078,563.5577537536593,136.54382098518292,15.71780724849309,3383.3552394241547,24.212632648363233
614.0,22502.747388961696,39024.84470610886,138.3363958610039,581.5851992893209,130.71263733002155,17.234062849432625,4721.804014357798,19.726383367706212
614.0,22930.048193155486,37460.383998329795,131.4128702273004,1320.389520945095,128.06391248269213,16.2159558199157,3594.2375505604587,8.512994296459606
615.0,4535.095836139224,20028.026282914012,220.32733117442254,966.3498162069735,128.3708829693435,16.729300784800216,3771.719848430821,28.36830021853928
616.0,15188.921618582615,24698.747681251698,181.05764949412,1061.5237914399493,159.21363214764173,22.570892600157805,5817.763028894397,23.382747768735694
621.0,9244.003328372499,759.4161804272935,168.99406986758922,806.72563638125,147.63077848409046,20.063656062158564,4850.05667836458,23.978056302949327
636.0,14763.679221590966,22912.76872511012,253.18071064975362,3368.3678606985536,138.7550083213271,24.795150185964673,4950.645585322464,16.125354046367697
637.0,10358.855914630989,18796.645450888787,191.15449400241963,2622.897189197797,150.92477333007943,25.979907715187252,6608.945829350977,12.605203515955388
637.0,14147.168525267502,22082.204922499404,188.20453260824385,900.0172507873064,141.21690093514476,15.186331817231716,3038.0870812521093,20.884643145052895
637.0,14687.501925915138,23118.79449067354,227.93657423907058,2258.242566072721,159.05685551603463,33.040590857266174,9695.451189812127,24.92793157828738
638.0,10117.934628056059,20557.54819058292,259.3221035958057,1919.5486237319992,136.08179764187102,23.059818243260025,6084.562520047733,26.832323138047286
638.0,10764.894061961266,20261.54452824524,113.74726894402684,714.9341570053344,170.3265117794335,19.698162280453392,4426.717367146163,12.863827389280097
638.0,11478.502497979945,20798.58794252357,344.1707191298516,2411.276994824918,131.62874560812386,18.42536192379592,4042.633537797791,30.225831335891506
639.0,40074.03555226242,38253.33118868313,198.85624092751792,1544.2760219084257,103.196268771172,19.08216179326402,5186.9462763072115,17.02755909984846
642.0,25740.17433614548,4727.488397823219,338.84884144449177,4288.540482022996,137.23705646827528,30.59116548247888,8270.391371985303,26.849770585594065
642.0,26232.498721018204,4681.360640694257,133.23175608378412,3555.7445088812465,187.09883542935088,41.5621994604361,13968.165321148925,7.305727605033107
643.0,26359.889906246273,3697.982319022086,158.7847637601561,7946.9289785445435,194.07264972653638,67.79054542504578,24678.515312610973,7.252296457390764
644.0,26363.17075217262,3692.281130892149,145.42381740313732,7055.38246790629,176.90318762549265,51.816305563479865,15869.653162337872,5.502286675679107
644.0,34015.74396118433,30882.64072563329,129.69904707006526,796.0895707731357,117.1679573066038,13.487784147077166,2897.9080581600288,11.209770787860675
645.0,31244.869829349635,33106.317825449085,173.20009133325863,1457.000503927603,120.27709857313808,25.98361451608632,9734.84123663061,18.08721506675704
645.0,36695.90259570753,37433.18943126761,170.00365370872976,681.4223736604955,113.642618739214,15.83198355926538,3740.069247060743,23.15521561661768
646.0,2972.758783942075,39982.239037169544,147.71297462916675,668.773743268804,120.37961346960567,15.224690502818476,3794.1556022523714,17.710995588093922
646.0,36413.87262130626,38581.94728097153,128.30793374444434,740.8623078773112,111.2126613289282,14.328988417987517,3696.35054360442,12.168642128733083
647.0,21655.653011256647,37829.093123003084,146.55368253645074,1247.1816498541448,123.78669179817769,17.139555054002535,4141.9115073603425,11.078920043011205
652.0,33723.03786090197,35838.7913721986,147.63317399743082,1532.6664156068364,115.10557801544732,17.159163453734944,4469.18994379057,9.434511826559733
653.0,33730.899513326585,35848.53804795385,121.55709899793169,3108.7887028694736,130.8346534725711,18.733324669983265,4398.100213421556,4.2503303832908825
656.0,18060.779362585705,14978.113762411358,135.98913325920662,532.7132018503281,139.23729890745602,15.178380442802203,3324.27693421538,18.692121206756614
666.0,7159.90604214965,19894.355164832177,150.8924342522287,973.200079154668,148.47548292460613,21.301969762260114,5117.474413689688,17.200949531634535
667.0,7057.467880793235,26836.610633676115,229.31180511065273,1439.9083885341595,129.10546217844245,26.265759446614148,7549.508061350151,31.450988926865847
667.0,8623.674749086536,27217.10677843722,137.8256000045103,1330.2946115531086,142.44759620978803,18.64936650104378,4601.792202907424,10.032147983765363
667.0,26200.000363090778,37193.13407497806,154.39500908840782,1045.734111346883,127.62652140334924,18.111679064365926,4189.000151330013,14.732951738014663
667.0,27636.50503550765,36516.052372014725,138.393961448106,498.04541868093736,123.4467869730161,17.606023661742498,4753.077002353808,23.17030510938195
668.0,7463.023641947895,23721.05448321645,146.28261624774998,2668.251134503447,143.0765591858714,26.14063625321322,6497.951621013761,7.779481168854963
669.0,7449.905988350422,23723.49268386003,132.79839081827197,3790.819089622619,153.16002019277184,30.293835909539,8481.280226642792,5.441059043696916
670.0,7432.827096736058,23708.662088660258,138.68634823630094,3234.7307125999437,154.1593657123806,25.30014725502768,6583.236380753747,5.919606538868616
671.0,12087.846756421168,29373.267514372492,275.24353048798866,2253.102750113354,134.98843317397638,19.433064086033717,4325.797197270448,22.195530656425912
671.0,13256.644826513455,28208.352598945254,159.61068035434727,1335.9910290219411,161.1024536215726,20.897688311655813,4466.868453352084,14.056249546112001
681.0,30417.398748780055,39890.59735539193,147.46036087617148,932.7816479684556,110.51610429473939,17.29012423154536,4739.951354652169,14.504672010799473
692.0,12512.083219775093,5825.833546834142,127.28171090858176,514.0861083001972,139.6125790716592,16.97609390187978,3797.760474997521,18.752210235543775
695.0,3424.395985355363,37091.44748162907,119.6330090717428,503.6005059136072,129.95465231005613,15.420170704582917,3475.418760184832,15.872750626766305
695.0,15172.163071136976,5552.0963374366165,144.39666085672792,606.8172026277919,137.69720443102977,15.331653761030873,3202.2484664503913,18.656972727738495
697.0,36022.00212736935,38370.73897570071,150.48081304912895,720.7740012283414,109.20905612053147,11.894206041057345,2433.4145298191024,14.302927130096032
698.0,13803.96810028029,11397.759501880419,144.728663796058,698.550313224202,170.51844884770094,17.11350490653628,3234.4650897789306,18.021455922263176
703.0,14226.661505297832,12871.868051882117,333.58813652278985,2708.324763765376,150.37433366204596,21.335961666427483,4481.9102927832155,29.10302186937756
703.0,14295.992500521317,12831.99885468031,580.394217513925,11554.35272477596,100.49008600856375,24.131803409071974,5621.020523008046,23.464013122411924
703.0,22877.635704479944,21517.297801175224,140.31532494995918,545.871393569659,133.37793525329326,16.320199233970342,3838.029561207041,20.504952191503445
704.0,9956.484218768926,30169.395192909873,163.92863984674227,617.9644905071428,127.9321378685215,14.354463125952629,2913.2416405556337,21.857215753380906
704.0,11093.02357625682,11675.894221703307,209.9131351475347,1264.9111316911296,146.5512307283921,17.6770648626601,3752.3513440122542,21.173189716440124
704.0,12956.470363648183,12873.075751177463,443.8732334240635,6732.704933301505,115.0525045290429,25.40204168714236,6248.225220710334,24.661266026808725
704.0,12981.812512699502,13495.53994700617,205.76835289306462,1624.218708493677,167.36830109011987,23.34495420025104,4840.493662160697,20.533166992271884
704.0,13676.326037362578,11279.272146611918,249.89748740806544,2089.7365803970893,149.404047449702,20.30266676347935,4384.375720050129,20.657216989337677
705.0,5116.272967850297,28360.748706249695,211.0858969919875,1071.8151509717616,124.03095710116457,17.711475485383087,4180.814677456899,24.981267767191877
705.0,8634.962410125087,12670.442930618188,174.8597657384514,951.8033618096948,146.69170609956728,19.761955500179354,4467.6591299680795,21.61288605603112
705.0,9013.036358098785,13864.592130282384,180.35255606530234,1132.8258279833456,153.62933467312902,17.75750425602939,3413.8389646414685,17.82508467416509
705.0,12921.954275288354,6301.520701273573,204.5947555446937,1215.695098877026,145.71313182648302,14.550688470581916,2596.289734060937,17.892399728962502
706.0,3139.4813051978545,29596.344882740228,171.852200086843,701.8024846126938,119.30028277293339,17.890625362333317,4721.410482811378,25.507979767046123
706.0,4070.419318258282,27157.00669110426,144.5857754165976,709.8463705554785,137.60540244938463,22.812690083974548,6565.5060077022135,22.596121642379007
707.0,25391.890663035167,34843.64395184567,148.82903787431889,4224.184159789561,157.34609098526295,46.553735910243205,12734.899231570658,8.380133685724735
708.0,25074.52988202816,35382.42850157494,185.4687569467202,1672.7054779946875,166.8580761579582,40.931360822297535,12621.437524172568,27.32692489619307
708.0,25203.613459072094,35091.147447012474,391.2719458750673,6391.849954694421,99.55531497812626,45.97785160569959,16825.91857972464,35.409551382962995
709.0,30864.61869067239,21452.608074529704,162.1344972876774,671.0102956682742,127.60499411143365,13.790067282197304,2617.471335969579,19.278002763909637
709.0,33579.587512352235,21679.030333294817,223.18615014225216,1077.223109799679,124.71371514454438,16.259368541956547,3670.3270127564656,25.620397914880808
709.0,36800.40850578799,4543.986616138297,140.84230851433279,687.880736104346,129.64952155911604,17.390390082331553,4288.6495659213115,17.62823379365361
710.0,31729.394611135554,22029.993856272107,132.45832056667524,1680.2647701428057,139.4764036920572,23.28566942957906,5697.184733355134,8.995087106364396
710.0,32336.819860003994,22571.628064800196,110.40441240504397,1049.7357170937344,139.45774291169857,22.793846981829855,6369.394700039698,9.74019718127703
711.0,30154.191338131168,39940.62035741468,133.33867854658803,634.0654129808448,109.55737830429679,12.541779241740354,2714.6417191214045,13.50371524552256
711.0,31996.044548059155,22466.173984373432,181.29062134340677,1594.7909859638849,136.28885742438297,24.052330542252896,6408.770637723249,16.9351365796807
731.0,37594.492755505955,3086.4785114815645,162.09930643246017,630.5930341364589,116.4424427758716,14.114931546314832,3274.02955036265,20.75034358171424
736.0,13588.525996007425,37000.14913986166,163.2658533102954,632.8077771550138,129.23039761030083,17.71940858571025,4077.068732255217,25.326113795869347
736.0,13893.760765319317,38235.50308535412,177.18620917688085,661.5338914367662,121.80650773810038,16.392506186086717,3780.5081947130843,26.4529994242131
736.0,14308.79469050054,35711.66854042656,114.08354464368978,627.4664742194853,125.30938018301255,15.06205201104421,3187.4419604092973,11.911180585732165
737.0,17719.984807637673,32470.904981676875,120.33992557838994,769.0440244086416,141.1922020328598,19.55838855144054,4765.036767187467,13.238208875213154
738.0,21620.70663887975,33537.5245059371,148.0362668022772,758.8130747461439,124.17764331504283,14.738327176574467,3133.276269458524,15.512893622789841
739.0,3336.30462895887,34562.45163931842,151.8406727928636,996.7363347611822,122.82946934887175,18.070405684711336,4239.884256658588,14.901852628714524
743.0,26083.237018849344,36714.0179903362,315.49903447088127,2280.7103902273743,117.25547381031438,19.129045982659242,4776.105602518655,27.948767169565233
744.0,26170.859603739205,35433.05420474637,311.43004261944554,2798.1163959139135,100.95119582107559,15.080909478690696,3172.241092622764,18.485888497073713
745.0,15602.141612464175,35392.722697951176,323.0019154277113,2176.02214670606,115.37223980442025,19.74742832982784,4926.01796958642,31.43292503018863
746.0,4882.136925656568,12084.62217480061,129.21492042899004,2777.8451600346493,149.88342162271306,26.291189661428128,6658.329121527014,6.132311934794785
746.0,12200.41187286488,32573.654531558986,130.6902873481188,977.0324739759824,134.2781345948547,15.799937228158447,3362.0446504287265,10.628334986324953
747.0,30944.174530486926,33861.7322855892,133.81052923076095,1187.4788091339797,129.16956745484205,17.43766019527843,4196.856879343855,10.032873038329965
747.0,31335.76827541603,34984.81163844702,117.06423664045785,527.1649393300601,131.39804803516145,14.355833479008552,2851.748297245089,13.944249642393201
748.0,35958.88281211234,38362.60265082259,123.50757553224396,2246.1639081083626,120.87638699143842,20.463824446591268,4911.662927074316,5.8069550976165845
748.0,37586.37173293734,39473.58634917731,125.97298717610262,625.5658061660275,106.55889180384011,13.776807408376394,3392.977740729013,13.248690026612389
749.0,35962.661897201164,38365.33483982873,126.2150933869766,1327.6024398264115,112.17597483911521,16.75103459344007,3940.948577422485,8.108606612962213
750.0,20192.189747471202,21990.524329303596,354.7895162534627,3014.576398664082,120.40041682161967,17.54707523831026,3479.8585501805605,24.85751219448825
750.0,20413.851757998626,21044.87472489548,256.57001469801634,1885.1313648393923,125.95194931181237,23.565886777116337,5904.0492042351025,27.2795075915917
752.0,13782.802705048134,13764.43642805427,115.95199202193223,552.9963491246082,154.65643548294284,20.61257233102412,5118.2565937137115,17.381371814237838
752.0,14683.956159365287,14686.525200349139,163.4618522244329,1065.3761162641317,171.16175591985578,37.36152602434581,11112.01028802619,30.414105348410274
752.0,15009.250369182226,14159.222425190277,131.0107289695937,968.2464084849576,166.03018221780687,27.97287571787324,7987.520142107895,16.794971091768332
753.0,13759.801600568391,13438.117140152399,168.0804690086869,3625.7683326284155,161.05100999469389,37.561444990171495,9093.60339971967,10.06565254001365
754.0,13835.784228081795,13399.993588301188,135.15545502586758,4542.384866704273,172.39770090094856,33.01573648524862,9231.286081958937,5.102112115131495
755.0,10215.552658938352,19211.513201475063,162.43377451841778,696.2243820274849,138.19462085462575,15.73226570426083,3289.0270461734303,20.789278242044325
755.0,13957.386408196595,13662.387201145239,469.56982906528185,7463.69428547159,133.77122943497974,29.92934669899092,7989.636927573457,28.92348165306786
755.0,14049.122780435468,14216.109800093758,241.62700627224925,3299.233323984254,185.8819504066457,31.322958878090567,8077.1162353227455,18.478948955357243
755.0,14180.38258250265,13600.532603216474,408.6265963607811,6215.254794317166,129.56508601753453,31.01030739815619,8013.9809640801395,27.277566144935893
756.0,9728.779680437208,17277.910569116517,158.60838492931993,623.7119730457343,151.12993760019177,19.06677614077306,4536.527200843627,25.92276971679119
758.0,24914.580614023642,32230.26151463622,128.01334663814555,1058.5216822737534,141.83534903584814,20.324352213115375,5106.293498521234,11.461980724827491
759.0,3565.3088216341826,13041.50272052469,245.50182729995618,1289.534226525563,129.58651016890437,19.377650881929448,4978.735033358534,30.17562031985276
759.0,17848.521407163207,35226.78531007053,200.3480295712797,963.2716552399828,142.56744663994695,24.91981487403859,7181.014702196655,34.02183377289267
759.0,18069.052633508203,34049.42123317756,194.77244781083513,1029.1680195195768,138.65559098027802,20.43703585613942,4869.555538783532,25.29725206667923
759.0,18057.742869503694,36024.284345311746,152.8954681305914,1119.3030630687053,134.14928652557023,23.99069865148636,7294.911720320368,17.124122497125217
759.0,39543.27989038996,23218.185451972648,154.53358139434127,1054.3679360334072,113.17137445474332,16.706653670997134,4082.546074524796,13.770915873539105
760.0,14127.830779120837,38159.13383525326,125.75547307818043,824.1411685087063,121.85516007073313,16.065627930602858,3879.1874789392778,11.636815696850384
761.0,4779.200668111665,9245.167462612666,196.85283831259363,1178.6977927547234,144.18252735506485,17.04711261113723,3790.910478977055,19.488314328023662
761.0,6448.0460211161135,6705.387992456412,171.23988213443687,715.4727668303489,151.21415472894017,14.999821500234477,2789.5516770006707,21.462099458552746
761.0,7292.777257800732,7937.321193565745,172.34163521146118,675.1314558924764,160.66733860628608,14.514415135431042,2466.415869239724,22.2813145728571
761.0,8702.28461955629,6639.614724465355,115.59627461716104,469.64418072195986,155.9409803773154,19.502610299334197,4935.597339711268,19.170140976857876
761.0,9904.015099169348,7181.739810633599,146.5600106399717,729.1334830215332,171.99005126249594,18.86422096363115,3885.1564346456194,19.204984182230184
761.0,10762.580205064558,7366.772161522721,124.9313296644403,1165.3452221239183,159.5105107334575,23.175292270470642,5740.864592480003,11.152305025383551
761.0,13150.228381669789,39239.04052844517,278.17426119697717,1612.4871068515658,113.01498007763492,18.06348514739843,4982.789195528835,29.056658897514712
763.0,4328.956130723094,33120.22563508355,99.33678914811289,433.3027890914005,131.020294065538,17.54950754287993,4389.419087691309,14.463836330513422
763.0,10451.090723918789,17734.574997117477,231.9944700679234,1000.3982629375225,148.65974219772332,21.151670303852914,5049.822111818886,37.3773296671945
764.0,2279.860446381972,3161.6375086214816,307.09972766534975,1925.173349784405,123.10982551208411,16.800343006652017,3581.5498348662713,27.792980333755533
764.0,4419.696546720633,35406.25154052865,128.20003815323722,1748.216496764532,143.6252743052414,25.30699337671518,7494.2798632632375,8.733781740078827
764.0,5484.5184556671275,35561.093610997355,214.78185382045226,899.4780676076368,118.8946139728174,17.57744313377146,4478.8021373688025,30.213102194693295
764.0,12965.980935574142,9652.100263242124,182.89894246633142,928.0759521663476,169.98007297248708,22.362959139900166,5272.674345353009,26.838101514345798
764.0,15335.19790771326,13217.927195689332,141.50281778450696,2161.9993825888564,163.13277983265846,29.85327867547037,7454.445371470624,9.771954169424887
765.0,5468.040904722281,35590.97409287247,127.75516950487581,475.0322721243199,120.18017358568912,16.473761750569224,4249.540307298966,19.79000150751457
766.0,5187.381958914098,36798.31241922051,115.95186974429359,1533.7650604540397,136.76787953646834,19.397798049847314,4644.862666441638,6.902837334515677
779.0,7382.624091332885,15309.90503525421,181.0601790866595,751.9573967987805,137.658255954294,13.736746533915452,2680.348874804091,21.131574927838166
781.0,5184.131276182886,29177.564369999367,177.73980404693611,652.3018623271441,125.0118585427606,12.982478854198659,2570.6785593192644,22.20585610234612
782.0,17560.53827514084,7809.515092974722,158.32448902778248,926.9151660532339,159.57324371811754,20.024450368111154,4814.168360209192,18.651711007638664
789.0,34667.26137217026,3294.2449208103785,152.7995335226401,634.9802306601456,117.1021040510322,14.426429921639118,3035.108378619524,18.88335295862543
790.0,25016.12966846406,16577.860301474786,188.65548843703263,1016.935833525712,163.25507628857198,29.160188238685855,8628.801812683416,33.27895611786596
790.0,28620.205991782557,15266.020172085384,128.83094458527398,3426.402145795153,156.93687794719847,25.501315039174962,6257.739017755612,5.047022570141441
791.0,18609.70861055968,40048.71311290767,134.95781413657127,3186.6007502225016,135.91253133760887,23.32418036831566,6169.306562343618,5.455347831218831
792.0,26823.091698962373,35114.297017691126,153.80214651994845,848.8399602653808,116.5702665448562,13.842260522403734,3141.5952482449425,14.35783754537822
792.0,32123.426738611357,32000.976886702712,125.06931743712116,508.8922852122029,116.6904169860543,15.975110344356594,3996.6257477243003,17.473554330718606
793.0,23551.60708727491,34521.79351281252,180.3152039504125,1266.9114175885782,124.29364779225236,17.87782765468276,4502.239832806725,16.194524484053176
794.0,8971.037400522653,38369.12033646993,107.55140089317412,1724.4271588106378,143.3070019252153,18.055357476394995,3869.5169834423764,5.405556859347369
796.0,11785.613267680828,27846.83700632274,158.15137621620522,704.5616483174274,140.86048225966059,15.394243588238691,3000.399575054605,19.258609683339568
804.0,16877.58396701552,23612.80718297687,148.90630220070705,1557.9649245011783,139.73015110687683,20.006562962002928,5102.639163939885,10.50785518005247
805.0,16777.402598740897,23809.136016050197,131.59443261748842,1294.0713420291618,151.58370850955174,22.846260139485917,5576.4794730946505,11.014163583947768
805.0,17480.88125001928,24473.40234680406,227.3193515110637,1432.3670553687168,139.19786623506087,23.93753878341544,6092.804581840606,28.54827609116714
807.0,10768.238387018671,29681.40709856947,130.62943562417956,1533.9639743550445,142.09311583228524,25.65070958977796,6839.786932294355,10.225679180869943
808.0,8748.280547254135,31625.815293711184,160.23470689422754,733.2518956338392,129.94269827783046,19.258098551766864,5087.87609461437,22.912011383968434
808.0,10731.27627622169,29658.57443082933,142.27390104411523,2134.833752055819,133.633147667031,20.718856633863354,4344.980685914814,7.636528206254826
809.0,31575.00868695979,631.2411008470464,170.6162951190034,682.1627376818317,127.9186042199298,17.916460360365203,4472.387114366845,25.87549560436655
810.0,26582.230315797486,6151.301451433199,190.5421571716868,798.0481022841811,136.7813297403744,14.875378855371057,2800.9323868021816,23.428986134234336
810.0,31486.730122903613,590.3455959263557,135.64025547402662,1595.6341735923527,136.04274442287797,16.565156858200712,3537.6694524429577,7.7877574072439
814.0,639.8270466236405,20900.682805862434,267.40189559818094,2792.681478323616,124.47189733239333,15.943929131543834,2824.537614916509,14.752465498004712
814.0,679.6045340302779,36283.255952568914,127.7061724534255,1574.5929764550838,123.86007570861693,19.03645404796736,4868.011196894446,7.791093312798203
814.0,2888.7636580914113,17955.568899737926,144.18226411276714,1815.4911960245092,130.1977821955254,21.064548347566014,5679.704216787152,9.049813670041102
815.0,12678.353541167926,20472.549582630418,182.15973995942775,709.2928565775641,147.73475563773204,16.95594084186981,3429.8361886116163,26.871245425434157
817.0,3068.943269892885,20140.82480266074,164.98915202044228,727.8605131978114,131.7545571218579,15.93964289659905,3456.835188159545,20.76006257174925
827.0,1392.8742111871793,1177.288831493698,155.07676491269393,3758.9762989119295,168.30854621713917,37.33287870018408,9763.6079001561,8.370665230950285
828.0,6794.029273862876,3945.7546599264974,153.94259153125398,877.9684904697866,145.47764957517953,21.174468708565687,5235.212385169243,19.52263122657041
828.0,8463.994605996244,3533.995618572242,113.6595222235019,1171.8313875865124,194.95180943019804,29.938483396078208,8103.021142215601,11.495158440463836
828.0,9348.003712841566,3296.2770988675234,144.32618023250842,2677.6803497415463,197.28399582898308,32.76582288368384,8993.325022407827,8.996271516318743
829.0,10136.416615577298,3841.345591313825,150.950591179084,842.0132215450203,161.45408068929686,31.153283722787695,9794.367593453258,27.62596840614454
829.0,10171.63315223786,3572.7952105607155,479.2163090064167,5885.582675083987,117.06167621323067,31.245675235015458,8695.639869450462,39.44679849455903
830.0,11228.447871889128,8950.53010400281,149.71450646028464,1122.022502415081,163.46207831179396,19.933011294125247,4242.812703221435,14.123139229039143
831.0,11266.231183945853,9018.1550680626,133.1422373147222,472.50935985722043,151.80563791327032,15.71724503578212,2927.474376391215,20.61904508475053
831.0,15910.461213351735,10186.003752157818,136.16056438232667,580.7289526618754,151.2199614853943,17.437898467532932,3630.376255534449,19.379833735210006
834.0,26189.739933656318,34242.49134225781,147.64489616792724,550.8578729122983,128.42041431183108,17.034346392048157,4049.1435161472,23.123860812551868
834.0,26558.29419286503,37399.198083042036,200.02102216000685,1014.3066218907138,115.59576029234827,15.38912738434778,3615.175764328537,21.148660588480602
834.0,32341.585325732336,13764.333859217786,121.91504634839558,2862.6568272486707,139.70959911097293,21.632433438260144,5236.983959922615,4.864321697583161
835.0,30706.00387982425,11429.634036953365,140.4626586289904,1085.2423465320035,131.27552110310006,19.52404777938079,4966.027894212343,12.78869413158001
836.0,40037.65832002826,15993.82545218616,164.6109062357485,687.6080423690634,115.49500102979167,15.428788585015672,3719.811247565801,21.198636134164037
838.0,30484.461482749477,20320.833304398362,322.59987420638726,2512.7036547687608,106.6559746501833,16.129238692941446,3544.0709772233486,22.963695358739294
841.0,6872.783206944367,31581.750417551924,146.6240647089054,4406.250300349558,153.32885980546496,28.25047416480029,6367.995142143029,5.396674441717088
842.0,6970.948730091163,31227.894822583796,135.84699858453192,1620.4832769105133,138.6319153676316,18.573415294370182,4078.972361801275,8.279733399833956
844.0,29366.35007542195,37615.02840556939,131.41348508910409,868.4397726541262,122.9265614315786,18.522322124780512,4911.862461285774,13.306678158344958
854.0,10228.047878919293,15798.291730914674,192.92301840199602,904.2526212856458,143.60409918489583,16.821785516279142,3454.6305203735656,23.690547461090286
859.0,33528.77838727774,14054.172968431089,337.4412052033173,3211.8783908526634,121.58105036574628,23.97942017501415,6498.173746078592,28.107124853049477
860.0,36170.57628898242,14124.47770136667,162.3010857679001,3658.5698939652375,137.0383914385054,29.83830562779473,8388.730386913641,7.801240050754731
862.0,17477.756930923584,2936.2942742427695,152.42475796381888,569.2067105963741,156.13832606080425,14.239745420964244,2558.729673958582,20.52254708358085
863.0,38902.23546465249,20768.855423153862,224.8550992329444,1158.9771362351319,119.4189083511258,17.88571479405874,4273.940847385288,26.34948564425039
866.0,23954.104560547035,9346.342710437304,245.6220718719363,1518.3256152203369,148.68593623891084,19.10557118431453,4002.1305588847454,25.569356227066017
867.0,23499.00310082416,9621.119045325318,189.0252062032295,10882.501008579562,212.20599597031506,71.7769304506225,18086.135940351724,7.8722689396727095
868.0,23495.455215929647,9621.14709934156,186.01703952013412,10812.136808299492,206.15600973269034,73.24157289004367,17415.774890399985,7.824009965432024
869.0,23500.01511354098,9625.0894878643,185.56790886118927,10514.810343137218,215.96111066829485,74.2514681163046,16576.37794458058,8.095366269150638
870.0,11988.066778962455,25088.672431761795,183.6049497649063,940.3663118831016,143.25455300176873,17.037379763916093,3566.315085689303,21.089911174477017
870.0,23502.529493884977,9631.752510571534,188.35253753919568,10883.591422310901,208.00285179461332,75.37380728950731,20032.13231721215,8.168443314319939
871.0,23497.13451018679,9618.93552509287,185.45045740270237,10629.329397097683,214.16574110605947,73.36945400088644,19077.720460504803,7.917928000589859
872.0,23490.96643095742,9615.200769107289,121.05341355732065,1969.1258765041744,164.3244908094481,20.126757973786457,3726.8991489561095,6.185153782852595
875.0,25471.191569387156,26810.584068673597,260.6087825440059,1407.9935608702137,134.90076693107338,17.77952916754628,3680.72972590393,28.79544600751084
875.0,28197.734879760665,27574.085298272283,171.6800342752947,669.6050631717001,126.6812211105337,15.33346515552242,3589.4202709064543,23.32476128850084
880.0,5947.660071478709,6769.3999444389465,229.9890914087928,2972.82806996497,157.79024661750978,30.032532089330132,7908.6468088289175,17.893124179461108
880.0,6321.42337640599,5896.486185517725,151.73749078421378,907.4704331423914,161.07993030507603,26.375540215900156,6960.104179433597,22.321854820644155
881.0,5735.38019971302,6900.357881896003,179.69356705669338,726.7329917401586,149.05439164425243,21.853831914347104,5388.72088183561,32.0790786971067
881.0,7045.584306350468,7021.144234559095,201.06464744117955,953.4829945836708,156.76993876804053,28.493667641938277,8995.46159750836,39.2170999602092
881.0,8523.915795941799,3368.0672620892256,208.7919270293974,956.8986389395732,150.25972090627047,18.047514931511106,3772.827105220507,27.665316438544913
882.0,2278.401618337227,28852.157755890265,163.15825375261292,804.162666369071,131.85920252724594,12.434092821334913,2132.5897617993883,15.403178747019375
882.0,8859.727415241687,5445.158984097022,105.52825784373668,391.8687474687922,146.30466071329536,15.07581169986333,3043.020441204832,15.64245957196185
883.0,2332.1910426412846,28871.35892480571,192.21406887066001,936.3153728177799,121.39618961038938,14.94775238448159,3342.61858327144,20.664539848719034
884.0,2344.6143177450017,28808.785321756524,171.38370325771095,711.4287557214977,129.961109005033,15.362173265967453,3216.305350442264,22.03288057471782
884.0,8571.554143513176,1986.2665704018575,143.09724878456254,706.2164287392258,140.03986896500086,15.900002458212784,3571.5226061301005,16.500560725791246
884.0,9322.035660857595,904.5706300214243,258.1863509415831,2828.1433986665797,143.13151940698782,28.975219220419692,7434.6535229577685,22.61807335042327
884.0,16435.94572893651,25520.684525865767,181.10050157710913,837.0275047067493,145.47718894331635,18.549845664487677,4062.914712031487,24.618774725606137
884.0,20743.422936303254,21594.457422789645,134.6278287266597,548.3307212672894,143.91077720008565,15.525832412355433,3166.610512178411,18.21468302577945
885.0,2349.702321581113,28850.45718974116,134.7528071948104,714.836026277987,128.2935873827724,19.345860118886154,5894.936553978739,17.141575712224924
885.0,21138.895196035224,22062.477288792554,269.2012455015132,2541.692305591505,146.09940357930876,22.21520406967342,4753.027839280467,21.370595671174694
885.0,22751.12352468301,20241.707290028804,169.35488139015362,822.7498976920831,137.65011061516947,15.858551296082162,3303.697732992548,19.393521699529902
886.0,2351.849761465136,28822.06301689346,173.99851038653733,935.2262095568833,122.90328693547303,14.901940168666389,3223.3076063746994,17.27289762279016
886.0,11567.675434584788,1804.349510558747,154.4078184903316,547.8851477672143,148.6562414221687,15.560387070365072,3163.7189838719455,23.38135872483023
886.0,24381.06063594547,22124.735395118165,453.6298783050397,5847.397284254341,108.42931384681484,19.794352159265774,4147.655381609521,23.519062839923823
887.0,2327.8971534936795,28866.689371890625,158.3708334186067,738.0509673577632,123.07134078448786,14.842698453406259,3203.995656920942,17.99306302715787
887.0,20793.197691433757,8689.06310883574,167.0086687326189,1018.3319134391712,143.59336384566114,18.271057987115153,4323.104769328236,17.48771885859834
887.0,21741.66199118673,9073.873250904297,143.04784710780118,677.472827343695,147.25664029753943,16.914433362705978,3489.803741578784,17.97213130363963
888.0,2360.6382134614746,28847.618783928203,167.31081527366987,820.8940728827147,129.34442094798834,14.687227795634396,2803.7044135857423,17.892431187352752
889.0,2367.421476389074,28862.69302786644,144.2312548028201,591.2616493338443,132.52751880585117,15.787802649331981,3813.948346296957,19.510709933320932
890.0,2122.0781998061902,28703.4516821076,162.09464791247373,940.4929070050746,131.38993775968675,20.21011439526384,5658.021276470873,19.365749175585567
891.0,2136.234070005412,28743.86186031729,153.15054311928458,1260.7316839841462,129.44076180690735,16.36597498845505,3635.4658647062724,11.447405233005153
892.0,32019.272574313985,2364.8739848044283,123.294500126932,985.2570365575012,131.6122973236321,15.069293410277904,3254.6533588208345,9.313294274770259
897.0,26133.111658227666,9109.929562774227,159.27961086359576,613.4046523512154,139.27295180310725,14.898027496863081,2895.015573250981,21.531250435063793
906.0,33870.25040112664,12263.450711182022,151.26363558364483,1048.1058152205835,135.8436505341888,23.95845138328037,6398.536792829183,17.821960505652182
906.0,36449.414869095875,15179.68583305336,131.55695725415669,2503.517333911291,135.86957240479182,18.909229532908537,4273.015470794083,5.626370878794958
907.0,26932.183609235715,8598.697220495127,206.69735803365458,1633.0040761621738,140.81154582340682,15.83584356108957,3017.40898857363,14.975324963829339
907.0,27901.822450185347,8360.700253631754,164.31149671972193,986.5123076986782,151.11543258198782,17.604454792662878,3723.4529148445504,16.959621395205467
907.0,36071.99100486654,22621.302976291372,126.77315612190552,595.4589406384399,133.49019893415314,17.148080972419166,4054.1612114526547,16.44598018311237
907.0,37814.672867788024,15202.63370785717,114.1631959130614,509.2019883550657,118.81182374044714,16.705682551192464,4507.444598801787,15.39766858531691
909.0,2571.464595715034,32785.31288911462,132.82708712664243,1226.0273863600842,122.93857494956397,19.512594169405414,5360.0542549620695,10.434662097342173
910.0,2590.2768739329154,32789.69614278709,143.02474259329412,2619.436307923235,136.09398048337712,26.80409662725563,6734.331206233047,7.7447962815917
911.0,2584.459899900901,32788.189706690515,147.3595216947724,1670.5343050737465,129.9972209287708,18.22380576611577,3961.6633819796666,9.112884313731993
912.0,7063.149105282403,14709.030816499388,286.92486713941133,1815.0297431121903,134.1875359480693,24.80163323852285,7158.849421721095,36.74187896074087
912.0,7601.966400785079,14625.801024832374,213.71226648075924,1727.8079544399477,142.95281899491795,20.32818988367382,4118.28203212297,18.470125667952274
912.0,16176.469905496338,1217.3927163786323,138.82046833224513,671.1614605593463,147.07256982267523,20.14531249016325,5214.776698823331,19.828998606781223
913.0,15031.151503202827,10909.613163254433,214.42637740322238,1105.9688622072151,158.7509142871311,20.833685545169875,4625.435207264348,28.823969366362952
913.0,15898.601405228275,10066.178570822474,183.14497003534092,1351.6125594180967,154.70973901547856,18.47325491332126,3774.3827565697807,16.128386194715212
913.0,16281.012053957038,9174.596229759953,148.2342731871661,548.2570292019923,159.82165299939726,18.71344315525141,4084.2022753422725,25.361689835777348
917.0,6445.432513736115,32730.57967801288,146.51816093047418,3579.8212285737895,160.28320743683923,36.718945510914715,10660.965319824934,7.79644912482626
917.0,22418.561703246774,38136.561063279696,130.76599793542525,567.2805155668412,117.37047341644057,16.714809409088137,4411.848395046264,17.78671468658399
917.0,30818.777624534338,26473.53081207759,146.38839268828005,696.5656408420322,131.6258982159144,15.734307185148978,3172.75184193734,17.247993525704732
918.0,22031.607359749756,37589.28592332386,201.99374046836752,1382.710434394954,139.45848580635493,25.23696965635903,7343.883762864231,24.73594948773588
918.0,22947.780802655838,38110.987079267885,246.97683872926638,1329.159858607891,118.52878068716603,21.34734453325723,6102.647546536287,32.36495675746311
919.0,21969.759476170515,37824.043249378454,144.5350962715932,1016.303919185861,147.97775680150707,30.507098217861756,11167.186048085603,20.835270707066844
919.0,21982.91349186519,37737.13893516105,171.36163394294206,1119.0204856345542,134.90761950291338,30.86126330071732,11936.939523682347,26.57764693086673
919.0,22023.66323127944,38320.217301387085,417.5791773412256,5266.775584258313,97.164076264611,30.87194809872093,8856.838118679898,33.244467922514524
920.0,21033.668161018733,36663.269363498206,196.2771718555837,1807.9738229637253,135.52365959583398,17.63714217595227,3995.6850904107055,13.571711895444864
920.0,21785.889152552747,36615.17475995912,128.71649474486165,770.4072919554498,134.69388969383024,20.041479015810094,5612.278936389205,15.179509306184224
921.0,19832.110527722118,29669.857018731436,142.37716312243253,893.259755974188,166.64527025715427,29.270866884206256,8675.608472747299,22.05448120665933
921.0,20008.058704914296,28974.538662342016,148.15701057371066,1379.2454583213487,161.16729636496234,28.227565678510572,8123.714803082822,15.296674357990915
921.0,21098.23293784681,30178.426317224526,139.30131600114547,788.2488141081684,139.7769462097997,22.875499450221433,6486.449300912776,19.161859632701745
922.0,21397.753425937775,30336.024331267214,181.75634559261002,799.9440323194274,134.4435074429341,17.3174938719967,3821.6230743478704,24.365662558717847
922.0,25982.254135517836,35090.83126875273,167.54063019793801,890.1207201159528,136.07251416337826,21.83348011000181,6330.050157619371,23.16703454552541
923.0,6822.478039714701,39847.15457313658,117.98788410202884,925.224235095971,132.36647693653123,13.803628861179247,2652.324895891786,8.674834076668407
927.0,33857.31547702536,33248.22554004159,172.61242120020194,829.1318659904059,117.80899079069087,17.611573535223357,4386.294611522966,21.739239776152797
928.0,28565.407718036342,25993.538731344128,203.19154724917044,913.7132905389117,132.18893227208494,16.9856266282949,3744.080232002098,26.044022932578716
928.0,29188.456870904098,26898.394253790782,255.24921842217316,1416.0795261573521,121.72992292662481,18.881183051468646,4763.734356219395,29.04688541827759
930.0,1575.5944918876723,14920.305969567578,253.31274437587084,1988.20705529629,119.99288930569399,16.330270922906156,3533.8899101435586,18.486553690168165
930.0,2466.34861308113,14012.047665508095,117.14565269420935,557.9299729727765,135.74671691821325,13.942422209280092,2695.4973049609557,13.033923896002815
932.0,14834.879441972937,39558.64372914904,140.84563653389333,6028.236833668515,152.1233806566299,32.4709734977725,9011.494721347519,4.27573104097315
933.0,14040.90247515628,38446.53971307728,129.74883809905572,4409.951274985886,155.4098520237899,33.680749714474175,9853.186085780264,4.954501283616506
933.0,14841.220116903454,39565.73330991835,122.07299894607144,2807.074591182763,149.64204663442348,20.938554278070004,4850.075538874851,4.863228080676344
934.0,13001.299744684871,34399.86304609459,180.92448566243718,1091.0067111448807,128.72518622721404,16.14610991648296,3531.5222693831097,17.18249196258378
934.0,14045.36681902769,38445.820804333845,125.24542925035917,1949.7748010388327,142.23891290541712,18.42430053670416,4375.353377924647,6.246094636680222
934.0,15094.120525831899,37315.86205067488,140.55839960459366,818.4295099893211,132.24316109245552,17.640458602648412,4113.860518435358,15.202838775322082
935.0,11656.700748947202,34345.82086355723,332.2235779011474,4038.9652374266025,106.9977641667649,39.59522584812574,14317.622132872402,34.91515234005693
935.0,11709.296837097829,31726.118269319148,175.86169616540596,3337.4758971006427,147.02255107767743,37.209879928737685,9462.163641744595,11.720188579391355
935.0,12016.846390155057,34525.02831512515,255.0867706649544,2257.228805080397,130.20946515623592,26.471389400209365,7157.770820187043,25.248411066582165
935.0,33530.66428216643,9207.319613354835,147.2516714366538,1029.301423651712,141.82487662955822,24.5247076917269,6504.6496498133565,17.593244464863567
935.0,33873.43502381733,9728.336632515919,130.66107632877703,722.5745838094342,137.80954257897906,34.0503180971978,11199.719929023488,26.336456744924973
936.0,2804.4653283042685,8203.844044589021,112.12549810419938,408.7734454706784,142.09509245468712,17.6059161626945,4290.066917445553,18.92483893000335
936.0,11442.109737781215,32275.787755430407,167.57363306148295,1736.6121541864609,142.3884295775832,65.04204758530298,26165.80249694771,33.662953631029154
936.0,11838.93064051683,31963.99327477754,132.6475827435611,1514.7629501014376,154.85171105665813,56.69499400717192,21309.74899687209,21.349173929132938
937.0,11834.470359459014,32630.296907851553,161.28073045365363,4722.763564412415,161.0516587012269,25.414081615474515,4675.5542076543015,5.562273810893253
938.0,34381.84663825115,8045.540590373388,127.29505210098282,675.0089573070624,129.18930508061032,21.22159299675964,5863.072577182085,17.58231083509655
939.0,33836.70511978531,7321.38421712007,194.37232019282882,1832.9381408152215,124.17112006807507,20.29001558870739,5079.330717104013,14.705597231706589
939.0,34304.31745209932,7985.802990060284,109.4734598492162,1144.712465547759,141.71634821625454,23.690787183019243,6552.974377850552,9.161677271921024
939.0,38665.91638568062,13453.853402463581,147.03278878767185,676.098910659586,120.21981222536789,18.407808311776606,4942.637651170722,20.285101675476568
940.0,32973.249105086485,5590.890677932694,118.86943786307921,935.1382240250811,124.7853999197308,15.314092515698608,3573.6869048212093,9.257591221639561
940.0,35799.09218394702,7092.2825682435305,136.19943755268923,909.9053139709192,126.45510337214836,16.45200134678992,3912.332884715601,12.44701209053224
941.0,32984.94825401437,5592.751622384385,134.03761168315566,5510.674430855892,152.7682687325237,30.497395000831023,7872.0993812284605,4.090335037207781
942.0,32994.552615413864,5594.480005979221,131.36281633937855,5272.311506419733,147.09628248822435,36.498730366061054,10453.007337370873,4.5970096049285605
943.0,32980.4450427618,5593.629724462619,135.6494870266923,5524.2170372695555,151.60711528130724,32.75675679426989,10221.944252874677,4.3449405085722885
944.0,33472.30857589923,5047.8449521118855,127.58169630559341,3927.0067892057295,161.12318557495828,29.00249759927295,8146.494412258952,4.815875006484723
945.0,31076.37855490232,20657.03242565559,139.0700573620484,541.3890622311118,132.3524592300582,18.724677884339382,4539.072263799088,22.80712025179216
946.0,14921.486087736335,29160.9982806472,145.43506805461107,634.804182934261,159.86209278994752,23.558786351785283,6767.39313524683,26.1250351052155
947.0,7654.75547238023,30317.30776868712,223.51304479235665,1372.2466032931286,135.04566081234498,21.66823498035936,5099.703444878192,26.32470333475504
948.0,2343.624113851441,27908.903408982667,136.0103971813663,2776.1959546210846,152.55469484031147,23.468271485766618,5825.8159499053445,6.196468876684957
949.0,2336.798437477972,27904.406580941948,119.28384302416765,971.248662053272,130.9699904992652,17.903091823918235,5074.55318217053,9.992737744524296
952.0,7980.620791998662,35882.5171436876,131.95709028233273,1106.0886383205068,130.67329040902754,13.7847133625799,2586.831671005837,8.95575708298441
953.0,6359.991103741939,26556.011898375407,212.36045783528078,1408.8946102189593,129.8219506360956,17.13393910012569,3700.6741448163975,19.092696223835702
953.0,8408.486110156158,28559.596407669615,117.74716611852327,2438.416345761538,142.11612764788168,21.738512684344713,5653.05912689649,5.236726114585053
953.0,29823.88515437871,39790.60781346638,130.68845846734828,1251.38014465532,119.70718224259934,14.189267585840348,3104.3246818766484,8.14037575272087
954.0,8420.474717255163,28570.167077625418,144.11488346401438,6468.384266575038,162.6310318888826,36.76275302279455,9868.747438753422,4.538634180929887
954.0,29521.254538097986,37874.536416648174,119.58398107222422,726.9435456289528,120.60248631274717,12.620666879194967,2423.5004057303117,10.174442578856043
954.0,29818.46145213358,39805.843870377255,131.03536600759077,1568.314888432872,124.49269364924132,15.745347503087347,3148.1864949627156,7.265096296804499
954.0,31789.11800371042,39799.92178816682,225.3765639306001,1443.928265468207,127.81749759673195,25.04427978806474,8083.72578673596,29.042047163571784
955.0,8422.580252512564,28565.253253668445,133.25859994459609,6048.599705181507,170.47675175360104,44.74265884093564,13945.209802913578,4.83464926634054
955.0,29512.41551171534,37905.01075228465,133.1268627306464,1463.5734986948887,129.91077163754613,16.337319270651534,3105.075007382043,8.035304284107333
956.0,8421.771523594229,28564.97191126537,135.66326428724577,2171.2213478037575,139.6454346775363,18.840611579088073,4107.714200189664,6.57869338056986
958.0,17627.167491334436,24112.57768775171,140.16746897369734,2741.8566081662248,149.47863940599146,25.115699974877305,5919.808613325427,6.877352105853316
959.0,17877.37588001877,23455.45925904265,156.31592795391333,4016.0452637014537,156.3332265664356,38.26796862624854,9551.586741710846,8.16002952377054
959.0,38573.47644029164,14822.890280720636,136.09795446506294,797.2858111645563,124.17125705224281,17.090744010077103,4520.642593677855,14.346930551653724
960.0,27565.061209155323,36209.02162087315,128.57308802682115,473.20089627620655,140.02738227736646,16.18933010930062,3645.4213491631813,19.806828809384495
960.0,27677.397491979667,35447.02197747816,127.49465936761007,625.4601632646403,131.79663793107238,15.907973758395203,3755.569358746004,15.008847409844064
960.0,28622.498627195655,33362.157498689536,172.05050440400336,786.6983081730295,125.93188728114418,19.873620181294726,5528.2244970132215,25.1762949423045
961.0,25092.79066859568,34480.558914542955,131.395807283481,697.3911187041433,122.2117856315276,13.786553476196602,2632.1480746805737,12.974566672923746
962.0,25119.356409221753,34423.272463236775,136.25068417893834,554.6950583866177,126.84089542624031,14.758792020958449,3309.2330564226313,17.69967822704019
962.0,28006.124681611807,23716.343564267503,202.78257150925614,1500.6687132355407,132.45443163025726,20.756676608058868,5986.306728731138,19.437224559020457
962.0,28465.425615508924,24729.02958192547,165.01334275105748,682.050494572038,128.64415734360455,13.470061115879812,2553.226530834987,19.246506065519633
963.0,17657.44261812691,19406.018312892553,163.56978943691036,1177.170190697151,136.86598043988062,21.03995880163657,5289.569647683067,16.570540489648227
963.0,21073.248176512298,29053.34380568584,144.9484586560508,692.9907872186996,137.0576451412888,16.310371239711603,3607.157268665055,17.5148268075034
963.0,22616.987164878632,29825.950357824924,165.41111412182545,967.5246230440669,139.68080139475273,16.589025241491044,3743.843431945896,16.65902637360546
963.0,22859.57018550099,31718.96654580546,248.5816348009183,1423.8433622737557,135.9618392230534,23.16345552151029,6106.627993641636,33.05906801369113
964.0,16363.261571139246,34221.47594972455,111.65662312831732,497.03002499069135,142.31554699645818,16.777099854796123,3420.049622135837,15.180974449085827
964.0,17113.62768245421,34094.67747785421,143.1507732516485,581.5224694695436,135.03395714261492,17.280761957215546,4223.3004054403755,21.04161316175903
964.0,18112.300333185092,20286.00839847235,150.0433914181107,940.5790016134265,139.59445294983354,13.148419764302579,2304.4063989509586,12.189037174442829
964.0,19473.892957201402,31677.614349584564,156.61646935027636,1561.769804070582,153.49203754499155,21.656213358630485,5046.192781427354,12.155983426045886
964.0,37334.363752950194,32469.323363677027,154.55894118633492,1002.8170254089449,126.2717117264699,18.811478376693547,4613.207886861512,15.79154841327786
965.0,16815.00516422872,34436.98271557943,140.7927043727102,977.3116114798275,140.7397034016286,15.756410274479235,3293.2454756697457,12.01065926042652
965.0,18419.708052935865,31261.2527179227,125.62216018841582,468.4355040536852,134.06430576136358,16.897517851522974,4067.695436824311,19.850028505872302
967.0,12446.546140437555,25700.417728578566,180.10295186837666,727.9471062461969,126.1357767962642,15.871131381397195,3652.918302821266,24.27404727618833
969.0,1039.5187288302238,26025.522038270396,120.40799641874244,1160.0859632928527,128.7501598541481,15.241169986882134,3184.4019727426207,7.929626148261064
970.0,3950.8365299794177,24971.828874163966,143.73342974372514,1394.6673687398968,150.16752778724552,21.72763330250695,5052.971594259887,11.580952953163125
970.0,25646.483940672224,2294.219484049725,138.78015030487566,668.8343815438924,153.23836236131547,15.613389588338142,2887.4405868056983,16.177256179866568
972.0,31897.07242611558,22103.395073316,131.35344121728804,4378.185452997355,159.7215796753045,24.024500412616586,5568.00952209802,4.15619810361725
973.0,31849.412877058443,22106.64010752558,169.46986021280154,2527.372592575027,134.72396786593987,32.10903671354891,9575.604320727438,12.48651525760176
975.0,22919.042454339382,13598.400801552774,167.67415314230493,671.5909783354826,143.75484069770016,16.829445934617898,3450.514262471732,24.089600063848412
975.0,23890.58678819621,16049.739740766607,125.05350067628311,1416.1102831854582,147.528449204942,20.400664151143527,4764.983923327227,8.604145840751967
975.0,25618.399340643584,14958.473885192316,126.57195020747841,1638.0237902067438,153.29026438214152,17.536968814858735,3329.6952071425358,7.077620508957334
975.0,30435.515680926135,13923.28729243903,175.4086936111846,657.212773518794,128.49141709388238,16.800344128946485,3854.610545922597,26.680274157152112
976.0,23914.775511845284,16044.225855172634,131.89032570806515,2430.29693083585,160.42395654716094,24.350552524624998,5400.563675286082,6.7365646172446745
976.0,25714.92245688523,17244.67392725949,197.56044677318775,1428.4843420861432,150.3867863662122,20.460542864720484,4313.972364683225,19.152324227914345
976.0,26429.44399030409,16836.61020895584,126.98535065391253,1317.4914362303923,154.25736886315764,16.934826312156048,3129.81966348381,8.29382126278892
976.0,36775.6617405038,36601.678283010195,119.25010462614638,491.99199810675526,131.07522157699555,17.374669008814244,4507.574490062579,17.68658574683699
977.0,22633.878910424257,18974.011516924027,127.90322785501147,999.557529653483,146.14667243274272,19.707022176836396,4727.83959343586,11.758362708776785
977.0,26412.57464619437,19182.551652327325,159.86688313278768,964.448706429817,156.52229273078078,33.12794022461595,9596.742058256572,28.6588056675671
977.0,26780.08445510395,18630.37946042742,91.70166081656308,469.82737251795675,160.36934436518166,33.964864768261364,11673.746300080822,20.191079855972617
977.0,36341.6185480441,37731.39814080404,173.389480787481,750.835703777877,113.90981409225616,16.60223217265299,4749.733337414188,22.851822976404318
978.0,23315.41691587315,14186.386299053807,110.26024174697959,452.3539341849743,148.51464649596622,17.654242226249078,4124.754276824665,16.799109090069134
980.0,18958.23325610466,4351.96196971576,360.2226634562929,2466.937663962343,149.40795053999773,26.53520308800333,6956.046497522096,45.19662744870439
980.0,19255.388568026145,3029.6768432513395,197.75871554994507,983.7251343944214,162.7914657144087,24.509182056681727,6076.348243742336,32.02330958736996
980.0,18998.51824450976,4396.8789149749755,311.92632340348314,1822.5925123164063,156.73473235816692,26.191965158141052,6441.808400103313,45.29394970657405
982.0,33014.379673911244,2353.3628314768184,123.67869908422415,670.1025990842193,138.61251260332907,20.010638028081214,5054.379934014404,16.00701464381528
983.0,35142.4602609164,7461.618499583193,117.95237937628484,1691.459145722282,139.43893908897292,23.701219615169112,7328.962265552213,7.448398312382687
986.0,6484.845211925927,3422.9076365742403,131.47382047275917,1019.4080549438701,149.03004625438706,18.793237529323996,4200.428308283331,11.701709677306098
987.0,4200.327565462177,2866.219167558355,190.8390425938089,1475.6113608969206,155.8894325114383,20.80615539124195,4591.895319442066,17.690175608467264
987.0,5190.5865612209745,2026.1619342353943,179.90361966507697,762.6289699919481,154.9312550044809,17.80691298566947,3532.092840523316,25.60056864279802
987.0,6261.37432035273,3091.0219017153386,203.30547600801478,1439.672338540332,152.27234413412356,21.706906337542716,5639.067041764673,21.094857246183757
988.0,24323.599131376937,18444.046010467475,139.98582137931024,852.3578424499881,144.5852781005592,19.78811062490936,5260.935060377581,15.943826632095934
988.0,25358.606850816293,17324.326754804235,276.1257111749321,1564.9445267113608,129.3062732089657,18.17290467600655,4009.7722759397,29.633126917296394
990.0,661.4322695778517,2572.764892839735,142.21794173238882,970.3214231810931,140.393348235444,13.980719473038766,2351.849449882019,11.326483007578291
991.0,3156.8504856433037,36760.76355801186,310.4718074191116,2543.7580769015576,105.19267124864948,23.16353834004666,6262.59898499723,29.026743993000583
991.0,8502.23150952899,2555.116566695547,151.00335814091082,542.7931896992727,140.78655672886038,15.18546383239237,2966.4909176082097,22.19133415154944
992.0,6809.5141460172335,5008.1965393500295,272.4461854515544,1715.783727790342,142.02159232212293,22.82527646142075,5912.130252608698,32.51290530945032
992.0,14006.244119395906,25891.860734317746,117.4381871803591,559.5076661378193,131.62844804517906,14.755312726622726,3158.693747190191,13.585933351981945
993.0,10178.933423581877,37875.45589139311,106.24612917063628,516.9710648360162,127.4613492555787,15.242936570582293,3531.519462521088,12.564838493080133
993.0,18297.048423013355,6037.949345381726,234.87530228661163,1983.4712190863092,149.8444708073983,18.399691690855608,3463.752762876734,17.80568187324042
993.0,18985.377794551343,4102.543858271801,119.92780428181362,552.4124568564829,160.88200794958544,17.592566740056142,3871.109582425825,16.262172980311078
994.0,12251.735076832538,35153.059173551505,183.6092062935426,1340.4033273448235,131.02582062754783,15.563197677885215,3060.0690657537953,14.289545741333562
994.0,19022.979385229184,4092.0984984917436,146.05115397714107,719.7604986582913,149.75898626615364,15.560762637349729,2904.8063372806064,16.54152045316493
994.0,19596.68917444909,5978.427218412099,124.48047382086976,562.7890024732202,161.34089645831602,21.505205524517013,5329.158961135615,20.182788237732627
994.0,24141.837386670144,7029.329398639111,139.7311764242007,552.433044666084,139.50352996575504,15.880607533428597,3349.84685570755,19.689591365725597
995.0,24983.874368109453,5305.614820935431,143.75940064482057,766.2081400736321,146.38012065184697,14.701420825324133,2527.22738784471,14.595052800460431
997.0,3982.0148594765496,15784.222002823637,208.32875312490634,1428.0420773309588,126.54363718720757,18.639848443622874,4062.2693183093656,19.52688068640566
1000.0,20747.59312026454,36796.302278503375,228.43216192421443,1063.4929395530341,126.5596323896424,17.19545182870499,3726.644033910663,28.421571250951562
