"frame","x [nm]","y [nm]","sigma [nm]","intensity [photon]","offset [photon]","bkgstd [photon]","chi2","uncertainty [nm]"
1.0,5307.062790268776,32030.51381133523,148.61359583386223,2017.313204237471,121.93020983983861,19.90156796444847,5064.079114221627,8.37478715071573
1.0,25869.619228910455,27585.02920938588,142.08134270225918,749.6020608445712,115.89626013833868,12.688595696138389,2626.7210964703663,13.143511353644836
1.0,37272.17036955058,18529.862614847836,123.94208553303064,1507.3577539004714,109.60294943898452,15.952414183652703,4055.9195445314417,6.932153134654215
2.0,5293.798139335875,32027.725266613066,151.5533058022534,2082.7135337334917,116.67841598687335,17.597522024697135,4127.286164904981,7.778759366777673
2.0,25855.72712553537,27589.599051251116,114.48011310282521,545.0652156691242,119.10101592125862,12.358657723427573,2545.489568025078,11.821036042043893
2.0,37270.41644283541,18513.608426967327,130.94055659637579,1605.2420210475957,105.11500764254767,16.240804595052488,4054.0046576028617,7.251782488010266
3.0,5276.643344612929,32035.959018048365,145.3631655539133,1797.521936679399,118.51003340844011,17.0188497499163,4049.77659211991,8.029494516780549
3.0,25892.255060471376,27590.12819335989,124.53455187600383,675.1174323632508,117.94486839789926,13.435406954465737,2812.1951951672727,11.990175982302652
3.0,37274.71987310829,18531.16910109994,119.46744900076138,1422.984271400778,110.0047968124502,14.775251391262193,3738.8231513398046,6.585851164738187
4.0,5295.681479531843,32033.208290214414,161.21612104345948,2053.9455404402725,117.60859082735269,20.33682879981112,5128.185967487011,9.600543004213167
4.0,25883.95690854203,27572.865249512015,103.89399499600046,430.4092875742078,118.14519095635218,14.988723090691806,3708.160800915482,13.982782305615162
4.0,37269.49303344286,18519.373111171768,125.30578759738835,1570.78347271779,108.93010829752029,15.994544839975088,3851.2972499793964,6.83705613319842
5.0,1280.2649407925558,26319.692030072554,227.32994532778017,973.5661206104658,111.34542862138377,15.116865670601518,3477.271905890112,27.35787112143917
5.0,5278.889418437823,32032.91856251935,135.5405823981172,1700.9563904575732,121.22263397714688,22.039571629878406,6305.854974562193,8.897756113945423
5.0,21755.81580788535,34593.392798970424,168.00267584156475,684.6962888920739,104.81565466455731,15.221732019792999,4008.9115455128303,21.838991750256003
5.0,25879.117054796952,27585.365360055748,122.28918467192221,811.313274368075,114.0798138925981,15.970819519141457,4368.02181164214,11.207850599688667
5.0,37274.881688210975,18514.124375982396,126.0251326995002,1536.6111668597955,125.52059668889505,20.36910174005599,5485.020978163391,8.13065531214575
5.0,37892.35942218712,9186.482547915553,133.53849601315036,5074.156293778649,136.57544075816142,27.86042022598134,7782.519518729285,4.120016425075747
6.0,5296.8909643157895,32024.68452630005,132.50590229925893,1622.6086711021665,127.06846243438389,16.72121193710581,3852.0702055475376,7.448865511477443
6.0,17993.96130470143,37559.56815872234,123.4382880927644,469.5389103805477,115.99107082445444,14.371532641021242,3485.155485780863,16.900147647694723
6.0,19154.379377328565,33671.44322586805,127.48790694030198,443.44623594587205,117.70204224567834,13.553195025943973,2984.0365896234152,17.98246712600592
6.0,25883.02388637077,27590.29866893449,124.84936821018297,573.1359189866203,122.08448937116913,19.11359479080687,5629.427132023119,18.07492163814282
6.0,28678.6425875514,21260.227949865726,117.12208281462678,570.8324022539625,120.88539011141602,15.172957995789522,3420.7856777307397,13.561697862798072
6.0,29489.35840603309,21626.75061235856,148.720873543855,571.8378487350703,119.84820329177028,16.115438074367777,3995.95724127818,21.616991393465913
6.0,37029.21090670314,17663.42010517553,204.31142808039462,1012.5911540131575,103.46675094341535,17.304623581028167,4967.497985942596,24.298922537964067
6.0,37278.28495640956,18529.142834595947,137.04250109857412,1650.490910803401,114.56147409362465,23.00078909047762,6820.4371631391605,9.598477181038854
7.0,5283.204366621916,32027.68292277932,144.88936736781127,1922.1045378947267,120.14680621783914,16.641621337369422,3229.687024490027,7.468715115627783
7.0,15253.280749922324,36714.00886416156,382.2536629424642,3397.985132534584,97.65764570529387,21.132306940299753,5455.587758809558,30.12551972117018
7.0,25806.099747668977,2430.0382468499397,259.80171920948686,2019.3703723647814,134.69315942887755,21.908226216564255,5423.805924646507,24.51484022476534
7.0,25894.264992484303,27583.076486614307,137.66777156537782,809.9281596513531,113.74247222705256,16.194548008568795,4318.396909702067,13.86238162338621
7.0,29556.296689862746,21586.069505375246,151.23399361634682,1289.5897086934713,125.70228228337022,15.911487359846705,3749.0978416627745,10.783096565300855
7.0,33204.488947477395,33954.9271730349,132.87247615413287,951.4036720809097,104.86325382477791,16.384309218354556,4214.020155926951,11.45545608475761
7.0,37280.97578159792,18534.39646996603,130.6994909403537,1601.1405212490024,105.72496265557709,19.795400333643087,5956.551528315091,8.185051467173796
8.0,5276.32787683373,32027.39745513824,148.10289055657142,1969.149416950809,119.33314678094025,20.746502946786613,5653.075623162809,8.743018526341663
8.0,25866.95628236688,27577.78554768698,166.90390989410247,833.5016141560069,112.66994057406905,13.179928647588206,2957.668028048046,16.194672728719183
8.0,33161.07095482682,33945.67550625925,159.157354248698,1349.0747500285925,101.55729137575035,14.392754658326295,3608.490239091597,10.569775606812529
8.0,37292.38368039904,18523.364610789733,124.15023699526031,1580.5240721618795,111.73850754303467,17.44402660143576,4679.8089150514,7.043160527799653
9.0,5287.953269620413,32022.285707504623,145.9641883884172,1745.450293691944,120.64391155426115,18.2248682212588,4737.103853502531,8.649702084903792
9.0,8493.789036812765,5638.165977778787,242.69195347863254,1401.4633192133579,130.6200779367029,18.004340767431994,3947.1920537055985,25.588053246521422
9.0,25877.0318591473,27582.80418629524,128.85757107954103,1000.1734721542467,120.19363959651156,14.692638583189291,3111.62596250882,9.718867599836221
9.0,33171.03645985349,33961.945018126746,115.95589584885722,1050.7072757907908,115.55396749224008,16.94241685358564,4102.756294804184,8.621469366673812
9.0,37281.32772111302,18540.52962461988,116.61042359798249,1409.0108485549397,111.17450663617956,16.71716253932541,4705.931561571663,6.831715452366653
10.0,5284.492446195376,32012.519130644927,150.45584706677167,1789.2118540797564,121.67556374533186,23.75132686224853,7109.666308868011,10.782017735990339
10.0,7976.564124468653,37217.68763110182,146.0331088821669,1082.8229621230587,121.25205803853177,20.156252946374618,5583.353382953903,14.071024444808966
10.0,25873.86695482293,27570.10064037511,128.8083572887823,1603.6200654380168,126.74115640215838,14.550937019433377,2694.092362867971,6.673714932793849
10.0,33167.197288766765,33958.42701949976,134.50941076123564,1223.6913891923512,110.12023369898158,15.708562622746207,3624.6675643109206,9.215188071781649
10.0,37292.81133849462,18528.002647998088,129.822301253488,1545.801289434802,107.76611651492074,17.24143415950021,4613.25541274729,7.635388980476294
11.0,5293.880925690588,32034.494061982332,153.53550548620504,2148.843352765105,120.41387271131273,19.354806068187745,4136.7530407791855,8.230332497022408
11.0,12099.330847535197,32312.528837301063,195.56672798520884,1029.1654053205534,120.96415627131448,18.051842273770664,4729.182809065426,22.886115833852553
11.0,12903.451003627353,31171.163103358827,186.3309042750787,1076.0708919405402,131.43360212312433,20.68197718344327,5612.372191252491,22.56468430264492
11.0,25887.319049553047,27579.156133887085,123.97632614938554,2059.0976860510323,129.3146998028067,20.9092532152142,5327.738100149547,6.337927919923464
11.0,33174.34982718238,33964.44089453322,133.97074123008096,1193.172018223316,109.47273907006111,12.565258982490125,2204.6037218133033,8.207697812927627
11.0,37271.8989864684,18531.53237988103,126.88572652063374,1521.2819585552766,111.88663202411244,15.238194237563256,3473.7678091633647,6.957454884209794
12.0,5287.890707956485,32026.97443675391,137.46339106018021,2002.719706834976,123.40230752564314,19.954460944373583,5268.04454841971,7.4271307402674775
12.0,25878.22138032547,27568.785607273425,126.90275423984363,1814.3419695600107,127.49178402952919,16.898397589433067,4016.5169509736825,6.42488125553654
12.0,33155.5420903648,33974.983123101636,138.38471521860836,1205.125042472201,116.07510270611645,16.584705981613368,4243.796178077074,10.12804894283537
12.0,37269.73734547934,18528.137904906864,128.75161789128856,1524.8750259352266,108.77041555309415,16.558694391121175,4440.701689524559,7.438906559554216
13.0,5288.896615588009,32027.44744781116,152.78035779273998,1994.7226879763916,127.21234346614202,19.957190295136918,4848.688643635942,8.870089995741003
13.0,25884.01410714407,27578.318210805515,126.02532415185414,1680.1436349159665,133.22133435718322,16.815179955214283,3541.0857649012405,6.728893791922486
13.0,33169.78809836709,33947.13771574713,149.9046804130906,1339.7134865181247,109.90727695890479,15.101961655279084,3294.1621937433415,9.94528234429368
13.0,37279.28621245754,18522.656573514538,113.41070815137911,1484.3070986886812,115.75310403298317,12.922396966161005,2953.3997411914625,5.587057797468881
14.0,5287.582335956543,32022.401316148957,136.44441411761184,1736.03488197719,131.73039136544634,20.027334326428583,4701.322815006191,8.277533223722228
14.0,25881.164479257808,27567.064103198405,126.19389008854277,1748.2582983457107,124.51433462902595,18.31570894051791,4506.648765976342,6.86256003458222
14.0,33177.36043190786,33961.31586013197,114.82798077591775,1066.8023180616683,115.39483487187515,16.83687813725006,4689.300705568595,8.351423504509574
14.0,37267.71015086785,18524.428843314814,132.53350313815318,1613.871098246809,109.71935750345446,16.384561932303026,4158.652288954435,7.395076864002314
15.0,5273.671758673022,32036.80067350768,142.64533157271805,1859.896294875996,125.6803358976685,19.8744910404684,5134.696121383239,8.367339981015226
15.0,25872.71039183761,27570.30785706803,124.77360871581166,1807.9870967684255,129.93772059982558,17.45947559431715,3867.511831941068,6.391977756806204
15.0,33166.562543587235,33942.188613392675,130.49764242993786,1107.1378090865335,113.56023821476275,17.656173149301086,5106.422723951383,10.295155040137372
15.0,37278.41272569818,18514.392195000895,129.57352331370416,1408.1970209795784,108.61737947678424,19.665280354228752,5816.466021826279,8.94373522356521
16.0,5285.260779267214,32021.66871947868,141.81714934919708,1955.5398060415566,125.81191461655592,19.53576386053485,5525.578741227653,7.859925953888918
16.0,14617.753327722226,9803.969965226946,202.13224369434676,11993.989544709302,189.88157659098016,67.48115667614434,17804.395505293523,7.714975736245328
16.0,25869.143971884776,27567.165706828033,118.30676684004152,1729.745125508131,131.94136866093137,16.741781506522578,4149.4168697282,5.970375095314471
16.0,33176.005240811,33929.51914010867,126.84058236516105,1096.4916840333356,115.4839538121004,16.967970194909267,4147.9855943723705,9.637824899245741
16.0,37285.815800635166,18523.35633054149,122.89489150263253,1595.4580743653562,111.94065933395638,18.28196079816042,5060.494212210907,7.073077332705827
17.0,5277.606462109458,32036.531645974224,128.17096469024312,1685.9853077313285,131.73364759820146,19.082382442093532,4571.51508130451,7.423317230558111
17.0,25882.42152937609,27554.389790258163,132.53995248705306,1965.4562928291343,131.96570953784186,15.645242437140736,3232.1222336453434,6.195669969114476
17.0,33164.5073434765,33943.43598190514,128.7875538104062,1092.5081597324934,117.05074430183753,16.02179724688203,3931.1226851935803,9.545181696738776
17.0,37262.14361525733,18518.6219544001,114.60980785772563,1399.2631419346837,115.55689699246346,15.917690853112537,3693.98706097035,6.517465338611018
18.0,5285.396843075408,32033.581656712653,156.41779918245646,2032.392092662869,124.80586397215966,19.39302144234008,4460.632109915118,8.904862117647014
18.0,25874.010426890258,27541.36020615114,122.99925291727925,1102.698954094371,132.7929475931796,16.806118608880876,3452.1665431996553,9.066640956238896
18.0,33174.400791027474,33932.86747819239,127.39227883269756,1131.6025172272332,114.85278291748406,19.03446170200927,5044.4303294739075,10.228703405617942
18.0,37279.09791323014,18524.90811887061,125.01909288098788,1536.719985179725,115.02479615101475,14.073436345434462,3108.11108901188,6.487010234851225
19.0,5289.5910276636405,32025.119643791477,135.8456282946852,1881.3758810796553,129.75776581415633,22.236130514605836,6442.882817333165,8.248044928261598
19.0,25898.11883811773,27565.0798523005,143.62611954517226,852.0336749644202,121.58631399456989,18.014794827832578,5240.562388098954,15.492212578751928
19.0,33161.77580073403,33942.184548659636,120.78933634043119,883.0205712496523,118.41557862799395,17.69820298768375,4937.4805975614045,10.97465073999302
19.0,37266.71964166597,18518.81366362869,132.0172125075942,1569.6171943946906,116.32655443046845,20.54475275584432,6242.46786129617,8.676653648675702
20.0,5281.86198569707,32035.02731573532,129.42454993741265,1624.329141746223,134.92300932337776,14.610528644419471,2617.622157621782,6.670077212356222
20.0,25870.300341078313,27571.58516665203,119.0668962627151,588.4227237365185,124.73763241019435,18.109857314230123,5104.805109888383,15.525058455742622
20.0,33147.18116268703,33949.499214432864,116.11424925302174,1008.9925618678755,123.57582256728503,14.064652133384383,2863.3031880923804,7.995363292451721
20.0,37276.53073990739,18530.02830229379,116.66023245986712,1503.536239838119,118.57688971992147,18.510186816887483,4662.619112591,6.885695030786745
21.0,5281.513681385783,32016.868441516574,165.6354311108946,2158.3752238597417,125.0590410984996,23.28531691363674,5765.853495210068,10.653084607497286
21.0,25909.78632597071,27570.77843370631,180.34632754262833,951.6885866524586,118.84709121241491,18.319266602702903,4615.305638620199,21.453188981071808
21.0,33165.865836837984,33944.6040459209,117.3703025389357,1097.651370326622,119.76299303749192,19.19085030801894,5709.827967478693,9.202620848999484
21.0,37271.80084941534,18531.666800479594,121.75593907220131,1499.6218488646325,119.60559638970852,14.828630790845821,3185.3098989629348,6.5221156775244715
22.0,5271.3262961356395,32022.12912281285,126.62784839252078,1549.9731784655692,138.2072504622906,21.277865014282806,5893.263879378043,8.379659184302062
22.0,25874.345352516575,27571.179367733173,139.23106705633154,691.7978102870939,125.11974433067553,13.160264790179813,2777.6095142810814,13.93856875904505
22.0,33143.75672859977,33954.019211714505,137.7238834515321,1340.200048885869,122.41767079878952,16.099558275989807,3754.3754374845244,9.027316490803262
22.0,37259.24534511104,18514.77080075159,123.35138634218784,1431.4438052917728,118.01354870542234,21.42981979876378,5999.7984443828655,8.620570581558091
23.0,5271.970109376094,32020.234013056594,133.75805427107363,1678.3200157903816,136.04543395955633,18.439486430700143,4367.60770084058,7.809496851488523
23.0,25863.324141295332,27575.537957534627,119.01233607335331,519.3792790249026,130.63704386858132,15.449973419265868,3480.2379920476274,15.332312394538146
23.0,33174.78494096602,33927.29085702953,154.18341067939022,1378.3750197087604,116.82619167432944,16.504681023826443,4241.714147906504,10.796937619037687
23.0,37266.01022941163,18513.33642495727,123.64096215758258,1335.757830038231,119.56351639005447,16.427350028297752,3965.262957994804,7.720363610837779
24.0,5275.922751915832,32035.460093269325,146.56618832319432,1962.1813416597024,132.93851301822107,15.741369517374325,3249.610368599994,7.245287855322735
24.0,25887.92384242797,27584.207077804498,140.52701491500085,655.8059137909379,124.27186306530544,15.12225786411316,3439.1030768039045,16.418879454091694
24.0,33186.01661868781,33951.35799591818,123.7496530597331,1111.4450053969024,125.95610452649518,16.430255157633237,3852.436295976907,8.966672408901365
24.0,37271.06035844473,18504.513946982723,110.2687920579795,1254.8435316827947,121.91034039528292,21.753855983228572,6715.971111442448,8.076556967162862
25.0,5283.8924228133665,32024.28405844216,136.1591198188875,1738.3212805590285,135.81729215492751,18.499639689278816,4812.4936483600495,7.825663212936725
25.0,25858.929687767606,27514.84584210585,108.87454118376506,439.00417544942576,131.0938328802615,14.870223638646948,3228.494878545588,14.8010178297154
25.0,33155.22513156726,33936.91008899473,123.8481291333204,1038.7364862053962,128.04101812362921,15.310925360686202,3150.6427477941684,9.076140660585725
25.0,37274.63458746613,18531.951130407553,111.94722290963661,1411.5834104428486,127.41675385740542,17.103922192602642,3954.1721430787156,6.493995786791591
26.0,5268.655671922316,32023.119020611168,126.1344280928723,1585.155912746326,137.54936890142542,23.575347217446417,6701.7072785016535,8.778600690320786
26.0,25872.37390262317,27555.767871248016,137.19011798144047,791.8741986335376,132.64347187713187,14.037121241574207,2581.791402004752,12.68280568941058
26.0,33161.015476561115,33950.67472831032,127.5425310669321,1067.3283638735645,126.59602700274868,16.202663461086086,3423.297657108246,9.647769400980877
26.0,37279.00912809114,18518.430013880446,114.66962116727562,1453.1950824080313,123.84551004165357,19.342284659022773,5826.779865831621,7.070922797267138
27.0,5275.933525764655,32016.158299953408,129.26331039516813,1526.0212670756948,140.99853856323531,17.109565311756487,3451.1781844895527,7.626895496800819
27.0,25873.384445838194,27582.426448251485,160.19106511199544,846.5949047916416,133.2000210029912,16.316106197707406,3659.9619285341987,17.50040239857937
27.0,33159.8727286464,33945.20285666316,131.05362847526942,1191.3261859739678,130.4518380897022,17.34952154320059,3641.6318648443107,9.633115050634366
27.0,37282.14185067055,18509.246377810494,114.42859004573486,1357.6559113573792,129.1938296637561,20.274190765901853,5404.16729901323,7.671386864137145
28.0,5258.903482073584,32038.238068562678,149.4071382956332,1942.964497025947,137.15046318122393,19.4853771326504,4792.97330576364,8.595568931964104
28.0,25846.282957322557,27539.641008313312,145.1268525569217,729.5007787835764,135.84290698865146,14.085444713507274,2645.0586886530887,15.001342336538176
28.0,33154.24708411764,33928.622909188474,133.7385577885955,1031.1412644864918,131.005822905801,17.484104143046494,3970.9035507768704,11.321303659168233
28.0,37269.82150407472,18517.679582410332,117.85697537335436,1467.691399549246,132.5711827284595,17.233068730414406,3672.4351533064987,6.841577568890294
29.0,5262.970094632366,32025.30472699685,147.6266515238677,1835.3753312046483,143.07004396719046,18.48657953669395,3938.7784013639853,8.53228343813858
29.0,11742.400328575524,37015.83452296801,177.99795170051905,1620.8636865600845,152.62055463781772,26.869068632077074,7242.564462149043,17.737697474779573
29.0,25872.388119871495,27548.05187185239,162.46228465063592,902.2412192633245,129.40793897824008,16.652392196062227,3929.903882704145,17.226784446455262
29.0,33151.01285963887,33951.809443104765,137.00970531756948,1276.5400325654791,127.49929550970195,18.934785863778668,5160.554189365471,10.398734609045253
29.0,37273.13681479253,18532.232233068324,132.08481739733273,1587.2754473939667,124.96960268144568,16.75886406501719,3770.489920435919,7.5526203540966526
30.0,5284.790471173075,32015.13801221707,142.60774850622514,1936.7444804713211,136.45666533821662,20.720448041905374,4947.704711760273,8.315715024511547
30.0,8466.619991085037,30087.627756063346,211.31449740408033,1101.372932531143,132.59951884608134,19.326142724555535,4866.438782375052,26.331691599122525
30.0,12333.95238688144,35824.1869623719,180.4105606975715,989.665259560775,137.56076524642032,21.95626683619589,6122.534794774971,24.212955546879982
30.0,25880.840862105597,27561.915697420656,147.88560456504567,578.660494249307,130.91538176272323,12.875855839856378,2385.3564379170543,17.738524882418083
30.0,33145.72902764923,33946.59338939415,127.83834373914753,1388.5660678419042,130.14007142184585,18.986570478904262,4863.4098212104955,8.642811126238161
30.0,37256.777869660145,18525.54235261068,118.07491230839113,1310.3105015271292,128.20519462845215,17.875052875756925,4801.564810346526,7.6712462049731585
31.0,5262.3826364942515,32031.58983293525,139.6706400584911,1856.582397658727,137.84163356752038,20.685725437468765,5141.457990298517,8.313549502165696
31.0,25879.70739732447,27598.56110014372,125.1373565253183,549.063142852076,133.36203861817472,13.584767330123556,2523.160932460141,14.495044345832252
31.0,33166.25370912467,33941.14682595868,126.6738086762444,1275.9074387403027,130.0302746194138,17.3286049470199,4077.562214754268,8.603433352669281
31.0,37272.798532397326,18514.033472743864,122.28206433874387,1427.288743662535,130.0327824479647,19.043239555909395,4732.425697239531,7.873873776367999
32.0,5282.34478285741,32005.96915529629,135.15153039344665,1791.5922215392948,140.24131889694138,16.92254237848442,3081.3330129426913,7.152565078853501
32.0,9344.253326355605,34886.22401199341,104.56848637757797,695.1115123321877,140.54485748847247,14.504689859258601,2915.843810381143,9.286963049068019
32.0,25861.633121692445,27561.286573482925,157.90731644967715,755.919813102874,131.9745464178253,16.09330709912384,3550.231521831894,18.679156618591982
32.0,33177.376566221246,33948.266658542794,155.0105926738284,1367.240801251426,126.01969920081655,20.755302866560335,6051.232461022591,12.998415755470823
32.0,37254.6804160118,18515.589884372443,118.90642056439366,1435.4650562051795,129.66823087461174,16.84912817366685,3957.001102090991,6.967568081689902
33.0,5270.164984846318,32023.869467131008,132.27757817922947,1675.9839727378621,141.86147891417295,20.652738244396026,5059.391575348175,8.267683354380358
33.0,33154.97682655827,33939.09243909021,144.33663639064181,1400.8207489783458,129.23429500144627,14.640451210990134,3004.3057786118848,8.853125829151686
33.0,37272.27517089324,18503.700340130494,118.80460685247814,1352.979332770401,124.57345755424846,15.181338456529424,3196.834043003166,6.881635434632759
34.0,3666.845856666599,32625.041814068947,112.92425033163758,880.1239874398847,148.9211776445724,21.091343199131604,5344.034914025446,11.144815883050272
34.0,5279.055772002053,32015.448024481528,158.85844825914927,1935.992923844574,145.04694818880978,20.14510285873583,4194.291662340867,9.78316237209578
34.0,9141.606996653933,28909.02336045467,220.98590297737707,1080.4982202116723,130.04166388459393,21.410624309799076,5878.542421188867,31.98854975309573
34.0,10167.198254521376,26735.985506844114,227.83234375848005,1726.9239543845767,133.0850943971954,22.472503239829887,5426.270895137855,22.691974906029603
34.0,33164.86416701175,33956.61657231244,121.74791256563498,1239.8538119565278,130.58079655345998,17.40758026124579,3847.4918495530774,8.286419575288512
34.0,37279.04277996805,18519.658979107706,117.79119391830233,1481.107544613008,124.40369034671986,15.154202063893678,3351.209709829213,6.339802951101487
35.0,5279.964104015833,32036.428765542456,150.27561834131,1963.84996102553,137.88065498136905,20.97088625068861,5487.463338958346,9.04892521363997
35.0,9127.104861876047,28503.89923914142,133.10104915499392,491.2862854539204,133.34497612409146,17.420447783471115,4107.119487370081,21.64973395962758
35.0,11647.893597019332,26522.887184572417,207.53517525695554,1766.8478488046474,152.557623548612,29.55104588928552,8617.904966569926,23.78739424467063
35.0,12526.699710459417,24649.754456497914,233.94277885139556,2962.1509504413984,148.67529045903714,34.54159223577428,9326.559045487924,21.03734452110395
35.0,13044.453272598998,7507.312805752096,144.85681419226384,1440.7318543538324,151.78345031409927,20.3346179495841,4596.137935916262,10.853078997163065
35.0,33159.765543324516,33940.89364073168,138.30483411332384,1185.5063584110749,133.45927449980002,16.173963691966268,3687.6626238627387,10.087226734482787
35.0,37286.29497898056,18517.287236550026,121.90206461980588,1524.4705703774287,128.78494653137975,21.098375898471154,6669.0983117690075,7.932580272505583
36.0,5269.267846031732,32019.93850255586,139.36204328188336,1695.2600724719148,140.94631154424357,18.301680373547757,4046.553827849942,8.237775548017899
36.0,10480.606014703691,22780.326328274423,166.65155708362587,1239.4553549156162,154.06450054695426,16.472316112645327,2858.5583204142777,13.488850670649034
36.0,10756.28060228402,21944.6572536135,194.07458263465244,1166.9092033210004,147.21444060508108,20.55289691864039,5096.388426585875,22.44715404539687
36.0,13051.824802673056,7514.2023695673715,131.3174043995058,1341.7826120161346,152.28679859131714,16.338623274810573,3169.5595475995165,8.432475279571625
36.0,33152.353838603776,33951.343547549586,139.97450901131307,1273.1415661057238,130.35860386230289,15.53634136913737,3327.8960727740987,9.447992499868576
36.0,37264.38788874535,18518.935124169453,121.36086429901317,1418.0234499676442,127.56770187205096,14.231266431456593,2953.6834072607107,6.631738409699244
37.0,5281.643602777414,32022.211642531634,152.2863018270446,1837.2754178944554,137.6775685913036,20.16411827093812,5227.904280173273,9.528574082423635
37.0,9290.95990872172,26437.11351916303,615.8114305485421,16184.911902464906,61.89040926615974,21.278909842979083,4712.377907653268,17.14979320844168
37.0,12979.581821517771,7615.3365992042145,167.46287066178778,1979.350259686604,158.38203229276198,17.01628662213082,2824.816105572938,9.337251737133638
37.0,33153.12328856617,33954.551456181835,135.4349718730038,1324.3867366494042,127.8802098119779,20.128519565152004,5933.884367224686,10.322403296814661
37.0,37276.0615700027,18514.446522650225,132.92897331322843,1637.9177108493398,124.57430377316862,20.619039380617448,5786.374167977821,8.488377878760982
38.0,5269.438073207416,32025.000457797476,140.55828753595262,1825.612935600032,140.64135966992234,17.226879556600142,3704.976009811392,7.5729359712363475
38.0,12498.586356500226,22129.835680805423,145.20175549990176,2504.1522739605393,162.177861214025,24.76931729682947,5312.839626022829,7.804844319033709
38.0,33168.65233045121,33945.550496886084,143.47682552550475,1509.586817516809,125.34082492796138,13.981564544415424,3021.335080811705,8.050283321793538
38.0,37280.107124458715,18509.244586967925,123.49909878561324,1365.9459299449009,124.13803691268117,15.983617888051075,2999.638906319801,7.452481341837458
39.0,5270.385397697956,32015.902009110763,132.74016322460028,1662.1488398302888,137.66901031560755,18.45049083597508,4259.1100014195345,7.7781301856693235
39.0,11793.764199400815,24148.663426964165,130.72804079523027,2707.9038901051495,146.6819676358223,22.012918555091236,4991.4149375979405,5.708526855963407
39.0,33158.21122763316,33937.37491035932,147.39345499290084,1504.9984224081918,129.07660832425793,16.075671866318075,3499.540338514057,9.154422012224224
39.0,37264.09606393765,18526.86643008122,117.57741352878729,1519.435208807273,120.23530360880025,18.701652679715536,4641.884345719999,6.954596358129696
40.0,5272.343945298026,32017.650499600295,149.65730259822584,1768.1754597543038,135.03824163527815,18.579463523586725,4071.417722340615,9.03257462705384
40.0,11794.47178490692,24142.936493341007,124.54068241634525,2472.046364833697,146.24182684375546,20.645766575315154,5019.913462292382,5.484752547100125
40.0,32221.583058673514,34570.65285696495,156.57308131290938,532.6360592542957,121.70327273629738,14.89922333837841,3183.3783678827085,23.73827752165771
40.0,37265.97583500007,18530.188096380833,121.466616758986,1528.5960335112688,116.18932724308718,18.561934221716786,4737.0244823855755,7.252099721107222
41.0,5258.425618683041,32029.18490067753,129.28970041883034,1567.031006833458,138.02490947776693,19.876930214266018,5296.041005293618,8.208066459581698
41.0,11791.429961062802,24124.02072429028,127.17596370707965,2686.808320949356,150.9713046668412,22.032340824793224,4536.129329761451,5.505488394029481
41.0,37276.90730528348,18507.749384271137,127.6450526990406,1522.8069776221992,118.93040393855891,16.31277743055372,3978.9938586749026,7.284741094461661
42.0,11802.530705128833,24138.36157469497,124.7697920998395,2592.30572718731,140.82791529262545,19.87145895760934,3872.3415720435532,5.194248087938072
42.0,37265.1112499242,18515.610239629335,126.96011200502141,1335.172138260957,120.89996898113772,19.982093752736503,5171.442396117725,9.141958779601943
43.0,11796.51620279353,24136.327674457563,127.10415993558378,2598.864360849101,143.46726319601822,21.926859232038737,5745.567125542168,5.631474086903531
43.0,37277.14596467131,18513.800271251366,133.45144081764846,1731.9371006456875,118.35759230596912,19.76605154964732,5420.3162981963405,7.927873095264513
44.0,11805.933645693394,24134.39180452069,121.2517822131735,2396.2108399427157,145.75329056756038,19.16488770104739,4211.444648458904,5.1861102461691715
44.0,37275.27367182128,18518.164521944695,115.2435236378173,1424.0848212552694,123.25061392863176,14.726003109418278,3128.188218970887,6.235528490589629
45.0,11798.272831572038,24137.69206847596,119.07573340500507,2558.9366156307638,149.1283582499612,22.092476362250142,4722.428606323296,5.177121883352372
45.0,37265.841950344584,18513.520667615976,119.83079214577565,1388.6754641110897,122.05740680660583,18.885569482464994,5457.753256362314,7.753060427352655
46.0,11795.052900595827,24140.73646179484,129.8336699467551,2622.8641405448643,144.77893457406952,22.48388627750146,5722.660102990514,5.866427775803182
46.0,37261.61472625673,18504.120444986518,117.3146044778229,1409.2053187117565,122.60175528156006,18.187794240015407,5042.575805632628,7.238372725061348
47.0,11801.904678882858,24140.51558417455,127.19577967964321,2483.714415026243,151.684053060079,23.793771347255998,5755.318212536316,6.144713100311719
47.0,37284.77104414163,18513.456011938277,114.10576638958483,1440.1391948304968,121.34338363997915,17.331929885218944,4117.432716318994,6.629800327848544
48.0,11797.45398340758,24138.528820638912,138.75844008829938,2908.921212437873,140.15357433898515,22.547814449901804,4955.667108488051,6.008714490507057
48.0,37256.16532311938,18505.246717531616,109.088696016169,1394.346815844336,123.91629637531351,14.972710982329968,3396.210060515166,5.900362469931653
49.0,11808.84390172086,24145.012389470467,117.25187794558029,2574.3504999038505,147.58042364778575,20.213196832396058,4492.039658749888,4.804491815304697
49.0,37265.41459958739,18519.113742023736,113.16533665286082,1486.5621867811706,123.88620646144837,15.785200583842558,3968.407139698515,6.085265505741551
50.0,11789.212092417105,24130.319349612077,117.478057270358,2430.464785311602,147.99254681333585,23.286194135716006,6563.839576042673,5.44106719367169
50.0,37256.88165954533,18516.726438139933,114.79547768158534,1526.1265176219051,122.39631360240975,17.261672977068425,4085.584345062906,6.382550574210097
51.0,11799.655595047683,24138.060798927127,117.9298583413797,2403.3133187855715,145.52546806321155,25.056650474913152,6065.32675710924,5.775042357161469
51.0,37261.50997717249,18523.33397770954,126.66140247594187,1646.625024616866,119.91884203120954,16.15110166602445,3759.204351781264,6.736663224517852
52.0,11779.111580470937,24135.81165838473,129.3709516695672,2499.512998556365,143.91563948649195,20.838415530022903,4731.317447505127,5.795753173121288
52.0,37271.31415246511,18516.441019143524,117.20232515002891,1402.8303434166157,121.19726704167427,17.874921390102806,4614.773706977659,7.179226587692124
53.0,11790.091808490975,24143.973481933408,127.63550514731827,2682.887167817646,145.8276390090499,20.258183918014378,4729.433959133339,5.288881915671524
53.0,37276.279705403016,18531.283237806998,145.9458204514198,1811.922460287661,120.22080916091365,15.045539152189237,3215.0255532245646,7.46813290671418
54.0,11790.008516767592,24139.779170821126,114.99483207424448,2467.9964328837323,151.04152770045036,22.710678159484836,5871.795124612582,5.127437354567738
54.0,15781.053433619092,10221.067581046997,272.270308262049,2254.5095955572847,147.87713922559476,22.251968312214267,4775.905924545293,24.472486093677173
54.0,15980.601168005047,11339.026986202685,119.32086218568077,1527.5827093006742,168.33651960526421,21.165874422226928,5090.4912576717325,7.662079755790142
54.0,16763.415539534275,5463.049893023332,168.95215635216965,618.6816795257761,144.47931561235515,20.231934187074827,5016.445169231221,31.01494442551936
54.0,37256.099477342315,18518.255371161318,122.28248367362433,1576.8708076139085,123.31552081515476,19.951880998829626,5648.245277731189,7.475784838913041
55.0,11795.234865848432,24135.826365625544,126.16093622693518,2584.5839822278494,147.16043399702866,17.96681392404045,3883.704173616372,5.030120057736367
55.0,13353.72134068943,11732.227074493429,148.22104302670647,644.1250407693802,146.7717091573616,18.94177461256631,4523.658034824606,22.055075647362333
55.0,15957.22044489831,11378.182105757945,94.80560063677311,350.09266619957333,149.92530734005305,16.10532567030928,3359.347077172437,15.077392231516594
55.0,37263.62220981885,18526.46566963012,131.10242500449397,1749.5282208039064,120.50726919367884,19.42096648512431,5314.270186164939,7.552662195365269
56.0,11794.523543094272,24141.61898559548,120.73256880489602,2480.2275235728644,154.32097736823445,21.48721111989444,5119.0489120930315,5.334490672672677
56.0,37261.9765697518,18529.133502038367,109.10972491936849,1439.0765703313473,124.2494921560214,14.64148985746556,2854.4103551895164,5.709120336972157
57.0,11786.675871496469,24140.745141725438,121.34827823629766,2474.7209564305595,149.52090793673673,20.15597670951413,4452.8583739570895,5.201148213636151
57.0,37254.383128299254,18508.91111570477,132.06755516843083,1683.0889225876451,117.79696137263274,20.49147667700075,5503.113749802772,8.173558854278191
58.0,11806.465005618105,24144.52202446471,123.28982271829258,2447.952554057376,145.3311576581025,23.703345876795108,6806.341962431018,5.900475230927852
58.0,37252.986395816704,18509.44649730472,140.924473636543,1885.8194180999737,112.14226065163368,17.597305134696562,4196.420963315102,7.504723168761721
59.0,11792.454539031354,24138.762462026836,122.51502084388501,2631.068987824002,146.0025989125087,23.062531346598806,6660.580932569169,5.423960885231482
59.0,37260.355944540046,18514.107630632145,126.7691914958739,1570.7122639390448,118.40131947054023,20.56368383959453,5925.895899959851,8.112310563057848
60.0,11789.639957879912,24144.17529225881,129.33173899843894,2546.079636606152,142.2349293113581,19.044158222627306,4572.549599767216,5.43395996702594
60.0,37258.61877571461,18503.10315896407,128.12166031226644,1618.060561859343,115.26632272151781,18.96124150273857,5688.226521612179,7.6405307893012955
61.0,11786.7510408153,24142.33829362648,121.26595134465629,2526.561407799211,152.6358246761969,20.88733559002265,4954.480678755872,5.212236340450883
61.0,37260.91809864176,18517.141752651154,114.22091923736699,1332.2528618479919,120.37284976145324,21.012256778452247,6107.547226006286,7.95354721614749
62.0,11788.339600237401,24140.34167956427,119.14316508511018,2554.810149769702,147.2867124513899,22.737098907980958,5090.521679976247,5.272887365270405
62.0,15186.632981972001,21939.402520910815,129.77302809595517,480.09822292897127,134.203664624276,14.38045810779041,2932.2342969746546,18.097363468839937
62.0,37271.46395978835,18512.569277765924,128.50649031028777,1301.649074235556,118.32692355739557,14.074724771701195,2866.4671997306477,7.660992228165163
63.0,11795.099858038679,24139.58326240551,128.361644966158,2499.2529455282993,147.35338421703563,24.28555764329002,6344.469267797246,6.285853881359028
63.0,37262.74156252508,18516.810094775494,126.63494918893046,1558.1037518044027,121.83571872639976,15.846225225662703,3617.00049994115,6.955583366737589
64.0,1945.7154699456883,17637.348146751025,261.82032362460785,2539.747020012857,121.60053587541675,22.015007933779767,5625.055247332659,20.14492979189017
64.0,11794.1069815079,24142.59819519932,125.414986101946,2576.8878085321658,143.92015577892948,24.422926749364485,6350.019389582449,5.926034797036557
64.0,37253.595301085465,18516.555778692193,126.53579345713517,1513.2675128262963,118.97834756196501,17.069411386757082,4449.797111791089,7.414868917704736
65.0,11786.653173088267,24127.12105447392,120.23789755385617,2431.7909478858774,150.41904353810085,22.49643337697796,5600.172934412734,5.52618166403935
65.0,37265.95286797996,18506.43403117076,134.04778802148746,1609.976252503192,117.98967010153866,15.12179893206744,3514.256229314026,7.207476292500478
66.0,10644.584948486452,33267.037920172814,185.4589233588789,844.341089866675,129.28366819406273,18.196242753730782,4244.999776770962,25.10343876907812
66.0,11797.18723287276,24148.50636931931,121.4274062625238,2574.784446828394,145.69457359855897,19.051969949332626,4268.020139318215,4.909657514365585
66.0,37272.04913234571,18521.249282735553,112.34206947326457,1350.7412800273162,130.2229197789349,16.24601353780645,3585.4294642031196,6.569142948071912
67.0,5400.956285319036,33947.326463521764,129.52213377718266,2855.7994971191774,134.2740756180201,28.245639815751662,7838.258100018765,6.313165208207187
67.0,11792.35406539144,24146.597092907123,121.85202560171808,2450.7636032156965,148.09691933038854,22.8347868427473,4953.450307484513,5.657162432775157
67.0,27332.178548437947,8013.662697323126,162.40814788277518,940.3134522759801,141.78379677263013,17.120956130340197,3753.4524269414014,16.95974919827257
67.0,37251.23583919432,18510.88257952244,119.67947299208964,1447.5614832918093,125.40022167111587,14.005405301759296,3499.783365114364,6.351089097331611
68.0,5404.49302343487,33959.35464676327,125.62962610209452,3296.2994022708494,148.1545369975243,36.859191523235424,11936.657113285992,6.417075043100147
68.0,11791.55601304571,24148.9170038272,123.46203788378048,2479.3966110512893,145.27260658531134,25.876041092203586,7311.571302620693,6.189001223333314
68.0,30373.329611117744,1642.088468470347,185.29537589217028,845.6500913626664,131.60137004226146,13.231003613817483,2492.7047533798627,19.25042290127922
68.0,31801.751153239016,1845.4187344217573,180.6893261082209,1289.6529222787383,145.02625568443764,17.776502282133677,3406.706830781181,15.924878232822314
68.0,32639.484869336153,2317.0497917857942,194.94001739356503,885.6158384576725,142.94213765352683,21.093701557122415,5394.61307881138,30.044109834431225
68.0,37252.0123751912,18516.416731658,117.0463639317616,1534.304689024556,126.68522548114761,18.692459622119774,4392.107778843473,6.850199944798815
69.0,11784.694197458137,24130.92115258022,146.7723900820923,2160.5739552839145,148.5249951778581,20.58799259660917,4413.142651634781,7.925051831141384
69.0,29966.630878486623,1574.1314202909225,255.14797778999363,1609.9963877069436,121.75598773215363,15.598997555686537,3392.010577427462,21.856100281723435
69.0,37264.89385483289,18523.84914733443,125.87818833490807,1496.9443832699742,122.40127610122961,18.83317915521191,4782.050647422505,7.879431581470034
70.0,37266.24331195178,18523.04752628459,128.59692330471754,1404.8934675460007,114.95258164725773,15.957687999718273,3678.4541966534225,7.753625491771062
71.0,37257.44639596054,18507.441090232256,124.42720803785049,1597.264922941107,124.80915347765938,17.04476958667711,3815.588952860587,6.916655455429907
72.0,37258.43940326394,18520.728969154676,128.49415843108747,1609.8802217554155,120.96193118693691,14.852202505068215,3324.928106539174,6.6997378985141
73.0,10717.445508308436,24050.4097549858,737.6935794555644,27007.58945407547,7.013420043101859,21.68586456540914,5561.5872439971445,15.172099077116776
73.0,11058.914673014355,23076.441949060318,130.88628817173432,1951.3055144889047,166.12197728851942,25.341137054124108,6383.792059152162,8.23681047217033
73.0,11670.047153102309,21802.160433141482,116.31426877683012,481.33163192444795,142.58234192502462,16.42613664162049,3702.484935880759,16.50775079650577
73.0,37269.26615084558,18503.32872560717,135.87773343090007,1646.8387059565316,117.04959915751351,14.546778566312941,2943.490838719405,7.081092355824386
74.0,8908.741341352592,25891.23790301061,307.8013549510963,2293.7107346436733,126.223748768129,20.023026013728007,4799.158340165667,27.63204506364239
74.0,9291.74041171936,24298.62089778758,154.51744333467164,1091.8408403481922,134.4104771542227,18.732624880669537,4487.657386094765,14.576655083515838
74.0,9841.594631569647,26197.92226528647,131.50634894966348,3168.5802381318977,167.1846327663597,28.259385547310426,5543.643659717521,5.935538999471857
74.0,37248.05575373709,18530.839293048077,129.9034433383013,1623.3246984837447,119.06314488569758,17.78791807760551,4524.001575393656,7.488634191061166
75.0,37262.92631323607,18516.69368256649,131.88396304457788,1702.7908566213853,120.79438989131421,16.559701855313563,3518.864015886651,7.078901210043815
76.0,37261.0205645072,18524.75788054389,131.5521194158445,1484.4346985755683,120.84007686817235,18.649854797844924,4260.3751892081145,8.469493256514086
77.0,9564.558272032848,20434.343613016354,187.79368649834447,781.2106758980335,134.076089109233,18.020952873767484,4011.8096808294704,27.403050307720882
77.0,13358.85740606156,27037.356456608904,129.86814368782524,558.752197540021,130.91227817139261,18.846841757942894,5006.344827141013,19.643628876169203
77.0,18094.333300564165,24431.35331492396,97.94085182085983,399.27744617029776,137.4633327067715,14.623107756547768,2971.383040107178,13.26730564607018
77.0,22221.03536496396,31681.74505095831,154.43645347213373,803.7395228404479,136.6583870707499,18.061232268567398,3982.955880428097,18.642369783516543
77.0,23303.743102566546,32330.79710388776,155.06818859347874,890.1486941230759,136.92616919681058,15.428588910521919,3221.60116900624,15.135475783872588
77.0,29978.80697879183,31278.84723252648,203.4270662507,994.9585482855919,113.04939138518873,14.444602356149025,3048.460053316242,21.074301115495526
77.0,37261.119615527314,18516.048850261068,125.66174138583997,1622.462704452186,120.15438187236543,17.78281169293432,4244.81433525283,7.109342388918177
78.0,16286.419096859825,14636.10937649671,129.21376467194685,515.1442121051319,152.71910394051488,16.00550735160843,3121.254415862635,18.34215366196671
78.0,17238.647018044063,20008.251304925023,160.88688301316063,1013.0581329865242,136.70464539004675,18.708066114436253,4539.86237496977,16.743172333400853
78.0,23356.13999003442,28487.956356504295,260.06623341064756,1433.875947352365,142.17222053251803,24.761543678248756,6587.879871239222,38.1048030926604
78.0,23371.137411883632,28847.700810243063,247.7291064272764,1561.0520577266052,132.91714252871583,24.446780871650244,7015.6301688476315,31.594756425797552
78.0,24112.376567361352,27863.019514053794,139.11820183205526,540.9855731316464,140.65778078602835,21.904772239423803,5436.580201615357,26.19059663562969
78.0,27232.60859822683,32541.448867737294,215.31319647993897,1507.0496487350586,129.4183952044469,22.06718514897773,5854.080042584494,22.826056349790264
78.0,37255.25337750398,18525.14397498525,118.45692761871307,1541.3965296216397,123.54752218575133,20.103654372949915,5309.639902837703,7.271243411312466
79.0,37248.84392244803,18520.998164000917,127.61303893998016,1540.3814828623179,122.11013246474258,16.72757853780145,4158.183378934717,7.321404075916557
80.0,37259.55365675539,18514.556608269722,122.8523987286438,1529.088604091772,120.5655781814139,16.098075213204517,3725.2222825767726,6.798377985719614
81.0,37281.396227434765,18507.169610708635,125.78626782184182,1533.3799117457354,121.6316840069567,16.510798364144474,3855.601260874749,7.132007948859194
82.0,37256.47235015127,18509.084620667316,139.96891955501732,1660.3889622330723,117.97042004320245,17.529153691386202,4296.352914172481,8.20945836764299
83.0,11241.06049758611,17509.856721893608,203.28616662671314,1004.2652261266596,154.492710153888,16.33780401710865,3015.011188371301,23.102584110470815
83.0,12793.578332769835,13719.46141547408,207.93608613403896,1002.029532137041,144.03422458611902,18.291261423829965,4354.452634502668,26.60241120428464
83.0,37253.51805539846,18513.3732303334,126.94787843997312,1543.3950565188566,124.43254865326588,20.336528981061857,6496.018411264829,8.190010672628992
84.0,37247.395095705295,18515.23683445993,137.34739395665483,1761.1967965816925,119.65397296534984,17.22495956350272,4455.850074096049,7.513864625174938
85.0,12266.33324932504,34741.946214349045,157.61245365700515,724.3583630168063,127.11753977614445,14.435992503459891,3099.164728154119,17.75284320084619
85.0,37256.585625947264,18514.218809644484,129.70997726589218,1509.6961279984623,121.23275444653876,18.724413106288495,5744.258237940902,8.183715590641345
86.0,37259.22655079633,18512.59845966119,125.42913250599966,1577.8480444822044,118.59229929264241,16.535134986484856,4255.901530219267,6.949770648922632
87.0,12491.241049200189,31520.657221026326,126.83781479280196,464.734087252484,134.75311910953965,16.327477206587535,3932.3663934805554,19.782819130722313
87.0,37255.26872469765,18517.562118540103,121.63764101492694,1481.9156694370179,121.10952189881675,15.658580643764571,3387.915493636514,6.759310220628656
88.0,37255.79355008916,18499.24145461351,116.3047142947412,1461.8104417213133,117.70705301579805,16.096810374489497,4144.751740306015,6.481078289781093
89.0,37263.87258726975,18513.81587121339,110.796643190163,1374.1561572473684,121.74991514185457,19.31001654195553,5836.387564162181,6.998795305875053
90.0,37264.58749421305,18512.890659154993,108.59717890093627,1469.251190241329,122.28589951880596,14.912674810763097,3291.922866390724,5.633086644447882
91.0,37252.186464812235,18516.25089231096,124.07014417473727,1534.427500355627,126.72818054569133,18.550267096400738,4843.10374334352,7.474346487188902
92.0,37253.47033003272,18525.070407816493,112.9025760937748,1384.1469529832507,126.8223820597362,13.308077347163977,2561.4866581041297,5.905330449337334
93.0,37263.28070689988,18503.918611168825,114.48921314522647,1398.2736822329364,125.44125452434224,17.70479439760986,4433.469218316133,6.902135619152145
94.0,37261.3784266438,18522.047400629537,120.96235783279822,1626.9032254739652,124.22503675292263,17.351753770065944,4597.931588630325,6.594937637363262
95.0,37255.3408305849,18509.205103154174,130.160197573073,1649.8414945630348,122.51102260470653,19.714051065539902,5635.157601491123,7.90915419527311
96.0,37251.47919516382,18507.486931344247,122.25944209416895,1585.3091106298232,124.32199586627206,13.95496872214512,2850.8310577576917,6.115328148281867
97.0,37244.27033498072,18513.849504243834,125.55013074004147,1535.9478861028092,121.09051108641816,16.879917043302836,3919.6276322048575,7.192370583566023
98.0,22446.074715860792,15908.018179725428,189.6014480243431,746.0620494893095,142.3764151281919,18.61345306885542,4459.882415527379,29.98121080835035
98.0,37240.1466560654,18501.77663168478,125.34493646765011,1576.6958668325633,122.79617569862789,19.500277773189527,4919.063294611544,7.668282510491773
99.0,7563.498456586706,27318.51744379916,145.793347254206,818.2098232269495,136.0061463669335,19.82797922813597,5766.817471383422,17.84097981420441
99.0,37262.94635617842,18503.621549459225,120.36933380208471,1401.1741398581419,123.88155317922461,17.76844711915639,4559.234002983692,7.466231166402863
100.0,37261.78876714182,18505.522421536552,115.30071242779889,1444.4209374554566,121.31522038648806,18.19701174705401,5293.780580108961,6.910301617864769
101.0,37253.21517971629,18508.131035202965,128.78068030511585,1484.8429030176815,119.02747846370039,19.865233501515352,5424.32875166875,8.526335646127778
102.0,21385.553871112,25760.8880938944,150.3936975802391,7310.430620032979,168.76060135990704,43.54663722013455,13132.902841274854,4.952009558716191
102.0,37259.75334640864,18502.472144310344,125.4708105083749,1522.2789297148756,123.9433009673122,14.959894337270043,3172.3872819068674,6.772168764137839
103.0,21381.23071195758,25761.968172101675,164.76010869419935,9032.310295401945,179.9663225861733,69.8876458203464,19489.51210093448,7.078341254100757
103.0,37255.24731549463,18492.380509394865,133.56017150929986,1529.68236957485,114.61228838049547,14.385119545723008,3581.5420756978915,7.257799712619785
104.0,37262.026319382305,18480.45958163364,129.91778190298916,1449.1317282538612,118.71503989786746,14.369459029086881,2801.167397257632,7.252313341628152
105.0,37258.225397795526,18498.828435993455,136.7270468054135,1621.9470000548579,113.71718443384812,20.374665016675063,6285.348466465775,8.898010732287648
106.0,25595.3731391659,18619.763195990305,132.80272276281147,553.8660623969237,137.55059190254084,18.172641761469574,4744.805480942874,20.009461687787727
106.0,37260.088085831616,18508.032400957138,118.60000721385381,1542.7504387077495,122.97258201327058,15.610672862012075,3315.4230137628288,6.303921343401271
107.0,35028.396083234016,880.1103497375966,139.25588430613317,4000.397386243171,143.0895772545712,35.662381176835765,10585.320818693552,6.319221892168524
107.0,37255.881038890795,18502.21489452883,126.01606471842202,1503.2350135743507,121.47121031821297,18.635093357567197,4721.665253118921,7.813816524446788
108.0,37229.52352962451,18511.498412698667,117.47267513362564,1484.98641952585,120.39993125728532,18.00945529742928,4386.110163237068,6.917342542376337
109.0,37258.75562303594,18505.21276455178,124.2032421842353,1572.8107365857359,121.41066179164498,17.124294727235046,3690.2445096598094,7.000037168886264
110.0,37251.50086812282,18524.90750984622,130.5414601069272,1695.7136982924164,119.13153807618693,18.07241359001399,4745.4408756418325,7.357533979382604
111.0,37258.54247739279,18506.36416759249,125.1734520412705,1516.3676530700702,120.85904038371818,15.714235524453247,3518.296757442744,6.9473256142361315
112.0,37256.23442610867,18502.221723400708,139.04758265052172,1630.6070730433737,121.86997035601887,14.541749102917805,3218.8064927952123,7.386566338396403
113.0,37266.375028768714,18491.962900946288,134.89196016456984,1616.9611427695254,118.14530516308092,19.334655026177323,5089.78987081125,8.418455165389602
114.0,10128.737801658863,24604.347806297566,190.55637595428038,1377.456630293411,141.80304344744496,18.9279666507291,3821.186850571804,17.37128855141896
114.0,37248.320157636736,18502.47213024031,116.94016365458766,1460.1933680973432,122.26948697217807,17.6216191015454,4671.325127318951,6.87374440512435
115.0,11267.284030776207,26397.871389050466,144.56407477396212,641.3207924766135,142.0583954245951,15.248137850933338,3096.5628630329225,17.717595103041003
115.0,37262.49582516831,18505.16550051695,128.47300128324545,1526.4063722542621,117.25996820632707,17.707986867743408,4763.002725117178,7.710773774982301
116.0,37255.37213581199,18516.963973706206,123.87636215231467,1486.928708915703,118.75128584185646,20.86327259509307,6472.2707098829715,8.254984355240406
117.0,37259.561465379964,18514.732845942428,124.42372661934121,1561.7711962068831,120.64230729449254,17.628539116081523,4575.559465316992,7.178511884188406
118.0,26702.254622587887,22676.045353999987,136.09808508447716,524.5602398639531,133.33332895476838,13.457644381862405,2469.6755069379496,17.29537748345333
118.0,27559.375160214793,21414.12529343954,161.59591247859214,1234.9911840975353,135.20762670784484,14.060576537357909,2587.9294017943644,11.483285447322517
118.0,37247.66332829409,18502.29172393492,137.1298965871588,1941.0052733455793,119.51968951822046,16.211730426635167,4212.165939771944,6.707076833233881
119.0,37241.26201817072,18508.570419532,126.40280125662719,1624.3041818018985,123.06449259899965,17.281574297608454,4030.9593073105843,7.04969432852595
120.0,37258.753005437204,18501.140932740775,118.98515869718867,1548.9501599254343,119.49216843331016,19.964879955630757,5333.8233219877775,7.262492889594598
122.0,8453.747721631667,22094.195396979318,369.33869809609973,4104.982871969434,116.09968235114015,20.75504443661833,4419.886504928496,23.235202571495
122.0,37141.469903535566,17380.09913354961,120.90243820431415,3195.247951334987,135.7951296190798,24.443553051255844,5609.212961119066,4.715907213211406
123.0,37147.17160699939,17389.823441223623,129.7225432125867,1009.294679090947,112.25177317569417,16.61239783692741,4118.307174074339,10.568830957008727
124.0,26042.04745349404,4530.7987438680475,123.00084100411848,571.4470724337943,133.16790351412666,16.726443573547567,3876.819743470715,15.861640602737907
125.0,3376.0551240494565,21005.97473890513,137.59875483020744,904.4427715281994,146.42698618415562,13.386705174840975,2285.661826631112,11.057475189776849
125.0,3810.4044076413543,20268.99863819864,144.51653100798458,836.1624574280753,141.09651138526687,22.682961767567352,6405.898701186029,19.276390889780966
125.0,5154.449227004987,21921.35124962586,120.71823587483563,479.5177965530448,134.57907467903522,16.839284991151107,3997.949641687023,18.042598025999038
125.0,37149.06920545638,17372.70324379964,128.29375464379345,1943.0779872805651,124.12980807294768,13.82037249113163,2693.1060884880785,5.6258674177659245
126.0,6883.626348334997,23746.180964231164,216.9472920098424,2216.9862294809236,139.69423500382695,26.527284193274866,6920.4859244546615,18.939601397006413
126.0,21244.269617452766,39632.04101911899,151.80136115217547,819.9045586732494,123.79835835629362,16.18690996738565,3815.33020232256,16.264522464068595
126.0,25997.240106007033,4664.263371413897,115.24600499898028,826.5724864650483,139.75855487385888,18.41093079936064,4254.657448999194,11.031289384395388
126.0,37159.06784931149,17368.681953585918,123.92024620488591,2636.588960616564,125.8684996292019,19.317380194562247,4499.4646889701335,5.003180920878544
127.0,14009.01040360597,2842.36046715988,160.02813997481314,865.0454661355623,160.57350566677863,19.162609036385962,3942.546760006981,19.534057337026614
127.0,26031.983583142825,4583.844218114393,136.66593903483195,523.9457300140465,138.3820549895278,15.18596527302964,3081.653243245465,19.148263946480395
127.0,36792.59552756592,31221.090507625882,114.6388729809374,399.40780663115754,117.70718238872311,11.554988923509189,2234.3821746926574,14.65571197816302
127.0,37147.49569693032,17371.627379459973,117.85688223764902,3087.3584056352333,132.83586558776003,21.438473644538256,5296.62786553338,4.350768445771063
127.0,37844.48815371846,31116.786372997412,108.70421882109812,637.769136279914,111.63269147237077,13.843891893117586,3174.3173789079933,10.28425159459335
128.0,26335.177124064383,4307.867885759643,112.00485024964141,807.3184427223069,142.45383941350906,16.02468278995719,3183.8995910819517,9.76374583955637
128.0,37135.928025273904,17371.621150843723,124.27319701471947,2350.8508064833773,126.29883222764595,21.033239337598072,5066.719605672792,5.745957682130075
129.0,10204.314409324272,19128.93075660437,159.0000472943206,629.4122726146903,133.27980586776783,15.56286584934415,3699.838576696201,21.728706062085582
129.0,26310.550616978322,4285.586695054341,151.5624865642546,1135.4958904145453,132.17938143111988,18.91070501448631,4961.843022755395,13.704505438835689
129.0,37150.2282850607,17376.141370162346,121.19048060210221,3279.404779489412,127.50005096147981,26.057801537228123,8480.995604048892,4.8103212720015165
129.0,38751.071193440504,29371.26404803059,124.12583058196277,4063.899529778282,138.75707722090155,24.927666390099997,6616.55792475846,4.120684651507396
130.0,26331.320953166953,4256.219870454833,124.8934636298144,835.7392159029976,142.26991106156038,14.83977643349942,2990.744838536141,10.775565490172879
130.0,37142.22695495685,17370.54498935294,124.96768362815828,3022.189138375946,131.60953715811627,20.547542349787673,5487.477414506253,4.715882113235122
131.0,26311.098419680104,4286.469271539047,156.11991804967008,1057.3832484516408,132.88010111175825,16.36588560653054,3567.5443156764504,13.768557387633232
131.0,37140.70198864617,17370.340933059786,113.10584460877382,2311.706469246217,127.37189049538642,17.98164366324936,4403.218639869599,4.671559404770474
132.0,26363.44583151185,4293.480705960637,130.37557000152486,770.7542892794625,136.9585781972985,19.307628496346066,4574.935719823441,15.06925504933394
134.0,26499.959463782612,3931.9188596473286,145.037702010887,651.5037980138814,134.73257286995374,15.761885542298916,3168.591978657852,18.035938564504995
135.0,25940.591360736496,3866.7987396617355,123.52036237334511,1554.9704690907495,142.05653875254382,17.707337102855224,3703.9625990147433,7.140620468477034
139.0,25590.169675531,3872.407615576619,116.14755208420053,717.3506712835222,139.60081215125655,16.85860968908651,3727.5902692905725,11.852062040323258
143.0,25560.437747419623,3838.7875693328683,116.56827586412257,1739.944601053911,151.71528527390078,20.518214308210016,5063.655376988718,6.50810694498433
145.0,24144.660355335396,3629.00868357691,149.27651614442456,2267.9297110699727,151.3499560943857,19.59028650818783,3790.7491042087267,7.577110828227244
145.0,27829.97165612838,23116.993007308207,255.86830762149256,1779.0947731467677,122.81896400728101,21.87157090098223,5439.463930185792,26.80976130343299
146.0,27352.293343428417,10600.844925504087,128.55908457459233,3123.78659195973,172.4649963051785,40.971503662322505,14431.75796648617,7.6138850505234075
147.0,24854.04944750627,10133.080093295886,106.6709056270815,464.4186892198032,137.5954192773741,16.582104983912547,3887.9212735742417,14.752319387409415
148.0,24872.08776322586,10134.425135567011,114.70978444630364,2923.76000168329,162.63701519848408,27.839676350115745,6483.151643408041,5.032649185295406
149.0,31368.149019059943,28042.86695373398,115.46792899905256,686.4643821070897,124.693605243106,16.481789924763152,4055.596252238827,11.991166213468315
150.0,24853.332990054714,10168.74279105958,123.03584987928731,3637.2268713936505,163.6176462511996,25.735614254242712,6554.684025626693,4.506460186557514
151.0,24857.86086440568,10174.733327542282,136.05426957805494,2925.075037865366,149.05544867362775,22.98160920247698,5759.777873961677,5.865495050907427
152.0,25009.104973787977,10272.285672272625,132.7294128243446,486.22324522234015,132.37285629494738,14.908783507834912,3118.754513016701,19.154223691404205
153.0,24996.949581366,10317.514345204447,145.18446903502232,784.7437757219525,134.7955288437033,17.54472467823644,3999.696022874272,16.648945984546376
154.0,25037.668875468386,10323.103515581566,126.84803276055601,807.2403206346942,141.79502247795548,15.342781731912462,2980.513253513295,11.63845760962287
155.0,5200.991766908858,31160.90620044176,187.06107351889915,1801.6850602017344,139.4419620265066,21.30308508149318,5397.42916128591,14.498000383395636
155.0,25058.057110743124,10353.35109672849,134.6645685195963,502.4359011808161,139.17674527156504,15.239155904711684,3174.461490799495,19.4200712407157
156.0,25076.86731396287,10193.232955372803,122.27514789636227,1878.3240644520267,151.3963039618935,22.373925090225438,5654.672210519444,6.969407136977239
157.0,25065.909079762307,10185.126250755406,117.31977164803975,1695.8409564613041,148.95747401653708,18.357143663944058,3957.1189345622192,6.288342603580548
158.0,25066.355649578054,10202.012289525268,122.07466940358587,1082.9652038722825,143.81936529186316,20.94148055049594,5377.57095523795,10.583933366552897
159.0,25163.54061290259,10184.311617339472,123.99988181257437,587.9053000680378,134.61906730255282,17.176680201400508,4341.95286966641,16.016255849803553
162.0,25066.028332825554,10237.623044007703,94.01440885093787,428.537908976494,135.1121662375658,16.15834864700877,3594.3865234856057,12.513368150863274
163.0,25262.434493805315,10242.249507204766,120.51574349994165,3440.2628686873927,163.03089814545143,25.997027485870184,6341.524103201986,4.585979197912088
169.0,832.4416174046686,1789.3367770541643,112.04097326834467,600.8807168245813,133.41840198756734,18.44185899230801,5277.098858497764,13.887209516743381
169.0,25323.982402397523,10441.949908054357,132.44923621845672,4722.830195521778,169.13792728811296,32.76531705004213,10242.45887948227,4.753990726917944
170.0,25331.708001620937,10436.523870264102,136.242489460946,4921.9159375140525,179.63932586476668,32.99259292059189,8989.331531707821,4.833363663832304
171.0,25330.154746771317,10445.21451904249,166.40935418717314,8674.63431861203,181.5531093985708,64.881643157251,19577.604102840698,7.0196434715720795
172.0,25335.47285580696,10442.282931280286,164.5577489399333,8474.192066892534,186.30030791273887,63.3793469823783,17029.700842659728,6.885989093418529
173.0,25329.678953518607,10442.115778245978,141.89733007905437,5501.763468865317,177.4653143536813,37.983233829996784,10760.023359925073,5.187689982194744
173.0,40021.7196832156,25486.528966896418,109.54982094435739,567.6232795343876,110.89520899640326,14.503843347385,4142.468437731552,11.810222983761136
175.0,25323.081564599815,10675.716751682809,133.08757062590416,671.9382955635168,126.6525617122396,17.48112977906284,4343.397691136942,16.33858368866764
176.0,4939.4234452981345,39520.147961414536,131.95025332814888,725.1364579219431,121.29582541278806,14.759155846650064,3213.6263008341202,13.257863802819353
177.0,1804.2091089178045,20024.701823114345,239.86185743231695,1328.1060421476654,110.0163902196561,17.175302137282014,4452.573518240593,25.26993809555871
177.0,3865.1031145623315,39698.935963456934,134.7614034845726,3016.979246057601,137.61381999918999,27.534578422085325,6056.071142765928,6.32828093759544
177.0,5203.4880637760725,7064.950430883289,154.13625071382955,632.7644758043939,143.5718314088633,17.02780372718219,3742.0563218255857,22.017489743798713
178.0,4205.92771665254,19230.493856250952,133.93031328914418,622.4400217322307,129.1944905299267,14.492909754106165,3021.538862813877,15.311154568150448
180.0,25506.81586136698,10540.178007165823,122.08499118729947,1334.5096584062878,143.47929923440532,18.51723309782071,4491.72934568327,8.150894391786988
181.0,1724.6795231487815,31062.62447930279,129.0920630881328,745.7154326237018,118.85110132364855,15.979163483827593,4122.27129672139,13.201766968266163
181.0,25474.280589360267,10456.522627737057,130.4259988698087,2801.2409973468316,149.30662624581353,24.190532156541654,6119.172484749045,5.860936124187327
182.0,25441.475934654703,10463.863716954953,129.91175980023957,852.6327112797459,136.35852564445807,18.247619307354316,4691.814100115404,13.10554846140711
183.0,5806.44988541297,11854.70409945063,249.48496954329664,1643.6687732556945,137.67404712616826,24.684772522739358,6455.6797754956815,30.751976652670727
183.0,6736.334818960311,18180.950379937032,158.5847428450471,1344.3557377195682,144.96298442268943,19.195674785994242,4606.036941741408,12.929657595996462
184.0,36645.74752967988,29360.045111625,104.90133365607197,816.7838187587088,123.4406708684647,17.013523231372375,4440.907575526222,9.04199163958589
188.0,25614.622972675275,10637.330665795094,186.05449970762552,738.2848073387236,123.46230694018783,13.918199574325081,2706.042380306637,22.80357027919558
189.0,14356.51579605459,36907.17488705517,157.60045827046977,7922.717024687288,167.73370396497248,52.831944278125825,15832.233159822217,5.814479747067438
190.0,14350.14245696416,36905.36832955119,124.66684092699383,3435.7780461934494,147.768600690243,26.82091507076881,7561.678688722593,4.928860447685025
190.0,25170.239263928994,11044.462768482055,114.45766329781723,490.4600996460071,134.9994158443955,14.641959054958013,2979.9469017027855,14.48369266847374
192.0,10088.126642872607,19609.376515591877,297.96710394587234,2622.778981055093,137.9424279422916,33.61976379742276,10316.367130003498,36.825496603914104
192.0,10527.770548219883,19056.295995931232,229.29047955997814,3712.9007101041357,143.20432025324882,48.396751110117286,15484.57301686667,22.265591327472368
192.0,10787.045327395854,36359.37743411963,183.21936864252402,859.6057046340263,120.08057256930974,15.664980539451907,3422.073225737758,21.274330416071233
192.0,25148.929482059226,11063.853450978906,112.45259574461545,2000.4220072741036,149.01603601156768,20.411141912541705,4944.6435073011635,5.499701422766083
193.0,8374.865582241204,18248.823771820946,285.9860309058948,2226.946216457149,125.95609927462102,17.960506617217302,3739.713618849081,22.515668959930263
193.0,8825.130978813831,30859.86513955505,269.4532586007275,1866.5206607985658,113.43440192489115,22.82487065782344,6544.48598137153,29.369897266240283
193.0,10037.55503802842,16784.83311956178,141.87201087875306,3260.1204747990046,178.1100196428313,38.7472279394065,12360.939658041778,8.359749193769902
193.0,11058.473564106063,17750.321981424346,164.45507845875605,813.3929238843531,158.2461615793268,23.602786872967094,6012.339461935483,26.103357001356592
194.0,8747.273776310196,30270.49171211011,135.9573809597664,844.8127310698906,121.46010652217274,15.8365587691476,3849.446391720846,12.869078000622268
194.0,12575.805884613826,31013.094757009956,306.37099967431544,1880.8144248561516,114.42084210842069,18.596560432039,4739.108402408353,30.93863420913781
194.0,25132.684777896422,11081.604835984155,126.95488240473996,567.322321246952,132.09406119465754,17.351693330458055,4402.949132577751,17.381503786185334
196.0,25149.195788134974,11073.055942028663,103.49718337004693,383.4569137883793,138.03343590594062,16.240344735263008,3544.4272746276597,16.308538814156886
197.0,34619.013652480884,33541.51422777321,128.85173302544342,533.6578643843415,116.90795801092175,13.837720420507857,3276.5863740232703,15.824705812707633
198.0,34960.01445992084,32220.590018980445,111.26135331165878,1351.5096509497096,126.50746558297436,17.03884574045524,3939.3784868117764,6.640153028796665
199.0,34959.59694145489,32221.780437673937,125.0260246503043,3303.9586841014952,132.15772824195926,23.20354364144999,6072.188500783882,4.699016755606255
200.0,34899.04428061234,32150.897976900753,148.37550398738253,515.0628444399492,113.26704331044198,18.0658502448365,5594.734916297568,26.12187561233838
201.0,3187.063940231845,6408.1394368475985,229.80107619605985,1138.0901629968848,135.51536907103574,18.03240766167903,4375.354854347844,28.11851819725975
202.0,25350.834817474548,11259.19908407545,144.0455112612204,632.2735314756713,132.83273607619617,14.249155391199528,2814.787560600562,16.92164130867048
203.0,23646.393092157534,27280.853714718807,150.98741308613847,1123.6442251342999,130.98558118173884,17.439105924014623,3939.272776861698,12.919112266885909
203.0,37830.689145321885,31104.025966306595,119.55258477659768,1311.0639677126642,116.3884965493283,12.801761106984934,2548.5261638744932,6.540131172116416
204.0,5306.880917777817,34782.164820248436,130.90622170432974,782.2901698920796,130.44294820327792,20.490662535613414,5579.5147897565375,15.709733864460617
204.0,37840.574927717775,31024.401013348986,154.8198837621099,736.3656552182557,117.39702016537031,15.964893904319439,4024.8128141724233,18.342123080446417
205.0,26643.505344806385,34353.582613806524,124.36552447386914,1002.8253984615747,128.04322844453893,13.919910833335674,2837.837644082992,8.875166445449157
205.0,26863.306840855064,32617.438436115794,144.25943169807655,1903.24582867093,128.08294124701195,21.53391495541022,5420.076085145354,8.836955408121275
205.0,39932.28999330152,24972.77187646504,196.56355828883636,1151.6826510130034,113.78989007531128,24.11920037626606,7372.116804531634,26.829677072670364
206.0,26834.243460880527,32569.269454809873,114.55715296027807,1029.4717677600518,124.33925128930399,20.004062035903903,5784.5726220258275,9.601446470719631
208.0,38144.73292224114,15492.229864263096,148.28800885555822,1924.1017767744424,135.38759989807002,26.776017939106758,7488.999245703949,10.818604947583493
208.0,38135.81571795564,15877.002853396469,270.12855159695823,2231.708121053816,112.54435588264911,24.52931382506597,7234.53499144645,26.567129587541174
209.0,31736.24749423246,37488.63432298146,271.511890862083,2420.034904756521,120.4147633914901,49.647818169152174,16554.99415235675,48.32830227950297
209.0,31985.29551472323,37484.781149441646,123.47397984800665,2138.085839884962,138.24018071556097,27.557978954593825,8306.46676812263,7.323538231857376
209.0,36977.35387770721,15296.574161710108,300.53891868083673,2006.1069990148042,115.00559251613744,37.35081312571159,13016.574973419714,53.875912738711385
209.0,37038.673017086374,14975.941276305066,165.57124489804966,1164.7333252246476,130.89932924664842,35.139150715268386,11746.848345052746,26.997983923359282
210.0,26331.11122755096,11855.214576655488,128.10902773409316,445.9305694809443,131.29481583492097,15.896811387171825,3877.6998563454727,20.460269672209733
210.0,37082.29136016961,14739.436317776903,142.13045369025005,1404.5714774770063,120.602608373664,17.425809905480925,4007.427880315071,9.628546606313426
211.0,21729.308593842983,33951.18780326792,297.1908380887476,1627.068035138068,119.28111493205718,21.806881327722557,6060.204171382699,38.76724339357377
211.0,26590.431922375832,11962.745750772654,126.35590850236044,570.0899986381065,135.2548923124498,16.994648213851654,4335.075617370881,16.87914256029276
213.0,22413.102645139534,6270.167516736989,148.94039063128068,567.0866475071718,142.401288693609,16.082524198493065,3461.951372881335,21.804012877233774
213.0,26720.561568545814,11819.554782900934,125.34094830460766,2574.9807482666615,144.39703589594245,25.870142367640057,6095.081240948359,6.1471224103138615
214.0,14523.918191702393,7725.218102528969,280.29536304962426,2587.497694989839,155.10811192040978,24.013375186387663,5387.3998036174735,24.291032896013128
214.0,26702.29654220245,11721.836621362025,109.45881221525566,606.8571179797925,135.33782359391333,14.46088445391988,2907.9858662332044,11.135141874880583
214.0,29987.65543516032,29935.898340329924,285.0067491504273,2131.2318583634233,113.2487685005096,16.94919022521962,3794.8332540011656,22.18280256926738
214.0,31071.368056384315,35584.02133530204,114.27946966603814,534.1824106097714,112.8164758668708,15.89775379288872,4267.41959203878,14.248503014163092
216.0,26308.919040486668,11397.071960649557,102.22600729666134,420.0554268096296,129.71695320586,14.606630812440681,3159.7807754742566,13.639842736776849
217.0,26254.48469261652,11399.065096510756,136.87329077134072,675.9701085262852,132.76506942331875,15.526181289878837,3538.286065231216,15.576295518474307
217.0,27765.452200748507,28105.567694896094,133.03677049447816,2727.1922330923317,144.5969890490367,24.259238050705324,5559.377056851035,6.196193196825778
218.0,26097.042808995884,11260.737349207388,134.8204876618985,793.2313703494086,130.69603573390137,14.362642290392868,2877.6655513171363,12.49663270936808
218.0,29993.338205641445,24888.81515098027,106.43846714220801,422.66346592828046,120.37084073306661,15.388873630428886,3742.0691120492984,15.09105105960558
219.0,26089.04866066192,11233.44997993411,126.03649998699898,1400.846497477995,142.91707001554772,15.812129232868143,3167.8640542319067,7.493002865102148
219.0,35384.33472900484,20102.96734921935,119.40367825537415,778.4818518227588,118.46582056883682,14.717554747429347,3644.080297373895,10.562200369237662
221.0,26068.21576352599,10650.671809072735,198.20117153461635,887.1866254696362,127.77344456686689,16.43087085329913,3848.158566972025,24.842417121326445
222.0,26008.981937417477,10849.112668707789,136.4010960238495,732.9292756102305,130.29521425090775,18.382009585057762,4783.262739864307,16.434860180129153
226.0,25773.779133004835,10555.93100167206,159.77820104858176,564.2235978134762,133.05436706104723,14.107435160844696,2853.413546967104,22.344514188966393
227.0,7090.052283537868,25718.37028453263,236.06358144120247,1050.6655496680844,120.82310048064505,14.770334984390903,2930.9681993202585,26.799252412753802
227.0,25759.05248179868,10616.406415076142,153.98931263533834,593.3536863521349,131.70237437166818,15.875731468924025,3952.2586924778334,21.99208125134372
228.0,8121.8858562575915,28106.03177902649,154.12845992653908,2071.130575998209,133.92451512672116,19.55104387679146,3583.891796579961,8.599365263678019
228.0,25713.03715974981,10590.452042407416,176.97838892633385,765.9637662192462,130.79423649108912,16.59472175264199,4002.3853223649908,23.287468416520664
229.0,25732.28246170187,10608.994677570396,123.19646788661647,495.3042652146014,135.0713898384824,14.066006720907628,2909.1309417540647,15.818514568514136
229.0,27374.34486630886,12707.837165801535,183.3750280388348,1432.2140908633012,131.70583041823753,17.61782358228032,3766.976296909446,14.782576174017871
229.0,31515.310742270798,4133.660907793697,200.27461960367845,1078.74419664472,127.13372047084005,16.63501507309485,3706.6904127976964,21.369263988873957
231.0,34740.318249783566,2311.9067944060553,160.68649745999244,598.204515547416,129.50485493537653,18.359735893179153,4846.985180205,26.723622993592155
232.0,22187.3588004274,35463.4287922971,234.26396803367123,1860.5321924636648,128.79933107758114,23.552197545394566,6326.053519878402,23.236204357824075
232.0,23973.84904529108,36628.951234576605,157.2976716324332,596.9614078943409,114.6559961038494,13.758391112342913,3145.147451250125,20.241126040253814
232.0,25879.81095107909,10520.250183097909,139.16883036077297,669.5580928630199,135.12428641570332,14.591752409540112,2964.580200800326,15.430912035411485
234.0,26112.962872827105,10567.114714049432,106.7985434455561,541.9700466479015,137.15514903894908,12.406769797734674,2127.716563980851,10.66552859878929
235.0,37130.192724051994,28935.103535523423,106.19758599574261,405.22540977737,110.58658095492103,16.399803610660403,4762.72870901437,16.369645176078066
236.0,26445.81802352466,10564.492508508254,95.72352747784973,655.5303856229527,136.1790800415042,16.1792320986479,3398.9066607506197,9.056215968323029
237.0,26489.395273630023,10579.328497174125,139.40526565303873,1244.0263636174805,129.433916025805,17.872915664708135,4625.141491208581,10.508831876389863
238.0,26495.824438150685,10596.362051905397,141.67729945920806,514.5792934589256,127.1722994183936,15.242150734253533,3366.062508727564,20.821520203011296
239.0,806.3538673066513,9411.732768124657,151.71344676125665,863.1026561394892,134.82710748600843,16.808467788029738,4002.755270209793,15.98499599339258
239.0,3400.5606722315797,8736.832521025332,146.88363824828681,797.6112798798005,133.2987522081753,16.233897925229957,3500.524955709057,15.76169848049685
240.0,8993.21394438176,27866.001533084407,131.40029383376347,3173.231461112078,170.5739414828373,48.36322095435562,19004.543455255865,8.965986699333317
240.0,9354.752361514096,28661.657393510428,188.9418049092766,2418.706720385622,168.77672740417677,47.44377411764624,16960.15148028284,22.75658907411865
241.0,10568.332958407029,31533.20098773554,118.19978831516678,487.90472224072965,130.77049753095355,12.551518599901167,2337.285493904579,13.784367030529449
241.0,11643.979245442291,33234.397548859575,217.07128272664258,1891.4905052537858,130.15986759403566,38.68086972602476,12651.243594793827,31.209239825790437
241.0,26458.065308630423,10543.135557598649,101.69426946534449,341.5918188329874,132.98477136694552,18.822070347816492,4911.70681331524,19.736537701011496
242.0,12881.537043991502,33411.78544721111,177.0193850739909,956.9944071793964,123.98869372227271,16.884518224649707,3838.978412392795,19.275872300681428
242.0,24849.68684106296,35459.87791430716,214.13473377961532,987.7683421722479,117.51399810971859,14.018437493212879,2731.633558642563,22.71512270198929
242.0,26824.377695526015,32567.873161802134,126.34231479346072,914.011391652536,124.18386683003854,19.162226688527035,5131.3952193494615,12.188831365788678
243.0,17866.825081405917,31946.679296065282,222.51425069770985,1055.4456045186516,135.29119263888137,20.900660908582953,5198.353529452648,32.42726112742549
244.0,19078.212393725433,35416.814398908915,142.72460835152214,654.6882865488077,124.10947505021863,16.703661174854634,4089.265066693002,18.27507864349555
247.0,10480.841352604999,15783.389421855973,115.15030878881566,680.5365753176179,138.9939236820156,16.944537918275522,3747.0517834672014,12.264671537413411
250.0,27093.55493807529,10449.02062628875,132.88819167549676,445.4038801032572,126.35062549896286,18.3313001340653,4936.569284367217,24.68114700850061
251.0,1680.883952604609,12238.105255624721,177.42006164546055,991.9268045396448,128.13702682080944,20.943827327906725,5656.619109567217,22.46638548078393
251.0,1913.3388068607476,11484.59943640654,144.4994834394913,587.6280780148248,133.14320363776065,17.56992826413047,4029.8261351160436,21.497154749344997
251.0,35071.6081317105,39317.30065869421,234.52981938306075,1252.8294373906888,105.5753349137916,16.589465351132525,3959.177513358436,24.83674049514958
252.0,36330.86737486609,32678.91588506449,174.74381402304357,846.8684129090946,118.40989457003933,15.63043764775988,3524.06785994588,19.757678207582853
256.0,39640.131496442234,6978.28657554757,132.78385617567525,1105.0717999862068,122.03443314673927,15.206308833418836,3534.454496069049,9.609120489256515
257.0,28458.829139292982,12773.424899884736,105.63171768443739,476.8353812005241,134.16586620258443,11.745636068169793,2084.8484824813117,11.239151140473945
257.0,29052.266332650994,14089.783573717785,219.35893833028408,2000.947093072739,131.04011064618703,24.031557999793947,6121.194691896233,19.52344465714073
257.0,32030.97705015433,13872.266901823506,122.45433911841631,492.2244282899427,134.21538473675832,16.862800916497115,3975.9258692310054,18.098464237182487
258.0,28477.699318405044,12826.992458703844,121.89427196114784,1469.6653940170581,135.53917247063197,23.31302181651782,7386.762594245012,8.76805371200208
258.0,32300.109726814553,15619.349946201017,191.3794205072279,1156.6872860836304,138.46951069560907,16.206586076145353,3231.6256771612702,18.08191087414197
258.0,34755.61977108067,19259.785794489002,103.90768898738374,424.26858444185154,124.28600596558131,17.36480033368925,4725.499996431514,15.811147659954614
262.0,34075.33611657542,18044.75534208701,162.2015530708828,619.0719210095647,114.45323349519576,15.014600033861036,3521.2163268008085,22.207467879503454
263.0,20482.01573637546,12604.032006207728,159.42124664452967,618.9867783094211,151.05542468339206,20.797706804080732,5444.450215727373,28.468512819972503
263.0,27485.90969538708,13161.018375396954,128.21649301596972,481.34645450079216,132.4096503311576,15.743479000034693,3465.7629556735706,18.97620593286006
263.0,28906.985173941623,35761.47288690242,132.89907707364083,537.3044460320909,120.6187745516837,12.941954807095824,2649.498880251434,15.798414939955771
263.0,30335.059825783643,14199.710200897467,412.4384249037699,5206.96360508363,112.7298792378811,32.30977279418915,9883.821466840438,34.25400470291817
263.0,30654.55072357324,14380.639297869118,138.3385309651708,905.3925256877077,167.29784938769595,34.769255955625376,11206.839345274193,24.115414084811523
264.0,15915.270863630494,34540.978170917624,160.90254973010562,649.0102558782824,124.50755248318343,17.73594690592888,4569.692267428777,24.09676032360591
264.0,27498.18956967933,13160.101420801806,115.40855227370582,883.2873280809903,134.6883666415876,14.523800030595153,2874.592185777123,8.956851300961501
265.0,11906.643581212287,15015.53732319792,138.19711999375454,2010.0225918765552,182.6487427614131,29.243594615948442,7737.467415332911,9.838972018199689
265.0,13699.604724567816,14112.923884635824,277.13751764863434,2165.0200158332154,143.19454555954698,19.313360313736545,4536.341526889862,23.207836029236738
265.0,27492.802082394428,13186.152587655743,128.03610845704952,894.3076215607084,131.92221597365054,15.226245299394368,3170.839760359788,10.791707521973855
266.0,27472.714872220695,13190.360014617185,105.10888247883702,754.9374635165326,133.91292715307054,14.162983377499176,2796.139895808576,8.646683870129351
267.0,27499.836264634327,13180.224502924675,130.5472646461004,1031.9258464453987,133.23800609567311,15.95027537768109,3646.449334274726,10.200855108745932
268.0,27482.53073860759,13206.254651887335,137.14009156501064,978.9339622949632,131.51316655224204,15.658851469196552,3525.941711924666,11.425856886481764
269.0,8921.953320044966,28359.68040552215,183.07272602268873,704.6611961566529,130.01366572671324,17.10471497926645,3783.104221725357,27.49714405091363
269.0,27502.730968520766,13181.323324342646,135.58888966051902,938.66374077046,132.37425071325748,17.369415562312064,4238.290025652175,12.508686926758358
270.0,5570.942393354313,27830.51036506891,160.67820953276242,2026.2354197272484,157.47850779477074,21.99507164697476,5076.706608979377,10.227599244153849
270.0,26049.43981487061,39293.13697502466,117.4331390806195,1016.9955887297011,128.09676309933724,14.21036878960244,2597.403984612702,8.130487826958083
270.0,27488.363351634267,13172.538201188207,112.98116460332791,939.0886449268112,133.00016362459385,14.270223063501625,3074.3775650869384,8.175132569048403
271.0,4265.17406814305,27100.33097882368,193.0782786089176,1373.4234926508386,134.3540626399447,19.618185535902224,4754.527262253688,18.377048791507697
271.0,24683.795551557625,40121.71933109832,125.58015926373753,3655.7579809622275,138.44141061076635,26.0363849577366,6760.280717611967,4.663163250730585
271.0,27497.6900502503,13173.738036072718,122.08629080281888,974.6363281807741,135.95256153756893,15.81498191920581,3315.7470680936417,9.534126751270326
271.0,27432.390523527683,38073.1659767053,138.7242563681763,1194.7740192673875,124.72581237314091,14.271144456838341,2972.5089301808457,9.300908069795744
271.0,32619.00965463824,10186.302331811521,119.07193906494142,1060.7318023707724,123.536280050859,16.79790677808922,4523.367131972515,8.87893888896519
272.0,24682.11339919002,40124.13663672474,126.82912676581795,4305.640752517762,139.57471102790242,23.361659738530452,6000.160176653629,3.9413109681820844
272.0,27504.788150304732,13178.427187154908,126.46067383520933,925.6068326365726,137.41344987918205,16.70131608041101,3883.7703228776804,10.936614351845513
272.0,27623.562252758027,36858.557099048405,150.528718612619,692.1408920143355,116.21137327332782,13.102360737867377,2767.0194516348006,15.856443944749119
272.0,32652.519470430267,10181.54137973399,113.5140079802057,627.7419021435019,120.94971690673201,15.112992322035499,3653.351302662192,11.835571393124253
273.0,11824.06814176707,30680.061614714377,120.36163088507541,1280.1926922180648,150.20773534400067,21.269131884271342,5156.9404376473185,9.048094287768123
273.0,17324.05556924023,36822.45540386642,122.96558175084856,1117.9565132206274,135.49917777856035,18.8652223201958,4961.804007397784,9.677658308363986
273.0,24675.56792726702,40128.99058879885,121.97181078581345,3977.090887892815,142.87347105551282,23.97238327064953,6464.77952209545,4.000666017833037
273.0,27476.6191719042,13189.635769716831,113.79322772963053,1130.352563109779,135.20284467806485,18.344093166389566,4755.914155738936,8.287110965702666
273.0,32608.35630923383,10180.216088864421,113.92721233212683,638.2221581231463,124.79090206930307,13.978587281605511,3145.3001183339093,11.149699827437908
274.0,24682.346008817363,40128.65123607455,122.946886200455,4098.029098753666,143.26460463351617,28.851438980298603,8762.822837506177,4.376103697694167
274.0,27220.209038204455,31437.752100487356,133.5483279202328,618.6445604116292,126.61364705609834,16.51791100182052,4109.824806738911,16.926379497971627
274.0,27497.398945011344,13161.591565090268,130.1424733884543,1107.8979409907918,134.84934427456952,17.348276985387788,3885.0206318313,10.119393108117627
274.0,32573.532693262696,10217.366279379137,140.11094303905213,793.27718882396,121.63784903793591,12.780722544388068,2433.9238358956445,12.31247580240991
275.0,24672.176728621303,40121.99922754758,127.04116501978204,4417.560052719578,134.2815035551159,25.673080758251846,7097.680537626229,4.065705476751857
275.0,27492.266766785517,13144.903130955427,139.40488588347984,1174.0367667058742,126.86946501809169,16.21145909589389,3559.9592804990184,10.31930058685459
275.0,32610.999024220724,10234.379348378594,117.16366519866064,765.9737682338679,127.71301493224279,15.240141582378083,3315.690424312684,10.618515286769412
276.0,11948.766445293573,24846.147590872002,215.91499330021742,1416.3748906186506,139.71125251121833,22.278601101263053,5683.325825318032,24.53316408085439
276.0,24690.308677331268,40118.09752857529,119.96678446812011,1109.3671966330107,123.67455033480256,14.55107121973401,3074.674882508423,7.954369330483766
276.0,25481.404694620924,39815.92658547302,157.09534216550605,934.1169233510223,120.22550447597703,16.762468593902668,4341.008386520137,15.813490011149241
276.0,27507.52260922683,13188.772388851048,129.4740560701325,1007.8533089374332,136.28162827006696,13.970764944527835,2492.823782758308,9.43596129527451
276.0,32578.727019783517,10242.311434111218,127.62184932859078,736.5280963813443,126.84992163928793,12.931683432014335,2442.916980314375,11.330720218472766
277.0,27496.50917987807,13201.144843941163,129.3011445233797,1025.0533946680223,133.01992830538558,15.230395510350188,3238.9511618313586,9.799047403502685
277.0,32545.63482350373,10252.575647048616,119.67298249570703,715.2162812940711,123.09521315111049,11.972369795279933,2266.4394497346893,10.006534413071602
277.0,32711.963794877913,40233.90129595106,125.57394802895173,984.0584546392483,116.17335866109725,18.96348534286006,5807.080461886998,11.224459706046883
277.0,35791.07176322145,13321.997299595365,115.60530332487886,779.979174901425,123.1552698157401,17.348146460166006,4116.447321724069,11.171885256127323
278.0,27502.80641643737,13198.396274278824,126.85030911265744,1010.9331386291232,137.50280373639848,16.257506842140856,3355.137621616725,10.024337373022352
278.0,32556.140948683813,10261.40976173723,110.97344045113331,646.4732399394849,126.68328249511882,14.231793932002404,2831.3665677030062,10.697118026905756
279.0,12959.106336273608,20731.04573837154,131.0609833034244,2784.2433674262043,166.20888472096087,27.117671186221965,8062.793023310512,6.396876149127229
279.0,27484.11329718195,13186.646842491025,140.04769582515942,1380.9309520228926,129.18763407930481,13.665635991662601,2651.0490028598156,8.20869976104343
280.0,27487.181744355385,13174.914235020462,128.64711338512078,1097.24818082808,133.84060138969795,15.5594336365404,3151.2018870402862,9.318880344310283
280.0,32591.11927024268,10239.94795073074,127.85154938682972,877.6461356015379,128.42876417656038,14.300716792540838,2810.7209712908693,10.496459284182574
280.0,36696.38948693587,19781.691854766566,131.1595867435665,4997.897915996851,141.33725662983636,29.31531221396397,8489.108483492642,4.174614944358187
281.0,22019.66622117319,36754.169987149144,116.75569948050217,634.6928537916491,121.66132057267332,13.644648671855576,3158.2785600680536,11.474104016238808
281.0,23062.563741701368,34614.05375055814,155.3864808380686,723.7842275545129,129.55172616118898,18.72911068826054,4832.370408458312,21.394005484430384
281.0,27481.962381675377,13196.491161524526,124.49613248667134,986.7273315022243,132.94130042307103,18.486159884285843,4661.669980784523,10.833955183473414
281.0,32529.5355192892,10254.534658447355,146.83122181181864,924.299465589663,122.5414262950584,18.18628630250768,5380.109689869988,15.093635950027826
281.0,36691.598668677296,19775.535779758433,127.139876136077,2218.1912871952973,125.53683897663522,19.460508863777136,5253.995503072007,5.959658452989741
282.0,22042.215510062477,36812.542082466345,158.4253398484709,2257.680041307967,141.9347852210446,57.80909966978713,26125.674719923696,20.82691480483708
282.0,27495.27604957771,13188.348050361496,126.52207445561687,1118.7857254353005,134.44044836481336,15.06766461514086,3100.811972879312,8.758232239717744
282.0,32514.052726427777,10214.580427550787,102.86652570223275,739.5634832662384,125.45842636158993,17.187693195954747,4445.428245409501,9.570016931320046
282.0,39043.09177104846,19030.81480918091,128.77881611751272,516.6109159715162,119.56332127909056,15.077808468160972,3590.7169501743865,17.35461576153948
283.0,22213.947605233392,37120.38511197282,125.55359892417799,1889.5113452445294,120.61599678255187,18.422766448844442,4791.773476417921,6.425301816765435
283.0,27497.496496405074,13187.730676645544,123.15359692257445,845.9982165859224,132.91541700439706,17.912341636841465,4219.92749819723,11.868597322276905
283.0,32514.85911348502,10200.818139089764,97.80611520769659,546.5850401812977,132.00311516203735,18.54757188503966,5249.796135097382,11.983770108340206
283.0,33998.16477707437,12678.80206350879,226.8625864219351,1145.5258087183608,125.5317189968362,21.84307292508076,6512.173596750011,32.39047878826063
284.0,23217.62999126687,4657.768220866379,260.53529827067246,1284.2110880168034,143.3394152709681,26.624580840427317,7661.083839158892,45.56497341083964
284.0,23212.482522513248,4800.581434870828,373.0844508344,2489.9799827766883,132.78162509566855,24.07894469571829,6352.4187692556125,43.74733083451702
284.0,27501.912299743475,13180.840062528818,135.18149704107728,1253.6532543827298,132.8142333457231,18.48100847457886,4778.333628501822,10.147884009806203
284.0,30611.86029823014,9158.620375276047,264.4545223776776,1997.0384187268476,125.64066537323649,17.631431276154004,3618.033379462492,21.215699889235356
284.0,32508.931736668022,10205.749593052957,117.86245360140975,551.479581989488,126.93998003001072,14.39833558553083,3135.833543722411,13.600402339816801
284.0,36307.568929946276,26708.135829757754,123.19764768590487,1374.0306478849993,119.10334607693885,17.01541540982557,4238.647124909113,7.66452029754622
285.0,22256.784367834993,6912.964040985134,99.96771996498356,498.00802053330676,176.31552634172482,23.122482570257116,5843.025587205075,16.074749074805407
285.0,27502.752557657066,13195.507698042284,99.8511540635398,1016.7390569624903,138.35615807922682,15.136511878839311,3334.410705547131,6.602016656537402
285.0,32498.060017452994,10208.36200418142,118.8209313588686,599.5866094291035,123.5786046704162,12.265973138138847,2509.975045502454,11.555891476771874
286.0,10379.991572562549,18987.46521255511,145.943405110592,590.2218169875765,136.4719484594292,15.144072875583095,3060.3481409107444,19.304485700770716
286.0,27500.80305194392,13182.90794236975,140.96591088734482,1257.2399505199737,134.41146673605994,17.112837421117497,4329.036473580875,10.296415761776595
286.0,32477.218554731066,10196.5893042269,107.13611371250325,499.24253289056566,122.62548890991242,17.50823480057386,5060.303639393885,14.535663744771032
287.0,8938.80000323615,18849.40592030675,444.2922020263525,5079.2297506767245,100.46044788924173,22.47487819788593,6508.740601936649,28.92365937364295
287.0,27513.878224399792,13193.909888692335,148.6884224676966,1297.5530284793115,129.45387308981995,16.6714785932777,3846.4688018912125,10.766375593165831
287.0,32493.4654012731,10216.973145229085,126.9429262074521,579.78922457326,120.19137242387528,17.20092452045988,4512.36797649514,16.924515273826916
288.0,22864.97913825523,38477.512563438955,129.34380819156416,2463.905188220971,126.38131965267563,19.494955966563218,4970.693378284589,5.643937248560029
288.0,27504.745253485577,13197.444697912799,144.2072196969074,1052.0848613786663,134.14386604512617,16.67873939895912,4071.224485644661,12.230425346298233
288.0,30350.811461137793,34080.74012025296,200.95561699118707,1750.8456555877567,118.79446574956829,16.276494248566912,3415.222518635585,13.691024939698847
288.0,32526.055060059807,10235.23026610928,129.96612476700685,820.4713162838963,121.56221719492164,15.470663321693431,3559.8114842024343,12.024466367489829
288.0,39485.43482053777,40166.35543707741,126.24881180312303,1897.7635516175676,115.68696915291964,18.238702685875467,4867.942085513191,6.421410890933621
289.0,23886.494569780058,37798.246393114176,183.0511664886615,992.3287643186768,115.22442696725778,17.606196533841214,4462.356425000534,20.518751691096742
289.0,27510.540247282166,13178.65166828882,132.81176551362637,1162.7145384104454,130.8433657939653,16.426411923018758,3732.943162224739,9.689575321215955
289.0,29992.41968698382,35992.27595045179,121.01561714268921,2180.4015091428664,138.87974674204702,22.96262487739482,5961.399243195344,6.168193913246578
289.0,31987.571982376143,10554.435137970086,123.013689141298,694.1006555079288,128.13285840062915,14.833051491590956,3271.1642351728374,12.271928643044202
289.0,39479.05863180381,40158.32408724118,131.91971099214274,1918.12915849198,113.81642435646597,19.811692479987755,5194.115641464313,7.166845227653343
290.0,9186.660489155634,25810.45998824802,206.8358993986379,999.0145217615768,129.0373663838545,17.86040420468129,4369.383963171114,25.870968389470498
290.0,23306.556952579624,36240.95648633011,149.24308528419516,538.8327405570998,120.30374267906055,15.705415401771496,3557.2465538020647,22.48515893389288
290.0,27499.107819605295,13177.17652716012,129.25018781991213,1006.5538846114124,131.65097487409847,13.489865935775315,2859.284885700427,9.22600011366006
290.0,29992.532293433913,35979.07321968671,128.0710219068579,2319.3242018654096,132.88592501104367,18.013592591423524,3824.9651876374355,5.584417455507617
290.0,39470.0971609868,40142.25078654425,116.88676007709975,1846.9339567274224,115.83057795091266,23.183236243602554,6588.623470214876,6.721145088317681
291.0,1023.6979055707195,31760.245949286014,147.67564467900465,1269.0592107979915,127.63764015552348,17.55523755152415,4428.879909540676,11.247420077985401
291.0,21432.541068094793,37525.923406681315,142.67578570888185,1370.197097642693,134.9400721784892,25.839829626170037,7679.541099564442,13.332596801946863
291.0,27514.399048826715,13187.19238281488,120.81387459022164,1005.0814882325402,137.8535000689222,16.611333977463648,3451.209481873489,9.433590084026555
291.0,30003.84317055906,36000.97055132041,141.8259831163259,2109.0736419172054,123.9593804159958,18.523239739180042,3966.3992291798218,7.148341380458488
291.0,31914.39696715644,10475.623167618347,112.52095530000585,546.6958836431048,124.75217683445116,15.213694602055234,3261.3896825334614,13.175114164934097
291.0,39479.5105303102,40160.00931645468,131.51083978583196,2020.7738608022705,112.10051087905491,16.04914661853453,3161.9356889517276,6.075912834097036
292.0,24920.807467948885,35279.4356800183,176.27155014668665,2092.489488793133,143.10617492146287,31.065260294482954,9129.992851621277,15.564309502989449
292.0,27501.009098318857,13184.643219058667,124.82347932219324,925.0181961126674,134.9730085404615,14.15031895745856,2801.9206368305745,9.614630970910673
292.0,27430.884867163826,36112.15248372825,134.8590245475284,886.6582759379974,132.49814864225775,15.46265005207079,3291.6813267567895,11.97516116875481
292.0,39498.26624855314,40155.29360775145,125.46884983339739,1862.1996150574241,117.55746051680525,16.06444537429307,3776.4324838288926,6.0310150342246525
293.0,27510.780462973074,13174.528168257413,125.0780163612753,1216.508973016643,131.81104216522095,18.830242591727313,5381.102454355145,9.260115882649803
293.0,39493.95231264903,40162.46936852512,127.7966541981246,1992.5360113041133,117.44751025499436,16.078792872142177,3421.8463605939364,5.892158506410544
294.0,27493.08260553727,13209.675107881809,117.71123490922682,918.1911980487821,137.68872437850874,16.91688338145047,3422.2831259908858,9.862199003577851
294.0,39479.63939668212,40145.67850549121,133.71239175913323,1934.7873015896037,116.96587490896755,15.538302122742559,3448.983109702495,6.329824670579936
295.0,27490.497299460516,13159.595376164374,134.4248275165208,1029.178611266222,129.9576803478585,17.482168022652406,4805.704971772206,11.4379393186218
295.0,39482.81712120171,40162.29664123719,134.25492747524632,1965.276566197855,115.90614846799292,15.240710848779022,3332.2761685246696,6.23204876193222
296.0,27494.594103107327,13179.659069780713,131.05324606178175,1031.1410552073132,135.76340339279437,18.584486911887062,4387.643068571136,11.428635303237776
296.0,31770.557255908203,10519.506682225763,160.23158778806382,718.3713040390788,122.78610465256193,16.030790078423248,3832.0624047375863,20.018398184914712
296.0,39496.602311716895,40160.961250358625,117.93416500281386,2068.1096684940226,117.63555793271145,19.881919794567658,5058.578062590019,5.678259265229641
297.0,20302.21485290747,1889.4334190257796,181.38319791970602,1804.87071612219,158.21985503834222,22.158766142985208,4749.792057584581,14.135673466334499
297.0,23520.75001239446,3338.306920741243,138.97866866652222,1691.752243975117,152.48866884342,18.94902966043871,3613.966300697165,8.402993504401712
297.0,27505.05195119618,13179.913062562187,115.59620326966676,1235.0489395847003,135.23752016314123,18.005850226775493,4386.674127014948,7.814979159150805
297.0,31729.011394305675,10555.49040793216,119.3735873800423,640.8143113122834,128.8243068081406,14.532193851776467,3231.4146470793107,12.311838756953998
297.0,39478.25937137148,40158.281580647206,132.70520151532364,2101.364229230248,112.24723045556718,17.261876858906085,4702.489255333531,6.210385397347717
298.0,27511.557045313828,13193.57934014752,108.7270026470225,1032.0501714047537,139.96198388301826,18.72899088333247,4594.605815797443,8.408538050265845
298.0,31677.788971976508,10575.519991045154,127.4636112238806,852.7997758938748,125.11676222072488,16.36826835357073,3980.564542317965,11.715174017907728
298.0,39490.13053051699,40165.21205186642,121.60850187635674,1988.5104464040446,116.75336030812339,17.66650973986127,4054.1583023028625,5.752800752172463
299.0,16150.99625694572,13531.596592531801,251.58654058483464,1466.6569302763014,138.19398028816184,15.75949748637322,2901.246537796803,23.4009940179843
299.0,27503.735853117138,13190.74945659152,124.34499848835823,1120.0778338914704,135.10609375712082,16.56487270892239,3340.8883360055984,9.02604053666424
299.0,31709.44201544726,10610.908519470506,121.95146131945852,579.0145640786344,125.7514554865246,16.932162945135723,4342.069502322772,15.589883454508232
299.0,39482.58139977665,40159.735418281394,122.96866473131597,1986.3081516109398,115.70200377744771,16.88713406049442,4154.47261419291,5.719819286238365
300.0,10246.572209976743,23704.155841011045,119.1523580578946,909.4379438968423,140.14454642220156,18.999675500401075,4888.980158939368,10.999873830374698
300.0,27507.66702912202,13188.810973241856,120.59130700670367,961.5451175808615,139.52851903506544,17.835538878679497,3912.041888944813,10.235856045847424
300.0,31725.319012407024,10558.249959695137,108.17620889566656,1068.0895944761119,126.984734245964,16.945885992179857,4201.690175575684,7.625772622639062
300.0,39492.79682930593,40141.010803777404,129.70609655947226,2133.168789236637,112.71025617126351,16.499590929657096,3700.6794466796728,5.796107269234182
301.0,10271.521340360536,26334.266729486513,161.92897484618527,801.5054208183279,128.4755577047583,16.27401181845875,3598.7973951750964,18.70412690099998
301.0,27492.793375675057,13199.085699272842,144.00302878557366,1058.7291851704108,133.99796855279516,18.461033516445653,4435.602569896893,13.082139586289003
301.0,31718.584555891055,10561.87026646589,128.4988488559842,1353.4482075365045,130.14858065011745,18.283594041640313,4394.685946585413,8.684447874595387
301.0,39492.864177702104,40147.017801402624,135.1504774112841,1197.0668097323623,112.83451921079683,16.390795937475566,3819.7829570555923,9.719123403771704
302.0,27515.175513899052,13185.483780470136,117.57963850696092,1084.8558129987,135.98340719550163,16.094537494456446,3361.965735176566,8.321626031387149
302.0,31731.939338248918,10611.874497649991,137.881431303321,877.0208757265938,124.8300666234252,19.545856846697717,5606.7318856815455,14.974096631979323
303.0,27495.603134650446,13187.897891895716,115.87605831569805,1114.797068014381,137.6036466943018,16.313534114986883,3565.4578514787063,8.022513814597016
303.0,31749.59876150611,10678.400138585306,129.42686461585228,1172.674317732529,125.67897367124625,16.136182960410203,3572.8332483448794,9.120578364018067
304.0,27494.377728524818,13189.018882944647,137.3580391584666,1134.449259625724,133.52055388782816,17.12709425772548,4036.604599123938,10.760093228530284
304.0,31754.598426393914,10655.078094231136,123.06717009588023,1052.720739042287,131.75303948164196,18.158771681141282,4555.347447545139,9.931115675975692
305.0,27505.575767811,13191.775840137387,141.45212735290124,1060.5120213923449,132.2487411500997,17.005047864594726,4000.7275712924466,11.91854800339179
305.0,31726.17402779636,10659.803396304063,113.11638421887686,1015.2841020856765,133.13956460780562,20.066124968936123,5344.936724680915,9.531912266852768
306.0,27502.243115012898,13171.459171453911,122.3183946862044,1122.3954728128485,134.8143683676126,19.334810117579757,5279.047945877145,9.725045295771688
306.0,31729.618737042972,10652.597865814172,112.2348760848259,975.6032940655203,125.97522105346617,15.492353714205123,3437.472156696668,8.231705874410153
307.0,1473.4061890688438,30176.560080369574,165.4115979161971,659.2272721442691,117.14573049820461,14.060380901981638,3059.743212265653,20.609785081285253
307.0,27494.971067966253,13186.428462954791,111.06950090085401,926.8181827766361,134.80153110303937,18.43097525316041,4847.0337308429125,9.41944766563237
307.0,31715.554876526818,10634.855676908799,138.61684418187062,839.2162878348076,127.14409083530572,14.131780769374373,2934.335488348357,12.344206033935384
308.0,27514.162089596768,13182.896843111379,130.79527523399517,1031.4292118928863,135.66174786174543,15.766941277410721,3569.1071025403485,10.158858784973857
308.0,31719.585785319305,10608.915222959618,132.82981941137874,781.8895625028597,125.46999870849426,10.779862968797389,1669.6731684460692,10.327184513845857
309.0,27515.69184338128,13183.160224942174,142.75937224145258,1476.2019067130802,127.3245274442123,14.616105994858923,3107.727433578717,8.337771999155713
309.0,31675.24115422715,10628.50453178673,154.12775371820422,970.2154218977735,120.76867403663806,16.547344517823287,3810.520408590155,14.639982245859185
310.0,27497.25823117921,13192.588790060508,147.21275811141706,1060.9361294707012,135.42554665280147,17.203292789134718,3864.745759404274,12.868712867934356
310.0,31732.533479475624,10706.750799340327,143.95162379900054,528.1153479027868,127.6297040374037,16.01570678015471,3961.634115622279,21.7959014813052
311.0,27515.932163060566,13190.014000849093,137.4528503130496,1153.5207196680094,136.34807688795118,20.110234805113706,5181.331219519504,11.93481936357144
311.0,31835.980769655445,10753.222645745884,114.59745517292043,798.7069771882831,126.27785091487802,15.655404846161968,3334.7008637870167,10.069460566692149
312.0,27495.962486370747,13175.2960291719,123.87257644247708,1170.2208385459426,137.01764947321598,15.23009446976638,3222.3056954159997,8.226337163494915
312.0,31878.822786497436,10758.377230771906,122.92248117196011,752.6225911269952,125.354758343986,16.796298002346983,4050.5751444786915,12.489793062089495
313.0,27520.343602037494,13195.961575320394,134.16770459944507,1038.1335961736613,138.7919092947246,14.40898311433981,2804.7015903609613,9.938151269734226
313.0,31939.97193293865,10784.690467644206,153.8720041123012,676.8101825939796,123.5671843994854,16.44768105918646,4275.9584228857,20.054976123857195
314.0,27505.301782618662,13172.262992774286,134.5160114518274,1054.3454158484985,133.11712283793347,15.723492744040653,3441.2787999862544,10.42646300958035
314.0,32175.514074960713,10728.326918143597,140.33016940261538,1310.2278787839764,124.33501353047795,14.899624568560426,2982.7515026305905,9.028978193142411
315.0,27508.22546401687,13198.823420721028,138.50571487548171,1162.9585301670234,135.0124343778952,18.138053694362977,3919.609308379419,11.1264877565586
315.0,32134.3555006677,10702.60952275508,115.869859593203,1540.6015821147942,137.5316412717752,16.41938863303119,3886.8249247203785,6.25710237463889
316.0,27498.147311348985,13188.252000372568,125.22889088479685,1086.4337776140628,134.9924938788406,15.220734396699214,2928.8538331880827,8.876708170499699
316.0,32138.174420234736,10683.852834494372,139.47066048600453,1675.7054434320914,127.10247965495164,18.007146080218874,4013.1621451557376,8.240871541434176
317.0,27496.686245113506,13180.69733898573,113.8842945424562,951.9472270090906,136.7629459789596,17.876467109006494,4052.7841554691804,9.403868737359174
317.0,30066.703434414176,33955.29032194364,154.0215453523618,532.066806880307,132.30400811469477,15.876636007320394,3449.0396565801525,24.316180765530483
317.0,30670.70400464135,36559.961390436234,263.69237667559554,1576.4679546357859,110.70449225046518,18.198516377007575,4376.730593646381,27.019957187244298
317.0,32135.783414151698,10689.167111151182,127.2426623552629,1801.8656284012486,129.3913891892799,20.99806391738627,6247.981960719251,7.384513103640015
318.0,27502.98959022997,13202.700655279617,126.0255976053276,850.4261105341023,139.8508164176872,13.587188086098875,2415.1624717401405,10.190280396942349
318.0,30010.625629867103,33914.10773456652,102.91854288245817,410.18944631750236,123.6736918006702,15.021414705884133,3279.770451051659,14.365282316102487
318.0,31053.662345858756,38328.82594654081,154.31929447982137,611.569699296553,113.37677621292545,20.432395352679983,5931.469276985265,26.657962065145366
318.0,31216.933027717412,35313.34563262946,134.9055745459504,455.0566501163797,130.03076518972688,18.00473356287887,4858.140149872945,24.4967878072833
318.0,32119.687791932352,10720.60393572847,113.33172557238402,968.9635644086824,127.03337348794854,15.982443800693126,3737.7412686479247,8.561806552633676
319.0,27493.6476088992,13175.797801530993,119.69710223134967,1139.1722153948015,133.14456758232194,17.234416394474824,4137.280168735677,8.585555898012245
319.0,31988.884728790847,10674.864578011488,141.68294649132534,969.0376603898023,125.88165893549836,15.11101211552266,3226.3818048390112,11.875144437845075
319.0,32699.516750304956,37555.03701827959,139.79079158510538,976.1696081126802,124.74509181936939,17.32314719861759,4516.692338214688,12.718053084079784
320.0,21704.600705458844,12699.870143825578,150.6450044301964,636.5913802873014,134.40241537361123,15.674604327934388,3569.394985662535,19.621875854594123
320.0,31945.410254719114,10641.940354243856,113.8142217764741,778.8100742799276,126.7114446995846,16.300062026407637,3892.3880697965565,10.442305470235842
321.0,3784.211140981485,29522.251212062685,151.83272756217977,685.9917139044128,134.2017133819554,16.053861004628068,3605.5387645662695,18.964061927529862
321.0,17247.624778523004,6935.800729538942,143.70956341319643,680.8678082873838,151.69491948364416,17.386997511006168,3591.272999066915,18.446406578814013
321.0,17707.13185537705,10508.267964764706,228.7198217930786,1193.8873075560487,144.47870189880345,15.74417389431165,2881.1829015638036,23.717541640576485
321.0,18429.33973219105,9062.474375985596,214.4142502666951,4702.693502957669,168.22904118703588,55.18317977020938,15232.834276853539,17.587529178099306
321.0,22603.33385350692,12881.065954954644,170.0574147427933,2276.0771685000404,153.8203426897637,28.02625516400978,6764.709774061922,12.345011078468781
321.0,27553.39900166362,13076.93761007768,125.82552669886509,2709.65730203825,145.5448261796315,21.521598919634272,4937.149672677679,5.30874139478848
321.0,31969.163060492207,10606.938098530229,121.61650962773786,498.57797222621116,127.94860382659323,12.26864501307873,2273.9860373682336,13.972956810311468
322.0,15757.117958371146,6850.566235119648,158.58935717384387,6559.637602207157,208.5112653985929,47.56413484237021,12167.281311450257,6.407213014744886
322.0,16965.096425459986,7182.936356501695,189.54892500466025,1683.4749358344284,157.24902112413963,23.010251710501137,5009.10470555273,16.84299467397705
322.0,27538.416927917722,13069.552893934244,123.78160890764255,2513.714007102264,150.10039952812684,27.021744210572447,5414.205590162576,6.324377974201659
325.0,27650.857343365173,13125.715592784845,123.71076016052189,632.6893167978366,130.75114668106528,16.53144366888495,4459.141868529057,14.514781795632832
326.0,27700.71526824498,13026.561471154408,96.68285004555149,465.52629534939416,132.14949741230564,14.131228458268936,3072.0620457364394,11.168084353004506
327.0,27679.437033864884,13006.773881164316,112.556463015113,578.1070550918892,135.20641405713485,13.041677141609412,2372.3351789718467,11.343605245897889
328.0,21950.230470004153,26239.6475235179,130.4679257731108,757.0415506872463,159.61408975581506,28.26395838307829,8437.400934795387,21.195609248835723
329.0,27511.426004296896,12806.58058768122,150.91412560487714,610.3115941002281,127.85475662388014,17.662408454861218,4024.7741062641962,22.582401834492444
330.0,23956.79627721987,29238.053197509413,182.60558087573065,1031.2020332022526,126.63758378230632,18.291196281737253,4431.189904963089,20.359023091861655
334.0,24560.625305444017,25110.7031432957,227.1851920275211,1420.8239516007018,127.11457349260573,17.84908511564895,3781.6288210712405,22.18283462194017
335.0,28176.93539482738,13686.514171977662,148.8405127185743,672.5409578535736,128.43949006400373,14.836016176804986,3131.4160253176633,17.505371175196075
336.0,28206.366177139756,13632.616214560916,131.1801800695205,952.0531008520978,136.68108733918726,13.906379323808089,2860.9237825298524,10.058426673393326
336.0,29802.91158755768,38616.82693547825,132.95140398946546,738.8366528752588,115.43756293311814,11.578288890423451,2250.601537576428,11.26852186990875
337.0,24168.626628626214,35762.35671586156,212.56772354283345,1083.3554731539139,110.23967161872906,17.2442347719691,4625.473878859444,24.48712232036714
338.0,28215.286943617844,13622.461558975472,132.58055624162589,632.2176937293223,126.1308483824997,12.704486494236376,2413.5096045901114,13.52678685933933
340.0,17417.572150122254,20947.191130551077,121.55546963415736,791.7650549103045,134.69489685221947,14.635120463320334,2724.3801921594386,10.68362718716058
340.0,28497.6172853597,13614.875855918286,133.6221898855835,2034.3948551874005,147.22416695788286,17.22984013311492,3384.3427704356754,6.428167492391477
341.0,21427.394961944705,25245.02751750801,124.2283040762312,969.5572469147238,146.7264277397416,17.00482732331382,3772.4575217371294,10.33633869236458
341.0,28463.948959143687,38945.74866862899,121.15338818409718,1300.6492294848758,118.06613285946402,15.220546605870037,3700.4216047285026,7.315827429296974
341.0,28516.138289160568,13622.28134145976,125.30177890407559,2040.9903203257293,146.24792941264292,22.66964832170058,6176.964550184765,6.830117258484298
342.0,15227.44511140705,23273.20210839417,358.5135667618255,3833.124827874787,114.38355858942586,27.9768575548399,7877.050443248874,30.700431141402515
342.0,15399.498878501603,23256.82392589404,249.9783643529816,1742.960299179547,142.65990621141287,29.228315663052904,8772.748908777341,34.12586417198654
342.0,25268.042840537273,30608.03830763435,141.73829520943136,1168.792119729351,133.50844637491116,25.235356942138665,7537.90081587071,14.940591795390315
342.0,28502.53981187373,13612.177140520378,139.74108074544543,2077.7436642631424,146.7271559119522,20.597926864333555,4677.242239616253,7.554311411519749
343.0,13700.899528898643,23038.812456837262,256.1442517258773,1610.6925783263312,138.50726518465015,24.140556722026627,6431.401227406881,32.311970390433714
343.0,14267.360461169532,25300.473562138824,112.93281886246099,854.0557584945227,146.5239497903621,15.462628935659115,3062.441010198607,9.2378942979572
343.0,15010.94629214696,19681.98519657078,112.93821712354412,573.3195365898634,137.38729179036045,15.05509597330521,3466.5591993259177,12.637159105393689
343.0,25244.053401823407,30619.934573208324,134.06217308894676,1486.11128004997,159.7026246537146,24.792207294867236,6128.427759664296,10.72270930964691
343.0,28500.003497242342,13624.532520467315,145.718789136175,2257.236602283895,146.85197697190668,19.919677255830972,4127.033229243822,7.3928963595333315
344.0,28493.95096902656,13620.208565611829,137.4002577626412,2049.5189425086787,145.878167110168,20.10331803895357,4463.395701741059,7.317147752094379
345.0,28498.739716533168,13607.332306384738,133.565649923885,2063.0439826120332,146.42211543420706,21.889572538173773,5753.472825615646,7.34403544295853
345.0,30378.780172245708,6326.09207923316,181.6635357237897,1184.1314059359856,124.4167299428624,15.961714697806716,3657.71568055983,15.945262834072885
346.0,28491.083637347823,13618.757209124184,140.13299753177955,1689.5829469967873,132.37465097089742,16.34137396201506,3537.2521327367,7.768735027614427
347.0,28514.544822044285,13612.554120613951,147.85745394957786,1635.1400986483686,137.04271621832692,15.708261242620408,2756.671071304236,8.478085955707071
348.0,28475.883215703507,13603.21311549602,147.9987022885616,1391.9083982257298,133.3946534788165,17.265740458766235,4242.738574019294,10.313804908564068
349.0,28503.76081602687,13621.46878371832,142.30647935168506,1573.027207312698,141.0615139658315,15.456262815732622,3039.795382443264,8.151662784005625
350.0,28499.168970563624,13602.412938580992,152.7007303959357,1636.023256533017,132.2486566179599,15.304828959548818,3041.830510882253,8.780419845128712
351.0,12907.188928930009,36740.73339391409,126.70990899920625,2757.761374247248,135.56070945111858,25.730215325152976,7768.1222711151795,5.892008730584556
351.0,24821.919976119643,5404.373428511723,275.1191473401393,1740.881406636365,132.85926156103034,16.006085351528007,3171.371178951496,23.86686722095842
351.0,28484.778922317728,13621.623154426085,118.41093465313901,1172.9065740371864,144.02730079292263,17.705263516549987,3800.8070700538506,8.380839345753548
352.0,28495.43885282773,13616.588146554937,126.4384618659767,1519.9940033995435,143.26061464648132,17.88780239784259,3617.7864426142273,7.59006346034478
353.0,28488.589931990773,13611.791322267267,143.609428075405,5878.673286488604,163.6255670040931,33.256608392444456,8475.977525421986,4.572439547963483
354.0,28494.48826719188,13610.981147736611,157.8378570344469,7895.843627852841,176.62011916697415,54.00695231025045,11751.815098977931,5.953450229077816
355.0,28491.82923242897,13610.984269342167,158.1529048262004,7902.120364059999,176.56146514465564,56.407061772166074,13170.57342931207,6.187729911610474
355.0,30474.73982606662,12731.126030072035,126.19407967742228,567.3259288362201,143.78033964346648,16.54358675451296,3888.302431224716,16.56017670755084
356.0,3207.243653417343,4593.625974380786,311.331507914238,6148.569853548568,130.90896250624115,58.51196638289661,19177.48367498336,29.625888009407227
356.0,3489.637608241101,4561.179165995434,221.81606326725372,4662.102933299781,160.18005558913174,54.072418488044946,15665.231884007675,18.582412069898343
356.0,28484.318378252116,13605.98683426443,161.20310796753128,8333.582627801921,171.21982439846258,55.72319833301596,12771.544754754492,6.041938225947628
357.0,3086.6097594188927,4792.7668605675935,157.0588323752115,3619.939948397185,181.2966690395987,31.579040369440964,6382.801003580837,7.761821178360557
357.0,28478.735173867204,13603.404331921894,133.44423977502228,5501.005076881822,166.12878279468296,40.82821553953376,10066.341904074876,4.921633066169214
358.0,3077.087356113881,4874.932294073255,156.11668873256048,746.0248385870005,133.80857401992725,16.142987838151974,3481.146983098257,18.565267929652872
358.0,28491.167300457324,13606.331828394696,125.51539450586368,3790.7459410123047,155.13175088511372,23.219650296481017,5466.401241840627,4.25736795410704
359.0,18626.74478666248,2804.245816310311,348.18242113022933,4681.717523556738,119.86275894949898,27.356151856419622,7426.9791327781795,23.4753507018925
360.0,31730.50219329965,12478.707061336392,182.5826417951007,691.4419459555538,126.53476136559236,15.341388889501514,3490.228765158959,25.364358193634963
360.0,35396.0698330463,15081.74625193343,120.391061114163,464.59926911682265,124.78123247693749,15.886226866898447,3910.9921608983273,17.638209524820077
361.0,35001.67634320683,16616.789377315694,169.79210901950532,1491.9573615672682,124.53258123914736,18.687423427346108,4621.057249927339,13.026406857774647
362.0,21855.819076200994,26046.306245665295,135.92812393852617,2895.075304988715,148.8168582517262,22.674481325520222,5084.047580383742,5.85744879348379
363.0,21895.98377498266,26225.04438976729,143.94439369259464,636.2176073283803,126.89910431868286,14.78460543171218,3056.9242721966198,17.28947683043037
363.0,23705.296773470756,24912.474373969373,145.7478914214938,620.4139259998454,129.01063956243834,14.276946580830257,2918.717509855261,17.59056602377483
363.0,24833.177067257693,20405.160743008324,167.60841602794744,1094.709535770988,134.98339138987217,15.144480565870722,2952.3764061907737,14.261969343643287
364.0,24462.440268358434,21467.142919345682,193.5916445302773,1646.2710001462247,150.0288337968697,22.018331813040593,5086.837132718697,17.22180226911168
367.0,37120.62912443957,22555.73440456413,412.42357646369703,3798.252175664933,91.64276635840666,19.451285145493745,4973.088326359828,29.05901455958754
370.0,18629.26308733104,1913.2163651409437,206.53126755384008,1077.7284909093335,142.4640981526368,18.85166116237918,4304.499237591221,25.19029275175961
375.0,27268.080253791482,24185.464776695706,296.08667560747585,1772.2084157329834,123.93414986257976,18.796661964199355,4277.578666365559,30.978031209667243
376.0,7785.730384294966,38134.40191019696,288.11073331198116,2419.301668572141,115.49545387214997,26.010470327221615,7547.028017067655,29.34728837570594
379.0,3697.6075572924433,19629.053082773597,192.51242290248933,998.4231811863555,116.04268563193028,13.690741566367416,2956.415104631921,18.25092188321078
379.0,17080.50015116411,6449.69424014649,369.1604780028103,2378.4182285990764,139.7829231826968,23.830714681063114,6129.015982768537,44.373771426001916
379.0,18727.60100600913,6465.64262957625,232.76341617714098,1308.3192318737526,149.951043129091,22.28673743928325,5363.134930252187,30.515753365379883
379.0,20160.531491725287,5373.899930821398,254.28906436136543,1884.5955533049741,170.95999292778595,23.55809358804058,5340.908453222265,26.81924903965518
379.0,20728.43410010302,6339.105624469836,346.30673070950184,2319.457159975805,136.54669596154181,22.13683669427526,5301.7552727402735,37.50638733566707
380.0,3765.439407200368,19834.019052367552,206.7088899558769,1266.2769881888166,129.3807123357173,20.627502061270807,5116.148992661926,23.468823945114003
380.0,6997.328269579297,19966.028547192866,114.58795976238598,1193.668188689837,144.85450182931868,20.463748652203524,5273.2152616278845,8.610390302495373
380.0,35546.426633589246,36610.42437001404,141.9503744376255,579.8581121710885,116.3340350509692,14.6507996354122,3218.7047296636106,18.188097179322003
381.0,5120.407237269542,21443.845328502735,528.6800577779729,8875.760386255031,88.2654910086731,31.72851694874658,9414.713066474069,32.49095000897946
381.0,5612.257316492431,22129.631326522587,136.40629500226086,844.9978656635534,150.69823051928716,22.765019353665192,5991.863474495734,17.214580713493728
381.0,5803.044814957334,21102.967304507605,140.34289035892368,1314.0042251796615,154.63427733242975,25.08068981861291,6827.487190182719,13.118208475830636
381.0,7555.619009220631,18798.761202079106,164.61137441594119,592.2043695861022,132.65607944378394,16.566843557149365,4033.6922181841483,25.813039672195213
383.0,21067.12518256963,22968.8355499152,204.1028102490032,935.908218369166,133.16206517757607,16.497981552289993,3728.7091637347808,25.04717912052936
384.0,1148.927339715444,9367.62307810212,144.10676194466322,2881.7787330524216,157.45931514027788,28.678748897579545,6491.154496695126,7.58971230326185
386.0,15264.22241137504,31058.96554940548,134.38529910234683,3680.7840437571217,150.96479278930877,27.68991624107329,7690.869583350168,5.36043757277958
387.0,3388.402562286938,6723.565565936325,233.30637683433955,1266.0925779573797,135.53843060928165,21.58888176648671,5094.716449043344,30.72551683097848
387.0,6210.969771382233,37178.73714258507,233.43889704289808,1036.8766141456197,120.43639656546847,15.902030144551775,3604.054050829429,28.31096563131891
387.0,15265.062724174062,31058.438770855035,126.09232874110192,3234.444491201695,157.89238679968912,24.94157454626186,6310.407442547849,5.042414588537937
388.0,2982.128332543325,6271.580262860736,246.3984871806946,1213.9530928541437,146.7984346755139,27.447520472433204,8335.966855156175,44.44129376080879
388.0,15249.091592616687,31055.698159894917,125.57662990511747,2244.9711279167564,141.05421089541736,20.697559467531885,4688.892881685844,6.000051627274242
389.0,8442.297435361173,8193.737133889857,139.6385810295226,1299.8846214282125,157.74240869150248,20.824644173323463,4957.892167266908,11.341557836265862
389.0,9003.252596204145,11224.477341140251,198.60197396813078,1294.0798520408443,141.69150077856887,20.81114767670384,5430.988514992867,21.507610755837995
389.0,9678.940712647289,8413.694315163872,201.28920341178073,1954.921568525587,164.26983872834361,21.142805390568775,3907.5523697487633,15.27822270775463
389.0,9718.132034931396,7228.22242986302,453.8923369154934,5624.891208248245,107.36750663750001,23.487787281056562,5394.463494643473,28.449034807996565
389.0,15248.721643030041,31053.331945672344,125.01054379590666,1550.3603536042262,139.79572332670517,17.650056513027078,3893.336597859134,7.279158842894535
390.0,15169.958202612514,25288.332350645873,123.8950172545059,499.0488265654079,135.34231429078713,20.721358829312596,5451.71713096285,21.66980252989856
390.0,15251.117822623151,31062.950562770697,129.3759608670129,1712.5906056745862,136.17244507188468,14.479114714504673,2525.5989711076586,6.378537046549114
390.0,21940.061349477273,15161.189390354446,134.29270072819205,534.7907149448087,165.22742686753836,23.733271992459652,6682.042434210697,26.61172942337399
391.0,8293.890428578503,28272.629228086083,148.9953621195848,811.8222603203436,143.28597779831978,18.748824475129076,4256.227579592786,17.84936935631365
391.0,15260.081878073486,31048.81076125891,138.07484354480786,1863.8083806255327,133.29640582738466,18.616721297826814,3965.0376172663487,7.591989206468789
391.0,20971.17629986904,19355.684150599,145.57721964638878,779.3904676029732,146.28991714267994,17.342389522567565,3593.878860125682,16.67796327826071
391.0,21998.789293705577,19197.11218496934,155.97681662018908,699.0854978443056,138.2549445257271,17.176834878750423,4097.126482638453,20.684458216534466
392.0,7405.02183544,23890.21000816746,187.40532064056902,1249.291541865278,150.21372618515332,20.046071402559434,4545.490571524771,19.329588148528945
392.0,10587.513670237962,22362.76678890507,180.4507962485081,2179.546552823042,150.6705881252016,23.415724069926135,4890.754300639158,12.349538930947825
392.0,15254.516025866144,31044.838001844324,112.6569842863264,1548.3786219376,140.19669938864993,18.696843049133673,4205.331252095775,6.41113019814334
393.0,9764.468000329658,21811.83059134004,145.26529609840102,719.5410875685142,149.6468205114553,18.360515264772232,4104.316431398597,18.703482148528984
393.0,15251.522498997136,31068.029751060327,147.1424400863281,2019.0431842013913,129.95772135277534,20.157175941124567,5113.693502643068,8.30288969715378
394.0,5028.688468926572,33920.70296400738,210.7051635914818,1019.5471574370556,111.43350778437465,18.156833388649464,5154.432081072771,26.657372080452067
394.0,15241.900900008857,31051.749294370475,122.08630664724923,1624.37026811006,141.8606147195901,21.319955945401862,6648.830640891858,7.595747741731712
395.0,15250.814590757956,31051.5871740733,113.77959304840938,1555.0422264288406,141.50823355657997,18.80020177891952,4421.131576195012,6.508255318075769
395.0,39627.20076098691,4136.299706319957,156.744553578678,692.5255640945778,109.13361519060501,16.93108781131182,4811.658350012169,20.801004012104347
396.0,15238.834678647007,31049.586826718543,121.5260272914572,1769.237097351656,137.39471851298404,19.51403787464075,4889.131900482359,6.653105377138521
397.0,15251.677419057498,31059.776929543263,120.88823329451175,1585.4884198902805,138.73574228413912,15.537437847577884,3144.651309052589,6.33666245338163
397.0,39546.70533252445,3970.4157062582744,150.6508673438548,1509.0408570210568,120.0606556577068,18.18553195526699,3975.3100767605047,10.288004101373478
398.0,15244.885127086784,31050.776716864708,113.72371296201447,1567.2900831673294,140.48186697978286,16.39275767082474,3613.098485956065,6.00323950303187
398.0,39559.79687807805,3941.00863616784,136.1215020350583,1455.2252087652773,120.39139023057866,14.751086932511939,3259.301321712209,7.872968356902019
399.0,15244.072586726235,31062.35789131711,127.70385423108145,1748.9535441910116,132.67011094780324,18.895609842164554,4994.313315387357,7.121513815176346
399.0,39465.3644042121,5260.377249824063,174.95019685490783,803.9578097126506,114.71274907179568,16.315730445122757,4029.101429301905,21.50203107789397
400.0,15239.247296889313,31043.751138296655,114.76425817609798,1524.5607245235224,139.0862042899535,17.239076507909743,3688.9255670987004,6.380453500877505
400.0,39498.86833223345,5109.540610802513,151.26004277686266,901.4446669271712,117.89727625773686,18.148017498651804,4721.228165526971,16.248740339985673
401.0,2319.7507499578696,29140.644612293763,171.61344875631818,642.1721963189991,115.53705559488382,15.054763903603298,3648.900774750243,23.851921923821443
401.0,15245.64676375406,31040.07441113329,118.08073104244863,1618.637331034632,141.1661576528984,15.659795466471175,3018.06720969755,6.0514085914710325
401.0,39351.60896778528,4775.210455921508,126.53558312517536,518.3677786133321,113.24565932703214,14.043105079354401,3071.7812160384196,15.9023602233036
402.0,15254.202608875434,31048.494190513284,120.4891767342672,1594.1991485665894,138.82253460559613,17.596725583478495,3834.8477650393393,6.7128658138111605
403.0,15251.574049227384,31052.92609457571,132.37042744841526,1762.8640191255827,136.02101578059643,17.68845564185563,4355.06147266563,7.197446737931672
404.0,15248.67055168631,31053.47151560181,122.23165222306359,1631.3947408098825,136.00825797557616,17.72188322685159,4268.1147860403125,6.767161512110436
405.0,15257.30247753946,31048.968665957105,134.63526969665273,1810.384077522022,132.93437522924057,22.799235328874946,6627.611748033444,8.543706092113291
406.0,15242.224674705834,31047.673192443763,118.04806565010333,1705.8630539319465,136.81953971724408,14.779994188752513,2910.932309137874,5.6626508952430825
407.0,15245.3942023044,31050.38206976761,132.30596834254342,1865.3745430332588,132.29183575369242,20.55273389253854,5069.075693627572,7.541744432920598
408.0,6699.445733894678,17774.193791615406,258.5803131909791,3416.999521016379,140.89561585879542,25.39452788892772,6417.531414307718,16.888857669808857
408.0,15238.128490091734,31041.829917186198,134.62388674310114,1809.9602311306546,134.3849846876576,17.611682090398727,4140.414243502906,7.218553165984957
409.0,4548.2921983327715,6837.1941012103,139.29713689287846,684.3291409146364,143.25954670123224,16.054554993108816,3370.8914356351843,16.303180076776947
409.0,5858.518699803053,18059.636094615304,217.62725834098038,2124.4526351075883,148.39880909485512,27.069820413135563,7041.9128447671155,20.18996091578629
409.0,6263.542879298679,20482.89741623507,236.65211973878053,2877.4435057585474,138.90373208099885,28.46417164657113,7452.996430730081,18.56821345389873
409.0,15240.26620639202,31044.130976479737,115.06893472662473,1680.2049434199682,139.32591926809027,17.80232170207551,3983.8713636300536,6.048229696564895
410.0,3809.243434984216,8284.008005042315,302.6485645447095,2662.576355235075,121.05184338209698,24.347414688984287,6518.1458495491615,27.69522590748114
410.0,5566.77651369338,1924.6147887797288,206.1629859893747,1506.4541561862309,141.91506295663018,22.194241405076298,4994.228775566808,21.157512799653663
410.0,8583.54943458504,2530.907693292838,236.6240951043884,1730.3197494609622,145.13414986298616,22.888284934317987,5273.102132638575,24.723669314841686
410.0,8515.143375108475,3264.348106826696,124.21208839566079,655.1902137747379,151.33553143182598,23.510894247389047,6348.646836560402,18.842364134070497
410.0,15178.416949616687,23692.3861647396,134.27072742062606,658.0017434050964,152.72602676584913,20.873319773199626,5213.262589200754,19.574523572225406
410.0,15253.83391397131,31055.711441341547,125.30998654995561,1711.009401525251,135.61590360506688,18.04286744722779,4592.9175778750405,6.8442753015972935
410.0,15692.528371550221,23629.002614344703,293.80091070373226,1940.0633219771416,125.90779482504239,24.490405982338032,6654.732467149165,35.64326129461637
410.0,22083.57974982332,24296.2860361487,197.6351527905896,2362.986806520189,140.86914916025714,39.919656066850834,11691.943051693124,21.60594880031279
411.0,3484.238588595321,4039.3885212798564,178.83064543925204,948.2803079083286,140.17416958910087,18.793733832909627,4159.951933188163,21.657153310609896
411.0,15248.977341458922,31051.924106173097,134.11135327553876,1847.469997175567,132.03897079406883,16.05585127320422,3137.391287407749,6.700798469700541
411.0,21000.715440097934,26294.93093084511,160.1740036612315,739.4781701934266,135.03661310622084,15.613502653326854,3389.442310712762,19.07763034846633
411.0,23568.32080320186,26351.545740708527,151.36613219040726,1290.3744865814535,137.5945305384945,19.530911225930808,5136.445597772407,12.518030507515368
412.0,537.3143529385536,6800.340392508438,224.83589217959678,1295.0923926161074,133.83639649189072,18.337765878393444,4008.847702278079,24.269791439498647
412.0,679.7614311002266,5255.853246565575,307.1504242548687,1896.0092730268773,123.16363934800972,17.224897310425185,3594.0194897752244,28.82525290573014
412.0,2101.912850243097,4208.874085304005,226.15342455549683,1113.8291053113028,135.42677084275442,15.98319032576588,3227.7530261584925,25.084147244213323
412.0,15262.422525706888,31058.267595204532,123.93176720102103,873.8177146872106,128.57569335064866,16.045474212681075,3538.381033837907,10.800000942973348
413.0,15258.59351163781,31053.5132595385,130.67980060430912,717.4298669121804,124.08057618555027,12.734195255633328,2418.467550798383,11.911494271284832
414.0,3740.8966048241614,6835.890790399238,181.4384602086086,1268.7582123220552,151.31541512311307,20.186799184736,5111.971893802734,18.06344902310651
414.0,15242.028303020988,31061.66774904587,139.38525355255317,568.8837778988224,129.1989635524796,15.443684160937302,3444.1972555817283,18.669561546323376
415.0,6522.414419146081,10106.728196349675,150.41489189706485,1209.6852344888007,147.41848586459946,13.688994728517885,2326.0660618086563,10.213292024642238
415.0,7591.020400240484,10119.13606351301,135.72505739773436,907.5730556411901,159.50206246486925,15.211047843644128,2672.5827992196505,11.733684889841154
415.0,7613.257941342265,10741.38700566438,279.6005183929136,1806.352528158354,127.64651117009902,19.94035524242429,4705.218145868983,28.776894407373636
415.0,9866.416975914193,11118.303557261414,180.795632739005,853.6750437924048,147.39038799493463,18.49902456413263,4252.972505927071,24.03806194687502
415.0,12652.559641649614,7994.254077285203,138.5733076313767,784.6270589858052,148.44707744200156,15.568742340793046,3050.5805796611717,13.998498767463671
415.0,13500.469297213347,8989.9686384903,180.14643690275057,709.9420957803392,152.44230875053927,19.59051274599322,4563.902978448785,29.860346135287813
416.0,8459.913000539753,6570.141834609815,198.62200694360322,843.238683690387,161.96684206606952,16.378869571819543,2992.0664193918064,26.073188184589153
416.0,9361.846118710895,5807.109431387646,191.1130517220929,789.472133726639,158.95951773619444,17.127816415526297,3520.5820207389183,26.8219367193869
416.0,11578.22684242924,7976.780357334541,281.58615847627874,4488.6184444056635,157.4060516476339,33.56810111354877,7935.971098889348,19.63050807330545
422.0,39248.50411315747,29901.11276745073,134.3325646086514,694.0288129397637,112.2994670167726,13.480437637332518,2992.032659447657,13.31042283244826
423.0,3387.8029877959534,20892.812706203258,110.74319788205847,387.8997486922578,129.1895982240352,17.24307657063432,4055.293955050282,19.082142272984388
423.0,39247.19832601433,29892.702416023534,118.57420114742223,854.5885564147787,111.97961594347062,13.519279641030955,3267.8895449598012,9.19515113100804
424.0,7454.314538585225,14280.374078745866,196.9593310006616,2884.21570608194,148.43326100648343,25.22754344348614,5460.519656773346,11.920095335336585
425.0,7600.671111553101,13275.326376120918,139.91005452170555,806.1373417461359,147.64901375551565,16.52255507896375,3443.8548577610186,14.53269155167701
427.0,14687.593254752934,15373.987054190526,161.7614932223132,1066.5752833132733,151.440914826817,21.454513432301656,5051.884498598383,18.068352383261725
428.0,16746.4078373559,16639.050237883886,191.709609103393,1642.462646576646,156.32316801766203,24.578367161525264,6672.628652260592,18.620891508616477
428.0,17274.245541660024,15609.69520545802,208.9955735515751,1941.5327102036501,160.85921137362956,20.74516218120252,3850.2182308773567,16.20554341138998
428.0,18716.043808332488,16678.246001584743,125.08352909271724,1853.9160642987904,148.07126514180382,17.798336600063717,3601.3284936704727,6.359630013255977
439.0,19967.97669375131,32815.927690455654,150.6840067275867,1270.9824634174252,133.8558185230149,15.593100280139664,3253.519305475254,10.701893642878527
440.0,14036.607111717663,31064.02659093426,347.47386819283213,4470.127142274133,113.74860630637231,24.302624026123944,6288.240756025224,21.973694912088437
440.0,14709.794093604187,30740.72259299151,116.85724473613341,2138.481339146815,166.16885325140916,35.184541637509724,12587.20563643331,7.996248742102562
440.0,14996.047708141734,29296.47801688719,127.16952640920904,531.6845114955864,157.35973839796966,20.635188937792567,5097.972113300149,21.36435128281133
440.0,25018.15337844184,2531.8301142167,194.12294414419952,11756.576543113992,197.61061599658282,81.59435284734218,22527.563552386997,8.636565919130087
440.0,27345.12263808008,5713.994554274377,175.0378984415352,784.0934169717499,143.71942417943288,18.805723465767134,4239.061561180913,24.85243920647353
441.0,9241.628311599583,31078.457210030847,163.76418519542494,1470.1002224246984,125.8425514554349,20.5783492404423,5021.5765473139845,13.342487109069731
441.0,12929.203188416117,29202.274614083664,141.57101822583786,526.2872081185924,127.14191173502468,15.756750769294126,3769.7795379953996,20.931436147947046
441.0,25026.626294393285,2573.4794958858433,213.91957203262177,13412.659845728655,214.24182247590804,88.43635265839669,26849.344501097516,9.873558618380565
442.0,9322.5904303062,31133.447459367057,133.79113708642018,482.91778611669156,121.39622423165791,12.711804288356147,2514.144965629099,17.29757274406587
442.0,10980.898816145575,30633.94546964889,111.57096556829217,480.91897746125284,141.66338549421033,17.61477978941837,4592.7554942166935,16.21143839576505
445.0,1528.4777927910322,12326.24591305794,105.83035420161862,392.7493656811315,116.09810822449347,15.902099746433613,4338.031689775798,16.33516603895745
452.0,19619.806978175442,30738.113348805153,196.28333974957778,1611.8350466756076,150.81621999982352,33.057972882603536,10434.565731250752,25.880978605388876
452.0,22219.853717270504,32461.70990721402,133.23036641684251,949.715126922116,122.93641037953346,16.819229997689796,4662.003181661267,11.740427582770359
460.0,2194.1101050772504,34818.636766042204,184.2472393532719,875.2576590174605,121.48949435532695,17.300606860242116,4110.4066974422285,22.969284968890904
475.0,28488.74413342268,15175.585206984333,386.3580347910486,3231.771443172641,101.08519869806854,18.546454430656663,4584.981588510639,28.680388397959636
477.0,14302.186642714785,26867.708634828203,123.1073114450326,517.4240691159558,135.01442767443217,16.56564677022839,3963.622013306453,17.22497102158577
477.0,14786.070444096435,25892.548398186053,211.7323182559002,930.855612554958,130.15897277002293,17.008979305309083,3686.2077756065055,27.67086917583973
485.0,16789.091044075813,39008.005527715446,132.26768304518365,1246.9657216009243,127.48693229689039,15.012292132125374,3250.249449721258,8.593596893788575
497.0,37175.912411592624,20442.524609210122,114.36193523542748,1046.7038731976302,115.72853199994479,18.351207767498853,5446.047617072002,8.903538759388667
498.0,2432.8817084441016,13527.072692640286,164.63442840284878,867.4429896590409,128.84302950469043,17.232105657410486,4257.234008408222,18.79204222052827
498.0,4051.4509037006537,15498.565122190052,161.1007194823884,774.4267620280237,130.41725515493673,16.610308478157645,4005.1185517649624,19.437154888942104
498.0,37171.331505423084,20453.38382701047,130.79008954550284,5574.9714530698975,142.15568802282883,32.94453819403824,9113.47704168962,4.083264933740502
499.0,37170.795134521446,20447.79363736286,129.27711812910766,5354.569748713913,143.42152224471963,33.60339523493363,10468.3259649612,4.1918467609060714
500.0,8623.736856629112,6379.018206670577,204.42855462403108,1445.3224398772354,151.11208828901286,18.43006338488813,3916.4143557829775,18.48251409260436
500.0,37172.42184412247,20451.66377680025,127.19265208795439,5297.949000542438,147.14523852491962,34.842848804119114,9444.117469994408,4.214127967280177
501.0,20155.720328096235,31793.608807152777,167.62680437961336,1231.9293721781003,126.9701816972189,15.93777120873909,3344.403199738029,13.36785885425205
501.0,37170.96903896372,20449.51261468567,127.03135693536836,5190.746962497168,149.95530636456874,31.922328907800075,8399.896571800764,4.051452699296716
502.0,18633.112726963864,36084.94820689466,369.3269685472679,4203.55719561304,108.01610449534225,24.54494927973192,7082.6872102646585,26.382524962018604
502.0,20270.423686607228,31773.354316425135,238.11944337354925,1477.7930974855815,122.58613028652636,16.51230157625639,3981.9797866164854,21.84490048725336
502.0,37175.635017734676,20446.02031165807,126.37207591108361,5108.140239853101,144.90781827084393,31.02160938995626,10615.945854618996,4.002005737597952
503.0,15659.396854377963,36839.53435048376,126.16163347597355,490.38212732438217,127.31547719649981,15.396627580598455,3770.28034669829,17.81822192215376
503.0,37170.60035455942,20446.520679100217,128.43706947857774,5179.806180173244,144.19086749290327,33.94911224336156,10460.113478199031,4.289164361000738
504.0,34419.46072088055,32410.959692993605,201.934101028756,1180.377249994683,108.55792679306495,17.900314990456778,4669.096647042426,21.237579260865
504.0,37172.378869172695,20454.707766057712,129.68946830662094,5443.053023837701,145.979183683796,32.24707574686043,7961.5397555410655,4.054398339289268
505.0,37170.38069620567,20452.191483200353,129.55680766667962,5416.1747206978725,146.25234410658499,35.65872429030131,10906.275049731343,4.327523345225154
506.0,37176.233996055256,20443.28374002015,127.62136985288151,5167.855375159511,145.78385471685553,28.48222396463219,9095.83776692416,3.836869217855311
507.0,37172.24497761259,20442.691274169294,127.12552866153325,5278.339586419893,143.33998428568898,30.29393253943785,8955.817417143451,3.882668567515338
508.0,37174.094478259074,20445.075145981933,133.03234148984612,5223.697203774733,145.8129766167387,30.038253911690486,8700.976238805015,4.1803329921957895
509.0,37173.28268839802,20449.0767843121,130.21836457617454,5464.736575949414,141.80518880745205,34.045382820741345,12263.230049474903,4.205478159336305
510.0,37167.46313396672,20446.978090510438,127.92018488598853,5320.105420183886,146.04154259293088,36.969687948249494,12494.417708989453,4.404773670551563
511.0,37168.86757678527,20449.20512337135,127.86350877096798,5300.47190000968,140.2316509483903,31.73794960398365,8085.877441627482,4.01166782328729
512.0,37168.255681398885,20446.022307561692,128.1257117718334,5256.346587662438,143.6176057501402,30.788298507058858,8645.741637755571,3.9797869952433573
513.0,37173.84597936522,20440.34730189019,128.05218663424228,4883.027144653296,142.45736921353395,29.677882960052596,9799.916479680767,4.125680067678724
514.0,36462.0862774035,20704.231051529703,222.47095981883697,1518.6605782917193,109.8832296607951,17.232234381655882,4281.971876398101,19.496488167208245
516.0,29688.430581637564,18587.17931524771,243.29733014622676,1657.5715751482744,130.93457184954175,27.016588122559174,8835.205487611003,31.59200065810595
516.0,30035.27844072874,17223.627358340185,126.3724109453323,1514.0498300968384,156.60096243595146,24.45919344685464,6694.4182525362185,9.415774245858717
521.0,40199.30261286487,22216.887001543066,103.69144369006602,767.496360905277,117.9444865966524,16.11395829490556,4014.514573320943,9.023501337404207
524.0,571.7853075569691,28814.46881021692,218.32085612127537,1101.1369199291782,111.17170543122543,14.275975403505369,3161.5785541387972,21.635876331039757
525.0,1952.6434397547368,36130.35962880394,123.99138548654592,434.1734617165234,116.82462846081272,13.226121252374536,2820.8353526040723,17.138212136153644
527.0,11097.056896569014,30302.09472556805,258.20527522604556,1482.479542569009,129.63180654689592,14.999944150405952,3008.1129554200975,23.31844052567082
528.0,30471.190225452876,26749.207073939862,267.7025069032177,1693.5991691747072,120.95369240369041,15.824909336035187,3334.151921909522,23.057532466865943
529.0,11241.805821819135,5794.68066383447,208.50546906954992,884.9180898529967,141.39290352400462,15.257006534358654,2869.6488180454753,25.674290367967025
530.0,10193.522770670945,6574.5059981098,285.3885703768075,1670.8848247516175,134.08644845402733,16.64262326112427,3177.690437335258,27.44081187714392
530.0,11313.576208795612,5847.663180179683,147.8870991350866,1245.8696342408698,146.68628806294407,21.950669348946636,5570.47436703076,13.579779043384905
532.0,9589.022986418015,12007.643839396806,691.028045462635,24653.52131952032,9.13169688397674E-9,20.391686908939956,5118.19230859169,13.925206699418323
533.0,14344.714124774833,3724.2748219419323,159.05912205320865,931.1893479163459,154.72084335523664,24.48296492341314,6735.478621959556,22.281804910437625
533.0,14336.033679649978,4625.611343369169,138.3814874902003,527.0618958027932,156.04963088429264,22.510870007431265,5884.4687228102985,27.233395263335765
541.0,23339.388856029826,16744.768006774964,143.0576258321669,756.661997914068,137.2822536453281,14.182379746986916,2665.6048522774445,14.25335348275393
541.0,30534.44709845603,16116.1441820596,150.60111214484573,554.3133548389628,139.05233002304422,20.780416343978715,5740.120468641206,28.361032636017235
542.0,8696.285397271282,7930.137089360283,248.3528586989342,1742.7406764653595,126.91537265291183,13.561460394783403,2233.689460731326,17.349667487752534
542.0,26815.89152267668,6767.022445832396,170.2311522534982,701.3029282171902,148.3582199026615,16.542548095999567,3446.687959081754,23.455416778384848
542.0,29872.397980922982,4122.582123579042,200.29607817861083,842.0371901712772,127.42809533710185,17.533827819921513,4337.9031085998295,28.135003403475714
543.0,22006.06358299104,13128.496455381903,231.08520315472052,1004.8751037586126,133.15793859847392,15.256677319307173,3484.4597749267855,27.601730680997914
561.0,17949.81207458899,30360.723868534835,255.7765625700207,1812.4650147142968,122.30479148341063,27.865312286658803,8174.322575611602,32.849251755543456
562.0,40169.346097422684,13469.749347313533,116.55384776212885,949.1095927634124,112.4053823617899,14.453051809741874,3675.8941347179243,8.566804232512018
563.0,16423.97414133442,30961.041668055866,154.53307820394608,686.5146286568097,144.8222938912661,24.181590535817133,7196.926919463001,27.85745231740176
564.0,28778.882390592655,26375.82786477764,126.07432553345777,5030.669335881131,164.42679199799483,43.58635483777617,16554.62644099446,5.058837810307553
565.0,28776.871159879694,26381.483659497047,128.35368216062088,5987.45807103254,156.99319394017945,25.884654310136753,6651.8710269841085,3.301181671681981
566.0,5051.750001427318,9432.59340566366,192.86824544999484,1499.5431902267067,153.1123428345263,20.3866862766296,4458.817092100383,17.47195682953108
566.0,5153.119573853648,10468.131969270491,134.24475033248012,617.1727290876179,152.51329881073565,14.629689726927694,2771.813126730891,15.59605498651112
566.0,28778.83553388603,26381.546088929994,131.9738027301076,6177.1570935397995,151.94640389082417,36.26918558548349,13098.435629997544,4.046841997955401
567.0,20008.608836945714,37244.445130050066,150.86123956000364,663.2371847317039,124.30929746929985,16.48339037393997,3992.4662681571463,19.74509454456897
567.0,28781.88965718537,26385.21088290166,131.7307016386146,6092.367782547608,160.64916181745843,36.83272766021388,11312.303131798262,4.121193994801455
568.0,28776.863605842176,26382.57794097106,132.53079092671345,6165.868696142181,153.19712113705754,38.738048579795326,12346.614519411167,4.259689575122067
569.0,28777.47105855206,26380.045883346596,121.4058100741213,4435.445100261482,147.77077118012585,29.382004080307563,8671.715161649065,4.074139631615594
570.0,9993.619101455193,11200.677844298978,129.50168469090772,786.0774388145927,150.02824687498665,16.978897952578738,3692.5887420136905,13.258839862657554
571.0,16586.986294733735,6447.9600666280585,119.3597487993722,399.7230898163771,148.551298274551,19.89673674064213,4532.800337143636,24.010390499921833
572.0,8572.735904431542,9295.008190376384,141.9825506444488,664.7166589949964,150.18322385938845,23.420735494340388,6869.535069920441,23.777574002864675
572.0,18019.684091473548,6914.402076160199,153.76882774859493,649.6235815872097,143.03338117560423,20.08516715277021,5293.348602431269,24.644397837684547
575.0,6625.655682095963,33303.27728523151,141.59888809446525,1995.696488170441,141.09869054401227,21.38309659636953,5931.23174621615,8.187220775616533
577.0,8865.116228993302,25687.327279525187,107.10861484798097,551.045955124409,133.12047731247856,21.605755026982507,6611.157772389972,15.703662394515156
578.0,9622.702677914931,29368.440044027884,152.69244733135258,661.4555067991146,132.57903062898558,18.296448416217007,4437.626894441879,22.071587413847897
578.0,17800.687303328894,2348.0336020490345,114.48156051675947,1286.8637329887592,145.71575734631293,16.37540993475173,3578.4114924756195,7.046759535192822
578.0,40170.66994611754,12508.94410635998,146.66081460204393,757.6194508362319,110.67519471388286,14.84417051463023,3408.666051069034,15.366526037865475
579.0,23645.397216565703,28884.261871618266,158.76611852326488,1637.099506033934,134.75011331343154,17.17005425396442,3525.0652217654088,10.077839191830929
580.0,23215.857657616405,25960.636809336163,226.02502358500587,1391.4233713988378,131.29782093836823,30.807394476829355,9946.201120592912,36.6998006839397
580.0,23393.917372260887,26813.157707642535,272.7046131798545,1588.0500668704665,120.81027915275884,20.959424007736143,5949.778442850836,32.44567759683972
580.0,23363.881518871716,26169.418271537343,518.4538240007674,7265.461405319976,90.1014717374124,33.07319700887438,11951.211801280993,39.530440483265245
580.0,38741.703399683116,11459.826179316198,112.26672463029269,550.097559581642,109.57921683044135,14.130949152844163,3350.1170935677214,12.40421652129779
584.0,943.9550312876706,2932.09271535237,251.5690829586499,1477.1621379144326,131.52958719209352,20.41615524642761,5085.077912013196,29.11581880933004
585.0,36505.62460181883,12088.361867632262,135.1378995302031,839.3081083282026,114.89068240962227,16.035989172117915,3974.1986516382813,12.925179322657554
590.0,17830.73918880984,2309.062784076039,142.53198305352362,499.11900698742176,135.5851840877351,12.672877066786846,2250.780755784275,18.711836442333457
593.0,36995.46886969572,11452.922240510878,163.06310944678333,1226.469432145825,128.89905676896322,18.27913883936756,4562.8446807987575,14.184503458738202
604.0,23895.126848844913,36543.780915545736,127.94284556408292,1365.708462732847,142.27924044487918,36.371247691278796,13232.87382858862,14.644062044013324
606.0,23418.21325157488,5657.255749032429,135.10873071461342,1463.0084762392526,161.07879249020257,13.151168553253093,1801.864262198649,7.291260108996957
616.0,10379.78301891023,3319.5386186176493,157.21424264568327,2503.774871414666,152.80167247870057,22.75218928089196,5174.621551824947,8.41037741490864
616.0,23714.161062000392,17412.25700068435,153.30962355165343,796.820292068449,142.2207585468274,21.237215074743975,5229.818460361,21.25458798912385
617.0,27642.82884342584,22494.177775413893,200.47481815074084,998.7258986053872,129.08311461615025,20.543984297016223,5135.27546443262,27.605230888496205
617.0,27735.18465357513,21695.073273472404,171.6412983789156,687.7797548309835,128.57245016671047,16.198473800235586,3746.7187956429802,23.81895640939486
617.0,29905.0731775613,23917.791540996455,101.48976926868886,439.28672761322554,121.77413710380634,14.59563097404944,3061.257521492695,12.966341903617417
618.0,21769.87929419264,18230.17410759617,420.9642899771168,5829.548335206179,111.16087069035538,21.147376469311922,4808.403952701938,21.725471845273237
618.0,21792.623593990767,18219.49665055481,497.89993701191963,9956.53608619265,80.47866973641655,22.15817701821985,5356.154187869411,18.777818100201365
619.0,15625.87214721249,7517.36539219131,126.0138046816035,605.4981214693036,141.25219331371022,14.729410483165205,2957.7181433672895,14.292376377070486
619.0,21979.663329795465,19826.090783143514,286.31940254633355,2004.3831853868946,136.02189461100852,20.894222932191653,5206.575410116636,28.44038862426302
620.0,14275.46901308398,6813.959046704104,331.59922577777274,4722.4637340569225,148.84562062384325,50.931270732184615,16499.98401912907,38.01436837902419
620.0,14331.153023662919,7174.399772869561,173.66133266389343,2790.8651987118883,181.14932020714525,35.077906935980735,9384.342047334763,12.853260568368826
620.0,15699.537514717651,7629.243522790395,106.09806651444433,437.242605090157,143.99000781995113,19.253590684040006,4743.241602779778,17.33693011724701
622.0,39798.7730202392,30581.31740196574,149.92878262729022,664.8475946387578,110.9674901012288,13.084272516394375,2823.221615455456,16.289364882467655
625.0,13865.278997122121,37994.440862511285,130.18587255649823,3942.0320045593935,140.8756743852002,27.785557901339857,7347.359432006475,4.829130582013971
629.0,18402.63157262632,23445.414153112222,100.04340159591514,445.6992723778993,124.15005204458302,14.23268596288272,3184.974516310611,12.295987083476803
629.0,31607.368664657544,22516.036195255216,167.8864918818826,1475.2581577444773,130.68739582141336,14.567926766229588,2721.4805531321895,10.800611903183496
631.0,4434.1465616258065,24024.698013142784,126.9089074078326,1410.3493277550795,140.19613199862906,20.64450016064223,4868.155894470683,8.921213336757733
632.0,3349.5824568664443,22727.790977648678,133.8486628207518,2486.576623232747,144.38064246341932,28.37274417681995,7602.066603039429,7.5365952949265385
633.0,8026.401663030566,24399.29973920971,176.9018007595371,1340.162374419632,134.8252382462482,17.225340137751164,3776.0438272977635,14.460797940502802
635.0,2604.9618243507093,30451.988352793593,140.56659983399453,2737.0357493541615,139.41060572829178,21.93989471070362,5172.938266844209,6.336176492717783
635.0,28907.842569234384,8483.556770080038,114.91468897013071,678.5095344815443,128.6012625452969,14.543934867125332,3005.790508357022,11.030966081094379
636.0,2609.7026762280266,30458.993000694943,136.38286790652617,2541.962419060275,133.12781193949394,24.90082872991549,7264.601037901335,6.961893353450981
636.0,28916.438393352306,8445.909888539998,132.10319859079632,812.8072634764391,131.99872737794587,14.583662339220837,3251.4351566337587,11.95823998607018
637.0,20657.32041706421,6707.732594768279,170.54861890830992,1010.2190635656411,161.37987900638586,23.985715930090954,6592.518155578027,23.104486353321438
637.0,29984.660884806777,5915.896404392968,208.9466839721889,1650.3392870498747,132.51409432291155,18.754555723339287,3993.3865704109826,17.288637112084622
638.0,18742.85598713832,6453.822610883522,196.28407156504304,5417.854738415663,211.6066609460482,38.83185383767608,8877.402333554439,9.508833347535335
638.0,19575.476459754387,6925.322303842475,137.7552173235527,1175.5534250553678,186.82754025305346,29.164260732416626,8127.866296604092,15.950492551349601
638.0,20062.292108078957,6052.849710770834,214.67215065422798,2397.0165564941503,158.26904711247386,27.381847528150676,6551.98769991686,17.743637144289895
639.0,17029.135862937008,6244.180371097396,214.3432631711523,1073.6237262997395,150.85968037802834,18.431811059265346,3955.9729401600507,26.570935631045863
640.0,18415.67200290164,23459.638833189612,114.92931620422716,679.6714101706388,132.44368154710398,14.777232591392844,3048.609117138694,11.133597247213933
640.0,26102.905196101467,13190.96248974985,145.02088937434158,1052.9801710162453,143.6576267675331,17.758324533960483,4126.737866841666,12.923245945961156
640.0,28850.20780783416,1250.0234003576431,135.70694270417027,1270.5172655951112,152.43774757599707,23.674673488415046,6196.4330047482335,12.154119193146029
641.0,22756.75519494159,12665.466897387807,179.33258753556206,760.4878015431344,125.73113607425988,16.908681005183624,3973.6661505691673,24.40583703409497
643.0,21431.398557395376,21073.959946536557,212.00637294969252,1743.8953335255933,143.3238692977567,24.156392486455374,6054.111145537527,20.93116678640198
644.0,14909.433917664588,24610.079957721362,172.03554635748486,581.7654477747591,148.0185710759908,15.873621242581299,3280.772045278842,27.452966578793013
644.0,15097.386870239376,23065.96771735229,209.8121117992834,1591.1658288353804,139.7671985343052,18.882201663289273,4142.597392988927,18.109422966714288
644.0,16772.173784779672,25217.240497726194,178.2306222057361,741.0081369510798,140.07345527338992,20.3957756543472,5108.917091384006,29.130283589230856
645.0,17999.90069966211,24445.68153820323,141.9552352289849,604.8943139704661,156.18884943630349,21.226007398461622,5464.49625074687,23.815819932790834
647.0,17752.764393947975,2291.3323058237083,121.11951323953687,411.60521776377067,139.8937272574314,16.483258531985093,3907.0109716790384,20.48180926652686
648.0,7100.075883653719,27210.490578044057,139.39885670286978,574.2367765795507,131.10043640898135,16.510361934760898,3850.2556478118427,19.536404306000293
648.0,8852.662635445151,26093.812156565546,298.49214027058815,2916.9001930221925,119.5089969728109,23.457507355168964,5336.3122591333995,23.920654411253906
648.0,24504.26730345841,8214.123568884706,153.10757085216815,562.6195819737443,144.6968509911349,17.674750948135618,4060.0265300733477,25.02449569025648
648.0,29578.17953959244,3478.3335399618604,270.43103986508953,1345.9018291641112,131.89978760523456,22.397759453990307,5701.152443624296,39.78361978420395
651.0,30166.876395707233,37042.814640970806,135.3360486553568,2390.4929932469026,139.29676583389818,27.368955085806274,5696.9497214204275,7.740883388061176
652.0,29911.99751476425,37472.20408799136,241.13716638046003,1195.2728686224214,115.40858915535762,18.25146603807005,4734.7990982683295,29.711657062917507
656.0,19949.687587566124,2775.6265079422665,124.84418922327926,565.840501874532,152.11329374176967,18.651863739853486,4328.267554031798,17.922616035944383
662.0,12182.675801091951,1003.2320655666864,158.02043233540326,767.5162351790106,155.9859916273649,18.754307271419947,3931.194576342284,20.92650433897482
664.0,1051.285764686952,13206.93812604902,282.9637150451893,2126.9761422621996,128.87587558811137,25.483594803741102,7032.376942796848,31.48269891214098
664.0,1463.0367879319576,10389.414860802692,245.33810816327096,1173.7542164845972,132.3391568737722,23.255801113908298,6551.423288974887,38.96460623577203
666.0,10928.779413324448,36584.7936241258,125.80187179890754,3329.187709401677,153.057575451162,35.19225828316546,13810.515777653995,6.161477178705633
667.0,9800.102540914875,36461.21290658901,136.09543173012332,588.595923844317,118.53580204127665,15.639187165143024,4080.707173137283,17.529735816523676
668.0,4278.7419251161755,38075.63040488702,181.52893793306282,1176.3371813302715,113.92643597333979,16.893386116925786,4223.643110273304,16.746783251317307
677.0,18867.676692273646,33246.22221068558,170.74406272198752,745.2668357631259,131.71483328824795,18.171006087259006,4657.055040374025,24.152897429469466
678.0,19681.450613600668,37361.9271913851,116.20605543755515,495.9768811398366,115.07659135360517,13.887564290654119,3255.153024296692,14.17154137348086
678.0,23610.462860641335,37678.06851952224,125.19542214207185,2047.3794987228239,126.22953042131913,18.571066441723588,3627.4767127045066,6.036111048471025
683.0,30402.934230154446,11147.81515267862,404.65878558922975,5059.447401929752,106.47166696897456,35.32682832305273,10835.061997248291,36.94226728377606
683.0,30561.23753272295,10381.002541531256,128.5772746922763,920.4764760910078,164.56036257201578,31.302473722683985,9475.771308221181,18.773118017498692
684.0,4390.291439235762,35358.769781229355,142.99122324030682,736.8965809726769,119.33105300276235,15.978845642783185,3893.2480918218434,15.930122217111652
684.0,31039.52417910766,10275.064799248243,121.99823382382225,1958.9787572411083,137.63963805038657,20.37453561113957,5112.899081193303,6.33186631742611
685.0,31025.300300373845,10260.36280281332,123.94551520531881,2138.8552427496,136.6940243281828,18.111389135899223,4247.313992431501,5.672158408322607
686.0,31026.07227964718,10274.468270988777,119.00054114096254,1935.3300797410557,143.2853084480412,22.748121324871466,5887.848702994839,6.577735684798371
687.0,31036.013984106106,10261.941365591574,109.62528145832795,1760.7468723246498,138.0839311295827,18.20055770158967,4344.924113561247,5.494411946783033
688.0,31037.22813011154,10257.521830215312,120.356426109426,2130.7288882046337,136.6856052443453,19.4026989212575,4843.767461760076,5.6465433398176845
689.0,31026.502150820845,10274.510025071133,133.9941965873164,2074.6076473339076,135.0225348923544,16.606384096669572,3002.644564158401,6.233617053830844
690.0,29403.854355312254,11610.551693453397,303.71967143139074,1933.3034567663863,117.42033666387165,16.8249972367525,3547.1691827469976,27.151550212941657
690.0,31019.75691383256,10271.340829210958,126.9025376624634,1492.4566207184967,135.03736800645595,19.5882056113273,4269.027397410654,8.210099399690684
691.0,21838.02039959358,10400.385424681035,228.82739066742036,3170.140585301076,142.86300475223797,30.940085561099163,7520.1696257998965,17.127004146122836
692.0,32667.91059552002,1256.9390447963087,230.60913717306198,1675.3092728194408,132.1993875947689,23.12291804193287,5630.244299298242,24.502099287743384
698.0,14129.106372518841,35069.38869414613,129.01440236732896,908.5208444268136,150.09930940721944,23.774571130114076,6994.970907085114,15.085276591106192
698.0,14232.977078405926,34370.99135330581,721.6669545777538,25691.528270639883,3.0297793716029245E-8,19.247961881948665,4502.964953107886,13.855498076292974
699.0,13772.102119044372,32645.90941538983,192.41410922896387,2562.437542500544,130.34119148790856,24.584161043919902,6610.9861380268485,12.455837144360203
699.0,15261.930375071672,34060.73690645938,125.35304269817826,1365.2773163139666,133.26301506742104,16.23589131418609,3139.2707444474518,7.699024087239366
699.0,15792.094922746834,32867.816545007496,155.0758837919556,658.405353199439,122.12947673128095,17.865599858611606,4016.0546272470297,22.351128193398203
716.0,6284.771846481084,12683.710693111894,121.09264740577798,868.1289760947325,133.74500215757902,16.460573697902177,4240.8141565549495,10.632847215386033
717.0,8855.387281769561,9529.628854069626,140.64671731371638,2291.479842460956,158.73202297901327,22.71505689434283,4879.124253259341,7.510706340297642
717.0,9783.69199437961,9359.690486490888,217.28052736784164,1026.4424471599696,149.98776775346502,18.990801528508257,4003.2880405347023,29.198036883131085
718.0,8845.749940188261,11912.841241433049,147.4235018402626,546.6451522821777,134.64158741037187,14.40205913769095,2935.4112809607045,20.231667244088765
724.0,34116.75978707418,8583.375660054131,142.62682529348447,720.2872485896793,117.614552399147,14.71485653010679,3655.5839206587493,15.202021019396593
724.0,34461.89192346125,1732.9500227613376,327.3186312343246,2109.758532887155,102.56952926974563,21.42286523989399,6144.717562699228,35.76497273536667
734.0,8356.152772079018,38446.22506634962,141.4948452678022,1771.6434767952383,130.95861908355343,22.668313472858515,5234.886385652915,9.435438884006317
734.0,21846.574849450637,35616.97695059935,106.34069124913113,498.81982820098557,137.98571770739716,17.015471124520282,4307.979771593449,14.053103073574801
735.0,8356.498809527437,38429.82412021836,138.6527707339268,1732.4215798773819,134.23437210829744,24.437297783462242,6442.070127749404,9.824305339387791
735.0,20963.208132744672,35719.27980138514,132.59848189583357,3024.256020242666,152.06567613869007,31.743212654174517,9397.035567616718,6.795765106231156
736.0,8362.721249272927,38443.64632646477,127.89532576350696,1685.292717043445,134.6960149752286,20.226314595712854,5204.247726580711,7.679510667123599
736.0,19623.041564658808,30003.106684854938,174.51812437560517,728.5016832181262,143.40107978493654,19.514409113512937,5131.075562325653,27.353255227707187
737.0,18218.729449188777,29322.84794269542,370.51846655411487,4115.966660270185,119.52340150231505,15.596904620563635,2719.2980009789576,18.337411490140276
737.0,19580.07697264245,29942.991895664116,116.86991702703638,763.6165980109773,148.64454103499065,18.39899359578451,3955.6776085845313,12.091406765547823
750.0,8767.476798531266,29636.411045976427,122.00574687532013,1631.3501438455282,133.46407980147603,18.63178779626191,5068.173912353242,6.947922554901715
750.0,9857.988193889114,28145.13974022475,259.0591544441933,2509.4064867326706,129.95684482714108,20.436125718535934,4537.681643470566,18.74264118312752
750.0,32428.080384448178,26913.26218001255,150.50645806089636,1387.9482587749173,138.76960028693355,24.803888119215202,7280.178807193967,14.038284222348306
751.0,8751.570471825267,29528.50245335945,186.9721692601462,1107.906736841457,139.11918902890747,27.6323314537135,8140.7841510795915,28.649012903368202
751.0,9225.274989129919,29049.624352932726,129.54495373888625,689.3444144228737,145.1913356217565,25.14379158604606,7672.429628915842,20.597022171597946
751.0,10278.508272276287,30578.418114096723,134.47473209880812,555.2100518679226,137.4556731259286,19.482422304222208,4925.734469043863,21.661716422814457
751.0,22922.756942841635,36288.999260260534,170.27038151111773,700.3850244752182,120.14612244244235,15.50855476071577,3663.534266704255,22.259862905573648
751.0,23803.12683908648,37260.279278048016,194.38939630310173,1376.799455626358,129.0651010415754,18.00419399406084,4024.2603202650716,17.296297336180587
752.0,12704.173980671945,32797.37249027511,195.5235357014448,1421.6717923008794,130.1838435690837,22.89139544689784,6229.032993255191,20.78354943879705
752.0,12954.133375290234,35391.76696004185,166.00556548874866,968.5526967791591,137.43877914889558,15.945858415545409,3320.749483309733,16.239396420212866
752.0,13635.362366862058,35998.17162621172,154.2949230628928,621.9457796555822,128.7716470998165,18.596580040858363,4830.989632020328,24.1597091737687
753.0,13579.722993906069,35266.523115620614,416.2400507702447,4055.6304431076132,97.38725621261062,30.19713965011945,9971.624243221273,41.71740214543373
753.0,13736.784429485404,35609.181803680614,174.40437709036917,1046.7974865955885,140.2711688578621,22.780981713952254,5896.976878438086,22.265074746558618
756.0,4012.9469795435234,1417.7934400825263,345.83088399693736,2892.6117175748036,129.14683768318406,18.61500265752592,4007.356098263661,25.929287533187402
757.0,2692.638080636508,5328.370136904987,180.55158356029503,1181.7333595421533,133.7027864013615,14.81578676266372,3096.4572342871916,14.933606634177496
757.0,3498.513322936722,1588.1213802654968,111.1207968117956,1002.9776103162349,187.88539840445557,34.27669301643193,10500.849591742952,14.274137501221903
757.0,3862.551700402177,2171.3463416832533,201.19377333109242,1904.78260111257,181.1209869073318,45.157212897935544,13277.443940291596,30.969776758694575
758.0,2875.838567870406,1055.9111707378197,163.7666870177302,3148.3067591238805,154.96950867743317,31.206233680853284,7741.852606419811,9.378778099646803
765.0,872.1567551013154,36672.850577065816,161.6423413837678,1376.544640554836,112.50942550678519,15.957057496686307,3615.9129080301013,11.43204998926369
765.0,27836.067341329548,30488.97962588862,200.91657350754784,1515.6036975744473,124.56894057332882,21.594352667001907,5244.407624058526,19.58377539660851
766.0,864.3155139329323,36684.55287397783,137.33252924910582,2610.4937947867297,129.19384246649082,27.872475393311326,7093.08272774313,7.454499877773045
766.0,24480.215601811084,22977.604606036635,124.4863193454157,2822.121773026802,142.26996996899663,21.770759176147788,5467.949996213186,5.092813499990699
767.0,865.3795282077806,36690.39041040612,133.66067717801897,2602.196445816623,129.0521028555061,26.10885661887003,7535.713816460602,6.817769704976462
768.0,873.612919828746,36674.16210315313,131.68049054902878,1661.6726876559096,124.89216431432887,19.116976747777727,4916.044844921315,7.854943581737459
768.0,32985.638026436165,17057.132850428694,113.56451032425026,976.3630582300976,128.7159109748153,16.73404126536808,3962.5127506030353,8.78345138941605
769.0,34903.59319444394,15847.989097090815,182.9127142991197,818.977096287154,121.93261221567663,16.51289295917639,3963.7137648175276,23.166320294326464
771.0,6452.594758651394,23183.895813155148,212.8339110142704,1536.6929381930843,126.38853681180251,18.830810486916548,4216.576522989632,19.1479674225069
772.0,36625.47328497742,28859.83788963836,120.73678414903483,1888.0295804851671,120.52614646486397,18.625158902376377,4865.345605963921,6.092289965526552
773.0,35448.667976739365,27394.67346655738,146.59536278390956,698.7234688038524,108.22564654222776,11.36965803712744,2232.0146837700545,13.641608630208317
774.0,4465.799279912655,28826.577284192554,169.6692996925776,833.3978053431213,128.7871568826002,18.139062292807374,4536.665400932181,21.49184891790184
774.0,4986.758615669605,28202.806919883013,111.58125087320668,703.1281879955624,137.8894835810548,20.403718757928335,5262.7881067445505,12.968279210092312
774.0,5754.994200862342,27613.507150740916,206.12774317687797,1409.806118522727,120.68084681602836,16.151595310397145,3236.427855150015,17.24329640203561
775.0,8976.134544899342,24443.43861453845,153.62857191454174,796.3743717942455,141.22046145177848,20.577525493039197,5099.916542223149,20.77616288052157
775.0,9459.53593268438,24506.47333799323,261.1765680559686,1611.8473215849199,119.7196550512778,19.634562348061266,4783.503387668431,27.791123477434205
776.0,26908.453939791903,18575.057517027788,149.16031132892726,2865.7603684033656,144.5909857440247,22.810256592059933,5580.883252959945,6.88765789865117
776.0,28335.13426546039,17496.499813068152,147.41268387753067,642.8752381074476,128.41055547606985,14.594290074884904,3184.6193870573206,17.68659217340525
779.0,9608.536854289767,17193.522259407822,227.28339800229503,843.2666842599224,138.95127246322096,20.094611284252817,4865.874262365386,40.39103286584572
779.0,11025.944794591207,14249.218904866497,160.00037751224482,718.7403348635496,136.02236586452722,15.807370546137086,3124.7734774312703,19.730895075958774
782.0,25907.113412151586,34112.36748039658,115.71634255912014,439.0097914837103,116.14354964035289,11.865282438825696,2324.235366480835,14.000263228900764
786.0,24256.22933207523,37089.18157620321,178.013653115175,660.2266180489687,109.00050668893935,13.816060153000873,3224.7853753037857,23.159137750634603
789.0,4046.8270745081977,19468.71790558778,187.7973068773796,952.6211175631054,126.44550306422275,22.07789034420209,5871.639881488984,27.210715726033314
790.0,11872.329927528439,22749.68111661012,150.56186493402913,1336.5313450465617,147.41227920923203,21.924281978594134,4673.532418867096,13.15161940317178
790.0,14000.767616745763,32123.653205830167,132.07275472883802,732.453374231167,121.79618796069416,16.21257600501687,4232.216223804104,14.09623864160864
791.0,11071.085159408294,23899.37127948751,175.19063020471458,713.8534368772215,141.16087922039128,18.392819716339094,4550.936565625424,26.657480081105334
791.0,14012.590582209798,32128.15689641584,121.64413809561454,1516.5363526383408,132.4803462657334,20.466080871654306,5364.29799198468,7.781225518061362
791.0,18681.437275953558,29873.672803130743,165.00810771666275,1207.712199138557,129.53711595925358,16.84034562950038,3604.4557224756218,13.788859801394679
791.0,20783.792172322024,31011.356243320562,222.98682413492298,2287.4211654283113,122.37359366851814,17.48772753201263,3797.38961087805,13.713374061196928
791.0,22685.594370673454,28754.568130848416,146.1607825089619,925.1896898849112,125.76283425272767,12.991984093127462,2448.0508969854654,11.74410199088677
793.0,16509.826983195693,32455.626088314406,133.22554418224607,6306.1428248331395,162.3019912545098,38.13263863685017,11246.599287023477,4.173091299186237
794.0,16512.06424678306,32453.979577100596,134.41329756270193,6515.652141366241,161.06473033944368,38.295786917470856,12028.692997469452,4.132664322503549
797.0,37504.13585389574,1622.6654196753045,116.46457025399715,858.5359429953022,122.4391510837304,17.403809723050355,4466.660840592676,10.450496023892619
797.0,37728.78357451835,3303.626281443887,122.23130419285039,546.6378526078855,127.23385818091468,19.280501767086026,5330.661839892089,18.29161175013006
804.0,31854.435071273863,10288.747447168878,236.28670591388783,1426.835700800772,140.62697940419412,19.281659689543787,4409.3707986804475,25.409461545975716
805.0,28545.053335675933,13208.677989485908,894.447993002671,41686.04786636946,6.581304624001399E-10,24.01689881426298,6030.470082583879,15.800201814713215
805.0,28778.459812277208,13208.547646546524,405.1864692344671,3827.9075519255694,124.64693526121934,23.198989694868082,5656.87732578268,32.71884210294997
815.0,2075.057554084531,24737.043820462157,147.87368309489656,638.1957456958837,119.60401020327151,16.279983022787633,4439.379442870929,19.523022049075003
817.0,24302.654679334097,35668.76550425405,129.73490835758088,816.124763155291,119.31296470220008,13.71122131289345,2873.0156543079283,11.104857139865734
818.0,25678.67434413529,37092.79428375447,148.89874763118056,778.6369600621206,110.08051514118903,13.351178209780283,2852.7435002583256,14.259304265162946
819.0,33962.58932246781,35508.74581259981,114.25690400582633,1730.2315390609374,124.25409506510447,16.83150336093494,4501.370501749894,5.686878531126273
819.0,33931.15995122146,36398.077800185005,131.1545275703949,576.4749089920467,121.2032848885691,15.10195340966985,3620.290629944019,16.2852254875996
820.0,34595.98829736892,35596.07220766827,170.58091114573,1776.9273101387782,104.80618187453994,19.58285066380366,5732.139092335677,11.669049045747041
821.0,17760.450461588385,2328.0477460106667,107.26643418060755,378.6399645916687,137.01758780189303,15.613881749513332,3553.4954272635377,17.033640428599604
822.0,17758.536151283934,2324.930503672107,111.3676410695435,421.9020645361939,136.01477093184644,15.445775760559743,3404.015143575983,16.393658397129478
822.0,32933.25166215624,31314.762236803002,103.07877275364153,509.46254930760267,113.67819044418555,13.413893121026454,3386.9737403472927,11.119883872861834
825.0,34257.342781405656,18924.991484057344,160.95810274212133,2648.882885519828,125.84910618448039,22.04522765260722,4801.316694172091,8.159246434522583
830.0,38877.24936376184,21072.68998353666,111.71915521256504,630.0910772936259,126.21381665428235,19.018884597362916,5602.793640651153,13.566804797134397
831.0,39418.566285061526,16207.844550558944,147.2934429509387,667.3515206719431,111.42391718567866,16.27457355262067,4473.58474405205,18.613456852468914
834.0,39466.12695180737,22138.11187790124,250.60637985150277,1323.1559717613952,108.31878044511357,19.362285227420426,5052.288002161871,30.597150210578942
834.0,39397.05277259032,23610.513662637528,124.12520128228772,699.8750895116972,115.14813339031207,13.771643335752055,3029.8223823415083,11.764812531662377
839.0,35384.74261236133,36397.89895247525,112.738706952789,608.9146296367323,117.62404287626417,14.90726586634385,3604.33503955359,11.893729236280207
843.0,28408.892298725983,13511.060505112051,280.4060158769851,2516.3786524044112,114.62041974947859,19.125602365298874,4461.357836001033,20.454008581309285
846.0,5299.653480599918,21162.83738956045,225.6699825045429,1820.1583261471137,130.6988171283932,24.50046231116816,6828.173481856055,22.89720575845807
846.0,5951.237128408552,15609.690024852784,169.20247309013402,643.6765204791299,128.0823512507095,14.000568524532023,2796.110259105065,21.85709729948611
847.0,4610.597867958579,21977.26051225904,137.1713979151806,6147.502437216882,186.1087978888896,45.7595556030226,13438.450647447404,5.095647118513193
847.0,20789.237067855625,20597.893656568784,119.93511586070727,540.8695732147331,126.31130269343855,16.93220949463486,3936.050964736884,16.08344178813697
847.0,22277.85760784196,19850.67236201485,118.44267083947308,700.3615009129055,137.05737040790723,17.53572962059117,4140.398993437548,12.87335433711082
848.0,4614.8074076977755,21976.940305814584,126.68182025408562,695.1227745724841,129.37414250506473,15.296278358201986,3245.9466915162106,13.159962858287841
849.0,15429.562765014545,36175.142948753615,113.86407401801674,1071.5602191064384,122.45293488968493,18.916042975849088,4808.261670695183,8.845244235300317
849.0,15734.983685008401,40015.85183237256,152.24554037947016,1001.7184007624106,125.54601698305287,18.086855178018197,4653.2697957507025,14.916603746977357
850.0,15434.564807945402,36163.889333319596,125.77866096849719,3323.2614618052703,139.27659880216083,17.828939299936064,3583.667559701222,4.161277554907646
850.0,25833.52790475792,9051.71822038493,115.6483643078467,875.0539210994386,134.78200566476986,20.354209226409786,5899.89084149945,11.366221444506394
851.0,11904.296835302424,1223.6229047950176,127.859894462397,461.0931276420898,174.42389485966794,19.350954464784976,4439.159478779491,23.311827718499043
853.0,20064.980343424457,22830.042912675493,141.1469118805863,5394.975029958557,156.7764360885865,26.320185264433963,6062.2409932696055,4.143362893452254
854.0,14557.527792523964,36990.69410751053,292.617152773245,1868.3087340743261,120.67619252641998,19.43974978233007,4877.3019751955,29.69649688704846
854.0,38175.19177270192,19155.07973560828,172.088783159787,697.7316389128787,111.0578103453907,15.16071462199772,3669.710603678901,22.35057657002905
855.0,5030.666135871204,9828.384606285197,150.42253728840728,775.950980987508,131.2588151344828,19.409918040158285,5317.078477470174,19.481045487920692
863.0,15657.35031543012,5584.380263853678,188.6600346059248,1328.9628052230019,164.22996410113112,21.499791265753576,4857.920223540743,19.615442867539866
863.0,16630.0533419478,5436.15871195489,320.81826260202735,4598.795347613312,143.08776702362144,28.16073357025774,6410.707618628613,20.978908766744205
863.0,18523.495716913512,4654.634481608482,193.44637318374777,1834.012307618341,154.52979070940506,24.166459740898393,5304.071354486685,16.84266497711985
863.0,19010.001090312755,7664.6178537088845,121.75988093153359,480.3292483832425,144.20482311587244,14.785365782415045,2973.9862970992544,16.527364451010627
863.0,19420.6713246323,4607.186097405505,214.34928527310115,1216.9373403305851,144.25827017398572,16.981913976734216,3197.1342732754692,22.04335295208926
869.0,10952.163860345207,37960.57732330723,258.1782882267459,1356.5262959591478,123.56881833944233,20.051472061919092,5374.970407804121,32.63282897037222
869.0,33011.35660824932,20305.52384286073,127.56839134108849,2429.4604725550535,136.040375983097,19.046943041805026,4187.390641016538,5.517857274142828
870.0,3108.888977158502,34222.06082204057,136.13858237939124,535.5443986663853,117.11141229587282,17.594437742982375,5084.6470200311205,21.017304995321968
871.0,3083.93497902159,34210.694915473134,124.53422348993713,814.4362079287674,116.81514738792336,11.639204317240633,2041.3050006238466,9.460794722746776
872.0,3096.2802445850484,34203.851265706435,130.14087575110142,803.9106863396561,117.76995847662684,17.0696230395485,4751.586312280973,13.165266274871044
873.0,3093.189912288356,34209.052126722134,151.0086339193281,786.2097016247856,111.29942688932626,13.668131376433884,3072.046301865286,14.728520420417865
874.0,11990.957665817956,37080.70921606048,250.0204127920158,1533.7614458190458,118.44769930444646,13.902811217827322,2878.7197890883085,20.05160663631642
876.0,26446.509770118413,33101.25704254579,138.66930933100306,483.4557141598371,124.6061945925957,19.35772792096401,6058.672107334888,25.946902836243943
878.0,5385.683784735239,18701.63225167291,243.19652495807594,2161.6475501400655,115.2266354639725,19.153917802567648,4388.13979093882,18.13098813184493
878.0,23407.398829333837,31566.52050933931,191.55281011119868,1485.0164868194177,128.5290741825273,16.678505830539592,3534.015904803996,14.821144187945903
878.0,26297.66166467073,32275.42972364174,169.49808697962274,723.8761317038891,120.18821948488531,15.240811250379016,3596.4089108826133,21.11939092992979
879.0,7030.7271709640845,21748.45135121162,190.20753158094095,1155.126472555359,130.2997056298276,15.236997057743244,2947.6816758206846,17.055049173757734
879.0,8290.866089241534,22629.107147549963,306.03852819193935,5189.5970808582015,118.94001123554482,46.49832563419612,15902.84927378344,27.140315585698954
879.0,8232.911406296365,22665.973094489484,312.72332048868407,4560.581153085252,149.51221282271752,45.311328227890286,15794.165247033514,31.3353597868653
879.0,20725.389465914606,33843.61353993562,120.37339076751879,595.6055623263511,126.27965729286439,17.612423966852273,4528.364993005201,15.320032715781274
879.0,25215.42109289706,31079.092067068195,156.05733498973763,840.8786846032807,123.91401480655038,15.376832968120222,3393.239037209787,16.050052806853103
880.0,6493.265642783346,26326.045253577406,290.07596921275393,1746.089070046109,119.77437187082111,20.386822886916246,5507.127076018819,32.513342184756134
883.0,24876.478300610095,13198.67039203364,149.71841585805169,615.4633241535096,140.0827543127661,14.794839042777072,2854.8725889887546,19.10257825470906
885.0,5617.656280512657,28093.27272635069,170.16749102423208,1176.9546531399255,142.5195193607506,22.76713048550209,5756.359705080664,19.05048169007344
885.0,6783.279049210049,26242.503947574223,127.32619427903768,2672.8044457728515,154.05384188843408,20.306728878887235,4679.396890962912,5.29163293236022
885.0,8709.432820607439,23750.825351164178,139.41065744929395,1892.937297405967,145.8044458675853,20.860156477685432,4325.562855824173,8.200634011455591
886.0,6868.311038718376,16742.97953857467,325.36169372646737,2164.7323336549043,130.77539039169093,22.5015485480922,5213.1503619364585,36.090217872367774
886.0,7245.226640688805,31536.27687815157,114.84158189275213,1294.750634481749,135.98338517282403,18.446201266739692,4404.309914027391,7.556300066841602
886.0,9291.61969586201,24377.0755441274,124.87011791360142,607.1000357406182,141.6622381306719,25.709508425376484,7182.014590848322,22.09740246831854
886.0,9733.341484830527,24159.76758989842,143.96808648434242,570.3454245527278,139.33968059591842,30.154146062162788,8884.870119934083,35.63940901277515
886.0,9966.360790784234,21983.612962720596,115.50051426083063,655.9655149005702,137.8766111947103,16.268490623584498,3680.335502716513,12.357465024982476
887.0,6716.76333195955,17345.119525284623,322.4672186970494,3089.935369009988,138.63925505497667,28.275866581891577,7473.383067856486,31.115110052810795
887.0,7268.114979395386,31553.244986799993,121.53491813594444,1779.6910539944433,139.8017780957571,19.725844464802883,5055.096153058618,6.665506570689981
888.0,5806.510858244804,33291.43016754325,217.75621716320862,937.4382339896974,114.76309907127542,17.734865344960802,4936.07458146988,30.057067255383735
889.0,6624.236361027999,32674.74286094335,134.75343776713694,464.2248861551577,127.32891828506503,13.498920255576277,2696.6780199408663,18.972075846427785
894.0,20395.882356878734,9486.327897907457,161.6017141765444,637.4134722555202,138.40505611161345,17.19899471143015,4118.691731665627,24.05964382463538
895.0,18056.75089204814,8972.169233964094,167.48824526067636,1131.3154637100522,160.22344128034828,21.828275205747293,5106.586213290646,18.512072090184887
901.0,15134.00233665126,9063.192145466213,232.05418189742494,1202.1467293890241,139.06376532693022,21.474333169181268,5301.436840834863,31.79957968926411
901.0,19707.60546104661,12616.656681268814,266.0040360942628,1533.9603736803804,138.0201981061599,16.26179578196275,3151.9199397440716,25.554046801923263
902.0,30900.675778772136,36480.35564067086,130.7674501562332,1403.4682768346086,123.12083933295231,17.817769479667994,4671.208151200081,8.527800464182057
906.0,32924.97119053292,36272.74661861598,140.98044168039138,1239.8305345346864,120.05490445981053,22.160938463592327,6787.500500281252,12.618588089185344
909.0,38934.101197022355,26189.689939851036,220.51343900657358,1047.5836698179833,103.81721303600962,18.302845979936563,5333.295330994018,28.502372667914464
910.0,11860.730260230035,8215.485423496308,108.58853213749777,425.7217839193289,133.91744551291188,15.054599282537348,3447.6159600746846,15.270669212285993
911.0,34563.21567407076,19285.213164968096,126.43779345359094,431.91390136779233,128.17252602895311,17.27752900399853,4312.133328412161,22.033196793272094
928.0,12368.595761324972,9616.701080599232,238.53500695494364,1533.6047832607646,156.1172666632997,17.485873308084837,3096.67515228663,22.225805160762764
938.0,1879.0687163151908,6629.532612090661,163.40052303975457,4441.426677159511,162.58952400645407,36.6533646631828,8484.68848151905,7.795092645050314
939.0,1678.1004043650794,6507.502699082617,148.07146714012293,2685.678646402199,154.76846472521396,23.09236400954455,5313.69562692111,7.2417690253594085
940.0,1754.810948784136,6554.317777962674,156.77851329920276,5991.282365267813,181.5381702836323,40.804439773177776,9762.190271098636,6.034552359269377
941.0,1737.1898472929734,6559.576781065253,155.29186926577214,5924.8146232596655,187.5075738403745,42.228431881496505,10548.44357828853,6.153527567954517
941.0,12486.292356864069,5173.666330836592,124.40906306715914,786.6311831423355,187.5653570758891,37.38354157149966,11425.427084390545,24.080979276256006
941.0,12679.612172728786,4366.742450905825,197.0588779255788,2430.217623598509,210.47067577730246,45.230225739115156,14283.011021826975,23.496786474865687
941.0,13150.995095992761,3677.0819377267267,217.15224759026452,1230.7718008884583,164.37619658978423,22.901666701023963,5005.368427722692,29.04698401370029
942.0,1749.7754808548543,6566.580329048882,163.36675474242998,6849.358783962205,192.26990605124425,46.11784469455631,11897.428058059053,6.340592072580988
942.0,8420.100000992916,7996.5368900853,239.8263606838388,2904.1258734117005,158.57405784996206,29.032181707336765,6506.4429591578955,19.20955585161348
942.0,9031.89099530535,6722.746270672971,254.38366205615515,1413.556551571581,154.1097602205081,21.051176076419665,4871.972028913357,31.879748693934648
943.0,1720.0432148318596,6577.24623809539,155.54081815531666,5293.3762544018955,181.58855850519134,30.316579413770267,6700.293027883275,5.350230843239906
943.0,6237.964086261845,9159.988377940384,267.3952001652571,2049.5983636932124,161.74782999116587,28.377544531378685,7802.418776604727,32.327259434148345
944.0,1623.636717250676,6686.071400542822,147.0388258907742,1744.6250522135672,145.77335095077726,19.45508169048635,4256.0728980418,9.153167047797574
944.0,4902.7213298540155,4114.355990434971,311.89331201859443,3647.6597700400057,125.07979346737517,23.649842132581554,5644.641203521381,21.19835000361527
944.0,5614.521272523434,5921.509628711285,164.3285393284501,1195.7611046293641,156.79833067093375,19.52772862056132,4069.1338051264634,15.500439004690483
945.0,1614.7836754742502,6685.421889702501,131.11104840049998,1140.1514709881285,149.36849954382456,22.529552088968376,5622.070595950785,12.112265324331668
946.0,1605.887141958961,6625.193021352692,139.9177388952117,3319.4805645026104,169.83309267925145,29.653398059275414,7666.666947088624,6.544837122954745
947.0,1613.8980578807948,6598.958897807364,176.06784761159142,7862.406360568874,178.85149545926754,48.26155163041288,10713.737779453988,6.644532595266771
948.0,1613.0370619893229,6605.947415775089,197.88532220757463,10879.358092132212,174.13523525516078,51.59732602230265,11510.425655840967,6.456066005676402
948.0,15738.8752529942,4332.324011983457,361.3655811848208,3649.4036388355908,144.38873451332717,24.576777893931627,5907.921038558907,28.9997849834042
948.0,19428.300876259404,5633.634149144126,424.17861094133445,6981.98794696155,127.61706190998272,37.850334661512505,12042.00378564109,31.586254669348225
948.0,19772.746298826714,4369.732209072556,325.21625701483157,3162.4275822898862,146.27018101272103,32.116386610055514,8803.423860517178,34.849836511680586
948.0,19953.31033561123,4687.645821747514,153.13451803195125,781.1057924138892,190.04418198162247,35.48860211843967,10752.222359240379,34.51414773783342
948.0,20621.137982349297,6232.580839077321,153.42178595340576,969.640647462761,170.35390620581043,21.774400831993873,4931.2757573878525,18.124013456654634
949.0,1615.5582014887095,6595.517040096904,158.42473840458123,5323.323894080739,176.87816349507133,32.10949166729912,6765.785956725895,5.710500130208931
949.0,21818.758709713573,4178.012917442509,284.2816463731397,3686.679541457042,160.10345542804072,27.73328180412184,6571.776238100129,20.29389020992432
949.0,22487.780613510215,3416.6459516612613,110.92472124307955,505.69454728542945,203.827575089541,38.112447262480906,12035.326930221565,30.1285677297621
949.0,22418.65445623391,5303.354157120404,115.25193496957381,857.9782220286397,177.02035872129454,30.58695964503494,8662.468871610092,16.01074339369422
949.0,23156.078788417984,3866.696111525663,389.34152556108734,6539.964627296326,135.29650617068307,29.775764943785106,7398.563389270557,22.808001472242577
950.0,1586.2076289973766,6636.72160772287,144.26649515104558,2316.0924465856942,155.46979404792927,19.29421042394305,3976.7652207705905,6.983318156877508
950.0,2537.004947159383,13944.639698155523,237.86342368062074,1848.745161181326,154.4382826321658,30.54312401942046,8646.857251212874,30.511736881924122
950.0,23678.920648623218,6235.113314922709,104.03751129188666,477.58505664043315,159.21285378237005,17.936329246638053,3591.3053596583964,14.629194980726101
950.0,24647.706412990254,6353.689484888168,299.6299792347253,4285.200656918942,141.94637678567628,30.736107437374294,8815.102860863435,21.321948006721644
951.0,6802.894328791879,10539.810528689137,176.48006497971627,817.9612886038918,167.33991879292722,21.22802775009311,4709.274536352116,26.98579570903379
951.0,7712.808574045838,10474.154566834946,244.98541232957174,2588.9817187663416,158.14391900962448,26.47331594686384,6477.712977914934,20.532976745733492
951.0,21415.531389126936,15967.96300794979,146.22059487368662,1257.412046684314,163.04849910265713,18.573427404094797,3755.8959125693787,11.611898924012312
951.0,21560.818447322163,14847.154207262774,200.88834456599307,1416.071001873433,162.10645841466612,18.143717658958895,3288.6036945883166,18.007782361157368
951.0,22567.98838079259,15499.46543410658,186.520482636477,955.5607210742251,154.25030511134688,18.610957816390982,3948.3016976133813,23.053171672726872
951.0,28354.25090577317,38638.47051180706,112.67826516391935,467.4828426331198,119.69238496558081,14.811689934540977,3595.5977666130348,14.822214183593974
951.0,32366.773423452,38738.97361100709,122.4301153301255,968.4994182627781,123.53230699511242,20.01669280592262,5686.846936316993,11.33739547798353
952.0,9473.013961658551,26279.225636610117,135.78262205696794,3884.04743588278,166.73496395455186,27.505083084448025,6411.861267913539,5.194472529262956
952.0,19191.352187485332,15189.898774801684,232.64945458448196,1956.6023810690403,154.58088167977124,21.1397206955312,4727.704871849156,19.909246961173
952.0,19590.163646110304,17227.036044588025,123.02761878220126,4284.649041526953,213.72863906236074,43.96740143630764,13079.92643567584,5.6159524800527185
952.0,20366.68303489066,17486.838052737217,287.25460670021863,2716.4993732845874,140.19188745923512,30.55879944986401,7936.28056129644,30.300244146279162
952.0,28409.158487545337,38640.94544495014,143.87398239167106,1902.129620300748,126.02072562884898,15.883008312215454,3657.619327684772,7.250696697494797
953.0,9606.129639749006,26513.76675625566,146.7784988530925,6473.7004404470135,177.59609252073773,33.375590635668104,7690.78274281249,4.38699369108231
953.0,19961.273859377892,16751.67031116108,332.0398251676772,4199.026467087889,136.89210599855167,39.42722016934686,12229.403899740722,33.442285028443166
953.0,20130.7310022043,16797.635444538082,388.7775074667051,6120.717340977825,122.41292859149306,40.41030288977719,12724.825084460153,32.24469937751239
954.0,9661.760851612175,26423.140246320647,150.12615215799855,6095.07427450708,171.73065782618417,38.59629544965868,10092.84960615464,5.290568443933773
954.0,17169.640548464395,16916.966374023614,121.5110848173569,1108.5450342877,164.55475839181605,20.99230658345575,4521.2205690656065,10.30810860089287
955.0,16627.620698059254,16360.713914944085,144.61931563964913,1028.6476458638197,158.04282380164454,20.04182473858632,4162.528037801757,14.414982370558002
955.0,17326.558059776988,14562.646660414415,176.2591258151737,2839.594562746366,171.0685676584669,33.93180073770562,7852.505417339135,12.634623232727199
955.0,17278.868264469857,15581.355047284733,139.6053597286508,777.375620168293,162.1867816093131,19.070984555823284,4127.315337545548,16.736795109507884
956.0,9180.475227952416,34079.3142804453,217.5273205009291,4459.4621770042295,140.64489497733845,54.30346843277865,15854.813022791219,18.755064700558602
956.0,33653.12038694284,17049.26307889308,164.01840124557597,1258.8593340446828,139.84635548733434,14.005752180631974,2360.706400550162,11.55301563671757
957.0,9016.179524862288,33970.70204814255,132.31250309920551,2978.70586204423,171.67746916892182,37.2837195834334,11052.562198077549,7.758625520840461
957.0,11541.702289213343,7122.294537957955,173.3183062040861,1383.1110397417233,161.72132873988434,20.458449256763437,4272.575739083565,15.531604547420542
957.0,13492.596407973415,3847.9405864197997,154.58351720993483,1988.0452696250434,180.34567068154806,26.346855718774243,6171.7350941456625,11.171452846317981
957.0,13965.494783912414,5094.471312518965,281.76965753202944,4075.655918984402,161.41487577410257,24.656676808054392,4956.678543377702,16.395912276655906
958.0,9141.713192469064,33382.98937236958,134.5828028721491,4034.932865001669,165.15074553048888,33.89828761792057,8326.375829656003,5.702543716532517
965.0,20044.907089224038,30845.1889306232,178.07447083868934,888.247730906446,137.92100529693232,18.71830816846035,4711.244060214875,22.75312656992578
965.0,20572.856855366106,29507.36891006126,159.39092819739585,767.7052211410592,143.6403788458305,15.739539638789992,3137.383235427438,18.4021321226163
966.0,12350.962715772084,39938.81871998137,141.79968369480966,575.8516021972313,131.13060086855228,15.676804159363273,3327.557468005759,19.271026084959598
966.0,14788.163399911376,39194.45275452546,238.27056643463385,1365.796613877705,120.790598324965,17.08260719761042,4069.4062358239216,24.206158886186138
966.0,15214.223555387247,22193.158721246535,121.23886345350239,525.4647125044726,139.355969883096,13.514985588743777,2668.592189249454,14.21419544515924
966.0,17807.35091404206,27321.07317353141,143.9691135328413,683.2143650711381,149.17308517140106,17.722584680172467,3541.856623232675,18.73881460777246
966.0,18060.14676051288,28540.671311638023,165.40163351781763,552.7009605598873,157.08081894934634,18.12949389365149,3921.391640326269,30.056138962311685
971.0,1311.3554934749454,25860.165647227703,128.19227945535815,695.70111694172,123.82161489757503,18.652259813772595,5476.999642430796,15.596467069688295
976.0,3260.037205468893,32571.639473923224,156.5586161027749,1033.0691196696487,131.2212365684252,14.686496267689295,2887.5797330484343,13.045993705084477
976.0,23099.442471323066,32585.210745331355,205.21497341227243,887.5208786673863,135.68831091266495,16.398659096657166,3452.7152273892384,26.442352109895403
976.0,23914.572871905297,33613.53734578424,130.29653428582284,2204.4414501833467,144.49461306131514,21.508007091402032,4506.727027539059,6.605631626458947
976.0,24051.45710909315,37336.95327661595,157.47929761184008,828.8228435878035,134.44674390602333,18.903626036442816,4560.600145269659,19.504950536664975
977.0,2906.9935735607014,34924.58126338836,196.34213116280557,877.4615882975473,119.56944365121029,14.637902870570093,3140.111215540297,22.392395001940088
977.0,21982.798964399084,32934.939943924765,244.31461321547596,1144.0758075713586,138.2392948632833,16.12904368981546,3104.667412852287,28.463168349166246
978.0,4218.1418790453745,24982.913242434617,190.84600165140458,895.893914551113,139.03676707874544,17.456821442469817,3901.5440692148313,24.17397052618011
978.0,16205.530359110637,33422.05874619908,125.03786443980657,543.352647621213,137.2297099403212,18.708526872233662,4740.418224265913,18.695318795956254
979.0,5639.866404024726,24910.155545481164,151.02247011681288,580.2712602006042,134.50541640516678,17.866905889837565,4375.622501935712,23.927520649857293
979.0,6841.043609855186,28831.079453549584,121.74034762136148,1329.630565056541,144.4212473763733,16.504963050722754,3267.965967653244,7.584510038552633
980.0,9113.959390220776,30373.227201503716,120.25625750292578,1895.2506639693388,152.30990060314437,29.393379118251456,8485.690226409894,8.147437678706247
980.0,9664.414358119551,22817.156575799454,122.64630899149441,1660.9958443750243,152.80349811219915,18.48286353415667,4392.697107905783,6.872632885129204
980.0,33025.35153501069,8884.331346952229,176.92362990630048,732.0858565038635,128.01670462166845,19.852001752607794,5614.98367549236,28.366475337784284
981.0,35984.02803988691,12939.033182939087,168.38323827472138,776.0940721657555,133.745980828199,20.76168406395936,5463.366775445438,25.450011618579456
982.0,28935.98442647485,13603.850130420475,241.24449232309334,1269.537505487965,162.75156781195494,19.654174274344207,3697.7055873581658,30.006370633618005
982.0,29129.75786956634,12505.642183981197,125.3711933245546,3191.793415039487,166.72753829202853,25.18320853380859,6202.875501721602,5.079210326460632
983.0,29419.150520790725,12487.155792533304,219.92982242042436,2415.9342214841313,171.5371110837843,48.72330554032556,16970.1997456563,31.41498446570554
983.0,29627.217523418884,12696.173692320826,373.6693778330063,5501.39604481617,125.39762504633167,51.8184298087895,19679.80964361275,42.07978242750113
984.0,28117.901041502286,7390.930191238345,198.58472038893908,1213.699571353388,149.5990082047654,20.531722549889277,4212.335553800281,22.564649061481724
984.0,29837.21668809642,6782.199112821977,154.50552847710512,717.9951080274237,140.60453317158246,22.806290075287436,6230.858363219832,25.318468511367065
984.0,34232.1289187408,28966.83089733775,132.18935099947595,1464.146548072112,135.18105439809028,18.787551528933516,4557.201582430979,8.676916007793798
985.0,34249.74265479554,28970.41207490328,124.64526230266571,1031.0810256459692,139.06436040231796,19.79209920678304,5122.660234507492,10.981744645633173
987.0,26500.692011785024,22830.609229571615,262.3815273198899,1419.5244015695644,124.07035867264247,16.112410985631694,3261.9554539058813,26.561540206072785
988.0,22027.07420334487,18718.1369731369,125.3976461985325,2206.4904109744252,167.27349248702546,23.1371490615516,5487.654265124414,6.4989316246371365
989.0,21525.767439846695,18648.603118893774,154.12024220514496,2129.375148756872,163.2382245712627,30.186746170823213,7448.78710881252,11.662858322088553
994.0,9207.721029540711,14312.138314679953,132.37446607597352,1059.1081932893846,149.0454277381212,13.730482730782667,2386.747996898344,9.294274526442173
995.0,37464.95915486804,6397.4668959362125,189.44197635475544,1170.723087072246,128.93071483589912,19.48619569649166,4606.75591699167,20.441079088909923
999.0,10401.926586731703,18378.90760510139,133.07933488435532,517.868219959692,139.1719572269541,11.76528661216472,1933.2955401853474,15.277461772028628
