"frame","x [nm]","y [nm]","sigma [nm]","intensity [photon]","offset [photon]","bkgstd [photon]","chi2","uncertainty [nm]"
1.0,31241.884047982367,35310.46870973897,141.37861992713167,842.3730841880227,110.43229362203182,16.34447496151816,4687.037307723336,14.123812619894531
1.0,39453.821482353545,988.0609284183397,111.49449899064545,469.31520461819906,111.17999882196584,17.27785835655675,4832.794629662676,16.29963653725218
2.0,18405.941460153805,38842.093821082904,159.96865662687114,1537.4235941351328,119.72447800264172,17.061206490234955,4190.037624861516,10.715912854250758
2.0,31167.551344407882,35400.79079444665,133.11219339509753,4424.710393350694,145.40853872783148,31.502964229562707,8830.409865393172,4.930189541364519
3.0,13973.978184106434,37413.57487402639,232.7676280033954,1099.5359650479738,113.93131921774743,18.99179117143026,5362.88494541765,31.16293843671914
3.0,30329.836038697907,34224.272637048714,143.34010932609806,580.0598325891884,109.99007691687204,14.418700049199607,3510.8774597284646,18.26982714077038
3.0,31330.50642072109,35196.74901988295,126.45271191610665,2654.348753575166,129.83406007976876,18.837602565108977,3726.5881941295393,5.064042828038855
6.0,37920.2164612234,1823.7795645100387,129.33104333277888,1799.6544537692853,119.28042850318405,17.329419894437283,4356.435406349126,6.748995865225734
7.0,37928.28837435481,1828.443338871641,126.9761569348968,2067.4354168390983,119.48657079726142,19.063712220646867,4719.799188383753,6.211993408278273
8.0,37932.353966759634,1824.8764869478339,131.42849270952524,2167.136902852333,122.45663586717616,20.7473777115561,5357.223662160854,6.640794920600939
9.0,15294.90994857954,39282.812582910505,103.94622447012202,797.0327902028047,123.37553815559691,14.444092027436405,3097.79460669353,8.238443978985384
9.0,16615.437019462697,40218.29295624553,281.6061055656579,1637.143390150008,116.7514469952525,20.60720103975698,5666.417224004785,32.99575774148695
9.0,37929.747744129825,1819.8653058422883,124.32437438844265,2146.302581411347,123.73465059073267,18.84000123503098,4017.785052725367,5.803835851861608
10.0,37941.981461280535,1827.7850666199504,121.69038776328705,2057.5631894389694,126.52363330284935,17.817148911440793,4288.6392400431305,5.636068476109164
11.0,16657.547202435144,39729.808899260344,166.39867626759016,1132.0307454434092,115.25159342279109,17.048511567192442,4001.392212637083,14.954670323857984
11.0,37935.47922903265,1822.61631325487,123.78341772153833,2168.4642630906587,125.27145590040371,18.357309456795583,4678.3432888374355,5.641822426329275
12.0,11431.267166661497,19716.20976466975,130.75685933917615,3096.5842788674718,161.35651417206364,23.538921223422197,5262.015997489016,5.339980466737586
12.0,16626.727174939955,39763.64452804358,99.6804945591822,656.3215557028864,111.76362607305938,15.358602594147204,3526.740986018812,9.340003241658435
12.0,20828.656272909284,39957.483925014065,123.10830147345905,2508.159132981673,121.79727560468542,24.227312213997607,7691.129141700979,5.850701983266693
12.0,22109.578088833387,24285.365856375774,305.4697431245737,2456.3776785623486,116.35629070453561,22.737789600623888,6221.477813625743,28.6099021079107
12.0,27422.516302101096,20605.458416831716,142.14602323229985,1261.8738450356354,155.89642355338975,28.676939741764,9006.24393512521,15.598304912824752
12.0,30861.25257698278,15185.95807553414,305.2135151516957,1991.7384836497877,122.90951828322335,19.702624117277917,4971.048118226523,30.63979666487292
12.0,31377.87251119116,20151.498928610094,116.5310085215535,496.46191036874666,124.1372963812441,13.300177928484928,2888.9495073271714,13.802820899694874
12.0,37935.55651503699,1817.7018159259903,122.60996663565147,1911.7775369158426,124.04355546012329,18.02638393623,4726.5048916188925,6.066640576524349
13.0,10798.410223437613,17830.99180794379,341.2350229522489,2448.8165553605754,124.89840558002146,24.02005864346492,6959.458074375669,37.32061053467499
13.0,11340.892397649224,19567.043715843083,172.90587134902694,3065.1695035673906,161.41455082036805,31.57415181698014,7909.34350800162,10.699473426432032
13.0,15103.56616494452,37516.72895224323,133.10842163853462,1485.2515965621506,131.1263380893524,31.160557053771765,11210.71787829385,12.75313576356803
13.0,20439.068994940648,37839.01494529773,134.1070113885901,1710.0110191516303,120.74682002108399,17.269354097337146,4116.780801582832,7.420341650518258
13.0,20753.228401817312,39887.525767249186,163.29248444086357,1237.1716906316349,112.36122899068657,14.154243083040445,2984.3178392350424,11.718609964947301
13.0,21825.68511917105,38360.64315129955,133.88203495667614,1993.2691620397384,122.55918657202446,17.79611538777123,4436.5166227710215,6.670949163274571
13.0,29457.205206176975,22459.185829648937,150.87172868812516,1464.1899934522228,135.64184864187362,18.145036312643374,4090.7793969334953,10.56573344665919
13.0,31260.26869267209,20960.204894831375,115.85250397774473,1001.9856565643773,129.035475752537,15.926228291339312,3563.063079655735,8.61033914981052
14.0,20546.757884381866,37716.93752321213,182.17403937431206,5506.732237692779,142.6279857277411,54.46783678485499,16441.499555172704,10.934315291459152
15.0,1385.3043203253071,26145.185434793955,196.99596569762505,1118.1251464172128,115.20038665704226,14.644421789337443,3214.8505406374647,18.114223129237967
15.0,7459.059619131249,22503.527835047145,189.53724134729262,897.8413604942459,133.52594663078347,16.522010570647964,3591.7093913787253,22.733915892178334
15.0,9750.117000455279,24209.52305031945,400.95924483864826,5268.054928108862,118.9084714213403,24.827192468727834,6549.556194683651,25.14212148728755
15.0,11130.521901158458,22487.29048354802,141.12764295912282,659.5832333979107,135.0681702195472,18.37642973361197,4550.281717030274,19.227491580037782
15.0,20680.330217157778,37779.68047979851,126.68845298237525,4288.485386079754,142.47959244150275,21.447081461562963,5423.416411590366,3.792287850188501
16.0,5496.835563737302,21833.281145097724,133.58487884134942,487.9303952895081,132.0564689672058,17.34091787257407,4515.146845280275,21.847625080503246
16.0,7224.670764972807,21970.911413029986,177.33909188255558,1770.6102634809017,136.13722503394624,20.8693236655061,4671.324220627488,13.164657729021911
16.0,20682.828951708467,37779.704815254445,132.06154674057558,4349.602783442456,138.10468618078102,29.528904067014807,8608.232607850223,4.7370734462084325
16.0,38007.117862528925,1583.1616143527026,143.82495300026306,1655.277396502631,119.28873246409609,13.729271513133078,2857.296713426505,7.451874802940149
17.0,20544.780532446253,37636.426104393504,199.03437864609162,6604.2908430814505,139.76135391571253,65.4687510383361,23837.1269685486,12.869607365544548
18.0,20347.324767793318,37494.77961739447,116.35512691291561,2302.394835754083,130.73098913503088,21.13917263323879,5511.627673522666,5.294889725674946
19.0,12099.847560223978,37208.24585841462,159.11363967857372,1205.6342168847032,127.79031507889218,16.89224841047083,3461.3283853882126,12.993631497277663
19.0,13275.787146472818,36800.5089952376,198.29267118937176,897.8429834375971,126.31152083573362,15.67870814777684,3525.691361464728,23.635375236676936
19.0,14092.272234073953,36886.13336480953,211.67519164452415,984.7871556881909,114.24179694320371,15.015586439613227,3165.6706022097096,23.6039025717831
19.0,20374.36490457598,37505.87377658652,111.56956948192348,1075.558178277741,122.60681198132079,13.621031644344697,2775.93989847652,7.0576300829459315
19.0,20659.225659243315,34956.982078905006,111.3874371489695,1613.1469795399414,132.57187498176242,22.701044538656692,6728.426772577613,6.855285290882629
19.0,21597.03115953565,37233.573823066305,151.84852686133053,2566.354573100678,127.54500619288548,21.179515261060708,5065.988114276441,7.401961666116768
20.0,14185.479152462467,36942.70393567105,141.84870589024692,6007.410446982948,153.80023957084805,46.079315260800925,14954.323440821614,5.5434278340876615
20.0,20581.08401973144,34887.30065005603,115.45814710652903,1786.6267705862372,162.14739015918144,79.29830695452296,31645.276045344654,19.081973814557376
20.0,21187.97801771237,35000.17408637766,137.19147922961548,3192.3284363718817,157.70480500402635,38.207985980269,11228.895769950548,7.930954599135408
21.0,3101.4103173291955,37106.959121976055,155.95473529475092,865.3042215808791,117.20850423861964,18.685892351334125,4791.33869854079,18.245271221451652
21.0,3752.9659938814525,32076.66471328854,312.1346747449074,1834.458172099628,108.39357816244102,18.85096711914364,4747.536542788535,33.224101518723195
21.0,11414.573342559099,31326.306950164362,132.46938091296445,532.1154640096021,127.12575577729413,16.19962642332718,4003.5767653392536,18.805470621150384
21.0,13475.744578528986,38219.13110893658,367.0402944032314,2614.9343020643937,111.63487713326953,27.985443103971612,8898.971150592986,46.58735358089414
21.0,20534.60050798514,34868.49128074383,135.45989651114874,5741.62197174879,177.7115768298271,34.12941094861796,8678.939370611703,4.311113279512424
21.0,32754.267465113047,19768.0927658617,174.4525409144293,714.9376045388121,123.4217193914911,16.265628067149226,4082.789474369742,23.76321010315466
22.0,14304.710689482325,31376.706229613563,127.78895465964796,696.1425293550859,142.9739850983842,16.09215266660814,3322.7993760518398,13.842081563753414
22.0,20549.399982139286,34868.02023756933,151.83407060817146,6868.874240978656,171.50901383899134,52.38874149982528,16402.319093631744,6.144409906905616
23.0,3768.466436300423,26697.72534204718,117.63412036805549,1381.3590253251807,137.12052367445014,15.199214280615893,2878.3620301126493,6.6788337415523
23.0,21171.35854000338,35123.166820704915,171.38257594601998,2641.6399002077196,143.78929404637782,33.08260309784004,9978.675674089807,12.551822567955544
23.0,21817.62468941813,35066.19627507523,137.1770072003757,1824.8197831097978,149.5543819430618,44.77971695971334,15490.163542264165,15.289142345957753
24.0,12653.669398766406,32344.897858939617,189.04524782858468,1748.0694001802447,142.16276933215235,22.64758333834876,4840.336142672587,15.975580453553954
24.0,15239.93922854161,31543.108172225806,216.36358869570884,1033.714060829787,129.36507873944726,18.291167322812814,4333.58909024666,27.834087221690012
24.0,21869.642180826715,35120.743868518584,143.79496271334557,2001.3418445855411,149.66851114274237,18.136900568144444,3523.3814036994245,7.5247659672903175
24.0,33309.20474047047,23436.193953131427,130.48992108338047,476.536613737994,123.87115730416417,16.5983441997184,4450.154475070604,20.629611223010354
25.0,14726.195980025395,24904.303797047563,200.80473345165007,1315.7411852389482,147.99525451815364,18.267822600937773,3883.728948406483,19.351405540062558
25.0,21204.186789448693,34638.40917011001,132.65548101543456,3007.533302217502,171.35398925866645,55.88174344440981,20199.157794753708,10.894317302906417
25.0,21739.994022288414,34758.50498372629,241.6118655657694,3469.2199370913313,136.92365215498674,52.20086705781231,19734.56139679243,28.307025453041863
25.0,29148.952588305605,26864.107099417357,119.97620933653536,2160.079012746422,148.90901272680452,21.023112755039,5824.638944202716,5.814974942668746
26.0,20197.13213951876,10744.063274975259,152.67779476152606,963.8658860525585,158.39620010208853,22.764422514736136,6360.463544246589,18.758341038014397
26.0,23327.924434358665,35859.149539889484,155.36303340586372,4676.927209396235,153.62243646051735,50.602702119006366,13418.243008161551,8.86440133916237
27.0,18953.96156912075,31436.765541629815,115.08150008264083,1171.2485591239272,152.28806218869354,30.853242469926744,9643.7281635265,12.058586943093594
27.0,20207.349364396505,10794.80539987579,129.71642178502123,597.2115720140899,146.9779562400056,16.945837436753152,3950.615922294541,16.926184382659002
27.0,22920.679441021726,37177.4163328452,155.15574330706832,632.5878640238499,121.05366835393924,14.639967777439654,3053.504052158818,19.69802633232032
27.0,23560.026424007083,35825.922750734164,128.9107191193425,479.4705964485312,120.68015508886094,14.095484531049536,3113.5186774237827,17.634601408251264
29.0,25216.595125431333,8866.960448491905,165.7507482832208,1445.3810816873213,158.59357896439417,24.602609541195097,6415.5092436275645,16.027343334247885
29.0,39348.96559117069,15916.58167685915,138.55678371022688,596.8887181118603,115.37502556058342,13.257231630860906,2959.548425957403,15.767222996987643
30.0,19397.659729674273,22130.41516955829,136.08454935666086,1043.8503906246508,142.82102061483766,15.481087431606271,2940.951111566069,10.606179110909293
30.0,24714.666827621433,7532.303282821423,108.72764985250298,398.3645565897759,164.0027104782482,20.67320744234006,4822.546470856944,20.947599159784513
30.0,25169.04341742725,8854.694818377522,131.08036730389298,1230.4858251226594,155.1480964625078,22.67253873939293,5531.518112160741,11.370206943882584
32.0,1693.5556267940447,38389.56477114451,165.07226238643034,1225.440268413378,114.7397560626237,18.90431535688425,4491.217705605468,14.894759141718536
36.0,37813.68024950899,39464.8908468192,122.45399908245773,639.0594461232488,111.8947652476056,15.995141057860993,4351.858838895714,13.793410218141128
38.0,14591.445132936986,28908.57714053094,114.90838603665217,476.9705213692166,141.24515125171916,15.70152780197233,3294.5053662166947,15.735555939732789
40.0,12601.392084701016,31365.658033830616,129.3959936381278,693.1356453964775,137.40575757283554,16.914644807249957,4115.210874805974,14.741673158761053
41.0,10439.260166816068,39403.082563880074,269.1152907832164,1448.714989539663,131.11700477728024,18.537891938114004,4260.134477845996,30.906831571595635
42.0,36357.59797224583,15944.796953535524,218.51917766966932,1029.2588958463389,113.43352333528762,17.283818261550312,4446.833139772691,27.092972725340694
43.0,34492.539945807264,34234.92704825079,143.76109950954213,1630.6535809315992,124.03937362303259,20.724180742845565,6085.471665827586,9.758457989592427
43.0,35445.88527934224,16982.078523575416,139.5577644879361,701.8188098467173,122.53469923258976,15.320905967034623,3729.6340604878064,15.434306698026301
44.0,31385.97545944273,35461.19606147582,209.29226659572726,1222.911062585039,115.34813013717216,22.602112692388324,6519.965111936762,26.924687222612313
44.0,33135.51711275214,34816.26395845968,126.75984853053933,3295.8122430396006,142.3903288850417,27.448642468084138,6910.026468373121,5.309675223404372
45.0,20005.005752438694,28461.70359535502,176.55330834513262,939.9274678971389,138.602397258936,17.391518964340356,3730.7647667695023,19.981713067024096
48.0,9039.961097963425,17467.214123714435,181.57872930575402,939.9688475931578,159.0780212453169,22.211947450739103,5493.458640996814,25.997288574997693
48.0,26490.799615453576,10041.857515219053,203.2060969571811,1098.3731559567404,149.7754283690751,13.457912045816082,2090.0346312156225,18.209439229590995
50.0,12844.226320988631,2290.454904595839,174.07939279768368,1155.4058783559701,161.67319511021864,22.841851258659613,5452.692746969835,20.27515214569933
50.0,14058.811530669842,4345.41214953112,233.60775095551656,1208.2330266383397,156.6388864062369,18.086507847343533,3562.0103210230336,27.486718646580417
50.0,32518.289379358535,6879.716705983037,115.8691167862215,721.8135451327594,122.83994039549545,19.184423191912213,5369.275521246569,12.911161945570093
51.0,6186.726827916203,20317.587476891167,167.08644684324875,3048.948672200851,149.35897175337126,32.33607896961815,7823.667270134645,10.303282367611779
51.0,31377.214707409985,11467.789310608305,365.15404049689573,4226.096898493127,110.14555324103907,26.752184416361725,6466.527955531713,27.782286820573916
51.0,31417.113026508898,11462.663103272895,400.325181959079,4932.06877364421,108.40775617230221,28.66607882927203,7994.242136355904,30.462221085267522
51.0,32241.02403044974,7045.776807928117,124.21236679557391,2356.484897204893,154.45680011159416,21.55798993620708,5113.195465927081,5.813303344593039
52.0,1674.0952993787048,14289.646589152053,126.99834711766991,1627.802157112099,177.5906965834961,35.70017111048823,11056.769144398435,12.062242312007342
52.0,2051.0343104126487,13566.75418993402,120.57283776817714,917.5702843898837,147.66234386847154,29.842438510610762,9559.580735319169,16.00716666907683
53.0,1307.7858358436513,13972.907278447577,224.18932112534134,5234.124529024722,132.53557843472493,55.37434140761584,16345.308800147299,17.34042720398054
54.0,1097.476779615903,13945.397863782444,175.60814604354889,3297.5298963418113,140.66234494791163,26.91658743391593,7002.640462444686,9.073858894696547
59.0,16246.90610478346,39323.77209827099,123.73752047866556,572.2989769074753,127.8302638522766,17.654908223542822,4786.801108229888,16.702550369904998
60.0,31894.54164572698,32850.270987245276,138.83396432409208,1059.042912989995,123.32128895615254,20.69865061981766,5551.267420709624,13.396878065285211
61.0,32860.53433992627,31981.908857326875,149.44743317805006,728.9776094618645,119.77240872988068,15.082866031226843,3411.0480604536942,16.627112553056293
65.0,19749.33000691653,39096.41731850672,139.30390263768604,497.9727507129464,143.21055526287634,19.688481938397356,5035.837525895674,25.83368699417233
66.0,20687.663394403942,36018.50328490677,118.06530632299436,739.433317879944,125.32550186526572,15.978703012272385,3510.0972357625137,11.4348096545385
66.0,22813.643526358745,31895.813521206866,221.6893098684979,1615.4009118728457,153.87851096264805,22.894349347790012,5614.631906598113,23.333556332575167
66.0,36112.175825935716,29965.697728288018,123.28250886972816,533.4493701300693,124.4347845642323,14.853025489054177,3212.523916233258,15.458404377565005
67.0,22873.83828807558,24051.87138280988,169.51416592531265,882.9455196607455,145.94083467638436,21.328082792440476,6031.170319584529,23.37609742975348
67.0,27165.330169277608,22382.5785646815,124.24344764453815,1686.2363110785466,148.42712417917866,23.876703055406324,6039.834524702161,8.188620809713136
67.0,27707.427299958,30047.56147616557,127.70763446143913,875.9095470970143,150.84237804157672,24.902921174134693,7357.449266265094,15.918208181619194
68.0,8628.100644717864,8158.513528674325,140.9896419635031,1539.0527566157023,166.76692790511134,23.831438791067804,5070.78821145535,11.017567089953701
69.0,24516.21936150619,39453.04733525982,103.41997623994857,483.63211417497007,122.59459800600243,14.246455523676541,3173.9863800258836,12.13551771540015
69.0,29451.658162074767,14438.39801002019,227.06974420381917,1640.1278943245627,140.4107799484901,14.861709833746257,2627.0999653932417,16.767856325361013
73.0,21231.059162922014,1175.5413293914412,231.0370652138833,1493.0145535014951,157.94983692565233,22.505378902563578,5248.3547172375,26.767817705382445
73.0,26332.863782631437,39553.47780630408,129.00921992097773,857.484582771916,122.92317068013398,16.793705923784685,4129.606121953566,12.120294432069656
74.0,16890.676499899226,581.7769197631914,152.464321432312,653.463795922341,186.51099225329614,27.418049619930265,7117.662054901811,31.938355581008658
74.0,17136.063451700426,844.488902494628,340.6968303666593,2879.715346764873,150.23796694820663,26.677804353279253,6834.818343399657,35.083804424276195
74.0,22235.25698942587,35001.69983752949,170.4097365668358,806.0857218230806,133.05645902191893,19.21449266842181,4936.652210436851,23.47351420769021
79.0,10805.073744368407,15684.644513055502,150.71855531735173,2510.963591846603,177.61690935124523,24.1056628273669,5025.13495178644,8.137057632018813
79.0,39522.13174782649,19223.604068234592,151.51833896272655,1005.6687628734669,126.8053606608417,13.470288403954715,2655.6407401269807,11.90615494307865
80.0,10318.291878603066,14134.922344255527,271.3008044781465,1744.0884475353482,167.41415664181642,23.092035611822073,5204.121127449925,32.08978278235532
80.0,11199.559593419239,14346.130413823255,216.35223757914747,984.5810659670533,174.50630679907223,20.25870916743782,4282.5597042552945,31.9279505081456
80.0,13038.30303773308,16596.905730829254,231.93523728616844,1131.8389749751268,161.849249550105,17.091362964544643,3231.9610696956634,27.43913889686861
81.0,32771.44052470597,34073.92914016143,115.47265370122423,1706.850715840244,135.19151608798492,20.83850620838452,5169.015924130729,6.572950518410297
82.0,32766.340354098003,34079.529549411964,124.70688067863509,3459.721392244003,149.0815029077664,22.280828329450145,4902.7931237468365,4.423942575197862
83.0,32775.273347119466,34075.061120717204,121.54371072462179,3458.040418377278,144.55985359857618,21.296735630737256,5445.127350588724,4.169196526105863
84.0,32764.547576993747,34067.109097050685,119.14405077678677,2418.2325308052477,145.45541896777644,18.06964849109115,3904.4998810501224,4.878164242132346
86.0,21301.097504663136,26576.991113188546,212.32933824056855,1078.8794649665117,145.46079116521935,18.897225195954597,4107.047601093741,26.560274014647156
86.0,35182.75066009366,12836.086591181642,178.4194478741959,1022.1236199109118,135.5640013740163,19.496406686238377,5109.412936745107,20.757796771792115
87.0,16446.957423004445,4371.962823356882,235.53198374276948,1796.9752962801226,157.85218723397895,18.525389384894847,3543.981165263063,19.699601005037344
87.0,18553.551589851406,5711.709549666777,413.0951610364266,5562.451599825431,146.51850648375088,26.698452966187343,6447.274855516759,26.993965214469803
87.0,18561.08767305173,5622.837860131316,379.6161463786597,4272.184466859085,159.65252504710517,26.399149476100785,6153.605892289216,29.262257220320603
87.0,25274.296195347673,7512.673086085153,146.57049685850967,843.9319225395944,157.96611715116623,22.262638692352805,5441.985661508895,19.305097421667273
88.0,27914.196003239096,4969.332447308651,152.59171148669802,817.3720817876283,154.428234174145,19.370967619096557,4263.455236204913,19.033255076358117
89.0,31870.47790583169,38202.92625897475,128.1628562624434,1206.2163112031642,132.76887250273154,20.200645130411047,5321.448428632277,10.208271326313556
90.0,31151.9860740125,1002.5537867148354,155.47763957350674,1847.3945335636404,155.12443113434892,20.657739093488853,4727.287989148152,9.997424635901586
91.0,31067.13241823037,1066.1899949942829,161.69069056838666,6716.4530629297,178.44808984352042,35.752780190649744,7911.299299636927,5.2299990084542385
92.0,23570.69134358954,36197.47400722043,177.05403412947743,1225.8981291933587,135.82198471810722,16.999790903779218,3541.9838104327873,15.515388562156133
92.0,31019.32673436116,1118.3357083745068,132.32091246752242,2232.1521529150596,163.23510041232635,25.562229786420694,6553.622838388916,7.5232564028613265
93.0,33315.02053737891,1070.6916445205425,167.14218786480725,839.169281699563,150.2249507979312,21.35356811256079,5182.860695271546,23.905462116320688
96.0,3592.7362001133306,1481.4429690408513,244.15379700597094,3185.271179320972,175.42165194434264,24.876453993882233,5458.3537282725765,15.923537396911772
96.0,4006.5850999241015,1063.99666669568,359.06234467774226,2888.9038796505743,147.0701512402918,34.92068119761649,10629.379076388514,50.04466868683195
96.0,30161.58431094706,6862.230732879938,184.7942112341916,685.1108527823526,151.51261449487302,20.731674508849117,5371.301943543036,34.122245090832806
97.0,2534.137405125882,10414.96105891443,165.05123889647624,756.8733290260326,155.81361355068955,16.709710035894027,3495.393965210746,20.841369374723886
97.0,2387.7741860846495,31319.27325001354,104.18739608921958,435.48778856198066,130.54871200137964,13.764986375606888,2947.9570191759562,13.104283382194046
97.0,3226.7795773352054,15644.640499194109,297.3568775134498,2015.0196881676225,130.83983833324638,23.186239450090113,6159.0394826949,33.435196495650075
97.0,3749.616639638001,10397.563975782421,141.19888317979917,1381.7989872276287,155.7020388081311,20.94221000726042,4890.280560518453,11.00672436606937
98.0,12623.075257026228,20127.201754789432,227.90143892841127,1019.9021827588617,161.6618650088918,20.197767062310984,4507.01397038474,33.99549142774603
98.0,14778.899992054583,6945.522024373099,165.6781201884611,914.0210616385007,169.09189699311116,18.46270246767512,3672.2691962676136,19.183048714894067
98.0,16709.51060100362,20266.309946798807,238.55695326627477,1676.3524306669146,163.29708137183678,23.06982739640807,4866.484095878282,26.056319155216713
99.0,7931.637127010802,15518.601462181314,263.5614396435856,1387.4615646811237,150.0750813416275,18.688679258163603,3846.4475892239793,31.17674282293999
99.0,8794.245348112458,15836.396826473865,139.08767665989308,581.8340428917753,154.612786186914,16.716985358021034,3289.1256456429237,19.422814901296487
99.0,10837.264897081677,22833.437732634604,155.87982419862297,659.5072265171902,165.35819572519915,19.527335080141974,4396.150179694384,24.31995785813577
99.0,11287.783622768427,24534.495683423724,166.99000988856014,978.9843718323765,161.43038131574275,22.4773090967406,5174.771954016161,21.601772058823943
99.0,11402.020997524438,23528.112674576783,456.46118203371424,6221.658389804675,113.59328289396807,19.837710394018412,3765.2818947901415,22.49625122516399
99.0,33905.99196814058,15994.963988784193,179.060424216699,809.1581387804009,142.29300072706224,17.824854617362956,4564.587353149434,24.03732724849274
100.0,8247.468276468677,14847.68664976943,255.3266912574833,1470.049827821111,161.39177954390306,20.12879343045946,3937.3827904538966,29.70296555713434
100.0,9290.68113346403,14535.154471049835,180.47120001549914,1364.47994940753,170.9366318756005,19.3391745910798,3516.677411973955,16.159482003576628
100.0,10131.913971806143,13957.217225757926,196.45300482387808,1003.2055934523075,160.24713368886563,14.97009872145902,2718.050605035682,20.217921032945465
100.0,23901.729557615745,7761.543584238231,238.35752116631576,1476.922101230185,153.0553607763246,18.793906795241814,4024.441556771698,24.4535384378926
109.0,22294.621078519987,33758.52336443909,133.9616915815665,5441.585460656111,163.75979598292648,30.433498892169045,7152.2942363114325,4.122770934257262
110.0,21149.05166897036,34571.69535421431,193.06296951744636,1186.3567340602508,135.47849923079664,19.7096634061478,4506.329147111902,21.11461252497948
110.0,22292.420988840175,33762.604487311204,114.09295494266514,3284.9010652147417,164.40106246605367,25.037891017788137,5907.861110946209,4.28408908510582
112.0,34213.906011681065,39667.223939992786,136.2496542120769,493.45808114795307,124.00772601336857,15.776911734088662,3467.8627154261258,20.7297228473349
120.0,22445.701482946526,38650.535907415455,108.15334635222796,1198.24065411698,135.77353224728515,17.511709503408238,3957.668566770467,7.094643370404607
120.0,23809.728609206883,39074.45395182845,184.93693601359442,1557.8649157599746,131.92089073558742,20.69629418213374,5306.163466147735,15.827271649373733
120.0,27765.117253244855,37318.60413667727,115.8635420096094,526.3237627159608,129.4423731181397,15.575665901314629,3764.480353727092,14.557250265359228
121.0,6289.963582827101,16482.047188278684,165.79702661473092,1633.9698665598037,148.11501010336963,17.815653252460667,3504.012104195637,11.146264179658246
121.0,22460.374774535896,38638.80803337369,115.2920845337806,2600.9856451373653,141.86038359339335,20.006272121971268,4510.562980763487,4.628492908415682
146.0,27415.440172536866,3462.430829193503,154.16741755426503,665.4843434433608,151.32866588679656,19.4746891814916,4343.5556898892955,23.569570687279064
147.0,27347.927719452513,3798.1109731902375,151.27803419585172,756.4617295765969,154.6489255699416,15.599491580850444,2816.391538075601,16.873052493907124
149.0,29471.548621193073,17112.630976283515,130.68956648488447,1004.932495939678,162.90412804552827,25.77576371608199,7006.314827377754,15.062522295046302
151.0,11706.49681921535,3704.088566221382,135.35722635491217,1614.0684595902887,183.09980387775823,30.09639366857255,8151.242132295667,11.833591609186128
151.0,12261.294095941015,3633.216669895046,389.5144236165699,5475.535387141054,137.6690816588764,34.465402324085275,8098.6311526460395,31.0238811418677
152.0,11706.852493040462,3689.1998688295284,177.46786225303188,9378.343448437865,202.22608494761448,42.63744459338194,7826.291222399854,5.2271893179102396
152.0,33122.929913052416,20007.357029788905,145.63056582792973,1525.8603676583016,147.49693070100992,19.586449819392627,4338.267889332901,10.14184854183795
153.0,5352.040970134205,30426.458116193124,156.23105759120875,1355.5835396052707,148.65941003927034,17.39150226042043,3459.6240421594625,11.621108310872003
153.0,11704.279179475529,3696.5496758255977,184.9279045206839,9778.633798999945,199.51414536270875,44.85136338876943,8237.95565193667,5.627575005281065
153.0,36564.341693661125,19318.12083936127,125.23517106496112,1014.0321414821166,131.61517520985166,23.57381568362635,7141.635353953632,12.851980653664986
154.0,5269.621635121135,28302.937660119675,131.34677820391536,771.00391211056,140.09196572908806,17.885647005093144,4210.5472437090275,14.377498496378475
154.0,7429.4074431688905,26774.94023368295,187.68320931995817,1270.7447448412308,143.21220833227477,18.608146933714803,3761.799822324437,17.933338622153098
154.0,8432.407883690428,28390.048403671484,243.57948162916247,2415.4418755817615,153.99408993372003,24.973841918762165,5864.6204472074005,20.593617306157565
154.0,8548.979079308094,29836.36563774692,144.6558071274169,666.2665323847065,132.39519622029172,16.09235122498976,3763.391830716674,17.88620176061394
154.0,11705.99481950175,3698.7844767027136,179.73404211873753,9320.202585783049,195.74397074442027,47.542645329672766,10611.72593852575,5.844067595413773
154.0,31274.918219134965,17556.147663925163,169.62548264470723,735.8946833169128,152.16040765911967,19.266213708877736,4453.880537657088,25.400411218489236
155.0,7288.701295783808,28763.489635640693,139.1469881442036,683.5897485773897,137.45186043604394,16.317435012885348,3616.30823584378,16.49485360275662
155.0,11707.847698363947,3691.2942785276973,166.09412732006749,8095.651803923089,203.45027683348138,41.92916464057801,8786.78120893975,5.231698950637649
155.0,32058.716129212797,15039.62733071313,183.4804626857922,740.6964641196255,143.88715456712708,18.07546760617431,4012.2594979445225,27.653498510069046
156.0,11710.335037794748,3698.5764780139716,167.9773870412253,8129.383642227087,198.5653476681776,39.725629559198524,7867.413693239851,5.108969338976046
157.0,11701.869668010182,3688.4552637970723,163.44979647423057,7783.412570223835,202.89772083298328,45.126899487683445,10479.24189961774,5.56658724758742
158.0,11701.349232033099,3693.546661647925,170.1660719899758,8208.707195476984,194.34085859181374,44.79027498266361,11644.357632797783,5.668250831437016
159.0,11703.870363757345,3677.5878602733446,133.54743875715468,4378.346409183074,190.62380660293854,26.016529865783603,5410.937447597701,4.448960011877197
167.0,26104.64985177112,9614.24091790334,109.50915692030559,954.8518285582005,155.9292326930742,20.78336215918603,5811.851331532258,9.74981917987627
170.0,6441.367471467682,37492.048932920625,135.07243184037912,2155.3990273134073,154.3460549994411,20.70285582563858,4386.938960347195,6.959594680554245
172.0,25262.775452356098,39810.97501916113,157.75574674416507,680.3029462501639,123.26837563692541,16.28028579363019,4226.762087242022,20.709415283331907
188.0,31663.858695024297,2167.0381767324543,185.76737985558054,901.4111781104239,146.52331769112584,23.476258174262462,6438.2204377068765,29.69749949932692
190.0,10949.476581079023,40089.27525716014,77.82054348595403,359.30511783570546,135.18027955898015,19.626377584808495,5121.872357303798,12.180308020397346
191.0,19727.9061388578,37281.523856186424,144.19446222185474,544.8411129849947,131.34367284568765,17.221288440048028,4145.8833235171105,22.57343198215619
191.0,36760.044748574655,3205.1807648855247,146.12624597380326,1154.4980127046251,141.7822490537602,16.582694020140213,2964.3780690117965,11.503512635653388
198.0,10637.889897435502,20888.55798262635,147.09904157927372,872.411867303271,153.18681763056085,17.452099102166276,3429.407877653678,15.436570482992737
202.0,4540.351070306049,21033.568936814063,184.03295197475202,788.8844434970181,140.22951274868862,14.725229177749428,2931.7491890163433,22.041780031135506
211.0,18525.653160179256,1457.149187957916,447.9478739406313,6423.189838978157,125.32987440098633,32.40282011861771,9158.86636594906,32.885322673717106
211.0,18498.552563104273,1546.6393855249341,377.9932372684747,3809.7025543294717,154.2411470382483,34.76719089064326,11087.023865622954,42.02099015506091
211.0,28786.089305973415,33190.89593109986,143.67717349844,511.72975497052107,139.31525358928675,15.740437761773345,3368.3066101231448,22.03670493677642
214.0,26385.398971999086,15927.157117950599,192.00039424014585,943.9802528362452,147.71365183312275,17.009511546822132,3626.4045542030303,22.78111468243834
215.0,23652.32175388698,16975.747624432166,147.97425589758953,548.0228185281517,149.74490953251066,15.752643301356317,3157.1420124926703,21.85352705965613
215.0,23858.26271237475,19122.348002434977,217.002466947136,1046.6575817811727,149.4891481169768,19.209266218882743,3998.8244653254974,28.888216947433005
219.0,31749.25379255206,10676.842679579453,180.40336657041445,773.7321330694854,144.04070702570377,22.551998092437824,5473.118686892397,31.32755471272381
220.0,19870.18747051304,17969.622522992893,251.14486628958292,1707.7706942399395,155.77694902295832,21.990082410224982,4875.371547909844,27.034220459966807
220.0,20218.40520710932,18907.817905564414,129.047246204216,704.475985867407,173.6075462969442,17.89769679920745,3514.8549167513866,15.106971860988242
220.0,23537.957196830946,13123.456722278952,143.88949600377288,695.7607884741375,153.51514594506637,19.907224163160283,4627.781650614339,20.283321193870776
220.0,24548.659352308223,13250.91629881486,99.38585107435753,523.6617705385224,157.9888348059331,19.37964624488342,4179.933326859843,13.213233366710273
221.0,7452.085374876169,15248.568162408214,187.18603390695876,1761.9761002976552,157.5673548803621,23.708048548402655,5442.849892099889,16.184450246354398
221.0,15196.900044330148,12602.454262363352,105.35680522580228,486.89285482926164,177.39210578915637,26.720135046718635,7251.66016882503,20.46510582142933
222.0,7580.3843827041255,14882.687346021481,200.05169535743156,1284.2358772094806,166.48919419883993,24.606978632089376,6049.964124199444,25.466513021379235
222.0,7776.705688496713,17462.431441382167,197.28954131012011,1473.9162108636904,150.04194856602695,17.120583494890564,3207.194520203192,16.045536036584643
222.0,9715.078890088324,15572.152445236921,445.8541204006058,14009.960948985577,69.96024772634024,45.07831531234601,13378.776838705391,20.862214452122338
223.0,5977.0541924654335,16302.351809265932,208.51857077127792,2006.3790238171368,167.58812531166507,35.82911613608397,11005.727544411198,25.371802914099334
223.0,6155.596087091641,16889.503521237395,144.07458857135504,975.2398575475952,175.64702546699982,42.86956960229744,12987.371555228134,29.53683454634818
223.0,6695.915553344618,15617.86813935038,141.2376772375874,997.932439543587,160.17581709515667,23.953366705620887,6501.218997396764,16.431919787104288
223.0,7688.312827499218,17551.788137331427,167.43942449008944,1252.982889321069,161.51673076341083,25.787687102674077,6948.034367211826,19.42727947802086
228.0,10956.429294267506,36832.31306799948,196.73821571277256,755.943747780027,130.45515191514986,16.673319801566446,3944.382566354506,28.80515172127345
229.0,31380.887753352887,20203.5841741661,138.6681132638171,879.7776418760645,131.6022704486302,13.676045822464397,2689.283854714541,11.615979740148896
234.0,38492.683780382926,11170.67965397351,145.0910505407769,1361.5431936114942,134.41413796954646,13.698995235003844,2402.4650751757167,8.778892180845348
235.0,4190.386025957174,15503.12904805489,193.0760450954357,911.5335316291768,145.354171741455,15.588444269512973,2928.8430203728194,22.0938737564154
235.0,12613.027590518897,19035.981995874994,133.91479426518944,629.3187378483349,172.03897377382918,23.452895306211865,6130.584761303562,22.45816373620243
236.0,2813.3202640347536,19118.66891750573,271.8994047865063,1648.9256149814685,140.69058432984392,20.07054929337594,4777.776328558453,29.932352248503015
236.0,5661.609646908235,18228.777783264057,145.65185297069237,1308.1629386417314,154.95177510774735,17.764295336046995,3601.8988388883704,10.795821424933404
237.0,3022.6507873523788,19173.38004484122,138.43012406362064,679.4812091653912,139.68135912169913,16.119471941990778,3391.547717456844,16.277564460471076
238.0,3042.2042185313717,19174.685318210162,128.6740700115438,652.7585234997116,137.20692553091817,13.736703037855424,2647.7149998724058,13.215384453171737
239.0,2962.5560435902516,19244.245629589284,280.88480984834683,2496.9193101878627,123.10477286057484,21.584228516691972,4919.302383344492,22.944362956115828
240.0,2225.293334887215,23770.73049428962,151.89946988257518,563.8422414337825,139.2794931770619,17.533647821453183,4076.586523733119,24.44135227634874
240.0,4975.984004250125,35077.32678538281,168.9290603750537,992.4370608730138,124.81282664160352,17.411752363071265,4159.333287681474,17.57351373623023
256.0,27844.44146123219,38203.25903356118,128.03595720434632,3652.18716953131,138.14612656501828,24.078513851723947,5911.537816772905,4.600714322208443
257.0,27163.633161596892,38192.854020798564,170.03308033138038,866.1132237564909,126.4444220318325,15.85597337929898,3511.0174658756077,18.64637433051394
258.0,24726.71289049596,8365.161600564526,146.00976998688617,956.0029804661309,145.85982142400601,16.632250705271126,3703.374680843961,13.548541110584129
261.0,37591.48465636071,6506.889766457777,148.10795568139912,1074.8269085379181,122.2405582529773,16.48696147347084,3644.206207181638,12.463241191409344
262.0,39907.29277965108,8590.470506064166,167.9848633597944,1274.7115532614093,126.42770990543289,24.389435066348053,7082.642234913296,18.323009882941747
263.0,12168.768615717072,5410.978754616249,141.04341547443522,713.6875311994316,162.40821592475262,19.86339716033139,4393.425128888884,19.064430183070208
267.0,17909.877046216232,28697.248305976907,133.59086708580594,770.9993958761058,144.6326813862473,17.133017442005766,3813.6952341431825,14.331161884780546
270.0,33083.578931733595,7339.136499094937,144.32709854625583,1110.4555307090704,138.95109896654515,14.955665641133905,2804.2737548655205,10.84698268277834
273.0,3726.43029723119,8295.289336146683,227.8414255220728,1239.5817427097418,134.94386133671486,12.624675952289493,2046.7801069224713,19.061539432745768
273.0,5221.137829942768,6529.574679143601,161.65354849781343,1069.5203764021023,158.91655762835245,17.714609585915472,3436.9435425568226,15.39726452814135
274.0,4919.793588049483,6045.207668492197,177.42621350386474,746.1590220052985,149.87732653586738,15.96646147468602,3090.726698989524,23.201311348946106
274.0,7956.494652937041,9772.207630592859,208.99010470938242,1498.5468723750737,156.32192786909138,21.56562551312065,5050.990837606398,21.27116382313464
278.0,6064.821860686553,10846.56981671316,175.10857941320896,733.8863479581393,144.63288110717605,17.06742188200107,3668.6122003293985,24.330469659054984
278.0,21080.038793474367,40117.83101214014,141.48942236537275,747.7331472273606,124.32499404130014,13.79628058763735,2927.6250114456943,13.85637760310794
279.0,19567.459614723175,39990.93890868438,257.5650368031522,1711.9207918140867,133.70030063806973,24.857895435641375,6692.803186076135,31.641886433545967
280.0,32793.84955045343,17425.137323881398,103.0421929712952,447.45162318058516,141.43388283364405,16.286752155722574,3572.911569669855,14.165165283927687
280.0,34015.26078810775,16945.228951523975,229.88302405712048,1707.2618520099013,128.59771038633755,24.598154952031216,6167.028137849756,25.287952712053062
286.0,3077.163713826376,12256.625399403689,222.40212211745768,1201.4454581717362,126.47449114039983,23.306292951713694,6516.5550232836085,31.61236915306735
288.0,4050.3819861156053,13333.691759682322,187.3217517338334,819.7897744000645,127.23812160546979,17.23049014498028,3924.6702756961377,25.078199517265016
289.0,3721.067296790171,13671.009727790477,151.0651400748883,1483.608759498327,134.93101396705904,17.92136704280831,4076.5849079353743,10.37924985181999
290.0,3836.8288191659067,13545.22237376296,161.87384512652915,789.8546216773831,131.21239077905867,15.476426904721526,3347.8284782609,18.19548692508153
290.0,21545.63155860741,36637.04324802751,175.272269011664,745.3610704601793,138.0463599350501,16.978732185109884,3857.933393630799,23.918305139826085
290.0,26436.250429182935,23156.202898912314,122.69959686041067,1412.2644504579434,147.6350809873491,14.609405974286062,2751.1963117603073,6.850211064127018
291.0,1580.3441886617522,24073.941427555143,290.31040734555023,1806.6867450197356,119.65236667367701,19.549875829826497,5030.398258233833,30.352892415014445
291.0,21591.140011057738,36674.60764982372,148.04175997455317,1594.118601312116,149.40852399187318,15.821936292270204,2924.716934682339,8.709613873035034
292.0,27268.409781246944,35682.09180671694,111.51179244353231,474.75190149468307,136.69119698673123,21.016755320953546,6010.0179237876255,18.92279287876738
293.0,27129.013479487377,36184.611348481965,153.37270783320986,7775.95453473587,164.18477510735715,59.452030378009084,15911.967029857453,6.203008071462685
293.0,32335.24106784607,30024.22799445122,119.33918481705322,465.4257965009639,133.39030858262265,15.762394232829722,3393.327139157044,17.23359456255423
293.0,35408.71627751794,8986.54611835819,116.667712947127,1081.5811158303861,137.8991716980269,19.822390189673598,4931.694365686516,9.433016844207275
294.0,35414.457068196876,8963.545482768313,130.80689574351547,2385.0712549303776,168.87879339790356,34.53908339950573,11641.258122490613,8.733120861537643
295.0,35046.92538974181,890.4562311545728,129.2146175788094,775.8948135822221,132.82672004816322,19.19792160604423,5201.892591839872,14.677163587669863
296.0,35043.122414385645,930.9815083048667,122.9083544470403,1111.4458364640816,139.2052507267282,16.208684180959672,3642.1844421080987,8.793642710418972
297.0,1675.2361467226285,17541.120738800317,143.0526161944849,1468.9936137838192,136.01559546540372,18.00533324075616,3626.2240470930383,9.583333706583936
298.0,1756.7299924489776,17621.264869926894,163.57708842091347,7578.63682006079,174.18476890335913,44.161466257570616,11641.035266368985,5.6131317690082945
299.0,1764.6348387038486,17612.205647277926,156.37059447225676,6925.285586189721,169.73548296991615,46.19130474830401,13683.335292642456,5.8145352743263
300.0,1896.720884075093,17549.427192783987,171.33373096902864,1405.7823964768638,139.15745176633726,18.018523885311822,3551.3578556142797,13.564762363890614
301.0,1840.1456046163728,17698.734994576815,141.92670223458884,1139.0943672151946,139.3049988397856,20.700540438723532,4707.062984599387,13.054858787328174
301.0,3687.411059665627,10573.110929196107,151.29711915131932,919.280644572557,154.31655999269884,20.553307123777717,5350.176743638361,17.677386767675593
302.0,4245.19650031296,12458.45879967419,161.46369755115526,1242.9081260122048,155.14884051618495,19.98095474725043,4278.263384355108,14.773900138501846
302.0,5276.396750572243,11330.089442159138,225.83440744461345,1739.9268092179277,152.4815874263627,20.324127093368578,3973.1324825796346,20.314213788427214
302.0,21930.37861201348,17193.35547201326,181.66633379325415,1852.3752346802694,177.91009406956204,19.57908560825275,3586.689897120202,12.559381570075901
302.0,23370.290052672022,17324.76285876119,166.8220193112806,699.3198728774114,175.2685399499435,24.90487231356689,6360.896036309819,32.54399258541098
303.0,5745.198490392252,20993.95264274362,175.90522961118634,1465.8922950468773,139.86662578297788,19.33921306797171,4429.106130299801,14.46790444019046
304.0,5311.280362320786,21559.2316597427,117.59335015495888,639.078737435446,163.3908854856334,23.169532173680185,5717.68109484364,17.217294793688776
304.0,38959.91437762876,15989.575888414523,134.73457921905685,831.1957482068455,122.94884183224599,16.937971410783167,3994.0260301571675,13.500311252297085
309.0,29792.45551880439,8792.148755643251,191.80695730300468,1158.8422649145712,158.0210557367115,19.02423545631525,3744.3119451990624,20.68686698209512
314.0,1362.1196098172254,4669.251741635696,112.01533120122835,784.0361691150542,163.83559888586538,19.601496561607245,4387.919868480168,11.511820876827606
314.0,1690.2781020561265,8073.729969396244,328.176876887377,2398.9185264259754,131.07866317053674,25.54340683391446,7481.609024272159,37.39058347509832
315.0,970.5330664651544,4759.493070622682,219.88086462401014,2337.9234046511287,164.22177941108677,31.99442539803603,9443.535710333374,21.85074561866277
316.0,3353.123611249327,4578.929912207576,161.79207679812077,631.510710820085,142.8764403662236,21.982296542075638,6234.486157989299,30.19317775895179
316.0,6091.716450449874,5471.626175043119,230.16685740636933,2825.007724910149,166.05151082499864,28.073562429868847,7177.336186494832,17.713939327430285
316.0,13824.976875320146,13069.742174069088,222.5531458910865,1584.5609768703314,160.77228112811585,30.329440213916072,8673.901551806544,30.940891195072815
323.0,30298.823144153335,31072.638449150276,124.03102289652401,505.2995453808607,130.8122608260096,13.507630102375225,2584.13680196306,15.270292259929763
324.0,30293.436808962037,31128.441746777455,101.8293891385143,369.4849386001649,125.64049771878013,16.1713686596577,3870.3169652281313,16.327480152325514
325.0,30419.448403353716,31212.446495164826,112.81494418367227,457.59874765370904,120.68669985907596,15.64226828430296,3878.611448206676,15.760594732167416
329.0,30322.954855297405,30947.871034919932,133.98484914287866,525.6394567381417,124.28854914837281,13.884386158086787,3149.8200097778017,17.200240520774567
331.0,29811.844460964006,31142.262251249438,108.98722305937763,598.2314793672457,121.7944586992679,16.31913492650634,4089.5915007455806,12.149463477450382
332.0,29860.35139190008,31176.769197937152,142.64735060682708,577.0547720819224,123.32245944951069,17.18249458102432,4413.360499360945,20.955428821116726
333.0,29884.250691279736,31118.95075679795,109.68317246771318,472.2065204988628,124.87703316130407,14.392573752838562,3237.0202292367276,13.750663426636107
344.0,32364.79967266966,18321.84056428035,116.90767398208813,462.71596885705253,136.90023140617845,16.47726042178658,3859.1466725891805,17.294804423353227
345.0,23814.282650329144,17001.66977228386,151.60575716813415,704.3440898829062,150.98705186055747,17.852955492219696,3860.02043852352,20.14115756329968
346.0,25245.70341827401,10293.719064149851,136.72977201438331,796.034084399021,171.3286202047002,23.413808830261623,6244.970522045433,18.71389661479591
346.0,25576.398470096174,9307.505566203328,144.91384282763062,1695.835025059369,194.64035823254528,18.754754574627462,3354.3063007616693,8.923598256299144
346.0,26200.85765506429,8296.361994573519,135.29215329745884,5331.493628468337,209.33207752845112,49.936620867285846,16851.75861569482,6.039972043992168
347.0,22143.215601617212,6589.091755788122,191.14550243798317,1562.14599393006,162.74483530345347,20.925857860685763,4668.567996061964,16.91928433459164
347.0,23684.97630601663,11576.500105513254,243.47100117550232,2252.366421266327,152.1667472953711,22.5596931075604,5014.2074284682185,20.100225792793633
347.0,26209.756917689017,8053.309636130936,207.26094375254772,1580.1477928327924,162.98895571527422,24.90051350764706,5595.335738817265,22.610946807820962
348.0,23181.17132560382,11243.78446775121,166.06371200285705,2141.561189287401,183.96050022125104,24.644289142783904,4987.886807167456,11.263078100449832
348.0,23910.92139658177,11040.868475825828,120.317863949288,1553.7164749348226,191.9561159686776,27.601702191587734,7048.898740168022,9.25960285458914
348.0,26339.66349260439,13087.654774527122,285.5321632283288,2102.121222106865,142.09199593686986,22.806532056557312,5654.218472380837,29.263827380275924
349.0,22890.108553318827,15526.712686723491,146.0538439373221,759.1915558041993,168.88735934884062,20.068251391028745,4295.7675933859655,19.366547958814113
349.0,24019.791654379558,15494.417609078919,346.1311530475353,2918.1445962274106,139.31739339065797,22.11412994696649,4752.417041144857,30.03841230941832
352.0,8166.902165814627,38018.8460145493,139.0712567925216,2345.749703903367,144.47882324776262,32.70334547001374,9981.756003258313,9.469312252534216
352.0,8365.367479348248,36470.96216550766,147.88839713874987,726.7976513832322,142.6942657313521,17.534424351599384,4219.867212593359,18.435435642134244
355.0,17320.98124349245,10096.85564886045,124.06025260571569,3508.3054420444214,192.39917639323926,28.250566019179477,6492.140091733713,4.9643120909797736
357.0,20423.155145495897,4772.587740463029,113.19846451469218,552.1274540314446,165.66452156053242,16.642741826975836,3090.492223289742,14.090599282029803
358.0,9716.532894128146,35698.827721928996,264.63570005760147,1801.151773717703,126.29256417012124,22.679331609807132,5936.223184267965,29.188497914713423
360.0,24229.90024317894,7247.187353649602,136.05632196995793,1246.0740064955335,173.36546489882286,24.474288903487047,5746.060714748561,12.760077809008298
360.0,26414.98721484256,3351.238711309236,187.42744965203858,1406.9873382193375,147.77253167657864,17.311980021547022,3375.540458425135,15.400211605359155
361.0,23002.31134604307,6574.816925468863,111.8910052460779,756.8333334639048,158.9836162537467,17.90995384950787,3852.378179765316,11.096292321456147
361.0,26155.92852391228,6135.61804535906,125.84173696971928,1956.196171198627,176.5196156331809,25.747002251358445,6448.780496466174,7.775390347629865
362.0,22072.894993772807,2385.822887685568,218.2956085363519,1135.8197448801734,151.88360106415527,21.643508802301827,5169.067599576892,30.091157785467075
362.0,23023.610203461405,3202.9578402982297,213.11540947871103,1220.5011842932786,152.8623268927643,20.677266007461505,4666.60639365482,25.782634653426214
362.0,23805.38371834412,5503.01532700999,268.6343586375897,2618.5159381707836,152.43673784864563,20.310861261270798,4185.690213113259,19.16791067043384
362.0,25819.277040399687,5510.663906473913,187.64089737089506,852.0979606718929,151.03530343341865,18.46298633060266,4109.126698306399,25.762688440833497
363.0,21568.811191025357,3826.3573198966733,166.67773003645138,681.1462846653519,153.4477795057875,20.928206623425734,5008.294403315056,28.442927455426574
363.0,22161.261557207028,1764.0230045671822,196.3168663529736,2401.4586993547227,159.2428849385009,24.944852544995538,5742.311372037709,13.867266573304052
363.0,23625.333965293044,1027.853821888157,124.3808822576485,863.2259871383462,165.1759610130906,20.26262263067995,4388.789509650177,13.01476749626771
365.0,25911.985182595,5986.454739053447,232.69965102940535,1430.970785998273,161.10587721674602,24.085456387740507,6116.510877629729,30.04925132280434
375.0,4081.371440862024,6760.865411026775,148.44541019466402,743.6919889704444,155.0923071851228,16.919009865762053,3357.040971234001,17.66188890899319
376.0,496.38392322223365,4484.554093542576,160.85209973830632,861.0899853359655,139.83107224190056,16.721065905129905,3706.027914967056,17.705618722353023
376.0,26213.45082296822,6919.073102113698,133.74778668853952,879.5352335616024,176.4599437469415,24.077453842597482,6322.139060487185,16.777145831721093
376.0,27122.583583980406,7299.307411682242,345.772535087338,3308.1289864987793,147.35445462407918,27.907212332733067,8021.788658124772,32.92731969611781
379.0,3108.643955812132,5009.787616044493,148.9322666921995,556.8529442125758,160.95438440912656,16.574829032244104,3368.805593555939,22.732737483953066
379.0,3238.875298479631,6289.104022335493,133.91694388641295,542.5333288066112,146.8642973238255,16.76627176729641,3579.033803891192,19.373985506414762
380.0,13939.885721141663,6074.121486003107,223.2488391421532,1832.8918950592497,157.8758123897511,18.105920411049745,3348.9276982384235,17.219388485765695
380.0,14224.248032459014,4100.540320799895,174.83547164173987,824.3416207969067,168.2030674685421,20.77915763340593,4497.576899094393,25.824909209803806
383.0,5335.117505082428,1648.8869275921047,382.72357724521436,3835.0018298411833,141.09959491683574,22.705531070053294,5092.296564183679,28.716267843848584
383.0,5733.073548970387,3069.803273650369,209.99047412630324,1909.0779074586721,155.91551766329238,17.87510976920388,3315.0379286020625,14.723116845420872
384.0,4518.944130015072,1242.5360443233385,182.35507245653716,1272.9911448999928,155.90227161659567,21.62674233462252,4963.837731589385,19.266126545475547
394.0,22707.89571203897,25620.21090432236,214.2567003919747,1154.475053430483,155.35697608561372,22.444057489884997,5239.612282849045,29.54918528968876
398.0,28559.00158595145,19080.47761819236,117.80937733529274,2725.558255431484,160.76854674040794,25.68235122111188,7265.098353141755,5.287746141702048
399.0,27515.096623089074,16623.07497077997,115.38687937281391,513.1411821521765,149.80211872080037,16.757522598062337,3680.7834543484696,15.618495129755022
399.0,29840.17210154594,19138.019190969113,141.71070327253955,969.2409578669029,154.6446008660622,18.97406303339044,4700.385339832133,14.04475977213981
399.0,33987.469056946866,1156.3802177075454,160.42197022645686,949.7126053745212,137.85659575066714,15.138046440037082,2834.6847413660785,14.956563695780433
406.0,14459.082163832454,33235.68484776491,282.96742757452466,5934.537472713541,158.81615097523616,53.97582787746952,17155.1958545098,23.54971788702909
407.0,14381.69391487899,33001.438901939604,138.52690811782065,4652.883354531451,174.2419114784665,35.392485216276945,9125.593062530268,5.466531246238179
408.0,14386.38671964361,33001.42256797812,142.13523382787778,4846.674362754938,168.60499054364342,28.772672411725164,6855.425590588653,4.803221826782819
409.0,14187.946370998536,30733.488937943428,133.7950632531288,1180.6338434853371,157.05756056241003,18.618602813405513,4107.6857234121435,10.551557717383352
409.0,14398.267731854101,32966.42256187899,145.90755031479273,3807.753125046695,182.44166025851885,34.52582639021085,9796.968750737862,6.984146625962891
410.0,11265.77833096916,34816.88058353051,145.7534599505823,2009.001423790046,155.07722560482557,21.37128717703125,4893.585530246559,8.542205383400004
410.0,14102.34236284167,31181.002807409866,173.4725767837428,2237.1407439493073,172.34742798470418,22.39608273820514,5021.7394862896845,10.865977892446434
410.0,38352.881386437395,615.1113461183267,151.46615949402982,574.8395705120238,134.30155145990858,17.861973721926805,4713.020407935767,24.263088111542352
416.0,34220.78373229706,38004.44778007482,123.45597005031597,1469.138320628766,128.0145726641896,18.99377961112166,4793.938350209161,7.796351581287155
417.0,34195.38451487492,38015.878927258724,119.26005784887558,1621.0482142122253,135.67864780769597,16.085700653429768,3393.8408594890125,6.21688784817851
432.0,11449.032830531747,36581.13792343465,178.1635143882716,942.8630242780555,143.05384861104233,16.91168055384664,3673.0308188545964,19.794419774709556
432.0,12526.437484288079,38141.981759433234,276.30146365721765,1478.0004379130119,132.76706669695452,21.47957067610453,5152.144991606808,36.44785182273368
439.0,25422.54460332006,34235.48847814893,132.43509144590504,753.517515292512,131.81947941917548,14.534845662638128,3028.26627460022,12.772439483654853
455.0,17077.2176805941,29454.63884515977,120.13708961258102,2071.093704562831,151.1253333095224,21.461443025973317,4963.307361164353,6.098484017724225
464.0,35341.26331586984,18153.76895689454,132.9039595644784,507.9172515916947,132.74543853188842,14.739797165281509,2917.0762058205964,18.30063100102613
465.0,35343.00055488941,12614.798001157935,191.0926894482737,867.4818008615334,127.22550926919584,14.530003079441736,2913.950904158385,21.41316238444934
471.0,3317.007991177274,34909.77255949141,138.40573870230085,591.3946713334288,135.7640068240858,15.58149031701225,3404.534329194769,17.93268368703019
471.0,32447.90641650829,34983.73520779789,127.48986454054666,483.9849097382976,139.69139155400646,19.21370999135867,4798.783446232066,22.032476568806317
472.0,4651.989853059165,33393.48513943705,154.6821474670312,996.1132429985379,139.15042827594445,18.25243287736239,4434.5479356606875,15.531951881742703
472.0,4881.197399187523,32277.328360684525,128.8525827221156,1557.7630020573874,144.35985172485823,16.200087169059625,3120.1946381857883,7.232354304643133
473.0,4642.160685117452,27778.7530726721,148.95977460298784,889.0582858722777,153.1816530980054,23.969941069389264,6641.533514413006,20.200904186877256
473.0,4859.307352426379,32287.087937887245,130.598196010177,823.466144734076,134.2770829462468,16.205819570211958,3621.498586090472,12.489592933834887
474.0,5254.715000885709,25878.927186072167,125.6931333625891,1026.0508817089337,159.17143340527912,22.00947466536918,6197.305697527055,12.125352130177317
475.0,3402.812421567597,20233.4789074056,176.98188665539553,1191.2355848726313,156.70251796372756,23.00900600357554,5879.38533565914,20.45090574909402
475.0,11460.9763617264,3671.834377939305,217.39067411816498,1016.8570916931845,160.12267369448594,18.941875444372748,3716.8025402592016,29.418637167783128
475.0,12434.125132213267,4962.658310139486,331.11678447694175,2790.995880991783,153.46263076824667,21.881804459431372,4575.017568862645,28.528325269980296
475.0,32944.13334678154,35675.48644343902,158.44593899020387,701.9588624486822,125.76153183044299,12.757540022594897,2365.026858552366,16.77758083047603
476.0,2958.0388795271524,18980.674563677607,234.64055711647407,1323.9659023057657,128.8780518652154,17.54871927982184,3952.7081656884616,24.782525116577375
476.0,12922.31540422559,5348.487990277452,146.7375872862744,553.1793403812813,168.1318087439537,14.22566680264621,2358.477995051962,19.658661967522434
480.0,684.0160829025895,9322.748355690146,254.78154017020398,1404.018185186497,132.41207198555603,16.42174935030986,3498.0120384062784,25.827176165077727
481.0,2226.023589755187,22237.28840938152,203.53496363998707,1504.3077697487347,145.28732912947137,21.096518548846795,5229.3423342160695,19.79954380027274
482.0,24272.933467491326,537.101067290676,257.16911051528353,3181.2468892282986,160.90040498855598,40.04648172309473,10686.81310359505,27.04250971648173
491.0,14047.044380333904,1266.9796983477254,162.5612719896822,7691.349627784058,232.7671887894271,43.721809147875376,10044.201537827263,5.438702773428355
492.0,9831.409328414737,1281.54685503815,359.1816871614748,6063.80043460238,148.6154885098229,66.25916219415063,21971.72049418841,44.92798062170225
492.0,10225.519014989879,1651.4016550054093,129.2278578140079,2512.6783985775096,226.44517488898927,45.25745538657243,12620.32664927477,10.201756181923482
492.0,11442.798313843867,723.4062205143592,214.31247581248047,13225.015634169009,207.6183789667649,49.41592291474412,8328.809998162526,6.032047196171574
493.0,10209.984414342554,1671.578588936236,250.34995462644304,18511.87123864222,179.3719282821527,66.68658342123491,15178.98675054844,7.586980439865202
494.0,10597.448491378293,773.5607378192377,147.35066919948662,930.7119278856853,156.57755916053344,17.168394780484004,3212.6697340237974,14.435797412573836
494.0,29440.88216337199,670.2673081511274,136.82288753109853,2358.44191520369,160.7554676796072,22.746721995331477,5374.65466227715,7.0126858251780115
495.0,9070.149539629496,1237.5280584472955,173.6928585043072,4058.122107488632,188.94876648921115,24.340193483369994,4320.534521935104,6.923815573317503
495.0,10512.789005275603,787.0895659585735,197.7392135336172,2013.3943650948286,159.47031587088264,21.808842212835117,4147.4574534127405,14.772170251375167
495.0,29540.22476975203,650.0790068802806,146.61210735474995,1012.8506715819849,148.8072808208757,18.581469803023108,3846.8676650945176,14.110966270576492
495.0,30920.54834506408,1443.8238827512996,189.66003350001503,1748.8402145736309,152.1221958227441,23.513881218406517,6269.009690134334,16.579545921440534
496.0,9115.817710842159,1338.407218444376,228.53145608819628,14998.708434348442,200.05640082280078,70.6415023970227,15758.05310347789,8.200942054443658
496.0,30918.304905336183,1706.1699808304938,153.35619078061617,2428.38205175213,156.34302367835977,17.50954471731773,3396.14736645394,6.987402486875564
497.0,8992.343838374194,1275.5847927383163,247.15207663281586,16192.71600418879,209.1908581088663,127.62074240442485,46289.59993131957,15.430072122902237
497.0,30702.965206011442,2065.424202409287,343.47476602517804,3547.695496577617,142.9320915279618,35.113643849839434,10963.930334834027,37.716754422438186
497.0,30634.30592340969,2040.527380194815,321.7078051481467,3631.5347508834,135.01896381794757,35.560847697341856,10990.326703519779,32.8427959159563
498.0,6879.576023917343,2781.986616934055,161.25157715486537,6477.681183634924,196.48723213400356,33.91304962766149,6344.535388087475,5.174577562299189
498.0,8924.526839566992,1026.1316845745735,145.40661451238765,4800.890093962452,203.87250447581636,33.45908715046787,6466.547144136212,5.552706384232259
498.0,30557.839999103162,3958.156985275887,146.7234807904186,3306.051905414653,160.21335935047694,34.928725794937456,9836.445208384535,8.067675284806509
499.0,6685.486548463904,2670.074859820137,166.66101381422934,2162.942722299817,157.21163370841802,24.491816229955806,5929.753871120445,11.180260583215627
499.0,30780.782118468618,3193.1553021460777,197.28269450019738,2147.855882092519,169.30807399352273,29.080784443119168,7072.465922378338,17.699777305183012
500.0,30491.921999990478,2899.204074520402,137.0606199012738,1415.393010988256,166.16836818948687,30.225180576964384,8286.631738406688,13.711983509109926
500.0,30512.63481683266,2954.086468931507,115.68273263117693,1017.6616921839928,162.51570948222343,32.77647195168081,10898.186256791896,14.596509464229847
501.0,31032.68715224165,3350.276743439276,183.83809504648153,2296.294274874257,153.41254519134628,24.901895556665874,5747.169610808535,12.80190591015599
502.0,31184.4622835742,3438.185196676362,156.9542991014202,1684.7731421222727,155.11737676346596,24.462110221642806,5917.048168952721,12.557131769911766
503.0,24898.000372548253,28750.064812720015,128.81230250795343,1016.0812750785124,139.40490463751595,16.353268121703373,3426.2772973375013,10.277660433245986
503.0,30423.10056402343,3423.8623369219804,134.7698614612098,3095.1211283811135,164.5325590151918,18.943971164438246,2962.2519088064087,4.970206291627318
504.0,31824.004612268007,2576.7319985767413,146.8089650674064,3151.840914144763,149.5221516138706,24.76922321046552,6056.9011287305675,6.547133714255402
505.0,31889.054712209552,2514.215159493967,160.65347561472208,2660.4006979528954,148.82862627727954,18.710215043612465,3520.8391984921213,7.276608518103559
506.0,31929.211610719118,2698.4697255197984,130.37930621138847,1724.0552990275853,153.42822457580024,18.62553366682994,3883.093667696504,7.380280089454625
506.0,34325.67401416702,1621.497711518671,116.0354645126628,751.6952327089195,144.83390300686347,17.01473184703491,3851.713824754911,11.443914887123052
507.0,33946.84953626512,947.4417782177379,130.37745889944787,1565.4957088613717,161.67241679343724,27.398917249615526,6893.625422266976,10.537976242121974
507.0,34685.46861487206,1815.5096601188652,144.11945402921717,1052.5214290068243,139.1524636382618,19.13508496786916,4670.176790389836,13.53600456600981
508.0,2726.7190036865595,9212.090845989514,91.02088796578057,413.9280272620104,145.71071227461326,13.651907117006314,2335.7200367335463,10.924478905969197
508.0,32656.26800319502,6818.746824203621,160.2149550099459,4410.964931592858,158.2295335081651,54.247822394386255,15643.096111556646,10.54463105555896
508.0,33969.58474621215,989.702606813512,126.83784191718763,1463.7316140290536,154.45350171723302,17.99270428922217,3791.2253978417493,7.893027475014595
509.0,25473.524439618366,6910.0034345478825,243.66993965561053,1316.425917646434,155.24581802054092,26.945130038364898,7404.132933212903,39.498459065615705
509.0,25473.053811743124,6907.634401731651,239.17799118297074,1279.3675405085116,154.89939990502486,28.313501063364555,8022.604522716982,41.04245764744501
509.0,29647.245078089243,7574.458889024203,134.80252203565618,2275.562868736109,164.04308189595096,23.04233867490656,4678.987694484865,7.11033927245311
509.0,32603.23213494162,6807.5740032357235,118.7589586283615,1856.1923919988071,150.6814174528527,19.021612962660665,4446.290976219992,6.090786956107953
509.0,34538.52484231515,862.1870911982857,133.13437015024095,4621.755191792627,175.38861550206624,41.570695903672025,13563.934801984458,5.778733015700122
510.0,25029.506900041386,8284.250524675326,181.21917376063556,1146.8003316678085,166.45378420783152,23.395528485256094,5721.203166136658,22.47962394435293
510.0,33971.981229169585,1172.853937386216,138.61468220924158,5413.944846561575,180.99101099170989,34.294339161193214,8731.09243535143,4.713132659687683
511.0,10979.385311462505,8919.266355126609,352.39445035679927,3798.7440556078404,141.70891277448862,25.78594377019434,6060.26371964148,27.790833821152603
511.0,11591.662883066887,9829.748386516074,168.23587507132314,1300.5995662053695,173.83763773334002,22.037653614059835,4833.96604120109,16.54657912129292
511.0,11632.509842231613,9063.664954577373,269.23607975967184,2224.0631978169804,175.95333267360974,18.827091147377025,3412.6102025069,20.987120968800202
511.0,15514.8806878397,4547.332742716552,175.13581647336517,722.2832689146242,164.14258551440787,18.185162234930964,3918.288080896436,26.090729962917838
511.0,33882.59340482126,1184.3108966794964,141.31635596763243,2094.6148291395034,153.28385153878125,19.862302143164676,3982.4656807698907,7.4648898112811715
512.0,13490.279483689092,9501.316771126649,149.4622141065049,677.796406544603,204.7785288465859,18.36131578312527,3083.0040361852066,20.810834251762547
513.0,11419.74159407603,4282.618530549775,174.02997525876225,1177.9104033844496,185.1419026280814,21.606938284370273,4400.656408920079,18.97489837423707
513.0,21982.58248962959,14921.175359376271,303.10789825618133,2468.52714647522,138.8102605334994,20.895109264113632,4506.020855667507,26.010197646405757
514.0,28668.076271669488,14627.20778485897,252.97680769547026,1384.1289664929634,137.40554496745938,19.7377272221872,4931.612424152313,30.36372090225904
514.0,30240.865209725795,13622.158887016707,147.71738897530923,762.7415683295806,145.1492808549612,13.620564323091433,2325.0689098383405,14.523048684732752
520.0,11486.090231243454,37078.551413106215,253.90681353604404,1458.2647751330792,130.46193967019235,16.169748710245397,3363.8675572913917,24.451550896266546
525.0,24407.800245549373,35422.636590260794,133.8717683451266,1442.69400099593,138.01086418856252,14.246266072440994,2503.617713008341,7.578947676506382
527.0,18825.124504923413,1715.6544780573126,100.10493911703824,411.4445273256399,157.6200357124546,13.696370399880562,2299.917697467436,12.824093568627838
528.0,39636.854732701104,3010.576405803817,213.24418913342026,1067.8382884427003,119.30791646724896,16.648478532243217,3859.774266816915,24.224410695358735
540.0,1603.017043785564,22280.97650003564,179.04089747991134,1107.8921866739959,134.44147265996673,15.933397754332006,3162.9377784274593,16.463843572041345
541.0,5743.591041492104,25695.517297162114,121.34063523451877,577.8383091735578,135.69805987769348,18.39430818611988,4597.621106592198,16.522493028381664
542.0,2329.1868789421683,29092.04693905408,214.08596228676143,1778.9282353588055,131.54254590925646,19.669524614873755,4312.32397158825,17.550603111499168
542.0,29543.236352839333,20204.445189862396,140.11409413239184,641.588195388403,138.62225060143984,16.92951686566875,4117.311250972601,18.200528008812324
542.0,29702.668899821456,22002.375843128913,116.17558974173886,1817.3297190838298,155.23551603587427,17.189802773437332,3451.9278722120366,5.675831775705611
543.0,25511.66817084678,15026.263324161173,140.45616442822438,2008.0146958301007,155.40696568035358,21.140929995890556,4895.506076705726,7.9740280290727235
545.0,5308.595450728384,34515.56414286378,133.6806576041765,1325.021851009721,136.07448608756928,17.258828835381507,3912.538119669866,9.078966423321658
546.0,5332.5098694722365,34535.470321368375,131.46921633898828,2309.4754390380613,155.29121875008394,27.33770475839927,7377.388522544509,7.582495676287634
546.0,17260.19211590537,21497.570636688317,125.93864941952404,576.5515833617101,150.759695294226,17.232102325646586,3960.9917169489545,16.795001039635864
547.0,8565.253134387132,34124.69671592678,111.98665855753696,412.41062707160614,143.16136795606332,15.184223887304746,3115.7737667270244,16.669668459761603
547.0,11714.590220491731,38377.598216009545,134.66062768430302,2390.2715955966355,147.2018388832581,26.6628364551761,6806.2594480048065,7.531866383327771
547.0,17271.073508878948,21426.449446158214,196.64999232316256,2623.024938460408,162.68177158884333,49.529055973138966,17241.37029964511,23.67199348268997
547.0,17365.473582554187,21177.321267168267,271.6607698301834,3968.3386166577143,146.22109717577118,61.86890061276432,26150.978832812012,36.79402364168841
548.0,11303.82079323062,29108.60841618916,130.04530346202336,1482.775365462934,151.73674568128303,22.658651643278343,6018.696360351373,9.519861572505818
548.0,18769.197019629664,38274.34956835269,396.216228348554,4570.33445194766,101.37359229175728,22.656039760773517,5898.535500526367,25.908086037301807
548.0,18923.04254974784,38274.10340513699,412.6382366337368,4317.547778294117,106.31350631416451,22.96192227677718,6041.006103394872,29.909269143545508
548.0,33744.03568983023,17675.03572269154,129.84072481091312,549.6342064990889,136.8597627958392,23.66796429165561,6494.900064003917,24.271304866975782
548.0,34374.314441476025,17404.706623808732,169.17802636962975,703.8095134066791,138.08020217655786,19.719254359451398,5086.620471231776,26.89994617889155
549.0,834.689571003685,28181.32456896505,227.42177675973628,916.4900349502628,122.28918161075373,19.79509320496865,5314.903352344995,36.82078515120891
549.0,11055.369796181665,29383.821166857644,175.48981813280784,4013.682370569851,187.35195734297778,63.43156264999431,24125.893413429043,15.85445695222548
549.0,11488.520664930407,27517.994042843256,211.66690304661887,1783.4837872796195,145.93348088368253,26.718309961614302,7515.335548058117,22.344526534156092
549.0,33025.49632059936,20367.794659825442,180.764929859013,953.3902884696231,136.69991341592396,17.012805316254532,3549.7587922224566,20.217653915947288
550.0,3292.6874439440444,27277.424293591335,223.6883695814437,1380.6159886151163,138.55160553475685,18.85433895124125,4183.1411830939,23.199149359444302
550.0,8156.526226387705,29985.889744536507,108.97071296743489,1486.520741249599,145.35212174333344,17.25787593575431,3492.2067592882113,6.023897886376783
550.0,8680.847895089588,31900.71686182568,180.9614597986896,868.4840329680973,138.66890151024197,16.573802926929808,3793.1590218345946,21.589048618709782
551.0,13442.265820851151,25336.203541650444,159.20326618310355,1078.0346520236312,148.9544007862958,21.109249934394946,5242.287043984578,17.141913101008722
552.0,10623.64606259997,36081.43646353817,115.06342925757188,791.2073809684193,140.44736946271678,19.881960462512506,5304.642320760646,12.089870080533865
552.0,19455.391448341263,34590.65022595517,128.9265294197817,2445.9748413143575,147.5215197478212,22.373666088035858,4725.352342585317,6.118375572843305
553.0,12005.330149073226,40211.231851913675,115.57226111257553,700.7281267848681,131.52319453390498,15.026610974960281,3462.1719661233906,11.076581645528227
553.0,19520.618620867164,34611.17188096234,138.69985318373236,4938.676982498683,163.08188173883778,25.973144075222105,5760.015759418165,4.2887291682313
553.0,23496.794319038534,28965.246544298392,179.43976352099403,1169.2172567566465,144.1523242434072,19.51169045112038,4515.932139217324,18.5446511078888
554.0,11903.24095315046,38883.00602775455,125.22273987623586,1892.2822560876577,139.92904706739472,20.14436902150757,4952.493438668674,6.737126496938351
554.0,12102.954386283156,40161.63895731914,178.4348846853355,1026.9301043671617,133.41737712634838,16.26072157312513,3453.2718330676516,17.79704412918381
554.0,23761.849181417234,29394.460579933646,138.31234728016784,2164.483582099164,150.11032691508368,24.64772568578707,6096.607963564211,8.11340483816595
555.0,24738.198410758996,14443.967894506006,89.90707520312345,408.5475540813662,157.62699359388932,20.856098683368284,5116.400093379574,14.628946939686791
556.0,23790.652067895135,39983.29081427995,208.95481721442363,3145.1248085217917,127.11389507820249,33.21392170880426,10585.027823842485,15.485260446192855
556.0,24356.294959923933,14075.893857166955,168.26128883707776,1154.9029586964782,161.3675165374051,20.223017288130148,4588.148862166158,17.181003114960546
558.0,19173.301938622273,2897.479517738599,168.9299065040415,676.4324645775496,186.57158752070433,24.500996974424115,5777.01244160094,33.90651230603908
559.0,15529.379902817653,1555.1167260130073,205.59925748133253,985.6514427885012,166.7101099709197,18.429204674560232,3437.0837731271304,26.625546769617632
559.0,19227.402119120405,5524.912021278425,151.77969542821114,723.102297523755,163.29096450661575,18.91950640943225,4203.817713066959,20.68352286488417
572.0,6427.168845882999,20944.968881773344,411.94630871849785,4214.294157467586,130.96035405063964,28.644634798216643,7869.877353426047,37.46578838560304
572.0,6155.561313533381,24362.604685368075,149.30483830140238,1017.8249185247087,149.82671051762281,17.720286704287325,3826.669176918879,13.986152746875193
572.0,7231.1131349614825,21172.930768820945,228.73062034756444,2456.154429293322,167.0099806378836,30.185335870988222,8048.853482961736,21.317639191882705
573.0,5441.736917705333,21151.003868039745,260.1967693593169,1948.6473969223741,144.100572515684,23.051510492636726,6033.539659971612,26.61244451130019
573.0,5486.431087693191,21876.987441991187,323.28301764208123,3517.229193262691,136.30441935918657,22.818184151151083,5201.312466179802,22.738743725777915
576.0,2255.4717255478677,10435.578481801083,116.34238590257496,1096.812541718939,157.94571264692357,18.14356847206876,4204.708843969319,8.743135010530297
576.0,5259.773041905603,8971.704389232054,193.50478200484812,1208.6014606459587,163.0130621736695,15.640231972697299,2641.028145342097,17.237252397061464
577.0,4601.102209884518,13016.269102819795,140.77755028569112,3578.6195107186513,161.61329248488315,32.338576717604624,8485.763109075735,6.599236565846606
577.0,19402.712165964014,32236.350430668765,120.21564132434177,764.469465289899,148.56507290488426,19.60609274680532,5164.399239216049,13.309143101857082
577.0,20106.506194269456,31750.42030746856,194.7913039556649,1398.7894259664756,135.9570563167315,17.432907646702912,3695.3609056036817,16.67537632134184
578.0,14103.095249043334,29846.85213124728,113.41607239792744,476.2916594537557,157.1596716789343,17.099407575219985,3513.7216647411756,16.445336807629985
578.0,14155.224899228317,31015.544022059483,184.4616395939585,1684.571495927496,158.75908768198212,20.74094765590933,4307.273841668454,14.701324951726845
578.0,17162.00766457617,33142.82000340421,540.8392841472008,8643.460259961603,83.3721066588908,23.77423228840721,6523.349348844591,26.672795651129675
578.0,17308.84409383851,33329.60317698568,331.29363104688065,2345.637424062139,125.51569638358204,19.55712196783654,4159.125394104007,30.446417260068927
579.0,19973.32863359545,30877.661011291606,185.50674940297873,1078.7168899472042,143.5794815278662,17.362804653076232,3900.635912956048,19.255200983592843
579.0,21884.298804507096,31296.294167261523,138.1134903077407,6306.104167656797,179.3821814408716,44.629669417878354,12147.953393695358,4.949957835507361
580.0,21880.106328439397,31286.8377818379,168.53264583117308,9371.290848403321,186.36651605164732,76.54753867754064,23476.4848645486,7.732907255015141
581.0,17673.79368662073,29144.139369047316,284.25454890723597,1844.486584698054,127.73905915639536,15.915115531502341,3110.1798106996844,23.91598266567648
581.0,19114.450341192365,23832.400012241294,226.80053938902006,1253.1260251089786,138.3041356371986,17.925199324401063,3835.271371934399,24.939891863812797
581.0,21889.50053911034,31287.334583321604,136.42545653598341,6065.469733575204,172.13137720963326,39.19846407681639,9884.207592259618,4.568031161229442
582.0,20312.567739877544,27037.44763557448,154.18623668724558,636.1820241383838,140.8640409475349,16.957425425669975,3985.063494921409,21.845921004813533
583.0,4056.753981676808,8600.901616012035,193.40897698307126,2049.0382358090956,176.30773916992524,32.2911758827571,8584.390828004429,19.570830849454968
583.0,4626.680008152847,7919.715767711312,159.90945596561724,2797.6269965953193,193.09582834107908,30.578634956841427,7359.709275414217,9.833301183025075
590.0,34423.09398378392,32805.8128487317,114.32797138484665,509.2113214115679,131.84249186113072,17.91804945886899,4872.082946310384,16.302633560825512
590.0,39777.55124730586,12388.190225041237,126.26391820146304,996.5506972123138,123.30470947480649,13.915912683814625,2977.347128836118,9.131269937883957
591.0,33713.04246154524,31598.331202464346,124.38894918720958,2016.9321360037895,134.82312885754823,23.5164002841514,5270.854648953995,6.981514434865156
594.0,1464.9999498520697,25780.852459056074,158.59287121709065,1725.4792532889242,147.7041254887829,21.85392557796939,4672.297920971733,11.45677317745895
595.0,2474.414540488011,22978.431720387816,140.23172050324075,1028.8372419228826,170.43595314273105,21.270982378269206,4805.859547668965,14.303968359107914
596.0,1090.0062477171962,20171.245216267565,136.84688093238628,2013.1647885866046,152.07503769482614,23.568001532471822,5884.85512905111,8.211817509642405
596.0,7989.692143537105,38385.46554327576,195.36200634867225,1518.1648944011501,135.5754968201264,21.01098361572802,5160.093305009483,18.139408619991677
601.0,23081.413768773717,20503.89831377712,262.8076711834638,1912.132224216564,149.95538512835955,19.600759919948732,3974.6449092475123,23.909471962614628
601.0,35156.18682416506,2076.261992665915,205.17083057337905,1308.6331893110635,135.5785015117603,15.294707359372058,2861.566599190443,17.509338809316958
602.0,3335.9273765397647,32252.38139671774,145.30638534468676,1201.3619758765144,154.96038736990727,19.95787145713573,4910.931828495786,12.618023945644444
602.0,24777.853688471376,5497.974454867764,131.4723975307483,1227.6831333926837,158.8129286528377,19.80136296105892,4627.22248732519,10.35099444645939
602.0,28198.453113046355,6810.022063400189,228.05408327175988,2148.180843316907,152.96255133994126,19.81237636145196,3942.979083523049,16.677369560693656
602.0,35797.57856252084,4186.345170280978,120.43063800754386,621.416738919348,130.52658805168628,13.164567320018104,2438.9576544927095,11.996691212868893
603.0,23958.848813844183,1159.3354936120422,129.63936085637852,596.9180552249052,192.2305738737067,25.49361832906581,6495.63811125144,23.917035965790006
603.0,25160.87440346047,1529.159504080916,176.9202611957297,1594.9839893709272,183.35725627006676,29.19659718185566,7502.53119992616,19.15562556649594
603.0,26002.22961865906,4469.93549110912,141.1782687737679,819.0570652317133,159.99927997724356,18.65197907447813,3998.1122169442206,16.001409748876714
605.0,32581.6625073244,36249.10066520964,185.18655019049413,1516.6758328990397,131.74679019743178,22.484085037355253,5801.248284629976,17.423016871009548
607.0,35835.327217731305,26221.902210397337,151.2200360969041,764.3229419177975,131.79955772108468,17.713424471588983,4366.02494707277,18.48798874528238
608.0,651.0243585593531,9999.843042191447,182.2133171102098,1088.428472414641,137.27219127755748,18.205217975441187,3886.00112483167,19.223270525371426
611.0,4511.079602091017,10564.724149714531,134.77268948845227,3236.6517361099923,183.02419909590145,30.427768522365568,7171.127617559665,6.392302290836963
611.0,22539.31521054287,26837.02889141717,203.18259935050702,1306.7199976957004,157.49995413116173,19.751213640006597,4212.354576396204,21.257708087766428
616.0,25129.11044423128,28803.29315185653,119.82938567363291,600.372517277729,139.1665999294991,17.490124160959223,4112.857355134746,15.010012111009143
616.0,25653.027642301557,27930.35374793101,202.76382947912307,987.9957739363159,132.61002369549652,20.689149758477008,5494.2289372563,28.674270888926667
617.0,28370.145213761145,24506.277957037713,126.52663282201264,1988.5381618856054,167.1917329873742,28.908388645037626,7603.902148500533,8.42654704487848
618.0,25553.984947586716,22768.64587301585,258.2517943126475,1845.5085229858498,138.93642245668946,15.092616525203777,2594.6195218309117,19.213606056742073
618.0,26132.26106205656,22067.775976948942,122.32579759292126,655.1865282676237,156.40668292060005,15.776360214858896,3236.0140053381897,13.340007873590874
618.0,26401.370310538692,23649.697262193287,122.78938974099145,4078.1919163737393,170.89849078677568,32.28620351207099,9336.741059414859,4.698374445613511
619.0,12622.487218992825,39010.724640599234,108.11348686196419,436.0630561144154,130.38012650645285,15.99361887071968,3754.0764210044044,15.528994256233805
619.0,26398.61973195544,23654.388013893997,180.90160032425638,9957.926051980736,168.58831632302278,59.908919230170575,18390.790027458577,6.7319941998886055
620.0,12657.823760550173,39005.3107980098,120.7096601455119,1027.5228457398746,130.3256459854292,21.719569818768083,6964.282163418783,11.167634173302668
620.0,26394.83856279819,23654.67123568055,177.95369754644364,9580.766114587335,182.22401735382232,62.45963174881568,19791.57605665284,7.014403917833541
621.0,12649.811584086394,39049.147011412206,152.8163932630704,1286.3823404171549,127.31091833916508,19.87431825169279,4624.220861777723,12.936618091017621
621.0,13932.199869764961,2697.967852725096,251.03049691498208,1668.2867350830497,160.77143586550613,21.941110327167628,4987.863914667159,27.56196987768874
621.0,26399.149017142714,23664.44850455876,131.917019825966,5970.808201145616,188.15392944547784,41.41419784587683,12859.541633695191,4.545949621820638
622.0,12640.51475598329,38996.91673112958,123.1930872628559,1171.7915646042457,131.3854353983078,18.488460306533756,4734.650981488135,9.203436066410358
622.0,31391.387037524928,34850.38049480312,139.33839215406968,775.5268279354311,129.736352706539,15.420514615062862,3327.1672542327315,14.175572769470788
623.0,12639.669608423454,39022.53881549183,116.41010454739764,1065.8187661144295,132.21386676137482,16.340059623960602,3893.0752819933646,8.385381420662931
623.0,30027.557658615686,36464.32501351226,166.05689086651338,992.6848303508627,134.27181882900183,16.871604744774906,3784.927181693876,16.614256128142145
624.0,12654.916872166825,38998.337086678745,128.53892865758945,897.505523048847,133.67916204018488,16.239230193486257,3708.6736883413805,11.314244786006295
624.0,30097.294266998015,36431.953895401224,105.12419039416271,1124.130969878701,131.08014792227738,16.654065841294603,3659.073974476258,6.941440384262619
625.0,12652.384539817951,39019.99300702621,132.13896299280273,863.6113894802138,132.00628894846838,17.06296801119672,3885.7268558719366,12.69611932509036
626.0,12632.111901782235,39023.80269650598,103.46701737400542,896.1991754413855,139.2434947946365,17.84022767945056,3977.621438945002,8.449269964442546
626.0,18475.313345875886,31805.24926033904,310.89754663829194,4007.9303553193554,140.37135167097642,32.97023711662986,9442.01737629792,26.024564050718396
626.0,18690.840169418392,33672.436956800186,242.66042757213285,1565.1946921034803,134.2972468287131,16.63803926468408,3264.4234445553884,21.589100114877148
626.0,20075.60193438069,31434.98651701773,122.93986181130401,1413.6883310241672,154.10786532720755,27.297595240131415,7838.250363062018,10.37055654004806
627.0,12633.348633381052,39021.37635976166,126.67896327237278,963.3987056665742,131.98456565490312,14.623351217271628,3026.420851805779,9.720430480612707
627.0,18885.629358088005,33191.71641708488,222.3960087515137,1251.9963771011387,145.49519883098458,22.590610592661157,5551.691250143254,29.537609500755213
628.0,12650.312943761757,39014.593453317306,106.31323837426223,781.2691593573927,131.6021407448309,15.350615162113646,3442.289294015924,8.981001748221571
628.0,35719.801534016005,32069.949811595776,133.0943613135049,536.3173517952596,133.70510984024,25.069038476554066,8272.566718826503,27.41468597774871
629.0,12658.086354553569,39047.156855068104,123.54646330752793,890.3465113462365,129.6156029737177,17.85539173155433,4046.460914319026,11.393172452356989
630.0,12643.822551895835,38994.25450885501,115.17476017810392,797.3072177565168,131.39402122153652,13.996353645137768,2905.420987763626,9.477626716653889
631.0,12646.777239927478,38978.441288336464,119.1793166335022,732.6419036858517,132.41001884638425,20.163020650585914,4605.90877112833,13.912446734159026
632.0,12672.424456499999,39033.35808080301,133.30913866182487,897.7972028455354,127.79839981098868,18.177380275661548,4868.026034331615,13.062890753833845
633.0,12647.941518511932,39030.08176898651,127.53074192610849,852.229260557735,133.7646060731196,16.629148887462325,3885.697082759876,11.864359930756038
634.0,12650.93257637471,39009.44150184341,109.73008283417919,735.0439234668656,132.95196543014347,14.48928935640603,3080.37189188192,9.572439251266097
634.0,30597.01725728363,14336.732767789656,116.56917724265156,545.140246373974,138.55574960370086,14.405800874713504,2797.7570104978045,13.487136448979001
635.0,12657.985597758114,39017.25581050299,124.38430973158688,1040.344362533171,133.19706719261285,16.247321181263565,3768.7837506960905,9.476637271155099
635.0,17232.88172725644,27660.342074189964,142.6757193775954,728.6906655141772,138.76549842350587,20.437767633475385,5297.503430783766,19.565861343717234
635.0,21639.640856508373,7639.305283907291,119.3137505089507,747.0988561213477,162.99119601522284,22.310834158324543,5108.156543190362,14.852692831370492
636.0,12660.550775618662,39022.265051692884,130.85687865608563,610.9527392640557,125.14413622023564,14.306401264175625,3150.9603413168693,14.810147953696625
636.0,19622.604570940264,4315.736334060229,132.50488640826737,1718.2431677586615,220.39530813449173,56.28237386108791,20331.946493461743,18.720992416132656
636.0,19623.5648322553,4665.703037577214,279.10679460286553,4276.90640447628,162.72305522887254,53.916392673302305,14908.327962669955,31.55439704134542
636.0,20380.740139592934,3902.5535916217223,138.04503321084294,1451.708511334398,212.41420647325995,29.808586849966066,7033.551308901657,13.413364518627445
636.0,21402.19412754262,7838.584776476673,180.699175085956,840.6379717160037,157.95316106349173,15.11234588985994,2543.0782475480055,20.560500995470708
636.0,23462.451795267687,10139.712543647707,253.00259236679867,1289.063544486606,148.273528179546,19.787175476954864,3952.2608592334923,32.56856165140344
637.0,12649.053602370675,39024.91751621075,84.82834701884809,468.9829133403505,135.57371027276577,13.569400176355865,2573.883756703661,8.847215095907762
637.0,14051.928608966924,2820.35142142949,144.09325320566214,737.2977019497672,173.42344999243468,24.067403775655112,6153.328014490701,22.712086421980597
637.0,25760.556919729657,36485.841693935494,120.86191251249299,576.8454523563415,138.96243497697026,15.656933538072687,3370.6234197871418,14.51126193826191
637.0,27693.148122494582,7820.565101500421,154.55147199575154,1066.5360455883192,164.62387338917392,24.569232264866564,5904.153391247253,18.64859191736046
637.0,28699.997544390455,8901.635500788758,145.7820098126863,876.863221582974,151.3718469167826,19.56478881446638,4298.754074284486,16.56540163356578
638.0,12649.682564472885,39030.61191270225,105.58087456716744,962.0176724153973,135.26342846885257,17.379669326396883,4029.885795712011,8.104519152457524
638.0,26691.643408585238,35374.86954007,398.9470418274336,5268.583239330889,117.4946179174222,32.49087575006734,9845.08263301987,31.914651105275347
638.0,26904.43613476528,35537.20170369395,474.6561674686583,4908.4281805601795,128.19527531134383,27.3165956304106,7410.200279904455,40.68325195315803
639.0,559.4950408479755,22798.964499048536,140.14830480925156,780.5789978244094,153.82527451652845,44.30706549318323,16944.568131077565,35.898659608912894
639.0,12649.275647593342,39043.95528778069,113.68396438786353,652.9398391114456,133.7868849835702,18.294773798059303,4632.424199572379,13.159618504478546
639.0,14817.057111163871,18958.914391301427,142.02825880411302,577.1758864380593,153.14328881521547,18.437765593950076,4366.407503322116,22.05343737014086
639.0,17868.475884857235,17559.942610467337,329.53881067531637,2838.7474646584387,162.28522879999537,25.12661331235051,5866.614706288301,31.55577420907401
639.0,18198.169534047494,17267.728239190066,323.3326256916594,2940.992770395075,144.1929620404219,32.45013476351805,10580.303761705709,37.34426803897785
639.0,27562.67735215337,35955.58669059929,118.74978720532482,1731.5134572651293,137.1420880401125,17.838481606207537,3728.101673540511,6.203749070809593
640.0,614.2699152159591,22763.728666729294,141.06869273148334,2834.4116002238275,147.471395946435,26.906577229514074,6426.569380729728,7.089659130730457
640.0,3250.6960806424768,24370.39925443669,157.8482649791831,2648.016170895811,167.22553192946103,31.28677131736478,7550.5462474371925,10.284463121929742
640.0,12658.265653460272,39018.26538192197,117.75030350558359,910.8966039465142,130.489979822036,18.54410648996773,4868.8229116247685,10.581274021449175
641.0,12645.981821370853,39030.93299842181,114.47596122831833,1016.6934702112811,129.3846563802657,16.222052988701403,3569.6967002193237,8.444866757615802
642.0,11844.772403672992,4442.263382200475,124.80695383049489,1749.6509747217988,182.10099287508422,21.866029442999608,4074.4886631943045,7.528833432439839
642.0,12657.290196350095,39011.62320134741,103.98302206252073,968.2348767448256,137.87692757528964,15.665816751426696,3450.2269275120366,7.411876821538822
643.0,12648.491351192954,39018.88946924787,144.69464718204875,1440.6262483996525,132.3284121553346,21.484416566800196,5567.133150557978,11.28916610678523
644.0,12636.913747386883,39007.93203397398,118.50090761269652,1198.9023614830478,142.34257314804128,21.952647028089512,5958.42178687557,9.534619070456369
645.0,12649.95644731399,39013.83716879611,124.3034276551166,815.6505084357419,125.93023244337978,18.139224768778117,4790.823409797406,12.563981231347043
646.0,12647.647717956883,39024.48431986659,133.02163979020085,1058.191318004824,123.08710715613623,16.796168014316997,4067.6378906345894,10.670252760011012
647.0,12647.153254380884,39025.85587289122,104.62210852576715,566.8103822977216,136.13753061135733,15.363058145650337,3218.3944018723,11.394801209396222
648.0,12639.552095334351,39029.14446306615,106.88997733843824,720.2581892820438,129.6258826220618,16.971626133461136,4237.633424081792,10.329860287042882
649.0,12641.61052375721,39035.33126669131,136.35851918751453,1148.154445156544,130.97451767822642,18.098247117163446,4289.418626013814,10.937163300381348
650.0,12630.538479951185,39039.64865072457,116.38616816324999,660.818695809128,130.46908085599057,13.492885200450505,2578.645236675978,10.965144203172075
651.0,12669.98837963459,39027.41288196048,142.12515140268744,606.1683687149161,127.71169972889525,14.871620834617511,2960.3752614678892,17.727767409734188
651.0,30654.536699366967,28934.68577792486,124.11200230489108,4986.472867402878,160.4560281004211,29.024215203489387,8537.727599604847,3.819992509979547
652.0,12654.463049292732,38993.95743041049,96.01768585129886,496.9975385657411,132.9417407066992,15.270024912084466,3203.1524642226773,11.004817690769489
652.0,30649.627692866226,28933.53976849062,125.03730443049697,3208.0744879929184,150.00822821675735,25.584415204651688,6992.720334186913,5.085121461101298
653.0,12626.7816600147,39000.77224231454,125.45928462555352,596.7121824964751,128.14025972187753,13.786430266171589,3027.270865789041,13.702469641603296
654.0,21608.635962510085,8406.732015569349,172.4282322208014,794.5559993538835,170.0957969462477,18.782588685869182,3694.9510400138615,23.844428287446267
654.0,21547.544166056512,9180.430992983318,243.35560755307108,1253.8572850774685,150.80037264522912,18.23103495582597,3561.233738290872,28.866288608997102
655.0,23533.663635572004,6555.998464328849,165.3079514553295,682.9607075503544,155.58625455167146,19.10696048012437,4546.16677855441,25.771252935885435
658.0,17394.398795747704,33812.58320491561,151.80812553917784,1141.4216039432247,163.45482531127175,19.81779655702434,4249.124935060302,14.191201895259658
659.0,17424.532173877426,33823.33303411324,161.50559159147508,1605.6585286679888,153.80758517617875,17.866592061595757,3518.0722513088444,10.842045541111705
661.0,11542.6857265956,28439.528690860418,174.45684417048423,717.6471940237655,147.25362468234377,20.368860716011085,5461.588320174788,28.80265847625972
663.0,10245.457528551107,38872.29474144,153.12079102670893,563.1093285568238,147.98545891805963,17.6294294959103,3862.1523629907524,24.953055219071203
665.0,7144.983472306063,36371.12497402979,305.6974924879096,1904.9703928600554,117.27976383672627,19.47987211723854,4822.232959140489,31.73417301978085
666.0,6865.282449324436,35872.08412079041,228.22068865999407,1247.294028473937,141.57144769428163,17.551167094720913,3518.611105260225,24.883805251659684
678.0,34224.03891301701,27782.43850565222,172.0677505006191,995.9071599783782,128.68730769376793,17.115532029451256,4107.511869228709,17.859462376521115
679.0,10579.878689467638,17252.063214986047,172.43882891762263,739.0265847807706,164.84386430440716,15.826211436197006,2796.9589894899445,22.055117661279294
679.0,12869.899515458197,13174.68184913396,164.51482315219963,745.8381050175699,168.79132042250734,19.001866908166296,3772.899382214596,23.411176611237355
679.0,13590.63543516847,12783.022117017219,150.66229390442808,678.607274588628,165.28128976671755,19.898149236809452,4387.339579688172,22.592226400249295
681.0,34542.099777081414,24186.650325500446,146.24435083765604,1626.3358138755054,138.81273950707507,18.348976817232266,4236.904834057982,9.24562807867305
682.0,24006.414221713123,16898.26630260338,321.4208310641088,2222.2323053470805,134.61577853327032,20.317667526748334,4497.997364744098,31.31933875554183
682.0,34534.4186668429,24192.333851768588,111.9048805534875,513.8835467722967,133.28896095781795,13.763954147229574,2786.250657295965,12.832676241573312
683.0,828.6880203979052,4833.094232988451,369.93996117793716,3267.918555968718,120.31546761584133,22.806606710336826,6061.127567602755,31.484615600999465
683.0,1354.9828766393923,8693.443570538608,143.5759483034524,712.9303442100997,148.76956345913362,13.44076780135802,2298.503577007553,14.523583745368953
683.0,5167.519041938518,3587.791208893886,182.19770788382914,1199.8688357452966,156.20254100703383,23.126714198306757,5771.170727258893,21.542347973959334
685.0,39719.87271291009,24950.502187014215,113.53004600829614,540.4513133051508,121.87990404052049,16.1099105572205,3953.583756177129,14.08332756677419
686.0,6936.394456548383,527.3569411615595,317.7546408853564,2696.573759114976,154.2103057605035,17.15283653568682,2899.7324792615696,22.039505198461182
687.0,32871.63619214066,13347.975535238756,157.06518445908122,871.935336995525,133.87399962476172,16.237830127276197,3721.802366279608,16.395870474982097
691.0,32866.55396546013,31684.734183238128,126.19191076934469,1106.299646296662,139.83930034005462,19.7139179328233,5036.685184398786,10.523538900072165
692.0,29408.038026359794,36926.285509107285,199.44148660923867,1718.3256622362808,131.6877008674545,21.43434857956464,5618.21459206515,17.09591356270299
693.0,34340.441672819376,39023.83810642607,133.60506622836073,1399.3539595648565,124.68511721504322,18.62837767988452,4732.036258494239,9.118801617338518
698.0,8037.858190471159,4218.04417805821,129.3293501922116,3326.9020417194793,182.9584644154404,34.07902787548934,8989.250791016717,6.314363753176109
698.0,8069.060526390542,38856.30357345272,191.59232898713097,694.884949496485,128.41439817851676,22.20811772140783,6672.276801252667,38.43048536260843
699.0,20336.54012496273,11083.534883627288,150.8041540668814,892.0339536585636,180.88382402253714,22.079504225900045,5330.56572659275,19.19253998980369
704.0,34436.441743450945,36469.86589237979,174.66899895615703,1058.9524598034875,115.21952209376725,17.88747159834406,4315.395651107567,17.99003735933312
706.0,13489.757745932933,28131.244964314603,159.99072118512836,802.4267649158433,144.4394735716943,16.9474905178555,3610.271912767547,18.89383840327369
706.0,29322.60000698719,25129.084401012125,142.49449654973878,773.1293222915048,132.5443509299839,17.16530133395395,4240.069622146995,16.0402790460975
707.0,12614.486995011946,28951.558897517,169.7430185149882,8172.086969931329,203.65242726586402,75.63779104283346,25263.60894882968,8.832338226563952
708.0,12585.638027976256,28949.078227306087,166.79573943819307,8287.88587832979,204.02022793964053,50.56792185960554,12269.21845053558,5.967642714459012
708.0,37074.411889714946,23212.3332987527,141.28659386224913,593.7038175360539,122.3989008678883,13.734042721351614,2888.3509118166453,16.816048665659352
709.0,10358.966429865557,22263.714069651312,176.07058382405168,1475.1303735839242,150.7609685190875,26.617208423236026,7018.053196719411,18.828933228110607
709.0,11592.40821685583,24279.792791217493,166.8007761926802,606.9047059392676,152.87580062418797,17.960445980816207,3797.9266231179786,27.73288963074728
710.0,37122.53609067821,36481.020596021786,126.72842090736384,4164.087503070651,145.18012643223034,26.348119783618,6488.194629948121,4.299482827732866
711.0,37124.930344164335,36480.0915310236,124.08198279589449,2432.4422765590134,137.4766577181663,21.412149380115345,4993.561270906017,5.637898852773307
711.0,38061.15082560963,36811.742647103136,109.89127732357329,972.6841696233682,127.85831738434992,14.92484283947908,3522.4906737531837,7.818526321112439
719.0,5877.681966550889,12016.7416595263,240.5641689389179,1200.2774567461997,143.15406434946175,20.904497663316175,5555.835326975943,33.28815824677694
719.0,20555.087565414793,13290.382946152531,191.04200334807376,3524.432309554163,183.97133485780572,37.43938499544933,10179.066116273561,13.06673022055533
719.0,21275.23608955207,13740.634740929983,145.67489892388954,732.1063760240029,172.1880812564845,25.15725902271649,6831.837827805043,24.27949630625554
720.0,10541.267928990741,8424.53968412911,317.7809947465804,3071.000116428183,149.0397479798169,22.45409294372947,4840.502246117349,24.666565279446345
720.0,11434.668023651999,11413.735913186594,158.22570946309781,605.2126343311572,161.5377759487525,15.365155622246354,2765.043198108551,22.08687868713138
720.0,28032.244138749313,6044.18685552479,89.05609846481882,731.3377959762984,191.47211840349198,44.82507064013705,12782.526227762806,16.10845142969908
720.0,28660.251069103688,5634.919331642359,123.76511784747717,1760.9966067151709,176.4446402271127,31.567225029094402,9654.220938234865,9.671970696755297
720.0,29851.533369671146,7210.689013382011,266.4121762600039,1796.2353156755073,142.9692354608486,23.12534103116444,5696.331346179744,30.170582304593964
721.0,24115.40030037218,7483.240472715837,455.2390825835384,7982.879376472122,107.99776320513897,23.98693094700855,5124.657990714751,20.921142942856353
721.0,24200.83161607822,8378.235876316452,246.46983981204912,2196.4397194278886,159.75518312530787,26.486690782790152,6306.70985123015,24.284827946856602
721.0,27907.936595323223,6522.113001722527,182.38129230135195,2119.4621529692695,168.26919021578445,19.285713638266994,3511.5748194376188,11.111008519818567
722.0,23141.032785840474,7012.074970570712,266.3883141637554,3879.543543668792,174.01115269334483,32.351283177518035,8125.253618585015,19.627667503509503
722.0,23980.40510951484,7299.725631981787,113.97434787581483,2351.5118822043482,208.1205446300513,27.730612989878043,6535.616376875541,5.939140486079679
731.0,25311.280143328677,39946.96067478008,181.0252130519796,1719.2343956761736,147.04350491727726,29.331173195825617,8696.834763695413,18.710490368161327
739.0,36991.91553292465,14983.45932882747,124.0618939252817,1128.379374399954,129.30657537142608,21.5380159180862,6081.534876974846,10.721478308734309
740.0,28354.483800092814,13630.250247954467,115.89956873462226,596.2732875100061,148.11903122298745,16.684017608102383,3510.358605372424,13.74868591433201
741.0,16081.188372818462,37951.59397553968,132.4775401499667,1409.857104256511,139.54499185747076,19.103430310092307,4591.565365447881,9.089025637671734
742.0,6510.674318528145,14797.55245753096,149.15277448573593,628.2617980603213,148.21638932896823,15.059872757103621,2908.60307568131,18.89118469459524
742.0,7607.141996539639,15913.787118098822,160.83651954772765,1120.5989517670766,147.7203582108235,16.492845495281,3188.829726588407,13.861909876772218
742.0,29098.629209481227,18033.87428356778,129.22956986604078,2457.9706475332737,158.38636183692824,21.370995357172156,4520.082389941033,5.950268037933773
745.0,18003.30663406714,33935.26471339408,178.49969665980873,1209.3048908209773,147.7767560769163,22.17159417896941,5096.38803329443,19.84150827435337
746.0,7374.146135863344,35211.34389006608,179.84595222485424,1366.1529501124153,143.78737186024807,22.212922808623002,5946.8524993457095,17.99577871798114
748.0,12061.4621821463,28510.326471573506,133.0294215254633,1016.7613960611909,150.20936585168772,22.00342230296819,5922.132796805752,13.5162623126218
748.0,12892.824296468105,29242.852866572306,504.36816361791904,6612.1691046132055,121.07837645847341,31.619708741481794,8970.665071642723,39.35019678725799
749.0,8182.885794217304,19051.989618411415,111.31367215142167,628.0948369825443,153.759805994074,18.139157552476952,3989.120605185217,13.042534642861273
749.0,8704.794023093787,14174.381085143646,160.7337564722631,588.6819964149244,152.4100490067848,17.773061976988338,3885.494139643373,26.38536276562847
750.0,18523.253722258592,20074.484577361116,130.07774172987655,481.913993997485,149.60301904821696,15.46207769471923,3265.9508252542896,19.172466679224293
750.0,35871.85221938328,18155.35196834074,147.86631280642786,571.5779257830316,121.72445073294767,13.452427666110205,2741.1988293278905,18.532248324391603
751.0,35866.92259598482,18190.732442778364,125.76089390137913,2055.194316143511,129.9177460797104,19.82545307341479,4812.640176136641,6.2893890567978445
752.0,35847.40380976855,18171.633537762533,130.88001895520662,2171.0673231478,129.18758021491058,18.256696421636978,4531.462577533262,6.1136961022483645
753.0,35877.04918166266,18173.088895564244,145.6296406914533,854.2316558225232,127.55278506620921,17.666539910877894,4610.951107143162,15.600256069642777
754.0,584.5427098711472,15260.232069174444,145.0082440637042,1959.03092520187,161.25797391696182,19.836869911019935,3968.518626784193,8.22263732468388
755.0,1475.458153211229,12481.430805979857,176.54012300648975,1331.641785609783,135.54437526034215,17.81882550527722,3759.6765767511456,14.875957711111777
757.0,7776.212112227304,15719.634399499133,128.14791197064088,669.0823042823769,152.63879514774996,16.660746334070268,3415.5615806229343,14.780770092729105
757.0,12168.469135513427,5071.645808428623,187.82365522273486,931.9621927398725,164.97437113302297,21.26801954154002,5154.640803371025,26.8754692808552
757.0,15701.110184899846,21653.78025388873,176.40366675150574,770.5171749707581,153.17276566841525,17.951577079452225,3779.7259200490266,24.617941852629272
757.0,16001.665893256579,23292.167016327043,250.6876574060323,2703.8946671678073,148.69785694824355,31.43311841150312,7660.588380775643,24.038931840411315
757.0,18011.43308667957,22433.18090305321,210.34011118081852,1361.130396493001,163.3314773125311,21.10744382717833,4353.645479108279,23.119554699766613
757.0,19795.51751153978,4545.439506804107,238.6210851020519,1743.228722887604,163.069140117524,22.690480771007945,5158.465327830009,24.751155675771116
758.0,16088.65490168027,23493.701454086317,123.73154928596513,2462.397192490638,161.92489955680978,22.268085079902416,3997.8751459076525,5.687314578855867
758.0,16728.030855188616,13800.266183803826,246.6399016711694,3139.9993424819836,164.12925553539864,24.19726068198314,5112.142641551192,16.058553057829766
758.0,19869.1944939027,2249.1130393643152,155.4543640993582,702.2241059919902,157.54219941465203,18.905742067164866,4405.029689883374,22.195592102501617
758.0,22963.084424406006,17716.82582973812,129.4116130275501,868.8342176328727,170.27324677754635,23.346941993378305,5595.23284551797,15.566428747189768
759.0,16047.985603282525,23526.750150961987,157.4354592898565,1321.5655829523864,151.03007684867188,20.751066903287057,5089.1678764747185,13.772482940793724
759.0,17007.18571420778,26339.66126368493,222.55539848984043,3866.8476144887222,157.4131804126471,36.70984298103326,8480.551303530954,15.683554667643858
759.0,30204.619162679694,6699.711969783332,146.51775922112898,690.9865352242069,139.18673673066428,14.714694809188787,2566.8716497726887,16.52115126339264
760.0,16210.396837791377,27841.375164275327,134.64745637632095,547.0257189775012,147.9634231307083,18.843137504741357,4475.803477092082,21.397817027382573
760.0,18374.149354481127,26636.563407169848,100.75062192663864,351.4140788192833,155.73280219409412,13.883241511903009,2425.767788670107,14.954610749039455
765.0,7440.260113402926,10733.236305815495,151.10284740757652,828.4939361798288,153.88610453247648,17.185216369303536,3635.877751198895,16.752335812671475
765.0,18183.05737765989,5328.882692541879,178.5716063022192,689.5315122034668,155.91113775855035,14.436208742540689,2427.60562361721,23.208575429860737
768.0,5802.514790596531,7869.417212582799,479.97443089730825,8672.82841149375,113.10054964293025,22.982680333996537,4773.340382468256,20.58827200967813
768.0,6132.165046174658,7795.236151728479,282.85206500676514,2602.6972843107255,165.1732222192315,23.349114608160317,4795.850753305669,23.966932783629673
769.0,11648.159702341927,5405.488766619286,133.74960952482766,691.0347087154202,156.961519256578,20.61352248459434,5039.850944268052,18.38233967981031
773.0,5009.23322208872,3181.1037967676025,144.8885475990236,852.6763399833208,155.7673644830409,17.2388442117956,3627.401403861132,15.191547529811713
773.0,6309.624516350291,1682.7754222293606,223.641238319076,4146.39858557518,170.67361488327847,37.42354100874844,9517.585061692696,15.073646618353495
776.0,32103.765011400814,8494.178864350582,170.7130948413367,1011.2950406132868,140.10592990608296,16.370623144645712,3451.684615210858,16.76217063498299
777.0,19019.64161644283,39827.17130915265,154.4966956930205,1172.6499366914636,126.7808655376929,15.740459315371291,3211.968510804664,12.023236321096412
777.0,20791.814421285646,37925.09651980368,263.83404289181124,2104.997624497356,120.66764923428119,24.784693761463533,7307.880118200097,27.10933927018268
777.0,33398.303171152045,17732.128977071945,312.7597379202338,1967.6806507714196,114.8203464056054,15.80169325328941,3267.1367378206987,26.719975042678026
778.0,34531.827279357036,18675.63774169122,201.1444289311557,1360.8451314701774,126.31538278000905,16.711021968314355,3796.391167988798,17.50443162872497
779.0,35912.68630715998,13232.196205455226,191.52468954874527,864.2968521134046,128.85384704905215,15.41942861750719,3227.6247450693304,22.65105808679492
779.0,37187.19955821859,18482.44412712126,113.83759375809672,531.9914417321082,127.28428671529656,14.321471430158933,3074.800918239587,13.178403567613993
780.0,27562.554864206435,36892.03526250529,119.03842355842836,743.1235702248998,133.51418740903037,18.084634815821765,4667.906510504106,12.617127628966632
780.0,34961.89914551063,19835.019184353543,133.23949459599095,906.2490431526055,138.28749284426627,19.532655691126646,4671.055473998317,13.67665249358312
780.0,35081.428973599555,18788.432773927965,122.59301973976066,498.11877971296354,137.9935374027242,20.197068702912876,5615.598944785627,20.826346882517218
780.0,36117.314042842554,13848.349425817329,139.45087523581083,1042.1422508299208,130.0764739140277,19.55475333357312,4899.644645476216,13.103791694054815
781.0,25922.678649341968,34236.012845003745,179.46280374192443,1025.1479401169192,126.89656424174687,14.895819444600384,2928.0840680278015,16.810982265698854
781.0,31546.912288192703,9439.204518314176,209.1426047346325,1076.333308826287,132.95849611606613,18.3742081611049,4482.632552470379,25.2493051430911
781.0,34971.54257702203,19853.356900947758,121.8028768602326,3088.0364664542176,144.4565806041181,22.28771106293764,5294.853158932457,4.65717012859938
782.0,34979.456660668315,19847.705132485262,119.6686863489988,3241.0675031458413,141.98063499331562,24.07619982756187,6685.278997090586,4.553829717581401
783.0,34976.25721153367,19845.990781495853,118.66260071712246,3688.0953874883157,154.45596418607286,30.866632746067683,9305.939249398782,4.691831576218122
784.0,33924.67497524654,20690.8375145243,116.69516476386204,596.0286106563539,126.54188437900272,15.343135735249012,3476.398359016847,13.091823678144529
784.0,34993.96204385175,19856.9899003387,112.1540094072413,847.5077546428014,134.86897008612044,18.69122495246609,5165.752681961725,10.424726991941165
787.0,20615.216386092223,26421.88539214091,195.19895356403092,853.7323321053658,142.72196340256633,19.013770510038285,5043.888871082464,28.41870475081615
788.0,22116.655932180118,26057.559012299767,215.83403207534494,1302.1215199214244,136.56024835847722,19.05397097480953,4327.365819856448,23.132608182544075
789.0,21941.43348923969,25550.60812449158,150.88681826961462,682.3996881460491,151.977224110512,19.330611764314718,4485.790431452427,21.98414102311082
790.0,22934.64467578943,22659.51512721673,213.67959699230542,1154.8265434325308,147.78820098997016,19.15171019200735,4353.343746571821,25.51284670504176
796.0,4001.0675032370864,21804.615533599725,246.65802765921873,1275.9890521823397,139.36157998839874,17.09238867832338,3376.989264219536,27.5192305288047
798.0,15685.860175785228,19191.359621221924,132.93592289072456,710.5041299623622,161.60743186751037,23.23183094519151,6219.769020853576,19.61228360200129
798.0,17426.989051659835,19382.54288533493,134.29431444690445,824.5661359479449,171.13913420157022,25.68287084045868,6720.385960186945,18.97359949217409
798.0,20016.23691195459,18344.860350112303,162.05495039576243,793.7265927841526,164.86893379320043,16.505201700469367,3018.9257242959056,19.11301017373107
798.0,19995.23228436705,19479.622119145024,144.6053738251012,3649.6891572103514,183.79511630318157,30.06765292279887,6395.119134571011,6.445110210391138
798.0,31861.307163915248,15485.444129617112,142.10356576192203,1793.3292999819457,156.42479393569317,24.764568441324883,6343.795610993492,10.04988831893701
799.0,22471.711200415873,19898.544210990483,238.20501104836436,3356.1826221658944,160.69787105994743,39.46501397241681,11799.160024677554,21.840592782534237
799.0,23070.57496736355,18998.17353841827,166.28557403099592,1891.8140141610404,202.02380450502008,46.26135410721073,18015.501801131653,22.0194468980233
799.0,31860.259144915104,15498.53652038566,132.04310673028144,3668.5784892596216,176.36144122622562,24.521950458898655,5234.599331231951,4.856160328824957
800.0,18526.099203212576,15353.594658926599,156.1993867731678,910.3607214693649,154.6425557286309,22.920592761957664,6257.832715863425,20.761754773462535
800.0,18976.398988487603,17016.491210472006,258.7650484451405,1352.3481669973542,146.24691533067042,19.958733852900316,4183.77184794187,32.73294279554973
800.0,19655.64133176984,14295.867930084973,180.74361809548623,2799.0563440484807,168.77168360829833,23.64873177953648,5425.168964412629,9.991437865760345
800.0,20733.786859648517,16513.820696577513,271.0617961270882,1773.3396635346164,156.23504768083615,23.321121493226737,5570.436005723938,31.81567596316824
800.0,21467.791476084196,20012.381679011836,172.73654346146446,1005.5179722843648,144.24958542899574,17.23387743948233,3474.704755484316,17.92877106812177
800.0,27409.886087554773,36755.553160862466,158.81603693889772,1649.1359469681304,139.1161513813964,19.35664721443087,4279.24015561793,10.908565847711232
800.0,31865.278805191207,15492.22357487855,139.33890910951496,3994.7315359312715,168.52295539414703,24.018172216300343,4990.9725459946585,4.877986432199909
801.0,18366.036755456993,9367.69325036826,156.803516848125,1104.6643588975792,163.87872363144209,18.742214967071995,3532.901889200564,14.812973141449627
801.0,31864.488283331884,15488.933216398496,134.4129586802686,3721.398763927015,164.72354021613847,28.55448765271528,5956.51886815787,5.42040586047532
801.0,32921.86677223934,34662.821074798754,11.380609041702193,316.23368724197326,131.10821055030144,17.20673052672301,4397.052841345472,2.7441768584079202
802.0,31859.500810553593,15487.63628436086,139.08425662621406,3849.498223959788,166.430195929451,24.865925952124808,5592.6698605647625,5.110776028711187
803.0,31857.23367230986,15492.709083535081,138.98612503110948,4146.465937331451,170.736375544328,32.700151571938925,7249.156903330065,5.735584151324906
804.0,31862.991598593766,15484.44053773413,135.35096455280524,3724.0941562461385,167.15417965361044,24.313986759751455,4532.09904366053,4.962491878610552
804.0,36129.535750745854,39534.59792443231,110.15710029784167,557.1044688895929,116.30404294137762,15.793861746649549,4047.723672364929,12.845099086853923
805.0,31848.649224571138,15488.313282742838,143.80734083748152,3956.0879506932024,165.0235029894036,30.41684345556567,7093.335551020326,6.010145844136311
806.0,24557.7868051161,8783.995832211303,525.5051749983584,8036.101313121322,118.60669929481536,23.43968796735653,5466.8250306089385,26.72079581219568
806.0,31853.20365119638,15488.164474296202,132.86091526211433,3675.470473469046,173.10752192832882,33.757915469071605,9138.525891124727,6.025756413773012
807.0,31857.943489158803,15492.968807315028,139.0122477239536,3753.7604323980067,166.9092714584414,21.45581721871235,3791.9284498636493,4.794369578546301
808.0,31856.217921545198,15490.124388723108,140.8259015475713,3841.9989504826654,173.32219835403288,25.275861626633528,5305.465502579933,5.272091136285354
809.0,2982.529435788336,39569.37021043375,173.24165380939905,953.5530956555709,116.0525070722618,14.265628251063315,2843.8175801163134,16.296662729092695
809.0,31864.90424179611,15488.263735442579,133.97087820449437,4129.38954434722,171.30927340944746,28.174928961697443,6951.554186746018,4.910380627890634
810.0,31855.951186309077,15487.305475585199,141.69325270645018,3859.321517779316,164.10342330430842,24.1739526667591,4352.530341207166,5.164550373618557
811.0,31869.550047188844,15496.332768317963,145.35844509235378,1610.1759085976119,145.35961175279056,14.965948508249404,2423.328351406648,8.117529242577755
814.0,28867.557135497394,17520.98826313023,326.5454735583104,2553.534698221592,126.49207661773617,20.426253437363584,4485.233559914378,28.418920489741854
816.0,15672.416534626815,12422.226902356855,181.51566640617085,1174.717821956023,166.2355333738099,23.078741502629562,5291.144408413865,21.781433854205975
816.0,16741.625815898937,6527.421655356501,503.5005718132966,6338.366429026654,143.6133293256101,20.074415729999316,3733.4231490427933,26.855266801159456
816.0,17477.96780275259,8957.099780516173,143.5028986573472,936.5995934247895,181.34232242614596,23.775094436141263,5626.229216616988,17.82927340470669
822.0,3867.7982814029588,13235.162665305766,128.76480115141794,479.08304007033945,142.29849717636483,16.088581089826434,3386.150337167705,19.540358092718364
841.0,36192.511158168745,1794.7754554688127,151.07117080038105,1024.266059441963,136.35683327350733,14.322991134273865,2658.1239840444264,12.16038014798792
841.0,37359.51582031842,2780.7861441738596,193.5633531560075,888.229641077696,129.43621902736726,14.490689796228173,2954.1376047949652,21.404556937298615
845.0,39749.625588506795,26749.746609690483,129.715287130933,684.1467414354612,121.89217122638775,13.52623822901551,2746.675043620835,12.73916571365018
855.0,18102.71554460358,26256.94391874057,124.40594180575123,2556.985793186003,161.1084623408194,23.339110447585202,5556.720046190372,5.724382717667387
858.0,30946.888714294153,35489.28627399054,211.87136442760954,984.6299478045986,125.37741944469595,14.347883048101034,2904.608560713155,22.774711184440477
859.0,1874.6854542393096,9395.022956784816,237.60524616576822,1451.1654564532917,146.66163505983593,24.017866710129756,5939.300003293527,30.7771003798888
861.0,8076.277202128552,10621.076019256057,177.0659077234125,2425.457424123551,174.21201905913136,31.53418168875014,8129.43780797437,13.85289690969712
861.0,9524.263043071005,14625.794053673879,169.29779357505316,963.9214437581726,155.3515321615037,17.489370742250447,3474.268819558968,18.179886304502116
861.0,9714.195648848652,31549.423485968833,148.86282977703803,846.691028416064,141.49582265079155,17.861089589791305,4305.932323922564,16.49490666272453
861.0,10888.004297500613,10953.922081259489,164.66302408919046,1627.7808081889043,179.61073366504056,26.630244321578665,6561.906325138996,15.172904037177524
861.0,11537.309004098433,10058.559690504302,152.57159569454225,1130.7811710265357,182.87290041379475,26.531876383018652,6543.883580819134,18.428219931736358
861.0,30077.381959608316,9071.28343321835,226.29441836226104,1600.643316017083,137.6473956391592,29.239572482098314,8556.30380526967,30.581875377926668
862.0,9577.494315818192,13877.607498524741,157.01906471574063,1005.9360495059792,156.48664359362505,21.989299666781644,5536.961451498693,18.435656425071958
862.0,9909.31649423857,9624.198484559005,153.17409849622095,1283.207001322901,169.9440296194668,19.36920908556686,3682.9441234928927,12.763067640626442
862.0,11700.724489705146,33290.40266522973,233.52705381456008,2392.838329939096,153.31760022878575,21.507598537876955,4221.881652997943,16.89161498022336
862.0,23397.567025824592,36164.911955142365,164.8727400909526,641.50867765151,138.5268010942324,22.360045275665524,6572.568113315147,31.31255228101925
868.0,2877.7913311714674,33779.813003587005,215.9982562507567,929.287063525255,131.20606894284526,19.720191481536652,5212.3432176965325,32.819951610886115
869.0,942.8893300631667,34491.3352449764,146.52277428110327,567.9057129472452,126.324000977543,16.88321043687359,4298.914792834342,22.006541250442744
870.0,20695.249789059955,40144.60032676922,159.9452653185577,784.1965279164054,135.7157318701413,17.55360843915294,3832.655128646974,19.847644957485485
871.0,20398.226299105183,40086.74883786114,183.63389700226372,1019.0300886139004,119.41643351250045,19.660452895513508,5153.814830322776,22.11436703314463
872.0,16434.24867675126,37815.62212313169,152.27649452321594,732.0601733398616,137.92701000041635,19.46103457884648,5208.599793670049,21.07101483941406
873.0,5618.985234638927,7812.593995019739,125.66478790678097,1295.594069814208,162.15849591108648,18.12703204511366,3456.1256003659496,8.63331461724177
873.0,23072.45906015934,3269.265792495837,138.3577103283472,677.8580626822915,161.3930493814291,17.650908170814162,3686.9089843206534,17.509968990161106
874.0,5620.452041789496,7784.100678160271,135.86226498017948,2360.835778007924,177.42508444860172,27.404127149972027,5928.02435025726,7.884747009273386
874.0,16709.417212410543,10168.574105082356,175.97965261088723,1038.2960160245298,163.05504181187032,17.591190067116298,3454.7968417905536,18.312905831775506
874.0,20124.003121325215,2173.627811185678,176.2461539103052,2534.1993957253644,172.18609746758435,22.655085897112432,3987.7132713868764,10.099854611005942
875.0,23124.63183999358,5672.409488527265,175.5055937608551,1020.4658677858164,159.74484833928304,22.745824476448675,5975.838716601099,23.04448035701984
876.0,891.0043886600935,30749.288925378743,156.89870295816047,659.7199638147235,119.71757754888299,13.816698423717684,2782.7080719627334,18.49516226253568
876.0,31475.059779188603,12518.154939977378,192.75162033354414,1100.5035914061177,141.6818237231491,19.80390584924699,4777.753312886632,22.667526776905913
877.0,31603.137567058904,12362.08192417117,135.9920540291287,3656.438599457451,171.6975030157508,27.851794006928646,7192.873707758834,5.515454208990321
879.0,4715.18241003144,12469.665088167056,133.0961540272407,2382.41933736783,169.82799040486202,21.479399658675035,4633.7417189016505,6.411973930137615
880.0,3528.264281944214,13946.653737902805,141.09437614760833,635.4363419024414,144.12369324869644,16.38547936823524,3524.066119817421,18.109329692547764
880.0,4711.795076300197,12457.506762800427,151.77565854567024,5873.1063910262,176.69241049917187,35.486031559516036,9416.993817928667,5.240439858203471
880.0,8424.093426301983,8359.642673515129,323.9251837510594,2505.3213581453324,154.98259433631122,28.036485603983387,6987.887480264826,38.148551137819474
880.0,8671.592372576868,8302.585933784794,444.2831384292722,5060.575357144438,131.81178544902565,28.020331042171804,7529.334150084308,35.579781853358504
880.0,31984.326615139566,4007.204204241197,195.64227595854302,1874.2333906889467,148.03554365490248,13.24819341898661,1874.9645298047594,10.71167906060186
881.0,9328.633262136176,7949.361130553583,164.46899625817272,3480.3995488438663,198.68618473818125,39.285031641266656,10759.349974401342,10.432055487655349
881.0,10242.447700776032,9058.665005479457,164.81248230262764,901.3153351283328,162.87540703162807,21.458512658277453,5112.539025616659,21.871911880442017
881.0,10442.977189100084,7137.7893227850145,239.48541017577648,2394.8933923128175,180.3968036561751,35.67372793682494,10174.522028024536,27.82728762179479
881.0,15945.313771118173,38605.86100225446,105.5832079918653,401.90665295189746,139.64047068249516,17.870407037275502,4520.235481514488,17.463435069483232
882.0,5857.0273332730685,26503.42040930438,226.23660905268565,1006.8039759329721,130.5279259663892,17.100903855184008,4309.998473262063,29.242471836820016
882.0,21012.16932266721,39260.67653858739,155.3234964074408,1731.0001810830572,132.4636275716184,29.436812925937044,8209.676489634941,14.015155241766927
883.0,8542.890010795176,16951.27408494922,194.8598053380689,1884.9041228795209,150.6620614137803,24.385592554025052,5635.664143638909,16.77207349288883
883.0,33928.56653615109,28239.469001293546,136.1053296772243,952.0437863245118,135.05740241748833,17.013674792752507,4106.036536800925,12.250663853765674
886.0,9909.303697052943,18304.154380973472,138.1017059174215,1274.052555647459,150.45944941236758,16.758204483622073,3380.359555413074,9.70342558433053
886.0,10942.980640275158,19768.641476085217,153.58146141408594,720.6395803768851,151.82523917695633,19.65409096258337,4631.497313236797,21.90414015238428
886.0,37829.79552029263,37819.007986142,125.46773903040001,1768.0472827723684,117.82539533906998,14.84017673550499,3648.784483463117,6.029555885555328
887.0,9159.85902415946,17701.55807824415,128.0098534313434,611.0479573646526,165.96393617397305,21.588513074390452,5381.007938173132,19.75573081916311
887.0,9245.103718513961,16972.585355576928,133.03827217841862,659.4497210119956,158.1622122565189,18.53728383261756,4027.2223253237476,17.40562831706005
887.0,9910.234787791538,18279.551892082014,113.19365882144332,1571.7761537357558,183.32049618719378,35.18264090693757,9716.920264439983,9.97080126249853
887.0,12777.023991627633,19549.87176275546,140.85794334109437,772.723481998225,153.1074689174919,16.095956718080206,2948.9265447660578,14.962854678008611
887.0,24916.1185480952,35127.08060886485,236.03212316558736,2130.717755639989,137.61821950456127,23.00414956995583,5384.331217739483,20.320944563994335
887.0,26140.118760983914,34921.21736088413,196.79690625514044,1344.886705747858,131.99941521836612,21.41460408595852,5426.2989520510755,20.909967723567675
888.0,18857.467669010253,34077.59212851145,181.8499420704988,863.527916645079,134.1445859576117,17.894497856671634,3903.2417059367635,23.36426357860487
888.0,21815.24049767113,33569.76846825707,213.89376554494416,973.8818056956562,139.1239958658507,23.77323027987053,6682.025245257886,36.55218301905011
889.0,28127.05338539686,23598.69742960424,252.07654909372602,1727.3357766362599,130.45945392564832,17.786919902519546,3819.143103012526,22.369932774509163
889.0,30458.37204518244,24087.656710429375,114.56745332677113,603.9598205682834,140.2788905901262,20.248169867411203,5361.549576100557,15.474511974839128
891.0,34743.6399772978,2292.243557147412,125.09618141112998,525.5903396903232,136.18446461404943,15.984785448948273,3702.020474877769,16.992424161309998
912.0,24324.9310978721,19598.881244839504,171.887723824513,6620.995293030762,190.2844895478582,53.53595582510676,15801.82810050256,8.122830449295378
913.0,25180.75210810257,22115.266547233972,143.53569097872108,6715.963327971674,178.24914479850358,41.29233043457177,10812.05070568628,4.732947105706855
913.0,35473.407535379345,10281.686432562441,136.1926603375101,513.70272017405,133.19267867548376,16.713582787116305,3923.670170950165,20.9373313363454
914.0,13286.765641521744,30167.675916058444,136.69002367498797,974.2722455216164,140.2936430973387,17.18022454367383,3645.091648742897,12.183370115191718
914.0,24952.919788058152,22264.899042817025,127.9587350745731,1210.069292661886,152.36842661909796,16.96303830741177,3569.419534518375,9.009804041656617
914.0,25262.246532076715,23420.376155085996,146.72095154184234,1067.8014644157315,152.47287101629112,22.886977104185657,5418.551964754042,15.93547130573145
914.0,26025.59508790715,23463.23038423692,185.33209544210047,1854.416670917933,156.23352312769475,36.21355898644893,12266.050479323376,22.03308716870871
914.0,32347.39410839734,8146.840777952134,290.2056519443889,1672.5780331189703,133.16728538845396,15.886656512842837,3070.6979938777963,27.168330587212523
915.0,5150.31384107657,27780.38010514646,145.24233062958072,5584.327820529932,169.6988623078589,35.022715740195636,9671.632053299614,5.033243102510953
915.0,26364.325540777314,23401.91813378543,139.81420573855345,1809.7766155925797,155.1452082795382,26.52764816724824,7452.584356673338,10.217000868670869
916.0,5156.488706068336,27782.344112897346,164.01695869004416,7710.417862477058,168.12758026467307,46.23425808721159,12471.09773823889,5.754979745549847
917.0,5160.460075676689,27776.728614952735,155.23994089095066,6903.507984107429,179.13143374152912,42.858973213370405,10988.811528275475,5.4351378445149745
918.0,5932.25813864634,28419.462170822204,242.79001700934734,1549.8646770199618,137.64995028544135,18.44146615906311,4305.129052505982,23.80121768624358
918.0,24390.36387349727,4951.799943210861,132.38524262812578,4242.785346462037,192.30298907453036,30.916559519233477,7072.989256816803,4.997179906695716
924.0,9857.406111539949,23351.308501275267,144.40005356500075,704.2318151464441,156.35756650675603,16.03551796038241,2973.801875106404,16.92078555070832
924.0,11064.852843699806,23096.03469913097,152.40372244298615,703.0269256767169,177.12422453793786,28.925980581601106,8846.765555310561,31.25731648332942
924.0,11044.748249429775,24445.16957293707,155.32291916063895,687.9412597012246,147.91273307776925,15.00918050126014,2823.9565907740352,18.67142378436514
924.0,12366.301872818907,17922.81158619815,132.76112703136857,2033.0684693342332,171.9904397738206,25.571108184139707,6225.545633684234,8.19950041362015
925.0,12399.632059441967,17939.146929089817,179.47938936267545,3564.09427379501,184.63103692216893,38.25177282900241,9762.3702848839,11.725726669178147
925.0,17810.443100259796,12688.58356305344,144.46074870652453,2551.288445544825,191.11527289863287,27.910240183662285,5473.531647385264,8.306622364406419
925.0,18486.156404485733,13543.11421640016,171.43527692126622,981.5211316827094,185.07030758979758,23.551407848142546,5384.908648276446,23.588892472994004
926.0,17803.966779275463,12685.805943188323,128.55744789228623,1293.432688879251,170.55272430454073,19.40412546577303,4113.470953536699,9.396663816983061
926.0,19239.263600813054,11431.207748646606,149.25222052859752,1106.9206465387276,166.09701039453518,24.065115054216196,6501.678312231238,16.59282209653743
927.0,8209.408820511811,9957.42845512865,328.11075999768,2308.841651545202,148.5476190568226,23.067293013644612,5531.054252344426,35.27407226324579
927.0,8597.50913289241,8238.704145802916,480.67102166477093,7469.253226495121,121.4101411464666,20.798665097636917,3794.9939111710205,21.763099637943153
927.0,8789.566141476136,8479.22162042691,347.22054321949855,2880.1360367982347,156.31949769088058,22.66217314911016,4859.504888293704,31.290303193443876
927.0,9340.911445700272,7386.0970252951165,174.5638341977769,1163.5891700045286,173.28110622851727,27.003358009752176,7154.947167959849,23.480853365024394
928.0,8583.586093019338,7988.8096551497065,125.86716911015988,626.196089855261,157.3085847879606,14.660774728009542,2520.3475304231533,13.810610550229315
928.0,14726.040133829865,6421.438163993174,129.37058614196437,413.4423281674452,178.18247476502654,16.391182705149063,2912.3316750512477,22.885814819019682
929.0,1995.628302943287,29054.451520744624,155.80641994092056,544.946153287921,136.5829503623064,19.429405244665798,4900.279890249244,28.942869212221353
930.0,4695.331957251025,36182.68318399548,157.4037471845453,1194.434504156713,129.4544976374727,20.530282592459113,5864.825686712197,14.95122742912623
931.0,12273.15242085319,33040.16724432897,131.50358328504745,2963.260578004587,190.31027836702066,32.7540300675849,8887.141779088897,6.978970395269173
932.0,28680.222834333566,17831.906834373433,134.47104223276722,841.1845528887513,162.781223126797,20.46826365002891,4291.467668517805,15.425861267772525
934.0,24408.027454243223,34379.386555684665,116.31172042291095,502.4634108165268,135.30217221425244,16.782680170101123,3992.406396693645,16.156151222089
936.0,29438.757261126677,34423.904438062804,179.14149766997068,773.928659107256,125.82906805550562,17.596719926160386,4466.839732606897,24.798023359569047
938.0,21354.355347686407,26258.626590664007,203.6658407103128,878.2929410709279,143.57774497662166,13.75194313709576,2481.9012935348887,22.71993682576763
944.0,27104.63066327983,18094.035656805594,128.8548463068152,595.10570266285,134.1227024343693,16.050689367329802,3523.460227875525,16.084309862593567
947.0,33542.43029011931,23335.506285720046,118.03843755328661,1281.6970880115866,141.14431045302175,17.667670922915985,3895.77322886238,7.749625603623722
948.0,33181.60471942344,25812.421411494397,185.0611873286032,943.141397019172,129.76701989633975,17.15544168511881,3753.860939484017,21.462849280876494
949.0,25402.302816419913,29893.146570180397,377.06025230887116,3424.8533324406003,115.30238164716032,20.80269115756489,5391.913394273695,28.723250503706552
952.0,28862.494065839845,27107.72256473476,144.96954113888714,612.04865917896,136.17641813272914,16.359467855588953,3928.0427723634198,19.64230823864314
962.0,25013.215845116993,5713.873849322183,127.56626486867334,1508.4908031595207,167.37183520674913,20.911166037440005,4964.134993083473,8.57679852365529
963.0,25016.28272807675,5732.99904286227,115.58124644898027,842.9062142878605,156.75829126312868,16.41900476941183,3339.7369328259424,10.07545411239425
963.0,28019.19898408194,37964.93520722711,153.24437241523646,968.8826295662627,132.51510360789925,16.117183391272004,3512.728518654801,14.225415897426434
969.0,5569.180066260574,24474.760703809974,212.06062092248135,995.9752633146222,130.100196604358,13.455595156918864,2293.4872622748508,21.432629470848564
972.0,6668.976078272155,13880.34142141294,155.51176812139863,1296.0287351504192,155.66391561239456,17.829099756589507,3674.0114553655253,12.205732148340234
977.0,568.452994704953,19735.772133672406,169.20404334295486,732.8804569941414,126.50496146074728,14.84446412076791,3466.5332808152093,20.379308472447793
977.0,16734.939677802864,8223.374956959204,275.81501302070234,1766.513252346948,151.37309939192767,20.03221610771975,4360.14532538279,28.76052229418262
977.0,21970.124687504762,11046.623571337892,201.61412309731685,1114.2437078077417,156.05405905263206,17.58992259620313,3369.6145502140917,22.004633092557462
978.0,26246.94897263532,35108.24965927276,132.9088697609515,692.1943711512707,145.79677424489262,14.391190102175143,2670.03782087496,13.717660871415502
982.0,11547.215235683072,31451.6681462988,105.44017514888141,997.8390832010903,188.86651254250862,27.065790731681123,7123.213110096471,10.714444498226623
987.0,27481.18058189547,31991.152633033264,208.27420479268667,1481.4404767086885,150.0532927568785,19.99223749067001,4456.003057515669,20.016506375911106
988.0,32271.87218579568,30466.1211344265,160.2420967178562,700.802754137014,147.4853212330114,17.94417550210253,3920.484419464803,22.49507132684192
989.0,26341.012964263664,33975.472812247805,116.81675896125871,705.9925411593259,143.43832359825734,16.141106483865137,3206.7278871610615,11.76479302301118
990.0,22444.40315292257,26303.608832626334,221.40191787773168,1521.927382040032,141.50058181744657,17.083296995382184,3221.898149493054,19.151328906856683
990.0,22626.865950460324,22126.576944060747,121.41520753621664,1735.0882833814444,160.49530052862116,20.120739842521875,4712.760618803676,6.87452134098446
991.0,22485.99976888183,24204.668025012223,173.1684494099083,1127.2671241679209,151.23487108344085,20.207538197064395,4789.525028504261,18.502562094132465
999.0,6212.743805296325,34232.379756547474,139.22393188447492,1135.4054456671715,140.91803737201383,23.233249741505976,5869.393681994894,13.870565102961184
1000.0,6193.843308296756,34134.38502280864,153.7165987411572,4397.025131220213,150.05558037483743,32.89056400337932,8506.769948796747,6.502562792049953
