"frame","x [nm]","y [nm]","sigma [nm]","intensity [photon]","offset [photon]","bkgstd [photon]","chi2","uncertainty [nm]"
1.0,12182.72880942713,22902.67369466027,186.9833964101374,3196.248927750741,163.44582168645206,22.33460052920075,4238.838287094527,9.048454603363153
1.0,12799.463360021113,23769.913125972802,250.87863753915826,2973.2813350592887,172.31518455090497,45.75736144267346,15651.53452507392,31.237213605701218
1.0,12781.25474275741,23958.174399162614,316.36059956466886,5434.712739992299,132.8822887468907,43.78399532432852,14501.325296107363,26.144726635926826
1.0,27121.366623870603,2082.1873050557083,271.76247491251104,2806.0932796382804,156.59848228486734,32.78580115456015,9555.409259640604,28.1713857872998
1.0,27908.785446015587,603.7458618069841,183.79834915447208,2245.8911944994425,168.89860389500714,32.695235306718004,8491.52454777852,16.47602870106388
2.0,12068.344358951557,23123.740821484615,191.7951411516283,2033.4458331499652,155.74664067788942,19.946824962693487,3794.49469315141,12.909659930214211
2.0,16478.016213285307,26706.184604392987,222.65614821957607,1964.3108732630635,146.7487741131593,21.564250761521254,4689.743734130992,18.601433493594364
2.0,26040.18596010551,5531.401633741394,148.92451342820164,588.8439473221675,169.85245433356354,23.1249706102636,5503.656466352235,28.863161466746423
2.0,26675.870156866124,6767.754967341065,398.7802050212312,5475.076020376586,136.9345435879672,32.63344823540295,8626.53646839846,30.848468661086358
2.0,26696.710619478392,6769.853303654698,286.6294912289779,2326.545709873895,170.82346108552542,34.08422794601328,9364.283825717162,38.880557722029444
2.0,27082.71601924622,5731.182038989456,140.70629405140966,1121.3171169363327,197.13998511296728,23.875172197541456,5361.660498462728,14.623623135770577
2.0,28991.48127893434,21944.12680087228,100.6295379443147,481.9519816171606,132.73895791945657,18.761093170375936,5394.176553347571,14.172778183531126
3.0,15522.095948021883,27185.55969370137,181.18556758945422,1743.0660491631943,177.02673544790449,34.446685994845396,10397.373823704998,21.384359279270498
3.0,15698.333890827073,25700.092361621657,140.78634408770614,1131.9873478685274,145.9016006502381,17.2685064040563,3678.6290846826455,11.303546362937015
3.0,16137.692469029453,27022.56630681005,170.68420376831955,1298.876824582502,196.37877703870694,46.853114110142506,17096.2153967775,33.8285921154568
3.0,16171.231995128226,26864.384978306512,266.8709937978838,2851.9343382701013,157.37739344079233,37.27856033414966,12419.76502330496,30.2035322183458
3.0,18545.541515749916,4162.531963787916,195.38011357955912,11277.048521027531,213.1941541745015,68.18316510687049,18342.945882860568,7.740464079823792
3.0,20667.360810975428,4560.174028908704,149.83161258507062,994.7552864422686,164.77539894759855,22.691630929073742,5269.861315884693,17.548902940994004
3.0,28985.377909457304,21948.522027681585,126.5045532491989,547.5891987067478,133.01042123388584,13.53045261009687,2604.2771486120987,14.756209308641242
4.0,4705.901184970731,21907.818903469215,175.69580193698755,1668.8194714104113,152.37892443546173,33.84886453613632,9794.058460537703,20.68778828383088
4.0,15981.123619607577,27566.26587724791,144.14942691780544,1103.4223124472985,160.69753154930524,26.677745066826112,6815.840475139625,17.043437678538435
4.0,18211.05345944942,29420.046379697233,435.09166140077997,7903.20001817566,92.96983245325136,41.56254237554717,13164.621747649102,32.14761051924425
4.0,18209.45160259802,29196.76222420782,313.84776001623567,3114.909673699656,134.86537387000936,38.99415606241145,12574.493211829744,39.692523821626224
4.0,18773.459523934496,29806.26476545197,358.28140933787415,3816.8741885139407,110.11835784698269,22.220300435834243,5909.066542181714,24.95967196413429
4.0,29008.5376781664,21922.05935584192,114.84557896130491,534.7760391660868,129.4794001673185,20.117515619854185,5912.857858984531,17.262913413488032
5.0,4780.028374684604,21918.164741352117,293.50210573892474,2720.8276128030407,140.3600177005355,27.641013978240156,6895.658084940176,28.7309403200394
5.0,13144.501627351088,38799.08460538781,124.62767359498595,3068.306971864536,159.59758500353598,34.5562652081054,11604.195195917704,6.421123516523421
5.0,15959.529647078896,31136.747738966984,128.8288313617315,2029.8310720052168,180.66665737401718,37.28547717166392,12164.479638493289,10.477965917663912
5.0,29028.99971770774,21933.619597655175,170.72151725943027,717.6701641903636,128.8103809934809,14.473658024253442,3000.0377060385704,20.67951204996982
6.0,29005.27742172947,21953.10495706312,134.5617862902849,591.0259250968118,128.6867904449407,13.66465476993067,2894.5320041312298,15.461720913392096
9.0,28987.371070942154,21913.550080080036,143.30266045642577,658.8833804067632,126.55381068707999,18.05564445606197,4904.811492773381,19.502790290291873
10.0,8627.54174113493,25699.777204448288,203.63601510147936,1108.4638717231137,137.59914712110233,18.81701625859419,4654.089912681307,23.86110535420029
10.0,28996.687951052212,21941.68621292908,85.35618118498823,364.541657533271,135.07571306548655,13.697874479438891,2897.218993993672,10.966219586079326
11.0,7858.503215187628,24675.893945408818,131.44092800184976,758.1183577777842,153.9428914201147,22.956231032825638,6682.325423604361,17.900724465182417
11.0,8601.754711808626,24933.64887213792,201.3744996209167,1502.8389186905474,141.27833378345917,21.917842698293068,5206.052804279417,20.077158564620326
11.0,14283.105971348707,38508.38472769476,152.38151432771411,596.4983930168746,137.4079542128421,25.621327018877658,7356.057955564532,32.71548126832911
11.0,29006.96572577105,21948.550061111728,122.56617671635225,571.2834386564192,126.12798726633932,13.83680782495696,2840.3944751187114,13.707374503177443
12.0,7077.394701990226,26498.822108810888,132.97552915453016,714.147570936306,137.24163747500984,13.891993101705644,2585.0321771998792,13.041924786709092
12.0,9282.705173466025,26283.075626272137,179.54662596990917,1869.2347086965308,165.30904566462902,23.601052145050875,5307.9949585582835,14.153365415536541
12.0,9249.659657193768,27312.318969614014,138.72133805443454,1551.8480905031122,157.18412583860504,23.09504565681388,6548.813850181213,10.377671642487254
12.0,28990.88986377529,21885.416915872487,146.84626401959687,699.7173675637368,128.3594142221085,12.821489967769729,2186.081836269443,14.827675616865768
13.0,4651.667236428466,32081.006873172682,165.03528532363717,1223.790937766077,135.20279486123496,18.160002460356086,4444.760574280793,14.44394326846911
13.0,7171.37648714848,29840.663296745028,153.94065248098676,778.6249638746408,149.23902277405568,22.748758556629102,6648.279468009218,23.240837174111736
13.0,28960.209151487437,21942.522945513818,114.79989612208142,564.0501988345046,128.62919965621623,15.31534299217395,3339.3471480927283,13.332865841033703
14.0,3320.8240960726584,19625.199189023126,305.6183035319211,2260.5888152759253,139.25387728987184,23.18555505528936,5732.371062620164,31.55794230001675
14.0,4387.756689718667,19379.85393371827,173.03387148915996,2408.2773165646963,178.79644361469494,41.763268372976206,12920.197452493316,17.13903741871946
14.0,28966.322676513966,21907.322690732548,144.12452477872108,608.9287707760291,126.97052107950978,17.20423696583955,4445.139102247391,20.349080586905096
15.0,6027.378436440627,21547.758324376875,323.1368553185653,4814.654491290492,146.8391733078449,31.48249784453013,8759.732496872963,22.522411194109974
15.0,6642.774936801404,21596.987366059762,294.0057868964611,2769.170880902307,144.203797128681,27.592926500607074,7399.644920730243,28.29657025498544
15.0,7407.803420947731,13473.446034785373,153.56563852870445,1225.9727506518789,146.68059257800945,17.793950413839532,3803.320992152518,12.51628199661195
15.0,8388.961187256758,13475.587850645848,127.71963461635073,1548.1001150848294,150.138091622268,19.00988921492713,4455.100429239997,7.894452399010783
15.0,31966.98158063082,25090.84672496506,154.82605170265614,1599.4076083623963,143.28851103727723,24.874666668784478,6810.315343811865,13.017816023416854
16.0,5530.995550572874,23379.270139698903,195.9231220929372,1438.8331266988373,148.71795563432482,22.76702760079811,5363.278237417115,20.53240505057042
16.0,6291.909451807515,22896.472968392027,184.0046151813523,792.856765433481,150.0748007722223,23.26387390392934,6255.904395945175,32.698826486052106
16.0,28981.103379518103,21896.986145063096,128.45897795234046,531.7306025860483,134.0690996849066,15.755643810596302,3574.13724476997,17.427274415720493
17.0,29021.76816194871,21923.616361694254,136.59333938976192,627.2922521547932,128.10184328013327,17.703071593830174,4285.258870210979,18.39759942257272
18.0,29010.798830876083,21929.149163073,151.00875882922267,655.5791780359517,130.96041012943982,17.682969604846903,4443.920468516723,21.187047234061378
19.0,28997.08982548213,21933.023331713306,114.49375412236482,513.2736858679987,130.65484940499672,14.224303493869119,2981.5363771485218,13.652277985013292
20.0,7471.049280832269,15993.393018181026,211.1923543008715,1276.8695279935246,157.03671322750364,20.123809243805347,4676.028474904831,23.72219826282964
20.0,29004.362308326563,21936.80667995529,120.5631146297296,540.2804756066931,127.48721885000532,14.949203526278238,3441.2422851411247,14.782151780941902
21.0,28965.789826000855,21937.86795838059,79.93589323675529,363.7749315148128,132.62159178823427,11.669027987551871,2076.6400932543165,9.093238659675379
22.0,29007.120226908606,21902.378624447916,124.2532287060891,522.7972873759712,129.68515420417063,17.836466388292667,4293.4792609268325,18.409597878074106
23.0,9633.8690035762,8416.687435906795,202.47638866997218,1820.538538348338,166.59574024736358,20.801470572897227,4308.5771661020835,16.25832918970138
23.0,29016.85023713513,21938.79746705426,129.90279516844933,554.5202926881807,131.96595088433136,16.95003504182378,3915.393241526967,18.142817779065876
24.0,16609.33791273901,11850.624581819486,203.83881992760905,1956.3410644713606,166.12823102147738,25.04760527982761,5733.216393167451,18.024917296811157
24.0,29005.05987580768,21938.309607419742,106.13218677377766,502.0941716854479,129.4319241283993,17.803356631294715,4530.508615274769,14.410105152774959
25.0,29014.27233920467,21913.805589336498,143.9960396716949,599.5231775438244,130.62665258839,15.957228236999727,3807.198268107699,19.377348854985605
26.0,12464.751869002026,9339.821031198004,190.68330168141426,780.0292188826786,154.46875448747585,19.848416165729024,4255.970196801377,30.77209669997088
26.0,29029.900055370945,21904.289475765443,175.23586910854246,828.3005221373652,123.39410446690778,14.02968637622499,2849.698787319586,18.591152206401553
27.0,25901.15590592569,19657.096663862172,512.1918552126479,9855.75825331641,77.89879642436496,19.943595805577683,4094.360887428041,18.26493377785111
27.0,28984.576157032756,21927.640429511794,116.51945664466182,498.11149732413486,135.778272645011,13.99834015470789,2782.412497849774,14.264154692586965
28.0,28969.142649627556,21916.025913767975,131.14747570862787,663.3897729784998,129.79254591768319,11.799220182589167,2012.8208157119286,12.168250566132757
29.0,29008.095835576318,21945.205960926607,154.91973857821145,750.8141532061331,127.01174020809209,14.325614944372283,2867.0639692578798,16.58922634794842
30.0,25440.895710823683,22734.90424483939,179.95760196527095,1812.974185943078,146.41093150850185,25.500260595511868,6607.442714081614,15.593454852344804
30.0,29012.470930746487,21956.548973042853,113.02267682772138,485.8886172026712,132.04459799464627,16.83324160373642,4093.991700624645,15.862476694869045
31.0,28987.322879622374,21915.986708741257,105.43070939727818,468.0667637506957,135.24152804822768,11.563693007288173,1828.4626843969552,11.267990346622112
32.0,29006.833875793047,21898.692783113715,127.02147010625082,663.7377267153242,129.5336944657976,16.730104246126988,4189.600969699599,14.704164784377726
33.0,29005.587170686347,21936.042285535143,108.2257506570106,474.7309476689143,129.87093653810035,16.67325021466538,4298.024706016084,14.900225640788296
34.0,29005.816256629583,21927.254445565577,121.54060824354164,587.6735133786433,128.6982956028289,15.915938969287756,3612.918316925213,14.593754215859862
36.0,29004.70156106324,21936.749282812834,123.9476787305549,528.9486690879326,130.324726479174,14.043450662982252,2784.985742974066,15.081970632757379
37.0,29002.218519931397,21953.769946675267,90.69591231303038,378.06440692352794,134.06560611334473,16.482418537385403,4068.8001137471488,13.301853301379033
38.0,29008.171514313268,21921.327985891076,110.5614056626657,479.6961376404208,130.01276916657238,14.460368645541294,3197.2869187753095,13.79644490130912
40.0,1150.5130516679749,31174.058761437776,142.44480102460486,901.9054955843114,132.09970329430186,19.038166874176564,5082.488431072673,15.155973537545051
40.0,29000.444100171622,21910.832357064348,99.90664366177566,465.491051426491,129.24533795720967,18.300440396000656,5395.371230498075,14.159549401143474
41.0,2065.681786559369,31534.573384746775,136.8612939743534,1971.2995436276658,135.73114898174083,22.149503689541003,5946.825318285312,8.006666988613164
41.0,16920.89614393576,1686.5107948751295,222.98592969414412,1786.8382134643264,156.66246169457773,22.847711428254303,5098.620491682556,21.41703541853273
41.0,28982.643540326742,21912.933425376526,94.40901173230134,479.4311372242737,132.65138751098274,16.152062468968214,3782.2734176028794,11.454968886454298
42.0,15003.21422670185,5830.749203482024,106.10565440371457,419.65361710690723,152.37504949033269,15.386314231059272,2937.66414056839,15.101841946237178
42.0,29012.514271187385,21947.794873662646,108.42741144766065,502.07734436862916,129.45373774710265,13.82710150459416,2625.11980419223,12.45956582471979
43.0,14105.28859585093,22055.23125602849,161.2274371070974,1154.4689185179702,140.90518680335532,18.217077967816465,3933.9967703867787,14.632778105226508
43.0,29063.067411859953,21907.214376471187,116.70031031945138,488.8677647494022,132.00118977605513,14.0299167947984,2861.9115351765345,14.556509298666382
44.0,11284.330246987018,31073.485503249623,200.71074212490504,845.894563330859,130.29345489323018,13.667589356605424,2685.7495492234734,22.780029158489757
44.0,29020.9102732074,21919.180200288334,142.9227700285049,738.0017301293866,128.83814923833674,14.365218272904933,2897.773028471089,14.67579339929284
45.0,11526.096423116609,30991.117918882854,136.12751896137522,4817.520863681586,169.12775981761683,30.879137729880814,7938.705116226536,4.706980340045646
45.0,20527.241666029964,40202.87019830495,112.54030635010659,901.3769441877135,129.939430409911,17.99204795908249,4437.192892795071,9.694140465434447
45.0,22188.292532723644,1483.9937350673704,120.16029891639994,693.4483290733509,147.88897578832922,17.11561198800672,3749.2999548598514,13.074211554151729
45.0,28992.555134789043,21949.054015762762,145.81481285909433,660.438352722952,130.58283539721884,17.04406495209708,3933.2534120669957,19.154532960561948
46.0,12167.143340166003,35758.11453156075,171.71072543293442,1101.1841407575962,145.03913280427162,16.308953788956863,3326.5336321294444,15.6535287842536
46.0,20537.974918745982,40223.66988689448,133.95165563155592,3698.5867402866793,131.5530919518138,26.559776037875487,6850.304161929413,5.174673429797349
46.0,29041.832607348933,21919.235570176745,130.36743798757732,680.1199843614735,125.72159718343387,15.28968974673244,3418.0046068816127,14.078463036815492
47.0,11169.670339554586,32742.44429581298,249.36444543530186,1455.8784767143254,142.70270058932573,23.17670961782663,6477.01610452021,32.57368624285937
47.0,20547.440372469322,40220.106713048306,118.61577192022845,1274.9797750967246,126.21478184322929,16.312476633158383,3422.9488017647272,7.479113611009957
47.0,22933.547901458092,35898.93071309978,121.0357471258421,1041.408616153687,129.49515375181392,13.60567289526817,2795.1446380207453,8.159274576233686
47.0,29014.01421650587,21874.209073448877,166.67410700787988,730.9598039962682,130.38688843267013,15.420565160056064,3479.601034116771,20.50234545131725
48.0,20161.640711267173,34236.92047848974,166.21317784268348,644.4311967830362,125.76297325707016,15.684674885668718,3232.166377304889,23.205260980050877
48.0,22150.742401394178,27453.394534197876,101.82168139683033,607.8471552056269,139.37416342183135,17.396363802534406,4047.6222267942244,11.18499776296676
48.0,29024.404389063624,21896.135591997372,120.52686694548402,450.37406662165546,129.30009405462405,14.68801990743291,3262.732064185259,17.097334694366197
49.0,28985.642680866036,21908.232729129744,132.6598302726026,617.9368114583177,126.52344938073628,15.62302280283672,3565.8894556077726,16.036765043106517
50.0,29032.430885699978,21925.016272011624,124.37414115417165,594.1704640439378,131.87363463774176,12.25053964951769,2159.8875626624413,12.51953286215211
51.0,15397.402559890921,14974.751998296384,148.88296198613742,2498.468090798083,170.18307655012617,25.979154497631445,6337.039319994535,8.449759773795675
51.0,29017.557284277787,21920.309605372993,78.33857028405242,355.5337152278676,134.58595758209339,12.885514255245685,2381.3695949213466,9.467213853316956
52.0,15387.54712866516,14961.124935913253,125.2739344760198,2986.7545818408125,165.03947450683737,19.46439960841851,3885.582682358646,4.648940947702688
52.0,28994.279379996828,21894.658409384207,114.5325410190132,605.5767297718262,128.51847435242,13.749076776323069,2812.0400447714906,11.618170545717053
53.0,15382.34414651328,14961.10154093916,125.79738169401324,3044.694794961742,169.13752763638126,20.458677262193934,3981.533758504757,4.725242947832433
53.0,28991.541137891363,21908.280860156363,123.39124785996827,519.5731481098461,132.84599913181208,16.22971349104033,3603.6647661305915,16.95646381427461
54.0,15390.438736759997,14952.702875449491,137.01409767269908,1429.952936244492,149.89251141614955,14.726023928878222,2618.59071927699,8.05520707578634
54.0,29016.21526565858,21914.354500559,117.03879965903067,472.6528372639545,128.93410589527537,17.447372451091876,4983.380805781414,17.793239265314607
55.0,28980.59589768733,21907.370857574755,110.81944399246323,472.12660633410303,129.4662595114828,13.825645718050154,2926.8323593739165,13.60379534636097
56.0,29033.135844769924,21911.27544556115,131.32410903337058,579.3352107838966,133.64000880416546,15.20783041248734,3055.0190737731623,16.337809512516618
57.0,29001.666412204802,21923.070328654874,112.9043616292403,488.20831649197794,129.96101473530624,15.104928600846364,3492.7063579672804,14.531831921024715
58.0,28998.25302197868,21911.25019504697,120.70424826521717,514.2174121135022,131.6537494966896,15.261382047121227,3319.485986678913,15.704859688598253
59.0,13970.180274116938,28753.720766961902,146.1052096788382,536.6222254751285,150.7152038930258,14.94979513657389,2742.1444371463444,20.858563772110042
59.0,28970.515308875092,21901.77260099159,104.20593628320421,574.7603026453072,127.29307222671653,16.598947883192537,4016.777881741141,11.799178842266496
60.0,29010.486630572235,21945.140561847682,125.83567115238162,649.2601879819875,126.87737911990877,16.13435124727436,3689.8797469787964,14.351072573278818
61.0,29019.625562887002,21939.078033194815,121.46217828520271,573.0347648079126,129.83622848208225,15.957746029650338,3714.3776801228782,14.932082915890774
62.0,28994.123826118648,21924.419830944847,118.57773238560891,494.3852811519378,128.86493711136788,15.518803814377657,3514.554492104921,15.962595324954599
63.0,21027.21643235613,1601.823887901029,202.9782709521306,1879.7982506077692,154.64767754631916,27.170102467885858,7067.630996500194,19.937194908592254
63.0,29015.36216597641,21898.191014209253,116.78362745001786,609.9231184651588,126.47000003823815,17.0406975115397,4074.1840236218354,13.875144405122054
64.0,12612.381054661204,28236.9798446285,202.93036701785536,13087.746774715164,182.7434855733029,86.52499995815002,26405.0736660256,8.952115537175064
64.0,21379.210480213256,1521.0580800390621,121.55567246673506,496.508185482391,146.4918230162852,14.647275253231623,2801.2725372999193,15.895006479707563
64.0,28992.765771912866,21923.19836680271,78.27748629646818,400.1650184529886,133.239670388937,15.41711998949023,3460.9346753032137,9.554599537194145
65.0,12615.471199378542,28253.3797199707,140.3696155024669,4856.651738957205,181.00050281116697,43.495089190379026,14155.146460217424,6.285208627595227
65.0,13332.593905799487,28726.265955472485,111.9700728479584,3099.2689051367893,198.3443687531864,73.96452425100487,27277.82880707882,9.887799402630483
65.0,21381.266894658595,1534.0139379429247,133.66079636596214,524.8162642192082,145.02881805558957,17.041003364098,3918.882118298922,20.165017469434503
65.0,29043.572649430207,21903.513096810188,121.13878900690564,645.1154541160765,126.6232205138117,17.13565074139322,4453.267373797216,14.13522824654858
66.0,21363.56700994652,1522.8417297915873,138.23562202436352,612.2517934522631,145.02727245223176,15.81225278001526,3360.2819106611128,17.549805570463693
66.0,29029.765519621873,21900.42343131578,143.9315730379363,714.6778058278161,127.65894581444134,15.64489573975005,3847.1276318610253,16.290340428826244
67.0,21325.794473477214,1556.4291514623305,102.40481852404402,468.3122629544149,151.10317953355926,13.480540232575363,2415.5404468799507,11.826744492281033
68.0,21369.98092896571,1551.2327853575964,148.11641720588221,692.1622713601981,144.2584800788333,19.47342407984789,4704.9787517115465,21.098878262785274
68.0,29007.16873704396,21923.322461146243,125.72388354626612,475.68335725424043,130.49430182118815,16.074372393799518,3883.0515659098505,18.828563708873762
69.0,21318.242627725125,1519.40585971067,133.2874235635787,541.067094626538,141.92687080297222,15.627018124289329,3250.9032254936706,18.201414249148986
69.0,21545.4229096351,12462.72455956931,121.85108707247565,624.9096154277005,145.71426082356876,16.123302172762198,3437.6552341518754,14.02799174335985
69.0,28997.94327021313,21933.924849225998,119.10327585204624,610.3027052224778,131.162474722719,12.05501428458833,2076.8222718118764,11.313322560464973
70.0,13129.351490140194,26703.320571882432,216.1165384975721,927.0685186937704,137.48281206490645,16.10236596116154,3357.2261818794427,27.51905442658551
70.0,21328.19000672914,1506.9765285092099,130.1056629488343,595.7948665692478,141.38425894507765,13.047698981760528,2288.1826006029883,14.034822025107356
70.0,25809.278635509218,16742.637100638476,116.07976595397668,2081.917318490081,150.19630283563205,15.944670224684186,3239.7343553799437,4.954122389919195
70.0,29007.44847236451,21869.620592758267,143.24863136815404,553.5499191787545,130.8909362808455,12.228372244203351,2152.2428395295183,16.79966376834746
71.0,21353.561068204097,1505.1214148195525,120.03364146672865,468.7722215349924,150.38813457195872,16.115482085098105,3495.7199428630015,17.603140579311045
71.0,28995.819785448253,21926.559098069185,107.15541915943149,435.14476221908484,134.18534617091782,15.965856900619261,3655.0039481249523,15.299183095653055
72.0,21357.331850148723,1549.4718377947495,113.88792225516534,596.9641482811296,140.52053591661513,14.32129114191814,2807.65343085373,11.968250735198412
72.0,28990.086866579033,21899.091258614433,118.66796295577353,579.2265598624808,129.78998850302622,14.039071792069523,3050.3730961349206,12.964354768791436
73.0,21374.046568213776,1511.6922423600176,139.24720581498173,643.3283778148749,148.56671445531697,13.781275792459073,2384.443187377528,15.332008811584785
74.0,21358.643577014052,1531.3639866202443,120.34080504706237,574.5781335480121,152.59084323287885,16.407259422135695,3324.822221173921,14.969440605625202
74.0,29015.38021025423,21925.874449564082,100.18897536608206,469.73195700088223,128.42601846694052,12.297491909921925,2302.200903185859,10.764587680425858
75.0,12897.920710247989,1029.1463606735747,133.3976413049478,2323.5280211002832,170.94705040533086,28.152957661459094,6196.08491513644,7.901877242849359
75.0,14325.862878560474,1473.8684752917873,194.22383596895833,2045.3310334878347,174.23704453524496,21.114183336556543,3901.531164783955,13.735855533890033
75.0,16989.288879260723,1930.8124515293189,156.68151666323354,1302.1448625422727,171.97260376693686,19.440342836794827,3631.386662264821,13.147694152956912
75.0,17996.127367605633,30374.505012009045,493.34033255721005,6493.714557261563,101.73250354693592,19.038359968379556,3880.509825088267,24.113570323864803
75.0,17947.81808109263,28329.875333000466,298.58744611276256,2165.403692341889,119.96582023284606,17.531404772439117,4191.262809368204,24.520744462039154
75.0,19591.899291625432,4897.441704626836,123.63548409335998,521.5007932516672,174.7902262545803,18.99787441249159,3987.779356164624,19.259351412666373
75.0,20397.10885270275,4733.902405470458,163.81802708685666,842.2326925032336,167.59491741853765,19.53212280510941,3997.7590570148054,21.243514017790947
75.0,21375.05699710989,1536.000025808387,115.20366108160057,441.2645052694979,152.45458936473077,17.465012764007096,3974.996330290188,18.418573496591936
75.0,29009.56020930313,21933.48760436925,102.71571328022354,518.0457504519063,130.3640953972511,17.03756462846831,4397.09303012644,12.825466911536289
76.0,10546.209328073042,15272.21869315011,240.20270148560417,2797.936101395977,143.24241628109368,27.185861713716793,7343.097705951849,18.82648615568875
76.0,15145.919583199477,5909.984030760034,155.33339832432046,856.9166769264627,170.09333859000068,22.189321722409325,4881.287391471218,21.138786599060147
76.0,15830.288306142118,6741.188873644458,202.64717858431914,944.4414677146726,169.25876937082825,16.164373569672946,2817.370083623181,24.089423232088414
76.0,21322.302979470278,1523.2317854269202,158.23801354859137,736.4479980321144,144.95107706228106,14.947494988487271,2797.4385018047765,18.100529919769496
76.0,28987.711661074656,21928.11778366936,125.77584710455895,554.383812414843,130.90388570012001,15.13064857332103,3392.2792788446523,15.690559776746529
76.0,39919.38012983861,21565.54781748165,129.11378672402148,953.8556498095157,120.85096097572529,15.664621154853625,3696.923617187053,10.567480064930072
77.0,10685.856039858607,15349.715781988398,249.47020460582613,2458.26074203942,147.1243837532481,28.472190271852103,7903.638971048382,23.833450328269407
77.0,13021.04278142825,13974.1299160486,407.9157576816778,5406.432388825946,147.05358674536652,34.095580337697115,8405.903873513927,34.00973364832964
77.0,13164.196001928462,14203.483528775565,274.6730434146835,2522.5417794810446,168.9780921200389,33.28450453395432,9664.562859424252,32.3393840764782
77.0,13935.43011315122,12870.681665944376,193.32895749891617,1983.5613858446509,177.3027596379148,28.6239452221889,6276.472620768763,18.109381776330967
77.0,14395.613271352222,11887.144557364783,164.04540222440093,891.7110108868515,168.88162496519865,35.46979196952136,11716.789693628954,34.66762423605644
77.0,21337.32857759289,1541.2873605768964,121.1365708966414,580.0099380584197,144.67534403325362,16.89927257330163,3879.8059694577937,15.36084173741315
77.0,39932.38707553099,21551.227326846954,123.74653914856277,4071.9201359252015,141.6974374560944,28.803487002786323,8202.373864601524,4.438844864391895
78.0,16045.376117431391,11125.038848934062,101.96108974923185,495.7678126896324,150.86482125117305,17.360695688192955,3653.4879552420766,13.339485967512845
78.0,21319.856527184635,1549.140266279781,131.916621740091,669.7349766347708,143.6520138998031,18.67058559927515,4118.218813585033,17.002321080611917
78.0,29063.3444782086,21931.75666792485,186.39641585767063,810.0540530675993,123.631542976194,15.428216624072572,3308.1876216341752,22.884326700944502
78.0,39933.11480037016,21555.96327435707,127.27364748346052,3928.608083233583,139.66408413899012,26.639167947301473,5789.012067977327,4.558148353992263
79.0,21356.96474120235,1561.6545266434243,121.38098661843647,620.7457227965143,142.0834105635336,16.066486928368928,3418.197586958161,13.97957615512676
79.0,28991.65893320032,21923.460338908502,152.21545251929953,738.7671179127866,127.77196042033691,15.988257869697659,3782.267494661684,17.76330531191662
80.0,6259.929925892676,17356.421979045932,147.49050829655454,1958.7169422048664,165.280307656116,25.760572655065996,6542.430351098932,10.230273641654085
80.0,7616.073008461298,16158.26083833546,167.96053492130423,1421.4637064813073,155.51615541743482,21.87622207638416,5092.993970262387,15.11837229271796
80.0,21361.557641472682,1580.879858728634,94.98895360454695,426.87450556430736,147.08746886691637,18.436282002279782,4794.315484764067,14.077547024831539
80.0,29002.967004110968,21899.93322274597,118.62601014035667,476.16977947846925,130.10960592050665,17.4577708797289,4561.10383470461,18.11484993079687
81.0,5758.052647183107,16744.346059947566,148.52675456924166,694.3331448111927,159.73166672691437,20.441925329196525,5233.759545568267,22.043671228770343
81.0,6950.493493675349,17768.867811550324,454.9911744003265,10973.403471844054,111.35255853145665,43.3323504115072,12554.784007565775,26.50049571383121
81.0,7099.474366165063,17553.775064237918,505.92778554784337,12841.418829225986,96.39854285030954,36.64918265654258,9177.023628617695,23.886187001377923
81.0,21358.388006549772,1583.392305441761,116.7038290914654,466.13092305860994,147.35976470362317,16.872486997660477,3627.9529683484184,17.452070200038694
81.0,28999.715283660553,21925.88103689211,153.0802993619698,705.5623965183248,130.2196781266382,16.088619611816537,3883.5097998405495,18.7952541694871
82.0,21346.612090754374,1521.1884891064776,111.82247898310764,575.630890711535,149.3932789292781,17.15176060928243,3696.360431086057,13.605484671298893
82.0,29017.721728200842,21986.065011469713,101.37114170579257,461.5788794540436,126.75657039672106,14.62582286013993,3400.6671706022,12.429514312245848
83.0,21355.247707265044,1541.607778328989,131.75128703875336,538.0800427495211,146.82952563157977,17.73549179432005,4002.1417289677647,19.846038122954283
83.0,29008.952765528767,21930.247179438888,136.51088127231773,652.3360042854044,124.37867929565554,15.042996628113903,3153.7274249218412,15.618893815039115
84.0,21331.95784310923,1539.5921047790737,120.92661195247871,608.5107537192616,144.1210887654124,13.799237651516387,2486.4768251079286,12.682521830714672
84.0,29044.389331137914,21900.696269483484,143.1563776969326,621.2925330818952,127.5159006719155,13.751126853027461,3059.3167288959826,16.54991373141868
85.0,8378.803840998176,37732.04809582627,168.8010698499353,826.443312811019,132.3115320475422,17.62284946582162,4282.456908438258,20.9406273346124
85.0,21337.73696110984,1534.4995351239597,110.55882904163505,476.0576614895904,149.33795834139147,13.816092752536843,2571.5987188434297,13.449210283943298
85.0,29019.01056550286,21918.56406290648,123.01209647561221,589.9119037478503,130.92142880615316,16.329192226232387,3853.842506837929,15.142392808989793
86.0,21337.66536396174,1548.8137863808277,133.0531604430029,597.2010998070353,148.7429367801648,15.583910372551212,3041.2370495639634,16.582282592956126
86.0,29026.82859731999,21886.852381292796,93.87362877548782,357.5812364764782,132.50396592629426,14.10133607099672,2771.1191617928644,13.237742202777069
87.0,21371.273019765165,1538.8493695083796,159.26181347093436,550.9694431607276,146.28102513370354,12.756271382122277,2054.2188733519233,20.945882366430023
87.0,29028.106016536254,21880.992237348106,136.68180769262796,606.3067176900975,129.49771382795618,13.99543798587038,2969.1575965503494,15.810578450287604
88.0,21357.153285779084,1590.2028285022752,207.8166422141995,1004.5836375765376,139.04660364858302,17.173110623921602,3824.0073955255302,25.098714392979076
89.0,11625.628391344175,15101.202366600663,246.25581639316607,1254.6544056541711,138.01624114336477,15.519422646998866,3077.514920932422,25.64586239421592
89.0,21374.6330163049,1534.91881003721,136.8088367496293,580.3236322847648,144.60359628422307,16.0683059514525,3154.0974093427817,18.30652188534024
89.0,29027.839964920724,21902.79441088544,105.50003105886115,476.4157129496908,130.61914775340693,12.764645338625082,2506.372131361166,11.813426439448621
90.0,21400.527190196866,1564.5270264127864,194.53384675374343,932.6140158808979,137.28414036136107,17.552595840755284,4267.366838387775,24.243212164156574
90.0,29020.2680805088,21944.078814355325,114.6911250125762,524.1292554190381,131.5099859880905,14.86076614803334,3267.1027713648314,13.874328330569544
91.0,21379.09800744063,1520.094105146118,124.92463942482505,571.9036722603984,148.92982987683695,13.942298146757217,2600.7313023807956,14.21829870401276
91.0,29020.839995828243,21931.676733559703,127.95355745382832,603.9387396365895,125.53624234785629,18.995328161010267,5131.365977150268,17.925310586762215
92.0,13105.306367271518,4710.7495424986855,124.79829142068725,2206.877777147771,166.315212394579,21.783000723975928,4511.868846222376,6.2099399291953405
92.0,21381.58271862878,1562.3113404355347,107.86573054351605,473.6498243172405,146.04667760084772,16.620752942973148,3574.646624850387,14.808570621685082
92.0,28990.597888725697,21914.673287949667,124.18142365806207,627.5453941353471,129.50068606793218,14.296975113769202,3214.976573384378,13.236747714124252
93.0,13099.280067442285,4720.145270147867,115.76368775018139,612.8337300140007,151.87880188779113,15.529515781259144,3186.786727508758,12.720878923774274
93.0,21349.83448381863,1509.3536605913985,102.81060952824133,467.4885145537907,143.86893847476404,15.093772136217904,3221.767746338649,12.865132897924655
93.0,28984.448477218797,21937.47800651189,112.06616214779214,483.5013882056179,131.26662934255614,16.443899040306217,3915.7873198370908,15.416664790247065
94.0,21334.096486447626,1541.3933811629397,132.21550883421966,568.7179817994476,140.89771342466022,17.45433088756588,4461.058283882614,18.74367362882393
94.0,29025.755899755564,21892.246602685693,128.18954567123947,610.9954955174189,129.10393156005105,17.87468539180931,4552.310467884135,16.94072673854449
95.0,21390.509780806115,1562.6889664251967,161.67674787752435,586.2751250057512,145.11874175552646,16.27908754885805,3599.06779870552,24.828956657801502
95.0,28988.616430812443,21935.456730138365,153.3224716187287,610.2682934180584,127.67641198957972,14.045780180938008,3122.935017626363,19.274604802674478
96.0,28983.658097967073,21945.408731443124,134.78674358591013,568.2966778630409,128.66364765453267,13.93585175432536,3033.5896075122673,16.277426498006196
97.0,21367.05901673428,1549.0859043834,108.69482441510407,474.6939204649019,147.60392427147315,16.8798610469579,4022.452227870916,15.155234258885967
97.0,29007.103928877685,21905.857732629334,100.14872199168457,502.631589260228,129.06902135404695,16.3127217101395,3947.1380294929695,12.224457545453527
98.0,21328.86603848134,1542.8200297796398,123.30501690118545,523.3489806707624,148.96706551141028,15.264751623160821,2950.662947107966,16.051077146683987
98.0,29041.882507679882,21858.227477014956,115.60454538746983,539.8423527446785,133.83316472110457,19.06223895461114,4998.380901568077,16.577255315245242
100.0,21350.269952959854,1532.5708042074432,102.9048456160322,508.0177845706258,147.93855440995688,14.267175463983879,2434.4639732543524,11.565467970498059
100.0,29000.868100733547,21924.166534392523,131.3806331724087,589.5062288075761,131.56204798072912,17.31378331155535,4509.063144779462,17.822084584159345
101.0,28994.794720403366,21941.692062581784,141.66397187133563,711.1848013815603,124.62658871463714,14.44400824899968,3052.9778211484336,14.98517305152431
102.0,21373.891192955554,1586.4569360724722,152.2292353629994,717.4627840790666,142.1935347694128,16.383977331861296,3902.4119068578675,18.599489804136436
102.0,29007.106979933033,21938.297398145074,110.99453726984339,520.2886637602845,132.4738202876325,14.40009156712151,3090.3423721240624,12.92244800362404
103.0,21361.23912849917,1538.5954374251037,114.59199692284967,474.97868974035663,152.61918832555378,14.338273805513136,2665.77389053368,14.694812897822953
103.0,29049.55964832985,21923.299204016508,132.19119976875032,512.0190387291696,131.80999539805495,13.152260070672632,2440.616395925097,16.512826476716352
104.0,21354.822524119187,1569.3290537109149,112.30384393675186,453.7222604274252,148.53841096702251,17.448674053302167,3791.2983477173043,17.149470236123324
104.0,29038.121796779764,21888.493614293762,136.07752131660942,677.3011733316758,126.52962469963184,15.222038827866854,3585.8448638374425,15.16462244609344
105.0,21336.197898834605,1509.7723859918483,119.72332519571412,480.81073785767927,149.64096263303782,16.097195702798274,3674.9369410052054,17.115488108804396
105.0,29014.429898407212,21891.113855028798,132.85183958132288,616.7904281036434,136.06105871481338,14.442032465113526,2870.117354489181,15.179933034658648
106.0,11934.32085612886,39479.77060450025,112.32330939948335,608.7111712914045,121.4260213843033,14.996266381893472,3572.3185169573126,11.872571417074237
106.0,29016.539158382227,21909.52176671465,113.98794674609063,549.8408331784336,127.66456935994313,15.594370131996204,3786.0443757666844,13.641712116531176
106.0,29620.113436567608,3919.0228161003206,121.14588851462402,765.838713677795,142.64632009542478,12.302633879491124,2080.766872403603,9.815152688323444
107.0,21323.511775014733,1542.9642012079223,143.62809606907697,593.9086301969743,149.2311904528983,14.882808543689652,2649.7475679337253,18.40327675403858
107.0,28742.030373375845,7429.807756628006,118.23851251348637,3250.14355184043,170.36089221886616,31.734466775998808,9060.12168327345,5.270226011461544
107.0,29044.989066653256,21948.98431371104,135.4946086730018,598.332314732927,130.40957691887812,14.33737254560305,3336.4640294182673,16.039948828608573
107.0,29454.251167361654,8952.155974146077,151.2092423676439,748.1945239734806,134.92340680864547,19.445263384643873,5554.52815333199,20.370934722106718
107.0,30821.266400431694,4474.196982321237,158.0176542130405,1592.0053671372505,152.7296827236012,27.815816359080795,7855.834645358392,14.896647858675331
108.0,11694.064892378185,31000.96092314627,113.15103018169465,794.5106983965309,136.999735911236,18.897059861290863,4608.041105198379,11.272419582784172
108.0,11765.037709994687,31998.26404342143,142.79932345318224,848.0490116956322,138.30838754533877,18.773405243669206,4441.663835860314,15.910812521238796
108.0,21347.163940936614,1541.3510460153514,150.37691124700018,603.6561909735966,143.3836653612187,16.384055494102782,3605.5775988309765,21.2813356387485
108.0,28997.31548316151,21936.57140016498,128.4256421852911,618.042210732991,127.71395175176374,15.262734694049184,3421.086152895897,14.889724772751793
109.0,21372.555372046256,1524.8712416595945,115.99252126186173,495.7003189050107,146.94311457137562,16.971367473688655,3605.874023803196,16.41568876805795
109.0,28987.040974565312,21894.746113876023,116.93653716711651,497.1505480244484,134.84293056308385,14.227471021729546,2857.36426670648,14.542586595059793
110.0,21345.32656352578,1541.4508907345503,131.9195441030577,539.819352580042,145.22528678044748,12.598831758849121,2127.7705294555135,15.244005446717674
110.0,29010.443526044965,21921.27170145535,125.17258915438667,587.0023539908307,132.03157414151917,15.463589958150791,3317.304079796003,15.044521720172797
111.0,21378.554724434132,1548.5046434157985,144.70396851786754,622.9960787804464,143.02056274118462,17.508867479162426,4029.6146605226295,20.36869123048693
111.0,29018.986853811843,21920.174967112966,102.6915780609037,439.5156390391083,129.90740525448655,17.558637643398892,4566.533303931876,15.14031047748359
112.0,21369.54855055013,1567.093767468917,127.6561369508157,533.7239521088502,147.8979681689864,13.436745495173684,2256.983241674984,15.24271391443361
112.0,29038.115537176753,21908.45350582878,115.55171902751391,437.84690215494544,132.32482820444196,14.96523038578963,3048.951732652853,16.5182037771179
113.0,4739.474975573163,3819.248283542562,420.97813066941893,7214.532600993218,123.85791052030883,43.75079070774208,15318.523897081057,34.607492169925166
113.0,4879.732700505501,3925.4642443641014,365.6319584032276,5126.644906633364,137.16100529930966,44.03855078725019,16858.78261275376,36.92725580460917
113.0,21329.220725475494,1500.3328218818526,142.66728515374544,655.6667357547096,144.02211999745379,16.593661913311447,3659.9968589676523,18.14087292323176
114.0,4990.052359787891,4153.438891355185,150.3149515084442,1947.8277285221793,160.44459170072764,18.471213511877064,3681.9628779833097,8.361890081136803
114.0,21346.834249785235,1534.3885746507299,125.88993741729651,551.5535831002953,146.68796582988344,12.926913359716929,2288.4901883074895,14.087097435599885
114.0,29019.052402181456,21901.895539773453,106.43718964238775,473.127283143126,132.93902563169132,18.081412921754282,4670.778241250254,15.4496450504777
115.0,4989.9529986610405,4140.618843302137,136.06160234783007,2567.126376802392,167.85335344759503,17.133656436169858,2705.815175782122,5.515512164562645
115.0,21357.508347823612,1526.1413345420951,131.6668865341838,518.4778561516822,147.18417147883713,15.417184876671849,3058.613179532156,18.306219710118903
115.0,29014.393419993205,21895.7397734753,92.58265326980278,435.5694110942401,130.78931264203038,13.551891919753826,2853.9690751244134,10.719119335854183
116.0,4999.544461323365,4127.776554672988,149.49105314268124,3204.9735636779146,160.88252053968898,25.367636378354646,6194.523624553128,6.760694408284938
116.0,21359.531325821325,1525.9394714689008,117.97473035355917,503.0849506411076,152.8979611036753,17.726253977008533,4114.151669200393,17.280153972365376
116.0,29019.18590015657,21919.809708441524,134.94696938111525,578.6705756555951,129.78427757396966,14.422104578379733,2916.1482961481306,16.47309334096642
117.0,5000.2863374084,4140.861400015216,141.3449636484625,1807.7127253193594,162.54126464778827,18.236029150313378,3905.041350028929,7.9780420235832255
117.0,21359.247133951885,1551.6417812094323,111.74271423566206,491.59334885704845,154.10550558565643,14.660502270513774,2596.409247492855,13.890135028861518
117.0,29015.42598383163,21911.760932147765,117.3018959165316,467.31123014946064,132.65372130499136,15.931250940000941,3756.9304073446465,16.797312533688583
118.0,4997.611804698372,4136.934287882785,145.77906719981306,2227.689717285762,159.65863726648183,19.00640958659424,3877.522200958391,7.260012717687761
118.0,6884.285037329193,26069.52023003346,140.07994357832254,675.6982346640791,143.5742179965613,18.521090613582956,4173.746138955465,18.675929609710032
118.0,7061.437907078947,26858.059836738117,301.2624593980085,2829.285265447193,120.55795737666533,25.48664385277531,6939.9303580402275,27.007505730351355
118.0,21363.02893758335,1537.9816673081657,96.54935007711326,379.97631687647277,148.27028121118883,17.46910878989641,4245.8845762066,15.401206020223563
118.0,29035.87020805954,21909.586840803695,132.97022944961364,609.6421226201909,129.06039017095569,15.322013221781512,3601.8034178606617,16.055269508344864
119.0,4988.319433083246,4131.304984681575,156.37423086080557,1395.7243763077333,151.8895577684914,15.159187529206784,2521.6470153699074,10.328208857148619
119.0,21355.522049049887,1547.7898840070318,96.68623334142278,442.79830637219106,147.81412543728237,15.725112787842129,3248.6794944085327,12.511923612752149
119.0,29025.39411202684,21913.429303129942,101.05675565640483,457.42543549787706,132.99552814858592,18.34066496704259,4995.521832472748,14.694986450818737
120.0,4998.516040401719,4130.082651531321,158.3304763641742,2352.536337655801,149.98911073316503,21.05602315351883,4781.5936393208885,8.5002999937851
120.0,21357.43649486722,1558.0445851091508,144.82515387901537,658.3055615157662,142.48271449725814,14.237911938993843,2683.743074177394,16.477273098604893
120.0,28982.77033397665,21912.99728160788,116.39999901827525,494.190239010282,129.19201018320743,15.824336411318622,3716.018295390223,15.69127161722079
120.0,33757.89532345468,34511.21686155309,134.572108849345,717.8782397199113,122.9739372038462,13.507928046318751,2876.746238026193,12.993232316409168
121.0,4990.29928867904,4126.658804695719,146.40951921010753,2307.469364534395,163.24161292677033,20.266425592894784,4144.1081035260995,7.397970858441512
121.0,21357.226433486667,1550.8673332619308,115.96833515470756,571.8501649685189,146.01368612093805,14.742476836445988,2856.788374887328,13.046951034618623
121.0,29010.585669587537,21896.41144062365,161.81323938759408,701.6217328993679,123.99051626548696,16.642160914276936,3727.553127423478,21.47313509914593
121.0,33757.66851363615,34441.61170000961,163.44178322889977,915.4671824212573,125.65734945367413,16.444331200501,3970.877110933495,17.016478288980846
122.0,4994.481346248353,4141.703550742947,141.34526383003296,2082.2099444528903,159.23972338197257,18.096890494472827,3515.363358643393,7.083391196819668
122.0,21338.546238323805,1530.0007353084698,157.60062366480128,792.8798474290913,140.0498444300549,17.068644427186026,3816.0390810486765,18.69581578134852
122.0,28983.31342951612,21950.72562950865,125.56362092133558,491.9156878679563,126.68994461671522,16.10928754093004,3739.8670054550626,18.259248794764567
123.0,4985.878902889148,4138.949174895446,152.55515791237676,2209.4109669893205,154.29927239823118,19.549835427480122,4140.101560688451,8.011203280884466
123.0,21341.44837215977,1498.3800986792469,81.00862744425,368.2597414908277,156.46940283218785,17.666130719981265,3882.977763320711,11.827323050266218
123.0,29018.597462919486,21912.046452077597,96.21872020046861,403.0691632788378,131.33340626267545,18.02495388739061,4819.972021518015,14.885089152876091
124.0,5005.366838805719,4129.201374626682,141.78598228578443,1673.6128690401083,158.77363877484973,21.753046886757136,5196.325340916294,9.651811295750402
124.0,7788.191391648981,39482.95737582699,128.30054797592143,1588.528896694473,140.133155556433,20.61046979213192,4855.68535088164,8.209613271677457
124.0,21340.40407262171,1502.5050203132494,163.7308638044779,708.6093974903052,142.09376783874936,18.370455060191638,4298.216521070191,23.63905405588741
124.0,29007.38723799052,21906.87269907084,117.21013627437229,510.6758070143147,129.45518459065033,12.266357906825366,2306.4248579787354,12.89124640439771
125.0,4997.280390439294,4124.117165692443,139.83725487663355,1602.2473330334203,150.37033155373237,16.15597975216709,2856.708492294827,8.02329290924556
125.0,21376.42238051229,1535.288099696169,104.15117551025726,395.4093727728339,147.9188857289357,17.153174921439767,3522.567524685225,16.74318568944369
125.0,29029.253277257914,21865.986167568608,113.23083877862413,500.33677811381085,133.57949962685328,14.651466210483814,3279.691764643255,13.985510006468848
126.0,4999.62496044526,4138.427851864101,143.37213385743212,2064.673818788848,155.56665203026196,17.2679143142056,3112.8218227945076,7.093241407795881
126.0,21380.5658538769,1528.8414029342828,156.5427796039195,759.1722667744086,142.25628889216645,14.861870265747342,2969.030723753504,17.208358226173047
127.0,5000.166781836463,4140.691128962786,144.36852669571783,2481.6936808282094,163.28160363214116,21.154078670996697,4776.271652272562,7.001706715833463
127.0,21374.25452935924,1495.3756574234646,172.28247469118799,679.7552613118155,141.26388174627212,17.15172446918462,3993.2760363746343,25.45634548009467
127.0,28986.581094283098,21907.9312792675,139.48774073390436,603.4126825925264,125.3167409166008,14.994980987795014,3103.516266863325,17.331750682591192
128.0,5010.587217934723,4137.434501686593,155.85005806577698,2686.0065052657546,156.94193715345895,21.55254027253791,4794.268039490177,7.525438262150391
128.0,21324.49423658512,1510.2844477957553,138.7778465628823,552.4881192334052,147.4682579202395,20.207057957735433,4799.763253102536,23.807637550016864
128.0,29033.922342892885,21892.177170597162,133.50151836075958,657.406432920592,128.0385933955634,15.797306703595293,3685.5342269045714,15.48446190976835
129.0,4992.33090268375,4143.915263361568,155.71003044164033,3386.6354779972953,161.6635982172247,20.311687089247638,3463.4524637891122,5.996844800794427
129.0,21370.687514807647,1542.8395087998601,147.99459966015942,652.6865321668109,144.370304117769,15.028222813233297,2873.999836989058,17.977101163964846
129.0,29016.299409897478,21916.523040174787,126.7886874235146,475.5817436544719,132.6558537976606,13.707408688311132,2713.069221010339,16.895245595642457
130.0,4996.735751727581,4148.679576087496,142.1831172651504,2671.7890678453364,164.57558268199833,18.64742705994823,3492.432909202305,5.976005029111598
130.0,21369.215348601174,1544.3493316390739,93.18571285521969,397.9990944840961,147.26846174417912,13.56241584862307,2319.9881250651706,11.66088904978132
130.0,29040.70384457364,21903.17850089607,121.2320763873078,594.0360406225132,128.2323399700817,12.638658208345522,2419.264083161674,12.257033351724486
131.0,4987.592671605324,4122.828982466942,150.2671907725015,1778.5246930056326,156.09864871518621,20.491068126103304,4215.885756141149,9.688169006593743
131.0,21361.144318256604,1533.727538523241,126.57946813853505,509.41332141158875,144.08027770574378,17.39525679837745,3802.7913992767026,19.095333948700898
131.0,25504.332692816053,14158.14527002574,148.17289498758913,1100.3650384290331,142.03849281920563,17.85446467547334,4005.221053779302,12.960920274889153
131.0,26306.019251742466,10445.63059320164,130.66263024083082,600.2946070838791,148.1546460714784,19.025714848647876,4047.553855432871,18.74740659245052
131.0,26256.87725725403,11345.549361366047,320.74325881470673,3306.291921505632,137.78639056723955,27.390717467245086,7285.07798585148,28.0173606947049
131.0,29003.99588657459,21885.000308249226,144.2162579259902,646.8692380104691,125.71945392306924,14.23692697751918,3011.9337627024684,16.609260687108634
132.0,4999.90567588623,4132.035735025233,149.66364531880092,1597.429465605826,156.49843189674718,17.92802190641071,3815.386675254603,9.601451237353183
132.0,21350.396096799752,1517.5982395752771,115.55971408983264,472.2887668669831,149.76537978597867,12.235072208073207,1881.836275528191,13.416027458435611
132.0,29020.1603373634,21903.69944320713,107.62055704101729,512.31062926331,128.88412315887288,13.812604181625597,2847.6105731184293,12.094192757088555
133.0,4988.8423762498205,4120.436611731469,153.71303230488576,1343.9074753549498,151.14102069511617,18.924236297767862,4306.198933953605,12.115253941577011
133.0,29024.950113372335,21932.416392430234,147.55716494982786,694.6637113317046,127.74065335810161,14.84518256168871,3134.2862915158776,16.761636504852305
134.0,5025.99382773376,4124.378884568412,152.4813546171474,1205.6932877322433,146.3846067166002,18.307781877435445,3943.4427866204123,12.815086080944198
134.0,21364.190381508608,1519.5828572436867,127.83679702125173,577.7285759576589,145.10004917945344,16.043584090156134,3077.3392944523403,16.27792646677824
134.0,26367.86377227729,1113.16302085222,225.0909210534243,1554.8064123567751,150.7520079492469,19.90041434796245,4380.783647752309,22.013595498369405
134.0,28072.478555063277,5778.3854515865805,125.55534278154889,946.9088653704483,148.20468202482425,20.558707386836918,4780.226666377691,12.327888019491905
134.0,29048.72619320924,5656.052088547783,137.99780001887348,1949.2038865166405,141.92449254299555,19.08235041944232,4347.905029961556,7.427873520502091
134.0,29021.3121714697,21903.131722755792,93.48369024677628,487.92666933375284,131.1998232221071,14.852481643585644,3175.0494552753476,10.511506951253335
134.0,35410.97207200797,36535.53823442022,115.84469334279554,2020.1375552346426,139.76263451378594,21.43695842096701,5210.74713711991,5.872836674245567
135.0,5006.79620984406,4129.26221042625,143.63549624115745,1303.9218063707901,159.57480272403274,17.475507093077667,3134.036170451885,10.453071771691606
135.0,18698.773239129125,2249.3793382287986,171.17160443189718,8520.600649188438,196.503565989815,47.0191522261904,11339.262481769381,5.754403869321775
135.0,20292.543060668086,3867.687452435363,143.87221394405597,983.0569241782736,159.59822719071536,19.6846322579845,4476.1830793468735,14.664253704093047
135.0,21336.050207066794,1538.7144063597887,101.48770592746396,434.56253663535114,149.23408226683733,17.05964998214288,3791.105037796731,14.655422155638574
135.0,21512.5764014759,3984.2380633441257,147.20509374075624,686.7422588132602,158.59087352594585,19.79730669136005,4330.097891704209,21.309921864097323
135.0,21693.60928578779,3228.8264115353936,170.27209321971102,964.0919349867892,150.04451133640407,19.946286616741244,4747.750725853219,20.494389737031284
135.0,26251.062051309167,4969.980908072653,111.97414149099076,693.1888222144712,160.30318569957709,17.949820852271507,3685.6525682704523,12.000333784677828
135.0,26744.197833292048,6515.386733839398,148.32688113577044,2240.29784316775,178.9913422813456,39.550413429870694,13224.560052467286,13.059681357696608
135.0,27574.646205434037,6437.960993982511,349.3809672307615,7823.2558694211175,142.88820282267326,60.53030294135472,21786.595024711114,30.30264050660176
135.0,29009.031222501864,21930.083461167018,114.38717002137199,571.6484247521555,129.02703822092397,16.820837567301755,4304.974778297242,14.029522449146844
136.0,5001.327972581647,4141.601762040992,143.3143733704452,1530.5490314267524,157.26529002823577,17.485760550858554,3486.8067733602793,9.107798013869568
136.0,18693.977263559736,2228.8309049036957,119.81987865405944,1656.945772000306,161.6066729835925,22.634855878267818,5802.789445821753,7.539172879989962
136.0,21355.52899008854,1494.3009410000097,124.24017149847103,451.88905296287385,145.00127906100238,15.352224609890454,3257.102535385438,18.610799691901676
136.0,29026.587219455265,21911.43717917024,103.47401289764596,476.09549090640485,128.66599122568903,15.600338171908886,3632.302636621208,13.105954546571807
136.0,34117.71150981716,7213.796314495675,145.81933614589508,600.1718416698349,129.1694984545822,14.98048066658393,3317.9013942030256,18.82547998361371
136.0,35107.55572993168,8461.701062316975,180.3444724876605,1860.9397019328985,153.1938307646344,29.489930720240533,7950.793506199874,17.325393306308357
137.0,5005.244742129836,4152.211522429972,177.44731505006152,1418.2875251163257,143.81454625628595,15.60119041399583,2785.008398128068,12.85114269374303
137.0,21359.470620559314,1530.971020164524,104.75972897191642,455.7638015992868,149.2505624545757,14.168425472486696,2631.806882805975,12.980593355934339
137.0,29036.722875478503,21949.04974864039,129.74662646272657,573.841028329156,130.06359594662746,13.332686248703492,2648.8740550288335,14.643317398091439
137.0,31075.411339611663,39578.07527080758,114.31694166008914,555.1401864567275,122.87623656444929,14.058893774597424,2864.5373989870104,12.639839212572518
137.0,34628.932779896786,7058.140117802487,133.88602927512036,1785.6608887542131,128.32754501233936,18.81728697692308,4913.272064092052,7.531954020225196
138.0,5000.458835815491,4135.724981354185,147.35389507602926,1626.5005714176082,149.597330091281,17.34416834680163,3251.796356545828,9.016097901338842
138.0,21377.378898435018,1537.2100765163284,102.23203010586457,480.8565688768047,145.70345569151698,16.966776872288218,3917.266524498733,13.529459725934762
138.0,29002.12039749652,21923.4554631882,106.27138929838127,425.7372653592335,134.24410610547315,13.710699065443675,2699.4110707018453,13.766235370478874
139.0,5003.956465873435,4130.661775730709,155.27773524960918,2036.8289813983706,150.59450900786896,18.920205242493804,3989.97369065827,8.635848384115752
139.0,21360.82621782614,1547.7312033724136,118.65546262306513,489.10929101729135,146.69590089990686,15.324909939640046,2929.941203860121,15.979144035822053
139.0,28990.281416368136,21915.03037731996,126.91571883413408,512.8188983435778,131.8792209245777,17.790951632603473,4574.99935976525,19.425960608918047
140.0,4998.029921924807,4144.722973082127,159.65514831706432,1968.583753321838,153.22715840132247,21.178683386340772,4979.4741530555575,10.085951615125479
140.0,21376.49686765975,1517.0647059828261,139.2521665523527,651.2139989812641,144.63739712779164,15.43812588298067,3094.996616937117,16.51890014865484
140.0,29001.835772995328,21915.035564048456,102.50860410026515,474.47444486078365,131.08917613657871,13.892756020250392,2792.9834061657957,11.951734050488117
141.0,4995.198263882061,4117.172501917423,139.8022210694085,1164.2215220147782,149.66628486643728,18.9142975474076,4166.854553470186,11.645521106792033
141.0,21390.72697753681,1516.652726999727,154.80518947549214,562.9856627817236,146.4952146789703,14.169659094973987,2492.9183484731293,21.22606094936793
141.0,28990.257181573495,21912.043332923913,127.59010541817291,613.8416823234174,130.30300828219572,15.407347508888158,3425.5235048800287,14.91485486815406
142.0,4984.806967876693,4138.477955940326,163.862861715009,1979.768499610996,150.61051942837113,16.301327648419818,2772.881113762222,8.762637803579214
142.0,21347.03347505526,1543.1704845234467,111.30244245582433,530.1655944262371,141.53647619388008,16.27560213568215,3369.9104546865497,13.946068386261839
142.0,28999.736366919205,21924.640655141287,131.93056435747755,622.8157090100188,127.34666529741239,14.362783035302023,3233.2184062227525,14.813766144279713
143.0,4982.081962435777,4128.882574205465,136.23312983659594,2239.294976063888,168.83406498589298,18.08196030669018,3332.7632475632986,6.312268068512194
144.0,5013.478028125971,4128.01792829439,149.31884608510492,1917.0381175827824,156.02846528470917,17.06043595521144,3318.422490000268,7.968698217899251
144.0,21349.085071884794,1535.4877000232748,145.94114039008448,694.3490263237369,134.33869729236923,17.50148518555384,4231.30912745498,18.732334597443096
144.0,29028.03782791472,21919.480785058826,112.09419207062169,478.12816437487857,125.98326053659274,15.595093635555383,3718.5791471207012,14.964831409474598
145.0,5011.715890791975,4140.131013386909,165.10928185003485,2267.6203744457116,148.98975659734154,19.650290812234704,3945.395437089542,8.969495905176187
145.0,21372.998345094347,1536.7418860419848,94.59998169278941,422.9084898262156,150.52339902653682,14.516835775228525,2719.774390484767,11.879228793381817
146.0,4997.316474643436,4139.224829177804,154.64812692856992,1786.4865149968664,156.67675122834652,17.805990020157665,3552.8514402423316,9.189220238411464
146.0,21359.59752551488,1522.0051036855614,113.52344108416668,569.0848713060519,146.49127198484283,16.767488090296826,3654.0182357309805,13.86849059336954
146.0,28992.151541888623,21923.327029913322,145.26489233796678,596.2966897056488,130.60823354051033,14.975260934615667,3505.0611318992114,18.801795538298272
147.0,5004.332528873373,4121.189106972845,155.08644661080996,1475.3160557147653,145.25650838504134,18.305703914235067,4339.343024204675,11.071336320001748
147.0,21347.938795502843,1546.7681133746632,121.58792939595851,583.2346115876692,144.55572710819823,14.260087280658293,2679.5884067385177,13.57182172799573
147.0,29001.09474248598,21903.877124476265,132.3683466728994,576.0494032314381,129.92502437428297,14.11755537985241,2664.1363224946663,15.741609602183093
148.0,5014.494932967087,4165.949254733881,158.19138917803087,890.5757809926038,143.89748354230494,14.94386889023083,2804.6686808544805,15.292344329398404
148.0,21381.74870228288,1537.7015822703618,121.38992282277384,515.3006324214685,145.68846535990647,15.992476519757876,3302.3274616139042,16.40717833621483
148.0,29011.42881443366,21904.823370291928,102.83298448004037,439.63693267197414,128.61929620206445,12.575510074746564,2451.3648375807966,11.993983041702307
149.0,21354.28816363976,1520.0100252554653,134.68056535274675,620.9378757366529,145.07117390557764,17.401180158933613,3899.1002413471974,17.85202026864568
149.0,29014.17519192052,21928.35276808125,122.9087849359202,493.27597306417243,132.55310508819696,16.85952318715308,4152.441462152439,18.180940307110355
150.0,21387.218192245313,1540.9555328122901,123.7559798484896,534.548646701636,145.66455309326307,17.438368963894412,4271.479651398766,17.590137736189334
150.0,29011.07935467888,21921.11201858311,108.19662898490735,577.7765318477526,127.64744077331336,15.516572838684477,3585.7235720690783,11.934317355901205
151.0,29027.61690379364,21915.48532302475,137.10291588880148,672.8606886700744,130.38720398660536,15.845245815851243,3603.037915992141,15.93108741938704
152.0,21316.751457069386,1559.4625489620219,108.1089098226067,460.45979077442996,145.0830042044302,16.320960892611403,3628.8119438057265,15.031567745983718
152.0,29008.211544353988,21953.350066595835,125.91018554143292,616.4882191234558,127.51933886751671,15.591901206661573,3489.7025836509324,14.651654352981904
153.0,21375.76401508526,1530.712969021097,116.33298866931936,442.29714702084345,145.99208711681948,15.203688687092686,3062.0052698286936,16.76609080617791
153.0,29007.404735963268,21929.712832832392,102.88072112060414,520.4224006155739,130.94234433964655,13.12108250356484,2501.657695781535,10.74804864222263
153.0,34144.2489751209,1907.0327710730076,121.57604541708717,670.8677708889278,136.86644752105755,16.63059122726312,4044.394386183464,13.441483717776423
153.0,39249.15818996591,6880.201475045692,160.90564820337488,738.3667327312986,117.00516129923069,15.693109098329494,3846.745152700407,19.33931386154277
154.0,21341.884736511056,1536.9088430159202,145.9860496586188,693.4909926679617,139.5750731522449,17.48093986605922,4054.6952181949205,18.745830858466398
154.0,28980.480504421324,21958.69742358562,139.1429447088079,576.9595029397557,130.28093873049988,17.671373688530373,4550.073900199634,20.502182863191265
154.0,36294.50200884616,5635.121514563742,123.19061023639954,1175.160390135424,126.04458665463524,17.700241643815115,4343.012923965951,8.919795318038274
155.0,21342.52485096435,1542.3476919901939,107.61144409657761,538.0995243547375,148.0788532756598,16.19164784316493,3575.3067225981295,12.948530369061393
155.0,29024.7378788962,21934.157418916708,87.68826971888419,379.4630459479853,131.51139096384037,16.363288176736294,3825.2671079370366,12.465040432323747
156.0,21334.93522138328,1528.0969513259258,137.21149495673134,611.2622139471999,141.73708069557773,17.67794896816437,4377.758732129685,18.96764214616636
156.0,29029.116096676134,21899.94242878422,117.45861653975643,533.4304728060848,129.77015078009737,14.287224823368705,3208.397064270654,13.835549520279933
156.0,35082.32778397148,4552.838426264455,181.65524752912305,914.7198220848873,130.78681697264378,19.908571634736692,5085.123906970558,24.233151394227562
156.0,35666.311975074495,3508.506498225259,184.645436852261,1108.36957752443,130.4292680191274,18.702849250764036,4554.531218611242,19.810598629153436
157.0,21347.76584006874,1591.7017018663216,107.01760357237742,471.3248450404869,146.09744813424646,20.243747583644474,5573.994972095402,17.13532347038325
157.0,29000.29766500791,21916.90044350205,120.1846259325117,474.6586930230085,128.7036158366513,13.182289776998823,2630.8832797807813,15.009277733599896
158.0,21363.717606960618,1532.5083061041817,118.03784229727465,470.29738792380186,147.18140753778442,16.10560755442967,3528.4248293286546,17.031146714562475
158.0,29013.256266078435,21928.403221953995,123.38181284330274,542.8935944037208,125.62257503490503,13.675599458343063,3000.944690010088,14.35793964215336
160.0,4875.274656626511,6570.110847078688,145.9319180494058,1373.3729410151968,163.73621548103407,24.859726525974857,6252.814136984544,13.426643894381698
160.0,21352.322489653725,1550.0846012836669,133.49892485523927,506.6206248195905,146.9270058131717,18.393410064710146,4359.93625643399,22.152370264703823
160.0,28993.007719662477,21920.062774941445,137.46102103572298,577.1475747866143,129.4573704067304,14.761032929132838,3109.595102603305,17.35824523565654
161.0,21318.899171489185,1532.228147263534,182.73473611362738,821.8467991946889,142.0416702438877,17.56596045165561,3906.2842670980663,24.294494030961044
161.0,29016.179825554944,21912.693433080924,129.96723929805108,517.66795522923,129.90388791299233,12.943633706661847,2376.7755706354274,15.705515489755255
162.0,21342.511599651323,1536.7915157840116,104.72964253092326,601.6411491786349,142.02606836260804,15.779371457716481,3387.01430799325,11.055788517745695
162.0,28983.71952340239,21924.25393140123,72.11515065442599,405.61121345902876,132.38141767743457,13.795019725841428,2855.7487753465716,7.870096023196703
163.0,11796.153889276888,1706.7486438919639,129.34857523104515,2070.9307218360536,168.19841552354524,28.74466760688498,8036.967309320032,8.413618988702645
163.0,12754.222989355667,5448.241324003645,200.42338616677785,911.2559875057298,154.74141220396365,20.337805370153134,4735.350268665277,29.82467682504995
163.0,21333.603836631122,1536.3577134575623,175.83581200773278,731.4704165488879,143.03219033921786,17.960734916723673,4315.809383247832,25.69794475494053
163.0,29039.922169409056,21936.97482819632,107.63984746120609,472.21224343861104,127.42221677065832,16.999916336776618,4675.86182656356,15.04986819660406
164.0,21367.756115882963,1504.0423757296905,101.60337334021355,430.54532091751736,148.8670261120096,18.179133358603202,4226.159390392392,15.54759850321567
164.0,28999.057845489893,21917.351090044223,118.71549493702159,474.05238725117493,129.9489233009388,14.19688528888087,3161.5417748568775,15.5241499572946
165.0,21335.170268320402,1545.2602537459243,145.00281619967112,682.450964066434,141.51213828376822,16.597170213750157,3393.606003677697,18.017980863192154
165.0,28987.118154766966,21906.500443443696,120.34591923266282,510.81370553258074,129.15298657240945,15.069379465432188,3480.0283097237384,15.566431396779354
166.0,21336.729006812435,1502.2660252532178,121.65413855233159,466.0898745787291,146.34696440815992,17.198819804239424,3772.755279457902,19.092320031697515
166.0,29001.759761236095,21916.234686994892,130.70457052721005,593.5599735722301,125.15645292310461,12.655570935196128,2450.6983000217583,13.892885276709686
167.0,21398.94854301417,1517.5205869867495,112.75680559251265,505.3713018462872,145.66170974561894,16.958803952299487,4308.000313646909,15.344249241721498
167.0,29023.138396239803,21905.898036335406,118.75654815003662,600.4232792563844,126.94882754196885,14.746684092865625,3115.058266688108,13.029239026190046
168.0,21366.686002938422,1521.3747696492094,110.14359526360906,451.0236948973911,145.3301854322703,14.600932465283087,2791.317090444376,14.55346240436008
168.0,29014.940792498805,21897.743068633805,122.94362908694302,567.1583724597236,127.12031884843157,15.562289260044066,3733.2543792076126,15.100348985819673
169.0,21331.756790894276,1518.5624421132234,103.88117070598759,410.8460783057374,147.97995345908407,17.13456106625194,3745.013664350184,16.09420226128671
169.0,28981.616845444165,21882.30585504473,125.32136445978242,485.52963222296785,127.66643928340251,14.590887088958622,3092.839932051229,17.043600539492285
170.0,21337.73397200731,1495.5557012385275,135.36865789613677,555.2212655943079,144.3378766252836,14.980418967491614,2934.8036207135365,17.68667298305748
170.0,21432.23616827951,30849.236363910404,194.36610516410232,1126.375577796086,145.65241836633245,17.65937811365679,3498.049945152381,20.437658223188784
170.0,29027.46359095095,21929.78516943781,100.00154230422115,426.7124741852555,133.82769094698136,14.831838332821722,3065.2264758452425,13.111904625976964
171.0,15458.033188896092,32153.29710363371,145.75211938629832,6725.0082026809205,171.5865560350437,47.97783426429216,15006.660932678948,5.428266150808849
171.0,21361.171863373733,1538.3839239975082,140.10259022420317,557.284117516819,142.3273306676602,14.90072271678772,2846.6524814614054,18.656401710062795
171.0,29012.39050286238,21900.251209290553,145.13690464128274,734.0522807974272,123.6288003159623,16.148641607631333,3685.5878032388923,16.545445725654297
171.0,38825.54072409054,31991.840003430338,128.30656234781316,1330.4635635984168,120.63370791607707,12.956012327421513,2758.959091796653,7.202765154241287
172.0,15461.015565680047,32157.873411544526,153.549704018076,7643.310737234446,164.66448632865965,54.30521392500626,16395.092190208234,5.860234167557099
172.0,21347.921462878738,1552.0985933860684,127.77173076126778,545.9779682097503,144.88346367676186,16.717912740076468,3811.1660582527534,17.66603403552041
172.0,29017.73261105483,21918.972796848153,131.29409134848007,546.5979034810174,125.75436195384015,12.394533208123283,2321.7486522989007,14.792773194366875
172.0,40240.19937335581,32484.564325427342,216.61829390580283,1188.3067468303418,107.44080054564222,17.96035556635442,4736.307333520685,24.09940889414108
173.0,15459.939993626602,32161.309205143694,153.66293293614257,7743.0403461624155,166.82610729703018,58.55304514733154,17481.085716462247,6.169812442047944
173.0,21390.277632136862,1503.688187462599,138.10174563357435,541.7401542462316,145.90145783877009,16.869003301213873,3892.739142821831,20.6136184861791
173.0,29020.89907532291,21921.382814034558,113.32492470533415,545.020243052547,128.33681870293506,13.451094877959077,2794.5858265484185,12.282622625449997
174.0,15460.79200718703,32156.497201123555,150.88864749848568,7583.956187109468,172.98246837751964,54.62734289285428,14711.758908558586,5.746140098706242
174.0,21366.70963413569,1531.6953729975921,173.15248947080164,855.7288494407337,138.81910468085607,17.465548067212094,4175.422128956213,21.09029209387485
174.0,29011.792343699257,21904.94645283548,126.59450166272308,612.4238943009378,128.82389649653257,12.912889607827678,2734.651857089505,13.011164082691536
175.0,15467.88766763879,32152.222660343432,152.37835709503827,7652.5707469281615,177.59344306790842,57.16329883467369,16754.43639163537,6.020768220340617
175.0,21399.04645391354,1524.6599079451723,108.10577690347874,481.20926396102476,142.19360710066772,13.29135060667429,2354.41366260259,12.511570482783759
175.0,29022.163401316102,21893.834979411884,130.9903088733969,563.4692210182916,125.19543323814769,14.372591241319569,3007.9305895436464,15.970921981276557
176.0,15458.055354749818,32155.707575206743,156.86876305018077,8013.751863010902,167.88531465510383,50.53246663668279,15101.303639168565,5.508247515625861
176.0,21322.91166947523,1534.848389132413,140.25390550761173,588.1837251665077,145.1547163343458,14.85822634576484,3036.1063292619197,17.774927690307184
176.0,29006.021569584776,21912.58141211929,82.3582027100494,428.45083651224576,136.00483280853422,15.275068942049826,3146.810566038508,9.732133294226944
177.0,15458.796476980207,32153.986896601058,147.23933021435474,7309.937067357648,177.54404474296155,56.38116021181226,15989.623043366848,5.83229431979688
177.0,21368.337110689932,1547.4101689253464,89.04062344670083,379.8055309479147,145.1483672446348,15.070728442832342,2981.135637347452,12.069975725197297
177.0,28961.93163495148,21932.4762996191,116.39762106769983,531.3197326949819,126.97767608118896,12.779442157288333,2372.178555187827,12.670145803634389
177.0,32500.57374528555,18864.91025149053,141.04261621246954,1714.4097087157982,131.90925007385218,18.94735356432893,4876.770239177838,8.513992852340015
178.0,10219.47808353618,17649.47477734641,241.8535135356485,1219.4613409933493,155.7954827664273,24.039179999146643,6338.324989278743,37.67543080269951
178.0,15454.082009840668,32148.065855981255,136.59133759923392,5641.560146356394,161.5781959304903,39.03650701021565,10405.885711320801,4.853459936713925
178.0,21341.626669696117,1516.3108824116173,123.67241342431711,630.6025418838659,143.35526979800093,13.778644627369294,2460.4617687692735,12.76241051216265
178.0,29002.139958368713,21879.444755671826,107.68402703418984,560.1220145884862,130.08270670065963,16.196498102925272,3831.630982409169,12.527433868846472
179.0,7097.796648790465,16025.570501946675,147.36270312017183,611.1197027137005,141.28118621708344,21.098493022559694,5678.121132571948,25.16551330308088
179.0,11149.794643937423,15711.61400509101,132.17764359682,854.0913221319219,156.31147166760567,25.441558491409253,6835.549297935199,17.68129680495457
179.0,11229.004088324527,16764.87345411159,321.72011788992967,4904.176808787073,143.9912832377894,42.745492158408474,13578.747396140729,29.184735833120524
179.0,21361.33389275495,1503.6384328965341,148.83186684322686,744.1691519757234,137.951750965751,16.892004467533134,3671.6329655937243,17.711445795202344
179.0,29010.3248699483,21913.926845680227,123.72615775469127,581.2654252915275,127.30758699557283,16.363156005229968,4128.656901091872,15.521452025358853
180.0,7603.290187983955,17282.735065657027,231.60745689150644,1142.2526797327014,134.28687836305124,21.569579788632545,6015.675982866,33.40362026647457
180.0,21353.63556986773,1554.5146438986467,97.8054099638096,449.1015314360561,144.42389403630858,17.42182766017629,4240.348731362175,13.571612969882873
180.0,28987.250985607625,21900.405351726327,130.47893397558525,480.89576598986724,129.39869270730892,15.616772305702211,3471.8663575857713,19.469341153417854
181.0,21378.040255529508,1547.7663639272232,116.66366406362508,455.6841321373606,150.1213309196939,18.370745464898555,4225.319297830423,19.06998471634646
181.0,28995.70052698217,21877.20907373165,88.06261383505026,342.55755356682636,133.48806956156199,18.3075524589203,4861.067781801912,14.90620091491351
182.0,21355.330430116574,1517.5691668266993,114.90648394037567,424.9374422790375,144.64105987161383,15.926343793382589,3487.5045233421565,17.62239753261428
183.0,21344.13605772738,1502.0728956114556,121.6459326953062,485.74788240366985,145.49673506385196,17.060536299618473,3961.772342157051,18.270164035261978
183.0,29018.041205348647,21883.278096730428,114.72127614976586,542.2647222414913,128.57201677454984,13.622105623225472,2637.601515524185,12.692133496729157
184.0,21345.89416818255,1537.8222813132375,122.85289671324544,524.0829735321787,141.18857531309612,16.923372890128086,3608.900106860021,17.255501194447266
184.0,28981.392318927094,21918.844391799426,98.88894599331998,427.246256118034,126.59312826685832,16.96580350937199,4827.086490646214,14.163947573477403
185.0,21346.498682521993,1522.4816198729623,123.17810884714196,495.69252286963587,147.69832831078577,14.663401638481321,2598.335470303381,16.301621017890348
185.0,29033.031839501906,21893.197781120452,97.77632430050454,514.0906755548903,126.79894004413414,14.797145589371537,3758.8296379707217,10.796609196516787
186.0,2956.371552961827,10857.385268421875,259.82358007781625,1847.9814924135003,123.20894632896905,18.668237916314848,4486.305609859737,23.16359488452871
186.0,4426.765116571852,7734.636407546452,226.05363317808371,2961.7670305816323,161.9621791442592,29.57537188219019,7705.060778702293,17.14844391412273
186.0,4807.421031561315,8478.751217529185,124.00189574609762,1933.1114903346356,171.4019661338511,35.38816009177106,11530.114341860315,9.786132183904439
186.0,21349.581068106603,1480.5899735393027,207.27545503625078,945.2505267285973,139.13089448041137,15.400795555829912,3025.9915497393026,24.088269729868937
187.0,4667.199456044293,7132.022021099733,273.2255676364457,1926.5397291871652,156.43440850455332,30.089621055423056,7662.340043469486,37.816248628631506
187.0,4924.868107806043,8365.201783470668,161.58434995897264,942.9882074856829,154.447771127743,17.255950338464316,3742.5250965803243,16.86856957895291
187.0,5527.269504589064,9326.34072273489,136.62630065359582,1015.6494171894074,164.43981673517405,22.396586800818685,5069.591055195746,14.397146499646118
187.0,5682.874796472403,7172.110095391082,168.62023797450126,1858.3943003657412,193.3406494425025,27.21801046357316,7001.512405535788,14.287290033940714
187.0,21330.56113852795,1554.5298976308063,124.76863808919825,584.6591410011538,142.00480133533395,15.753997239667795,3123.062555405522,15.224231700872167
187.0,28976.889634603416,21909.628329422674,120.66208292031139,465.7100553279393,131.9149690479547,13.669171295590449,2634.170541302142,15.766836176600474
188.0,21338.18912575654,1520.1686004208061,113.52118635254843,476.6038468989042,147.7937343060001,18.81872467283112,4635.856364947524,17.77371644793108
188.0,28980.814104171972,21876.504031777546,126.25621292724321,552.8877907408021,126.98476290670978,11.760427143329435,2061.63930807992,13.257791671648475
189.0,21358.703138421137,1556.7492082256886,184.25980298281524,800.7610575460803,139.91373027536235,15.90157244110058,3402.5903760858714,23.223466225182953
189.0,31436.16840145639,13709.539508049298,284.9158008419416,1866.1510495705008,123.2606929670419,20.24062461788485,4994.755705038987,29.305186417319366
190.0,21363.190397552986,1550.110855329296,173.45971070723562,680.5667028648043,145.42440497612162,15.883889117069689,2992.263175476166,24.119720444011374
190.0,26472.634956683694,11719.46444649852,192.13730389490726,6592.03672648119,186.11155679179265,54.38925338110597,13267.766913774994,10.185848522027836
190.0,29012.55821957909,21877.88280521281,94.24669049379956,454.21980595743145,127.98246027499697,14.288305304891342,3203.349950237017,11.016478373424835
190.0,30954.077023991864,13662.833117964796,180.93766707027893,703.3999647797325,125.74093615156588,15.464305803634288,3331.540929299488,24.720311855365292
191.0,21331.08829704098,1522.1673885567893,85.33199759066011,361.5537457910333,143.3730036846061,15.90475154972473,3686.5635346278377,12.169897805402444
191.0,26568.75516108492,11730.61246402786,163.99678027847435,8731.394548472323,173.8536976163028,61.316023074177345,17368.42186710141,6.4702518623000245
191.0,28994.068850493164,21926.54888464668,143.35739442480065,573.0834958645252,132.03850305851157,13.440118010756498,2679.812374206871,17.50247593787084
192.0,15786.77638280304,12872.368728239737,336.1839189511484,3763.475626810957,134.899152695299,24.977866125896217,6421.2711186376255,24.899274640868903
192.0,15831.333955377311,12821.206838713633,557.4856804827698,7863.457998122261,133.569996341202,27.278057042186322,7376.635859727299,35.140317480943615
192.0,21314.010707385238,1523.1787496700147,112.55916915651527,468.9874977044721,144.83193934143006,14.287689745654008,2546.673249874322,14.374521644143961
192.0,26306.499625508324,11854.552806446944,187.1226654665917,10232.674228218819,198.3001080212058,89.34684159116905,30154.336481047903,9.99871772744225
192.0,28983.784812612914,21899.789285499486,116.16377060461413,601.4523691755232,130.38780833454078,16.20739320964649,3859.1260302328046,13.409761684899737
193.0,21341.33300863257,1518.6802730171673,98.1257966519845,405.0929100677145,148.64244022757515,16.25310595057558,3595.7386990966925,14.181230449462449
193.0,26268.618390447984,11884.31947716316,187.34532357553599,11106.989143714625,192.0154778358991,73.51099210900959,20570.72595442766,7.755944133635324
193.0,26696.260223234243,10696.375893049815,125.81486695521069,1034.2271616272308,174.83934540409294,21.772990841822086,5091.237770657503,11.960362451862895
193.0,28999.141724312154,21907.611375634904,94.647452553748,418.72486040607697,130.38822988196884,15.637993643536404,3754.219991457267,12.613130646907662
194.0,12871.174125091566,23456.432266216616,179.5432976468393,1015.6241372257048,145.07292195672665,23.802049067179905,6522.681292467416,25.158468600520397
194.0,21333.186098926766,1290.2267706988728,590.8341027615083,12404.986769175224,89.65177589448822,26.941176379970873,6496.623919414178,25.057171975913697
194.0,25999.656139727973,11968.063082022105,533.5959030815388,12184.415131757527,118.39961421918595,45.69292924256068,14304.119028037896,34.35565911322435
194.0,26036.56708964003,11804.914141426667,832.035067245954,51146.99148669766,5.872006130492217E-7,43.724784730281726,12816.341251985077,19.372927648909066
194.0,26152.876498070284,11927.949146866695,508.8657129549141,13500.406511122523,90.2541003794,36.502760157245184,9481.076426730422,22.931181688574814
194.0,28243.442862608907,11833.603910475362,151.34356738097188,835.7316779799839,145.0034781902633,15.94582105372371,3150.9102264554454,15.72281944893057
194.0,29010.550329630012,21889.488224537123,114.3937985658369,524.1375160125123,128.84763048773186,14.691419236508168,3323.3594137662058,13.700449404505012
194.0,29111.21392381867,14141.58459311612,157.67476939057548,717.9729419250332,134.66116402946875,20.33700872126007,5805.064780540767,23.773825630359653
195.0,9924.033438010367,22386.659840950324,170.26864985117624,697.5964084001022,148.39981587457746,20.43497221526395,4792.642966666539,28.33983134741115
195.0,21354.377067177367,1488.6240010810995,164.11874608832935,854.7835566031195,171.42222917736873,19.901974588879305,4056.7556250228454,21.365154726108138
195.0,28960.575681020393,21929.58942460619,123.79543873999803,605.550953957269,129.5789856384004,16.4814764090317,4094.0653806107475,15.06847291327731
195.0,29309.461069726065,14861.869182880806,187.90995065890533,743.4997158640535,131.46684614628387,19.130470084464168,5172.182301680447,30.3054884671903
195.0,31415.399787658716,16508.045047208652,158.66686789422073,894.2485296134431,132.29131002913118,15.803988720104089,3223.6884668170774,15.982884350776638
196.0,11089.391545191758,25410.718737445695,168.2540471506907,1042.5473026924622,154.88026603727423,19.2833293660039,4338.549024006186,18.13560844776937
196.0,11749.089667750555,25602.7238751398,264.97810349479397,1737.8457355850105,130.04006490970792,17.93732675341932,3855.770464357356,24.579407256415617
196.0,21362.327142289334,1537.29818207668,109.22455431076233,524.3609256593176,148.59646529426914,16.57998726148178,3530.563304273469,13.819588924531066
196.0,29031.758727978853,21898.38157815821,103.30021032846744,497.6556460796135,129.57002395042957,13.213722941700885,2574.3588244710913,11.266122631032871
196.0,33784.869780265595,20078.921777214597,243.70432711363995,1207.086014353258,111.64575698799892,15.569876629280419,3438.4460628467386,26.145469343425923
197.0,21312.89445700633,1547.3515011068278,173.3018033437459,770.8510507293091,139.80291422372295,18.239624597278034,4364.048650176652,24.139348129167697
197.0,28996.504116690063,21875.965177750677,135.33664778177092,567.4090606809676,127.39408241877425,16.890329997516982,3947.99963484256,19.073434246667908
198.0,3291.738842699754,12495.833999992718,182.45731227318072,1200.1662803936654,143.80683139203046,24.842052599729683,6874.0439430895185,23.006010280689175
198.0,6067.697417208744,14227.557358668837,175.3091853995066,902.0727260581614,150.83021073730356,16.561747194030676,3210.456517250247,19.67204081312816
198.0,21369.328286543652,1525.9299073783682,109.93642415211326,477.28375007820574,145.7161869463971,14.147559545848873,2694.988827316043,13.514827289086417
198.0,29019.41252027975,21921.934970404523,132.33363052072283,513.2213232425047,128.50576324034077,16.67521085307551,3850.5457221170636,19.854566684707493
199.0,7743.407856907378,4398.667899472506,110.02980511505169,765.3050282008397,145.55588895781665,17.41606049189193,3593.586978927961,10.481006500798557
199.0,21322.09719497641,1512.657624472247,146.84075890502805,646.5588158814284,140.47548854785563,14.856460634877548,2801.69268797558,17.719727517557267
199.0,28978.384952305412,21902.49240862932,114.6191479803201,424.512812452782,131.71975825384573,13.552707228535125,2650.8221893733767,15.5479691031315
200.0,6401.382982059078,7310.55296983335,188.01686741819825,793.5832727748858,136.5916822400066,15.89566452089039,3361.355266074452,24.293546106068987
200.0,7257.401597504207,38460.59519099097,161.59795093542644,625.7354256095398,129.37510290941412,18.704723077207184,5068.711807900942,26.317415234314904
200.0,7853.30865852807,4304.207908633038,332.2636058395124,5994.861245088238,108.9001757263434,50.785833826062316,17526.919526701564,30.112303021103198
200.0,21347.13260216621,1527.0259355430683,107.33859150092232,464.68103094695283,147.78101600410085,15.40058185330008,2966.555016969304,14.109501813391724
200.0,28999.992413626816,21933.950921661824,158.13664493829057,701.6437111796263,128.67980662129347,15.581559124749742,3646.9892898984576,19.516115581053466
201.0,3471.758566599817,19052.739549159945,131.96880302998386,1388.9583887327142,132.50708837047154,20.843694264117904,5794.991791691777,9.721070570232476
201.0,21357.875700180193,1520.686395399314,108.04655670599963,568.1823547183186,143.38648236906008,15.953814191776898,3662.795360817239,12.313332062737363
201.0,28975.541433998143,21912.06563810792,136.87312175341592,628.3308637565681,131.72248901327762,14.884549171906663,3150.8909679540907,16.08679037086783
202.0,21360.965835439703,1520.7467040473764,120.44299542253466,508.84489500252965,144.06831778730088,14.267406244265281,2668.0084631866202,15.020963029354245
202.0,29000.30441045631,21917.244217836796,121.29674888772016,521.0787711098944,126.69725693524596,15.817884897806955,3572.5593829586473,16.087832922601926
203.0,21338.699260749294,1529.5217877291363,100.20117023624435,431.7259860686791,143.9956060581765,14.69763173334737,3041.5299980080604,12.943762717953929
203.0,22372.314085972346,38789.36099870616,123.91910887114625,493.69995339676336,119.92273384878492,15.263313172539895,3628.332691939154,17.045172251136044
203.0,28987.600874218588,21890.393605230078,123.48142329552432,502.49612199866607,124.52938591975096,16.106879509163008,4143.322440410701,17.388233468309277
204.0,18796.767497753153,36847.62342253796,111.20156890701587,1067.5778175323196,144.8412443559423,23.227286814398987,7078.118867382982,9.853872080196862
204.0,20292.084766250977,38205.8320590022,193.14083342128527,973.5362583389737,120.34670040274929,19.79817540797644,5303.823288653055,25.513135596513663
204.0,21306.00327650338,1497.3286093799868,110.83292570167644,442.482341633088,145.43218993623964,16.277058641077005,3360.6855834766366,16.225809914811247
204.0,28983.566006924997,21896.575927792954,118.74436943584577,547.1524459471827,126.73425358189112,17.864527659139718,4739.444449758646,16.312282731559215
205.0,17051.57391707674,36579.08854466096,140.40623815328723,756.9984849363435,132.61510587291764,17.353038973718302,4008.0659156062943,16.05907036264467
205.0,28988.103462241437,21899.515772623243,127.80502485941665,649.5099967804639,127.46161990158937,12.295898122039192,2313.2585936926453,12.190070125488324
206.0,4597.451091308116,35579.79934451225,194.63866289526348,1063.7897111081188,137.95707398701515,16.679448263670377,3464.8424804763454,20.590494811432553
206.0,4461.682342897083,36878.70259138564,147.98802379661112,655.4879382999645,126.29545782566915,15.25951739896509,3423.9415705134693,18.122989382721027
206.0,21314.66992395453,36827.25674213933,336.1041046892598,4170.238365971801,108.82227357194563,24.048903649532498,5776.42235238281,21.83077102282871
206.0,23143.902128615508,36916.210902067985,331.9375891004613,3505.287882081683,105.23314794762848,16.650958774720902,3452.9520394592587,18.32489777529843
206.0,29000.709389829335,21906.33866103878,132.80517824780176,592.3102447392555,125.83017458718102,15.091681778393289,3098.0218505938305,16.244175548677365
207.0,27440.151188190706,36612.33262631465,131.2887955290895,942.8224475928616,143.95347575469225,20.594216976368056,5511.407269345974,13.406092707942756
207.0,28243.599089299645,36364.58722514078,319.05113844778936,2575.445927649324,111.72251360182389,20.522868690439793,4735.832321973657,27.09221840372927
207.0,29008.989553381587,21888.27028500701,117.35959605759875,446.51389962661915,130.60560609513428,18.004987865035673,4828.891326752048,19.314647042742443
208.0,26762.91579853839,35238.28999762903,189.74896460227095,811.1592660416601,134.43624912133959,23.588535344894108,6838.95495415853,34.36838677914042
208.0,28869.715893053854,36184.1006377536,150.69386089916628,595.3673249280413,117.60049372057098,14.841132679996038,3576.2061745740166,19.95954813063055
209.0,29003.86319172483,21925.838890298473,88.62411814166212,461.8942304712657,135.36140690529317,17.22789882315398,4472.757418644387,11.130425754392242
209.0,38496.84552371663,28331.116899019693,119.94017414335576,1563.3824308360752,130.89021298528445,17.81609642330218,3663.2199314162526,6.816779692239492
210.0,38580.780610824135,28202.025717892888,189.5315698958768,831.9669270183431,114.46885403487595,16.6117516263218,4609.586026393017,24.50147605453105
211.0,29025.636081108947,21906.714630045586,111.19089555416937,501.4077993852786,131.78160643907412,12.945487618189695,2506.24527899229,12.442224663280701
212.0,8874.998094663302,6605.927696342577,216.11109738314357,1960.643528435993,155.9837623399521,21.531901952457194,4890.769699749429,17.613800091584277
212.0,9837.187537661135,5214.829141360368,253.17093591380834,1258.804171621273,151.49118319304907,17.27096007795788,3272.4407106998606,29.535007860559457
212.0,28980.551514119492,21913.646583724374,105.94062242442726,482.0821782912923,127.8321249121229,14.96514660676865,3402.5130731902286,13.099879794316994
213.0,11621.768344814658,5100.896968564191,209.9338486469384,1054.2310228950716,161.10710710953285,19.514360953382294,3796.8714991713773,27.335591353714083
213.0,13700.587348065596,4213.023020602866,192.90891075308264,873.1157203455018,163.08066551591054,18.815090036943847,3746.005838606382,26.962654615277703
213.0,28984.54060133834,21885.32869541577,108.74374151236528,454.7808394836065,127.46125708434928,13.701436178674095,2947.20771011686,13.520962190477297
214.0,29015.765001490603,21909.739383088712,162.28723272954346,747.384191326106,124.76954049287563,13.599871800345639,2856.7155432577474,17.367441162688557
215.0,28993.122469894643,21896.463638257734,154.8667491316313,699.6118575870414,126.56446014519285,12.131739959091648,2231.3074511011087,15.605364189161563
216.0,29027.191449162838,21912.791541063252,108.85949491004645,462.51772645210286,129.077877676902,13.74776346081422,2980.7566626574785,13.384392999190114
217.0,7996.688963199923,28291.021613802077,166.4068991193579,975.9697227412925,128.5357724314816,15.503948817849738,3334.257691152395,15.851725891991256
217.0,26833.79770938162,34154.048430340634,137.77561661090203,760.0547405192987,133.78554047891652,19.875006648943607,4941.404160972194,17.252863181530447
217.0,28975.7811292816,21884.013059672536,99.002801833894,454.5497153273596,129.9148393538566,17.759398751930714,4392.03613009735,13.912288273902364
218.0,7443.890389195153,24510.442823844947,148.23442066834306,1000.1114774932632,149.12566242026477,18.30865250108346,4122.870892415393,14.38443976119618
218.0,8812.149045904893,24969.64044472255,292.98273162378234,1572.1593100218465,147.9460234470357,18.851601155885415,3943.9730921194205,34.11383691624632
218.0,10053.047309307265,24358.641646706008,212.83128093744384,1653.6028619311785,144.36329403866577,22.105259365485285,5376.838841603513,20.507943721604892
218.0,29008.30725484815,21926.94407687451,101.70839002138831,475.9265436388795,130.23044033821222,16.208370348684653,3756.6143198045374,13.087614226006707
219.0,7435.163727339102,24489.826921647258,128.023890536165,3336.1214481606444,149.65078889331176,21.769853154663995,5166.681364566417,4.672189172151127
219.0,29014.061853736137,21887.71076119646,104.87892835284524,527.5519610417239,133.29698730025342,13.495604772278849,2420.7944866435323,11.153837461612413
220.0,5826.44633285831,28241.273362269603,117.6399269673895,487.90120233471384,129.66293233647818,16.365391121230967,4103.1603305924355,16.59108622785119
220.0,7428.894731988714,24479.52960053067,116.0703330553298,2055.87002308193,146.9581784928156,20.317758546427292,4807.014756654274,5.635103752848245
220.0,18377.189420444112,39101.024456607505,134.6522367851088,1773.381823988643,132.4528533617031,17.839237329164753,3527.6021585035865,7.3964331502175344
220.0,28994.467538306693,21873.132063316414,108.8100708576848,440.0210660528148,130.64991593959581,15.266355194221907,3622.156872944937,15.044776392025636
221.0,2372.999594742657,34010.1545950619,180.49836276339673,896.766356725037,117.53159493253466,16.956062949981398,4234.9148003895225,21.266413066897407
221.0,15244.606309176446,19637.794042904523,114.48808431199718,758.4261065421247,145.70188238820393,21.778677274661856,6108.457057183255,13.348480912520143
221.0,29046.16523591739,21887.148162021393,124.0610656617075,545.1851141891782,127.40578358018672,16.219046257909625,4103.891717604337,16.393645469321065
222.0,3221.316770487201,33892.87767237302,268.03983087357466,1940.5423380817779,114.66648148608564,20.731753074848797,5209.0857365030815,25.706489597747662
222.0,10080.428385271087,14679.815043539673,132.37742341014206,4083.4853848070456,170.0775949910933,31.915034305631693,8251.762081780338,5.267501945048429
222.0,10166.61485669159,17528.219624938953,234.36791155339503,1112.975471259212,144.34847778289875,24.419324059714175,6776.581552915061,39.299985915096386
222.0,11527.277497289282,18724.94661202878,121.35901005749388,607.6560145471191,149.88452499678428,10.364426290197455,1411.6274778993475,10.708718580882351
222.0,12480.99412180961,18269.729201140202,317.2702037139326,3614.9513477725404,138.5823785608105,24.522064609624092,5526.887555624765,22.799070028377315
222.0,14243.257619528087,19728.27071980655,247.57605084180835,1448.2488251878563,135.86592277719106,17.495617932832662,3573.14943187648,25.123102904209635
222.0,29006.583591981893,21895.713463421413,116.79973660239705,513.9692311295164,129.2593370439003,15.232637859232652,3323.499570844425,14.822210385479147
223.0,2649.031577054605,31108.882762107594,148.6490201110501,6149.889793882391,164.66615360774998,43.68300063277492,12957.244602322653,5.658470992109691
223.0,10172.643802421742,14382.2205002983,116.52933706789238,2048.7995754016165,157.91405046544372,21.83361797219658,5049.711124134228,5.924689416695915
224.0,27444.08712776798,16092.912802068568,176.28584942970284,892.9183790263559,136.55215876756998,17.34036432451578,3896.8537480854843,20.83385703207412
224.0,28983.425301341336,21901.70610849458,114.02767951094437,595.9684905997916,129.01081571818648,14.587881742558928,3009.971821242134,12.160102984563032
225.0,3106.8614541509983,464.9337090450245,119.48630010974082,470.32962325651766,146.6831804051386,15.423958895723278,3283.520564802191,16.8259871628983
225.0,4625.903550641083,1247.277008878368,139.91285404560622,652.2073540179525,148.35828156158502,17.787924292827142,4023.703558586373,18.617998229791194
225.0,25975.840789424205,17077.46391534355,277.16974901200047,1674.9068507572472,134.0778831246141,24.29843686160901,6197.104652299613,36.43917872777792
225.0,28974.941041193357,21919.022944649147,93.60966310664227,442.1963616805831,129.12578518127083,15.381085415726744,3422.4986194166086,11.694215535328395
225.0,29635.240278669076,13800.150372121143,239.12323224711284,1689.9977357400448,150.65815932503864,28.019053773153924,8657.93060434927,31.02191698967968
225.0,30654.339365788026,14453.771261043283,166.31378178002004,1295.2090249430942,138.39991115996662,20.92505591375139,4843.457162836898,15.584024735727946
226.0,881.9922692236677,4279.013143827779,144.1731336854368,833.6772642917016,151.87154968248618,17.46780465603745,3513.770619841488,15.522846208604212
226.0,4633.699108112953,1278.3491035099355,155.95402265570303,2989.7559643813934,173.2423588093518,17.348711326943153,2999.2647110560442,6.064322341503193
226.0,5819.972163700703,17543.531760520287,302.91591979767526,3598.492462316713,123.54530330234331,32.01648323739664,9505.57954456185,26.723887458376126
226.0,5916.482433015361,18222.66692332472,239.0908473795182,3978.3940761081503,156.01545896076516,44.85491414455707,14684.941780306151,21.029055581206922
226.0,12682.661588460027,19446.0926379623,122.88261134194285,1090.8835382638235,146.47004186102427,18.724084118980375,4327.474473023989,9.818160793259192
226.0,29012.373714780584,21894.271013267913,117.97522945286023,635.8500904398708,125.93857143535124,16.3093571937405,4368.879287161783,13.182957579893031
227.0,4641.15072271575,1278.778079419096,149.765801822384,3467.4671851063586,179.92168842876728,20.171672281345234,3877.2265129581797,5.5200447105932655
227.0,5768.990947846205,17368.7528723628,115.01711376915198,1974.9941049405502,150.9226060672003,28.060635835351754,7135.718529384041,7.04155501240463
227.0,29030.939462561655,21907.09787875669,94.66170999830457,488.880941825583,130.17245625973857,15.187851309807623,3550.23193090782,10.863251999561642
228.0,4640.643608120455,1279.5309366949768,154.25221745153388,3573.733099210918,176.88601277355394,26.44902439741037,5722.672967925606,6.688309731254867
228.0,5767.935542538986,17367.278482495345,129.60081492124786,2182.127583789834,146.84286033105084,24.76100031074298,6459.326057920959,7.2437585655489025
228.0,29002.629698916386,21915.621671680412,114.57836953558049,495.0931588959877,143.4405454238371,13.419410549931253,2596.9728700329397,13.533895823407695
228.0,35032.720187918334,11357.389645582954,142.85949117487004,535.2332086376215,137.5831144441014,20.50126881465492,5667.3517907178675,26.22428510590498
229.0,4629.11875541564,1266.6550005246042,122.9102553063749,548.5975370445973,147.15139965346953,17.53867413621001,3953.168410295627,17.053034457057535
229.0,5759.236261900623,17356.1975632477,138.84365331504023,2191.4044633630247,145.83380398491207,22.83130040979956,5491.443855498666,7.658796065726962
229.0,10697.47843990763,5228.5104632080165,236.9004730259751,1462.9288149873405,161.84813988755158,28.11815748687361,7813.738752900037,35.1412548850157
229.0,12584.647325311926,2719.105708070491,242.4229744202807,2356.06244925423,164.69070329000525,20.569655068578008,3999.8296830722556,17.677445008819166
229.0,26101.486718249707,9832.248599062073,182.72720193136837,875.548374027144,148.19901168937918,18.78223187645639,4211.121646287287,24.263200527166887
229.0,29027.547867398138,21913.350197666186,111.08571205470975,511.3512737491285,128.79719788763035,14.45148394051381,2956.031512625462,13.164157893861631
230.0,9568.050546292288,32022.905776552296,145.2878544617493,1780.8753427507847,153.70881758448473,24.804929797812527,6384.0634323743025,10.52730520751886
230.0,18094.090226429344,10024.379190014428,398.14746094740354,5143.536002038555,127.51941214879874,27.838076523727796,6933.144555997219,28.17483840115917
230.0,18122.32354645015,9656.554393952343,237.3948048310344,1578.0504406125062,158.65021595720506,22.7624135664113,5670.752106961869,27.01295332747615
230.0,19512.727596104083,4183.1559934355955,314.2293779995642,4027.5819790767055,160.11473849503707,26.168630125703014,5766.33089060944,21.417914840509415
230.0,19574.3842251955,7825.616369893402,167.94055344224984,779.4155425516043,160.97070379998405,18.8123780378529,4366.530673520158,23.146796075722925
230.0,22567.578824449865,11667.912082179082,167.6444127497396,851.9706377878409,147.967713426883,16.62562487705101,3345.227789857305,19.169616965960458
230.0,24031.29049100375,2583.487526438244,149.65164822693137,556.6739348735841,140.67110479621027,14.147174289429696,2810.2256738373594,20.156546323006324
230.0,25244.80046565236,13337.323283000063,229.0702955885787,1311.6095225721579,139.7853646951457,20.827158448104623,4450.510861725448,27.78154794312376
230.0,29012.985904600224,21927.06307431521,101.4140248726886,434.67090691174064,130.51461448020405,15.445090706108138,3585.562542048689,13.599200999166106
231.0,10220.23636947772,32368.30419413231,106.95150651423914,838.6241094298997,141.34806414084665,20.743193055479306,5941.849071540114,10.458141473837664
231.0,10375.924468175175,34349.63018842208,118.58173579903135,1228.871288000767,137.11554779475122,16.96982898180735,3739.997491180156,7.879399697966145
231.0,11505.619106577782,36407.689351108835,120.66224128598863,592.8744100761318,126.3876349980803,17.84701764158983,4653.164212122993,15.608511701366922
231.0,25571.280307673132,4859.0517909649925,299.3630918312148,4570.685739078265,138.5860638818733,27.132694844070215,7693.833899784359,17.917447042741973
231.0,29012.836451785013,21877.79863094807,122.36374656142326,559.0943032962326,127.25150373600016,13.812079513882216,2796.625580317793,13.905033828259832
232.0,28988.41760341342,21903.626211792205,138.19744144684836,609.9298887201644,127.45594000605627,14.367900353719836,2975.5586602386375,16.349312148713565
233.0,29029.53703549355,21923.53513988445,106.27941477858343,511.3097791671816,130.14713384162835,13.307353063705989,2719.840906472823,11.585114856552977
234.0,28990.103590175073,21883.663967373905,124.98789875907985,568.5344996880145,128.5515406327728,12.367773441835638,2403.3587455115166,13.170903974781165
235.0,28995.3573722443,21921.165212195814,127.34757789935932,661.4057740985054,127.19177598174896,13.586136981460518,2721.4843089382452,12.749393543731289
236.0,28997.527576207314,21916.971547148176,90.83159227488615,499.819317874864,127.90334305544522,13.663044708851773,2646.45715912281,9.369892617015404
237.0,7353.438527559997,970.4495751057499,376.4995162670544,4564.738053946094,116.17854267467152,22.07270529115428,4949.469569271997,23.013901575615918
237.0,28991.652030998583,21893.606816238884,105.3569505207787,527.4511674770743,132.76687066752675,16.645360625788452,4165.973578226843,12.964282974317722
238.0,28987.650472404825,21922.221390184925,88.52059420385216,410.5196547271608,132.69339573379162,14.323487148858678,3029.2894173791897,10.845197253147985
239.0,28971.75719745723,21897.330123659198,95.54902694028384,384.4561940902536,127.08862882543148,14.682098312991084,3416.009401535725,13.184071531787806
240.0,27086.983790827202,14147.628413360988,122.3060234181811,466.67280233253933,141.3981646197764,14.523704941040318,2780.851587467364,16.85475135790029
240.0,28969.83172705188,21897.05755457881,130.91568147826234,480.3016469659421,132.14400430716563,13.128227004851171,2497.1609290059914,17.144218885525245
241.0,28984.608416082323,21894.920891274014,139.41120290457246,696.652698288299,123.10316258408312,14.98373848180186,3176.822055205019,15.249214829480625
241.0,35157.439471838756,12388.237276925796,231.1152768474528,1507.131032858695,125.17316313801372,16.745132307537837,3775.403406407524,20.55273169807644
242.0,28990.77107526702,21916.647482052245,128.80639420411003,523.309014462609,125.9453004885541,15.06628274400368,3407.185550380204,17.153987644897192
243.0,28945.247887132093,21921.552145955848,114.5141006879323,550.8584680135848,130.10205665328206,15.456966486453211,3280.219182166612,13.639540523106724
244.0,28984.62108663894,21937.406443848988,142.606411014222,693.69328324201,124.76818842262922,14.56404302522484,3200.5767797787807,15.585251745413078
244.0,37280.92506933187,3037.4619589737244,226.58907084499293,1408.2802187910024,129.32272655865992,20.436867383086014,4849.947999298976,25.02599766326279
245.0,7451.2100103202765,32623.084079675366,141.53203785276366,840.2019911797638,141.97089199795084,22.690010936941505,6192.338735520337,18.46902644830931
245.0,7559.97699439032,33378.81727326338,176.7006700452303,1721.5194553540239,134.18408426396843,20.405120772298588,4202.588011655291,13.177963883491339
245.0,8687.136550272284,35208.18349030752,116.85461427304809,582.3841702741327,132.37499032973938,15.249986832571075,3344.469899348214,13.327110810140077
245.0,29029.918582650072,21873.642124346345,158.26172494802157,741.9576980347771,128.8717468127861,16.293993410306445,3717.897547290194,19.264806012580348
245.0,38063.517504312425,2279.9391588517638,163.91930833183608,656.490178870126,129.90715952334327,17.340760842790193,4240.789365704531,24.20425632878289
246.0,9351.194749440314,34670.206440651265,224.77205870467233,1384.4674538454215,126.70032721725364,14.994778338162837,2961.3101141781876,19.29177548124872
246.0,15245.61549356243,33051.62546153709,118.12381969479404,1313.1084111381172,147.83202529372625,21.03739270749372,5755.3616007497085,8.516820730631183
246.0,28536.82217203597,25517.129682583385,160.30693659885964,795.1706779644892,130.10491480150154,15.683304224924202,3433.3316491252613,17.963256334006005
246.0,29004.602303708918,21891.360493578297,130.5856392285957,498.57245629903645,128.7768185091874,13.83143316391179,2762.635530556774,17.179014388332465
247.0,16044.901580517182,34978.63366577064,129.7721458261615,1018.8179355478886,152.99125065741185,23.93184779074544,5845.628628308672,13.809385859766225
247.0,28969.567274129447,21901.34308434965,126.55867895917578,603.6841970048913,128.88344763697816,15.434458097854906,3587.3005842737284,14.942222683551968
248.0,13683.712695851222,34156.351792432106,121.3793594623981,529.0129848327956,129.00757804753155,14.467524793134778,3110.266506807632,14.868548201867362
248.0,19031.048727695048,33178.11344006097,131.25701005913135,667.6870544348048,142.28786490724912,16.77772258814616,3873.7027009127455,15.526748408867654
248.0,19230.507370836942,37638.388077871714,180.04637423265288,1967.5615471521332,130.03734820134687,18.78259218077376,3796.0724112097373,11.367585904312664
248.0,22227.659928214103,39171.846755802915,183.6674457899818,1240.170324165585,126.14231099984951,18.053865251765682,4282.036208133458,17.200201193792914
248.0,28994.888295744542,21879.44786467915,90.8963029353812,411.883337427249,131.51303019022748,17.973609506088643,4630.971753889972,13.208351958676214
249.0,5817.535086563928,25443.067289172905,104.28610574986202,434.73610179780724,137.07176937965664,13.98503907771832,2985.8752917051784,13.287641089943957
249.0,6607.940957272655,26380.631407905985,162.1221315391247,997.2778324445578,140.52135431768104,16.975345741805054,3775.8457243636212,15.931349349025671
249.0,7856.177853396208,38186.772179617976,136.1572390044893,821.8733946032451,147.38215650724445,24.98602178904258,7634.258110370844,19.064703080261864
249.0,8285.98861403762,25092.12919066265,144.04461714371524,1491.2116439045292,153.7677790456332,22.175245027207527,5042.0277626378465,11.130351512446618
249.0,10776.274924216354,25343.536807036857,130.1898543819166,2657.7826192455996,155.31462093337524,23.723591744936904,5798.123430715358,6.025128736049763
249.0,12708.069211085724,25461.156430869374,184.2695438066384,1037.9855814466544,132.13204092463286,17.91989778721765,4092.2177025219753,20.225698527940065
249.0,16954.894827779935,37844.4306097996,177.51942740019484,816.0016813317311,122.11791887639957,16.320552296487133,3880.813400748029,21.788682444897866
249.0,29013.345726783733,21893.373241590263,142.32001563712626,599.4816743111875,128.95127087279306,16.076646218355634,3647.754699750537,19.089630189632878
250.0,10797.064915877452,25310.990021583686,125.99482870232725,893.6074541130444,151.0043497078619,21.593007413230872,5782.351271785845,13.570868499137546
250.0,12059.692229634033,24666.07994237109,214.6706138867357,3392.054173056257,174.5956086721709,36.68747553049929,10395.102304620354,16.575994379142763
250.0,12101.602136979433,27170.91309377257,228.38340761269558,1057.7317208200695,140.66050755284567,15.111693079470083,2873.115659028292,25.547342690129863
250.0,12358.008558788824,25727.60788301167,112.06819745258473,913.1074170121176,170.35059189328257,23.331960989093155,5718.525758589528,11.49784921739997
250.0,13279.337615431557,27235.6961325747,110.76016367927927,795.0899269872205,149.27051500515012,15.18707001045741,2846.5692970607047,9.385969161460858
250.0,17887.636851569514,26714.81652847447,215.37598761564948,1588.4103255700634,129.85838506620922,17.28150431879502,3862.391330093962,17.690053773391682
250.0,29004.59057661089,21898.537912547163,89.98716607062215,404.442014122707,128.3851675909292,15.114878357370253,3415.307741317955,11.674741675241664
251.0,13167.51141990506,38511.433174909034,196.30241657008895,1610.7531047009852,137.30811781449853,19.721901387476482,4228.3240003690835,16.445604927133402
251.0,14858.367147211007,38012.68011253215,79.9045306772181,335.59666566134916,131.17109096739858,17.85992657260949,4681.787625383865,12.613674399828128
251.0,28977.261444650438,21917.537269446206,117.08720939611005,547.4560804662115,126.31511368282175,15.869350331733179,3880.5794609727604,14.523553046087986
252.0,29009.99909236,21889.064490590004,115.62246825168698,523.672573447167,126.87951143233461,13.721558055330426,2807.5399424915427,13.306526157692147
253.0,28966.84782450256,21904.065128459075,109.76808804945524,549.309312456618,128.76107250672058,15.5215935994192,3697.570752330215,12.764841102611127
254.0,28948.962849714582,21917.17386641006,127.62885548880034,580.3946236406955,133.13630489986036,15.284350756028442,3470.53247325784,15.578590983962089
255.0,29005.138045345393,21916.963755135137,128.85709324759904,585.5154123332903,127.75652132137655,13.6533360573294,2930.319327667631,14.468813754829437
256.0,29001.604896509347,21878.33294493855,106.4600210396855,527.6460069493692,130.50464682500535,16.591886750719567,3945.649402393953,13.161372709526724
257.0,28980.432179904612,21889.807750776796,112.20293484341329,487.77138668697546,134.17949659184748,15.091956740656448,3170.9601188268302,14.379887217437872
258.0,28959.54078516497,21853.412042605956,117.3761901383048,520.1463890902569,129.14128173266005,13.446549213407241,2496.4569543069747,13.532576393408407
259.0,29008.37089936422,21903.255527145313,139.8127654282071,710.2591214123598,124.33388204051472,13.962828521260192,3043.558870319063,14.311412957635207
260.0,28989.883571131737,21871.24287670517,124.89130321638238,576.2672550389505,132.04590730401412,12.822534063686502,2369.793141655124,13.324396531554584
261.0,28973.159503856434,21923.419277526384,133.75707151135074,591.8791035858043,129.60451031946224,16.221141167495283,3903.3118004401194,17.407484569813523
262.0,29000.82079742726,21891.56088328176,117.16644945910731,554.29432634203,128.50311603186375,17.3433071983183,4291.549923641952,15.386741712536525
263.0,27399.856644715554,39856.54201128863,119.67707454727359,767.2905326443846,115.37729051316504,14.47305723403149,3377.768210779656,10.613080338805329
263.0,28980.259898816064,21909.131044331825,120.67066138437012,618.4703727887845,127.0572392662561,12.793049165590483,2475.294347246724,11.86110228458539
263.0,34437.16037731531,22493.910578272385,123.39667522944853,2629.3061113933645,144.5359685369816,20.830894780594573,5466.517684003682,5.181801407307467
264.0,25329.85350037681,35425.126729351105,234.8387685709077,1343.0026814271628,121.73257326772112,18.642261524334256,4745.704359644991,25.812669987639133
264.0,28995.74991326651,21879.16471226511,124.7902377182739,468.93424488122946,128.79438803766553,13.479996760369097,2607.5895138751957,16.435492590114535
264.0,29238.877598036306,34463.50740249666,131.25864540229705,515.1855121718249,128.06809946081236,17.78858246056727,4805.865352136948,20.5617835786313
264.0,34448.91615725008,22559.595591143974,162.0120622304732,1036.2362700416672,121.01836460170371,15.0553362976159,3182.5267449242974,14.045279587781675
265.0,28971.06540349191,21849.42473625922,108.89983784536534,504.17560642913736,130.2010175487982,15.057039429453672,3454.302683524068,13.263614322099345
266.0,28992.51760540098,21883.458959280477,149.0497984344111,668.8869909827991,121.42360887292082,14.155285983913824,3129.8322642261414,17.009198214232608
267.0,28989.07410065995,21924.29898271403,108.0795365493024,460.1556037346295,126.89559364455198,14.873370904012823,3311.320436328697,14.03809815969758
268.0,20818.309302531477,12202.54538517911,237.7037087015728,1119.867779002953,141.1052846472164,14.812586669345427,2908.091783543652,25.653046324349063
268.0,22722.06454724655,15004.773319509055,373.07853474441384,2571.158737430663,148.20825393216967,25.896209595876456,6747.55378616139,45.41809203941407
268.0,23958.607722865592,10020.556666205275,212.47009411182958,1035.7430924317946,152.91705801162465,22.015140303314173,6268.427942687069,31.694338578717275
268.0,28973.794417870853,21873.283716696205,109.01783585027951,458.65116809436114,128.02822180229919,12.050751213003421,2270.9593396939,12.383774569971415
269.0,22532.051193820294,8853.53646815774,150.70529191821998,802.2083393936615,153.43762509984873,18.494186135936637,4099.416814020953,18.21554503408545
269.0,29016.295737128035,21901.379967347675,130.3063934630066,509.07565414794425,131.75570968914158,14.144465070390812,3042.3171466960093,17.091334067798567
270.0,28997.078351581637,21870.16826970716,104.83483775518019,467.9751539669488,126.6424873112186,17.80041992811268,4912.397574234346,15.006828315804228
271.0,28991.769164489386,21875.04543582762,148.95359782937402,642.053389719963,125.95333439973999,15.528294514858908,3543.124417886165,18.938072765893722
271.0,30912.756220497955,9330.269660012775,165.77525561121067,621.154426294628,127.90772067096702,17.93276402497978,4577.006571123285,26.789063096275584
272.0,28986.82891482608,21870.10160168638,102.57036057247677,385.963235216019,129.98837650018254,15.497731949735316,3490.882685542427,15.407293140932829
273.0,620.7584557477138,12843.161521237778,121.01905484629188,575.3293523014702,134.27013619678095,16.961891351742292,3881.9893905214817,15.48925067484976
273.0,1781.0556049512677,14222.627810005628,225.64688409320073,1304.6698454994548,128.8474162207849,15.239227201727298,3032.2355744437396,20.767736234195294
273.0,29005.179328025202,21886.486206317815,128.6306981588982,515.8355862965531,129.67178416160272,13.442666025045872,2739.0781523716078,15.908040851076958
274.0,7035.901586156506,1498.2777376780173,155.772170139578,5357.333866675454,174.5528988619361,36.15919310374981,8440.722117728432,6.009747262520194
274.0,28995.864125530974,21894.994710730774,104.17738511491592,514.4109083838026,130.12828757632414,19.322663225068652,5471.941082584773,14.543293276864114
275.0,17281.937178694578,2743.4035387942,205.8286524258862,895.3644048579228,157.23899668324356,19.91128836420093,4053.1334596667275,31.295221362626272
275.0,28961.89443044969,21855.12333915404,140.28571240860978,625.8883766080544,130.37185437736866,15.006904495082269,3334.4182146278217,16.95898365669446
276.0,20499.344730372046,1600.0187126707779,251.93834374289062,1854.330619620806,171.9728869905711,26.907872146076244,6322.928509967331,30.214958626522673
276.0,21631.460039120175,2715.8858305075564,211.90061394196718,1137.5757384595256,171.36938070749625,25.612193312851655,6224.789951548443,33.118378820325724
276.0,28941.118366393897,21866.418793230438,136.84309659361665,581.5186914916575,127.57738292618268,13.815527819674529,2920.50504177172,16.27237983914611
277.0,28995.69320675785,21891.048893089446,117.59278007941481,581.4818596963053,126.85967582871804,14.792887970527977,3146.9534043567683,13.198936491452358
278.0,28988.402368756484,21921.745596983277,125.93414195903507,530.5226561792922,128.49685433722522,14.893284396308081,3241.340073225547,16.14980821970567
279.0,28977.104215391464,21893.09223798394,154.24518688398337,728.2788360178683,123.90857564215432,13.988374273547224,2881.127571414599,16.608162880196755
280.0,19891.691058566907,13754.62356381951,112.53366000998568,464.26125926946963,147.17790083584134,17.93787322523662,4132.617686046403,17.236619437195014
280.0,28955.415641589774,21877.85737271897,0.40196946306717063,151.231968103298,130.35621474103996,22.308194904985733,6787.350236015776,3.7326564025899183
281.0,28992.589762996235,21901.92272823161,102.43629525451976,497.3106860753555,127.5184961696361,15.055643851798612,3755.240499271126,12.114449245498541
282.0,28983.249314943852,21861.94720550159,100.12772277554939,431.2285883800479,128.7348013256787,12.849477053016129,2487.7945478506185,11.836492795599083
283.0,28984.92356600868,21856.899961323594,91.94802647642666,439.73673948454336,129.0966449316761,14.628372377405507,3262.934313445343,11.039894778975784
284.0,24960.262269774026,551.859949999144,107.30250007996393,794.8689629755497,143.9092124055382,18.16447010181581,4312.513169811771,10.022211650211952
284.0,28944.233166412632,21904.50969326813,106.56001825268028,505.57993998489974,129.2405777556331,14.213407822229986,3087.649690427129,12.263477218352822
285.0,24967.73353148158,557.5810907969502,116.73214146377913,800.8018325431904,147.78988438221614,19.067399402880113,4376.619994220955,11.887510842970451
285.0,29005.59862849091,21876.241940895354,111.18231211121845,501.33764433049885,130.33773283875618,12.63216827881099,2578.9462546536042,12.2459060161212
286.0,8721.259498139763,35100.946860953074,150.11921403672608,624.3019952515841,123.12279092543673,16.34170564090091,4122.584188915735,20.530609514042812
286.0,28957.12155776579,21929.092372126946,105.42687273127456,487.9284699198157,131.04503525249768,16.95040208732993,4153.049882567496,14.074593531718248
287.0,16621.318970797594,34266.922105592064,93.7535436740106,385.71858803008007,145.25988222778335,19.285280533570212,4959.596188014349,15.589751800088754
287.0,16928.20761603745,36157.060204251575,333.7838143158977,3893.438527989239,124.88864692935205,22.45543314518644,5073.936734311303,21.638923013290764
287.0,28996.164957257053,21880.408574399105,113.89328738217827,532.8529511217004,125.80375507172745,11.261398654619894,1951.0603756419787,11.285229982038231
287.0,37694.2762395853,31844.66468324347,150.17931908653122,856.3400382872276,123.36463446784228,16.358862960877616,4133.5656949531385,15.481572462906906
287.0,38555.26494386922,29350.661402495272,110.85921192964346,1193.7523923047518,126.40298256322308,15.516284315625676,3169.067826230892,6.908152644883915
288.0,28995.328976609686,21872.846840732156,110.87031622899087,534.7437589802956,129.1605512626886,18.237795653530835,4928.807389754607,14.988028502663333
289.0,29001.91575384992,21883.455176365263,104.49016193165428,403.4453728813332,129.83768581958205,13.943258084021918,3123.129240000634,14.173760723256654
290.0,29003.280421659303,21894.390507712917,126.12970361433266,474.1196917695824,129.20406482981065,15.33704858929743,3545.2979868041352,18.298492113939155
292.0,28975.00277091653,21887.364486729974,135.44367935557096,578.4210255770475,123.20230572777518,13.67845980314195,3180.243961018417,15.942726227210347
293.0,28939.7147101388,21842.171838977512,141.1178669266573,575.9563711774241,130.0870853906076,15.755826182490072,3463.5930033441077,19.179337846994088
294.0,28983.299857273512,21890.620799105345,156.84738731303287,677.2937195041031,121.6904884594542,15.22215494109667,3696.596301261701,19.485158677509894
295.0,28986.803505274613,21876.929696033196,131.71120646777155,582.8965506900943,123.54850434165313,13.353598781222143,2889.8518595561477,14.837635781706085
296.0,29003.529988022987,21903.755666491732,124.20421040533908,539.5690007124789,125.07948730608716,14.732875702709315,3287.0361402873514,15.410230455225692
297.0,28983.783459070994,21865.79691028891,98.16051561070334,408.11080691461393,127.80674822033532,14.83351355967259,3201.5907816504796,13.202884241770843
298.0,28984.98160004885,21868.138858024147,118.29691830443056,555.4135785153371,127.52407890983145,14.27674355242779,3204.222423566444,13.521154182156998
299.0,5217.63668362364,28210.702857441058,277.4211127829687,1711.1267024378933,129.28481324440762,16.871813923156918,3637.2163875371384,25.761791122918645
299.0,29030.65263750683,21874.078438905264,110.27987216216955,475.36830925382657,129.67328225572032,17.05299308314083,4124.356830482591,15.646756983214322
300.0,28959.868326253112,21908.254071111285,98.11400534089964,471.17718537779115,126.7841361781477,15.86126592630975,3946.8035389777124,12.236275541203229
301.0,28962.76727026852,21885.959195635805,124.332806333396,579.0294433868086,128.49909789355132,13.483212071431801,2851.633484613688,13.632706428678691
302.0,28955.534983823753,21851.002992851954,138.5450843531489,577.3726995982265,127.88124648859686,12.985280940617125,2434.3718228232015,15.981450468367896
303.0,918.5662714584023,14913.828952396312,154.75507165772902,1479.6319404467201,133.3982588959349,20.607667512155977,5275.807433402557,12.016686467848263
303.0,1420.2491029805185,13524.606612456642,245.1456528399821,2762.8811530240546,127.58778905881873,24.445101220679344,6374.678600692709,18.036821121681758
303.0,28989.963193500622,21901.410972375616,118.56279793590785,591.7730838245516,133.7039454387912,14.428910998357805,2990.703176709816,12.955926118986657
305.0,28983.070366992415,21884.609588745476,146.80366995966412,654.1028898896318,125.69317283864076,13.955746166876997,3334.2695197941653,16.71239967454173
306.0,28990.463876103335,21876.08430735087,129.9297825555974,516.0115826132674,123.8142863962353,11.742643105270147,2107.1865958388858,14.704956998677268
307.0,28990.793115492135,21897.847035041657,107.91031904849741,511.0548853971958,125.47391592485066,14.237634345326205,3144.6338978612534,12.422518770058218
309.0,459.3078929508575,28226.753150283486,190.70356243113125,1490.4303033387596,128.54332028442414,24.443561507423404,6172.575946638252,20.096660156934426
309.0,28953.915560436584,21913.41263070335,136.90402649769206,597.4640979888077,127.450933704561,15.661876011449847,3719.3782313956917,17.499905590492837
310.0,5083.188892592012,27542.750718341213,411.5493434630869,4083.757886459165,92.68272636113305,19.39729476473751,4960.0322395596695,26.960841542151122
310.0,28993.601819466814,21873.0386687776,96.37243093053058,431.17179044615915,127.96475754912314,15.324648854388549,3516.337040328587,12.501767415111434
311.0,4311.0266638269195,30085.547609657293,257.4566683782133,1377.0806118389196,137.10987429109167,21.635577739803455,6022.183693094533,34.29213244122532
311.0,7856.875698906275,15111.692573894265,132.89899497864494,625.3435748051463,143.26797611723939,13.864852167621049,2455.390949225406,14.57072667672258
311.0,8989.072163060713,23852.382203750363,136.99111455830476,2308.7410325392198,153.25668197341685,23.083870700609154,6245.544602674618,7.222922280399118
311.0,11435.428005839332,23239.61631109984,140.56358839528554,536.5316244941193,143.81118479683343,15.591183661051662,3238.7688568842545,20.132040428795126
311.0,28961.99440078123,36838.86165457698,130.4032250769928,1118.7475076818057,121.94382378493401,16.230458235336968,4164.15872066096,9.63270001723413
312.0,4520.063502943495,29222.595050058393,102.11739361587523,807.1347184753438,135.22146423387778,17.130885594935208,4207.742444746133,8.783377685336571
312.0,29021.173563991888,21921.836195652602,176.10850328844748,888.4287316225682,119.56266264839103,14.399420285484972,3122.9870162584884,17.98290465320041
312.0,28971.86333785771,36903.57212626153,145.75949541738322,683.7101323420634,122.54989464495104,15.90289413557002,3691.671423073503,17.550029409113534
313.0,794.7597345759789,37022.505325425045,176.95322223428164,1097.182418448286,115.85418674333958,16.734375120759157,3866.3256967829784,16.903984356888913
313.0,28980.055586678336,21842.99931867506,111.36695256377801,420.75089009765753,130.73026848538652,15.255268858300969,3461.96985717734,16.27856207456678
313.0,30519.461597701917,35516.681559467834,265.5162958945276,1596.3736416085267,121.48667172381602,23.63735023627185,6521.830729035325,34.247901622825424
314.0,23047.689766235762,34026.65461971155,290.37473440585217,1818.731625194675,129.04075683873415,22.106044617965907,5692.621915763547,33.73479589001445
314.0,28964.765568960094,21881.39339956542,108.32667250650502,485.5426904652215,127.08834477646387,14.079503945115682,3135.799986528846,12.953133834500303
315.0,11238.332932438068,19612.35631016855,176.18916845929644,851.5086871148458,148.1305966250145,20.81302631580195,4979.5630461438195,25.450481897375408
315.0,12716.962568206105,21225.13755101507,168.58020087306494,971.3541330745238,147.03103105160008,16.359463810032995,3364.177679122096,16.983279624467706
315.0,29020.2703551423,21897.66641073599,119.38121984719085,508.5036089218613,130.92176948104807,12.515889387324492,2170.3344864595806,13.510180336237552
316.0,10154.342284587605,16780.357437427927,174.52191009605824,1589.1005893344188,155.39863109491634,20.925636891760035,5102.743078771256,14.127216379197106
316.0,11461.501595844347,16781.272654098906,160.45129872032655,783.8503202958774,156.36790614737413,16.47720269500027,3172.8348350545034,18.96119531743421
316.0,18729.846965092947,11284.355915913686,265.9600191700356,1851.0882885795656,140.39312837181046,20.8008699608769,4925.47511396292,26.564074975773035
317.0,28991.72335633239,21820.210550961077,93.95416002075828,399.10182747485095,126.6445203900571,12.693315876569311,2438.671786565892,11.308165832277998
318.0,28944.820459217688,21880.730195856646,119.63238314703047,516.0453815887696,129.63658824340257,13.275933430980034,2747.45244828142,13.939894536898349
320.0,28969.279092881257,21893.089568770265,124.65888392573318,572.3408575439901,124.34983068343584,15.81114731969845,3862.367883494518,15.5305014464723
321.0,7105.33725361191,14099.075700438607,140.9129904504175,647.7695455845376,142.6654276121644,15.943459930443698,3348.050751251078,17.378447259167604
321.0,23178.654835634392,7519.001760540126,174.56190727936135,1222.7610265250548,163.92946886924514,18.891537749432796,4029.8341102896625,16.489537293681284
322.0,24886.53604594328,3152.300787394906,114.124293013544,3295.076549505409,176.8909655524285,27.959065558244646,6909.590084713275,4.548208899826032
322.0,25808.5111412225,4663.55990719314,256.75879495729316,1826.8439476594388,164.1698798889184,25.42004688976535,6260.872516471048,30.164320532456134
322.0,28960.67758569328,21899.15288462488,104.01114001783894,471.6730816922276,130.90302608893828,13.221694498826787,2569.0427149771986,11.906384326606469
323.0,28979.918185921335,21872.70774088124,120.59949288382855,461.7339454140086,129.3623328384864,11.616082907199578,2080.0832922562354,14.165328393453324
324.0,28887.283660338773,21837.592215067332,152.63186676570328,740.5432356375358,143.58299306814757,14.360146349353602,2700.044528847738,16.390365803806876
325.0,28963.561585530722,21855.694190510603,116.33683930865874,463.2541681541094,128.06863157060752,17.593952850216798,4826.430076966049,18.045618482820686
325.0,30330.66051263038,12288.092508357911,210.84582009432694,1028.505205649989,144.17947260098575,16.330155642892606,3498.9611572633567,24.16198851244448
325.0,32727.986975981472,23587.209825171354,121.10767973569422,2365.793308151347,136.0477126703184,20.74186231559366,5705.52087327887,5.452407154063407
326.0,28988.771632220938,21865.003193387794,114.6006673569519,490.6943664130178,125.16527871671063,18.231108750380184,4949.087032547182,17.161669128448143
326.0,32725.25177100844,23587.763249165357,130.18221315601775,1822.3424706710528,125.0536621595619,20.175769709713975,5013.704637048792,7.399621389993545
326.0,34354.25352211035,24752.080809430292,127.54082019785933,1040.6053131598774,132.55680063683195,21.083853837344325,5657.682135767317,11.885920494178304
327.0,30989.422000647664,25877.779534639816,122.39626171847712,2610.0245756798113,157.25354219039014,25.001350535308415,6913.474298024401,5.723498933422811
327.0,31431.339213148978,24870.7049842129,459.0355969773849,5837.340871325908,93.2756168953152,23.049207683672847,5777.097981424429,27.58175667607002
328.0,28951.660530166715,21902.58981649503,139.00272528332698,617.1781752100453,129.0411124991017,13.166707570108802,2597.4558829029847,15.32785915093182
328.0,31166.412082713938,32991.83805819015,130.477582659057,1922.505001454861,121.2559057600712,13.198097901445594,2715.591492532583,5.690849247871164
329.0,29007.160366692093,21857.370301959647,129.3717799009027,499.2078847610741,128.13336529104544,14.27565925928408,3068.2609681218487,17.291948688147794
329.0,31214.83206877847,33016.154366691866,158.48014654982637,1180.9457104414814,118.81053149376424,14.249588550235964,2972.6511448220745,11.645741273475894
330.0,28981.98255791352,21870.7116110865,121.5119468341284,570.9368007994782,129.27051065374994,16.28572526791851,3968.073930123303,15.223538354379796
331.0,28952.2066113654,21854.962946587828,143.31038639050252,589.7624062199781,125.40732099794202,14.938573594494049,3310.181514881868,18.500332808168604
331.0,32588.93518842027,6432.7208875926835,103.16017877499857,598.6866411200695,126.5741050919823,15.184550189092286,3768.2698874780294,10.559208198213621
331.0,32994.38273881829,8019.554959908528,133.10701492492467,945.0200040973333,140.93646381421647,18.907513569025497,4572.552701426012,12.831486788529638
332.0,28951.664060773383,12671.605511466178,216.73555860977294,6466.993861832551,149.5105906995036,53.1708828667987,14977.365655437348,12.772714548227114
332.0,28991.168212491975,21864.74945426323,108.4041736001863,478.0122286494191,132.5323429956004,10.696252835395692,1682.5826301984368,11.059666366459648
333.0,28753.952050899014,13427.21679441414,134.18552678233857,596.692269674274,190.62583161425192,33.34406118284241,10019.8801671512,32.7163729288478
333.0,28961.938495292572,21878.420095247646,123.79326915071931,698.196723576713,127.35973366694158,12.741889989377015,2595.747400062663,11.165737920030342
333.0,29266.322407653428,11454.0420485335,115.42096412340189,1349.362161922401,151.4289057482572,16.915530968965875,3630.510534701227,7.002402789972302
334.0,885.5594945860503,35242.04729598247,117.27640808376056,1058.807484415118,124.82939116087353,17.52488658149864,4738.553803400348,8.915611091303246
334.0,28943.607875668422,21881.14270403204,106.49250980078448,474.9213834136919,128.2436061124804,15.83929706670493,3696.9658578818053,13.943120289274953
334.0,29253.67356431515,11434.278734422336,148.53354810629602,1232.0495076856678,130.71723523208934,18.702776434617427,4334.960378544772,12.207791389465678
336.0,29000.46241776036,21909.819210109956,128.63210892780245,555.7102299837791,125.79160548832768,15.269743908364108,3444.5547194713113,16.396340779225508
337.0,26933.814006200915,11317.625817440907,233.43248138622562,1711.915992737195,140.40180024052458,16.915780942235696,3263.533314617494,18.791002081308296
337.0,28977.990604035895,21891.816673906473,108.05582996594389,462.2304552263283,130.70103236192273,15.469479165477985,3531.2216083606227,14.383276338738684
338.0,28967.97120476206,21843.64794433214,128.2714754778843,484.009892222867,130.76550980436565,16.54841512444896,3944.1185000978194,19.671036389182742
339.0,28955.97955401134,21868.128252879098,100.52857714877278,420.4752644598295,130.79289025950865,15.443483135412928,3480.675132213542,13.785716489400622
340.0,28983.230076320513,21865.96364824986,112.56452585834171,457.82839816036795,126.95344979111458,16.665787905853445,4287.36024386379,16.475655795219872
341.0,28963.305530813413,21868.91189268235,134.7433441680373,509.6250609038153,129.8504215366885,14.397802526312722,3087.220229886388,18.355981311667644
343.0,2760.375032877524,33675.51117390425,140.8672743890784,815.7203295629874,124.601549122995,14.889903001169374,3532.73498103337,13.47844690116945
344.0,3448.502136954528,32790.38093373007,298.934673995528,1895.8747813058371,113.84797713968452,17.836574412620795,4135.406322180513,28.249883342828003
344.0,28958.900207652623,21857.427080714744,140.1689777515953,514.073934669811,129.13266555354954,16.920442794739404,4153.922623822202,22.277331499989117
345.0,28946.7487804859,21890.484244555664,120.02894950735778,452.0873683525723,129.24919795618916,13.69446367562703,2692.3252106381588,16.054035399889376
345.0,34082.8595399322,6835.643038906579,125.45688031813437,763.7781844627473,119.9455055911814,16.72769177468001,4367.190025600946,12.731976488144705
346.0,5474.761975403748,22423.89933261902,234.37807700274718,1481.1790575668374,122.44932380058945,16.92719085093138,3888.99957408361,21.619448704679964
346.0,7934.739687878934,23703.307582297257,214.25867535941967,2758.4762406756936,143.21444464158304,26.15161657318011,7347.547932309058,14.911444050607749
346.0,8424.223573323907,23014.699623297667,274.47845790496484,2446.877723814056,150.534690719926,25.204813139677192,6152.657084442669,25.712964672575904
347.0,7537.780511608296,24532.285758271955,129.01490061372832,792.5015077015295,139.6570806288771,20.601642534624617,6143.328769213735,15.19180234321058
348.0,28977.623859813244,21886.54826561953,144.12273789588923,653.5942818650914,126.63308525398227,15.922156912468054,3550.687664713869,17.925618337673043
348.0,30692.157609974973,33896.61439491795,143.5245480745846,825.1004618982138,125.13480868022536,11.980768989527148,2100.7182388469405,11.892298702367682
349.0,22133.55996746806,34892.89266445582,98.85090500502083,518.9983319466991,127.08670725670417,11.39626349881879,1920.3646205803905,9.353203833471111
349.0,30994.789305628135,32340.983672241902,144.33607448827055,651.9620354547848,126.47228474227582,16.82960786372851,4015.9667271934713,18.832068744835496
351.0,26222.77516867073,8674.618566965775,268.48284562041886,1609.5847261349397,129.73671708126227,22.581617992616305,5613.332099037462,33.28031503017041
354.0,28986.345205499667,21865.877443872305,113.5945574188047,477.38248491917665,127.89557643009275,14.337436070335663,2985.1855618972904,14.414657635724124
355.0,28970.168288541892,21836.17366381027,104.45978180750922,475.7894694586158,129.06778244999015,17.050413840508465,4456.424421946962,14.223565697752273
356.0,28932.971541083763,21833.860610178566,172.7942717462488,722.1136039817558,121.0628680802756,15.008905414442447,3483.8703665970393,21.64444519904878
357.0,8491.684157695709,26458.565903573304,166.04091887781283,893.3621719305899,164.8196569646961,32.85746474701351,10165.12565599492,32.958151018694345
357.0,8489.10138060048,26950.46563020153,409.6066445252558,5012.326371970492,111.20566591217461,32.29908053620874,9549.292222356413,35.06266727999676
358.0,28940.952327500505,21876.07736023251,119.55699097919106,478.9503935863377,124.63175888050206,15.249112125528223,3608.248477225787,16.431241246383635
359.0,28979.922408019553,21855.379451964644,129.95450132384616,590.2959280480977,122.76691618290191,15.087228322076593,3613.815578120335,15.684684707737473
361.0,28976.619585988705,21875.975497961725,155.68329368158913,660.5374643283225,125.37605027491556,14.604819765235467,3641.7661792366293,19.028382080442665
362.0,28943.756556695997,21866.826133359667,123.6991660931946,562.9192789742366,127.05033821751273,16.860399337999613,4181.567195623847,16.337675458491415
364.0,28953.904746057473,21857.2807283469,105.34337416865364,471.8360443593954,126.45627945558196,14.032859466404107,2871.6373664712064,12.640908286149932
365.0,25115.31236164857,31777.581059063843,277.28167937161516,2273.065460537608,121.59275765793235,19.125176218083794,4318.533924628918,22.013601667027473
365.0,28992.8868227758,21884.855510192272,96.67366644932619,366.86732869382496,132.42912448032482,13.313482512006573,2541.229556397234,13.078367740546629
366.0,23269.46318239444,28588.252748529405,151.99425045900549,2756.168507233426,151.0656422731972,26.27356416307501,5901.130111921893,8.108221005715755
366.0,28948.67792499746,21833.559177543913,111.2409846068877,505.31823713312946,125.76639821872186,16.200361294013728,4313.040284306939,14.478052876606212
367.0,22394.777454094372,27093.444457929283,133.89969532717896,796.5934219295847,136.71433735648483,21.067984418546963,5251.119171475743,16.467834072038148
367.0,23196.43864334795,28777.09365226149,237.35910572287634,1932.2648994489832,137.16625033611422,30.963775945210173,10047.552281710747,29.49068703841516
367.0,28921.628533279716,21856.547753738025,124.15740686645157,559.2691601090418,125.9615427626272,16.293545158620624,4074.7214567652645,16.10583360178119
368.0,29013.239630363343,21838.514795109033,106.96770267149255,437.9027183028575,135.02158304269255,14.788983018033598,3358.09286040003,14.335923733961259
369.0,16987.39504093405,4961.2509890179945,155.61064817432336,737.3786805435489,154.20821007427088,17.59488985394587,3950.1009426491123,20.010629344700348
370.0,11387.700356573256,13005.291501377327,189.4184116518069,1289.737322824967,139.78001287239482,21.469291462873294,5715.742890165351,20.295195803039555
370.0,13927.13138964954,14663.08578568558,174.71783861245962,913.2530189079107,153.95731174892944,15.066065992018686,2698.4050180196064,17.92432688411308
370.0,15294.774270890617,6058.591180624884,148.83542653008152,989.4810469750353,156.3128303732762,19.968340160547374,4769.313630172028,15.670914385134587
371.0,8759.016921343411,7492.352944025037,414.18264246525666,4251.722938665107,135.0522014948188,23.818401495269185,5751.089730199793,31.61218200843413
371.0,9022.16853886079,7530.330706510735,393.48959454999243,4655.760725288228,130.84536852588482,21.477275765453456,4588.135108130711,23.961174946030876
371.0,28964.0283739448,21843.48479409362,116.10762693995459,496.4488722694203,126.65512520347339,15.161030743326227,3656.926456711013,15.068250056521057
372.0,16530.372573445944,2941.639406755325,408.1795735900895,4649.393257832588,125.09968630669567,27.736031150624747,6977.23871253111,32.468487374171836
372.0,28994.933630715317,21872.27032650277,92.4261397945795,381.1451839200796,127.6057457935213,11.758175515143364,2104.9283247585117,10.926893890102575
373.0,28965.047553920842,21862.66568092106,98.58360716233935,388.37412540156475,129.29111838747667,15.727953004013491,3740.39537345039,14.473022983730395
374.0,28975.60443436586,21845.79197102994,123.70033978867725,564.7939438043041,123.47012641583568,14.070878716147572,2994.4909252698803,14.226386538892092
374.0,30994.989942910535,22552.31253743281,120.58084788610863,630.7421332366039,136.62789074463353,19.57399416251091,5338.423837530146,15.869638204798848
374.0,32858.70052317152,22940.598871743332,106.00660809303588,1399.4476246963673,136.31272881618048,17.03059699309217,4252.333019320462,6.013076027929483
375.0,13129.378589687967,19000.250220574668,304.85477480652924,2614.280204481103,138.38019537966014,24.56987679065851,6717.031952432318,28.815647896940668
375.0,13133.064678283885,20067.648937310136,197.76482161136025,859.6607050783335,148.22237742298176,21.20220776006276,4919.875134260802,31.913310605491343
375.0,30387.59969337576,12354.499281612965,108.63154646437187,619.2059686917082,128.55271556473994,17.31397894696049,4397.296353765476,12.237629881285343
376.0,10589.709514371012,20817.6267568352,137.00317044321903,1208.1562120260305,138.14172124878138,14.702030084173597,3101.164306542292,9.202225316487601
376.0,12546.671990663048,18736.427386530315,156.69113880229972,965.8717174678336,142.50489251686903,19.46539315174455,4266.212416917099,17.216707206932295
376.0,14838.750574656686,16141.181117232076,164.08626555284926,1168.4560360184087,147.69121114673447,17.337709838900246,3685.574375614929,14.372115631363666
376.0,28926.364098009042,21886.915834090345,146.78190561001463,636.0496539748262,126.49496828207177,15.489057614538892,3120.7991364695795,18.566460646457788
377.0,5352.248033840358,17178.632234258435,152.93275525574384,1680.0713413968983,143.79085282378452,19.969381430575844,4329.018089530368,10.2919622434424
377.0,5471.917191991987,18924.458328997585,301.229740852522,2955.902686608349,130.4509294782322,21.452119251422392,5071.35421098898,22.208716059523958
377.0,28967.76684399885,21864.677815437382,112.45094120676028,465.0903315988937,128.99810112320694,16.100586300798053,3774.950259442255,15.792795270779425
378.0,28976.701080437786,21836.662561140816,122.10862278819076,548.024928812337,125.9179690524298,13.674183730092421,2799.3482013142248,13.995155701857348
379.0,37363.32527974205,17996.692562455883,142.0100742293393,1540.977744622124,125.23997322453728,20.00331369909617,5208.086515682939,9.781128653308876
381.0,28980.09857067528,21805.48206330342,151.31369998782367,559.5670612075069,122.45549428227483,17.646600633724518,4536.095030366708,24.574242366176417
383.0,15277.161026585309,4110.13551488355,177.84002609971787,3867.915071139766,177.9740859223037,34.75956330289472,7537.421066657617,9.859318161391142
383.0,28931.815816135524,21890.718369503367,96.86240901825687,401.0386044417828,130.75835054747853,13.467839186822417,2691.667502792507,12.277509541015966
384.0,28952.70295128783,21877.312301977727,135.10727242985766,515.7107629219381,124.74382090887774,12.601206399566463,2427.7278122563857,16.512180628512056
385.0,28945.628607514063,21845.66234592043,131.55458131598462,535.8297935651808,127.6884557776762,15.804811737160238,3658.0177196404175,18.099327000065475
387.0,28949.718288235956,21870.744200752546,116.50119884560114,425.5963255256759,131.79409002907275,16.347153595808667,3868.946972067949,18.40958788450725
388.0,5706.914281725424,34191.16681960899,125.41935182825392,3169.41567800009,142.81928367442234,31.70324696759419,10110.362000354484,5.933226851362843
389.0,5702.650477571821,34203.28329417456,134.2098037496967,4765.334993341508,150.53142061292664,40.04336034841874,13732.307723744827,5.547677066745518
389.0,10981.95847241508,36082.20063131746,182.11140411334893,988.7457465169344,115.74986743715104,15.37118669682423,3400.615706744562,18.26143156975626
389.0,28956.55895409144,21889.981683319,113.57691121990277,444.9388243116271,127.2407563459894,14.55029939118991,3120.4141210431553,15.479915772695287
391.0,7902.784157933141,31830.20701678962,83.03850316999213,311.9903056000992,135.54233643052618,16.932071601604896,4248.38911716534,13.790403617777358
391.0,10961.416869900871,28384.852430352257,137.5872673156869,1360.3764952292881,142.10888461120877,22.039506863632955,5819.118842709189,11.08542078554792
391.0,11173.54292607678,27716.71921811003,113.7104933516738,629.5191657262768,152.39125424020668,28.17088429734117,8242.875537768889,19.423239396256616
391.0,28986.76396382469,21851.375617515143,124.75884705235057,442.91671213603973,129.9814962592455,13.69579914935554,2878.7456026925306,17.473479001116967
392.0,11554.58864093823,27112.00486316186,107.14502739353533,559.393057370669,147.5277540746805,16.09312114876564,3521.9518137729356,12.37935688502121
392.0,12341.762154681534,28159.217617965183,210.25113417182322,2705.097501253547,143.13095775614025,21.168879413668623,4454.185888977034,12.346238261253417
392.0,28934.372630794052,21843.148283337236,116.6662113173771,465.50725323917715,128.88334194242333,18.262157558616988,4758.259027612873,18.6132853383548
394.0,28974.650300320827,21894.054535633823,95.4862403640703,483.0742258594563,129.0816506106774,12.994223429192006,2609.72549148694,10.094888700053803
395.0,18182.74467279309,25421.156105369264,134.88551498186203,500.5807763689002,138.4974488070713,15.986372481436078,3605.8561542765783,20.310803584168106
395.0,28974.21194611563,21817.144037027312,111.4158007801186,463.41163304613406,128.98196245030587,14.638141991222923,3341.871919266668,14.52488818183881
396.0,10079.562285679554,39304.43590337572,132.34160530889497,813.6740903071315,131.40455205171918,27.693971084371277,8895.641161937896,19.97258542676014
396.0,19076.28167383623,23147.155327731394,351.0216226218614,3470.6548126051753,119.35688533831828,24.739176571059463,6547.9085042992,28.956759348255908
396.0,20080.71103796486,22817.3063871243,218.7132866054438,1236.776627890563,137.81047623028596,24.579215884875403,6762.736176470686,31.265327308789434
396.0,21197.261980349183,26385.256347386596,238.55607008527778,1175.5849179948123,130.17459196113745,18.68908065691739,4904.056233691918,30.204816984797496
396.0,28985.576662751828,21819.71463425865,97.43692404195146,434.5971183128234,130.2407029754453,16.30271801285608,4125.5078080501,13.214766024251993
397.0,10012.31777680242,39826.07928068254,178.74494672642834,1905.3874234105222,127.13116192384615,19.66682729079233,4669.719676957552,11.948058704724527
397.0,19854.520716949803,23776.009730999547,135.40810246181906,611.0792854718121,145.13857425933264,25.817820729257214,6982.400269565687,25.691180068216426
397.0,20291.52429630423,22914.251511814262,311.9229785483562,4415.5919182555235,132.1458108654286,43.89388553848224,15790.397915311692,31.21711951293676
397.0,28984.590663424533,21859.962508509034,109.70643290874624,439.00772603777534,126.3045977407993,15.288937717444876,3654.185139666002,15.306393388768987
398.0,9111.052741488511,39604.74902914522,166.52159113804012,1462.846904286722,123.640130952547,15.845906867604128,3118.262714698956,11.359839814249847
398.0,15309.771829159856,3999.0295929464755,166.96980853312,728.1639861709652,166.51537826049636,18.6890464926458,4014.035115809695,24.258218630905496
398.0,20746.751874792735,23188.966529157195,204.12978736986187,876.7009687731722,143.25994482601652,21.99389293001667,5745.936344307338,34.40665857516908
398.0,28958.803513438535,21854.303696540752,107.55211066902186,433.85678044849925,125.3973441424215,13.746549028472279,2950.44491637232,13.846339665040627
399.0,8842.592824223824,40028.92071038963,156.07507817754478,973.673354623803,121.22424393571258,17.042735290399037,4097.729352511415,15.26206201416265
399.0,28957.085218272452,21833.18269461346,122.84850713471877,528.3147442837986,127.01299360183043,13.209996011216324,2683.7461684863474,14.236601823880708
401.0,19980.449363330586,668.0002795826745,159.77639764423782,7716.626732201923,190.42324030992586,49.152672527649095,14751.104781004718,5.759875449961708
401.0,37417.88775501649,32169.93369232972,127.54517093567466,992.761968954682,116.48907711425514,15.89213627901557,4073.526455750595,10.114982981204374
402.0,8676.228203176513,26333.61152153431,125.96808160552413,734.8852428749735,131.64804060513265,18.54247951687979,4902.413169292324,14.33225160095239
402.0,13998.87533354968,38703.87044411992,139.1739202583488,1458.675548596624,126.4877786126165,14.580983630443715,2924.7615499937297,8.07895655819671
402.0,19974.04884984873,671.0682737627594,180.9033916480939,9629.902294384274,191.02467691444838,51.1770849336801,13478.108280191553,6.089824703946314
403.0,8665.907852790959,26328.522649008875,105.99502947190255,1764.8303572449133,142.26980435776,22.099710786167904,6578.496255540504,5.796774918691638
403.0,12950.798841797807,39099.638292084666,151.8159196752084,2090.0383531189314,133.57503953173355,24.25749894262181,5662.595670801267,9.705700978176308
404.0,8678.535113225,26326.56219715306,133.9887099631208,2089.142222445033,135.13103790729,17.04665555406651,3560.449637667522,6.287193101628562
404.0,16666.733028128878,34162.75952813558,100.79051625752224,647.3091816787744,138.94699270628286,15.446346342214913,3341.876232124015,9.646809954154989
404.0,28894.583041098904,21838.93877490858,132.46016179895153,531.6518053018741,128.59727902291044,14.7364215477539,3194.2235603749505,17.46715590748433
405.0,8646.079768334766,26327.161163484012,101.61271449381947,764.6496150542855,138.2676982023719,16.821525955797554,3885.9265846684857,9.002926565588913
405.0,16685.22179220016,34169.541268617104,138.49888370692736,1528.7001560870017,141.16074830685557,15.410952108383716,2857.492450152736,7.97799317721168
405.0,28955.92019503934,21853.12505769806,116.05375776845887,438.16191842454896,125.49829890695864,15.076938227636774,3258.7952940744567,16.727395785708193
406.0,16877.728983250654,34475.07690036791,216.27672745196082,3809.493031239928,136.25835794952152,57.24222485960323,21511.83599563407,22.720600096222284
406.0,28949.505244352724,21858.90696551453,141.21692200810332,608.6910296769785,122.29058495522725,16.139991757521745,3730.560238766326,18.626884443922275
407.0,15871.388200023244,38698.83242349946,136.1381440047128,781.4029426426351,128.85626381588304,14.249581240638802,2995.5657512125767,12.79418485072136
407.0,23594.184008878306,33796.26521431194,179.0123894783752,1698.728122047372,136.40441920789502,27.651421460607278,6953.986100901501,17.59169139057676
408.0,23600.67284286311,34058.57411280437,200.41860057563122,2060.369251214914,132.353572742082,31.42750570350601,9886.65577089787,20.327345915612195
408.0,28925.25043149984,21889.413011888828,151.03988851146391,598.424369844663,125.36046917645646,16.95701496051196,4048.376084121445,22.252844444031226
409.0,22754.265292530472,34012.50269397406,151.2295592096283,957.8605146928799,147.77975245597185,25.664490962610884,7106.974803343125,20.572999255975787
409.0,23692.314013824955,34153.40532082972,130.83977538405384,1083.158386271522,139.07546462358437,25.958168237886213,7558.743265066137,14.17330666707197
409.0,28927.317402644043,21844.05315742962,128.3041754398978,593.6882625639165,126.23631675461644,14.338303180405576,3131.8047784779997,14.70188374860921
410.0,22581.751307617367,33840.09142533247,253.1972517026905,3498.590466590357,126.16190597278114,34.82108284349626,10275.47460077276,21.023654847151448
410.0,23941.71438530696,36593.12801403874,487.1187992958589,12064.601421330686,46.59522634283621,22.438468234891754,5175.874766408243,15.268538558504225
410.0,28936.54670726758,21839.41994023752,112.42863069199883,450.250111658343,129.7262187732085,16.585297993762268,4291.12637734759,16.623742172965528
411.0,20769.99790411043,34853.882606517815,185.7315277641227,1002.1093501827179,125.00991941646473,15.341901229259822,3420.69998958213,18.660869267728817
411.0,22196.734468944604,24324.33311437957,161.49530908939457,1599.671207052699,138.87698305883853,17.784754966046282,3917.703430681781,10.84010703425452
411.0,23425.140610062932,35505.29426036429,159.2152440431388,1304.082449227905,129.07550116555012,12.733912873517733,2026.879216909858,10.069952055174179
411.0,29027.594827291316,37622.03866014357,119.06224279615977,1237.0462559782034,125.92566617078758,18.213744418769508,4741.875536720591,8.241959486646737
412.0,22219.79335875822,24587.219897787494,258.5190821558693,3797.7750279458373,132.1128734563542,31.39305289582261,8061.594033418613,18.416201803628987
412.0,22826.50472456753,35782.22681946427,336.1096288722779,2229.462222317038,112.77253062091651,24.96490190974577,7301.7402207714,41.14773819241475
412.0,25044.040072188207,37206.83223387078,315.66122111469923,1809.9556103754148,120.58099020118844,23.231117568481526,7018.09724663333,41.68119594328754
412.0,28932.554630353396,21888.640107234754,111.5638143806682,462.5590682772153,126.70349092842176,13.87886866371515,2888.7961036324314,14.036311703939141
413.0,20796.314875838478,32172.181331607142,320.61550370098,2582.133008578279,113.3646460601587,24.93664320129141,6956.395817781214,32.56004688566846
413.0,24458.553661025697,23711.80100139259,150.46878854638126,1483.502151951042,139.2803343667366,14.827908966884214,2727.382682447238,9.102472796004632
413.0,26793.31118100813,31590.133544304015,189.84391498306485,866.0603852915796,127.35309442429349,16.13525092810179,3741.4067328876667,23.10579467999805
413.0,28943.970589711404,21882.950318523835,116.18034947808364,544.1321454711774,123.87258420772592,16.182745470986394,3885.380556347108,14.618061864110098
414.0,7869.496807486224,22972.851605857148,166.0844171019074,916.6166430470074,152.95204761825028,18.78754961069703,4016.260646821593,19.50037410107074
414.0,19015.730769673282,32628.642679945333,350.01193488638546,2662.9940994136246,122.75911744811242,16.651748050176405,3202.84637931682,26.003566522119993
414.0,20960.14277216864,31969.270822247578,108.74985268909211,595.5277532913202,133.4392367516917,14.563748884753736,3015.911259569139,11.243361251606169
414.0,24279.1490315658,23838.9808119698,140.73541812303415,2681.3023944522215,145.2960609129445,25.019788231881833,6417.835791386857,7.036825668874573
414.0,28928.557070386618,21837.905751029957,164.8634484734167,669.8249062245205,121.30822728391415,14.292227147323445,3030.6655233227475,20.461312031258093
415.0,9546.5326810325,21993.595451739016,127.82385501080154,1789.822135601988,161.6743484478431,20.54997224040922,4597.007131198292,7.377046794253681
415.0,23903.92482601714,23493.412314729936,126.72789600336702,1146.4155309363355,162.2118903223499,39.545432117086634,12989.962280786509,18.301802145135003
415.0,24251.278846383735,23927.148509537397,134.28743649384458,960.2179934631409,157.87517298024463,55.72387185261736,22448.887416375914,33.59329059952351
415.0,28953.165451106135,21837.75087601339,114.37058168689938,487.3113605531864,125.48671607284903,15.79213387150873,3703.822035600954,15.383274648169085
416.0,6424.187902869449,23643.551153666976,135.06685827466458,502.77269109675365,132.98434738175166,15.670289448247514,3243.736195408126,19.954052486927203
416.0,7737.050459152641,26202.12076821901,135.3983323362267,1174.2831781738553,146.28794291281815,15.788165497435728,3014.468280989291,9.66513806387139
416.0,8204.92215487141,22377.056464188154,108.79563500330174,414.53999264070603,139.41542511558796,12.640642677417041,2276.956103295253,13.84546375598425
416.0,24027.100054314567,23137.239607043273,171.93619608426187,3781.9697615487216,154.04694554494787,36.3734642181835,8226.288090967022,9.826073212955778
416.0,28962.93006604178,21848.40442361134,119.28011154597874,485.40039813472316,125.37457059176835,16.182565331788716,3821.5964119987752,16.930306146511946
417.0,23868.527505802456,22816.99791422839,143.43064627627706,2796.106196013972,151.7376628081471,17.39791059432662,3155.5538525624106,5.635395114566726
417.0,28925.621659283355,21831.822335488567,106.68781399483902,480.68658020726076,129.64723949406664,13.871823517200465,3123.5694208327395,12.60967005931911
418.0,23731.563274348147,22431.953223713805,175.97024076056297,1786.2042076853593,151.45319332640284,34.188104089446384,10059.311692554387,19.623054926611836
418.0,23760.607608221027,22981.98890461952,163.5714868690304,1899.2133001907455,165.4925001742485,41.945582084785755,13429.520806603367,19.40159334751123
418.0,28944.813365055845,21838.835342445982,89.36530484982349,384.4833221014686,132.2318642800129,13.740542754158875,2842.124211526732,11.31375438051596
419.0,23544.270590618995,22449.923691101125,172.31466497918294,4273.447817276847,152.4208093713007,26.535253416579337,5571.090785865689,6.941324894222068
419.0,28903.51548867854,21870.946599892464,138.93410685690083,580.6316349015467,127.5284841706802,16.243671502963984,3931.8808764475616,18.97411095921861
420.0,14815.579286822798,37269.38184556516,122.21551427196096,2148.7437043609816,138.13462908820992,22.14598133419451,6037.821456763278,6.200235585251446
420.0,23714.33465983161,22396.668601760513,191.0848811634609,2546.424811719077,152.5435701856433,48.848190951098545,15667.862404860361,22.742978194471718
420.0,23940.59913468939,22342.539279270753,282.0563932323964,4137.442868622973,131.66780956143768,60.55771910448014,23783.799133843568,37.240926226008355
420.0,28938.839368613655,21842.410562999212,113.77444210903835,460.4286862336271,129.6810710201161,11.970886100462648,2203.4392037854673,13.168439928158874
421.0,14813.304555926781,37271.49574588481,141.4697287354103,5736.833139709528,161.81936906959052,29.875279860653873,7694.6095168148495,4.259505067594768
421.0,24108.323159468997,22536.6285593334,186.38100546259588,3165.9761639754424,150.24673294291006,46.63402488885882,16088.580155610807,16.819366550585748
421.0,28931.612643059005,21856.77352605588,140.44570264370742,544.285132346073,129.84398114274367,12.869650812615726,2497.220604622387,17.10564207954146
422.0,14810.858696415895,37271.083531082804,134.19199148873994,5559.3103678870375,157.7428111134692,36.299147592527206,10997.908522729558,4.538827645708421
422.0,23922.32883514089,22036.467247233984,144.71296404407198,3531.4541493905062,168.13435918168503,34.240955797042204,8738.18950612987,7.310612485052265
422.0,28951.374173761804,21829.279373703655,110.35607722417294,492.83212368741295,129.5335595029392,15.533498090766455,3566.2703676813117,14.148311619895184
423.0,14814.782372220789,37266.38684766634,138.0893785171726,5796.831477145853,162.07966583253818,35.68672419651305,10031.0362191452,4.543387845722344
423.0,23980.35065829339,22203.822762058273,184.43760724158832,3811.3923358069183,164.01176062544252,50.16276679404537,15975.805302758308,14.753704095481892
423.0,28914.839970979887,21843.284810135745,149.07936902150308,585.7922667399688,128.2855134435096,15.929268754924998,3658.7500645280797,21.037355671948774
424.0,14811.408029383674,37270.83534128547,138.84323070845397,5629.073498736649,161.85866940419922,31.24926267443131,8138.921653212835,4.313809585299082
424.0,23254.882652755274,21484.042994146417,112.60866064590707,913.9444745780091,154.6292646195245,26.062976189777576,6983.104129614885,12.651240150983533
424.0,24038.789968601788,22193.427240042674,133.43715343734826,1619.8007859564395,149.75909347582763,17.072820325530074,3706.080859030911,7.635394876113992
424.0,28941.992936089595,21858.364439775087,128.7012166340025,532.6249779191311,123.54099162770865,15.923573218151686,3691.611094174017,17.605172383231043
425.0,14812.260871199358,37265.740651520275,137.40163742658277,5769.331853249141,161.34831922911843,36.817791544184956,12101.361664071093,4.619547440298086
425.0,22873.241138698926,21496.22548693612,271.9747939612287,2236.483125201576,128.89094800764164,24.626031725301505,6445.943164652058,26.95543335695301
425.0,28957.343225933597,21847.16862450873,102.14070331405016,398.8324495768151,128.74824396222624,16.64860310387696,4398.602751495617,15.68897297517114
426.0,10396.006375034101,38279.630981436385,138.291944408606,1150.999918623947,128.83006074830277,20.353393626457525,5253.304351921412,12.196747144419898
426.0,14808.124329076356,37273.033348477315,115.53713323538524,2747.5802103829838,149.5085443710612,26.20263307985453,5647.314827164424,5.156985760895408
426.0,24644.589637980036,23887.35823571973,199.53749969129103,1667.7119205164374,136.5756390621,20.26314133752081,4903.775592131101,16.78296970005283
426.0,28925.60682628385,21837.78039068885,117.67737544767019,528.3614561360075,129.67621894540687,13.490133943341277,2711.805158679218,13.441800451753585
427.0,12226.742683058377,34651.168547249355,315.74900261189543,2943.791518917606,114.89335964429236,20.59995319417815,4875.579497923631,23.501559309402168
427.0,16845.78431337087,35563.950090389066,202.47019510623215,1266.1715125788862,138.1245056910489,21.57002316583384,5521.657139531776,23.479042965050986
427.0,16928.205714163338,37088.24969370515,158.7105851138009,570.8641743931337,134.6475751452864,16.555448024391367,3795.867518558996,24.948735589694504
427.0,24404.646704844487,23825.581211438825,296.0554968153245,2844.107690776459,129.92607351593375,30.012016869759783,8854.080070631746,30.212611972774972
427.0,28929.602623078696,21863.337139313706,128.39520258897255,509.7550977905432,126.90323420955794,13.09429030575283,2626.9265366461827,15.718894035135087
428.0,16547.63759781021,36851.51767266277,315.84293578521454,2004.3322332844084,123.71770454889673,18.58979345896696,4196.63554440826,30.848220014754016
428.0,17988.514945766365,35516.24886731216,145.9137045465212,713.3902155665752,134.58555275530273,18.57815312124658,4930.853407490114,19.19014105691515
428.0,23272.628619282237,26302.292199973283,140.00654151367158,3138.0154517332053,152.44103759554716,18.19455983755215,3576.404313169146,5.099596850364722
428.0,28945.65419219595,21828.066865411467,137.20156192038527,663.0529701138687,127.21517737051192,9.941256543566505,1483.3160802145578,11.796079788741599
429.0,23950.161070776685,26364.425125086666,175.0987644517572,3163.2826883388984,139.23841321682676,29.25464998560929,7108.435955863445,9.998866619458711
429.0,28925.613354009907,21887.742979061233,146.89297886435412,607.3141239706945,128.5416168934278,14.86735333826921,3153.2030524731354,18.759466788514477
430.0,23858.9015762976,26498.453758085307,116.57358766486638,2394.1762649871275,144.91625070619884,23.83068897996036,6421.56463925114,5.515517015592939
430.0,26273.212564105448,27500.8737881679,213.75523139181652,1052.6178534709452,125.41897635443485,16.879906635646773,3667.620961221945,24.95061693632867
430.0,28935.511227007413,21873.232670482394,109.40839817376624,520.3727282240252,127.42696124240742,15.88085445959549,3699.7060666601164,13.517507621323581
431.0,28149.168776250317,27992.87181788841,116.06498552487942,1302.726406001664,129.810371794874,17.101969275853186,4242.782775335571,7.306823332887094
431.0,28942.579975201577,21823.240790456253,114.62098541033548,460.38883962340253,124.88182888064254,16.886402759524184,3886.2344612931215,17.102566824326402
432.0,1817.6437134915109,5288.245441923404,209.62976307993668,937.2080284591624,145.06943920036304,15.46322316188811,3071.05256488451,24.87257427981214
432.0,2870.2234098176345,5596.7857373094275,209.0349700210604,2460.0455656890244,161.52412130774087,34.0690912094917,8902.058748315489,20.010661209551895
432.0,3293.534659750655,4002.711421708585,143.1037677890796,612.0094114250109,134.60542309505945,14.514303633930714,3069.6364749851796,17.46012860971357
432.0,2990.449380699844,5971.755545126432,848.7107452467191,34549.18180139117,51.88899052658286,34.88365925499483,10127.596833227008,23.824311626123496
432.0,25330.541759123964,26599.305447579816,145.34519787605217,878.8926611732086,137.26285985024637,15.990045962589265,3371.074392688013,14.047069090633073
432.0,28142.034877869646,27977.84316260181,141.347406306706,1418.6338101606711,131.67955749493623,18.00610750380199,3875.780981713083,9.673698536989278
432.0,28953.463512094964,21825.09921942734,120.93110405352546,528.1012315391747,127.24924762923233,15.55531844681524,4096.705872721305,15.615438209915881
433.0,9792.185382599318,13958.399392823105,193.11990910278277,1408.1223023685889,148.50046264579615,17.197226935134722,3435.773852408625,16.146698988878796
433.0,15151.18375472494,3068.4309911593673,116.06543837144042,489.9027567698623,153.83089426975445,15.060730634653302,2920.5779936722975,15.15908092092856
433.0,21504.040362895652,23532.977373676058,146.95037989105714,1192.3070450828188,141.00220726943758,21.795993576600793,5252.436808199715,13.889174987861216
433.0,24409.953391227908,31242.282618798345,211.18490766448488,944.2614166928036,140.60710455941873,18.283964466301008,4356.699243688394,28.949885033346202
433.0,24972.515520315384,25961.353314386208,149.87265925616722,2918.265145167185,161.1667655555975,28.64904265077245,8103.805823175091,8.028436731143003
433.0,28128.557091996718,27999.70590684522,119.24405676107078,3438.078619700888,154.30722592357188,20.959588386142247,4823.690695860804,4.044061744002577
434.0,11951.20885010974,1919.36765088116,146.16500406238785,679.9945123640691,165.76108149817819,16.60135427464772,3468.367357408341,18.34093419489064
434.0,15092.131494585314,3042.4195130574053,227.46436025160938,3736.640917388227,182.33049947693948,27.303153414058436,5717.519957310983,13.051690844541069
434.0,27559.79981679682,25021.408512772592,186.33526825813314,1167.2905711580922,129.25277563910925,17.418412188063666,3891.8860163257323,18.115059698713097
434.0,28129.422689740764,28001.979866931044,128.43909344741223,4334.64319295682,146.73173536496572,27.378580124401566,8167.295746737989,4.3463464391728035
434.0,28962.531829797015,21860.777917405092,120.71597820267185,540.4576426155049,128.360486352958,17.428796878289084,4649.332627064722,16.65428749295649
435.0,28122.953513155895,28006.968754274752,128.10797797822448,4079.503964895439,150.87244302902425,19.343587265575383,4193.88585666341,3.818705523207523
435.0,28927.591021125834,21860.964921194784,116.05054629211696,564.8805309537582,128.27253370406137,14.422068231222433,2895.5202437228572,12.998094299792593
436.0,6162.565714871565,2139.6946892154265,177.18056725999904,1183.5596568067385,156.61872878333136,18.67755359593813,3711.1673151262453,17.28632513009519
436.0,28123.946356247772,28000.357117601685,124.574054731975,3554.0492303955093,143.1447260413666,23.52332757696494,6425.00823178767,4.4513006703967575
436.0,28961.075428192027,21833.7013545684,105.65602832663657,487.71518591459477,128.61881560155945,13.465671401426198,3024.17647294591,12.022272174890524
437.0,27932.188832465155,27522.468599648044,139.5305021473132,2898.805298495163,144.45966138274437,24.467860824431433,6845.256501657694,6.4035004419298
437.0,28952.195042111012,21863.992374826124,81.1279461515261,340.417880166761,130.91523437652322,15.588428847102492,3457.2157550459283,11.625895105549784
437.0,29307.432567651198,15400.591774839037,121.9887601616886,499.89196897741266,144.34754972017507,19.284100637976827,4443.228602276341,19.783149629702088
437.0,31244.04039785263,16291.099182907748,139.03969384307828,793.1923116022666,148.90271002854456,23.4681070666888,6335.751178302961,19.407161947680063
438.0,28039.151732928836,27611.035888338985,136.50344516433321,2574.550096843572,142.5367111933362,19.396735243213023,3414.2488471418847,5.906354382970052
438.0,28925.241783328187,21826.652730172693,126.07250075647013,589.2774783503007,126.19307853583739,15.445060785785667,3535.7959730205334,15.167429031933597
438.0,29405.1223564918,16558.501867053626,127.97521925181599,2450.4627569897357,148.95951100418694,23.936545001817755,6552.575850203096,6.298425848812276
438.0,29702.190360732806,17382.78978831588,128.78122197790782,883.8655312841677,142.0368679344433,20.585848595113784,5445.152680056091,13.71999432042565
439.0,28127.62695617793,27684.6229880857,129.36062712641024,1847.3194789610159,138.56333721987158,19.582790414920858,4423.826375101548,7.1092518057406515
439.0,28972.986927870992,21831.00045834839,158.00791940976535,767.3766590862668,126.40637448598088,16.64606811715794,3713.0259744851073,18.957887329325604
439.0,29395.27521340541,16547.878855519517,120.06001191640264,2599.700410760003,145.00288954918153,23.615976802674595,5536.0221805175825,5.3800514195713305
440.0,28451.909704169804,27945.456458310306,246.44633413377642,2426.687373908517,130.73913004718602,42.1079563420522,14344.672122559103,33.986676185971945
440.0,28923.924795688872,21875.296882469127,130.8511990984367,584.0396668755287,127.25315854482713,16.34203555283091,4038.199270684397,17.041823079804523
440.0,29399.485735511513,16555.975774802293,124.56675288077089,1964.7545694845005,145.95864853844074,21.334354329516337,5015.825626715831,6.714914249475303
441.0,3809.862653563272,32880.91182612,170.8208671478633,1121.8582229859794,122.327514885132,14.677207201248091,3093.0556166739702,14.09901613959167
441.0,4561.835842490973,31652.15956523059,104.1559980021554,518.5911787214609,127.0684903133229,14.926352247337343,3534.037425170468,11.951008256598634
441.0,27441.696941936698,21342.36025199323,117.11631014433628,573.5004974575755,140.71781340622803,17.358242855888186,4249.137605742599,14.928060060513594
441.0,28334.668128564885,27993.819065149324,136.24724809827475,2309.2694083411757,141.48512640716922,29.444706272823918,8138.520748146359,8.525563770023167
441.0,28954.76434046803,17200.64842501917,174.4598781983751,1226.2168141399088,147.931028122695,20.009122618137617,4032.4399983823014,17.22141011177412
441.0,28932.709884764987,21856.38272472272,117.5298622889198,589.8459444980936,130.67768892587907,17.414522491907956,4323.511507412179,14.688466598811834
442.0,21425.383419218848,24984.396013274658,174.18013541384636,1274.8768310240123,140.12314412406914,18.493708459377142,4089.1393870865245,15.549947521137367
442.0,25318.339354186428,22642.18532016095,171.48820877652162,1083.3812958124804,133.8862419324739,20.357418065571597,5317.254530600085,18.968627968598145
442.0,28457.116369764917,28052.442536408627,131.79654863817476,2112.051423713352,135.91756145626124,16.967524123478512,3825.1650504119607,6.066759398036143
442.0,28965.29648033053,21834.67755481437,133.6600323030166,506.9716097254914,129.58754611031625,13.676418661999957,2706.121264351277,17.47958167743688
443.0,28448.346516712587,28005.306890283304,151.5340144656885,1661.544467279711,130.91202040183677,17.938509541269873,4115.840726328205,9.487205848102986
443.0,28914.41659778872,21818.39888274834,151.9810172439905,556.7425267550003,127.59743927916476,16.873194513692315,4204.327197308579,23.95703895350228
444.0,28924.967453845264,21836.901495288137,124.1551584392491,510.8021848380019,123.65517024675978,14.462768684283796,3219.0148808396393,15.932499037248885
444.0,33658.15144532371,22686.092974100513,161.75045263719085,753.117390760788,129.88378309773358,23.870521427806835,5760.694270462315,27.49390784297152
445.0,3984.737583715693,23813.245590641345,234.65732407452748,1211.292823108354,119.06062589131353,21.557300476425944,6091.556772889041,32.36308723284109
445.0,28945.678870319527,21824.408425115085,154.7255750546556,623.3699350528918,126.26209867741724,13.667793066314431,2724.356818491988,18.81734355629519
445.0,33601.76533736023,22759.454047046238,137.4068236188412,695.9817752082183,128.57447629524947,15.126261235801136,3285.765331423354,14.989316153885877
445.0,34326.49236040227,23688.88818842401,117.60201792382406,761.6933859692201,130.0371307404801,15.790668202299754,3469.102374913169,10.991065254592476
446.0,26946.695415837134,30566.49966739964,124.80417112196618,1667.7694636173883,142.9304774772423,18.47551899810057,4792.007831241373,7.0385777551290865
446.0,34015.770033051995,23881.620393092322,221.69808583424108,1515.9421687015897,117.42313518246749,26.690893665339818,7815.705060151836,28.47307843348651
447.0,20935.678356586544,26319.45024462312,124.61196269290889,1955.0140773704013,163.31023579821013,20.99444374292346,4420.828913943331,6.67881705773036
447.0,20995.94463335585,30815.55328105667,107.988962945722,543.6332655539795,138.36183661028343,16.679169258733953,3630.972809188308,13.19242805111332
447.0,28983.796936878007,21838.185057843883,123.52410260465163,483.88533882576246,131.3597119888775,16.235943318958153,3577.9425306130706,18.110441260356122
447.0,33582.702032123074,24120.806804246822,120.75441470780207,850.4695794137542,130.40671930605495,20.34807579096129,5828.482186035103,12.560586430652329
448.0,28897.228416278125,21867.286037027632,125.3991802171599,574.4058598420238,123.28156038198433,12.03382321332655,2267.2287039554353,12.89623726149956
449.0,28373.977935781786,12155.669573536994,155.31102964639913,3284.076953837142,156.9803193394994,27.17462367772417,5349.027911054926,7.4119472659623264
449.0,28917.682833838793,21843.571890989515,120.49344706648418,499.2670090485705,124.20351117783892,13.870287364850812,3020.6169562139253,14.970464721152407
450.0,28282.68948989267,12479.166884042777,157.0912218510664,3140.3823542732894,159.13421096218374,38.51989340202742,11187.531796512225,10.366996135361669
451.0,28532.83951540001,15518.755409940677,151.4246257274732,3068.775061790461,140.52464088886367,19.302341914960127,3201.281167796472,6.025680454581686
451.0,28936.49712434199,21824.73481566129,119.1087616293311,505.996873411677,126.41640697714402,14.16078010475121,3315.2555284251343,14.729204944261882
452.0,28895.031227070373,21832.3582361731,108.74264489553914,421.16899202879017,127.21972663799114,13.765990010777532,2959.7959326404766,14.479721417584987
452.0,29062.30988961975,15873.018142200774,127.7589562838457,5206.652679311913,177.81768564222682,36.908026783394156,10801.003679661751,4.470249144950782
453.0,28930.113634620724,21885.36022323821,130.4197829154918,552.9331362230058,124.0161972936693,11.015207684220798,1875.0293969742422,13.39700808747059
453.0,29068.494752078255,15879.991033837196,140.003252426998,6616.115043812618,170.59097985164252,44.97828136229945,14050.726540035408,4.888331450423181
454.0,28159.15595859619,14845.040499302313,114.9115233345934,1596.2335613673133,153.09745653267657,21.968465105531294,5275.225743537149,7.120202748753241
454.0,29067.84138890817,15863.231426298733,117.8480736055651,3179.412551292191,163.0800245580524,24.821915699403146,6258.039235124969,4.591969601877468
455.0,18084.95115966759,24403.278386173464,140.96131403909814,700.3311048430741,155.42419166018675,21.38361375625111,5283.167599974413,20.63214401740716
455.0,23804.515470565246,13683.227104108748,146.63139080541958,2766.536911708778,151.88327702430377,19.80716454012417,4305.967848900899,6.313655052538406
455.0,28219.722358698993,14546.691032643394,204.38519711709154,2015.0807429279487,133.7164546386098,25.4593737697021,6255.181858284553,17.872489950093076
455.0,28961.118477130127,21825.275842753934,133.369846851619,605.8531360453239,126.17695420455195,15.71279804960562,3489.207445208219,16.5458012422776
456.0,17295.65149423901,22477.53872673409,131.07450221301974,3153.47757272893,148.47925200541803,24.926681611541945,6437.2141167850195,5.467976217513932
456.0,24622.21755695587,13086.219102392024,137.07891554288142,3748.188498072907,175.4376363111196,26.894598169424278,5680.308615913632,5.353594220323488
456.0,24860.6788959092,13715.324222070367,267.4090304924203,2059.508450224917,136.3682813487015,25.596577997867392,6331.332206979101,29.25193442253399
456.0,28926.198387798446,21840.57836326569,139.41211322771244,564.9872323357246,127.0298208592508,19.63326082923372,5570.688138555577,22.93483077251307
456.0,29914.592682134018,6100.452844896333,232.10576886695688,1271.9526228110872,138.06502265793165,20.60096461049988,5354.154088018114,29.038557919618178
456.0,30756.360813335665,4725.871432802974,129.95840566648542,918.6156159471824,158.09632585899422,23.47508985374129,6379.868781929161,14.975017072407518
457.0,24746.71477329671,14696.399642915429,125.94738271018777,1076.8221067969384,167.97680805172104,44.10430829200082,14487.25173646385,21.23812699707238
457.0,25031.3054579971,13982.211709813828,193.29176114113648,2381.978818002696,160.239915347874,41.664425671594955,13051.043717248109,21.373566513924217
458.0,24639.385511497847,14561.679092781744,141.63402141873897,3305.8122488733056,160.29705635494054,26.199770958147123,5376.045335686323,6.15641226736962
458.0,25571.845471194883,13741.057894118305,130.62558835580688,2450.4251301005984,160.05186072920063,20.74358068588486,4462.960443850823,5.96053640767497
458.0,28940.208016502766,21828.624808519144,110.5471170640747,473.4369900790004,130.11088595162553,15.389688621047826,3753.275125170071,14.59302229132926
459.0,25619.060783403624,13757.345720351099,135.48757558043874,2907.439702809905,185.1754961993171,52.34110164285235,19651.103319767277,11.04181222839846
459.0,28976.988307294825,21833.929861382287,114.1789218516492,504.74885533467375,129.28344205822629,15.511429549616249,3436.2579998835186,14.676418687566393
459.0,36818.199495203924,4740.020664821496,178.01397068908142,826.2163500815656,123.81500109113438,16.144007965508624,4198.147850979695,21.457156896344067
460.0,25862.1097617678,13298.364163543372,128.44841590095476,2421.057106766577,154.81699553603406,20.418225581783798,4270.82853235226,5.809285603457828
460.0,28940.63118277144,21840.232005704147,98.38819941360677,427.4261918263425,131.32355978313316,13.499759906903636,2763.6849296140604,11.964639391175412
460.0,32183.339864038997,6656.964476892322,137.90996139294387,500.9651771071412,124.47739685003708,13.159330225499389,2594.657680353162,18.118118743612023
460.0,34268.9495730361,3763.527901801596,134.61413959743408,2180.954274704335,139.96840256271466,23.211779649841887,6070.716244926761,7.386506436251363
461.0,22456.709582550935,9325.400718276062,227.210554683018,1902.8956699087473,147.57997791407237,33.1317565802704,9478.496625735006,29.30113823730834
461.0,22695.906835648075,9787.06289650933,189.28838880912917,1652.9432512027954,173.5242735644406,32.36421485728824,9409.262756324737,23.106400084464088
461.0,25850.84111837704,13304.393205996355,130.252384244639,2241.1551115219854,156.19654513659322,18.626162044436633,3111.247641946128,5.987061059016963
461.0,28921.125366439333,21843.763003677595,132.59815247087064,563.4584328043273,131.12626543033002,16.59212186006792,4138.672990854412,18.238259184618123
461.0,29730.36488061177,9381.527015085041,167.61555302360782,765.3377879092103,138.6027514709885,17.53747387035653,4187.12686016486,22.09531393519118
462.0,21959.33937812976,16145.77687500683,278.4860112350249,2214.260777537011,150.01277395963297,18.726045624063264,3656.148370536369,22.330621043816762
462.0,22049.87965769917,15486.388968228282,206.73036298801944,1292.430968308823,190.62519288478111,25.035477080612882,6020.188301205224,27.369663701526925
462.0,22669.75017438444,15344.119842470518,359.9662606079548,3783.185602236031,135.81871336101557,26.88940208384643,7615.156624051617,30.203899892050902
462.0,25863.244488366265,13354.869329411216,141.0768403225585,3389.1399062468336,155.85438676832112,25.312204980083557,5810.274457645158,5.8593952393641064
463.0,26999.190103483863,14576.065396349144,131.11927524508056,1119.4298813083433,136.14809708097403,18.45884260164465,4078.5367824882824,10.606339500292487
464.0,27176.642398818945,12601.063537077229,125.41356383887367,1778.9145424229494,150.599372711191,18.732630318774323,4407.954871897174,6.792587040703976
464.0,28647.774871103316,12215.638678665564,136.19679582970033,3701.661242214945,153.14429394328553,28.7776167455037,8237.672406893118,5.591570978098247
464.0,28889.745305131004,21854.5612666463,121.86424971886052,431.9525418929682,130.32887280190764,16.759975861353677,3757.5986999415272,20.092879950030348
465.0,3606.7669249063724,729.7868281071716,406.22963692602553,4421.213964448803,116.78558650336507,17.730023280638363,3488.7348351542287,22.594378217136114
465.0,28776.779762608865,12383.813088973566,199.05751681059493,3255.4559109753386,148.55389698198462,34.11100786409997,9869.78687336289,14.012726667557484
466.0,28994.576626061487,12370.476727398458,143.32755134181298,1988.4135611900804,152.1339941938396,19.61602350974635,4067.836577932739,7.908943570623665
466.0,28946.967075045693,21868.18152956596,146.42921907974312,531.9818154798596,127.38632063874228,15.606544558262645,3399.98410275852,21.861330660419398
466.0,29709.851123463006,12437.702811083438,114.32453545583179,839.2059122095242,140.28016104703528,19.144298092082565,4706.7231973284825,11.047051779578357
466.0,36207.000465018216,40179.71871769924,135.996307206539,755.3346326738101,114.88742411357295,13.514860180383808,2878.644238885184,12.673924307036206
467.0,29727.199499933744,12501.302897733507,160.12219916622493,1770.2134257451023,142.1683657296422,14.647204382995726,2806.2164789695125,8.654410419488597
468.0,28886.928907579135,21813.837392449037,123.56013945258306,471.3156820677845,132.23906249331512,13.662073157578167,2866.611580271602,16.246728456702833
468.0,29724.62524021147,12535.041713614466,139.55850298390595,1534.6900362648225,149.76402481024502,19.4126112278957,3842.8816262166383,9.332385753584393
468.0,30554.73400668037,24110.930285251317,125.68893471062613,1430.9528241241403,134.52061617519965,19.96909261770425,5230.726613539684,8.477572775811664
469.0,28978.971358377752,21821.195139140178,117.76635363099588,532.0385886279547,127.19971566856931,18.231781779839835,4787.926297799147,16.752292255334677
469.0,29926.482517822576,12595.070030502888,161.4043841803867,3729.866927150534,150.72696012586962,27.429812147705153,5714.601185649557,7.143054565996825
470.0,3332.6428832226593,3292.7590384410382,125.48440767177084,1570.2548885760564,151.86564767081543,22.58435921610803,5882.529301801934,8.508045216667245
470.0,30155.757719791764,12710.78022529837,180.79956644770115,2920.2531855869397,146.7776931363689,42.25459444850908,13289.324159417485,15.668840432244627
471.0,28908.62919790442,21835.637364055176,141.84671860350693,528.3830612393497,131.2564732542154,14.818649129456682,3257.445027208117,19.917224690865773
471.0,29393.620758057954,13349.9119897952,129.17261661631846,3528.264443218507,172.58068143038,39.70485281671824,12405.432173919511,6.716076613513573
471.0,30199.05093895067,12972.539299348351,119.76529595060354,1496.244103040978,150.02451221278213,19.628831775333637,4793.561748485618,7.468727233890563
472.0,28935.610738148902,21820.57072103637,134.55595563199077,533.5621555592727,127.99292540475547,12.04845994506715,2234.348082448345,15.426709667550242
472.0,29389.020391008115,13357.31800485174,113.96953549885802,2172.0553988331335,151.9622483455715,19.07820708589008,4210.886893723458,5.086263629747792
473.0,28935.458359068798,21787.000868452873,7.903216237309399,330.5254693752188,128.6691073420271,17.337501227403415,4465.641971342598,2.6004925682366826
475.0,28941.06123567314,21856.718495568308,112.13722953609518,432.57960406410695,124.95145826378595,15.070467959593957,3277.975662733774,15.931207382212017
476.0,28937.256584147235,21834.43720097625,125.34795207656569,517.1061321737602,124.18345454699484,17.934938080641178,5486.252293745768,18.97550377561024
478.0,28868.983487569305,21822.105147470265,112.48141285148367,448.71480321934814,125.44331951246598,12.49745946571064,2165.3046380854976,13.584253086431389
479.0,28984.1129417381,21836.786911024723,110.86763029712635,472.3010756293604,124.08168128318357,14.136604683385269,3096.4222266125407,13.822840386014805
480.0,5471.5777286458015,27599.459103195582,207.72668338307702,902.9776005354877,134.06648141992423,16.427401344556205,3678.4416009861416,26.65590051491189
480.0,13991.847794516014,36108.71767240623,126.42674506188771,2958.7424010349837,145.9588067401135,20.40741388687798,4602.754956112571,4.857892472449182
481.0,13980.384791971792,36106.39471076471,137.44549055308605,6335.451890387891,173.02378917063533,35.70218566305215,9780.200429391716,4.190827776741377
481.0,28920.381504491386,21819.33422056193,115.90589058111146,460.5563518276973,132.056946665166,13.297186130462793,2683.6041896217093,14.576534915053783
482.0,13986.537718330703,36109.81668222355,139.58589076559426,6446.27586016293,165.9297069943221,34.03111579781867,9947.922956703576,4.10977420874415
483.0,13984.810920170476,36100.92590310671,138.1560488052598,6244.550782173038,171.18146189207422,38.17712499082385,12324.3558619902,4.470770309426314
483.0,27779.872188646863,27340.77398233583,124.14373306926952,929.2262675591387,127.95297679505589,14.483177379948776,2962.9134056582648,9.633320879018768
484.0,13986.23451513023,36103.043946846556,142.4308887319922,6577.059401277588,168.38830579544478,36.30303976435851,11088.091027412169,4.353617708713876
484.0,28939.62873619399,21810.413334732624,103.08250998641476,464.1326627068585,126.34404883488988,16.21669022305489,4141.526616333543,13.687985173181415
485.0,13989.032726370275,36101.60837486645,137.19812970593057,6508.757273121441,168.1353468853179,32.90922105122555,9967.372709694564,3.8874862254261906
485.0,28919.369342246257,21835.90212649818,137.28673031601758,626.6464507984134,126.07574837800244,12.311307386324927,2261.91663917533,14.135928636613825
486.0,13987.372080402623,36105.96172817541,131.08383031792718,5621.564524391056,173.49390250809958,36.620744034127284,12349.211832534946,4.352481471561029
486.0,28901.40946335902,21873.688884097635,92.16496177075062,383.59692115346877,134.16531711392327,14.15427110298921,2950.8342728992016,12.14265146030438
487.0,13715.255788759669,35960.12471326741,143.4136167180047,612.850679245916,131.43771792524254,19.660081961625433,5496.593463661682,22.435230047615743
487.0,28897.19835453191,21870.542773355963,105.78167092519831,457.6931465419823,125.08876998503385,15.775836096361278,3757.7022797410896,14.190984007971348
488.0,28942.24524044396,21838.200805001645,123.35951552179614,494.70701757492424,126.24059499870089,14.84841844103834,3205.3740812482124,16.528042184048303
489.0,28945.95302350562,21835.447640708288,101.66675847771296,398.7763221093522,129.88980521518107,13.91959955913044,3013.4345610753717,13.657555661284334
491.0,28910.04149560939,21853.12557473357,121.66351416319661,452.0713716584774,123.6399599336751,15.038514254263125,3629.9260324155716,17.64035263015738
492.0,28906.819335797267,21822.635369087842,101.42406950690774,418.29655692119184,128.32836064889386,17.923969739288342,4762.416916440184,15.728240462348682
493.0,28910.858666619664,21818.01156525223,140.84028804837575,613.7939903377745,125.02602279289026,14.595712921468175,3270.641096785673,17.007435090603217
494.0,28914.64621756446,21820.64893539493,108.21663998698591,494.3720591953478,129.75002844278643,15.244983521809363,3508.914690125616,13.464275339515353
495.0,24877.632844752137,39063.47213423203,151.20334189159576,752.713244925742,132.26896949723988,22.299203389484408,6224.815478408097,22.794601450498885
495.0,27587.417865922867,38353.72614831119,120.88636950841821,639.3227784483047,117.7973408927902,14.227316835709452,3144.176143761159,12.415679834881209
495.0,28925.761882762145,21839.635745251268,129.45138473653859,477.4727935405544,131.23250067767142,15.339324552913897,3195.4065724768816,19.04560006410855
496.0,25973.403041763402,39727.18243451771,248.70812686351917,1441.984515135478,108.9564286484363,18.30470550529927,4655.989094385298,26.460952632265837
496.0,28939.537083506104,21833.71046626329,135.14261888543007,638.7706048604322,121.66903142926044,14.979012908870894,3622.851204335477,15.582859222623735
497.0,28954.5459437038,21813.346397881323,131.61773632227636,554.5612390120257,124.37740067955059,13.947079467191648,3026.933412735068,15.96790261481137
498.0,20814.167986131422,33874.34804362795,138.17374957120833,920.1780088415886,153.04838878495607,30.711196684798278,9121.533495496627,21.152515598523262
498.0,20693.789806921213,34440.403324509665,182.55892334332398,2031.402524762303,147.2151690184983,32.60196607210477,9132.6221701706,17.839991514490855
498.0,21082.269950502436,13109.74151891609,109.65139595782105,1277.8784037813416,142.5148885145599,15.100999822898276,2803.334767871318,6.366776198637321
498.0,28941.5677391427,21825.983837308504,107.58030733525547,534.7632210734256,123.87989888219217,12.95206422367219,2686.72841505969,11.195479199270656
499.0,20576.467499049817,35417.13471199186,191.81631025592347,2223.319835181008,140.13978202478464,24.450656530592507,6266.8379421409445,14.028963773649368
499.0,21112.185613214424,13121.701793367249,125.85896736216955,1011.6423146770414,141.81562277703907,17.60839753109148,4108.326612120496,10.438970040937516
499.0,28916.924080096556,21843.55865375888,113.65292989141152,443.8544537752859,128.8017051855522,16.553299381754165,4115.562893541305,17.136357111363356
500.0,9482.02032782806,1425.3175063116182,212.51643421478997,1056.8182873201044,152.81247403459804,17.606989130519544,3641.454938666171,25.501059972780347
500.0,10215.898000930716,1453.798444143948,532.1636623880049,9287.878995777468,80.98428253651966,19.817179251421525,4562.633789033707,20.595738001688453
500.0,28933.917775013422,21856.27162857092,126.74394304181858,646.8640471294036,122.73460986859429,14.619522216730234,3206.5540849983895,13.56324163453985
502.0,28936.565803013225,21837.0538377334,81.23801906419305,345.195964722703,132.2717389429107,17.837400918235158,5078.871303561518,12.647335643143158
503.0,28965.165424943694,21848.206210546425,127.2981717872555,562.2844647457788,125.58889857701809,12.739868864039309,2493.0618912715254,13.978575771532622
505.0,28939.098112244905,21844.9590280632,111.6800581267377,486.49954244733544,126.84275506291183,9.642763450897474,1382.1277962549066,10.787039154937595
506.0,28904.122300219882,21843.08984616449,82.40181167277804,346.1433166096677,128.0692229019469,16.609355010850273,4214.196033562278,12.282162236734226
507.0,22519.261899433313,36407.807186103084,152.2090925114229,685.7169063954967,133.8822969991917,16.46363755832428,3677.1133795371525,19.44820323938466
507.0,28900.855743125798,21822.536626861962,104.41136019370582,501.11811126692226,125.69136351821332,15.371521981848336,3740.9872130692893,12.60493497831391
508.0,28925.875928583402,21853.86869927547,149.56484732624048,588.2186232080556,127.56802956953115,18.87789070395456,5105.6539803616215,24.3314951693789
509.0,24352.97719844771,29676.27491049389,117.89826563819558,1318.405046909818,155.67113635381514,20.18357172977967,4420.635383346811,8.228045606159284
509.0,28914.683845304826,21830.490983605443,118.74122942274063,526.9673573187544,123.09157351973333,14.135481190136515,3113.921489535046,14.131935409027811
510.0,28914.339878843333,21824.095300728502,138.27557870461328,588.1664072918126,125.81731734653029,14.437339829858702,3093.852748878061,16.958079755770207
511.0,28935.17618322236,21815.489025056635,160.11448814033062,645.3473343868075,123.6921306924773,14.905801799418674,3489.8195645016476,20.767441973089216
512.0,21392.996057439235,36926.19386165783,142.12497643093255,506.9149658933651,121.39175018219532,14.841010588755266,3638.733540376714,20.773427038357102
512.0,23416.03454343766,11879.142042452098,100.23845790493074,413.2913574501062,162.42322493433903,19.05633618653035,4219.581212550398,16.343145147499115
513.0,22170.386575554825,17931.054088994304,197.89049508216783,1136.6362554276272,146.82854636874677,15.702689157890966,2809.9203004453434,19.019231732297726
513.0,23724.416863299415,18346.503291963723,195.34820334443694,853.4154394120042,137.35572579149851,20.555771036639932,5501.3798602954075,30.5254655502047
513.0,28903.046932799294,21816.151173827788,115.43790499658,472.96791502962344,125.15426728488391,16.88551134945446,4470.042686117978,16.906088731576585
514.0,28905.3199970303,21827.90898414787,125.63491815584383,486.15859133752383,129.98479144637184,12.26490357256928,2250.9498398073715,15.063366224591704
515.0,28928.516138986783,21837.165284550872,112.57062097235537,440.7703878943165,126.3683220189335,16.69480813945409,4113.7157780803345,17.067665777033035
516.0,28941.121041314087,21838.168175683997,157.71376214664988,627.2210495054479,122.00666521817058,12.271165840054756,2275.5167125209296,17.835318952143147
517.0,2306.827005105986,7883.339371127095,130.59802435073672,1276.1536869905915,147.06898990109966,19.409340549934765,4535.30373819917,9.761049697373076
517.0,17661.734359067123,29969.89197234151,123.36741124276602,2528.4927024934514,144.48684047464516,19.206368884462787,4238.358229760684,5.11451233829376
518.0,16838.624177476995,29787.238118974135,131.36694582960138,2428.096801735048,148.61500970651034,18.907466438868273,4588.30661270905,5.747590494213029
518.0,17654.099151004553,29961.891780369646,139.05363442942,1518.9372645671035,141.97832130477929,20.264357440635134,4988.653431510548,9.643729814157318
518.0,28906.593928186587,21832.566664738373,112.71717961399528,554.666839632555,126.943378781198,17.275840440941344,4533.280785635899,14.32778801745438
519.0,16826.031963013967,29781.678429145315,126.69982299615701,3943.595350411347,161.93342619497912,27.748690767878813,7565.5861338215545,4.621607977351512
519.0,28926.357485328313,21832.63646020501,115.72445976049609,562.1132440397903,126.31702561614193,13.294637099627225,2705.830482800109,12.293621417874004
520.0,16837.209942286387,29787.424802728903,128.84551417421778,1073.8559671567878,141.6768716889975,17.710968328062194,3933.7279603692664,10.363780540158908
520.0,20239.25726487872,31998.941379059517,232.15971540267245,1625.902581466822,129.66813081277382,21.804924003781938,5431.690871874928,24.228258545209396
520.0,28921.059834805714,21806.967574770664,131.54315803887724,554.7040250933916,124.78317621816558,17.642321287162527,4959.696508801314,19.16466279225052
521.0,11336.226157834146,29974.150712603085,132.65775181406357,633.1120394158318,134.3965907819341,16.061559297923242,3516.5446840000486,16.033347832706642
521.0,21645.765974331654,15854.529035345631,195.04527800183087,1015.5534692671023,139.70904254123772,17.427156517690335,3735.1340281338976,22.37568993761832
521.0,25205.24260044411,21131.147717432134,105.4534501815055,430.50698062163815,139.42423279484058,17.423011013885475,4091.195385658107,16.059776300756607
521.0,25933.58814782283,19986.90860264021,231.60320021174329,1139.1936362060253,140.77328823421084,19.86933955396577,4756.930032307619,31.083343374130568
521.0,27238.015539758282,20298.62490091619,117.020535238919,522.6608135506226,152.48578957055162,21.007563044162037,4851.77082268854,18.91022995694498
521.0,28925.735774490386,21814.510015066153,194.11409450387674,927.706796435889,120.61541941972781,14.867728052116847,3221.3639636475705,21.119473410279095
521.0,30258.437549962335,16655.795263658332,135.39527348635065,839.2376524606594,132.1711502945999,15.276975769234,2963.8735996059127,12.52603667115098
521.0,31414.97174569492,16060.513827613844,109.71607445813245,598.1119149762985,135.49348123749084,18.386076184093987,5078.162314229901,13.412680748750859
522.0,28920.4979414808,21831.93027721603,123.29598647564131,512.0047211846371,125.8742897249543,14.944659335027573,3428.639993491876,16.10062812393564
522.0,30711.575057640282,15188.99298694487,101.79520420012199,402.4932265079329,135.04502341482637,17.008863313250984,4274.032612830467,15.727470751505303
522.0,30996.617559222494,17242.19961847631,126.71826805645333,1232.2173185630265,138.5345633700277,14.958400523087862,3230.690545061484,8.096109161225998
523.0,28912.75323506998,21809.823982549828,111.43723548131995,473.7434940573611,129.5329381799202,13.768680960535274,2812.3236872791504,13.651802506284483
523.0,29621.26510092873,15994.797505043025,150.00623254797532,839.6441311959874,145.0113221120205,18.89532315713183,4571.259409455415,17.635927961547644
523.0,30495.12617231097,15965.715596920027,91.2505515343953,393.8207897976291,147.56184447632825,19.90586517868364,5115.1409973226555,14.957716093059434
525.0,28918.365835157536,21797.73851048856,121.59490028210988,495.49433240715217,129.61688120429613,12.617849688079431,2218.7897669175313,14.312927093353945
525.0,37286.47012032149,15918.709066275049,111.83289999439123,545.9842910324691,118.45876949799644,15.010088510695535,3611.3825954968484,12.930453738698029
526.0,34319.57429095322,13919.808762828541,132.4927927736847,1174.990873148906,139.20954266287936,19.262490597203005,4855.74227274803,10.677326662885323
527.0,26447.260111811658,26587.189292082257,120.18386296407758,464.6075103358473,149.63945589094538,17.62131659304575,4155.70882337729,19.10675772530655
527.0,26411.23515065276,27430.60819551358,127.67402990929448,585.2409304332625,150.4478969572191,19.60029934497061,5105.663062736532,18.85715058768131
527.0,26481.888510960278,28535.028055522595,140.97739902482525,549.1927080234965,134.1052756766373,17.097370180162184,4210.794066828975,21.372870410078665
528.0,1211.8478719861246,29148.597958548133,173.53049665878697,623.6129013873453,121.66976823917801,12.461638856059711,2411.6536310653914,21.44588356918773
528.0,28092.613385223907,23896.81165424205,132.72117010101363,710.1215318715138,139.38952234787675,14.980331435184075,2768.1900459003045,13.778618527950377
528.0,28929.26489743728,21806.051093384274,105.68480846417368,402.313937059408,134.08741842971625,13.854766604343503,2720.010242278921,14.416842046509556
529.0,28911.967214518085,21826.381299623765,127.27623754906166,573.8000484178625,128.427710236913,13.145714274447073,2475.3843253967007,14.037784699057152
530.0,29997.505296455998,10921.28580368479,183.76063462800676,801.7992614748986,134.1471513069923,19.479620470310227,4838.987279850179,27.4945278119995
531.0,3728.0317940248383,31818.81599220419,216.863533879663,1538.3308839737467,128.35072465619962,20.94577438244164,5240.785859247158,21.68320049317101
531.0,6053.7501635336985,30996.674336611064,402.0519344630921,3399.3095575617767,111.27333991713236,27.23855561013571,7879.784954632201,41.9951191752187
531.0,6114.7319699432965,30952.65365647401,456.62820195789425,4464.518102430311,106.77809088825144,22.485890074261928,5135.984097037658,34.50036814770758
531.0,20544.16253113102,8147.0387428470995,188.71497915981908,985.0578984603685,144.18680020141502,15.898942241561143,3042.505035941167,20.072543353173877
531.0,21889.19359306902,9251.753371047973,187.94457393826158,1718.9737191083757,159.71874471258076,19.409047035271556,3889.482543387717,14.158425147792745
531.0,23503.100741993298,7123.569699902074,128.97895601070803,868.7307260469112,153.4866567722929,17.86053396826194,4127.50991579384,12.530478947647271
531.0,25778.156572680586,5739.022249925533,180.78406055037328,970.1735752909295,147.4847717658093,22.70648573516933,5869.436339450176,25.519224971999297
531.0,26053.825889431682,6475.953885684172,132.88260026787486,1617.847525227906,163.3289335661844,20.12823885684458,4316.375537102915,8.432691911929846
532.0,28922.364806472506,21827.348296002005,129.2127421816226,561.1525259873575,127.60186944467756,15.37319785477162,3408.1891574877413,16.469545728198966
533.0,3393.1561479794436,39751.38760977315,163.89781107047983,1006.221919997707,117.55738843168807,17.37861750727204,4302.006043829627,16.415554088524864
533.0,4010.518111962925,22932.087972958045,133.07963104752585,1232.0826159367034,143.0936420489543,18.568978168397827,4389.1579599721845,10.06397385795748
533.0,28926.909698476342,21809.846870126174,116.78787460208643,521.9850773269247,127.70348767059873,17.5415711106057,4144.321822626702,16.283636999745898
534.0,28932.56499117816,21796.397432266374,118.22164071032034,528.6030344256911,126.4021162924719,16.151998011143046,3546.2288240147122,15.433014416086552
535.0,6793.001621374776,25047.877263002272,292.47624475646427,2260.014403107154,129.5034194280328,22.99705450162611,5424.907146813443,28.8074135963563
535.0,28927.41237660015,21808.57044949037,123.56491575647121,585.8365985747785,125.79410872828083,14.23816304987761,3117.427445241355,13.87854007353201
536.0,28921.69301298525,21800.942757653815,100.88353472272722,411.54021201220246,125.1676936619365,16.211716422990747,3995.8289407291745,14.641501558823359
537.0,5514.315888421546,8112.768559442705,110.09448765394808,420.857436308054,135.6933359742185,11.745104893321608,2007.2290360952684,13.279925214932714
537.0,28925.15648245339,21831.75149520179,111.34948875831817,466.761384309169,125.93820007380286,14.236517463131836,3305.8374521849246,14.13551514845018
538.0,5516.594888256575,8153.837431293162,98.02098989572666,372.13217920208734,135.75005938649062,12.94393132143767,2543.2825295788753,12.974377657978412
539.0,27519.71244578078,10876.92708625549,154.70788776308342,699.911353868291,140.14681608647243,18.43351380427731,4749.703496000292,21.596967387761463
540.0,27900.576542438364,11261.454994820839,273.9098796339407,1788.143727203068,127.1156776989295,24.356079684939616,6218.866610638055,33.51576492095046
540.0,28910.804275246184,21810.893252400732,138.08001643093962,528.5555463560748,125.13777740707891,13.231722290522383,2741.9664031230036,17.39554753249246
541.0,28894.96448430336,21780.30263996535,102.59104856927051,401.2416843486346,129.4625300630924,15.829343118146694,3666.7455653431434,15.136279551152652
543.0,28912.449632750297,21789.505969940314,123.09233522344861,563.6329119009563,127.95054926690821,16.820343575816654,4117.943779271209,16.148060706922937
544.0,3385.467153334539,14997.183950118515,125.27203421493113,674.0811184222667,141.07459863132564,16.784227813665428,3709.323945188023,14.19421907332434
544.0,28902.138716224094,21854.696246691754,112.92383537799061,456.62665058144586,125.67611094351378,13.974711664020807,3140.040262652864,14.555917968358354
548.0,28921.74859129438,21838.308197351187,104.37551177008446,487.99195515213034,127.22755167059246,14.87424709507413,3259.197327704253,12.593061454365834
549.0,28893.131007277938,21819.908146289392,132.58568800022465,514.5134623238357,128.44810660917187,16.75296560454806,4039.5594722506676,19.953202375157055
550.0,28898.68088109627,21802.84361536909,123.26167823552107,589.6096341974574,124.77583040691367,14.277376589909133,3078.3899976471516,13.77219659836992
551.0,28892.174518459797,21836.44209246189,109.43730976487633,406.4034544609646,129.5026369846674,13.340497653461115,2711.6147331811153,14.757180576730223
552.0,28898.564363191203,21799.876320817257,116.44035537510864,486.92369258172516,127.64764848776434,13.053767468502116,2689.048555412404,13.833305116757218
553.0,28901.84923447668,21823.773203913694,124.38607384020813,484.25183392458297,126.48225346227558,15.114394721306416,3298.3995995834916,17.32286897736096
563.0,8858.90157903174,25111.18014199288,207.2456328994828,2691.950776785092,133.48522675528505,35.99837952376258,10472.663441511884,18.990828647361912
563.0,8983.27119263939,23384.189140653798,142.14587914442697,911.7353882732066,138.4077557161994,20.158238028638195,5776.268732701598,15.65367912688233
564.0,9706.411770168042,20299.328558873167,421.0360362603333,5552.668872881706,112.6776669071295,23.500549002988908,5909.801878407639,24.976528574637744
564.0,10206.935112457297,23177.35283333681,127.98077076086425,1554.3992336488345,147.78414447476248,20.546869322170952,4691.1087210045,8.308449698737178
565.0,12708.723607725551,10899.910117676347,161.8720570647344,1278.589739418846,150.3276376625865,15.734353548531137,2944.7181363032237,12.082971146914753
565.0,14498.169770421446,11365.868190830988,252.45366312098145,2880.6104569911213,168.7643346162836,31.64852748643534,8709.93474234716,23.073982569105976
567.0,8485.376482284104,4865.707081893325,209.00559489263745,3491.880199643437,194.1451221317331,38.62592236104406,11010.456439125855,16.05444756468235
567.0,8893.14714898057,5607.702484020973,123.26867931218929,769.6331935615151,160.3286759613748,27.347809905405732,7597.944848579062,18.222183220480325
570.0,3259.045307894484,18764.872703188597,174.63683739074148,1728.7907163695797,140.51253880445748,19.215718849980835,4044.087050696207,12.277659838354106
570.0,3351.6129377166562,18179.294205471757,202.32202442253762,1405.907261355169,130.33545678972172,23.802028841365757,6570.218762425403,23.17726651020082
571.0,4754.412259766132,21541.22580196492,152.3036652724817,2845.5004520673133,157.90380211153257,28.21670387709319,6571.711420144412,8.345290861394885
571.0,4953.861198302267,20513.792276843615,168.01381877159085,1300.254965347461,142.92530685993387,18.249161053213392,4221.349355927874,14.180516685445236
572.0,4494.492220905135,20925.293398455822,321.76944997840724,5142.2820529601095,106.99104409992971,33.93130338521079,9803.976094092452,22.4649488759184
572.0,5192.944246124525,20639.495914196286,186.33617698961896,2862.049035312805,175.7938436698412,44.38234294103486,15388.534181134433,17.697561386293142
573.0,5373.882794740891,20587.661023454,259.4027103025525,7620.01790129777,132.43928904506512,86.60944360180785,34765.0131900879,24.48375893750345
574.0,5642.250591171445,20057.399963356846,213.00275741112947,5457.132516637664,160.63293785286896,82.97539482983784,34042.74880851768,22.138595418993344
574.0,35928.158496450036,30297.221885865605,127.28138098333757,958.140193255461,121.64141841683798,13.72154254753924,2746.084470722843,9.461905670359506
575.0,5323.541451595773,20408.126789564856,125.42364558210659,2246.600637547628,145.45177721737076,28.37567931422003,7906.24424769283,7.361309915179513
576.0,4321.374432344545,20789.571609443305,286.3968431552541,5574.755378715331,120.5990918316767,44.05365480635686,13146.224295448008,21.153537189403707
576.0,5067.935900838007,20716.762662312867,343.82966543627555,2779.294180323722,129.05545983757546,26.49415544853084,7641.036781488623,36.72034286796257
577.0,4045.6561376851364,20904.89652566347,265.5070526722376,3184.2038154626684,131.0334459446114,33.08066325969593,10487.181895198377,24.04468377158373
577.0,4515.5579409672355,19801.55172663135,327.37006162669144,2708.325776463167,121.08797699114409,26.406238694169364,8067.256219480311,34.137620817835256
578.0,3652.512033007084,20758.528547202914,144.2921787586114,1961.003105347293,147.60699275140897,19.534574068742238,4423.823879864614,8.066696031096804
578.0,4361.160687861611,19824.165294632574,145.59436397215288,3335.921628367766,172.42478732880275,37.13803558923607,10908.645622094467,8.288825430464994
579.0,4219.709938950542,19551.691597082467,156.07970967889744,2834.2567287049746,176.1788751238818,41.59777482848554,12497.745876656729,12.042355083245608
579.0,23527.26549729228,32573.467767454913,268.6073733760117,1628.3523798955853,129.28167503338972,25.993281548368927,7909.890693092473,37.531334124971394
579.0,26918.880661233383,34248.42428655901,138.92434596291267,738.9498516604598,137.2380724593511,17.362119136142397,3821.54226064196,16.10939164475575
580.0,20456.50646680442,37604.309840268965,166.90360708823212,638.5787574060943,120.44831879589655,12.777078418424626,2700.733157175302,19.984792132061987
583.0,25905.068628674566,21884.23223900431,397.02429229892937,3523.845350545852,118.53503633714139,23.114244409202083,6062.827593421505,33.953387877399756
611.0,3021.3108990470882,28537.889757823126,136.41498326162818,4218.52509830755,167.1417349469031,36.50345927187111,10271.815239994461,5.924477595843321
612.0,2465.5040502715465,28981.25333537602,175.29205649573373,2807.1382961057193,132.2173365313651,29.49943691939634,7482.814748462916,11.238271540200158
622.0,3374.5671503672575,12817.12397856802,156.6547113445303,853.5942461740805,122.31764861379463,15.112520018132432,3550.380683203035,15.73644798940512
623.0,3064.9869847484256,13041.958645769464,142.3473703612602,1008.3828341958214,146.04196494707963,20.619143541137696,4731.371217496263,14.59241868509189
625.0,5109.654173363678,7001.4264669602735,240.9251793534077,1365.7241866939696,143.89948425563745,18.118881944933882,3780.121632295861,26.001579889723
626.0,2894.9448116506314,8464.429530190111,200.69250318123977,1165.4304929804598,144.4558130419576,18.50234190354418,4222.718697080994,21.84991945204142
626.0,3560.8805674035575,14004.708402755912,121.04800901945845,556.5559100830963,130.0977414147207,16.45443793117697,3943.107738267976,15.588541087877797
627.0,768.8808385352937,14859.091856104085,195.87333535872813,867.1711635935185,134.83059330643601,15.83869325949092,3419.1848724419087,24.064312669544982
634.0,12336.122289447796,29035.360184430374,126.93251741967582,989.5842294677063,156.80504940220774,22.358824605848497,5866.363472616828,12.900985998554912
635.0,12403.81363661681,25185.89602785991,159.21241972742658,964.4589042815306,137.40434157969557,20.73776589579777,5543.529185718935,18.710461513462885
635.0,15256.53711661338,24853.21712058872,154.2733588186293,625.5075889780514,139.13537975596077,15.196214165585795,3073.2167312130427,20.293641929873772
636.0,7065.07888990491,29482.470590207184,152.71093984771542,1150.628872295165,136.84759773927112,17.399144568946767,3774.8378920017913,12.883822347101281
636.0,12105.784669004712,25261.606303195946,124.56200071178709,896.6270829424923,154.88863457782702,22.129433218869828,5196.431219949781,13.518171295573143
636.0,13216.995151975354,25426.070114206934,241.20500470603625,1319.4198095288202,123.14978999448377,16.97408937353988,3822.0285621056014,25.430556897770504
638.0,17081.190526710547,26849.00366431381,125.37808211393813,3066.8398234225115,161.664010363505,25.476275647993553,5761.0182742560455,5.281131844704434
638.0,18114.66246215829,26889.01430559456,303.5661385168702,1881.0093685647344,136.23752954321318,19.18130948857593,4434.533947184639,31.2566558663313
638.0,19664.260244120003,31911.65489255768,114.24520635729283,948.291270391161,138.86893360358732,26.461152790108,8029.397937595462,12.712772434902682
649.0,9235.33589368581,8578.817716394287,256.7679456355579,4197.737141582001,168.20353473312935,39.89031377294518,10165.47656803794,20.545979937924255
650.0,7110.11141775912,9609.32785132257,202.24443416486517,1075.6654301542114,138.74433499906897,17.43084168932286,3669.764079573979,22.68834602600999
655.0,24820.46214331715,17102.691268570998,135.5249213400379,3712.455904858039,159.98678653215774,22.325749669448577,4690.2342314118705,4.75298977740422
656.0,24816.831414383094,17101.129999599325,145.1084059661431,5641.3806572428375,168.90126978149922,29.224637102739166,6372.907169200603,4.43478485118443
658.0,7915.128478597571,34710.76560484812,137.85383327264447,1942.9620836610027,135.53011797970342,20.419011876188602,4931.176751176413,7.765149752612169
658.0,8855.62650068539,33589.171467163455,172.08257663878103,962.1784614143254,125.376483321106,14.035348775967227,2838.693680384316,15.78720281620072
676.0,33168.940140264036,26379.991433747342,129.89859302004638,504.35302667295593,118.44718523694584,16.342225014372147,4422.904573674524,19.190285852684774
686.0,20087.81943406698,1267.9821266007848,164.30862971535856,820.5181891049456,168.75532485096429,18.912341013025845,4250.313853411817,21.29132266071457
694.0,34236.27544488126,3025.6532845810466,124.2804424838593,1073.0872533870502,127.75327207429339,14.86941373703786,3027.148298083897,8.734333453037296
695.0,34222.958114191686,3044.8740336995256,122.78787220188312,2387.6433404683294,142.12112635377753,24.04735108930465,7195.399824174946,6.03605725282792
701.0,8426.928198316426,2362.0326256509447,165.16922402443663,1180.2090918261777,154.21034457551505,16.244249004087138,2915.488389719163,13.717940858855906
701.0,9616.84246597909,3472.528800248711,296.7656050700942,3380.8882590780395,129.55594319525218,22.200993351198893,4668.629202450461,19.62689945355864
703.0,22135.57534927466,19660.524664389053,217.42582866051075,1337.3552863308576,139.7565527616583,23.82088403592233,7085.091304257647,27.877380630114082
703.0,23506.973238161278,19435.092103284773,174.0297242333223,840.5221601399282,135.9449798513236,18.852261980690926,4669.4388928892095,23.093579744934157
703.0,25546.294585075255,17041.046932429126,170.71297709786546,700.9120305415863,129.8795293511344,15.610143448112002,3318.976710595425,22.47120383056253
704.0,18128.91902782114,17937.186527651174,161.52387134223238,726.9285734217873,159.5061357772026,22.393293688497646,5202.1069224327775,26.773905518675953
704.0,18627.36100357255,17448.644222029852,138.77838515488767,543.7399351815981,157.38993230062718,24.008690456108326,6356.248031923958,28.171732633304522
704.0,18836.019670038673,16367.049020712835,86.36928112580755,413.4350076061925,148.7139809313477,17.848883586118152,4126.789335544714,12.012055821892718
704.0,19808.567625137464,17633.71155389144,186.45077747309526,1323.4705221549839,144.83371698315574,18.0336642584651,3984.5575629563286,16.649222638444378
704.0,20841.43332254254,19304.639406714745,157.06918921588863,1276.408769984195,152.7240910150918,18.175666675987934,4032.746502979644,12.767045528727955
704.0,22669.395598058018,19548.36791454917,153.60915242331984,539.7761948344667,145.94351968379627,20.688458042635876,5213.820983880956,30.073722164860325
705.0,8270.097770595587,11543.496695724398,127.8818973219957,727.7848579045963,138.75344951484763,18.468998153766208,4401.575534324873,14.800647379673402
705.0,12105.607890298952,13730.27392336337,183.98851555181952,1106.788477802756,146.24727237578375,12.672466668853753,2095.6505912817756,14.574751462221359
705.0,14448.577689517679,15581.578755770459,138.30310468337228,1826.904428033628,159.08190870089194,25.14388395597753,6530.483893573925,9.538931332248112
705.0,18141.501955008203,18573.16499292476,207.0528938144472,2210.8898988397027,155.31111206689397,26.27199180490255,6691.79289499741,17.255033889059472
705.0,34436.715386030606,29034.944793815495,167.2067821357998,830.4950302957968,118.32130663876454,14.415411403262107,3182.500768147108,17.435221584344227
705.0,35038.31105794379,30453.206474955932,136.2196162904224,499.54357384971735,117.1239782573096,12.938399509049926,2829.1316666866705,17.553717317287816
706.0,3477.9652127156905,13689.424260353715,226.3115606923057,1965.3873085751018,125.13330341966439,18.334486053318788,3886.8535170382584,16.73715179457275
706.0,7548.07696809034,11716.835730665025,247.63699429343055,2000.7751557766742,154.12671738263379,29.02341297834892,7801.344207662415,29.138486305119166
706.0,8238.543016770178,11540.22092738509,131.18408934378957,3607.343474743968,192.05598236372404,34.63824699629811,8796.814227699591,6.1050253853030085
706.0,8775.477079656275,13713.2132282771,257.03657296652494,1928.36983335376,142.14150926999952,26.27683306932665,7047.193199240367,29.586256240924865
706.0,9157.975957343991,12201.537023722658,218.3859238267799,2043.5399110129651,152.49275886002687,27.86236900812589,7268.54498167782,21.6346959234657
707.0,5853.290741178574,8897.386032917171,206.49318136039352,1058.170614419226,147.06580932174145,20.024461347342623,4616.931181230508,27.015583960652016
707.0,7291.676476152124,6791.21075625176,365.7905879249458,9394.84089999076,146.1012975177497,64.39818020244805,19825.260392943263,29.410436825896667
707.0,7337.413013352662,6747.8852735083,380.42287565168044,12069.306414341623,108.55718552949794,66.49231032147618,21712.524485113914,25.61478830082394
707.0,7759.421738192395,11811.418400467248,142.28735417556044,2894.4905936739196,174.2800773477074,30.094743349681227,7541.317649387877,7.665974480331583
708.0,6931.834506256771,8760.462047357276,171.87793052134992,1027.7240877462,154.55340857843427,18.233863176502247,3685.717369390984,18.238573508109013
708.0,7499.86572822975,8008.028930968421,132.91939086381075,2386.9016342376553,166.09820578893618,26.5823832425995,6651.463569728639,7.360280041233712
708.0,8065.114461652848,23797.35060556941,148.41193969753027,1001.3510105954149,136.48128715340945,18.96566783351277,4458.607627343593,14.802432449841332
710.0,6183.760906416035,6518.616845578738,199.87303058594244,2277.7627595291756,149.83411893739202,29.940671877597396,7723.446357523897,17.610793892128005
711.0,5585.6610381835435,6233.531990525937,237.15898071779927,5989.905958427368,158.8624666188401,87.69356619717524,33006.39910450673,26.328552876018314
711.0,7342.091581797599,5039.382758551301,174.2341390100959,1165.9349952130124,156.95174437423478,21.761951942971958,4851.704076337578,19.31459803230312
712.0,11914.357442372384,814.8258617202298,315.25470939755894,3052.4377694225172,150.49713300295872,31.690005577147787,9063.818533540445,33.528975189037986
712.0,11929.964631589799,740.0229213616268,383.40227250840564,5077.084804952721,132.36251679233354,35.16686419161957,11502.419635765958,32.99926017566223
713.0,4458.4439495609295,2398.918283594548,209.7662172414661,1263.3778829496384,144.04257644542426,25.00247947507823,7100.427018795527,28.725935030179684
713.0,5046.33093458071,2811.11718635197,161.4129271081972,1170.4010155802837,161.8143371810648,28.609488370920225,8022.255290586902,21.202565913288524
713.0,6027.945259117486,3467.4448612669735,117.99326508777882,574.0265219371026,151.09762956189522,16.242209783679346,3670.514716483636,14.36853820544827
713.0,7679.287051831115,4467.386537883256,181.35916034573745,1186.5273799672918,157.53025251789518,24.03092538526497,5947.68065409439,22.324188662671848
714.0,6695.035398349455,1782.7338122846006,287.26261151028194,5870.706132215851,159.25172623349584,45.3916221188731,13097.769771079558,20.812756467466482
714.0,19043.82642445284,8592.488032779087,148.80535409718124,1465.4683481138088,148.64213160920735,21.188454275112186,4818.250551264256,11.556612622299143
715.0,4089.469128358692,1915.427328529032,182.21125574136175,3035.2595323076193,156.03968487342797,29.197872971733698,6172.285917796611,11.134425005985227
715.0,6131.284007490376,2057.8442375202376,173.7336277841868,5392.968135440015,163.44033530265872,42.50641399880148,11450.345063175764,8.237034764535268
716.0,4073.685389858001,1825.4728529616557,211.75425155248513,13443.033560075286,173.6950586004203,61.96170386343026,15332.771491114736,7.020850237167731
716.0,4445.89933423797,40185.08897245641,141.13829906846223,963.6779912418397,115.86831695303616,16.449649049344863,4154.269080416845,12.588434651178213
718.0,13640.17815177768,33862.95831879461,131.45168969678548,1018.2232531999898,140.2253418639622,19.448407880469162,4886.769139132673,12.012520016644789
719.0,10059.360471550655,33495.976621855545,241.04615879372994,1289.348156083164,125.66728346588795,18.654470418615155,4132.837325148872,28.183389662889773
719.0,13134.221739496561,34781.493053557584,181.62075187935503,784.5458558678916,142.62832604678295,17.546825518879082,3816.928997594773,25.057194904518973
719.0,13836.498522071319,33784.56737911666,125.59047389853454,1075.880894686965,142.207527666596,16.615198967753436,3549.5666582711706,9.500843558951482
720.0,13923.276822454709,37388.2138794932,205.83937719237045,845.6182833865246,127.62387047421096,20.74969490924246,6004.610273924495,34.31137311915259
722.0,14120.834344264704,37483.290330209275,146.41712092810715,691.9511539657212,122.39373450074528,14.759839348388997,3379.4490506584025,16.519521286027317
723.0,20923.91283389329,35852.871578916594,132.25279039169644,625.3044641890731,127.38123202162927,15.563384709397381,3768.9463100259727,15.739009858801502
724.0,15292.767469218405,664.3555597834619,171.43101638819485,2680.3228010240596,172.64523010012883,41.60456982123778,13451.29943109238,15.152280794686442
726.0,18564.96099691746,16588.545811151806,104.84456540445014,508.2983148716678,138.2324143997875,12.728666152739311,2431.866767156856,11.078115369018537
728.0,13762.545046800848,13231.554340508432,116.74270290033925,719.7032085894937,148.50418023942171,15.584038648097852,3253.6498967980606,11.286311761083345
728.0,15190.12661140408,11874.005270433121,137.69709189952957,1040.5821803495653,156.77540389454032,16.528277959707907,3251.010699399034,11.341673836301167
728.0,15869.763001508369,12667.996351898313,103.98254257712735,583.5349012869985,166.5687575564832,23.866987464351666,6372.481175484565,15.332711862866248
729.0,18887.749514480078,14329.176101283212,317.4247111179741,4563.685535722902,133.6630781895175,30.129393335788247,8319.451594088332,22.011865652640587
729.0,31709.100083079345,12931.61637867419,161.97874973503843,923.9726468274334,134.23148419802433,17.032830876486347,3655.6039605384663,17.07721028158995
730.0,13871.248927204346,9799.095279130835,291.2869994297535,2562.4109922943144,136.05469223769538,27.565263798308465,6501.7005027635005,29.921370898695216
730.0,19022.090321264706,14713.041697030787,328.5751474377261,5969.166530709974,135.8252597533025,47.37873021373742,15710.434458255302,27.686238228139345
730.0,19917.38774712608,15506.49021881672,325.05317344305627,2261.6902561548445,135.69211074600454,23.232348333096503,6154.486071005839,35.5729762094453
731.0,23576.667251320658,12252.685706708839,122.61330110133193,723.9181798619564,142.05022005376722,17.06556351917869,3570.218091928603,13.012124547957148
731.0,32639.99897832803,14249.140246616005,194.2031772549393,787.6369891729354,120.00482580257315,14.797038089266042,3222.0362592779024,24.44421790512117
732.0,32077.910173553493,12744.036637542442,234.05552632764426,1315.0395118371857,138.79752810461108,21.850981835473153,5566.169124319901,30.14381130104693
733.0,1764.9600971091033,23256.567433628752,166.49310956144092,1296.589234424379,126.914866245692,17.21751018013347,4422.080162194318,13.382181530701803
733.0,4098.0823910751915,22314.31876527601,195.32485337867226,1094.309966362913,137.98249423355844,18.573265472164255,4394.416762101373,22.10191773474211
735.0,3272.1837295383452,13347.399034236847,118.39338673341697,916.3996035402427,139.29468186950533,20.6522969220188,5506.323579091075,11.493164067343002
737.0,1863.6319747542834,19294.159055863547,169.91162575533605,870.7435197990555,121.68892376294825,17.531905031295803,4836.468557677611,20.11554004780977
738.0,3019.598758857767,18181.02379522024,122.92679671607702,525.8794375193625,138.19847101221595,17.943056847592675,4719.193959726172,18.04849898922579
746.0,4657.626209583589,15869.299003175318,193.85598127987765,936.598992432483,138.82467550664563,18.699226227263143,4249.686753987737,25.340268087566248
746.0,30428.793909871903,17165.407258504656,126.16821113233611,456.7732916105205,132.0057868144433,17.22962708390527,4173.350322723061,20.80227303801369
747.0,1214.7177271276864,11092.280000303917,144.93439470325768,789.3509101252312,140.94735694983643,16.324208610209457,3295.2423044575557,15.604556359295419
747.0,3331.1724815692305,12372.930897025211,150.50724557424445,809.8852241203012,141.80313290325455,20.400954891666437,5699.2742259112665,19.55073270274435
747.0,29515.847533252974,5228.181018345445,123.26675351050865,1498.576522696465,148.8433762396011,20.434065900289184,5296.82434910397,8.02249459753743
747.0,30087.6520617701,6483.94502112782,209.76112833089948,2557.350124759384,137.75591556504276,33.7322155247688,10253.874787428498,19.237667076492546
748.0,7457.01427076462,30590.77563401979,190.54924035362444,840.0732374663348,123.45411063292862,17.363384892261493,4296.914625040121,25.472502791624887
749.0,699.8595562022977,34265.470966836634,239.91387242722152,1073.9742313658842,113.36572135257641,18.857308460432254,4970.871720392405,33.53436311788627
749.0,7216.881006735422,31306.701960485436,166.87627573059547,1918.3387633757545,131.28962112495358,20.492461849496188,4912.014549591755,10.867696782228514
750.0,976.4335383635099,30958.164068104972,204.02153238075965,1279.1111963928115,115.28742516807492,18.48233512686621,4691.738097008746,20.648325446108583
750.0,2654.062953396785,31129.973367372993,222.2988466893427,1311.2686095207039,114.5012613477406,18.51103729953407,4595.763675824466,23.68093451745787
752.0,3645.0750805821813,10499.367611632284,106.15974109614598,430.36983250800597,133.71154973449853,14.607467995442155,3110.2564028960496,14.238357708883864
752.0,13306.066557238924,35643.66455681988,107.28465026956589,567.613573584773,157.6910981586582,19.85231624702689,4919.178499976035,14.330866671677928
752.0,14759.724675132416,36526.0231879055,126.78802050116158,1739.0771421460408,140.26768405312694,22.370093710368206,5491.126979982377,7.88701917049061
753.0,14741.144196461833,36536.64856683662,165.8117512400874,8552.071284352925,170.36171945175641,59.15051475051933,18897.178827937194,6.528749024902367
753.0,15270.732235610076,20659.791497032355,134.3279971457443,3602.4871249898283,161.02445854827147,24.53257979064588,5362.894313855504,5.060906134339227
754.0,14739.19487072369,36519.975898470584,122.41324200681753,3300.328498154929,150.14894641630335,25.524924592055207,7189.919498474786,4.803343196444768
754.0,15256.917671499476,20627.961605745637,141.0141985827815,577.4254476904919,136.55214410524252,14.617053406047654,2801.151769920556,18.011698537572563
757.0,13085.15603343984,40073.25171994301,122.40995197406839,2656.017127530973,144.91283791881028,21.13278699432522,4947.116723548895,5.119289778554475
759.0,1279.747790846137,15690.48883456708,166.34232710306733,690.8301990054894,117.74868238746511,15.222523102959686,3517.2977959738146,21.277158706606063
760.0,529.2365511174035,14762.629202187503,186.377698165089,3095.316285548946,137.78810088854183,27.641601191130764,6398.424723067408,10.898939948588762
761.0,679.2109166339341,13879.255171856214,151.8275436781969,1152.151373841669,145.8186828286418,22.90811241462091,5901.747963449814,15.832889842613078
761.0,1279.318325560488,12056.881829222839,271.91146853365234,1478.0764455108924,128.05575204394742,16.67743951654306,3465.0730208226887,28.166159874967764
775.0,8426.966999860017,7651.346581816187,278.06562916040275,1502.9101481707921,137.49207448416405,14.386944144073622,2647.0964670783314,25.474136532580097
776.0,20390.512186044576,7322.947661819494,169.13049006221823,702.9548462475158,155.65597428787572,15.780566891650656,3038.3680135594823,22.233431370024284
777.0,14298.303457004318,34173.822439857875,199.3919591066704,1077.0013181005713,127.44041032007172,18.55122721309134,4638.325874660345,23.280967069647506
778.0,9819.266766287043,3628.811529921573,268.2764311728643,8246.87093184626,158.22632399875755,68.01572104046248,20915.612873369868,19.183074732895594
778.0,11457.316394954702,4502.117375796009,204.5082307627581,1242.1323388293426,145.63683095560694,17.7725574356779,3535.8397440547897,20.616500466024355
778.0,12543.778662336072,5869.630861810666,169.0629696834149,1168.502669347901,149.25318762716452,21.872427449240305,5242.246061526944,18.310771521672542
778.0,15798.264947647584,554.9970648225443,238.36601053546195,3386.3019239979503,145.45042343685733,33.96187848302105,10170.074791841524,18.894333613501185
778.0,19754.529524079247,32153.580066489336,400.1129584498256,4581.616118935215,107.68108772723039,21.968865016023017,5525.971874839407,25.615420678458285
779.0,8009.072695406762,4514.554910044168,261.7322081847872,2684.523637215847,153.1277485941046,53.227243316768984,19504.695593817887,43.4264490445389
779.0,8249.99497621933,4198.558247606131,144.11099558383873,1519.845039863331,180.5047336122045,53.0211534105155,20373.272783287277,23.463822335058598
779.0,9803.546427396597,3336.815950475139,183.26365276611781,1308.4677378029005,151.90249699580875,19.30606406432135,3909.615518684059,17.235744755259
779.0,10947.44942897989,4046.7388775097643,217.5516726380371,4846.42160778725,162.35063508750994,46.13925943371634,14047.125056587738,14.892952791577208
779.0,21231.115589264333,26949.18082635613,116.99911562269153,883.0047077800804,138.040892301963,15.121654038891442,3230.2232529867833,9.38206215662154
779.0,21468.336805953095,31187.751216922097,140.74872775396744,3631.2578556004664,146.35448643582967,29.45248894946229,8048.917663898274,6.095639180270087
779.0,22889.330707084893,29978.14815429061,302.80310024235223,2396.5695907965082,122.88972691466341,21.739114583939813,5400.1832613144525,27.660134312667324
779.0,23251.60591569293,29428.30970352835,257.1297606792666,1732.935568590784,131.36993726341268,23.201369846909955,6388.6815569134,29.2657587705273
780.0,11477.97169547388,4997.329107585781,207.6757676350078,4963.061508496371,210.8089679324436,71.92469157504304,27052.589914649143,20.15377177001242
780.0,11888.565769845225,4080.106368843036,142.18368811801594,2843.080368169789,201.04308797576368,44.24682523236233,12985.503595024249,10.647553979961275
780.0,13622.328289797175,2826.5278884646855,168.17455712914983,647.4183497372504,145.72861291757977,14.411167764024118,2739.1091659685144,22.014583261617002
780.0,20660.51307657036,31968.951171992314,144.66596920090365,654.1960863677766,130.60402394136185,20.60537059860707,5390.491895312884,22.342211952069565
780.0,21188.657927638505,26973.363601366567,123.92015977435625,967.758668282278,135.73132721596062,14.624795902144335,3160.739924436465,9.351478759328852
782.0,8916.568740276409,37049.623612127936,308.05619041593116,2072.248630740115,126.8418320615876,15.354574741031733,2905.7564490774494,24.169087602377534
785.0,13029.5262010942,38352.731247330434,336.80702114308195,2981.0040843416264,111.02560728475862,26.93350447280806,8645.647263464562,33.48324602838857
786.0,11165.924558955423,38219.557722660094,162.8490029695937,768.6584780223784,134.2008819396407,17.824008379994996,4409.98951163198,21.15876874778805
786.0,13113.66740061598,39179.525695033226,119.92525683019134,1943.9795453243885,142.3035455315592,24.68672359337873,6853.384694656047,7.002968544699304
787.0,5782.436217261081,26892.9323051878,139.1627470882034,604.6893259041617,133.54464046422143,20.360966655105216,5095.763366646046,22.14213533097826
787.0,6709.790384421039,25669.743050833316,161.99924331757856,1011.6440432518132,140.84761164160287,16.48238203478378,3258.685082882841,15.353145345574317
787.0,7223.518014664532,19109.202361055624,184.86512427709516,1147.0052374813836,139.1896869391944,20.66732425024238,5062.519307511693,20.93785666170888
787.0,13415.55897382182,39358.66512557138,142.9545056437447,808.004834736863,132.21288992374386,21.443284188231452,5921.009256593368,18.590342157306313
805.0,18992.13262005234,12199.972677895601,150.6577364058785,6779.963523749252,184.8928163891541,42.568593449901776,9645.232122117013,5.214999575121406
806.0,16442.073058057533,13198.406413456347,117.91772385531236,907.5165510408048,149.14244758771295,13.49058906885522,2324.7016587287853,8.685492524148902
806.0,17116.18019069042,11798.146383062018,155.14515798538923,765.9092977973141,150.61377559580913,17.507020117412363,3735.590743637505,19.145131121486397
806.0,17215.90195845761,9802.33039113156,307.0934688371168,3779.1788032975096,136.96721151999122,26.87344680965364,5851.774882551622,22.305610617512563
806.0,18998.763901774302,12176.016058287363,146.41331880777105,5979.813685330596,187.31286335698542,38.346297601317524,9454.903626448813,5.1291595019940095
809.0,25339.13453215054,16707.653444844505,146.63704111731934,1304.208728472551,151.2359484693752,17.59787223956295,3894.154951417417,10.875386172379697
817.0,3020.8487558590277,32058.433587655378,178.0639109531347,785.2508220550761,127.73466831526845,19.59006823867089,5417.778024691857,26.56047121106233
818.0,5646.1102639418905,30020.141049613292,119.98268365976882,588.3755679656432,129.73078441795244,16.826540369539725,4175.6331950376125,14.866572438163159
835.0,19032.632713048275,5247.553844999991,199.820616694095,11059.784768840658,210.72124476252029,74.63165019538708,26836.591575386745,8.920840812575149
836.0,18873.154170460763,5139.873347504019,200.60338179853537,2124.579577126598,157.64567031698786,19.216793756367377,3229.220928100282,13.060718214842282
843.0,4158.546355758087,40106.72701636093,147.2209951674078,1935.3929480722206,129.36031807879374,20.44810639236958,5711.138652198697,8.695783559212742
844.0,4156.445512652504,40086.34658277512,133.7361172567077,2032.1684279689662,125.56253292811203,23.797790120242635,7451.424590957463,7.889851550904175
844.0,36205.906858284354,37729.82342657093,117.18697024905558,991.8411660825213,128.57567759436262,17.870214098487683,4450.5273208262515,9.522418495716485
845.0,32080.172509787397,32980.84517057597,129.05340184953283,571.8601358099303,118.42917189663096,14.339459930812726,3242.460023144473,15.340010322396907
845.0,36916.12643319351,13161.690765996922,110.17064926188371,821.4140008902094,125.69797166952716,15.094583594739298,3352.1799301276815,9.031866174460882
848.0,23114.874775473043,28044.309337596715,118.15062385116872,604.0012132182644,138.1151915070734,14.398303684135314,2946.423251393,12.641155505348243
849.0,25052.899937977876,35656.88902404055,138.81852093868497,571.5629799670028,132.3129491651584,18.603693127482163,4963.377733972634,21.499603901807735
852.0,35542.81550576482,36131.67890911849,147.86965582549377,606.0753786693172,114.33667158256497,14.561468001751601,3360.1297850042997,18.70799377592485
856.0,22621.73597949137,11270.752111158557,244.33461989480745,1313.6378098339162,151.11816286737698,20.44077901003414,4873.105835652621,30.828247069295294
857.0,12845.046527203152,32706.737504606936,159.87091424454036,1570.8049195797005,161.14342092820974,23.76766191828156,5559.945668318366,13.511592664864983
857.0,13744.544480061031,32601.69066129904,113.28779263232062,578.5548863572119,136.5543753393971,18.30260569339623,5337.999980428434,14.556212660434378
857.0,23723.113041834513,15183.857666549782,179.01285739911327,792.914905921752,155.4670803242619,15.950044906097023,3085.8154363119907,22.284185100863926
857.0,36351.75593091517,3171.1372905717694,171.11105212331194,791.9110311578669,122.23503462116895,16.363892691143786,3898.1206223244817,20.988148099679137
858.0,12646.452444715871,23677.086688460415,116.42538123265112,1227.6583934474759,163.55833678648594,24.259870299005076,6527.049037152623,9.753268142340925
858.0,33799.589438431816,5635.243207340593,166.18974660802692,9198.300923157303,159.7742545017321,74.73712616593403,23714.54828450487,7.503176169747929
859.0,8341.195978274258,23620.51482598215,148.94931677232435,779.2345082485081,142.0070830041655,18.68344101078956,4624.398194609988,18.464862805562134
859.0,14474.103435161287,22270.414218226684,121.69939537338782,787.622616400799,139.2284636775326,18.719978658081686,4418.175718171862,12.785657376614544
859.0,33794.64567375564,5633.614003070948,160.71791305255536,8727.78540418281,163.07726535121796,78.7501062241983,30037.578988203502,7.756343339697892
860.0,13045.684589174083,19945.996699395168,120.09409615564276,1903.282953203365,173.9102706280595,29.513509953047805,9295.933713989793,8.123209268157446
860.0,33795.598898655444,5634.548478649812,166.464793853499,9320.275893855884,164.18527918039592,76.82371254493728,26059.090906631893,7.618175351069973
861.0,33796.494399352974,5631.884402436835,162.48932651556356,8868.747716859163,166.9714723066659,67.34597168377466,19437.781848400802,6.793624438022385
862.0,33799.49978492168,5629.181423051734,165.91766582897145,9158.638089750775,173.87599822976966,74.17697388423478,23305.384835105255,7.460589161491987
863.0,33805.737248049656,5630.908812923196,138.03805249889362,5917.2262092203655,163.54573348011638,44.83117769691814,12672.3667229624,5.2454932141284205
863.0,34366.547384777456,1454.7452142692653,114.46616762933952,533.2357957135255,122.96571744767579,15.432294451459587,3764.6164456616866,14.001491490575608
866.0,13003.53985666602,7751.081380967025,193.9182496811265,1387.6648017174946,169.0824474564808,28.579789108706986,7949.1754151532205,25.534725703383433
866.0,29385.429875692902,34598.19204981545,123.36548846290354,1392.9455590247055,134.35758364053137,14.870438424218202,3069.9854197232844,7.043167085644244
867.0,32209.325016892268,28020.04911834587,84.94944794081637,338.2261155278793,122.76356997440543,15.429601004007612,4211.146926136891,12.515686393227258
867.0,34677.92482830467,28494.468967123867,96.40888716867177,385.15638313831965,117.91844940113039,15.605734402994495,3934.256184715091,13.954594189890784
871.0,20207.737834222567,6225.110574895093,139.16022244979868,703.0783346654314,144.5425835557586,15.54638371084779,3201.5686257066964,15.503938799025525
880.0,12976.20702040339,39197.61134167025,144.35242266498125,5591.077606087596,163.4028815077824,29.643325533483722,6125.825259515215,4.468188695995313
880.0,30935.241827838458,1748.3920041780352,153.44713887517,1194.9290294231334,132.4045993527041,16.927146158585785,3631.198661922049,12.319710312078374
881.0,11795.930646334766,24826.032323247648,426.61803513040735,5620.764810571361,97.13962262219884,20.867575270796827,5323.858528252459,22.782250799113246
881.0,12967.40649131732,39186.928251300094,145.7876695806145,5971.707346869509,167.7640036939203,36.7913569901492,10711.400580544125,4.951471539299778
882.0,12970.159308197917,39188.1472851004,143.5992442946039,5696.638936066436,163.9961281877724,40.835614923779595,12215.553071139453,5.415828849793142
882.0,22841.420466240215,24214.437245381247,255.16215476615554,1559.9359003914342,144.76863734994538,27.905030453155064,7799.719020148005,37.859743589428625
883.0,12966.415545358157,39191.64407191694,153.31708010594184,6416.815125890466,157.32255006509396,37.04677632731477,8208.534674390077,5.095482388440087
884.0,12975.786202132265,39198.29804672466,130.94838050340502,1118.3493724045977,131.02192592707974,14.719065438517916,2756.504846528297,9.120558514642495
888.0,37902.27671580017,37652.130062526834,111.25674046075721,565.6310273300901,107.411707118024,16.091275268684893,4677.137667207886,13.067675622799982
894.0,34987.56204536643,14910.428520311158,121.13666026560162,1651.301462837771,132.33188331454645,19.426765219530576,4827.456868567453,6.976829813755502
898.0,7843.157879761502,14564.380069974679,236.03720160820419,1129.5890316866755,139.6771440054636,20.688604870856196,5330.707803403738,33.699031966224
898.0,7935.941695022325,16151.527653107503,235.8423787974905,1738.017349785172,138.52671860502116,26.140371789245634,7439.011463046492,27.58550570702115
898.0,8882.544763041205,14651.467744214578,93.46610503875894,413.4309382597449,149.6755951410085,18.746803385826645,4285.369082027492,14.260131288468415
899.0,9505.397179234755,14490.053512634706,155.3714034432158,1539.7151674977274,174.72885037204748,31.192207084752837,9456.699161077126,16.44647391446317
899.0,9516.164492967384,15166.121242494812,214.95254155712516,1646.6109919304988,153.10899730579447,27.24152860950351,7292.728201485922,25.264486241091692
899.0,9706.554368011079,16325.731610116609,203.97336794295865,2124.106022411069,145.93065746056936,21.030357483229846,4258.26367257801,14.451733972187983
900.0,10289.772192497028,16557.831090066633,313.38841225494525,4796.130965257703,134.7516414196808,46.44054460033821,15360.47522037644,30.666864395384547
900.0,10802.592442680832,16686.009590473102,174.328398238062,4748.785790010841,179.4454446942511,38.42750077396453,8489.088354134446,8.565360548531622
902.0,9182.76239523879,4827.076648221495,176.15548096876003,1253.2984787226426,182.38034893189072,25.309828432594294,6435.512143950843,21.014051290173434
902.0,9790.000700712693,5356.469598018694,335.2825822588023,3231.6896058243365,131.54848899928743,26.477544038745197,7268.337640047068,30.224641293240452
902.0,11216.422713916545,22744.86958923861,135.43015561949446,1276.8579825224126,146.84362875577742,23.39609722580583,6068.003700162895,11.944054469054187
903.0,10909.639059778085,23093.912014638576,169.97022914772552,1685.3685053438783,141.64653457360487,20.263313053300134,4738.735370952694,12.468934744614836
904.0,19329.122008687595,33564.80200827527,141.98906968250952,1174.009013091962,165.17412021115072,28.924826573261587,8759.329948770946,16.77560402329393
906.0,20874.506948096176,34965.86471380832,148.0326350873871,571.1376736292475,124.71878221209846,17.17894616007487,4535.740954020862,22.634691419127545
906.0,23020.263633625887,34305.41081787753,140.80518449685295,633.4875246621848,127.9237878651217,19.35056086994348,5325.107699131446,20.74924863496254
907.0,22635.74597330746,34147.295950122454,156.91559265300285,566.5604640638032,128.20666481371626,19.61183349476477,5295.734533031963,28.51020418297451
912.0,17810.36593570901,33144.190822882934,132.71185783662312,1901.1011586876803,135.6314329616384,19.6618928409028,4263.80106314901,7.254134555970504
913.0,14320.959245040833,34112.70973835963,312.8438721057643,2092.3380732358323,120.59014446781931,26.61981709660763,7954.135164816326,40.44643174370004
913.0,14447.929720366208,33786.327476718405,131.59397249038503,569.5647660299948,146.37929202978728,29.561693234399304,9222.99113151278,29.454922895207726
913.0,18062.6557374434,33375.82255930453,158.0830290628982,972.0115660645387,134.69100943693874,14.537430397789779,2926.0445821938642,13.873011436600313
927.0,15518.776420256967,24848.2154679848,158.7050956094267,775.0221677130759,139.42970202813137,17.87718234306192,4326.979804186429,20.08190111641896
928.0,14891.628073880547,25418.34227831655,199.39969803308654,1123.972747818142,144.6692659626807,23.967147324234816,6497.31785758613,28.057559922167272
928.0,31604.543488486634,24883.936334156195,127.66097362470985,2699.4570633755475,150.94487822761295,25.303566945655167,7110.462223482591,6.004581728774767
941.0,14306.116776504427,35999.164069989085,116.31561735550558,437.49269050973993,137.05616445234446,16.081060681050854,3671.094462291491,17.67833519508107
941.0,17135.274830008842,5546.133107658254,105.44498716850286,467.2352208013303,150.71624900910416,15.80926449421487,3181.46751688889,13.885414565906903
947.0,18003.738981113805,2930.3846105488637,911.4341973605842,59597.33103691786,6.829697390287399E-11,40.9631532603266,13129.352433956983,18.762025297802758
947.0,18084.05188000073,2778.5388644926065,372.87837960784594,6244.969877307158,142.35651047020633,37.66297315778641,10314.250189902885,27.27406638809777
948.0,19152.194226517608,10546.363306184767,170.21926224535446,608.8353957173163,167.26639436909838,20.15668844015887,4602.013371426859,31.83434674194266
951.0,28673.036025576268,16883.455292585044,109.10571915945941,518.9629040721951,145.18360577819263,19.404535481410807,4790.9227002407315,15.712798091594458
952.0,31020.645263055707,11427.282598173662,288.5386455614822,2020.8766713546925,130.02232161215878,25.48906098750277,6227.19998834725,34.345837136523265
956.0,8986.79577678149,9603.92785448253,191.63006552694705,2909.34000598374,174.26554926312912,26.861698800853276,5703.371768472748,11.842740340345086
956.0,20692.419653951263,19719.540501174753,199.27095531305235,1701.5691217326832,149.0757960129921,21.081798720319952,4511.926178050028,16.986310771442735
957.0,6700.746141740993,15193.203207907469,152.8060153539959,564.805410652752,147.83715853124187,14.37768988755483,2757.547791353247,20.919830051945272
957.0,9116.760843372143,14027.57356759283,142.2297922828138,581.5289234003217,155.85368972029684,17.08590045924251,3793.3446793892863,20.60060010530045
957.0,15789.9846370302,27366.329658584815,138.9065669494147,779.4022238909204,153.94409690689594,18.183987638911777,3816.7309682152727,15.927233133670983
958.0,19889.259764276223,38376.72307118063,138.89012368457287,1587.2528695394433,143.93484570917408,21.843146665797395,5328.378386122314,9.782324958320185
959.0,20528.628969715075,38963.29003011596,147.6868133469199,898.680731348143,133.7778570526195,17.814059288630364,4164.6301987575125,15.38571250132993
960.0,16168.889018300386,39833.70806220805,137.8150659475135,517.8252695126098,131.27484999591582,18.21952168936227,4655.239664548176,22.8337721512925
961.0,21053.158841160424,37322.90814217968,166.50414290345768,1558.9625220806645,138.6754192398054,23.856594119945164,5722.328708964725,14.691885843896905
962.0,18780.37707260022,37283.05093453283,205.76249891411547,864.8500064333501,135.24305294770906,17.115591372544802,4036.6866788256502,28.25378149330909
962.0,21571.699870805372,35833.18163750325,133.47278774523812,775.2038467403729,135.4804095168368,21.698173607843636,6384.446881731018,17.200867102031317
962.0,21981.263194095754,35218.46277490978,160.67104689328846,599.2982409226962,141.070696052478,22.185841843766944,5684.5929781965015,31.58507121754652
962.0,22426.29677249167,34167.17709586828,171.09337138731374,1152.324148992789,123.97468993093091,14.494459377795318,2921.375276977044,13.690047745494272
962.0,36412.75199732657,27417.304634765882,221.60540501446962,932.1789528612034,125.85547341539356,15.335203767195352,3339.549873351534,27.50415644715664
963.0,13762.35315385341,4039.4249386774036,179.79479252026493,3088.118973599225,173.71670088093677,34.14287831758585,7835.156909292263,12.1904506682762
963.0,20067.498914662563,34276.879812033025,249.16709513577905,1615.8597498600222,128.30125471705776,17.98883382806892,3728.842333163121,23.51707349280389
964.0,39840.306847644526,27336.09895279157,128.12361796871667,1256.1156518393161,124.5431445359437,19.704098865313703,5506.6178919969325,9.681644368462404
965.0,39837.65091736032,27341.56856693476,116.53060148445265,880.0413916446804,118.44316193457072,18.536307863082314,5297.017871919455,10.704381097821301
968.0,31777.01962268716,38267.735574365324,135.0551636441437,654.5410876817868,128.51014967896998,18.216071314354235,4648.421596595334,17.75163982163387
969.0,31743.88589743667,38267.56664509485,132.38067316033172,677.2420366055715,128.42630842714584,16.323468700267135,3919.708318829065,15.23922907766441
971.0,5908.116294869916,38242.05577348695,176.44027580602997,1317.9442896126527,132.29326555333134,15.235064915162086,3036.673151123676,13.326129313513398
972.0,7196.880691635399,37326.544780742595,192.5746601364699,950.5903121920776,121.34335169952291,17.56725347338006,4913.7979887989795,23.391957364744055
973.0,33748.8777766516,36910.16706452618,114.4725066933751,484.44145052060793,121.45158038366344,16.723897467806868,4248.189921289189,16.183048794018408
977.0,20877.04547382287,33931.733767979844,122.4837028973162,751.5247745994565,135.63756534961163,20.137971103640595,5960.799838214706,14.261368647167425
978.0,20213.710588176866,32854.44329248598,233.40814283687635,1953.6372998918148,142.5921396261477,26.09695626079386,7551.41441062005,24.152729690676395
979.0,18357.26585020513,32235.433163971556,235.86127905324383,1236.5199109354865,133.86703822859545,21.36793609994721,5302.591821769919,31.787234707087467
979.0,22018.621756332264,34947.84311147914,173.64186460810302,899.5437134178561,127.27014090642602,14.783992528206209,3271.375301101846,17.705895529841584
980.0,34418.60147507349,16822.621946162468,205.5497823907098,1267.9942075746965,130.57607508310315,16.86272938452355,3848.6715593449626,19.548977340080803
981.0,4183.348525707807,16818.193417083217,128.2353165970216,517.637276506303,132.83376552740629,18.134068210935997,4747.896839542806,19.93818465584323
981.0,34584.441048990506,17796.90756693838,137.0570910606135,730.9293728519591,124.23774251476985,14.32323711392783,3129.3653327874417,13.74723504962918
984.0,12989.839896458388,22809.475655936745,129.60298651415792,878.3447198337589,151.102530457112,20.71382561072354,5031.5370713786015,14.022666296645198
984.0,14209.943700387346,22863.39249096382,213.07247012508347,1039.3733147155942,146.30350394848847,13.801524422362878,2409.709407077249,21.229351856522072
984.0,34244.08523724988,25179.002800619208,134.90562286338906,753.1949400033127,135.10491227894371,17.285166097958502,4058.3546763781073,14.984754802145298
987.0,32437.194345628835,31536.722730778205,114.16387883305404,1154.853952222655,132.39453636555396,16.725866447292386,4131.907889177729,7.734249238666232
988.0,8222.227556987558,14015.284261887575,215.8672407967693,1358.8834534529524,162.28999189322246,19.253133718979427,3936.652534732605,22.43827827755355
988.0,9297.898197794559,15453.782616623494,75.43860653735243,352.3993125371331,156.06951955009242,18.80783463527612,4432.188494434164,11.401277447724715
988.0,32447.383168462213,31514.03280636222,128.95464462864317,1897.7347622264626,132.6336428125789,17.916257828881346,4004.207684971811,6.567986086687369
988.0,34400.82053515335,29173.095900041073,110.17324433068521,2318.272958315474,143.47403154476834,21.125646922731207,5124.879004777133,4.852162469625483
989.0,34395.18436857639,29175.070691401583,151.7270712909224,7583.560494886642,162.62386019874654,63.089781700868556,16743.86568749232,6.543208040511816
990.0,34387.58747247441,29173.852752463798,145.1855039200033,7044.228045904799,168.0052259299842,63.333409194983076,18104.11734403787,6.479929380019078
991.0,34040.99747140905,11003.601764135736,162.10582962762305,713.0070162257886,134.57750373870925,13.604457547918129,2649.2823744252196,18.071911439837102
991.0,34387.2846719052,29181.817932212565,151.81181067424163,7538.3909453877295,159.07145880064883,61.09418724813951,18012.818284482004,6.4090939217651135
992.0,34388.726282643336,29178.39000737239,151.56806351453483,7543.231168655317,158.99723803686118,59.593803979529255,15923.013445378749,6.254334451183946
993.0,34387.37007303399,29177.790671684426,148.089383194888,7238.995175736673,162.56859071887737,58.42152361403903,16774.464862620083,6.1229780808996646
994.0,34398.03973307395,29172.944377618667,152.04620246702973,7585.7197096999635,162.08146593628842,63.19882478169214,17229.06317756272,6.576571932666053
995.0,34397.35125792804,29177.59230502451,143.85660482329203,6903.799381056981,164.14133321791823,66.00765622851938,19213.81936513348,6.7246347825156745
996.0,34390.52925018087,29174.450106101995,146.6214299053372,7107.790688000749,159.26593368445904,56.43304420086444,14716.434595691693,5.942036462919977
997.0,34391.04031615472,29173.031115225156,149.63355811367956,7432.436706761361,162.34270606640862,62.15605337236544,17378.430449955642,6.4158808217565415
998.0,34390.786612899006,29174.728427817667,150.5714763534548,7531.676403266984,155.46508365857275,62.256121324292614,15516.488333453872,6.41980591091319
999.0,12975.439401967647,34980.45466240839,133.7523137335608,712.3569191275099,130.6138010208632,12.562055693684282,2158.4067341550235,12.333909490255671
999.0,34390.40874606103,29176.30712484525,152.09595154927456,7644.020022796762,157.85651509192317,60.61344198877262,15428.376195020574,6.307086118059532
1000.0,6898.838869815349,12424.50434118892,246.56714555290125,1807.0346181438315,136.83349362834767,26.54105005814071,7863.119115953757,29.344817569800885
1000.0,12966.29491306254,34985.77198383811,126.13085491253217,1405.4023097002682,135.28570814118376,19.100616524680884,4490.7930964631605,8.403234121993027
1000.0,34391.76383124782,29172.55209676559,154.3651305085286,7680.878777113459,157.54964862229141,57.644178845133425,16823.140633008214,6.186431826083421
